"AI_Agent_Api_Name__c","AI_Agent_Session_Participant_Role__c","AI_Agent_Session__c","AI_Agent_Template_Api_Name__c","AI_Agent_Type__c","AI_Agent_Version_Api_Name__c","Demo_Identifier__c","End_Timestamp__c","External_ID__c","Individual__c","Participant_Attribute__c","Participant_Object__c","Participant__c","Start_Days__c","Start_Time__c"
"Skywave_Airlines_Agent","AGENT","7e73d629-d8ed-47cc-a52d-f67e92978c3e","","EinsteinServiceAgent","Skywave_Airlines_Agent","SKYWAVE_PHASE_4_5","2026-05-27T19:00:06.000Z","ae73d629-d8ed-47cc-a52d-f67e92978c3e","","{}","GenAiPlannerDefinition","16jg8000000P8QbAAK","-7.0","18:59:00"
"Skywave_Airlines_Agent","USER","7e73d629-d8ed-47cc-a52d-f67e92978c3e","","EinsteinServiceAgent","Skywave_Airlines_Agent","SKYWAVE_PHASE_4_5","2026-05-27T19:00:06.000Z","ue73d629-d8ed-47cc-a52d-f67e92978c3e","","{}","MessagingEndUser","0PAg8000000ZMaLGAW","-7.0","18:59:00"
"Skywave_Airlines_Agent","AGENT","6fca1511-a001-493d-a18e-d900d5c8e35a","","EinsteinServiceAgent","Skywave_Airlines_Agent","SKYWAVE_PHASE_4_5","2026-05-24T14:20:57.000Z","afca1511-a001-493d-a18e-d900d5c8e35a","","{}","GenAiPlannerDefinition","16jg8000000P8QbAAK","-10.0","14:20:00"
"Skywave_Airlines_Agent","USER","6fca1511-a001-493d-a18e-d900d5c8e35a","","EinsteinServiceAgent","Skywave_Airlines_Agent","SKYWAVE_PHASE_4_5","2026-05-24T14:20:57.000Z","ufca1511-a001-493d-a18e-d900d5c8e35a","","{}","MessagingEndUser","0PAg8000000ZOM1GAO","-10.0","14:20:00"
"Skywave_Airlines_Agent","AGENT","21b39ac1-ef27-46f8-a083-1049716257bf","","EinsteinServiceAgent","Skywave_Airlines_Agent","SKYWAVE_PHASE_4_5","2026-05-26T15:27:08.000Z","a1b39ac1-ef27-46f8-a083-1049716257bf","","{}","GenAiPlannerDefinition","16jg8000000P8QbAAK","-8.0","15:22:00"
"Skywave_Airlines_Agent","USER","21b39ac1-ef27-46f8-a083-1049716257bf","","EinsteinServiceAgent","Skywave_Airlines_Agent","SKYWAVE_PHASE_4_5","2026-05-26T15:27:08.000Z","u1b39ac1-ef27-46f8-a083-1049716257bf","","{}","MessagingEndUser","0PAg8000000ZOgzGAG","-8.0","15:22:00"
"Skywave_Airlines_Agent","AGENT","6f8a4776-f09f-4eec-a78d-296a0dfb2786","","EinsteinServiceAgent","Skywave_Airlines_Agent","SKYWAVE_PHASE_4_5","2026-05-29T14:53:06.000Z","af8a4776-f09f-4eec-a78d-296a0dfb2786","","{}","GenAiPlannerDefinition","16jg8000000P8QbAAK","-5.0","14:45:00"
"Skywave_Airlines_Agent","USER","6f8a4776-f09f-4eec-a78d-296a0dfb2786","","EinsteinServiceAgent","Skywave_Airlines_Agent","SKYWAVE_PHASE_4_5","2026-05-29T14:53:06.000Z","uf8a4776-f09f-4eec-a78d-296a0dfb2786","","{}","MessagingEndUser","0PAg8000000ZOibGAG","-5.0","14:45:00"
"Skywave_Airlines_Agent","AGENT","73e4f2ed-19eb-4356-a669-55109b437c94","","EinsteinServiceAgent","Skywave_Airlines_Agent","SKYWAVE_PHASE_4_5","2026-05-26T18:41:56.000Z","a3e4f2ed-19eb-4356-a669-55109b437c94","","{}","GenAiPlannerDefinition","16jg8000000P8QbAAK","-8.0","18:38:00"
"Skywave_Airlines_Agent","USER","73e4f2ed-19eb-4356-a669-55109b437c94","","EinsteinServiceAgent","Skywave_Airlines_Agent","SKYWAVE_PHASE_4_5","2026-05-26T18:41:56.000Z","u3e4f2ed-19eb-4356-a669-55109b437c94","","{}","MessagingEndUser","0PAg8000000ZOvVGAW","-8.0","18:38:00"
"Skywave_Airlines_Agent","AGENT","ca56d848-cdc7-4125-abcd-71e979196093","","EinsteinServiceAgent","Skywave_Airlines_Agent","SKYWAVE_PHASE_4_5","2026-06-01T10:41:26.000Z","aa56d848-cdc7-4125-abcd-71e979196093","","{}","GenAiPlannerDefinition","16jg8000000P8QbAAK","-2.0","10:40:00"
"Skywave_Airlines_Agent","USER","ca56d848-cdc7-4125-abcd-71e979196093","","EinsteinServiceAgent","Skywave_Airlines_Agent","SKYWAVE_PHASE_4_5","2026-06-01T10:41:26.000Z","ua56d848-cdc7-4125-abcd-71e979196093","","{}","MessagingEndUser","0PAg8000000ZP6nGAG","-2.0","10:40:00"
"Skywave_Airlines_Agent","AGENT","7c4ac7b5-8fda-4aa6-a0ae-11a628fab688","","EinsteinServiceAgent","Skywave_Airlines_Agent","SKYWAVE_PHASE_4_5","2026-06-02T14:30:18.000Z","ac4ac7b5-8fda-4aa6-a0ae-11a628fab688","","{}","GenAiPlannerDefinition","16jg8000000P8QbAAK","-1.0","14:24:00"
"Skywave_Airlines_Agent","USER","7c4ac7b5-8fda-4aa6-a0ae-11a628fab688","","EinsteinServiceAgent","Skywave_Airlines_Agent","SKYWAVE_PHASE_4_5","2026-06-02T14:30:18.000Z","uc4ac7b5-8fda-4aa6-a0ae-11a628fab688","","{}","MessagingEndUser","0PAg8000000ZP8PGAW","-1.0","14:24:00"
"Skywave_Airlines_Agent","AGENT","03b41a51-9fec-4279-a37b-d6995ae387ec","","EinsteinServiceAgent","Skywave_Airlines_Agent","SKYWAVE_PHASE_4_5","2026-05-31T11:32:40.000Z","a3b41a51-9fec-4279-a37b-d6995ae387ec","","{}","GenAiPlannerDefinition","16jg8000000P8QbAAK","-3.0","11:25:00"
"Skywave_Airlines_Agent","USER","03b41a51-9fec-4279-a37b-d6995ae387ec","","EinsteinServiceAgent","Skywave_Airlines_Agent","SKYWAVE_PHASE_4_5","2026-05-31T11:32:40.000Z","u3b41a51-9fec-4279-a37b-d6995ae387ec","","{}","MessagingEndUser","0PAg8000000ZPd3GAG","-3.0","11:25:00"
"Skywave_Airlines_Agent","AGENT","f91b856c-4e71-4821-a2a6-e5fe68d84610","","EinsteinServiceAgent","Skywave_Airlines_Agent","SKYWAVE_PHASE_4_5","2026-06-01T08:11:07.000Z","a91b856c-4e71-4821-a2a6-e5fe68d84610","","{}","GenAiPlannerDefinition","16jg8000000P8QbAAK","-2.0","08:10:00"
"Skywave_Airlines_Agent","USER","f91b856c-4e71-4821-a2a6-e5fe68d84610","","EinsteinServiceAgent","Skywave_Airlines_Agent","SKYWAVE_PHASE_4_5","2026-06-01T08:11:07.000Z","u91b856c-4e71-4821-a2a6-e5fe68d84610","","{}","MessagingEndUser","0PAg8000000ZPtBGAW","-2.0","08:10:00"
"Skywave_Airlines_Agent","AGENT","206bc0ec-59be-4520-a666-b54b70fa1d1c","","EinsteinServiceAgent","Skywave_Airlines_Agent","SKYWAVE_PHASE_4_5","2026-05-24T08:15:19.000Z","a06bc0ec-59be-4520-a666-b54b70fa1d1c","","{}","GenAiPlannerDefinition","16jg8000000P8QbAAK","-10.0","08:12:00"
"Skywave_Airlines_Agent","USER","206bc0ec-59be-4520-a666-b54b70fa1d1c","","EinsteinServiceAgent","Skywave_Airlines_Agent","SKYWAVE_PHASE_4_5","2026-05-24T08:15:19.000Z","u06bc0ec-59be-4520-a666-b54b70fa1d1c","","{}","MessagingEndUser","0PAg8000000ZRgTGAW","-10.0","08:12:00"
"Skywave_Airlines_Agent","AGENT","3d839c22-f9f5-4ac6-a322-6e270f3c7684","","EinsteinServiceAgent","Skywave_Airlines_Agent","SKYWAVE_PHASE_4_5","2026-05-25T14:35:02.000Z","ad839c22-f9f5-4ac6-a322-6e270f3c7684","","{}","GenAiPlannerDefinition","16jg8000000P8QbAAK","-9.0","14:33:00"
"Skywave_Airlines_Agent","USER","3d839c22-f9f5-4ac6-a322-6e270f3c7684","","EinsteinServiceAgent","Skywave_Airlines_Agent","SKYWAVE_PHASE_4_5","2026-05-25T14:35:02.000Z","ud839c22-f9f5-4ac6-a322-6e270f3c7684","","{}","MessagingEndUser","0PAg8000000ZSRFGA4","-9.0","14:33:00"
"Skywave_Airlines_Agent","AGENT","c2fa2845-f102-4bf8-a95d-a505f9b38bb9","","EinsteinServiceAgent","Skywave_Airlines_Agent","SKYWAVE_PHASE_4_5","2026-05-28T08:04:46.000Z","a2fa2845-f102-4bf8-a95d-a505f9b38bb9","","{}","GenAiPlannerDefinition","16jg8000000P8QbAAK","-6.0","08:03:00"
"Skywave_Airlines_Agent","USER","c2fa2845-f102-4bf8-a95d-a505f9b38bb9","","EinsteinServiceAgent","Skywave_Airlines_Agent","SKYWAVE_PHASE_4_5","2026-05-28T08:04:46.000Z","u2fa2845-f102-4bf8-a95d-a505f9b38bb9","","{}","MessagingEndUser","0PAg8000000ZSXhGAO","-6.0","08:03:00"
"Skywave_Airlines_Agent","AGENT","0c5bad76-92bc-45c9-aef6-3abf4fa5de9c","","EinsteinServiceAgent","Skywave_Airlines_Agent","SKYWAVE_PHASE_4_5","2026-05-24T08:17:15.000Z","ac5bad76-92bc-45c9-aef6-3abf4fa5de9c","","{}","GenAiPlannerDefinition","16jg8000000P8QbAAK","-10.0","08:13:00"
"Skywave_Airlines_Agent","USER","0c5bad76-92bc-45c9-aef6-3abf4fa5de9c","","EinsteinServiceAgent","Skywave_Airlines_Agent","SKYWAVE_PHASE_4_5","2026-05-24T08:17:15.000Z","uc5bad76-92bc-45c9-aef6-3abf4fa5de9c","","{}","MessagingEndUser","0PAg8000000ZTNJGA4","-10.0","08:13:00"
"Skywave_Airlines_Agent","AGENT","e3db960d-710c-4d96-a58c-11beb9e26fda","","EinsteinServiceAgent","Skywave_Airlines_Agent","SKYWAVE_PHASE_4_5","2026-06-02T15:11:01.000Z","a3db960d-710c-4d96-a58c-11beb9e26fda","","{}","GenAiPlannerDefinition","16jg8000000P8QbAAK","-1.0","15:07:00"
"Skywave_Airlines_Agent","USER","e3db960d-710c-4d96-a58c-11beb9e26fda","","EinsteinServiceAgent","Skywave_Airlines_Agent","SKYWAVE_PHASE_4_5","2026-06-02T15:11:01.000Z","u3db960d-710c-4d96-a58c-11beb9e26fda","","{}","MessagingEndUser","0PAg8000000ZUsrGAG","-1.0","15:07:00"
"Skywave_Airlines_Agent","AGENT","3558ee33-c510-4b83-a0f9-cfc4c599b9bc","","EinsteinServiceAgent","Skywave_Airlines_Agent","SKYWAVE_PHASE_4_5","2026-05-21T18:04:22.000Z","a558ee33-c510-4b83-a0f9-cfc4c599b9bc","","{}","GenAiPlannerDefinition","16jg8000000P8QbAAK","-13.0","18:02:00"
"Skywave_Airlines_Agent","USER","3558ee33-c510-4b83-a0f9-cfc4c599b9bc","","EinsteinServiceAgent","Skywave_Airlines_Agent","SKYWAVE_PHASE_4_5","2026-05-21T18:04:22.000Z","u558ee33-c510-4b83-a0f9-cfc4c599b9bc","","{}","MessagingEndUser","0PAg8000000ZVDpGAO","-13.0","18:02:00"
"Skywave_Airlines_Agent","AGENT","25a98ac2-95a9-43a8-a4ab-76b613cf9ffe","","EinsteinServiceAgent","Skywave_Airlines_Agent","SKYWAVE_PHASE_4_5","2026-05-31T09:08:06.000Z","a5a98ac2-95a9-43a8-a4ab-76b613cf9ffe","","{}","GenAiPlannerDefinition","16jg8000000P8QbAAK","-3.0","09:04:00"
"Skywave_Airlines_Agent","USER","25a98ac2-95a9-43a8-a4ab-76b613cf9ffe","","EinsteinServiceAgent","Skywave_Airlines_Agent","SKYWAVE_PHASE_4_5","2026-05-31T09:08:06.000Z","u5a98ac2-95a9-43a8-a4ab-76b613cf9ffe","","{}","MessagingEndUser","0PAg8000000ZfMrGAK","-3.0","09:04:00"
"Skywave_Airlines_Agent","AGENT","cac584e0-9e70-4a2e-abec-25caa6f3146e","","EinsteinServiceAgent","Skywave_Airlines_Agent","SKYWAVE_PHASE_4_5","2026-05-25T14:24:50.000Z","aac584e0-9e70-4a2e-abec-25caa6f3146e","","{}","GenAiPlannerDefinition","16jg8000000P8QbAAK","-9.0","14:16:00"
"Skywave_Airlines_Agent","USER","cac584e0-9e70-4a2e-abec-25caa6f3146e","","EinsteinServiceAgent","Skywave_Airlines_Agent","SKYWAVE_PHASE_4_5","2026-05-25T14:24:50.000Z","uac584e0-9e70-4a2e-abec-25caa6f3146e","","{}","MessagingEndUser","0PAg8000000Zim9GAC","-9.0","14:16:00"
"Skywave_Airlines_Agent","AGENT","8e367453-c31e-452b-a42c-a40c64adfdf5","","EinsteinServiceAgent","Skywave_Airlines_Agent","SKYWAVE_PHASE_4_5","2026-06-02T19:40:14.000Z","ae367453-c31e-452b-a42c-a40c64adfdf5","","{}","GenAiPlannerDefinition","16jg8000000P8QbAAK","-1.0","19:39:00"
"Skywave_Airlines_Agent","USER","8e367453-c31e-452b-a42c-a40c64adfdf5","","EinsteinServiceAgent","Skywave_Airlines_Agent","SKYWAVE_PHASE_4_5","2026-06-02T19:40:14.000Z","ue367453-c31e-452b-a42c-a40c64adfdf5","","{}","MessagingEndUser","0PAg8000000ZjblGAC","-1.0","19:39:00"
"Skywave_Airlines_Agent","AGENT","3648a988-5c8f-4eeb-a5c6-b14d73bd687a","","EinsteinServiceAgent","Skywave_Airlines_Agent","SKYWAVE_PHASE_4_5","2026-05-21T18:15:40.000Z","a648a988-5c8f-4eeb-a5c6-b14d73bd687a","","{}","GenAiPlannerDefinition","16jg8000000P8QbAAK","-13.0","18:08:00"
"Skywave_Airlines_Agent","USER","3648a988-5c8f-4eeb-a5c6-b14d73bd687a","","EinsteinServiceAgent","Skywave_Airlines_Agent","SKYWAVE_PHASE_4_5","2026-05-21T18:15:40.000Z","u648a988-5c8f-4eeb-a5c6-b14d73bd687a","","{}","MessagingEndUser","0PAg8000000Zl5hGAC","-13.0","18:08:00"
"Skywave_Airlines_Agent","AGENT","45d1fd02-36b6-487d-a87c-d528a8114087","","EinsteinServiceAgent","Skywave_Airlines_Agent","SKYWAVE_PHASE_4_5","2026-05-24T15:05:03.000Z","a5d1fd02-36b6-487d-a87c-d528a8114087","","{}","GenAiPlannerDefinition","16jg8000000P8QbAAK","-10.0","15:04:00"
"Skywave_Airlines_Agent","USER","45d1fd02-36b6-487d-a87c-d528a8114087","","EinsteinServiceAgent","Skywave_Airlines_Agent","SKYWAVE_PHASE_4_5","2026-05-24T15:05:03.000Z","u5d1fd02-36b6-487d-a87c-d528a8114087","","{}","MessagingEndUser","0PAg8000000ZlTtGAK","-10.0","15:04:00"
"Skywave_Airlines_Agent","AGENT","14b2d4fa-6cbf-424e-a429-9a7da02e87ec","","EinsteinServiceAgent","Skywave_Airlines_Agent","SKYWAVE_PHASE_4_5","2026-05-22T09:51:20.000Z","a4b2d4fa-6cbf-424e-a429-9a7da02e87ec","","{}","GenAiPlannerDefinition","16jg8000000P8QbAAK","-12.0","09:49:00"
"Skywave_Airlines_Agent","USER","14b2d4fa-6cbf-424e-a429-9a7da02e87ec","","EinsteinServiceAgent","Skywave_Airlines_Agent","SKYWAVE_PHASE_4_5","2026-05-22T09:51:20.000Z","u4b2d4fa-6cbf-424e-a429-9a7da02e87ec","","{}","MessagingEndUser","0PAg8000000ZpBpGAK","-12.0","09:49:00"
"Skywave_Airlines_Agent","AGENT","6b1caea2-ad67-4922-af12-83333c219dd7","","EinsteinServiceAgent","Skywave_Airlines_Agent","SKYWAVE_PHASE_4_5","2026-05-29T16:28:12.000Z","ab1caea2-ad67-4922-af12-83333c219dd7","","{}","GenAiPlannerDefinition","16jg8000000P8QbAAK","-5.0","16:20:00"
"Skywave_Airlines_Agent","USER","6b1caea2-ad67-4922-af12-83333c219dd7","","EinsteinServiceAgent","Skywave_Airlines_Agent","SKYWAVE_PHASE_4_5","2026-05-29T16:28:12.000Z","ub1caea2-ad67-4922-af12-83333c219dd7","","{}","MessagingEndUser","0PAg8000000ZqYPGA0","-5.0","16:20:00"
"Skywave_Airlines_Agent","AGENT","2a3c5541-65b0-4bc8-a1ac-6de7f5138679","","EinsteinServiceAgent","Skywave_Airlines_Agent","SKYWAVE_PHASE_4_5","2026-05-24T13:44:34.000Z","aa3c5541-65b0-4bc8-a1ac-6de7f5138679","","{}","GenAiPlannerDefinition","16jg8000000P8QbAAK","-10.0","13:44:00"
"Skywave_Airlines_Agent","USER","2a3c5541-65b0-4bc8-a1ac-6de7f5138679","","EinsteinServiceAgent","Skywave_Airlines_Agent","SKYWAVE_PHASE_4_5","2026-05-24T13:44:34.000Z","ua3c5541-65b0-4bc8-a1ac-6de7f5138679","","{}","MessagingEndUser","0PAg8000000Zqa1GAC","-10.0","13:44:00"
"Skywave_Airlines_Agent","AGENT","fb62c36b-fd29-4e70-a606-6c709dc951d7","","EinsteinServiceAgent","Skywave_Airlines_Agent","SKYWAVE_PHASE_4_5","2026-06-02T13:56:40.000Z","ab62c36b-fd29-4e70-a606-6c709dc951d7","","{}","GenAiPlannerDefinition","16jg8000000P8QbAAK","-1.0","13:51:00"
"Skywave_Airlines_Agent","USER","fb62c36b-fd29-4e70-a606-6c709dc951d7","","EinsteinServiceAgent","Skywave_Airlines_Agent","SKYWAVE_PHASE_4_5","2026-06-02T13:56:40.000Z","ub62c36b-fd29-4e70-a606-6c709dc951d7","","{}","MessagingEndUser","0PAg8000000Zr1RGAS","-1.0","13:51:00"
"Skywave_Airlines_Agent","AGENT","2d7a7c19-6b2a-4f5b-aab7-2bac527dfd91","","EinsteinServiceAgent","Skywave_Airlines_Agent","SKYWAVE_PHASE_4_5","2026-05-30T19:50:28.000Z","ad7a7c19-6b2a-4f5b-aab7-2bac527dfd91","","{}","GenAiPlannerDefinition","16jg8000000P8QbAAK","-4.0","19:50:00"
"Skywave_Airlines_Agent","USER","2d7a7c19-6b2a-4f5b-aab7-2bac527dfd91","","EinsteinServiceAgent","Skywave_Airlines_Agent","SKYWAVE_PHASE_4_5","2026-05-30T19:50:28.000Z","ud7a7c19-6b2a-4f5b-aab7-2bac527dfd91","","{}","MessagingEndUser","0PAg8000000ZrCjGAK","-4.0","19:50:00"
"Skywave_Airlines_Agent","AGENT","1e2a4660-a4d7-4bee-a438-d925f4369077","","EinsteinServiceAgent","Skywave_Airlines_Agent","SKYWAVE_PHASE_4_5","2026-05-27T15:28:03.000Z","ae2a4660-a4d7-4bee-a438-d925f4369077","","{}","GenAiPlannerDefinition","16jg8000000P8QbAAK","-7.0","15:27:00"
"Skywave_Airlines_Agent","USER","1e2a4660-a4d7-4bee-a438-d925f4369077","","EinsteinServiceAgent","Skywave_Airlines_Agent","SKYWAVE_PHASE_4_5","2026-05-27T15:28:03.000Z","ue2a4660-a4d7-4bee-a438-d925f4369077","","{}","MessagingEndUser","0PAg8000000ZMaLGAW","-7.0","15:27:00"
"Skywave_Airlines_Agent","AGENT","551fc493-e42e-4281-a013-e9233d7a7df0","","EinsteinServiceAgent","Skywave_Airlines_Agent","SKYWAVE_PHASE_4_5","2026-05-22T08:52:17.000Z","a51fc493-e42e-4281-a013-e9233d7a7df0","","{}","GenAiPlannerDefinition","16jg8000000P8QbAAK","-12.0","08:47:00"
"Skywave_Airlines_Agent","USER","551fc493-e42e-4281-a013-e9233d7a7df0","","EinsteinServiceAgent","Skywave_Airlines_Agent","SKYWAVE_PHASE_4_5","2026-05-22T08:52:17.000Z","u51fc493-e42e-4281-a013-e9233d7a7df0","","{}","MessagingEndUser","0PAg8000000ZOM1GAO","-12.0","08:47:00"
"Skywave_Airlines_Agent","AGENT","6a028b10-3524-4224-a001-cfea6fbcb3f6","","EinsteinServiceAgent","Skywave_Airlines_Agent","SKYWAVE_PHASE_4_5","2026-05-22T18:25:18.000Z","aa028b10-3524-4224-a001-cfea6fbcb3f6","","{}","GenAiPlannerDefinition","16jg8000000P8QbAAK","-12.0","18:24:00"
"Skywave_Airlines_Agent","USER","6a028b10-3524-4224-a001-cfea6fbcb3f6","","EinsteinServiceAgent","Skywave_Airlines_Agent","SKYWAVE_PHASE_4_5","2026-05-22T18:25:18.000Z","ua028b10-3524-4224-a001-cfea6fbcb3f6","","{}","MessagingEndUser","0PAg8000000ZOgzGAG","-12.0","18:24:00"
"Skywave_Airlines_Agent","AGENT","86c88c4b-90dd-4350-ac31-c63603f4d636","","EinsteinServiceAgent","Skywave_Airlines_Agent","SKYWAVE_PHASE_4_5","2026-05-24T19:03:54.000Z","a6c88c4b-90dd-4350-ac31-c63603f4d636","","{}","GenAiPlannerDefinition","16jg8000000P8QbAAK","-10.0","18:59:00"
"Skywave_Airlines_Agent","USER","86c88c4b-90dd-4350-ac31-c63603f4d636","","EinsteinServiceAgent","Skywave_Airlines_Agent","SKYWAVE_PHASE_4_5","2026-05-24T19:03:54.000Z","u6c88c4b-90dd-4350-ac31-c63603f4d636","","{}","MessagingEndUser","0PAg8000000ZOibGAG","-10.0","18:59:00"
"Skywave_Airlines_Agent","AGENT","5ff5713c-a7a9-4937-a7fc-1a8bd138545e","","EinsteinServiceAgent","Skywave_Airlines_Agent","SKYWAVE_PHASE_4_5","2026-05-21T12:46:28.000Z","aff5713c-a7a9-4937-a7fc-1a8bd138545e","","{}","GenAiPlannerDefinition","16jg8000000P8QbAAK","-13.0","12:42:00"
"Skywave_Airlines_Agent","USER","5ff5713c-a7a9-4937-a7fc-1a8bd138545e","","EinsteinServiceAgent","Skywave_Airlines_Agent","SKYWAVE_PHASE_4_5","2026-05-21T12:46:28.000Z","uff5713c-a7a9-4937-a7fc-1a8bd138545e","","{}","MessagingEndUser","0PAg8000000ZOvVGAW","-13.0","12:42:00"
"Skywave_Airlines_Agent","AGENT","badde09e-5dbf-4155-ac64-0af353c0a724","","EinsteinServiceAgent","Skywave_Airlines_Agent","SKYWAVE_PHASE_4_5","2026-05-21T19:58:36.000Z","aadde09e-5dbf-4155-ac64-0af353c0a724","","{}","GenAiPlannerDefinition","16jg8000000P8QbAAK","-13.0","19:54:00"
"Skywave_Airlines_Agent","USER","badde09e-5dbf-4155-ac64-0af353c0a724","","EinsteinServiceAgent","Skywave_Airlines_Agent","SKYWAVE_PHASE_4_5","2026-05-21T19:58:36.000Z","uadde09e-5dbf-4155-ac64-0af353c0a724","","{}","MessagingEndUser","0PAg8000000ZP6nGAG","-13.0","19:54:00"
"Skywave_Airlines_Agent","AGENT","458ea171-e9c6-4450-a2c7-c2c0e500b499","","EinsteinServiceAgent","Skywave_Airlines_Agent","SKYWAVE_PHASE_4_5","2026-05-27T13:50:11.000Z","a58ea171-e9c6-4450-a2c7-c2c0e500b499","","{}","GenAiPlannerDefinition","16jg8000000P8QbAAK","-7.0","13:49:00"
"Skywave_Airlines_Agent","USER","458ea171-e9c6-4450-a2c7-c2c0e500b499","","EinsteinServiceAgent","Skywave_Airlines_Agent","SKYWAVE_PHASE_4_5","2026-05-27T13:50:11.000Z","u58ea171-e9c6-4450-a2c7-c2c0e500b499","","{}","MessagingEndUser","0PAg8000000ZP8PGAW","-7.0","13:49:00"
"Skywave_Airlines_Agent","AGENT","98f532e7-c750-4ed1-aee0-a35571f47700","","EinsteinServiceAgent","Skywave_Airlines_Agent","SKYWAVE_PHASE_4_5","2026-05-23T09:15:03.000Z","a8f532e7-c750-4ed1-aee0-a35571f47700","","{}","GenAiPlannerDefinition","16jg8000000P8QbAAK","-11.0","09:14:00"
"Skywave_Airlines_Agent","USER","98f532e7-c750-4ed1-aee0-a35571f47700","","EinsteinServiceAgent","Skywave_Airlines_Agent","SKYWAVE_PHASE_4_5","2026-05-23T09:15:03.000Z","u8f532e7-c750-4ed1-aee0-a35571f47700","","{}","MessagingEndUser","0PAg8000000ZPd3GAG","-11.0","09:14:00"
"Skywave_Airlines_Agent","AGENT","835c4acd-8ae2-4830-ab31-1d287cd61ff4","","EinsteinServiceAgent","Skywave_Airlines_Agent","SKYWAVE_PHASE_4_5","2026-06-02T08:07:22.000Z","a35c4acd-8ae2-4830-ab31-1d287cd61ff4","","{}","GenAiPlannerDefinition","16jg8000000P8QbAAK","-1.0","08:07:00"
"Skywave_Airlines_Agent","USER","835c4acd-8ae2-4830-ab31-1d287cd61ff4","","EinsteinServiceAgent","Skywave_Airlines_Agent","SKYWAVE_PHASE_4_5","2026-06-02T08:07:22.000Z","u35c4acd-8ae2-4830-ab31-1d287cd61ff4","","{}","MessagingEndUser","0PAg8000000ZPtBGAW","-1.0","08:07:00"
"Skywave_Airlines_Agent","AGENT","2528817f-5027-45a8-ae93-b2a3a0f9d918","","EinsteinServiceAgent","Skywave_Airlines_Agent","SKYWAVE_PHASE_4_5","2026-05-20T14:02:42.000Z","a528817f-5027-45a8-ae93-b2a3a0f9d918","","{}","GenAiPlannerDefinition","16jg8000000P8QbAAK","-14.0","14:02:00"
"Skywave_Airlines_Agent","USER","2528817f-5027-45a8-ae93-b2a3a0f9d918","","EinsteinServiceAgent","Skywave_Airlines_Agent","SKYWAVE_PHASE_4_5","2026-05-20T14:02:42.000Z","u528817f-5027-45a8-ae93-b2a3a0f9d918","","{}","MessagingEndUser","0PAg8000000ZRgTGAW","-14.0","14:02:00"
"Skywave_Airlines_Agent","AGENT","4e8c5251-86f7-4996-a2fa-f9b05169799b","","EinsteinServiceAgent","Skywave_Airlines_Agent","SKYWAVE_PHASE_4_5","2026-05-24T16:09:46.000Z","ae8c5251-86f7-4996-a2fa-f9b05169799b","","{}","GenAiPlannerDefinition","16jg8000000P8QbAAK","-10.0","16:07:00"
"Skywave_Airlines_Agent","USER","4e8c5251-86f7-4996-a2fa-f9b05169799b","","EinsteinServiceAgent","Skywave_Airlines_Agent","SKYWAVE_PHASE_4_5","2026-05-24T16:09:46.000Z","ue8c5251-86f7-4996-a2fa-f9b05169799b","","{}","MessagingEndUser","0PAg8000000ZSRFGA4","-10.0","16:07:00"
"Skywave_Airlines_Agent","AGENT","316ecaa3-7a77-44a2-ad74-af6cef306b1b","","EinsteinServiceAgent","Skywave_Airlines_Agent","SKYWAVE_PHASE_4_5","2026-05-31T09:23:13.000Z","a16ecaa3-7a77-44a2-ad74-af6cef306b1b","","{}","GenAiPlannerDefinition","16jg8000000P8QbAAK","-3.0","09:22:00"
"Skywave_Airlines_Agent","USER","316ecaa3-7a77-44a2-ad74-af6cef306b1b","","EinsteinServiceAgent","Skywave_Airlines_Agent","SKYWAVE_PHASE_4_5","2026-05-31T09:23:13.000Z","u16ecaa3-7a77-44a2-ad74-af6cef306b1b","","{}","MessagingEndUser","0PAg8000000ZSXhGAO","-3.0","09:22:00"
"Skywave_Airlines_Agent","AGENT","19e0fa78-c972-4d91-ad26-6cff9f8884fa","","EinsteinServiceAgent","Skywave_Airlines_Agent","SKYWAVE_PHASE_4_5","2026-05-29T16:11:17.000Z","a9e0fa78-c972-4d91-ad26-6cff9f8884fa","","{}","GenAiPlannerDefinition","16jg8000000P8QbAAK","-5.0","16:05:00"
"Skywave_Airlines_Agent","USER","19e0fa78-c972-4d91-ad26-6cff9f8884fa","","EinsteinServiceAgent","Skywave_Airlines_Agent","SKYWAVE_PHASE_4_5","2026-05-29T16:11:17.000Z","u9e0fa78-c972-4d91-ad26-6cff9f8884fa","","{}","MessagingEndUser","0PAg8000000ZTNJGA4","-5.0","16:05:00"
"Skywave_Airlines_Agent","AGENT","4d6797c1-41bb-4ee8-a241-728e445a47fb","","EinsteinServiceAgent","Skywave_Airlines_Agent","SKYWAVE_PHASE_4_5","2026-05-29T11:54:03.000Z","ad6797c1-41bb-4ee8-a241-728e445a47fb","","{}","GenAiPlannerDefinition","16jg8000000P8QbAAK","-5.0","11:52:00"
"Skywave_Airlines_Agent","USER","4d6797c1-41bb-4ee8-a241-728e445a47fb","","EinsteinServiceAgent","Skywave_Airlines_Agent","SKYWAVE_PHASE_4_5","2026-05-29T11:54:03.000Z","ud6797c1-41bb-4ee8-a241-728e445a47fb","","{}","MessagingEndUser","0PAg8000000ZUsrGAG","-5.0","11:52:00"
"Skywave_Airlines_Agent","AGENT","819436cd-170b-49d9-ae97-ec8bb4c09da2","","EinsteinServiceAgent","Skywave_Airlines_Agent","SKYWAVE_PHASE_4_5","2026-05-27T13:13:42.000Z","a19436cd-170b-49d9-ae97-ec8bb4c09da2","","{}","GenAiPlannerDefinition","16jg8000000P8QbAAK","-7.0","13:12:00"
"Skywave_Airlines_Agent","USER","819436cd-170b-49d9-ae97-ec8bb4c09da2","","EinsteinServiceAgent","Skywave_Airlines_Agent","SKYWAVE_PHASE_4_5","2026-05-27T13:13:42.000Z","u19436cd-170b-49d9-ae97-ec8bb4c09da2","","{}","MessagingEndUser","0PAg8000000ZVDpGAO","-7.0","13:12:00"
"Skywave_Airlines_Agent","AGENT","707078b8-8fb7-4d34-af13-a68a82fe164f","","EinsteinServiceAgent","Skywave_Airlines_Agent","SKYWAVE_PHASE_4_5","2026-06-02T14:19:48.000Z","a07078b8-8fb7-4d34-af13-a68a82fe164f","","{}","GenAiPlannerDefinition","16jg8000000P8QbAAK","-1.0","14:16:00"
"Skywave_Airlines_Agent","USER","707078b8-8fb7-4d34-af13-a68a82fe164f","","EinsteinServiceAgent","Skywave_Airlines_Agent","SKYWAVE_PHASE_4_5","2026-06-02T14:19:48.000Z","u07078b8-8fb7-4d34-af13-a68a82fe164f","","{}","MessagingEndUser","0PAg8000000ZfMrGAK","-1.0","14:16:00"
"Skywave_Airlines_Agent","AGENT","9b257127-52b3-4b51-a432-a6223a12de55","","EinsteinServiceAgent","Skywave_Airlines_Agent","SKYWAVE_PHASE_4_5","2026-05-20T18:09:24.000Z","ab257127-52b3-4b51-a432-a6223a12de55","","{}","GenAiPlannerDefinition","16jg8000000P8QbAAK","-14.0","18:07:00"
"Skywave_Airlines_Agent","USER","9b257127-52b3-4b51-a432-a6223a12de55","","EinsteinServiceAgent","Skywave_Airlines_Agent","SKYWAVE_PHASE_4_5","2026-05-20T18:09:24.000Z","ub257127-52b3-4b51-a432-a6223a12de55","","{}","MessagingEndUser","0PAg8000000Zim9GAC","-14.0","18:07:00"
"Skywave_Airlines_Agent","AGENT","9fac2bd7-67a0-49b3-a124-2fdb1281c69d","","EinsteinServiceAgent","Skywave_Airlines_Agent","SKYWAVE_PHASE_4_5","2026-05-24T12:09:11.000Z","afac2bd7-67a0-49b3-a124-2fdb1281c69d","","{}","GenAiPlannerDefinition","16jg8000000P8QbAAK","-10.0","12:08:00"
"Skywave_Airlines_Agent","USER","9fac2bd7-67a0-49b3-a124-2fdb1281c69d","","EinsteinServiceAgent","Skywave_Airlines_Agent","SKYWAVE_PHASE_4_5","2026-05-24T12:09:11.000Z","ufac2bd7-67a0-49b3-a124-2fdb1281c69d","","{}","MessagingEndUser","0PAg8000000ZjblGAC","-10.0","12:08:00"
"Skywave_Airlines_Agent","AGENT","47842372-19ad-4ca1-a978-81b81e5b10d7","","EinsteinServiceAgent","Skywave_Airlines_Agent","SKYWAVE_PHASE_4_5","2026-05-27T10:09:31.000Z","a7842372-19ad-4ca1-a978-81b81e5b10d7","","{}","GenAiPlannerDefinition","16jg8000000P8QbAAK","-7.0","10:09:00"
"Skywave_Airlines_Agent","USER","47842372-19ad-4ca1-a978-81b81e5b10d7","","EinsteinServiceAgent","Skywave_Airlines_Agent","SKYWAVE_PHASE_4_5","2026-05-27T10:09:31.000Z","u7842372-19ad-4ca1-a978-81b81e5b10d7","","{}","MessagingEndUser","0PAg8000000Zl5hGAC","-7.0","10:09:00"
"Skywave_Airlines_Agent","AGENT","6eea2b47-6f28-4943-a110-c4a9e6101e23","","EinsteinServiceAgent","Skywave_Airlines_Agent","SKYWAVE_PHASE_4_5","2026-05-24T12:45:12.000Z","aeea2b47-6f28-4943-a110-c4a9e6101e23","","{}","GenAiPlannerDefinition","16jg8000000P8QbAAK","-10.0","12:43:00"
"Skywave_Airlines_Agent","USER","6eea2b47-6f28-4943-a110-c4a9e6101e23","","EinsteinServiceAgent","Skywave_Airlines_Agent","SKYWAVE_PHASE_4_5","2026-05-24T12:45:12.000Z","ueea2b47-6f28-4943-a110-c4a9e6101e23","","{}","MessagingEndUser","0PAg8000000ZlTtGAK","-10.0","12:43:00"
"Skywave_Airlines_Agent","AGENT","8d3ecb44-fdd3-411a-af7e-8b6ec6d3ec39","","EinsteinServiceAgent","Skywave_Airlines_Agent","SKYWAVE_PHASE_4_5","2026-05-27T19:54:32.000Z","ad3ecb44-fdd3-411a-af7e-8b6ec6d3ec39","","{}","GenAiPlannerDefinition","16jg8000000P8QbAAK","-7.0","19:52:00"
"Skywave_Airlines_Agent","USER","8d3ecb44-fdd3-411a-af7e-8b6ec6d3ec39","","EinsteinServiceAgent","Skywave_Airlines_Agent","SKYWAVE_PHASE_4_5","2026-05-27T19:54:32.000Z","ud3ecb44-fdd3-411a-af7e-8b6ec6d3ec39","","{}","MessagingEndUser","0PAg8000000ZpBpGAK","-7.0","19:52:00"
"Skywave_Airlines_Agent","AGENT","0ca74133-6cab-4d06-a0eb-36b1825723ed","","EinsteinServiceAgent","Skywave_Airlines_Agent","SKYWAVE_PHASE_4_5","2026-05-26T14:02:21.000Z","aca74133-6cab-4d06-a0eb-36b1825723ed","","{}","GenAiPlannerDefinition","16jg8000000P8QbAAK","-8.0","13:55:00"
"Skywave_Airlines_Agent","USER","0ca74133-6cab-4d06-a0eb-36b1825723ed","","EinsteinServiceAgent","Skywave_Airlines_Agent","SKYWAVE_PHASE_4_5","2026-05-26T14:02:21.000Z","uca74133-6cab-4d06-a0eb-36b1825723ed","","{}","MessagingEndUser","0PAg8000000ZqYPGA0","-8.0","13:55:00"
"Skywave_Airlines_Agent","AGENT","f764db21-c10b-40ae-a624-03320ef958c0","","EinsteinServiceAgent","Skywave_Airlines_Agent","SKYWAVE_PHASE_4_5","2026-05-20T14:29:42.000Z","a764db21-c10b-40ae-a624-03320ef958c0","","{}","GenAiPlannerDefinition","16jg8000000P8QbAAK","-14.0","14:29:00"
"Skywave_Airlines_Agent","USER","f764db21-c10b-40ae-a624-03320ef958c0","","EinsteinServiceAgent","Skywave_Airlines_Agent","SKYWAVE_PHASE_4_5","2026-05-20T14:29:42.000Z","u764db21-c10b-40ae-a624-03320ef958c0","","{}","MessagingEndUser","0PAg8000000Zqa1GAC","-14.0","14:29:00"
"Skywave_Airlines_Agent","AGENT","88a9eade-fc06-4a4d-a614-723554b90af2","","EinsteinServiceAgent","Skywave_Airlines_Agent","SKYWAVE_PHASE_4_5","2026-05-28T08:06:36.000Z","a8a9eade-fc06-4a4d-a614-723554b90af2","","{}","GenAiPlannerDefinition","16jg8000000P8QbAAK","-6.0","08:02:00"
"Skywave_Airlines_Agent","USER","88a9eade-fc06-4a4d-a614-723554b90af2","","EinsteinServiceAgent","Skywave_Airlines_Agent","SKYWAVE_PHASE_4_5","2026-05-28T08:06:36.000Z","u8a9eade-fc06-4a4d-a614-723554b90af2","","{}","MessagingEndUser","0PAg8000000Zr1RGAS","-6.0","08:02:00"
"Skywave_Airlines_Agent","AGENT","63188277-16b4-49dc-ab87-c028c6f9b436","","EinsteinServiceAgent","Skywave_Airlines_Agent","SKYWAVE_PHASE_4_5","2026-05-25T09:10:37.000Z","a3188277-16b4-49dc-ab87-c028c6f9b436","","{}","GenAiPlannerDefinition","16jg8000000P8QbAAK","-9.0","09:05:00"
"Skywave_Airlines_Agent","AGENT","5cf1fc74-d2e4-419d-a70d-26ea7e964a84","","EinsteinServiceAgent","Skywave_Airlines_Agent","SKYWAVE_PHASE_4_5","2026-05-28T18:01:53.000Z","acf1fc74-d2e4-419d-a70d-26ea7e964a84","","{}","GenAiPlannerDefinition","16jg8000000P8QbAAK","-6.0","18:01:00"
"Skywave_Airlines_Agent","USER","5cf1fc74-d2e4-419d-a70d-26ea7e964a84","","EinsteinServiceAgent","Skywave_Airlines_Agent","SKYWAVE_PHASE_4_5","2026-05-28T18:01:53.000Z","ucf1fc74-d2e4-419d-a70d-26ea7e964a84","","{}","MessagingEndUser","0PAg8000000ZMaLGAW","-6.0","18:01:00"
"Skywave_Airlines_Agent","AGENT","219da89a-c5cd-4fdf-a612-b98d244a5bcb","","EinsteinServiceAgent","Skywave_Airlines_Agent","SKYWAVE_PHASE_4_5","2026-05-30T08:26:12.000Z","a19da89a-c5cd-4fdf-a612-b98d244a5bcb","","{}","GenAiPlannerDefinition","16jg8000000P8QbAAK","-4.0","08:24:00"
"Skywave_Airlines_Agent","USER","219da89a-c5cd-4fdf-a612-b98d244a5bcb","","EinsteinServiceAgent","Skywave_Airlines_Agent","SKYWAVE_PHASE_4_5","2026-05-30T08:26:12.000Z","u19da89a-c5cd-4fdf-a612-b98d244a5bcb","","{}","MessagingEndUser","0PAg8000000ZOM1GAO","-4.0","08:24:00"
"Skywave_Airlines_Agent","AGENT","9a68f314-dc0e-48d1-aed7-44af7c2479c9","","EinsteinServiceAgent","Skywave_Airlines_Agent","SKYWAVE_PHASE_4_5","2026-05-29T10:00:57.000Z","aa68f314-dc0e-48d1-aed7-44af7c2479c9","","{}","GenAiPlannerDefinition","16jg8000000P8QbAAK","-5.0","10:00:00"
"Skywave_Airlines_Agent","USER","9a68f314-dc0e-48d1-aed7-44af7c2479c9","","EinsteinServiceAgent","Skywave_Airlines_Agent","SKYWAVE_PHASE_4_5","2026-05-29T10:00:57.000Z","ua68f314-dc0e-48d1-aed7-44af7c2479c9","","{}","MessagingEndUser","0PAg8000000ZOgzGAG","-5.0","10:00:00"
"Skywave_Airlines_Agent","AGENT","5dd36b0a-d270-41be-a9ef-93ffb2daaa6b","","EinsteinServiceAgent","Skywave_Airlines_Agent","SKYWAVE_PHASE_4_5","2026-05-31T19:51:12.000Z","add36b0a-d270-41be-a9ef-93ffb2daaa6b","","{}","GenAiPlannerDefinition","16jg8000000P8QbAAK","-3.0","19:45:00"
"Skywave_Airlines_Agent","USER","5dd36b0a-d270-41be-a9ef-93ffb2daaa6b","","EinsteinServiceAgent","Skywave_Airlines_Agent","SKYWAVE_PHASE_4_5","2026-05-31T19:51:12.000Z","udd36b0a-d270-41be-a9ef-93ffb2daaa6b","","{}","MessagingEndUser","0PAg8000000ZOibGAG","-3.0","19:45:00"
"Skywave_Airlines_Agent","AGENT","a3013d9c-2301-4a5a-a6cd-274731e8af2e","","EinsteinServiceAgent","Skywave_Airlines_Agent","SKYWAVE_PHASE_4_5","2026-05-21T15:05:16.000Z","a3013d9c-2301-4a5a-a6cd-274731e8af2e","","{}","GenAiPlannerDefinition","16jg8000000P8QbAAK","-13.0","14:59:00"
"Skywave_Airlines_Agent","USER","a3013d9c-2301-4a5a-a6cd-274731e8af2e","","EinsteinServiceAgent","Skywave_Airlines_Agent","SKYWAVE_PHASE_4_5","2026-05-21T15:05:16.000Z","u3013d9c-2301-4a5a-a6cd-274731e8af2e","","{}","MessagingEndUser","0PAg8000000ZOvVGAW","-13.0","14:59:00"
"Skywave_Airlines_Agent","AGENT","92137894-6f0f-4506-ac2b-52fa3776ad99","","EinsteinServiceAgent","Skywave_Airlines_Agent","SKYWAVE_PHASE_4_5","2026-05-29T10:07:27.000Z","a2137894-6f0f-4506-ac2b-52fa3776ad99","","{}","GenAiPlannerDefinition","16jg8000000P8QbAAK","-5.0","10:07:00"
"Skywave_Airlines_Agent","USER","92137894-6f0f-4506-ac2b-52fa3776ad99","","EinsteinServiceAgent","Skywave_Airlines_Agent","SKYWAVE_PHASE_4_5","2026-05-29T10:07:27.000Z","u2137894-6f0f-4506-ac2b-52fa3776ad99","","{}","MessagingEndUser","0PAg8000000ZP6nGAG","-5.0","10:07:00"
"Skywave_Airlines_Agent","AGENT","80c20992-72e7-4c38-af22-3c49576d4458","","EinsteinServiceAgent","Skywave_Airlines_Agent","SKYWAVE_PHASE_4_5","2026-05-27T17:22:29.000Z","a0c20992-72e7-4c38-af22-3c49576d4458","","{}","GenAiPlannerDefinition","16jg8000000P8QbAAK","-7.0","17:20:00"
"Skywave_Airlines_Agent","USER","80c20992-72e7-4c38-af22-3c49576d4458","","EinsteinServiceAgent","Skywave_Airlines_Agent","SKYWAVE_PHASE_4_5","2026-05-27T17:22:29.000Z","u0c20992-72e7-4c38-af22-3c49576d4458","","{}","MessagingEndUser","0PAg8000000ZP8PGAW","-7.0","17:20:00"
"Skywave_Airlines_Agent","AGENT","008e224e-6b5e-47fc-a054-a8f16b3a8263","","EinsteinServiceAgent","Skywave_Airlines_Agent","SKYWAVE_PHASE_4_5","2026-05-27T18:27:28.000Z","a08e224e-6b5e-47fc-a054-a8f16b3a8263","","{}","GenAiPlannerDefinition","16jg8000000P8QbAAK","-7.0","18:27:00"
"Skywave_Airlines_Agent","USER","008e224e-6b5e-47fc-a054-a8f16b3a8263","","EinsteinServiceAgent","Skywave_Airlines_Agent","SKYWAVE_PHASE_4_5","2026-05-27T18:27:28.000Z","u08e224e-6b5e-47fc-a054-a8f16b3a8263","","{}","MessagingEndUser","0PAg8000000ZPd3GAG","-7.0","18:27:00"
"Skywave_Airlines_Agent","AGENT","4bcc7729-5fbe-4bd5-a16c-63248ea1247f","","EinsteinServiceAgent","Skywave_Airlines_Agent","SKYWAVE_PHASE_4_5","2026-05-23T15:55:55.000Z","abcc7729-5fbe-4bd5-a16c-63248ea1247f","","{}","GenAiPlannerDefinition","16jg8000000P8QbAAK","-11.0","15:54:00"
"Skywave_Airlines_Agent","USER","4bcc7729-5fbe-4bd5-a16c-63248ea1247f","","EinsteinServiceAgent","Skywave_Airlines_Agent","SKYWAVE_PHASE_4_5","2026-05-23T15:55:55.000Z","ubcc7729-5fbe-4bd5-a16c-63248ea1247f","","{}","MessagingEndUser","0PAg8000000ZPtBGAW","-11.0","15:54:00"
"Skywave_Airlines_Agent","AGENT","9b72b6e7-d7b7-463d-ad6a-72cc999124a9","","EinsteinServiceAgent","Skywave_Airlines_Agent","SKYWAVE_PHASE_4_5","2026-05-25T19:11:42.000Z","ab72b6e7-d7b7-463d-ad6a-72cc999124a9","","{}","GenAiPlannerDefinition","16jg8000000P8QbAAK","-9.0","19:06:00"
"Skywave_Airlines_Agent","USER","9b72b6e7-d7b7-463d-ad6a-72cc999124a9","","EinsteinServiceAgent","Skywave_Airlines_Agent","SKYWAVE_PHASE_4_5","2026-05-25T19:11:42.000Z","ub72b6e7-d7b7-463d-ad6a-72cc999124a9","","{}","MessagingEndUser","0PAg8000000ZRgTGAW","-9.0","19:06:00"
"Skywave_Airlines_Agent","AGENT","49529b76-dfaf-4818-a202-fd6381395f50","","EinsteinServiceAgent","Skywave_Airlines_Agent","SKYWAVE_PHASE_4_5","2026-05-21T12:21:53.000Z","a9529b76-dfaf-4818-a202-fd6381395f50","","{}","GenAiPlannerDefinition","16jg8000000P8QbAAK","-13.0","12:12:00"
"Skywave_Airlines_Agent","USER","49529b76-dfaf-4818-a202-fd6381395f50","","EinsteinServiceAgent","Skywave_Airlines_Agent","SKYWAVE_PHASE_4_5","2026-05-21T12:21:53.000Z","u9529b76-dfaf-4818-a202-fd6381395f50","","{}","MessagingEndUser","0PAg8000000ZSRFGA4","-13.0","12:12:00"
"Skywave_Airlines_Agent","AGENT","7f60af3c-9304-46e8-a7e2-f8aec150ad99","","EinsteinServiceAgent","Skywave_Airlines_Agent","SKYWAVE_PHASE_4_5","2026-05-23T18:14:44.000Z","af60af3c-9304-46e8-a7e2-f8aec150ad99","","{}","GenAiPlannerDefinition","16jg8000000P8QbAAK","-11.0","18:08:00"
"Skywave_Airlines_Agent","USER","7f60af3c-9304-46e8-a7e2-f8aec150ad99","","EinsteinServiceAgent","Skywave_Airlines_Agent","SKYWAVE_PHASE_4_5","2026-05-23T18:14:44.000Z","uf60af3c-9304-46e8-a7e2-f8aec150ad99","","{}","MessagingEndUser","0PAg8000000ZSXhGAO","-11.0","18:08:00"
"Skywave_Airlines_Agent","AGENT","f8ebdf6a-afac-4695-ab24-7f206ccb7cf2","","EinsteinServiceAgent","Skywave_Airlines_Agent","SKYWAVE_PHASE_4_5","2026-05-31T10:27:03.000Z","a8ebdf6a-afac-4695-ab24-7f206ccb7cf2","","{}","GenAiPlannerDefinition","16jg8000000P8QbAAK","-3.0","10:23:00"
"Skywave_Airlines_Agent","USER","f8ebdf6a-afac-4695-ab24-7f206ccb7cf2","","EinsteinServiceAgent","Skywave_Airlines_Agent","SKYWAVE_PHASE_4_5","2026-05-31T10:27:03.000Z","u8ebdf6a-afac-4695-ab24-7f206ccb7cf2","","{}","MessagingEndUser","0PAg8000000ZTNJGA4","-3.0","10:23:00"
"Skywave_Airlines_Agent","AGENT","2cec9cab-1cae-4ac7-a385-4bcefe645804","","EinsteinServiceAgent","Skywave_Airlines_Agent","SKYWAVE_PHASE_4_5","2026-05-26T13:16:05.000Z","acec9cab-1cae-4ac7-a385-4bcefe645804","","{}","GenAiPlannerDefinition","16jg8000000P8QbAAK","-8.0","13:15:00"
"Skywave_Airlines_Agent","USER","2cec9cab-1cae-4ac7-a385-4bcefe645804","","EinsteinServiceAgent","Skywave_Airlines_Agent","SKYWAVE_PHASE_4_5","2026-05-26T13:16:05.000Z","ucec9cab-1cae-4ac7-a385-4bcefe645804","","{}","MessagingEndUser","0PAg8000000ZUsrGAG","-8.0","13:15:00"
"Skywave_Airlines_Agent","AGENT","17b778a3-ea97-4809-a1a9-819d99bd0074","","EinsteinServiceAgent","Skywave_Airlines_Agent","SKYWAVE_PHASE_4_5","2026-05-31T16:18:48.000Z","a7b778a3-ea97-4809-a1a9-819d99bd0074","","{}","GenAiPlannerDefinition","16jg8000000P8QbAAK","-3.0","16:18:00"
"Skywave_Airlines_Agent","USER","17b778a3-ea97-4809-a1a9-819d99bd0074","","EinsteinServiceAgent","Skywave_Airlines_Agent","SKYWAVE_PHASE_4_5","2026-05-31T16:18:48.000Z","u7b778a3-ea97-4809-a1a9-819d99bd0074","","{}","MessagingEndUser","0PAg8000000ZVDpGAO","-3.0","16:18:00"
"Skywave_Airlines_Agent","AGENT","e96c9eb2-0ce5-41a6-acfd-7f5f144b9f20","","EinsteinServiceAgent","Skywave_Airlines_Agent","SKYWAVE_PHASE_4_5","2026-05-31T19:35:57.000Z","a96c9eb2-0ce5-41a6-acfd-7f5f144b9f20","","{}","GenAiPlannerDefinition","16jg8000000P8QbAAK","-3.0","19:25:00"
"Skywave_Airlines_Agent","USER","e96c9eb2-0ce5-41a6-acfd-7f5f144b9f20","","EinsteinServiceAgent","Skywave_Airlines_Agent","SKYWAVE_PHASE_4_5","2026-05-31T19:35:57.000Z","u96c9eb2-0ce5-41a6-acfd-7f5f144b9f20","","{}","MessagingEndUser","0PAg8000000ZfMrGAK","-3.0","19:25:00"
"Skywave_Airlines_Agent","AGENT","9de69977-6d3b-4b2c-afcb-0c119a26ae38","","EinsteinServiceAgent","Skywave_Airlines_Agent","SKYWAVE_PHASE_4_5","2026-05-25T19:12:05.000Z","ade69977-6d3b-4b2c-afcb-0c119a26ae38","","{}","GenAiPlannerDefinition","16jg8000000P8QbAAK","-9.0","19:11:00"
"Skywave_Airlines_Agent","USER","9de69977-6d3b-4b2c-afcb-0c119a26ae38","","EinsteinServiceAgent","Skywave_Airlines_Agent","SKYWAVE_PHASE_4_5","2026-05-25T19:12:05.000Z","ude69977-6d3b-4b2c-afcb-0c119a26ae38","","{}","MessagingEndUser","0PAg8000000Zim9GAC","-9.0","19:11:00"
"Skywave_Airlines_Agent","AGENT","7d98dda4-aa43-43af-af0f-ef10bfe99442","","EinsteinServiceAgent","Skywave_Airlines_Agent","SKYWAVE_PHASE_4_5","2026-05-24T12:23:16.000Z","ad98dda4-aa43-43af-af0f-ef10bfe99442","","{}","GenAiPlannerDefinition","16jg8000000P8QbAAK","-10.0","12:19:00"
"Skywave_Airlines_Agent","USER","7d98dda4-aa43-43af-af0f-ef10bfe99442","","EinsteinServiceAgent","Skywave_Airlines_Agent","SKYWAVE_PHASE_4_5","2026-05-24T12:23:16.000Z","ud98dda4-aa43-43af-af0f-ef10bfe99442","","{}","MessagingEndUser","0PAg8000000ZjblGAC","-10.0","12:19:00"
"Skywave_Airlines_Agent","AGENT","68024bc0-7a86-4886-a8f4-013b34c15244","","EinsteinServiceAgent","Skywave_Airlines_Agent","SKYWAVE_PHASE_4_5","2026-06-01T18:57:23.000Z","a8024bc0-7a86-4886-a8f4-013b34c15244","","{}","GenAiPlannerDefinition","16jg8000000P8QbAAK","-2.0","18:55:00"
"Skywave_Airlines_Agent","USER","68024bc0-7a86-4886-a8f4-013b34c15244","","EinsteinServiceAgent","Skywave_Airlines_Agent","SKYWAVE_PHASE_4_5","2026-06-01T18:57:23.000Z","u8024bc0-7a86-4886-a8f4-013b34c15244","","{}","MessagingEndUser","0PAg8000000Zl5hGAC","-2.0","18:55:00"
"Skywave_Airlines_Agent","AGENT","18742c64-7e9d-4e5d-a264-6e0973b015db","","EinsteinServiceAgent","Skywave_Airlines_Agent","SKYWAVE_PHASE_4_5","2026-05-30T16:26:15.000Z","a8742c64-7e9d-4e5d-a264-6e0973b015db","","{}","GenAiPlannerDefinition","16jg8000000P8QbAAK","-4.0","16:25:00"
"Skywave_Airlines_Agent","USER","18742c64-7e9d-4e5d-a264-6e0973b015db","","EinsteinServiceAgent","Skywave_Airlines_Agent","SKYWAVE_PHASE_4_5","2026-05-30T16:26:15.000Z","u8742c64-7e9d-4e5d-a264-6e0973b015db","","{}","MessagingEndUser","0PAg8000000ZlTtGAK","-4.0","16:25:00"
"Skywave_Airlines_Agent","AGENT","bc817ceb-5459-4a6c-a5d6-07c3e96dfb35","","EinsteinServiceAgent","Skywave_Airlines_Agent","SKYWAVE_PHASE_4_5","2026-06-01T19:00:28.000Z","ac817ceb-5459-4a6c-a5d6-07c3e96dfb35","","{}","GenAiPlannerDefinition","16jg8000000P8QbAAK","-2.0","19:00:00"
"Skywave_Airlines_Agent","USER","bc817ceb-5459-4a6c-a5d6-07c3e96dfb35","","EinsteinServiceAgent","Skywave_Airlines_Agent","SKYWAVE_PHASE_4_5","2026-06-01T19:00:28.000Z","uc817ceb-5459-4a6c-a5d6-07c3e96dfb35","","{}","MessagingEndUser","0PAg8000000ZpBpGAK","-2.0","19:00:00"
"Skywave_Airlines_Agent","AGENT","f6b0021b-6913-41b3-aa8f-d5217ac0e4fe","","EinsteinServiceAgent","Skywave_Airlines_Agent","SKYWAVE_PHASE_4_5","2026-05-29T11:19:08.000Z","a6b0021b-6913-41b3-aa8f-d5217ac0e4fe","","{}","GenAiPlannerDefinition","16jg8000000P8QbAAK","-5.0","11:15:00"
"Skywave_Airlines_Agent","USER","f6b0021b-6913-41b3-aa8f-d5217ac0e4fe","","EinsteinServiceAgent","Skywave_Airlines_Agent","SKYWAVE_PHASE_4_5","2026-05-29T11:19:08.000Z","u6b0021b-6913-41b3-aa8f-d5217ac0e4fe","","{}","MessagingEndUser","0PAg8000000ZqYPGA0","-5.0","11:15:00"
"Skywave_Airlines_Agent","AGENT","a6b4541a-2de5-4311-aa6a-a1734b0fb27f","","EinsteinServiceAgent","Skywave_Airlines_Agent","SKYWAVE_PHASE_4_5","2026-06-01T11:57:40.000Z","a6b4541a-2de5-4311-aa6a-a1734b0fb27f","","{}","GenAiPlannerDefinition","16jg8000000P8QbAAK","-2.0","11:54:00"
"Skywave_Airlines_Agent","USER","a6b4541a-2de5-4311-aa6a-a1734b0fb27f","","EinsteinServiceAgent","Skywave_Airlines_Agent","SKYWAVE_PHASE_4_5","2026-06-01T11:57:40.000Z","u6b4541a-2de5-4311-aa6a-a1734b0fb27f","","{}","MessagingEndUser","0PAg8000000Zqa1GAC","-2.0","11:54:00"
"Skywave_Airlines_Agent","AGENT","16cce24b-d2b4-4e40-a007-c9e280109e0c","","EinsteinServiceAgent","Skywave_Airlines_Agent","SKYWAVE_PHASE_4_5","2026-06-01T14:53:14.000Z","a6cce24b-d2b4-4e40-a007-c9e280109e0c","","{}","GenAiPlannerDefinition","16jg8000000P8QbAAK","-2.0","14:48:00"
"Skywave_Airlines_Agent","USER","16cce24b-d2b4-4e40-a007-c9e280109e0c","","EinsteinServiceAgent","Skywave_Airlines_Agent","SKYWAVE_PHASE_4_5","2026-06-01T14:53:14.000Z","u6cce24b-d2b4-4e40-a007-c9e280109e0c","","{}","MessagingEndUser","0PAg8000000Zr1RGAS","-2.0","14:48:00"
"Skywave_Airlines_Agent","AGENT","71a998a2-e14c-45ad-a12e-b457d7efcff8","","EinsteinServiceAgent","Skywave_Airlines_Agent","SKYWAVE_PHASE_4_5","2026-05-31T10:52:27.000Z","a1a998a2-e14c-45ad-a12e-b457d7efcff8","","{}","GenAiPlannerDefinition","16jg8000000P8QbAAK","-3.0","10:48:00"
"Skywave_Airlines_Agent","USER","71a998a2-e14c-45ad-a12e-b457d7efcff8","","EinsteinServiceAgent","Skywave_Airlines_Agent","SKYWAVE_PHASE_4_5","2026-05-31T10:52:27.000Z","u1a998a2-e14c-45ad-a12e-b457d7efcff8","","{}","MessagingEndUser","0PAg8000000ZrCjGAK","-3.0","10:48:00"
"Skywave_Airlines_Agent","AGENT","0baea545-b2dc-460f-aa08-7b5eb3dd7a1b","","EinsteinServiceAgent","Skywave_Airlines_Agent","SKYWAVE_PHASE_4_5","2026-05-24T16:55:47.000Z","abaea545-b2dc-460f-aa08-7b5eb3dd7a1b","","{}","GenAiPlannerDefinition","16jg8000000P8QbAAK","-10.0","16:55:00"
"Skywave_Airlines_Agent","USER","0baea545-b2dc-460f-aa08-7b5eb3dd7a1b","","EinsteinServiceAgent","Skywave_Airlines_Agent","SKYWAVE_PHASE_4_5","2026-05-24T16:55:47.000Z","ubaea545-b2dc-460f-aa08-7b5eb3dd7a1b","","{}","MessagingEndUser","0PAg8000000ZMaLGAW","-10.0","16:55:00"
"Skywave_Airlines_Agent","AGENT","fd1e575e-35d2-4b05-a655-9c10eca5507d","","EinsteinServiceAgent","Skywave_Airlines_Agent","SKYWAVE_PHASE_4_5","2026-05-24T16:14:32.000Z","ad1e575e-35d2-4b05-a655-9c10eca5507d","","{}","GenAiPlannerDefinition","16jg8000000P8QbAAK","-10.0","16:09:00"
"Skywave_Airlines_Agent","USER","fd1e575e-35d2-4b05-a655-9c10eca5507d","","EinsteinServiceAgent","Skywave_Airlines_Agent","SKYWAVE_PHASE_4_5","2026-05-24T16:14:32.000Z","ud1e575e-35d2-4b05-a655-9c10eca5507d","","{}","MessagingEndUser","0PAg8000000ZOM1GAO","-10.0","16:09:00"
"Skywave_Airlines_Agent","AGENT","74a2c710-3ab0-447f-a8b2-b6072dd759b2","","EinsteinServiceAgent","Skywave_Airlines_Agent","SKYWAVE_PHASE_4_5","2026-05-22T18:23:47.000Z","a4a2c710-3ab0-447f-a8b2-b6072dd759b2","","{}","GenAiPlannerDefinition","16jg8000000P8QbAAK","-12.0","18:21:00"
"Skywave_Airlines_Agent","USER","74a2c710-3ab0-447f-a8b2-b6072dd759b2","","EinsteinServiceAgent","Skywave_Airlines_Agent","SKYWAVE_PHASE_4_5","2026-05-22T18:23:47.000Z","u4a2c710-3ab0-447f-a8b2-b6072dd759b2","","{}","MessagingEndUser","0PAg8000000ZOgzGAG","-12.0","18:21:00"
"Skywave_Airlines_Agent","AGENT","9dce345a-4d85-41ef-a29d-f6b83e38bc90","","EinsteinServiceAgent","Skywave_Airlines_Agent","SKYWAVE_PHASE_4_5","2026-06-02T16:09:31.000Z","adce345a-4d85-41ef-a29d-f6b83e38bc90","","{}","GenAiPlannerDefinition","16jg8000000P8QbAAK","-1.0","16:09:00"
"Skywave_Airlines_Agent","USER","9dce345a-4d85-41ef-a29d-f6b83e38bc90","","EinsteinServiceAgent","Skywave_Airlines_Agent","SKYWAVE_PHASE_4_5","2026-06-02T16:09:31.000Z","udce345a-4d85-41ef-a29d-f6b83e38bc90","","{}","MessagingEndUser","0PAg8000000ZOibGAG","-1.0","16:09:00"
"Skywave_Airlines_Agent","AGENT","8aa6b65f-9560-4405-a4ea-480fd3b83864","","EinsteinServiceAgent","Skywave_Airlines_Agent","SKYWAVE_PHASE_4_5","2026-05-21T19:21:57.000Z","aaa6b65f-9560-4405-a4ea-480fd3b83864","","{}","GenAiPlannerDefinition","16jg8000000P8QbAAK","-13.0","19:18:00"
"Skywave_Airlines_Agent","USER","8aa6b65f-9560-4405-a4ea-480fd3b83864","","EinsteinServiceAgent","Skywave_Airlines_Agent","SKYWAVE_PHASE_4_5","2026-05-21T19:21:57.000Z","uaa6b65f-9560-4405-a4ea-480fd3b83864","","{}","MessagingEndUser","0PAg8000000ZOvVGAW","-13.0","19:18:00"
"Skywave_Airlines_Agent","AGENT","9564a0f8-7090-40b7-a251-2b6e1bb76d72","","EinsteinServiceAgent","Skywave_Airlines_Agent","SKYWAVE_PHASE_4_5","2026-06-02T16:06:20.000Z","a564a0f8-7090-40b7-a251-2b6e1bb76d72","","{}","GenAiPlannerDefinition","16jg8000000P8QbAAK","-1.0","16:01:00"
"Skywave_Airlines_Agent","USER","9564a0f8-7090-40b7-a251-2b6e1bb76d72","","EinsteinServiceAgent","Skywave_Airlines_Agent","SKYWAVE_PHASE_4_5","2026-06-02T16:06:20.000Z","u564a0f8-7090-40b7-a251-2b6e1bb76d72","","{}","MessagingEndUser","0PAg8000000ZP6nGAG","-1.0","16:01:00"
"Skywave_Airlines_Agent","AGENT","7e0e05c6-98f0-4732-a25b-ceb4d3c0ae6d","","EinsteinServiceAgent","Skywave_Airlines_Agent","SKYWAVE_PHASE_4_5","2026-05-25T18:52:52.000Z","ae0e05c6-98f0-4732-a25b-ceb4d3c0ae6d","","{}","GenAiPlannerDefinition","16jg8000000P8QbAAK","-9.0","18:51:00"
"Skywave_Airlines_Agent","USER","7e0e05c6-98f0-4732-a25b-ceb4d3c0ae6d","","EinsteinServiceAgent","Skywave_Airlines_Agent","SKYWAVE_PHASE_4_5","2026-05-25T18:52:52.000Z","ue0e05c6-98f0-4732-a25b-ceb4d3c0ae6d","","{}","MessagingEndUser","0PAg8000000ZP8PGAW","-9.0","18:51:00"
"Skywave_Airlines_Agent","AGENT","6d3ba60d-dcd1-4d4f-a2c8-b8325a420e1f","","EinsteinServiceAgent","Skywave_Airlines_Agent","SKYWAVE_PHASE_4_5","2026-06-01T12:22:43.000Z","ad3ba60d-dcd1-4d4f-a2c8-b8325a420e1f","","{}","GenAiPlannerDefinition","16jg8000000P8QbAAK","-2.0","12:19:00"
"Skywave_Airlines_Agent","USER","6d3ba60d-dcd1-4d4f-a2c8-b8325a420e1f","","EinsteinServiceAgent","Skywave_Airlines_Agent","SKYWAVE_PHASE_4_5","2026-06-01T12:22:43.000Z","ud3ba60d-dcd1-4d4f-a2c8-b8325a420e1f","","{}","MessagingEndUser","0PAg8000000ZPd3GAG","-2.0","12:19:00"
"Skywave_Airlines_Agent","AGENT","42c1b1c7-40b5-48fc-aa2c-b8af97c32f15","","EinsteinServiceAgent","Skywave_Airlines_Agent","SKYWAVE_PHASE_4_5","2026-06-02T17:49:06.000Z","a2c1b1c7-40b5-48fc-aa2c-b8af97c32f15","","{}","GenAiPlannerDefinition","16jg8000000P8QbAAK","-1.0","17:48:00"
"Skywave_Airlines_Agent","USER","42c1b1c7-40b5-48fc-aa2c-b8af97c32f15","","EinsteinServiceAgent","Skywave_Airlines_Agent","SKYWAVE_PHASE_4_5","2026-06-02T17:49:06.000Z","u2c1b1c7-40b5-48fc-aa2c-b8af97c32f15","","{}","MessagingEndUser","0PAg8000000ZPtBGAW","-1.0","17:48:00"
"Skywave_Airlines_Agent","AGENT","a2ffa8cf-179e-43bd-aa79-46141990e949","","EinsteinServiceAgent","Skywave_Airlines_Agent","SKYWAVE_PHASE_4_5","2026-05-26T13:02:43.000Z","a2ffa8cf-179e-43bd-aa79-46141990e949","","{}","GenAiPlannerDefinition","16jg8000000P8QbAAK","-8.0","13:02:00"
"Skywave_Airlines_Agent","USER","a2ffa8cf-179e-43bd-aa79-46141990e949","","EinsteinServiceAgent","Skywave_Airlines_Agent","SKYWAVE_PHASE_4_5","2026-05-26T13:02:43.000Z","u2ffa8cf-179e-43bd-aa79-46141990e949","","{}","MessagingEndUser","0PAg8000000ZRgTGAW","-8.0","13:02:00"
"Skywave_Airlines_Agent","AGENT","3dfbe3e6-fba8-4f49-a81c-7523ecad0a47","","EinsteinServiceAgent","Skywave_Airlines_Agent","SKYWAVE_PHASE_4_5","2026-05-26T17:41:32.000Z","adfbe3e6-fba8-4f49-a81c-7523ecad0a47","","{}","GenAiPlannerDefinition","16jg8000000P8QbAAK","-8.0","17:37:00"
"Skywave_Airlines_Agent","USER","3dfbe3e6-fba8-4f49-a81c-7523ecad0a47","","EinsteinServiceAgent","Skywave_Airlines_Agent","SKYWAVE_PHASE_4_5","2026-05-26T17:41:32.000Z","udfbe3e6-fba8-4f49-a81c-7523ecad0a47","","{}","MessagingEndUser","0PAg8000000ZSRFGA4","-8.0","17:37:00"
"Skywave_Airlines_Agent","AGENT","d296eb06-56ac-4e77-ace6-87ecf8bbc226","","EinsteinServiceAgent","Skywave_Airlines_Agent","SKYWAVE_PHASE_4_5","2026-05-27T17:16:37.000Z","a296eb06-56ac-4e77-ace6-87ecf8bbc226","","{}","GenAiPlannerDefinition","16jg8000000P8QbAAK","-7.0","17:10:00"
"Skywave_Airlines_Agent","USER","d296eb06-56ac-4e77-ace6-87ecf8bbc226","","EinsteinServiceAgent","Skywave_Airlines_Agent","SKYWAVE_PHASE_4_5","2026-05-27T17:16:37.000Z","u296eb06-56ac-4e77-ace6-87ecf8bbc226","","{}","MessagingEndUser","0PAg8000000ZSXhGAO","-7.0","17:10:00"
"Skywave_Airlines_Agent","AGENT","73986325-4d73-4df2-a23f-4b418945029a","","EinsteinServiceAgent","Skywave_Airlines_Agent","SKYWAVE_PHASE_4_5","2026-05-22T13:32:46.000Z","a3986325-4d73-4df2-a23f-4b418945029a","","{}","GenAiPlannerDefinition","16jg8000000P8QbAAK","-12.0","13:32:00"
"Skywave_Airlines_Agent","USER","73986325-4d73-4df2-a23f-4b418945029a","","EinsteinServiceAgent","Skywave_Airlines_Agent","SKYWAVE_PHASE_4_5","2026-05-22T13:32:46.000Z","u3986325-4d73-4df2-a23f-4b418945029a","","{}","MessagingEndUser","0PAg8000000ZTNJGA4","-12.0","13:32:00"
"Skywave_Airlines_Agent","AGENT","28738406-d9ec-4c67-ac6e-13df75fa62b4","","EinsteinServiceAgent","Skywave_Airlines_Agent","SKYWAVE_PHASE_4_5","2026-05-30T09:16:40.000Z","a8738406-d9ec-4c67-ac6e-13df75fa62b4","","{}","GenAiPlannerDefinition","16jg8000000P8QbAAK","-4.0","09:02:00"
"Skywave_Airlines_Agent","USER","28738406-d9ec-4c67-ac6e-13df75fa62b4","","EinsteinServiceAgent","Skywave_Airlines_Agent","SKYWAVE_PHASE_4_5","2026-05-30T09:16:40.000Z","u8738406-d9ec-4c67-ac6e-13df75fa62b4","","{}","MessagingEndUser","0PAg8000000ZUsrGAG","-4.0","09:02:00"
"Skywave_Airlines_Agent","AGENT","e6c958d8-6db4-4e7e-a92f-663813376e91","","EinsteinServiceAgent","Skywave_Airlines_Agent","SKYWAVE_PHASE_4_5","2026-05-28T16:58:19.000Z","a6c958d8-6db4-4e7e-a92f-663813376e91","","{}","GenAiPlannerDefinition","16jg8000000P8QbAAK","-6.0","16:55:00"
"Skywave_Airlines_Agent","USER","e6c958d8-6db4-4e7e-a92f-663813376e91","","EinsteinServiceAgent","Skywave_Airlines_Agent","SKYWAVE_PHASE_4_5","2026-05-28T16:58:19.000Z","u6c958d8-6db4-4e7e-a92f-663813376e91","","{}","MessagingEndUser","0PAg8000000ZVDpGAO","-6.0","16:55:00"
"Skywave_Airlines_Agent","AGENT","ab8b2235-96e7-4738-a629-22efa69c9817","","EinsteinServiceAgent","Skywave_Airlines_Agent","SKYWAVE_PHASE_4_5","2026-05-26T13:25:05.000Z","ab8b2235-96e7-4738-a629-22efa69c9817","","{}","GenAiPlannerDefinition","16jg8000000P8QbAAK","-8.0","13:23:00"
"Skywave_Airlines_Agent","USER","ab8b2235-96e7-4738-a629-22efa69c9817","","EinsteinServiceAgent","Skywave_Airlines_Agent","SKYWAVE_PHASE_4_5","2026-05-26T13:25:05.000Z","ub8b2235-96e7-4738-a629-22efa69c9817","","{}","MessagingEndUser","0PAg8000000ZfMrGAK","-8.0","13:23:00"
"Skywave_Airlines_Agent","AGENT","de407bb5-e33d-49d4-a336-6d05c16f6ece","","EinsteinServiceAgent","Skywave_Airlines_Agent","SKYWAVE_PHASE_4_5","2026-05-29T12:45:57.000Z","ae407bb5-e33d-49d4-a336-6d05c16f6ece","","{}","GenAiPlannerDefinition","16jg8000000P8QbAAK","-5.0","12:42:00"
"Skywave_Airlines_Agent","USER","de407bb5-e33d-49d4-a336-6d05c16f6ece","","EinsteinServiceAgent","Skywave_Airlines_Agent","SKYWAVE_PHASE_4_5","2026-05-29T12:45:57.000Z","ue407bb5-e33d-49d4-a336-6d05c16f6ece","","{}","MessagingEndUser","0PAg8000000Zim9GAC","-5.0","12:42:00"
"Skywave_Airlines_Agent","AGENT","293fc297-3bfa-4417-a530-3bd9b0934edd","","EinsteinServiceAgent","Skywave_Airlines_Agent","SKYWAVE_PHASE_4_5","2026-05-20T08:42:23.000Z","a93fc297-3bfa-4417-a530-3bd9b0934edd","","{}","GenAiPlannerDefinition","16jg8000000P8QbAAK","-14.0","08:42:00"
"Skywave_Airlines_Agent","USER","293fc297-3bfa-4417-a530-3bd9b0934edd","","EinsteinServiceAgent","Skywave_Airlines_Agent","SKYWAVE_PHASE_4_5","2026-05-20T08:42:23.000Z","u93fc297-3bfa-4417-a530-3bd9b0934edd","","{}","MessagingEndUser","0PAg8000000ZjblGAC","-14.0","08:42:00"
"Skywave_Airlines_Agent","AGENT","cbd4e804-7fdd-461b-a786-83c8d68467ae","","EinsteinServiceAgent","Skywave_Airlines_Agent","SKYWAVE_PHASE_4_5","2026-05-21T16:42:27.000Z","abd4e804-7fdd-461b-a786-83c8d68467ae","","{}","GenAiPlannerDefinition","16jg8000000P8QbAAK","-13.0","16:40:00"
"Skywave_Airlines_Agent","USER","cbd4e804-7fdd-461b-a786-83c8d68467ae","","EinsteinServiceAgent","Skywave_Airlines_Agent","SKYWAVE_PHASE_4_5","2026-05-21T16:42:27.000Z","ubd4e804-7fdd-461b-a786-83c8d68467ae","","{}","MessagingEndUser","0PAg8000000Zl5hGAC","-13.0","16:40:00"
"Skywave_Airlines_Agent","AGENT","8bb69671-3e85-43c1-a954-a4505b13f073","","EinsteinServiceAgent","Skywave_Airlines_Agent","SKYWAVE_PHASE_4_5","2026-05-27T18:59:27.000Z","abb69671-3e85-43c1-a954-a4505b13f073","","{}","GenAiPlannerDefinition","16jg8000000P8QbAAK","-7.0","18:54:00"
"Skywave_Airlines_Agent","USER","8bb69671-3e85-43c1-a954-a4505b13f073","","EinsteinServiceAgent","Skywave_Airlines_Agent","SKYWAVE_PHASE_4_5","2026-05-27T18:59:27.000Z","ubb69671-3e85-43c1-a954-a4505b13f073","","{}","MessagingEndUser","0PAg8000000ZlTtGAK","-7.0","18:54:00"
"Skywave_Airlines_Agent","AGENT","28ca6435-65ad-4f7a-a1d8-9bc5573f16a0","","EinsteinServiceAgent","Skywave_Airlines_Agent","SKYWAVE_PHASE_4_5","2026-05-25T08:57:19.000Z","a8ca6435-65ad-4f7a-a1d8-9bc5573f16a0","","{}","GenAiPlannerDefinition","16jg8000000P8QbAAK","-9.0","08:51:00"
"Skywave_Airlines_Agent","USER","28ca6435-65ad-4f7a-a1d8-9bc5573f16a0","","EinsteinServiceAgent","Skywave_Airlines_Agent","SKYWAVE_PHASE_4_5","2026-05-25T08:57:19.000Z","u8ca6435-65ad-4f7a-a1d8-9bc5573f16a0","","{}","MessagingEndUser","0PAg8000000ZpBpGAK","-9.0","08:51:00"
"Skywave_Airlines_Agent","AGENT","a40c8fdf-8bf0-47a4-ae49-a9d266ac7362","","EinsteinServiceAgent","Skywave_Airlines_Agent","SKYWAVE_PHASE_4_5","2026-05-20T12:50:51.000Z","a40c8fdf-8bf0-47a4-ae49-a9d266ac7362","","{}","GenAiPlannerDefinition","16jg8000000P8QbAAK","-14.0","12:50:00"
"Skywave_Airlines_Agent","USER","a40c8fdf-8bf0-47a4-ae49-a9d266ac7362","","EinsteinServiceAgent","Skywave_Airlines_Agent","SKYWAVE_PHASE_4_5","2026-05-20T12:50:51.000Z","u40c8fdf-8bf0-47a4-ae49-a9d266ac7362","","{}","MessagingEndUser","0PAg8000000ZqYPGA0","-14.0","12:50:00"
"Skywave_Airlines_Agent","AGENT","566e35bc-b781-432b-a362-adb983d35275","","EinsteinServiceAgent","Skywave_Airlines_Agent","SKYWAVE_PHASE_4_5","2026-05-22T13:22:48.000Z","a66e35bc-b781-432b-a362-adb983d35275","","{}","GenAiPlannerDefinition","16jg8000000P8QbAAK","-12.0","13:18:00"
"Skywave_Airlines_Agent","USER","566e35bc-b781-432b-a362-adb983d35275","","EinsteinServiceAgent","Skywave_Airlines_Agent","SKYWAVE_PHASE_4_5","2026-05-22T13:22:48.000Z","u66e35bc-b781-432b-a362-adb983d35275","","{}","MessagingEndUser","0PAg8000000Zqa1GAC","-12.0","13:18:00"
"Skywave_Airlines_Agent","AGENT","c9de933d-ed30-46ed-aa36-e424d453b093","","EinsteinServiceAgent","Skywave_Airlines_Agent","SKYWAVE_PHASE_4_5","2026-06-02T18:31:16.000Z","a9de933d-ed30-46ed-aa36-e424d453b093","","{}","GenAiPlannerDefinition","16jg8000000P8QbAAK","-1.0","18:22:00"
"Skywave_Airlines_Agent","USER","c9de933d-ed30-46ed-aa36-e424d453b093","","EinsteinServiceAgent","Skywave_Airlines_Agent","SKYWAVE_PHASE_4_5","2026-06-02T18:31:16.000Z","u9de933d-ed30-46ed-aa36-e424d453b093","","{}","MessagingEndUser","0PAg8000000Zr1RGAS","-1.0","18:22:00"
"Skywave_Airlines_Agent","AGENT","f387fbd4-6401-4ce5-aa4b-15c775e87c5a","","EinsteinServiceAgent","Skywave_Airlines_Agent","SKYWAVE_PHASE_4_5","2026-06-02T16:07:24.000Z","a387fbd4-6401-4ce5-aa4b-15c775e87c5a","","{}","GenAiPlannerDefinition","16jg8000000P8QbAAK","-1.0","16:07:00"
"Skywave_Airlines_Agent","USER","f387fbd4-6401-4ce5-aa4b-15c775e87c5a","","EinsteinServiceAgent","Skywave_Airlines_Agent","SKYWAVE_PHASE_4_5","2026-06-02T16:07:24.000Z","u387fbd4-6401-4ce5-aa4b-15c775e87c5a","","{}","MessagingEndUser","0PAg8000000ZrCjGAK","-1.0","16:07:00"
"Skywave_Airlines_Agent","AGENT","544d3f4f-2885-40ea-a023-fdf1fe09e42f","","EinsteinServiceAgent","Skywave_Airlines_Agent","SKYWAVE_PHASE_4_5","2026-05-21T14:27:52.000Z","a44d3f4f-2885-40ea-a023-fdf1fe09e42f","","{}","GenAiPlannerDefinition","16jg8000000P8QbAAK","-13.0","14:25:00"
"Skywave_Airlines_Agent","USER","544d3f4f-2885-40ea-a023-fdf1fe09e42f","","EinsteinServiceAgent","Skywave_Airlines_Agent","SKYWAVE_PHASE_4_5","2026-05-21T14:27:52.000Z","u44d3f4f-2885-40ea-a023-fdf1fe09e42f","","{}","MessagingEndUser","0PAg8000000ZMaLGAW","-13.0","14:25:00"
"Skywave_Airlines_Agent","AGENT","14922ad9-90b3-4444-acf7-8b645e01f09d","","EinsteinServiceAgent","Skywave_Airlines_Agent","SKYWAVE_PHASE_4_5","2026-06-02T08:14:54.000Z","a4922ad9-90b3-4444-acf7-8b645e01f09d","","{}","GenAiPlannerDefinition","16jg8000000P8QbAAK","-1.0","08:14:00"
"Skywave_Airlines_Agent","USER","14922ad9-90b3-4444-acf7-8b645e01f09d","","EinsteinServiceAgent","Skywave_Airlines_Agent","SKYWAVE_PHASE_4_5","2026-06-02T08:14:54.000Z","u4922ad9-90b3-4444-acf7-8b645e01f09d","","{}","MessagingEndUser","0PAg8000000ZOM1GAO","-1.0","08:14:00"
"Skywave_Airlines_Agent","AGENT","d067e117-48f4-4244-a4f5-d9a138cd18eb","","EinsteinServiceAgent","Skywave_Airlines_Agent","SKYWAVE_PHASE_4_5","2026-06-02T13:43:34.000Z","a067e117-48f4-4244-a4f5-d9a138cd18eb","","{}","GenAiPlannerDefinition","16jg8000000P8QbAAK","-1.0","13:41:00"
"Skywave_Airlines_Agent","USER","d067e117-48f4-4244-a4f5-d9a138cd18eb","","EinsteinServiceAgent","Skywave_Airlines_Agent","SKYWAVE_PHASE_4_5","2026-06-02T13:43:34.000Z","u067e117-48f4-4244-a4f5-d9a138cd18eb","","{}","MessagingEndUser","0PAg8000000ZOgzGAG","-1.0","13:41:00"
"Skywave_Airlines_Agent","AGENT","e9061720-7ee9-4aa9-a7b9-088a44724ec2","","EinsteinServiceAgent","Skywave_Airlines_Agent","SKYWAVE_PHASE_4_5","2026-06-01T16:38:23.000Z","a9061720-7ee9-4aa9-a7b9-088a44724ec2","","{}","GenAiPlannerDefinition","16jg8000000P8QbAAK","-2.0","16:34:00"
"Skywave_Airlines_Agent","USER","e9061720-7ee9-4aa9-a7b9-088a44724ec2","","EinsteinServiceAgent","Skywave_Airlines_Agent","SKYWAVE_PHASE_4_5","2026-06-01T16:38:23.000Z","u9061720-7ee9-4aa9-a7b9-088a44724ec2","","{}","MessagingEndUser","0PAg8000000ZOibGAG","-2.0","16:34:00"
"Skywave_Airlines_Agent","AGENT","94148ba5-d821-41f8-ac7b-920ad8825ee9","","EinsteinServiceAgent","Skywave_Airlines_Agent","SKYWAVE_PHASE_4_5","2026-05-28T15:20:53.000Z","a4148ba5-d821-41f8-ac7b-920ad8825ee9","","{}","GenAiPlannerDefinition","16jg8000000P8QbAAK","-6.0","15:20:00"
"Skywave_Airlines_Agent","USER","94148ba5-d821-41f8-ac7b-920ad8825ee9","","EinsteinServiceAgent","Skywave_Airlines_Agent","SKYWAVE_PHASE_4_5","2026-05-28T15:20:53.000Z","u4148ba5-d821-41f8-ac7b-920ad8825ee9","","{}","MessagingEndUser","0PAg8000000ZOvVGAW","-6.0","15:20:00"
"Skywave_Airlines_Agent","AGENT","6ecf46e7-fccf-4e3f-a4ed-8f8db12f5279","","EinsteinServiceAgent","Skywave_Airlines_Agent","SKYWAVE_PHASE_4_5","2026-05-27T13:06:20.000Z","aecf46e7-fccf-4e3f-a4ed-8f8db12f5279","","{}","GenAiPlannerDefinition","16jg8000000P8QbAAK","-7.0","13:05:00"
"Skywave_Airlines_Agent","USER","6ecf46e7-fccf-4e3f-a4ed-8f8db12f5279","","EinsteinServiceAgent","Skywave_Airlines_Agent","SKYWAVE_PHASE_4_5","2026-05-27T13:06:20.000Z","uecf46e7-fccf-4e3f-a4ed-8f8db12f5279","","{}","MessagingEndUser","0PAg8000000ZP6nGAG","-7.0","13:05:00"
"Skywave_Airlines_Agent","AGENT","2ddbd2bb-5387-4e84-a06c-19b0eaff1b83","","EinsteinServiceAgent","Skywave_Airlines_Agent","SKYWAVE_PHASE_4_5","2026-05-22T12:55:39.000Z","addbd2bb-5387-4e84-a06c-19b0eaff1b83","","{}","GenAiPlannerDefinition","16jg8000000P8QbAAK","-12.0","12:55:00"
"Skywave_Airlines_Agent","USER","2ddbd2bb-5387-4e84-a06c-19b0eaff1b83","","EinsteinServiceAgent","Skywave_Airlines_Agent","SKYWAVE_PHASE_4_5","2026-05-22T12:55:39.000Z","uddbd2bb-5387-4e84-a06c-19b0eaff1b83","","{}","MessagingEndUser","0PAg8000000ZP8PGAW","-12.0","12:55:00"
"Skywave_Airlines_Agent","AGENT","95dd4a66-8a18-4a1e-a0c9-b01f8ab541b5","","EinsteinServiceAgent","Skywave_Airlines_Agent","SKYWAVE_PHASE_4_5","2026-05-27T17:22:12.000Z","a5dd4a66-8a18-4a1e-a0c9-b01f8ab541b5","","{}","GenAiPlannerDefinition","16jg8000000P8QbAAK","-7.0","17:16:00"
"Skywave_Airlines_Agent","USER","95dd4a66-8a18-4a1e-a0c9-b01f8ab541b5","","EinsteinServiceAgent","Skywave_Airlines_Agent","SKYWAVE_PHASE_4_5","2026-05-27T17:22:12.000Z","u5dd4a66-8a18-4a1e-a0c9-b01f8ab541b5","","{}","MessagingEndUser","0PAg8000000ZPd3GAG","-7.0","17:16:00"
"Skywave_Airlines_Agent","AGENT","6987e5e8-c042-4ff9-ac77-c7152a5eb4da","","EinsteinServiceAgent","Skywave_Airlines_Agent","SKYWAVE_PHASE_4_5","2026-05-25T19:41:55.000Z","a987e5e8-c042-4ff9-ac77-c7152a5eb4da","","{}","GenAiPlannerDefinition","16jg8000000P8QbAAK","-9.0","19:37:00"
"Skywave_Airlines_Agent","USER","6987e5e8-c042-4ff9-ac77-c7152a5eb4da","","EinsteinServiceAgent","Skywave_Airlines_Agent","SKYWAVE_PHASE_4_5","2026-05-25T19:41:55.000Z","u987e5e8-c042-4ff9-ac77-c7152a5eb4da","","{}","MessagingEndUser","0PAg8000000ZPtBGAW","-9.0","19:37:00"
"Skywave_Airlines_Agent","AGENT","bb410fd9-097b-4f58-aad0-132aba967735","","EinsteinServiceAgent","Skywave_Airlines_Agent","SKYWAVE_PHASE_4_5","2026-05-26T11:35:22.000Z","ab410fd9-097b-4f58-aad0-132aba967735","","{}","GenAiPlannerDefinition","16jg8000000P8QbAAK","-8.0","11:31:00"
"Skywave_Airlines_Agent","USER","bb410fd9-097b-4f58-aad0-132aba967735","","EinsteinServiceAgent","Skywave_Airlines_Agent","SKYWAVE_PHASE_4_5","2026-05-26T11:35:22.000Z","ub410fd9-097b-4f58-aad0-132aba967735","","{}","MessagingEndUser","0PAg8000000ZRgTGAW","-8.0","11:31:00"
"Skywave_Airlines_Agent","AGENT","4048e5ad-d8c1-4239-ae4a-364810e95cef","","EinsteinServiceAgent","Skywave_Airlines_Agent","SKYWAVE_PHASE_4_5","2026-05-20T12:29:43.000Z","a048e5ad-d8c1-4239-ae4a-364810e95cef","","{}","GenAiPlannerDefinition","16jg8000000P8QbAAK","-14.0","12:27:00"
"Skywave_Airlines_Agent","USER","4048e5ad-d8c1-4239-ae4a-364810e95cef","","EinsteinServiceAgent","Skywave_Airlines_Agent","SKYWAVE_PHASE_4_5","2026-05-20T12:29:43.000Z","u048e5ad-d8c1-4239-ae4a-364810e95cef","","{}","MessagingEndUser","0PAg8000000ZSRFGA4","-14.0","12:27:00"
"Skywave_Airlines_Agent","AGENT","f04d6e62-cf57-43bb-aee5-d75cb369a098","","EinsteinServiceAgent","Skywave_Airlines_Agent","SKYWAVE_PHASE_4_5","2026-05-22T15:46:30.000Z","a04d6e62-cf57-43bb-aee5-d75cb369a098","","{}","GenAiPlannerDefinition","16jg8000000P8QbAAK","-12.0","15:44:00"
"Skywave_Airlines_Agent","USER","f04d6e62-cf57-43bb-aee5-d75cb369a098","","EinsteinServiceAgent","Skywave_Airlines_Agent","SKYWAVE_PHASE_4_5","2026-05-22T15:46:30.000Z","u04d6e62-cf57-43bb-aee5-d75cb369a098","","{}","MessagingEndUser","0PAg8000000ZSXhGAO","-12.0","15:44:00"
"Skywave_Airlines_Agent","AGENT","4f3bc141-0187-44af-af6e-7355c68d2cac","","EinsteinServiceAgent","Skywave_Airlines_Agent","SKYWAVE_PHASE_4_5","2026-05-27T15:02:18.000Z","af3bc141-0187-44af-af6e-7355c68d2cac","","{}","GenAiPlannerDefinition","16jg8000000P8QbAAK","-7.0","15:01:00"
"Skywave_Airlines_Agent","USER","4f3bc141-0187-44af-af6e-7355c68d2cac","","EinsteinServiceAgent","Skywave_Airlines_Agent","SKYWAVE_PHASE_4_5","2026-05-27T15:02:18.000Z","uf3bc141-0187-44af-af6e-7355c68d2cac","","{}","MessagingEndUser","0PAg8000000ZTNJGA4","-7.0","15:01:00"
"Skywave_Airlines_Agent","AGENT","c57da819-0810-4382-a703-09b7ae1fa124","","EinsteinServiceAgent","Skywave_Airlines_Agent","SKYWAVE_PHASE_4_5","2026-05-27T14:23:52.000Z","a57da819-0810-4382-a703-09b7ae1fa124","","{}","GenAiPlannerDefinition","16jg8000000P8QbAAK","-7.0","14:17:00"
"Skywave_Airlines_Agent","USER","c57da819-0810-4382-a703-09b7ae1fa124","","EinsteinServiceAgent","Skywave_Airlines_Agent","SKYWAVE_PHASE_4_5","2026-05-27T14:23:52.000Z","u57da819-0810-4382-a703-09b7ae1fa124","","{}","MessagingEndUser","0PAg8000000ZUsrGAG","-7.0","14:17:00"
"Skywave_Airlines_Agent","AGENT","f2934058-8713-4a3d-a92b-22c96be291a0","","EinsteinServiceAgent","Skywave_Airlines_Agent","SKYWAVE_PHASE_4_5","2026-05-28T19:34:44.000Z","a2934058-8713-4a3d-a92b-22c96be291a0","","{}","GenAiPlannerDefinition","16jg8000000P8QbAAK","-6.0","19:32:00"
"Skywave_Airlines_Agent","USER","f2934058-8713-4a3d-a92b-22c96be291a0","","EinsteinServiceAgent","Skywave_Airlines_Agent","SKYWAVE_PHASE_4_5","2026-05-28T19:34:44.000Z","u2934058-8713-4a3d-a92b-22c96be291a0","","{}","MessagingEndUser","0PAg8000000ZVDpGAO","-6.0","19:32:00"
"Skywave_Airlines_Agent","AGENT","33c96ed5-006e-4361-a8c2-e901b03f8167","","EinsteinServiceAgent","Skywave_Airlines_Agent","SKYWAVE_PHASE_4_5","2026-05-27T10:33:34.000Z","a3c96ed5-006e-4361-a8c2-e901b03f8167","","{}","GenAiPlannerDefinition","16jg8000000P8QbAAK","-7.0","10:33:00"
"Skywave_Airlines_Agent","USER","33c96ed5-006e-4361-a8c2-e901b03f8167","","EinsteinServiceAgent","Skywave_Airlines_Agent","SKYWAVE_PHASE_4_5","2026-05-27T10:33:34.000Z","u3c96ed5-006e-4361-a8c2-e901b03f8167","","{}","MessagingEndUser","0PAg8000000ZfMrGAK","-7.0","10:33:00"
"Skywave_Airlines_Agent","AGENT","a49201da-3ca8-4116-a9b4-8376d96ff55a","","EinsteinServiceAgent","Skywave_Airlines_Agent","SKYWAVE_PHASE_4_5","2026-05-27T14:45:19.000Z","a49201da-3ca8-4116-a9b4-8376d96ff55a","","{}","GenAiPlannerDefinition","16jg8000000P8QbAAK","-7.0","14:44:00"
"Skywave_Airlines_Agent","USER","a49201da-3ca8-4116-a9b4-8376d96ff55a","","EinsteinServiceAgent","Skywave_Airlines_Agent","SKYWAVE_PHASE_4_5","2026-05-27T14:45:19.000Z","u49201da-3ca8-4116-a9b4-8376d96ff55a","","{}","MessagingEndUser","0PAg8000000Zim9GAC","-7.0","14:44:00"
"Skywave_Airlines_Agent","AGENT","ceba1b7e-4333-467d-a860-8532e4e63978","","EinsteinServiceAgent","Skywave_Airlines_Agent","SKYWAVE_PHASE_4_5","2026-05-28T15:33:00.000Z","aeba1b7e-4333-467d-a860-8532e4e63978","","{}","GenAiPlannerDefinition","16jg8000000P8QbAAK","-6.0","15:32:00"
"Skywave_Airlines_Agent","USER","ceba1b7e-4333-467d-a860-8532e4e63978","","EinsteinServiceAgent","Skywave_Airlines_Agent","SKYWAVE_PHASE_4_5","2026-05-28T15:33:00.000Z","ueba1b7e-4333-467d-a860-8532e4e63978","","{}","MessagingEndUser","0PAg8000000ZjblGAC","-6.0","15:32:00"
"Skywave_Airlines_Agent","AGENT","1566249e-b2a0-4503-aa47-cd4dd18017b5","","EinsteinServiceAgent","Skywave_Airlines_Agent","SKYWAVE_PHASE_4_5","2026-05-30T10:39:34.000Z","a566249e-b2a0-4503-aa47-cd4dd18017b5","","{}","GenAiPlannerDefinition","16jg8000000P8QbAAK","-4.0","10:36:00"
"Skywave_Airlines_Agent","USER","1566249e-b2a0-4503-aa47-cd4dd18017b5","","EinsteinServiceAgent","Skywave_Airlines_Agent","SKYWAVE_PHASE_4_5","2026-05-30T10:39:34.000Z","u566249e-b2a0-4503-aa47-cd4dd18017b5","","{}","MessagingEndUser","0PAg8000000Zl5hGAC","-4.0","10:36:00"
"Skywave_Airlines_Agent","AGENT","1ef2fb75-a175-447e-ad83-9fde26e7835f","","EinsteinServiceAgent","Skywave_Airlines_Agent","SKYWAVE_PHASE_4_5","2026-06-01T17:28:08.000Z","aef2fb75-a175-447e-ad83-9fde26e7835f","","{}","GenAiPlannerDefinition","16jg8000000P8QbAAK","-2.0","17:19:00"
"Skywave_Airlines_Agent","USER","1ef2fb75-a175-447e-ad83-9fde26e7835f","","EinsteinServiceAgent","Skywave_Airlines_Agent","SKYWAVE_PHASE_4_5","2026-06-01T17:28:08.000Z","uef2fb75-a175-447e-ad83-9fde26e7835f","","{}","MessagingEndUser","0PAg8000000ZlTtGAK","-2.0","17:19:00"
"Skywave_Airlines_Agent","AGENT","9acff8c0-8643-464a-ae1a-58b590d9579c","","EinsteinServiceAgent","Skywave_Airlines_Agent","SKYWAVE_PHASE_4_5","2026-05-29T12:36:49.000Z","aacff8c0-8643-464a-ae1a-58b590d9579c","","{}","GenAiPlannerDefinition","16jg8000000P8QbAAK","-5.0","12:36:00"
"Skywave_Airlines_Agent","USER","9acff8c0-8643-464a-ae1a-58b590d9579c","","EinsteinServiceAgent","Skywave_Airlines_Agent","SKYWAVE_PHASE_4_5","2026-05-29T12:36:49.000Z","uacff8c0-8643-464a-ae1a-58b590d9579c","","{}","MessagingEndUser","0PAg8000000ZpBpGAK","-5.0","12:36:00"
"Skywave_Airlines_Agent","AGENT","dbd83069-5419-409e-a6f0-6a55b2995b5c","","EinsteinServiceAgent","Skywave_Airlines_Agent","SKYWAVE_PHASE_4_5","2026-05-27T16:43:25.000Z","abd83069-5419-409e-a6f0-6a55b2995b5c","","{}","GenAiPlannerDefinition","16jg8000000P8QbAAK","-7.0","16:38:00"
"Skywave_Airlines_Agent","USER","dbd83069-5419-409e-a6f0-6a55b2995b5c","","EinsteinServiceAgent","Skywave_Airlines_Agent","SKYWAVE_PHASE_4_5","2026-05-27T16:43:25.000Z","ubd83069-5419-409e-a6f0-6a55b2995b5c","","{}","MessagingEndUser","0PAg8000000ZqYPGA0","-7.0","16:38:00"
"Skywave_Airlines_Agent","AGENT","0f45d290-db57-420b-acae-d7d338b17cba","","EinsteinServiceAgent","Skywave_Airlines_Agent","SKYWAVE_PHASE_4_5","2026-05-30T17:47:18.000Z","af45d290-db57-420b-acae-d7d338b17cba","","{}","GenAiPlannerDefinition","16jg8000000P8QbAAK","-4.0","17:46:00"
"Skywave_Airlines_Agent","USER","0f45d290-db57-420b-acae-d7d338b17cba","","EinsteinServiceAgent","Skywave_Airlines_Agent","SKYWAVE_PHASE_4_5","2026-05-30T17:47:18.000Z","uf45d290-db57-420b-acae-d7d338b17cba","","{}","MessagingEndUser","0PAg8000000Zqa1GAC","-4.0","17:46:00"
"Skywave_Airlines_Agent","AGENT","7d84821b-2955-49c4-a1c3-92dd6e0a3d0a","","EinsteinServiceAgent","Skywave_Airlines_Agent","SKYWAVE_PHASE_4_5","2026-05-31T11:33:59.000Z","ad84821b-2955-49c4-a1c3-92dd6e0a3d0a","","{}","GenAiPlannerDefinition","16jg8000000P8QbAAK","-3.0","11:33:00"
"Skywave_Airlines_Agent","USER","7d84821b-2955-49c4-a1c3-92dd6e0a3d0a","","EinsteinServiceAgent","Skywave_Airlines_Agent","SKYWAVE_PHASE_4_5","2026-05-31T11:33:59.000Z","ud84821b-2955-49c4-a1c3-92dd6e0a3d0a","","{}","MessagingEndUser","0PAg8000000Zr1RGAS","-3.0","11:33:00"
"Skywave_Airlines_Agent","AGENT","0d17a3e7-0a9c-4e69-a5ad-ee865b4a7f6e","","EinsteinServiceAgent","Skywave_Airlines_Agent","SKYWAVE_PHASE_4_5","2026-06-01T09:52:08.000Z","ad17a3e7-0a9c-4e69-a5ad-ee865b4a7f6e","","{}","GenAiPlannerDefinition","16jg8000000P8QbAAK","-2.0","09:42:00"
"Skywave_Airlines_Agent","USER","0d17a3e7-0a9c-4e69-a5ad-ee865b4a7f6e","","EinsteinServiceAgent","Skywave_Airlines_Agent","SKYWAVE_PHASE_4_5","2026-06-01T09:52:08.000Z","ud17a3e7-0a9c-4e69-a5ad-ee865b4a7f6e","","{}","MessagingEndUser","0PAg8000000ZrCjGAK","-2.0","09:42:00"
"Skywave_Airlines_Agent","AGENT","205161a7-21a1-4478-a3fd-3f3a4d816acb","","EinsteinServiceAgent","Skywave_Airlines_Agent","SKYWAVE_PHASE_4_5","2026-05-24T19:44:37.000Z","a05161a7-21a1-4478-a3fd-3f3a4d816acb","","{}","GenAiPlannerDefinition","16jg8000000P8QbAAK","-10.0","19:36:00"
"Skywave_Airlines_Agent","USER","205161a7-21a1-4478-a3fd-3f3a4d816acb","","EinsteinServiceAgent","Skywave_Airlines_Agent","SKYWAVE_PHASE_4_5","2026-05-24T19:44:37.000Z","u05161a7-21a1-4478-a3fd-3f3a4d816acb","","{}","MessagingEndUser","0PAg8000000ZMaLGAW","-10.0","19:36:00"
"Skywave_Airlines_Agent","AGENT","131c541b-1a1a-4511-a81d-09595d73a747","","EinsteinServiceAgent","Skywave_Airlines_Agent","SKYWAVE_PHASE_4_5","2026-05-24T18:22:20.000Z","a31c541b-1a1a-4511-a81d-09595d73a747","","{}","GenAiPlannerDefinition","16jg8000000P8QbAAK","-10.0","18:20:00"
"Skywave_Airlines_Agent","USER","131c541b-1a1a-4511-a81d-09595d73a747","","EinsteinServiceAgent","Skywave_Airlines_Agent","SKYWAVE_PHASE_4_5","2026-05-24T18:22:20.000Z","u31c541b-1a1a-4511-a81d-09595d73a747","","{}","MessagingEndUser","0PAg8000000ZOM1GAO","-10.0","18:20:00"
"Skywave_Airlines_Agent","AGENT","77c2706f-2037-4f38-aaf4-98531717cd46","","EinsteinServiceAgent","Skywave_Airlines_Agent","SKYWAVE_PHASE_4_5","2026-05-21T08:55:42.000Z","a7c2706f-2037-4f38-aaf4-98531717cd46","","{}","GenAiPlannerDefinition","16jg8000000P8QbAAK","-13.0","08:55:00"
"Skywave_Airlines_Agent","USER","77c2706f-2037-4f38-aaf4-98531717cd46","","EinsteinServiceAgent","Skywave_Airlines_Agent","SKYWAVE_PHASE_4_5","2026-05-21T08:55:42.000Z","u7c2706f-2037-4f38-aaf4-98531717cd46","","{}","MessagingEndUser","0PAg8000000ZOgzGAG","-13.0","08:55:00"
"Skywave_Airlines_Agent","AGENT","d4256d66-76ef-4adb-a872-1d141ec5691d","","EinsteinServiceAgent","Skywave_Airlines_Agent","SKYWAVE_PHASE_4_5","2026-05-26T13:03:59.000Z","a4256d66-76ef-4adb-a872-1d141ec5691d","","{}","GenAiPlannerDefinition","16jg8000000P8QbAAK","-8.0","13:03:00"
"Skywave_Airlines_Agent","USER","d4256d66-76ef-4adb-a872-1d141ec5691d","","EinsteinServiceAgent","Skywave_Airlines_Agent","SKYWAVE_PHASE_4_5","2026-05-26T13:03:59.000Z","u4256d66-76ef-4adb-a872-1d141ec5691d","","{}","MessagingEndUser","0PAg8000000ZOibGAG","-8.0","13:03:00"
"Skywave_Airlines_Agent","AGENT","5a55a42f-1178-4611-a79a-cdd119ded4fa","","EinsteinServiceAgent","Skywave_Airlines_Agent","SKYWAVE_PHASE_4_5","2026-05-30T17:33:44.000Z","aa55a42f-1178-4611-a79a-cdd119ded4fa","","{}","GenAiPlannerDefinition","16jg8000000P8QbAAK","-4.0","17:33:00"
"Skywave_Airlines_Agent","USER","5a55a42f-1178-4611-a79a-cdd119ded4fa","","EinsteinServiceAgent","Skywave_Airlines_Agent","SKYWAVE_PHASE_4_5","2026-05-30T17:33:44.000Z","ua55a42f-1178-4611-a79a-cdd119ded4fa","","{}","MessagingEndUser","0PAg8000000ZOvVGAW","-4.0","17:33:00"
"Skywave_Airlines_Agent","AGENT","7d4cbf05-b7e0-4754-a422-57dd945925c2","","EinsteinServiceAgent","Skywave_Airlines_Agent","SKYWAVE_PHASE_4_5","2026-05-25T11:59:50.000Z","ad4cbf05-b7e0-4754-a422-57dd945925c2","","{}","GenAiPlannerDefinition","16jg8000000P8QbAAK","-9.0","11:59:00"
"Skywave_Airlines_Agent","USER","7d4cbf05-b7e0-4754-a422-57dd945925c2","","EinsteinServiceAgent","Skywave_Airlines_Agent","SKYWAVE_PHASE_4_5","2026-05-25T11:59:50.000Z","ud4cbf05-b7e0-4754-a422-57dd945925c2","","{}","MessagingEndUser","0PAg8000000ZP6nGAG","-9.0","11:59:00"
"Skywave_Airlines_Agent","AGENT","2c6c74d6-66ae-4949-afa9-bc07ffa40b0c","","EinsteinServiceAgent","Skywave_Airlines_Agent","SKYWAVE_PHASE_4_5","2026-05-28T08:15:57.000Z","ac6c74d6-66ae-4949-afa9-bc07ffa40b0c","","{}","GenAiPlannerDefinition","16jg8000000P8QbAAK","-6.0","08:14:00"
"Skywave_Airlines_Agent","USER","2c6c74d6-66ae-4949-afa9-bc07ffa40b0c","","EinsteinServiceAgent","Skywave_Airlines_Agent","SKYWAVE_PHASE_4_5","2026-05-28T08:15:57.000Z","uc6c74d6-66ae-4949-afa9-bc07ffa40b0c","","{}","MessagingEndUser","0PAg8000000ZP8PGAW","-6.0","08:14:00"
"Skywave_Airlines_Agent","AGENT","a003ec71-0bb2-4641-a0ea-80779452da0e","","EinsteinServiceAgent","Skywave_Airlines_Agent","SKYWAVE_PHASE_4_5","2026-05-25T17:16:39.000Z","a003ec71-0bb2-4641-a0ea-80779452da0e","","{}","GenAiPlannerDefinition","16jg8000000P8QbAAK","-9.0","17:16:00"
"Skywave_Airlines_Agent","USER","a003ec71-0bb2-4641-a0ea-80779452da0e","","EinsteinServiceAgent","Skywave_Airlines_Agent","SKYWAVE_PHASE_4_5","2026-05-25T17:16:39.000Z","u003ec71-0bb2-4641-a0ea-80779452da0e","","{}","MessagingEndUser","0PAg8000000ZPd3GAG","-9.0","17:16:00"
"Skywave_Airlines_Agent","AGENT","19c032a8-8b3c-40ab-ab25-dead61a508b0","","EinsteinServiceAgent","Skywave_Airlines_Agent","SKYWAVE_PHASE_4_5","2026-05-26T08:41:43.000Z","a9c032a8-8b3c-40ab-ab25-dead61a508b0","","{}","GenAiPlannerDefinition","16jg8000000P8QbAAK","-8.0","08:37:00"
"Skywave_Airlines_Agent","USER","19c032a8-8b3c-40ab-ab25-dead61a508b0","","EinsteinServiceAgent","Skywave_Airlines_Agent","SKYWAVE_PHASE_4_5","2026-05-26T08:41:43.000Z","u9c032a8-8b3c-40ab-ab25-dead61a508b0","","{}","MessagingEndUser","0PAg8000000ZPtBGAW","-8.0","08:37:00"
"Skywave_Airlines_Agent","AGENT","8df6cd5e-9de2-4378-a36a-5ef0cb297446","","EinsteinServiceAgent","Skywave_Airlines_Agent","SKYWAVE_PHASE_4_5","2026-06-02T08:52:59.000Z","adf6cd5e-9de2-4378-a36a-5ef0cb297446","","{}","GenAiPlannerDefinition","16jg8000000P8QbAAK","-1.0","08:45:00"
"Skywave_Airlines_Agent","USER","8df6cd5e-9de2-4378-a36a-5ef0cb297446","","EinsteinServiceAgent","Skywave_Airlines_Agent","SKYWAVE_PHASE_4_5","2026-06-02T08:52:59.000Z","udf6cd5e-9de2-4378-a36a-5ef0cb297446","","{}","MessagingEndUser","0PAg8000000ZRgTGAW","-1.0","08:45:00"
"Skywave_Airlines_Agent","AGENT","3b3498f3-a17f-4b9b-a41c-e7f6b08ee50e","","EinsteinServiceAgent","Skywave_Airlines_Agent","SKYWAVE_PHASE_4_5","2026-05-26T19:13:27.000Z","ab3498f3-a17f-4b9b-a41c-e7f6b08ee50e","","{}","GenAiPlannerDefinition","16jg8000000P8QbAAK","-8.0","19:11:00"
"Skywave_Airlines_Agent","USER","3b3498f3-a17f-4b9b-a41c-e7f6b08ee50e","","EinsteinServiceAgent","Skywave_Airlines_Agent","SKYWAVE_PHASE_4_5","2026-05-26T19:13:27.000Z","ub3498f3-a17f-4b9b-a41c-e7f6b08ee50e","","{}","MessagingEndUser","0PAg8000000ZSRFGA4","-8.0","19:11:00"
"Skywave_Airlines_Agent","AGENT","4999e94d-e3f1-40b5-a61a-17003a3f0174","","EinsteinServiceAgent","Skywave_Airlines_Agent","SKYWAVE_PHASE_4_5","2026-05-23T14:44:35.000Z","a999e94d-e3f1-40b5-a61a-17003a3f0174","","{}","GenAiPlannerDefinition","16jg8000000P8QbAAK","-11.0","14:38:00"
"Skywave_Airlines_Agent","USER","4999e94d-e3f1-40b5-a61a-17003a3f0174","","EinsteinServiceAgent","Skywave_Airlines_Agent","SKYWAVE_PHASE_4_5","2026-05-23T14:44:35.000Z","u999e94d-e3f1-40b5-a61a-17003a3f0174","","{}","MessagingEndUser","0PAg8000000ZSXhGAO","-11.0","14:38:00"
"Skywave_Airlines_Agent","AGENT","ab4a289d-9184-4dde-a79f-7e3f493fbc34","","EinsteinServiceAgent","Skywave_Airlines_Agent","SKYWAVE_PHASE_4_5","2026-05-22T13:30:29.000Z","ab4a289d-9184-4dde-a79f-7e3f493fbc34","","{}","GenAiPlannerDefinition","16jg8000000P8QbAAK","-12.0","13:30:00"
"Skywave_Airlines_Agent","USER","ab4a289d-9184-4dde-a79f-7e3f493fbc34","","EinsteinServiceAgent","Skywave_Airlines_Agent","SKYWAVE_PHASE_4_5","2026-05-22T13:30:29.000Z","ub4a289d-9184-4dde-a79f-7e3f493fbc34","","{}","MessagingEndUser","0PAg8000000ZTNJGA4","-12.0","13:30:00"
"Skywave_Airlines_Agent","AGENT","1ec0bea2-49a7-4b25-ae63-30961afe41b1","","EinsteinServiceAgent","Skywave_Airlines_Agent","SKYWAVE_PHASE_4_5","2026-05-22T15:19:11.000Z","aec0bea2-49a7-4b25-ae63-30961afe41b1","","{}","GenAiPlannerDefinition","16jg8000000P8QbAAK","-12.0","15:16:00"
"Skywave_Airlines_Agent","USER","1ec0bea2-49a7-4b25-ae63-30961afe41b1","","EinsteinServiceAgent","Skywave_Airlines_Agent","SKYWAVE_PHASE_4_5","2026-05-22T15:19:11.000Z","uec0bea2-49a7-4b25-ae63-30961afe41b1","","{}","MessagingEndUser","0PAg8000000ZUsrGAG","-12.0","15:16:00"
"Skywave_Airlines_Agent","AGENT","39845648-158a-40ab-a212-f3eafb3da5e3","","EinsteinServiceAgent","Skywave_Airlines_Agent","SKYWAVE_PHASE_4_5","2026-05-31T19:04:19.000Z","a9845648-158a-40ab-a212-f3eafb3da5e3","","{}","GenAiPlannerDefinition","16jg8000000P8QbAAK","-3.0","19:03:00"
"Skywave_Airlines_Agent","USER","39845648-158a-40ab-a212-f3eafb3da5e3","","EinsteinServiceAgent","Skywave_Airlines_Agent","SKYWAVE_PHASE_4_5","2026-05-31T19:04:19.000Z","u9845648-158a-40ab-a212-f3eafb3da5e3","","{}","MessagingEndUser","0PAg8000000ZVDpGAO","-3.0","19:03:00"
"Skywave_Airlines_Agent","AGENT","035852a9-7d5c-401c-a6f6-07b183b3f0b0","","EinsteinServiceAgent","Skywave_Airlines_Agent","SKYWAVE_PHASE_4_5","2026-05-26T09:40:25.000Z","a35852a9-7d5c-401c-a6f6-07b183b3f0b0","","{}","GenAiPlannerDefinition","16jg8000000P8QbAAK","-8.0","09:40:00"
"Skywave_Airlines_Agent","USER","035852a9-7d5c-401c-a6f6-07b183b3f0b0","","EinsteinServiceAgent","Skywave_Airlines_Agent","SKYWAVE_PHASE_4_5","2026-05-26T09:40:25.000Z","u35852a9-7d5c-401c-a6f6-07b183b3f0b0","","{}","MessagingEndUser","0PAg8000000ZfMrGAK","-8.0","09:40:00"
"Skywave_Airlines_Agent","AGENT","8b2809df-05d3-4224-a333-523d82d24287","","EinsteinServiceAgent","Skywave_Airlines_Agent","SKYWAVE_PHASE_4_5","2026-05-23T09:08:33.000Z","ab2809df-05d3-4224-a333-523d82d24287","","{}","GenAiPlannerDefinition","16jg8000000P8QbAAK","-11.0","08:57:00"
"Skywave_Airlines_Agent","USER","8b2809df-05d3-4224-a333-523d82d24287","","EinsteinServiceAgent","Skywave_Airlines_Agent","SKYWAVE_PHASE_4_5","2026-05-23T09:08:33.000Z","ub2809df-05d3-4224-a333-523d82d24287","","{}","MessagingEndUser","0PAg8000000Zim9GAC","-11.0","08:57:00"
"Skywave_Airlines_Agent","AGENT","b661de27-9b1a-43a8-ad15-bd945b9d0e91","","EinsteinServiceAgent","Skywave_Airlines_Agent","SKYWAVE_PHASE_4_5","2026-05-27T18:44:46.000Z","a661de27-9b1a-43a8-ad15-bd945b9d0e91","","{}","GenAiPlannerDefinition","16jg8000000P8QbAAK","-7.0","18:44:00"
"Skywave_Airlines_Agent","USER","b661de27-9b1a-43a8-ad15-bd945b9d0e91","","EinsteinServiceAgent","Skywave_Airlines_Agent","SKYWAVE_PHASE_4_5","2026-05-27T18:44:46.000Z","u661de27-9b1a-43a8-ad15-bd945b9d0e91","","{}","MessagingEndUser","0PAg8000000ZjblGAC","-7.0","18:44:00"
"Skywave_Airlines_Agent","AGENT","4d48dd62-9d01-4868-aaab-9bcaabb68cd6","","EinsteinServiceAgent","Skywave_Airlines_Agent","SKYWAVE_PHASE_4_5","2026-05-28T19:13:53.000Z","ad48dd62-9d01-4868-aaab-9bcaabb68cd6","","{}","GenAiPlannerDefinition","16jg8000000P8QbAAK","-6.0","19:10:00"
"Skywave_Airlines_Agent","USER","4d48dd62-9d01-4868-aaab-9bcaabb68cd6","","EinsteinServiceAgent","Skywave_Airlines_Agent","SKYWAVE_PHASE_4_5","2026-05-28T19:13:53.000Z","ud48dd62-9d01-4868-aaab-9bcaabb68cd6","","{}","MessagingEndUser","0PAg8000000Zl5hGAC","-6.0","19:10:00"
"Skywave_Airlines_Agent","AGENT","29f9fc7c-2b3b-414b-ab1d-ad34dfb3897f","","EinsteinServiceAgent","Skywave_Airlines_Agent","SKYWAVE_PHASE_4_5","2026-05-31T12:07:37.000Z","a9f9fc7c-2b3b-414b-ab1d-ad34dfb3897f","","{}","GenAiPlannerDefinition","16jg8000000P8QbAAK","-3.0","12:07:00"
"Skywave_Airlines_Agent","USER","29f9fc7c-2b3b-414b-ab1d-ad34dfb3897f","","EinsteinServiceAgent","Skywave_Airlines_Agent","SKYWAVE_PHASE_4_5","2026-05-31T12:07:37.000Z","u9f9fc7c-2b3b-414b-ab1d-ad34dfb3897f","","{}","MessagingEndUser","0PAg8000000ZlTtGAK","-3.0","12:07:00"
"Skywave_Airlines_Agent","AGENT","aca4d61b-2e93-4dc7-af35-0ef024f9af5e","","EinsteinServiceAgent","Skywave_Airlines_Agent","SKYWAVE_PHASE_4_5","2026-05-24T09:18:01.000Z","aca4d61b-2e93-4dc7-af35-0ef024f9af5e","","{}","GenAiPlannerDefinition","16jg8000000P8QbAAK","-10.0","09:17:00"
"Skywave_Airlines_Agent","USER","aca4d61b-2e93-4dc7-af35-0ef024f9af5e","","EinsteinServiceAgent","Skywave_Airlines_Agent","SKYWAVE_PHASE_4_5","2026-05-24T09:18:01.000Z","uca4d61b-2e93-4dc7-af35-0ef024f9af5e","","{}","MessagingEndUser","0PAg8000000ZpBpGAK","-10.0","09:17:00"
"Skywave_Airlines_Agent","AGENT","139f934a-144b-48d7-a7ad-160a06547e24","","EinsteinServiceAgent","Skywave_Airlines_Agent","SKYWAVE_PHASE_4_5","2026-05-24T15:12:40.000Z","a39f934a-144b-48d7-a7ad-160a06547e24","","{}","GenAiPlannerDefinition","16jg8000000P8QbAAK","-10.0","15:07:00"
"Skywave_Airlines_Agent","USER","139f934a-144b-48d7-a7ad-160a06547e24","","EinsteinServiceAgent","Skywave_Airlines_Agent","SKYWAVE_PHASE_4_5","2026-05-24T15:12:40.000Z","u39f934a-144b-48d7-a7ad-160a06547e24","","{}","MessagingEndUser","0PAg8000000ZqYPGA0","-10.0","15:07:00"
"Skywave_Airlines_Agent","AGENT","6e3e1249-ade6-4346-a873-0011d348e98f","","EinsteinServiceAgent","Skywave_Airlines_Agent","SKYWAVE_PHASE_4_5","2026-05-27T19:16:28.000Z","ae3e1249-ade6-4346-a873-0011d348e98f","","{}","GenAiPlannerDefinition","16jg8000000P8QbAAK","-7.0","19:07:00"
"Skywave_Airlines_Agent","USER","6e3e1249-ade6-4346-a873-0011d348e98f","","EinsteinServiceAgent","Skywave_Airlines_Agent","SKYWAVE_PHASE_4_5","2026-05-27T19:16:28.000Z","ue3e1249-ade6-4346-a873-0011d348e98f","","{}","MessagingEndUser","0PAg8000000Zqa1GAC","-7.0","19:07:00"
"Skywave_Airlines_Agent","AGENT","8b3a92cf-10f8-459b-a5ad-40f5dd8bfa47","","EinsteinServiceAgent","Skywave_Airlines_Agent","SKYWAVE_PHASE_4_5","2026-05-23T17:31:55.000Z","ab3a92cf-10f8-459b-a5ad-40f5dd8bfa47","","{}","GenAiPlannerDefinition","16jg8000000P8QbAAK","-11.0","17:31:00"
"Skywave_Airlines_Agent","USER","8b3a92cf-10f8-459b-a5ad-40f5dd8bfa47","","EinsteinServiceAgent","Skywave_Airlines_Agent","SKYWAVE_PHASE_4_5","2026-05-23T17:31:55.000Z","ub3a92cf-10f8-459b-a5ad-40f5dd8bfa47","","{}","MessagingEndUser","0PAg8000000Zr1RGAS","-11.0","17:31:00"
"Skywave_Airlines_Agent","AGENT","736654f6-6af9-480d-a017-736a697332dc","","EinsteinServiceAgent","Skywave_Airlines_Agent","SKYWAVE_PHASE_4_5","2026-05-27T18:18:43.000Z","a36654f6-6af9-480d-a017-736a697332dc","","{}","GenAiPlannerDefinition","16jg8000000P8QbAAK","-7.0","18:18:00"
"Skywave_Airlines_Agent","USER","736654f6-6af9-480d-a017-736a697332dc","","EinsteinServiceAgent","Skywave_Airlines_Agent","SKYWAVE_PHASE_4_5","2026-05-27T18:18:43.000Z","u36654f6-6af9-480d-a017-736a697332dc","","{}","MessagingEndUser","0PAg8000000ZrCjGAK","-7.0","18:18:00"
"Skywave_Airlines_Agent","USER","63188277-16b4-49dc-ab87-c028c6f9b436","","EinsteinServiceAgent","Skywave_Airlines_Agent","SKYWAVE_PHASE_4_5","2026-05-25T09:10:37.000Z","u3188277-16b4-49dc-ab87-c028c6f9b436","","{}","MessagingEndUser","0PAg8000000ZrCjGAK","-9.0","09:05:00"
"Skywave_Airlines_Agent","AGENT","5167672f-b19f-4ce3-ac61-4e41841f4bc1","","EinsteinServiceAgent","Skywave_Airlines_Agent","SKYWAVE_PHASE_4_5","2026-05-30T19:21:53.000Z","a167672f-b19f-4ce3-ac61-4e41841f4bc1","","{}","GenAiPlannerDefinition","16jg8000000P8QbAAK","-4.0","19:17:00"
"Skywave_Airlines_Agent","USER","5167672f-b19f-4ce3-ac61-4e41841f4bc1","","EinsteinServiceAgent","Skywave_Airlines_Agent","SKYWAVE_PHASE_4_5","2026-05-30T19:21:53.000Z","u167672f-b19f-4ce3-ac61-4e41841f4bc1","","{}","MessagingEndUser","0PAg8000000ZMaLGAW","-4.0","19:17:00"
"Skywave_Airlines_Agent","AGENT","4f218353-2e3a-43b9-a651-94c5f0889f6a","","EinsteinServiceAgent","Skywave_Airlines_Agent","SKYWAVE_PHASE_4_5","2026-05-20T18:03:33.000Z","af218353-2e3a-43b9-a651-94c5f0889f6a","","{}","GenAiPlannerDefinition","16jg8000000P8QbAAK","-14.0","17:53:00"
"Skywave_Airlines_Agent","USER","4f218353-2e3a-43b9-a651-94c5f0889f6a","","EinsteinServiceAgent","Skywave_Airlines_Agent","SKYWAVE_PHASE_4_5","2026-05-20T18:03:33.000Z","uf218353-2e3a-43b9-a651-94c5f0889f6a","","{}","MessagingEndUser","0PAg8000000ZOM1GAO","-14.0","17:53:00"
"Skywave_Airlines_Agent","AGENT","481d8c21-ab81-4799-ac97-2c2d7080907e","","EinsteinServiceAgent","Skywave_Airlines_Agent","SKYWAVE_PHASE_4_5","2026-05-24T19:12:52.000Z","a81d8c21-ab81-4799-ac97-2c2d7080907e","","{}","GenAiPlannerDefinition","16jg8000000P8QbAAK","-10.0","19:11:00"
"Skywave_Airlines_Agent","USER","481d8c21-ab81-4799-ac97-2c2d7080907e","","EinsteinServiceAgent","Skywave_Airlines_Agent","SKYWAVE_PHASE_4_5","2026-05-24T19:12:52.000Z","u81d8c21-ab81-4799-ac97-2c2d7080907e","","{}","MessagingEndUser","0PAg8000000ZOgzGAG","-10.0","19:11:00"
"Skywave_Airlines_Agent","AGENT","427bf0c4-d631-4e88-a540-86a1425fb9d6","","EinsteinServiceAgent","Skywave_Airlines_Agent","SKYWAVE_PHASE_4_5","2026-05-20T19:38:30.000Z","a27bf0c4-d631-4e88-a540-86a1425fb9d6","","{}","GenAiPlannerDefinition","16jg8000000P8QbAAK","-14.0","19:38:00"
"Skywave_Airlines_Agent","USER","427bf0c4-d631-4e88-a540-86a1425fb9d6","","EinsteinServiceAgent","Skywave_Airlines_Agent","SKYWAVE_PHASE_4_5","2026-05-20T19:38:30.000Z","u27bf0c4-d631-4e88-a540-86a1425fb9d6","","{}","MessagingEndUser","0PAg8000000ZOibGAG","-14.0","19:38:00"
"Skywave_Airlines_Agent","AGENT","ea4a996f-8d80-4d4f-af86-311f53621ebd","","EinsteinServiceAgent","Skywave_Airlines_Agent","SKYWAVE_PHASE_4_5","2026-06-02T10:03:03.000Z","aa4a996f-8d80-4d4f-af86-311f53621ebd","","{}","GenAiPlannerDefinition","16jg8000000P8QbAAK","-1.0","10:00:00"
"Skywave_Airlines_Agent","USER","ea4a996f-8d80-4d4f-af86-311f53621ebd","","EinsteinServiceAgent","Skywave_Airlines_Agent","SKYWAVE_PHASE_4_5","2026-06-02T10:03:03.000Z","ua4a996f-8d80-4d4f-af86-311f53621ebd","","{}","MessagingEndUser","0PAg8000000ZOvVGAW","-1.0","10:00:00"
"Skywave_Airlines_Agent","AGENT","89c7198c-93d7-40f4-a028-ed21d30f9cf3","","EinsteinServiceAgent","Skywave_Airlines_Agent","SKYWAVE_PHASE_4_5","2026-05-26T14:09:12.000Z","a9c7198c-93d7-40f4-a028-ed21d30f9cf3","","{}","GenAiPlannerDefinition","16jg8000000P8QbAAK","-8.0","14:01:00"
"Skywave_Airlines_Agent","USER","89c7198c-93d7-40f4-a028-ed21d30f9cf3","","EinsteinServiceAgent","Skywave_Airlines_Agent","SKYWAVE_PHASE_4_5","2026-05-26T14:09:12.000Z","u9c7198c-93d7-40f4-a028-ed21d30f9cf3","","{}","MessagingEndUser","0PAg8000000ZP6nGAG","-8.0","14:01:00"
"Skywave_Airlines_Agent","AGENT","c9b4038e-ca84-4bc0-a6cb-236289b5b4f7","","EinsteinServiceAgent","Skywave_Airlines_Agent","SKYWAVE_PHASE_4_5","2026-05-21T11:53:03.000Z","a9b4038e-ca84-4bc0-a6cb-236289b5b4f7","","{}","GenAiPlannerDefinition","16jg8000000P8QbAAK","-13.0","11:52:00"
"Skywave_Airlines_Agent","USER","c9b4038e-ca84-4bc0-a6cb-236289b5b4f7","","EinsteinServiceAgent","Skywave_Airlines_Agent","SKYWAVE_PHASE_4_5","2026-05-21T11:53:03.000Z","u9b4038e-ca84-4bc0-a6cb-236289b5b4f7","","{}","MessagingEndUser","0PAg8000000ZP8PGAW","-13.0","11:52:00"
"Skywave_Airlines_Agent","AGENT","244eb279-2fde-43c3-a694-a73087fd50d6","","EinsteinServiceAgent","Skywave_Airlines_Agent","SKYWAVE_PHASE_4_5","2026-05-26T17:13:32.000Z","a44eb279-2fde-43c3-a694-a73087fd50d6","","{}","GenAiPlannerDefinition","16jg8000000P8QbAAK","-8.0","17:13:00"
"Skywave_Airlines_Agent","USER","244eb279-2fde-43c3-a694-a73087fd50d6","","EinsteinServiceAgent","Skywave_Airlines_Agent","SKYWAVE_PHASE_4_5","2026-05-26T17:13:32.000Z","u44eb279-2fde-43c3-a694-a73087fd50d6","","{}","MessagingEndUser","0PAg8000000ZPd3GAG","-8.0","17:13:00"
"Skywave_Airlines_Agent","AGENT","a541ac12-55df-4732-ac1a-dc7afcf66b6e","","EinsteinServiceAgent","Skywave_Airlines_Agent","SKYWAVE_PHASE_4_5","2026-05-30T15:27:05.000Z","a541ac12-55df-4732-ac1a-dc7afcf66b6e","","{}","GenAiPlannerDefinition","16jg8000000P8QbAAK","-4.0","15:20:00"
"Skywave_Airlines_Agent","USER","a541ac12-55df-4732-ac1a-dc7afcf66b6e","","EinsteinServiceAgent","Skywave_Airlines_Agent","SKYWAVE_PHASE_4_5","2026-05-30T15:27:05.000Z","u541ac12-55df-4732-ac1a-dc7afcf66b6e","","{}","MessagingEndUser","0PAg8000000ZPtBGAW","-4.0","15:20:00"
"Skywave_Airlines_Agent","AGENT","f5c3ba54-9910-4fde-a0cf-b2fefc8a6051","","EinsteinServiceAgent","Skywave_Airlines_Agent","SKYWAVE_PHASE_4_5","2026-05-31T12:13:47.000Z","a5c3ba54-9910-4fde-a0cf-b2fefc8a6051","","{}","GenAiPlannerDefinition","16jg8000000P8QbAAK","-3.0","12:10:00"
"Skywave_Airlines_Agent","USER","f5c3ba54-9910-4fde-a0cf-b2fefc8a6051","","EinsteinServiceAgent","Skywave_Airlines_Agent","SKYWAVE_PHASE_4_5","2026-05-31T12:13:47.000Z","u5c3ba54-9910-4fde-a0cf-b2fefc8a6051","","{}","MessagingEndUser","0PAg8000000ZRgTGAW","-3.0","12:10:00"
"Skywave_Airlines_Agent","AGENT","97c37d76-81dc-4982-adaa-6552526b047c","","EinsteinServiceAgent","Skywave_Airlines_Agent","SKYWAVE_PHASE_4_5","2026-05-22T18:40:39.000Z","a7c37d76-81dc-4982-adaa-6552526b047c","","{}","GenAiPlannerDefinition","16jg8000000P8QbAAK","-12.0","18:40:00"
"Skywave_Airlines_Agent","USER","97c37d76-81dc-4982-adaa-6552526b047c","","EinsteinServiceAgent","Skywave_Airlines_Agent","SKYWAVE_PHASE_4_5","2026-05-22T18:40:39.000Z","u7c37d76-81dc-4982-adaa-6552526b047c","","{}","MessagingEndUser","0PAg8000000ZSRFGA4","-12.0","18:40:00"
"Skywave_Airlines_Agent","AGENT","613b5885-470e-4aeb-aa5f-d236c6b16764","","EinsteinServiceAgent","Skywave_Airlines_Agent","SKYWAVE_PHASE_4_5","2026-05-30T16:50:13.000Z","a13b5885-470e-4aeb-aa5f-d236c6b16764","","{}","GenAiPlannerDefinition","16jg8000000P8QbAAK","-4.0","16:41:00"
"Skywave_Airlines_Agent","USER","613b5885-470e-4aeb-aa5f-d236c6b16764","","EinsteinServiceAgent","Skywave_Airlines_Agent","SKYWAVE_PHASE_4_5","2026-05-30T16:50:13.000Z","u13b5885-470e-4aeb-aa5f-d236c6b16764","","{}","MessagingEndUser","0PAg8000000ZSXhGAO","-4.0","16:41:00"
"Skywave_Airlines_Agent","AGENT","eb667c0b-94b1-4814-a601-84e8f1fa47bb","","EinsteinServiceAgent","Skywave_Airlines_Agent","SKYWAVE_PHASE_4_5","2026-05-22T14:08:36.000Z","ab667c0b-94b1-4814-a601-84e8f1fa47bb","","{}","GenAiPlannerDefinition","16jg8000000P8QbAAK","-12.0","14:08:00"
"Skywave_Airlines_Agent","USER","eb667c0b-94b1-4814-a601-84e8f1fa47bb","","EinsteinServiceAgent","Skywave_Airlines_Agent","SKYWAVE_PHASE_4_5","2026-05-22T14:08:36.000Z","ub667c0b-94b1-4814-a601-84e8f1fa47bb","","{}","MessagingEndUser","0PAg8000000ZTNJGA4","-12.0","14:08:00"
"Skywave_Airlines_Agent","AGENT","3d7a21b6-8cd1-4106-a1a5-ad823089fb7c","","EinsteinServiceAgent","Skywave_Airlines_Agent","SKYWAVE_PHASE_4_5","2026-05-31T12:56:35.000Z","ad7a21b6-8cd1-4106-a1a5-ad823089fb7c","","{}","GenAiPlannerDefinition","16jg8000000P8QbAAK","-3.0","12:54:00"
"Skywave_Airlines_Agent","USER","3d7a21b6-8cd1-4106-a1a5-ad823089fb7c","","EinsteinServiceAgent","Skywave_Airlines_Agent","SKYWAVE_PHASE_4_5","2026-05-31T12:56:35.000Z","ud7a21b6-8cd1-4106-a1a5-ad823089fb7c","","{}","MessagingEndUser","0PAg8000000ZUsrGAG","-3.0","12:54:00"
"Skywave_Airlines_Agent","AGENT","6573935b-c3a3-4bce-aedf-759581de0868","","EinsteinServiceAgent","Skywave_Airlines_Agent","SKYWAVE_PHASE_4_5","2026-06-01T09:00:01.000Z","a573935b-c3a3-4bce-aedf-759581de0868","","{}","GenAiPlannerDefinition","16jg8000000P8QbAAK","-2.0","08:59:00"
"Skywave_Airlines_Agent","USER","6573935b-c3a3-4bce-aedf-759581de0868","","EinsteinServiceAgent","Skywave_Airlines_Agent","SKYWAVE_PHASE_4_5","2026-06-01T09:00:01.000Z","u573935b-c3a3-4bce-aedf-759581de0868","","{}","MessagingEndUser","0PAg8000000ZVDpGAO","-2.0","08:59:00"
"Skywave_Airlines_Agent","AGENT","7eb34650-5a82-49c1-a085-88c212c04861","","EinsteinServiceAgent","Skywave_Airlines_Agent","SKYWAVE_PHASE_4_5","2026-05-24T09:23:06.000Z","aeb34650-5a82-49c1-a085-88c212c04861","","{}","GenAiPlannerDefinition","16jg8000000P8QbAAK","-10.0","09:21:00"
"Skywave_Airlines_Agent","USER","7eb34650-5a82-49c1-a085-88c212c04861","","EinsteinServiceAgent","Skywave_Airlines_Agent","SKYWAVE_PHASE_4_5","2026-05-24T09:23:06.000Z","ueb34650-5a82-49c1-a085-88c212c04861","","{}","MessagingEndUser","0PAg8000000ZfMrGAK","-10.0","09:21:00"
"Skywave_Airlines_Agent","AGENT","31ba6983-a7e1-4051-a6ee-dce2b6c0ef6b","","EinsteinServiceAgent","Skywave_Airlines_Agent","SKYWAVE_PHASE_4_5","2026-05-22T09:22:51.000Z","a1ba6983-a7e1-4051-a6ee-dce2b6c0ef6b","","{}","GenAiPlannerDefinition","16jg8000000P8QbAAK","-12.0","09:22:00"
"Skywave_Airlines_Agent","USER","31ba6983-a7e1-4051-a6ee-dce2b6c0ef6b","","EinsteinServiceAgent","Skywave_Airlines_Agent","SKYWAVE_PHASE_4_5","2026-05-22T09:22:51.000Z","u1ba6983-a7e1-4051-a6ee-dce2b6c0ef6b","","{}","MessagingEndUser","0PAg8000000Zim9GAC","-12.0","09:22:00"
"Skywave_Airlines_Agent","AGENT","73731351-0c9e-4ef5-a879-2dbe07135d90","","EinsteinServiceAgent","Skywave_Airlines_Agent","SKYWAVE_PHASE_4_5","2026-05-28T10:56:46.000Z","a3731351-0c9e-4ef5-a879-2dbe07135d90","","{}","GenAiPlannerDefinition","16jg8000000P8QbAAK","-6.0","10:56:00"
"Skywave_Airlines_Agent","USER","73731351-0c9e-4ef5-a879-2dbe07135d90","","EinsteinServiceAgent","Skywave_Airlines_Agent","SKYWAVE_PHASE_4_5","2026-05-28T10:56:46.000Z","u3731351-0c9e-4ef5-a879-2dbe07135d90","","{}","MessagingEndUser","0PAg8000000ZjblGAC","-6.0","10:56:00"
"Skywave_Airlines_Agent","AGENT","07c6a79c-d59f-42ad-ad01-a89520fe1c23","","EinsteinServiceAgent","Skywave_Airlines_Agent","SKYWAVE_PHASE_4_5","2026-05-27T08:29:13.000Z","a7c6a79c-d59f-42ad-ad01-a89520fe1c23","","{}","GenAiPlannerDefinition","16jg8000000P8QbAAK","-7.0","08:28:00"
"Skywave_Airlines_Agent","USER","07c6a79c-d59f-42ad-ad01-a89520fe1c23","","EinsteinServiceAgent","Skywave_Airlines_Agent","SKYWAVE_PHASE_4_5","2026-05-27T08:29:13.000Z","u7c6a79c-d59f-42ad-ad01-a89520fe1c23","","{}","MessagingEndUser","0PAg8000000Zl5hGAC","-7.0","08:28:00"
"Skywave_Airlines_Agent","AGENT","58c0c818-c539-490a-a92c-7d792ac03808","","EinsteinServiceAgent","Skywave_Airlines_Agent","SKYWAVE_PHASE_4_5","2026-05-31T10:57:45.000Z","a8c0c818-c539-490a-a92c-7d792ac03808","","{}","GenAiPlannerDefinition","16jg8000000P8QbAAK","-3.0","10:47:00"
"Skywave_Airlines_Agent","USER","58c0c818-c539-490a-a92c-7d792ac03808","","EinsteinServiceAgent","Skywave_Airlines_Agent","SKYWAVE_PHASE_4_5","2026-05-31T10:57:45.000Z","u8c0c818-c539-490a-a92c-7d792ac03808","","{}","MessagingEndUser","0PAg8000000ZlTtGAK","-3.0","10:47:00"
"Skywave_Airlines_Agent","AGENT","02280af3-fd2f-407e-a3b2-de90428b6cdf","","EinsteinServiceAgent","Skywave_Airlines_Agent","SKYWAVE_PHASE_4_5","2026-05-20T13:45:22.000Z","a2280af3-fd2f-407e-a3b2-de90428b6cdf","","{}","GenAiPlannerDefinition","16jg8000000P8QbAAK","-14.0","13:41:00"
"Skywave_Airlines_Agent","USER","02280af3-fd2f-407e-a3b2-de90428b6cdf","","EinsteinServiceAgent","Skywave_Airlines_Agent","SKYWAVE_PHASE_4_5","2026-05-20T13:45:22.000Z","u2280af3-fd2f-407e-a3b2-de90428b6cdf","","{}","MessagingEndUser","0PAg8000000ZpBpGAK","-14.0","13:41:00"
"Skywave_Airlines_Agent","AGENT","b4fdb351-5019-4e06-a3ad-b65984fca5db","","EinsteinServiceAgent","Skywave_Airlines_Agent","SKYWAVE_PHASE_4_5","2026-05-31T13:02:37.000Z","a4fdb351-5019-4e06-a3ad-b65984fca5db","","{}","GenAiPlannerDefinition","16jg8000000P8QbAAK","-3.0","12:55:00"
"Skywave_Airlines_Agent","USER","b4fdb351-5019-4e06-a3ad-b65984fca5db","","EinsteinServiceAgent","Skywave_Airlines_Agent","SKYWAVE_PHASE_4_5","2026-05-31T13:02:37.000Z","u4fdb351-5019-4e06-a3ad-b65984fca5db","","{}","MessagingEndUser","0PAg8000000ZqYPGA0","-3.0","12:55:00"
"Skywave_Airlines_Agent","AGENT","d2ce0776-4d5e-49fd-a5e5-567acdfeb10e","","EinsteinServiceAgent","Skywave_Airlines_Agent","SKYWAVE_PHASE_4_5","2026-05-23T14:34:05.000Z","a2ce0776-4d5e-49fd-a5e5-567acdfeb10e","","{}","GenAiPlannerDefinition","16jg8000000P8QbAAK","-11.0","14:30:00"
"Skywave_Airlines_Agent","USER","d2ce0776-4d5e-49fd-a5e5-567acdfeb10e","","EinsteinServiceAgent","Skywave_Airlines_Agent","SKYWAVE_PHASE_4_5","2026-05-23T14:34:05.000Z","u2ce0776-4d5e-49fd-a5e5-567acdfeb10e","","{}","MessagingEndUser","0PAg8000000Zqa1GAC","-11.0","14:30:00"
"Skywave_Airlines_Agent","AGENT","cd0adb63-3c3e-4c08-a8b2-6827b21d8f14","","EinsteinServiceAgent","Skywave_Airlines_Agent","SKYWAVE_PHASE_4_5","2026-05-23T18:01:46.000Z","ad0adb63-3c3e-4c08-a8b2-6827b21d8f14","","{}","GenAiPlannerDefinition","16jg8000000P8QbAAK","-11.0","17:57:00"
"Skywave_Airlines_Agent","USER","cd0adb63-3c3e-4c08-a8b2-6827b21d8f14","","EinsteinServiceAgent","Skywave_Airlines_Agent","SKYWAVE_PHASE_4_5","2026-05-23T18:01:46.000Z","ud0adb63-3c3e-4c08-a8b2-6827b21d8f14","","{}","MessagingEndUser","0PAg8000000Zr1RGAS","-11.0","17:57:00"
"Skywave_Airlines_Agent","AGENT","67d6ad5f-9e1a-4adc-a665-e2b24e7836c8","","EinsteinServiceAgent","Skywave_Airlines_Agent","SKYWAVE_PHASE_4_5","2026-05-27T13:40:27.000Z","a7d6ad5f-9e1a-4adc-a665-e2b24e7836c8","","{}","GenAiPlannerDefinition","16jg8000000P8QbAAK","-7.0","13:40:00"
"Skywave_Airlines_Agent","USER","67d6ad5f-9e1a-4adc-a665-e2b24e7836c8","","EinsteinServiceAgent","Skywave_Airlines_Agent","SKYWAVE_PHASE_4_5","2026-05-27T13:40:27.000Z","u7d6ad5f-9e1a-4adc-a665-e2b24e7836c8","","{}","MessagingEndUser","0PAg8000000ZrCjGAK","-7.0","13:40:00"
"Skywave_Airlines_Agent","AGENT","972b84eb-f0ed-49c8-a1b2-a3097ee416cd","","EinsteinServiceAgent","Skywave_Airlines_Agent","SKYWAVE_PHASE_4_5","2026-06-01T13:08:59.000Z","a72b84eb-f0ed-49c8-a1b2-a3097ee416cd","","{}","GenAiPlannerDefinition","16jg8000000P8QbAAK","-2.0","13:08:00"
"Skywave_Airlines_Agent","USER","972b84eb-f0ed-49c8-a1b2-a3097ee416cd","","EinsteinServiceAgent","Skywave_Airlines_Agent","SKYWAVE_PHASE_4_5","2026-06-01T13:08:59.000Z","u72b84eb-f0ed-49c8-a1b2-a3097ee416cd","","{}","MessagingEndUser","0PAg8000000ZMaLGAW","-2.0","13:08:00"
"Skywave_Airlines_Agent","AGENT","680cc0bc-3434-455e-afaa-7eb1fd869998","","EinsteinServiceAgent","Skywave_Airlines_Agent","SKYWAVE_PHASE_4_5","2026-05-22T13:33:23.000Z","a80cc0bc-3434-455e-afaa-7eb1fd869998","","{}","GenAiPlannerDefinition","16jg8000000P8QbAAK","-12.0","13:33:00"
"Skywave_Airlines_Agent","USER","680cc0bc-3434-455e-afaa-7eb1fd869998","","EinsteinServiceAgent","Skywave_Airlines_Agent","SKYWAVE_PHASE_4_5","2026-05-22T13:33:23.000Z","u80cc0bc-3434-455e-afaa-7eb1fd869998","","{}","MessagingEndUser","0PAg8000000ZOM1GAO","-12.0","13:33:00"
"Skywave_Airlines_Agent","AGENT","c4d4259f-7b20-4f60-a358-864aaade7044","","EinsteinServiceAgent","Skywave_Airlines_Agent","SKYWAVE_PHASE_4_5","2026-06-01T15:10:47.000Z","a4d4259f-7b20-4f60-a358-864aaade7044","","{}","GenAiPlannerDefinition","16jg8000000P8QbAAK","-2.0","15:03:00"
"Skywave_Airlines_Agent","USER","c4d4259f-7b20-4f60-a358-864aaade7044","","EinsteinServiceAgent","Skywave_Airlines_Agent","SKYWAVE_PHASE_4_5","2026-06-01T15:10:47.000Z","u4d4259f-7b20-4f60-a358-864aaade7044","","{}","MessagingEndUser","0PAg8000000ZOgzGAG","-2.0","15:03:00"
"Skywave_Airlines_Agent","AGENT","c1cfc869-1266-4c13-a39d-031dbeef5cbb","","EinsteinServiceAgent","Skywave_Airlines_Agent","SKYWAVE_PHASE_4_5","2026-05-24T11:32:52.000Z","a1cfc869-1266-4c13-a39d-031dbeef5cbb","","{}","GenAiPlannerDefinition","16jg8000000P8QbAAK","-10.0","11:30:00"
"Skywave_Airlines_Agent","USER","c1cfc869-1266-4c13-a39d-031dbeef5cbb","","EinsteinServiceAgent","Skywave_Airlines_Agent","SKYWAVE_PHASE_4_5","2026-05-24T11:32:52.000Z","u1cfc869-1266-4c13-a39d-031dbeef5cbb","","{}","MessagingEndUser","0PAg8000000ZOibGAG","-10.0","11:30:00"
"Skywave_Airlines_Agent","AGENT","269d222c-beb5-411f-a5d1-9cac1be610ba","","EinsteinServiceAgent","Skywave_Airlines_Agent","SKYWAVE_PHASE_4_5","2026-05-25T19:32:33.000Z","a69d222c-beb5-411f-a5d1-9cac1be610ba","","{}","GenAiPlannerDefinition","16jg8000000P8QbAAK","-9.0","19:32:00"
"Skywave_Airlines_Agent","USER","269d222c-beb5-411f-a5d1-9cac1be610ba","","EinsteinServiceAgent","Skywave_Airlines_Agent","SKYWAVE_PHASE_4_5","2026-05-25T19:32:33.000Z","u69d222c-beb5-411f-a5d1-9cac1be610ba","","{}","MessagingEndUser","0PAg8000000ZOvVGAW","-9.0","19:32:00"
"Skywave_Airlines_Agent","AGENT","fd26ab1b-429c-435d-a6f0-69a5f90e0b92","","EinsteinServiceAgent","Skywave_Airlines_Agent","SKYWAVE_PHASE_4_5","2026-05-31T11:47:49.000Z","ad26ab1b-429c-435d-a6f0-69a5f90e0b92","","{}","GenAiPlannerDefinition","16jg8000000P8QbAAK","-3.0","11:47:00"
"Skywave_Airlines_Agent","USER","fd26ab1b-429c-435d-a6f0-69a5f90e0b92","","EinsteinServiceAgent","Skywave_Airlines_Agent","SKYWAVE_PHASE_4_5","2026-05-31T11:47:49.000Z","ud26ab1b-429c-435d-a6f0-69a5f90e0b92","","{}","MessagingEndUser","0PAg8000000ZP6nGAG","-3.0","11:47:00"
"Skywave_Airlines_Agent","AGENT","f1de6a80-5e0a-4205-af64-4bc1f90f9757","","EinsteinServiceAgent","Skywave_Airlines_Agent","SKYWAVE_PHASE_4_5","2026-05-25T10:29:40.000Z","a1de6a80-5e0a-4205-af64-4bc1f90f9757","","{}","GenAiPlannerDefinition","16jg8000000P8QbAAK","-9.0","10:29:00"
"Skywave_Airlines_Agent","USER","f1de6a80-5e0a-4205-af64-4bc1f90f9757","","EinsteinServiceAgent","Skywave_Airlines_Agent","SKYWAVE_PHASE_4_5","2026-05-25T10:29:40.000Z","u1de6a80-5e0a-4205-af64-4bc1f90f9757","","{}","MessagingEndUser","0PAg8000000ZP8PGAW","-9.0","10:29:00"
"Skywave_Airlines_Agent","AGENT","30c831a4-c098-4996-a99a-bff00844a2aa","","EinsteinServiceAgent","Skywave_Airlines_Agent","SKYWAVE_PHASE_4_5","2026-05-26T17:48:43.000Z","a0c831a4-c098-4996-a99a-bff00844a2aa","","{}","GenAiPlannerDefinition","16jg8000000P8QbAAK","-8.0","17:42:00"
"Skywave_Airlines_Agent","USER","30c831a4-c098-4996-a99a-bff00844a2aa","","EinsteinServiceAgent","Skywave_Airlines_Agent","SKYWAVE_PHASE_4_5","2026-05-26T17:48:43.000Z","u0c831a4-c098-4996-a99a-bff00844a2aa","","{}","MessagingEndUser","0PAg8000000ZPd3GAG","-8.0","17:42:00"
"Skywave_Airlines_Agent","AGENT","2b3dc4a5-56d8-4197-a61e-a2315c408b96","","EinsteinServiceAgent","Skywave_Airlines_Agent","SKYWAVE_PHASE_4_5","2026-06-01T10:39:07.000Z","ab3dc4a5-56d8-4197-a61e-a2315c408b96","","{}","GenAiPlannerDefinition","16jg8000000P8QbAAK","-2.0","10:38:00"
"Skywave_Airlines_Agent","USER","2b3dc4a5-56d8-4197-a61e-a2315c408b96","","EinsteinServiceAgent","Skywave_Airlines_Agent","SKYWAVE_PHASE_4_5","2026-06-01T10:39:07.000Z","ub3dc4a5-56d8-4197-a61e-a2315c408b96","","{}","MessagingEndUser","0PAg8000000ZPtBGAW","-2.0","10:38:00"
"Skywave_Airlines_Agent","AGENT","18e49dca-8c1e-40ac-a392-9eb6dc9f3249","","EinsteinServiceAgent","Skywave_Airlines_Agent","SKYWAVE_PHASE_4_5","2026-05-27T13:28:57.000Z","a8e49dca-8c1e-40ac-a392-9eb6dc9f3249","","{}","GenAiPlannerDefinition","16jg8000000P8QbAAK","-7.0","13:18:00"
"Skywave_Airlines_Agent","USER","18e49dca-8c1e-40ac-a392-9eb6dc9f3249","","EinsteinServiceAgent","Skywave_Airlines_Agent","SKYWAVE_PHASE_4_5","2026-05-27T13:28:57.000Z","u8e49dca-8c1e-40ac-a392-9eb6dc9f3249","","{}","MessagingEndUser","0PAg8000000ZRgTGAW","-7.0","13:18:00"
"Skywave_Airlines_Agent","AGENT","a5895352-924b-4684-af99-60adbf3fa920","","EinsteinServiceAgent","Skywave_Airlines_Agent","SKYWAVE_PHASE_4_5","2026-06-02T19:19:13.000Z","a5895352-924b-4684-af99-60adbf3fa920","","{}","GenAiPlannerDefinition","16jg8000000P8QbAAK","-1.0","19:16:00"
"Skywave_Airlines_Agent","USER","a5895352-924b-4684-af99-60adbf3fa920","","EinsteinServiceAgent","Skywave_Airlines_Agent","SKYWAVE_PHASE_4_5","2026-06-02T19:19:13.000Z","u5895352-924b-4684-af99-60adbf3fa920","","{}","MessagingEndUser","0PAg8000000ZSRFGA4","-1.0","19:16:00"
"Skywave_Airlines_Agent","AGENT","2227f6d7-5a56-482b-ad7f-39e74d6cb872","","EinsteinServiceAgent","Skywave_Airlines_Agent","SKYWAVE_PHASE_4_5","2026-05-28T12:09:00.000Z","a227f6d7-5a56-482b-ad7f-39e74d6cb872","","{}","GenAiPlannerDefinition","16jg8000000P8QbAAK","-6.0","12:02:00"
"Skywave_Airlines_Agent","USER","2227f6d7-5a56-482b-ad7f-39e74d6cb872","","EinsteinServiceAgent","Skywave_Airlines_Agent","SKYWAVE_PHASE_4_5","2026-05-28T12:09:00.000Z","u227f6d7-5a56-482b-ad7f-39e74d6cb872","","{}","MessagingEndUser","0PAg8000000ZSXhGAO","-6.0","12:02:00"
"Skywave_Airlines_Agent","AGENT","6998d371-29ff-4850-a891-b069b030eb83","","EinsteinServiceAgent","Skywave_Airlines_Agent","SKYWAVE_PHASE_4_5","2026-06-02T16:00:26.000Z","a998d371-29ff-4850-a891-b069b030eb83","","{}","GenAiPlannerDefinition","16jg8000000P8QbAAK","-1.0","15:57:00"
"Skywave_Airlines_Agent","USER","6998d371-29ff-4850-a891-b069b030eb83","","EinsteinServiceAgent","Skywave_Airlines_Agent","SKYWAVE_PHASE_4_5","2026-06-02T16:00:26.000Z","u998d371-29ff-4850-a891-b069b030eb83","","{}","MessagingEndUser","0PAg8000000ZTNJGA4","-1.0","15:57:00"
"Skywave_Airlines_Agent","AGENT","1e221a66-d292-4c44-a629-9c0d4f4afcfb","","EinsteinServiceAgent","Skywave_Airlines_Agent","SKYWAVE_PHASE_4_5","2026-05-25T08:32:16.000Z","ae221a66-d292-4c44-a629-9c0d4f4afcfb","","{}","GenAiPlannerDefinition","16jg8000000P8QbAAK","-9.0","08:31:00"
"Skywave_Airlines_Agent","USER","1e221a66-d292-4c44-a629-9c0d4f4afcfb","","EinsteinServiceAgent","Skywave_Airlines_Agent","SKYWAVE_PHASE_4_5","2026-05-25T08:32:16.000Z","ue221a66-d292-4c44-a629-9c0d4f4afcfb","","{}","MessagingEndUser","0PAg8000000ZUsrGAG","-9.0","08:31:00"
"Skywave_Airlines_Agent","AGENT","0558aeba-0169-45a5-a863-15192945e7ea","","EinsteinServiceAgent","Skywave_Airlines_Agent","SKYWAVE_PHASE_4_5","2026-05-31T15:38:11.000Z","a558aeba-0169-45a5-a863-15192945e7ea","","{}","GenAiPlannerDefinition","16jg8000000P8QbAAK","-3.0","15:33:00"
"Skywave_Airlines_Agent","USER","0558aeba-0169-45a5-a863-15192945e7ea","","EinsteinServiceAgent","Skywave_Airlines_Agent","SKYWAVE_PHASE_4_5","2026-05-31T15:38:11.000Z","u558aeba-0169-45a5-a863-15192945e7ea","","{}","MessagingEndUser","0PAg8000000ZVDpGAO","-3.0","15:33:00"
"Skywave_Airlines_Agent","AGENT","cee0936b-6772-44fc-aef7-062a7afac5fb","","EinsteinServiceAgent","Skywave_Airlines_Agent","SKYWAVE_PHASE_4_5","2026-05-21T14:07:41.000Z","aee0936b-6772-44fc-aef7-062a7afac5fb","","{}","GenAiPlannerDefinition","16jg8000000P8QbAAK","-13.0","14:07:00"
"Skywave_Airlines_Agent","USER","cee0936b-6772-44fc-aef7-062a7afac5fb","","EinsteinServiceAgent","Skywave_Airlines_Agent","SKYWAVE_PHASE_4_5","2026-05-21T14:07:41.000Z","uee0936b-6772-44fc-aef7-062a7afac5fb","","{}","MessagingEndUser","0PAg8000000ZfMrGAK","-13.0","14:07:00"
"Skywave_Airlines_Agent","AGENT","0a6a4440-d5d1-4c54-accf-942154a88da9","","EinsteinServiceAgent","Skywave_Airlines_Agent","SKYWAVE_PHASE_4_5","2026-05-30T09:06:58.000Z","aa6a4440-d5d1-4c54-accf-942154a88da9","","{}","GenAiPlannerDefinition","16jg8000000P8QbAAK","-4.0","09:06:00"
"Skywave_Airlines_Agent","USER","0a6a4440-d5d1-4c54-accf-942154a88da9","","EinsteinServiceAgent","Skywave_Airlines_Agent","SKYWAVE_PHASE_4_5","2026-05-30T09:06:58.000Z","ua6a4440-d5d1-4c54-accf-942154a88da9","","{}","MessagingEndUser","0PAg8000000Zim9GAC","-4.0","09:06:00"
"Skywave_Airlines_Agent","AGENT","7a0ce76c-2f75-4e7f-a570-20f9617d59da","","EinsteinServiceAgent","Skywave_Airlines_Agent","SKYWAVE_PHASE_4_5","2026-05-27T13:41:10.000Z","aa0ce76c-2f75-4e7f-a570-20f9617d59da","","{}","GenAiPlannerDefinition","16jg8000000P8QbAAK","-7.0","13:38:00"
"Skywave_Airlines_Agent","USER","7a0ce76c-2f75-4e7f-a570-20f9617d59da","","EinsteinServiceAgent","Skywave_Airlines_Agent","SKYWAVE_PHASE_4_5","2026-05-27T13:41:10.000Z","ua0ce76c-2f75-4e7f-a570-20f9617d59da","","{}","MessagingEndUser","0PAg8000000ZjblGAC","-7.0","13:38:00"
"Skywave_Airlines_Agent","AGENT","8d363ce9-c3ec-4b71-ac25-5b6a175d035c","","EinsteinServiceAgent","Skywave_Airlines_Agent","SKYWAVE_PHASE_4_5","2026-05-27T15:06:17.000Z","ad363ce9-c3ec-4b71-ac25-5b6a175d035c","","{}","GenAiPlannerDefinition","16jg8000000P8QbAAK","-7.0","15:05:00"
"Skywave_Airlines_Agent","USER","8d363ce9-c3ec-4b71-ac25-5b6a175d035c","","EinsteinServiceAgent","Skywave_Airlines_Agent","SKYWAVE_PHASE_4_5","2026-05-27T15:06:17.000Z","ud363ce9-c3ec-4b71-ac25-5b6a175d035c","","{}","MessagingEndUser","0PAg8000000Zl5hGAC","-7.0","15:05:00"
"Skywave_Airlines_Agent","AGENT","34ebad70-293d-43a5-a0d0-8f887cb87097","","EinsteinServiceAgent","Skywave_Airlines_Agent","SKYWAVE_PHASE_4_5","2026-05-28T18:25:52.000Z","a4ebad70-293d-43a5-a0d0-8f887cb87097","","{}","GenAiPlannerDefinition","16jg8000000P8QbAAK","-6.0","18:19:00"
"Skywave_Airlines_Agent","USER","34ebad70-293d-43a5-a0d0-8f887cb87097","","EinsteinServiceAgent","Skywave_Airlines_Agent","SKYWAVE_PHASE_4_5","2026-05-28T18:25:52.000Z","u4ebad70-293d-43a5-a0d0-8f887cb87097","","{}","MessagingEndUser","0PAg8000000ZlTtGAK","-6.0","18:19:00"
"Skywave_Airlines_Agent","AGENT","66f70a93-2bc9-4def-aea9-8657a68bd12e","","EinsteinServiceAgent","Skywave_Airlines_Agent","SKYWAVE_PHASE_4_5","2026-05-31T09:36:34.000Z","a6f70a93-2bc9-4def-aea9-8657a68bd12e","","{}","GenAiPlannerDefinition","16jg8000000P8QbAAK","-3.0","09:34:00"
"Skywave_Airlines_Agent","USER","66f70a93-2bc9-4def-aea9-8657a68bd12e","","EinsteinServiceAgent","Skywave_Airlines_Agent","SKYWAVE_PHASE_4_5","2026-05-31T09:36:34.000Z","u6f70a93-2bc9-4def-aea9-8657a68bd12e","","{}","MessagingEndUser","0PAg8000000ZpBpGAK","-3.0","09:34:00"
"Skywave_Airlines_Agent","AGENT","a20ba675-49ee-4a70-af69-21bccf6bb7d4","","EinsteinServiceAgent","Skywave_Airlines_Agent","SKYWAVE_PHASE_4_5","2026-05-30T08:27:58.000Z","a20ba675-49ee-4a70-af69-21bccf6bb7d4","","{}","GenAiPlannerDefinition","16jg8000000P8QbAAK","-4.0","08:26:00"
"Skywave_Airlines_Agent","USER","a20ba675-49ee-4a70-af69-21bccf6bb7d4","","EinsteinServiceAgent","Skywave_Airlines_Agent","SKYWAVE_PHASE_4_5","2026-05-30T08:27:58.000Z","u20ba675-49ee-4a70-af69-21bccf6bb7d4","","{}","MessagingEndUser","0PAg8000000ZqYPGA0","-4.0","08:26:00"
"Skywave_Airlines_Agent","AGENT","145617bd-f7d5-424d-a37b-2cc54d99cdad","","EinsteinServiceAgent","Skywave_Airlines_Agent","SKYWAVE_PHASE_4_5","2026-05-22T09:05:39.000Z","a45617bd-f7d5-424d-a37b-2cc54d99cdad","","{}","GenAiPlannerDefinition","16jg8000000P8QbAAK","-12.0","09:00:00"
"Skywave_Airlines_Agent","USER","145617bd-f7d5-424d-a37b-2cc54d99cdad","","EinsteinServiceAgent","Skywave_Airlines_Agent","SKYWAVE_PHASE_4_5","2026-05-22T09:05:39.000Z","u45617bd-f7d5-424d-a37b-2cc54d99cdad","","{}","MessagingEndUser","0PAg8000000Zqa1GAC","-12.0","09:00:00"
"Skywave_Airlines_Agent","AGENT","4db350ac-b724-4424-ae6c-a3ae4e58879d","","EinsteinServiceAgent","Skywave_Airlines_Agent","SKYWAVE_PHASE_4_5","2026-05-24T10:47:44.000Z","adb350ac-b724-4424-ae6c-a3ae4e58879d","","{}","GenAiPlannerDefinition","16jg8000000P8QbAAK","-10.0","10:40:00"
"Skywave_Airlines_Agent","USER","4db350ac-b724-4424-ae6c-a3ae4e58879d","","EinsteinServiceAgent","Skywave_Airlines_Agent","SKYWAVE_PHASE_4_5","2026-05-24T10:47:44.000Z","udb350ac-b724-4424-ae6c-a3ae4e58879d","","{}","MessagingEndUser","0PAg8000000Zr1RGAS","-10.0","10:40:00"
"Skywave_Airlines_Agent","AGENT","752c34b2-df40-4027-aef4-8a0b9013ea4d","","EinsteinServiceAgent","Skywave_Airlines_Agent","SKYWAVE_PHASE_4_5","2026-05-26T11:58:13.000Z","a52c34b2-df40-4027-aef4-8a0b9013ea4d","","{}","GenAiPlannerDefinition","16jg8000000P8QbAAK","-8.0","11:48:00"
"Skywave_Airlines_Agent","USER","752c34b2-df40-4027-aef4-8a0b9013ea4d","","EinsteinServiceAgent","Skywave_Airlines_Agent","SKYWAVE_PHASE_4_5","2026-05-26T11:58:13.000Z","u52c34b2-df40-4027-aef4-8a0b9013ea4d","","{}","MessagingEndUser","0PAg8000000ZrCjGAK","-8.0","11:48:00"
"Skywave_Airlines_Agent","AGENT","7d70bbac-c9f9-4a3a-a36b-5f12f2cab33e","","EinsteinServiceAgent","Skywave_Airlines_Agent","SKYWAVE_PHASE_4_5","2026-05-21T08:28:51.000Z","ad70bbac-c9f9-4a3a-a36b-5f12f2cab33e","","{}","GenAiPlannerDefinition","16jg8000000P8QbAAK","-13.0","08:28:00"
"Skywave_Airlines_Agent","USER","7d70bbac-c9f9-4a3a-a36b-5f12f2cab33e","","EinsteinServiceAgent","Skywave_Airlines_Agent","SKYWAVE_PHASE_4_5","2026-05-21T08:28:51.000Z","ud70bbac-c9f9-4a3a-a36b-5f12f2cab33e","","{}","MessagingEndUser","0PAg8000000ZMaLGAW","-13.0","08:28:00"
"Skywave_Airlines_Agent","AGENT","3c4e836a-1f12-48e8-a0a7-354059f6d31a","","EinsteinServiceAgent","Skywave_Airlines_Agent","SKYWAVE_PHASE_4_5","2026-05-23T16:41:46.000Z","ac4e836a-1f12-48e8-a0a7-354059f6d31a","","{}","GenAiPlannerDefinition","16jg8000000P8QbAAK","-11.0","16:41:00"
"Skywave_Airlines_Agent","USER","3c4e836a-1f12-48e8-a0a7-354059f6d31a","","EinsteinServiceAgent","Skywave_Airlines_Agent","SKYWAVE_PHASE_4_5","2026-05-23T16:41:46.000Z","uc4e836a-1f12-48e8-a0a7-354059f6d31a","","{}","MessagingEndUser","0PAg8000000ZOM1GAO","-11.0","16:41:00"
"Skywave_Airlines_Agent","AGENT","46a80598-a7da-46dd-ac8c-87fe5b910d51","","EinsteinServiceAgent","Skywave_Airlines_Agent","SKYWAVE_PHASE_4_5","2026-05-22T14:30:35.000Z","a6a80598-a7da-46dd-ac8c-87fe5b910d51","","{}","GenAiPlannerDefinition","16jg8000000P8QbAAK","-12.0","14:26:00"
"Skywave_Airlines_Agent","USER","46a80598-a7da-46dd-ac8c-87fe5b910d51","","EinsteinServiceAgent","Skywave_Airlines_Agent","SKYWAVE_PHASE_4_5","2026-05-22T14:30:35.000Z","u6a80598-a7da-46dd-ac8c-87fe5b910d51","","{}","MessagingEndUser","0PAg8000000ZOgzGAG","-12.0","14:26:00"
"Skywave_Airlines_Agent","AGENT","7896aff9-6e3f-47e5-aa62-254a49a02a30","","EinsteinServiceAgent","Skywave_Airlines_Agent","SKYWAVE_PHASE_4_5","2026-06-01T13:29:55.000Z","a896aff9-6e3f-47e5-aa62-254a49a02a30","","{}","GenAiPlannerDefinition","16jg8000000P8QbAAK","-2.0","13:26:00"
"Skywave_Airlines_Agent","USER","7896aff9-6e3f-47e5-aa62-254a49a02a30","","EinsteinServiceAgent","Skywave_Airlines_Agent","SKYWAVE_PHASE_4_5","2026-06-01T13:29:55.000Z","u896aff9-6e3f-47e5-aa62-254a49a02a30","","{}","MessagingEndUser","0PAg8000000ZOibGAG","-2.0","13:26:00"
"Skywave_Airlines_Agent","AGENT","bd2bf299-355e-48ec-a68e-60e40e68bd86","","EinsteinServiceAgent","Skywave_Airlines_Agent","SKYWAVE_PHASE_4_5","2026-05-28T15:25:08.000Z","ad2bf299-355e-48ec-a68e-60e40e68bd86","","{}","GenAiPlannerDefinition","16jg8000000P8QbAAK","-6.0","15:24:00"
"Skywave_Airlines_Agent","USER","bd2bf299-355e-48ec-a68e-60e40e68bd86","","EinsteinServiceAgent","Skywave_Airlines_Agent","SKYWAVE_PHASE_4_5","2026-05-28T15:25:08.000Z","ud2bf299-355e-48ec-a68e-60e40e68bd86","","{}","MessagingEndUser","0PAg8000000ZOvVGAW","-6.0","15:24:00"
"Skywave_Airlines_Agent","AGENT","480e9180-c191-4442-a167-154e5071518f","","EinsteinServiceAgent","Skywave_Airlines_Agent","SKYWAVE_PHASE_4_5","2026-05-24T12:42:58.000Z","a80e9180-c191-4442-a167-154e5071518f","","{}","GenAiPlannerDefinition","16jg8000000P8QbAAK","-10.0","12:42:00"
"Skywave_Airlines_Agent","USER","480e9180-c191-4442-a167-154e5071518f","","EinsteinServiceAgent","Skywave_Airlines_Agent","SKYWAVE_PHASE_4_5","2026-05-24T12:42:58.000Z","u80e9180-c191-4442-a167-154e5071518f","","{}","MessagingEndUser","0PAg8000000ZP6nGAG","-10.0","12:42:00"
"Skywave_Airlines_Agent","AGENT","c043ae46-0689-42ce-a21f-8a31e2fbd980","","EinsteinServiceAgent","Skywave_Airlines_Agent","SKYWAVE_PHASE_4_5","2026-05-30T18:24:05.000Z","a043ae46-0689-42ce-a21f-8a31e2fbd980","","{}","GenAiPlannerDefinition","16jg8000000P8QbAAK","-4.0","18:22:00"
"Skywave_Airlines_Agent","USER","c043ae46-0689-42ce-a21f-8a31e2fbd980","","EinsteinServiceAgent","Skywave_Airlines_Agent","SKYWAVE_PHASE_4_5","2026-05-30T18:24:05.000Z","u043ae46-0689-42ce-a21f-8a31e2fbd980","","{}","MessagingEndUser","0PAg8000000ZP8PGAW","-4.0","18:22:00"
"Skywave_Airlines_Agent","AGENT","a24f525b-d0f0-4d78-a695-56d09f356a84","","EinsteinServiceAgent","Skywave_Airlines_Agent","SKYWAVE_PHASE_4_5","2026-05-20T08:27:28.000Z","a24f525b-d0f0-4d78-a695-56d09f356a84","","{}","GenAiPlannerDefinition","16jg8000000P8QbAAK","-14.0","08:27:00"
"Skywave_Airlines_Agent","USER","a24f525b-d0f0-4d78-a695-56d09f356a84","","EinsteinServiceAgent","Skywave_Airlines_Agent","SKYWAVE_PHASE_4_5","2026-05-20T08:27:28.000Z","u24f525b-d0f0-4d78-a695-56d09f356a84","","{}","MessagingEndUser","0PAg8000000ZPd3GAG","-14.0","08:27:00"
"Skywave_Airlines_Agent","AGENT","7697d7cf-8bde-4810-aee5-3b07dc88636b","","EinsteinServiceAgent","Skywave_Airlines_Agent","SKYWAVE_PHASE_4_5","2026-05-31T14:35:08.000Z","a697d7cf-8bde-4810-aee5-3b07dc88636b","","{}","GenAiPlannerDefinition","16jg8000000P8QbAAK","-3.0","14:29:00"
"Skywave_Airlines_Agent","USER","7697d7cf-8bde-4810-aee5-3b07dc88636b","","EinsteinServiceAgent","Skywave_Airlines_Agent","SKYWAVE_PHASE_4_5","2026-05-31T14:35:08.000Z","u697d7cf-8bde-4810-aee5-3b07dc88636b","","{}","MessagingEndUser","0PAg8000000ZPtBGAW","-3.0","14:29:00"
"Skywave_Airlines_Agent","AGENT","cb2a38e1-500c-457d-a088-520f6ac0b6a6","","EinsteinServiceAgent","Skywave_Airlines_Agent","SKYWAVE_PHASE_4_5","2026-06-01T15:10:39.000Z","ab2a38e1-500c-457d-a088-520f6ac0b6a6","","{}","GenAiPlannerDefinition","16jg8000000P8QbAAK","-2.0","15:10:00"
"Skywave_Airlines_Agent","USER","cb2a38e1-500c-457d-a088-520f6ac0b6a6","","EinsteinServiceAgent","Skywave_Airlines_Agent","SKYWAVE_PHASE_4_5","2026-06-01T15:10:39.000Z","ub2a38e1-500c-457d-a088-520f6ac0b6a6","","{}","MessagingEndUser","0PAg8000000ZRgTGAW","-2.0","15:10:00"
"Skywave_Airlines_Agent","AGENT","9c687b10-1990-4ddd-a8d1-80dd5b759693","","EinsteinServiceAgent","Skywave_Airlines_Agent","SKYWAVE_PHASE_4_5","2026-05-26T17:18:14.000Z","ac687b10-1990-4ddd-a8d1-80dd5b759693","","{}","GenAiPlannerDefinition","16jg8000000P8QbAAK","-8.0","17:14:00"
"Skywave_Airlines_Agent","USER","9c687b10-1990-4ddd-a8d1-80dd5b759693","","EinsteinServiceAgent","Skywave_Airlines_Agent","SKYWAVE_PHASE_4_5","2026-05-26T17:18:14.000Z","uc687b10-1990-4ddd-a8d1-80dd5b759693","","{}","MessagingEndUser","0PAg8000000ZSRFGA4","-8.0","17:14:00"
"Skywave_Airlines_Agent","AGENT","2a7dd6fd-df5b-4202-a34b-3b437c23dd41","","EinsteinServiceAgent","Skywave_Airlines_Agent","SKYWAVE_PHASE_4_5","2026-06-02T09:58:14.000Z","aa7dd6fd-df5b-4202-a34b-3b437c23dd41","","{}","GenAiPlannerDefinition","16jg8000000P8QbAAK","-1.0","09:56:00"
"Skywave_Airlines_Agent","USER","2a7dd6fd-df5b-4202-a34b-3b437c23dd41","","EinsteinServiceAgent","Skywave_Airlines_Agent","SKYWAVE_PHASE_4_5","2026-06-02T09:58:14.000Z","ua7dd6fd-df5b-4202-a34b-3b437c23dd41","","{}","MessagingEndUser","0PAg8000000ZSXhGAO","-1.0","09:56:00"
"Skywave_Airlines_Agent","AGENT","c55eee1d-a6e1-4ab2-ab49-5a29adda8d38","","EinsteinServiceAgent","Skywave_Airlines_Agent","SKYWAVE_PHASE_4_5","2026-05-20T09:55:07.000Z","a55eee1d-a6e1-4ab2-ab49-5a29adda8d38","","{}","GenAiPlannerDefinition","16jg8000000P8QbAAK","-14.0","09:54:00"
"Skywave_Airlines_Agent","USER","c55eee1d-a6e1-4ab2-ab49-5a29adda8d38","","EinsteinServiceAgent","Skywave_Airlines_Agent","SKYWAVE_PHASE_4_5","2026-05-20T09:55:07.000Z","u55eee1d-a6e1-4ab2-ab49-5a29adda8d38","","{}","MessagingEndUser","0PAg8000000ZTNJGA4","-14.0","09:54:00"
"Skywave_Airlines_Agent","AGENT","a3a231b5-472e-439d-a567-e37d68fe5204","","EinsteinServiceAgent","Skywave_Airlines_Agent","SKYWAVE_PHASE_4_5","2026-05-28T15:36:20.000Z","a3a231b5-472e-439d-a567-e37d68fe5204","","{}","GenAiPlannerDefinition","16jg8000000P8QbAAK","-6.0","15:34:00"
"Skywave_Airlines_Agent","USER","a3a231b5-472e-439d-a567-e37d68fe5204","","EinsteinServiceAgent","Skywave_Airlines_Agent","SKYWAVE_PHASE_4_5","2026-05-28T15:36:20.000Z","u3a231b5-472e-439d-a567-e37d68fe5204","","{}","MessagingEndUser","0PAg8000000ZUsrGAG","-6.0","15:34:00"
"Skywave_Airlines_Agent","AGENT","26c4d933-dfa3-475d-a904-70b6e882f394","","EinsteinServiceAgent","Skywave_Airlines_Agent","SKYWAVE_PHASE_4_5","2026-05-22T15:45:18.000Z","a6c4d933-dfa3-475d-a904-70b6e882f394","","{}","GenAiPlannerDefinition","16jg8000000P8QbAAK","-12.0","15:43:00"
"Skywave_Airlines_Agent","USER","26c4d933-dfa3-475d-a904-70b6e882f394","","EinsteinServiceAgent","Skywave_Airlines_Agent","SKYWAVE_PHASE_4_5","2026-05-22T15:45:18.000Z","u6c4d933-dfa3-475d-a904-70b6e882f394","","{}","MessagingEndUser","0PAg8000000ZVDpGAO","-12.0","15:43:00"
"Skywave_Airlines_Agent","AGENT","5c1db1c6-ab06-4b4d-a937-96244a41fb01","","EinsteinServiceAgent","Skywave_Airlines_Agent","SKYWAVE_PHASE_4_5","2026-05-26T19:10:53.000Z","ac1db1c6-ab06-4b4d-a937-96244a41fb01","","{}","GenAiPlannerDefinition","16jg8000000P8QbAAK","-8.0","19:05:00"
"Skywave_Airlines_Agent","USER","5c1db1c6-ab06-4b4d-a937-96244a41fb01","","EinsteinServiceAgent","Skywave_Airlines_Agent","SKYWAVE_PHASE_4_5","2026-05-26T19:10:53.000Z","uc1db1c6-ab06-4b4d-a937-96244a41fb01","","{}","MessagingEndUser","0PAg8000000ZfMrGAK","-8.0","19:05:00"
"Skywave_Airlines_Agent","AGENT","3b184498-3c60-4c3e-a3f2-70b4a42ac055","","EinsteinServiceAgent","Skywave_Airlines_Agent","SKYWAVE_PHASE_4_5","2026-05-28T16:59:10.000Z","ab184498-3c60-4c3e-a3f2-70b4a42ac055","","{}","GenAiPlannerDefinition","16jg8000000P8QbAAK","-6.0","16:57:00"
"Skywave_Airlines_Agent","USER","3b184498-3c60-4c3e-a3f2-70b4a42ac055","","EinsteinServiceAgent","Skywave_Airlines_Agent","SKYWAVE_PHASE_4_5","2026-05-28T16:59:10.000Z","ub184498-3c60-4c3e-a3f2-70b4a42ac055","","{}","MessagingEndUser","0PAg8000000Zim9GAC","-6.0","16:57:00"
"Skywave_Airlines_Agent","AGENT","74e4ce99-5cc8-4a8c-acd6-182f101fb36b","","EinsteinServiceAgent","Skywave_Airlines_Agent","SKYWAVE_PHASE_4_5","2026-05-28T12:22:28.000Z","a4e4ce99-5cc8-4a8c-acd6-182f101fb36b","","{}","GenAiPlannerDefinition","16jg8000000P8QbAAK","-6.0","12:18:00"
"Skywave_Airlines_Agent","USER","74e4ce99-5cc8-4a8c-acd6-182f101fb36b","","EinsteinServiceAgent","Skywave_Airlines_Agent","SKYWAVE_PHASE_4_5","2026-05-28T12:22:28.000Z","u4e4ce99-5cc8-4a8c-acd6-182f101fb36b","","{}","MessagingEndUser","0PAg8000000ZjblGAC","-6.0","12:18:00"
"Skywave_Airlines_Agent","AGENT","8fc1fdc0-ced9-44eb-a2db-86314a8c4a25","","EinsteinServiceAgent","Skywave_Airlines_Agent","SKYWAVE_PHASE_4_5","2026-05-29T11:38:14.000Z","afc1fdc0-ced9-44eb-a2db-86314a8c4a25","","{}","GenAiPlannerDefinition","16jg8000000P8QbAAK","-5.0","11:36:00"
"Skywave_Airlines_Agent","USER","8fc1fdc0-ced9-44eb-a2db-86314a8c4a25","","EinsteinServiceAgent","Skywave_Airlines_Agent","SKYWAVE_PHASE_4_5","2026-05-29T11:38:14.000Z","ufc1fdc0-ced9-44eb-a2db-86314a8c4a25","","{}","MessagingEndUser","0PAg8000000Zl5hGAC","-5.0","11:36:00"
"Skywave_Airlines_Agent","AGENT","f3952e15-3aeb-4de5-ac86-ae87595144be","","EinsteinServiceAgent","Skywave_Airlines_Agent","SKYWAVE_PHASE_4_5","2026-05-25T18:09:54.000Z","a3952e15-3aeb-4de5-ac86-ae87595144be","","{}","GenAiPlannerDefinition","16jg8000000P8QbAAK","-9.0","18:09:00"
"Skywave_Airlines_Agent","USER","f3952e15-3aeb-4de5-ac86-ae87595144be","","EinsteinServiceAgent","Skywave_Airlines_Agent","SKYWAVE_PHASE_4_5","2026-05-25T18:09:54.000Z","u3952e15-3aeb-4de5-ac86-ae87595144be","","{}","MessagingEndUser","0PAg8000000ZlTtGAK","-9.0","18:09:00"
"Skywave_Airlines_Agent","AGENT","1633a96e-c3cd-4625-a719-fdf2c0efdad6","","EinsteinServiceAgent","Skywave_Airlines_Agent","SKYWAVE_PHASE_4_5","2026-05-28T12:17:11.000Z","a633a96e-c3cd-4625-a719-fdf2c0efdad6","","{}","GenAiPlannerDefinition","16jg8000000P8QbAAK","-6.0","12:13:00"
"Skywave_Airlines_Agent","USER","1633a96e-c3cd-4625-a719-fdf2c0efdad6","","EinsteinServiceAgent","Skywave_Airlines_Agent","SKYWAVE_PHASE_4_5","2026-05-28T12:17:11.000Z","u633a96e-c3cd-4625-a719-fdf2c0efdad6","","{}","MessagingEndUser","0PAg8000000ZpBpGAK","-6.0","12:13:00"
"Skywave_Airlines_Agent","AGENT","07de51a2-1b06-4114-a251-c83d539d3a5c","","EinsteinServiceAgent","Skywave_Airlines_Agent","SKYWAVE_PHASE_4_5","2026-05-22T18:37:20.000Z","a7de51a2-1b06-4114-a251-c83d539d3a5c","","{}","GenAiPlannerDefinition","16jg8000000P8QbAAK","-12.0","18:34:00"
"Skywave_Airlines_Agent","USER","07de51a2-1b06-4114-a251-c83d539d3a5c","","EinsteinServiceAgent","Skywave_Airlines_Agent","SKYWAVE_PHASE_4_5","2026-05-22T18:37:20.000Z","u7de51a2-1b06-4114-a251-c83d539d3a5c","","{}","MessagingEndUser","0PAg8000000ZqYPGA0","-12.0","18:34:00"
"Skywave_Airlines_Agent","AGENT","2ebfc0fa-a53c-4b83-a311-35ff708f7f2f","","EinsteinServiceAgent","Skywave_Airlines_Agent","SKYWAVE_PHASE_4_5","2026-05-21T14:23:04.000Z","aebfc0fa-a53c-4b83-a311-35ff708f7f2f","","{}","GenAiPlannerDefinition","16jg8000000P8QbAAK","-13.0","14:22:00"
"Skywave_Airlines_Agent","USER","2ebfc0fa-a53c-4b83-a311-35ff708f7f2f","","EinsteinServiceAgent","Skywave_Airlines_Agent","SKYWAVE_PHASE_4_5","2026-05-21T14:23:04.000Z","uebfc0fa-a53c-4b83-a311-35ff708f7f2f","","{}","MessagingEndUser","0PAg8000000Zqa1GAC","-13.0","14:22:00"
"Skywave_Airlines_Agent","AGENT","e2608da8-4441-4b45-ad04-63928f2bedd4","","EinsteinServiceAgent","Skywave_Airlines_Agent","SKYWAVE_PHASE_4_5","2026-05-27T08:09:57.000Z","a2608da8-4441-4b45-ad04-63928f2bedd4","","{}","GenAiPlannerDefinition","16jg8000000P8QbAAK","-7.0","08:09:00"
"Skywave_Airlines_Agent","USER","e2608da8-4441-4b45-ad04-63928f2bedd4","","EinsteinServiceAgent","Skywave_Airlines_Agent","SKYWAVE_PHASE_4_5","2026-05-27T08:09:57.000Z","u2608da8-4441-4b45-ad04-63928f2bedd4","","{}","MessagingEndUser","0PAg8000000Zr1RGAS","-7.0","08:09:00"
"Skywave_Airlines_Agent","AGENT","b95c8774-8883-4c85-a8c1-914265d738de","","EinsteinServiceAgent","Skywave_Airlines_Agent","SKYWAVE_PHASE_4_5","2026-05-25T18:30:40.000Z","a95c8774-8883-4c85-a8c1-914265d738de","","{}","GenAiPlannerDefinition","16jg8000000P8QbAAK","-9.0","18:22:00"
"Skywave_Airlines_Agent","USER","b95c8774-8883-4c85-a8c1-914265d738de","","EinsteinServiceAgent","Skywave_Airlines_Agent","SKYWAVE_PHASE_4_5","2026-05-25T18:30:40.000Z","u95c8774-8883-4c85-a8c1-914265d738de","","{}","MessagingEndUser","0PAg8000000ZrCjGAK","-9.0","18:22:00"
"Skywave_Airlines_Agent","AGENT","5c9d42ab-f6e7-48ab-a410-6e362de6b062","","EinsteinServiceAgent","Skywave_Airlines_Agent","SKYWAVE_PHASE_4_5","2026-05-30T16:37:42.000Z","ac9d42ab-f6e7-48ab-a410-6e362de6b062","","{}","GenAiPlannerDefinition","16jg8000000P8QbAAK","-4.0","16:33:00"
"Skywave_Airlines_Agent","USER","5c9d42ab-f6e7-48ab-a410-6e362de6b062","","EinsteinServiceAgent","Skywave_Airlines_Agent","SKYWAVE_PHASE_4_5","2026-05-30T16:37:42.000Z","uc9d42ab-f6e7-48ab-a410-6e362de6b062","","{}","MessagingEndUser","0PAg8000000ZMaLGAW","-4.0","16:33:00"
"Skywave_Airlines_Agent","AGENT","95b08dd8-815b-41a9-aba7-d407161bc273","","EinsteinServiceAgent","Skywave_Airlines_Agent","SKYWAVE_PHASE_4_5","2026-05-20T16:09:16.000Z","a5b08dd8-815b-41a9-aba7-d407161bc273","","{}","GenAiPlannerDefinition","16jg8000000P8QbAAK","-14.0","16:05:00"
"Skywave_Airlines_Agent","USER","95b08dd8-815b-41a9-aba7-d407161bc273","","EinsteinServiceAgent","Skywave_Airlines_Agent","SKYWAVE_PHASE_4_5","2026-05-20T16:09:16.000Z","u5b08dd8-815b-41a9-aba7-d407161bc273","","{}","MessagingEndUser","0PAg8000000ZOM1GAO","-14.0","16:05:00"
"Skywave_Airlines_Agent","AGENT","1cb9fb7e-4887-46cf-a3e3-22bcc9297266","","EinsteinServiceAgent","Skywave_Airlines_Agent","SKYWAVE_PHASE_4_5","2026-05-28T12:49:04.000Z","acb9fb7e-4887-46cf-a3e3-22bcc9297266","","{}","GenAiPlannerDefinition","16jg8000000P8QbAAK","-6.0","12:43:00"
"Skywave_Airlines_Agent","USER","1cb9fb7e-4887-46cf-a3e3-22bcc9297266","","EinsteinServiceAgent","Skywave_Airlines_Agent","SKYWAVE_PHASE_4_5","2026-05-28T12:49:04.000Z","ucb9fb7e-4887-46cf-a3e3-22bcc9297266","","{}","MessagingEndUser","0PAg8000000ZOgzGAG","-6.0","12:43:00"
"Skywave_Airlines_Agent","AGENT","5b07a274-3196-4bab-a1f3-297c4cbb8d0c","","EinsteinServiceAgent","Skywave_Airlines_Agent","SKYWAVE_PHASE_4_5","2026-05-22T11:44:25.000Z","ab07a274-3196-4bab-a1f3-297c4cbb8d0c","","{}","GenAiPlannerDefinition","16jg8000000P8QbAAK","-12.0","11:44:00"
"Skywave_Airlines_Agent","USER","5b07a274-3196-4bab-a1f3-297c4cbb8d0c","","EinsteinServiceAgent","Skywave_Airlines_Agent","SKYWAVE_PHASE_4_5","2026-05-22T11:44:25.000Z","ub07a274-3196-4bab-a1f3-297c4cbb8d0c","","{}","MessagingEndUser","0PAg8000000ZOibGAG","-12.0","11:44:00"
"Skywave_Airlines_Agent","AGENT","38cf3555-c286-4953-a77c-9783da42f349","","EinsteinServiceAgent","Skywave_Airlines_Agent","SKYWAVE_PHASE_4_5","2026-05-24T17:38:08.000Z","a8cf3555-c286-4953-a77c-9783da42f349","","{}","GenAiPlannerDefinition","16jg8000000P8QbAAK","-10.0","17:37:00"
"Skywave_Airlines_Agent","USER","38cf3555-c286-4953-a77c-9783da42f349","","EinsteinServiceAgent","Skywave_Airlines_Agent","SKYWAVE_PHASE_4_5","2026-05-24T17:38:08.000Z","u8cf3555-c286-4953-a77c-9783da42f349","","{}","MessagingEndUser","0PAg8000000ZOvVGAW","-10.0","17:37:00"
"Skywave_Airlines_Agent","AGENT","8970948f-d915-47c8-a1c8-cabb1a6c0301","","EinsteinServiceAgent","Skywave_Airlines_Agent","SKYWAVE_PHASE_4_5","2026-05-26T11:48:05.000Z","a970948f-d915-47c8-a1c8-cabb1a6c0301","","{}","GenAiPlannerDefinition","16jg8000000P8QbAAK","-8.0","11:47:00"
"Skywave_Airlines_Agent","USER","8970948f-d915-47c8-a1c8-cabb1a6c0301","","EinsteinServiceAgent","Skywave_Airlines_Agent","SKYWAVE_PHASE_4_5","2026-05-26T11:48:05.000Z","u970948f-d915-47c8-a1c8-cabb1a6c0301","","{}","MessagingEndUser","0PAg8000000ZP6nGAG","-8.0","11:47:00"
"Skywave_Airlines_Agent","AGENT","b44bf475-0a54-426f-ac45-316a0fe6aaba","","EinsteinServiceAgent","Skywave_Airlines_Agent","SKYWAVE_PHASE_4_5","2026-06-01T16:09:51.000Z","a44bf475-0a54-426f-ac45-316a0fe6aaba","","{}","GenAiPlannerDefinition","16jg8000000P8QbAAK","-2.0","16:09:00"
"Skywave_Airlines_Agent","USER","b44bf475-0a54-426f-ac45-316a0fe6aaba","","EinsteinServiceAgent","Skywave_Airlines_Agent","SKYWAVE_PHASE_4_5","2026-06-01T16:09:51.000Z","u44bf475-0a54-426f-ac45-316a0fe6aaba","","{}","MessagingEndUser","0PAg8000000ZP8PGAW","-2.0","16:09:00"
"Skywave_Airlines_Agent","AGENT","bf94994b-253c-4be2-a213-aeb15cc2b39d","","EinsteinServiceAgent","Skywave_Airlines_Agent","SKYWAVE_PHASE_4_5","2026-05-30T13:27:07.000Z","af94994b-253c-4be2-a213-aeb15cc2b39d","","{}","GenAiPlannerDefinition","16jg8000000P8QbAAK","-4.0","13:26:00"
"Skywave_Airlines_Agent","USER","bf94994b-253c-4be2-a213-aeb15cc2b39d","","EinsteinServiceAgent","Skywave_Airlines_Agent","SKYWAVE_PHASE_4_5","2026-05-30T13:27:07.000Z","uf94994b-253c-4be2-a213-aeb15cc2b39d","","{}","MessagingEndUser","0PAg8000000ZPd3GAG","-4.0","13:26:00"
"Skywave_Airlines_Agent","AGENT","71449a30-ca9c-4d5c-a845-37062c6c8f43","","EinsteinServiceAgent","Skywave_Airlines_Agent","SKYWAVE_PHASE_4_5","2026-05-25T12:00:04.000Z","a1449a30-ca9c-4d5c-a845-37062c6c8f43","","{}","GenAiPlannerDefinition","16jg8000000P8QbAAK","-9.0","11:56:00"
"Skywave_Airlines_Agent","USER","71449a30-ca9c-4d5c-a845-37062c6c8f43","","EinsteinServiceAgent","Skywave_Airlines_Agent","SKYWAVE_PHASE_4_5","2026-05-25T12:00:04.000Z","u1449a30-ca9c-4d5c-a845-37062c6c8f43","","{}","MessagingEndUser","0PAg8000000ZPtBGAW","-9.0","11:56:00"
"Skywave_Airlines_Agent","AGENT","6cc73e8d-dd8d-4db8-aa9b-4d0a2158f640","","EinsteinServiceAgent","Skywave_Airlines_Agent","SKYWAVE_PHASE_4_5","2026-05-24T16:11:17.000Z","acc73e8d-dd8d-4db8-aa9b-4d0a2158f640","","{}","GenAiPlannerDefinition","16jg8000000P8QbAAK","-10.0","16:10:00"
"Skywave_Airlines_Agent","USER","6cc73e8d-dd8d-4db8-aa9b-4d0a2158f640","","EinsteinServiceAgent","Skywave_Airlines_Agent","SKYWAVE_PHASE_4_5","2026-05-24T16:11:17.000Z","ucc73e8d-dd8d-4db8-aa9b-4d0a2158f640","","{}","MessagingEndUser","0PAg8000000ZRgTGAW","-10.0","16:10:00"
"Skywave_Airlines_Agent","AGENT","a9e81d55-850c-410c-a42b-b9ed6833edf5","","EinsteinServiceAgent","Skywave_Airlines_Agent","SKYWAVE_PHASE_4_5","2026-05-28T09:17:30.000Z","a9e81d55-850c-410c-a42b-b9ed6833edf5","","{}","GenAiPlannerDefinition","16jg8000000P8QbAAK","-6.0","09:17:00"
"Skywave_Airlines_Agent","USER","a9e81d55-850c-410c-a42b-b9ed6833edf5","","EinsteinServiceAgent","Skywave_Airlines_Agent","SKYWAVE_PHASE_4_5","2026-05-28T09:17:30.000Z","u9e81d55-850c-410c-a42b-b9ed6833edf5","","{}","MessagingEndUser","0PAg8000000ZSRFGA4","-6.0","09:17:00"
"Skywave_Airlines_Agent","AGENT","28bc583b-4ae6-404e-ada7-5b064ae900ea","","EinsteinServiceAgent","Skywave_Airlines_Agent","SKYWAVE_PHASE_4_5","2026-05-29T09:11:21.000Z","a8bc583b-4ae6-404e-ada7-5b064ae900ea","","{}","GenAiPlannerDefinition","16jg8000000P8QbAAK","-5.0","09:07:00"
"Skywave_Airlines_Agent","USER","28bc583b-4ae6-404e-ada7-5b064ae900ea","","EinsteinServiceAgent","Skywave_Airlines_Agent","SKYWAVE_PHASE_4_5","2026-05-29T09:11:21.000Z","u8bc583b-4ae6-404e-ada7-5b064ae900ea","","{}","MessagingEndUser","0PAg8000000ZSXhGAO","-5.0","09:07:00"
"Skywave_Airlines_Agent","AGENT","c2489a7a-d5fd-4061-a433-0ddef5d41cfc","","EinsteinServiceAgent","Skywave_Airlines_Agent","SKYWAVE_PHASE_4_5","2026-05-25T14:26:42.000Z","a2489a7a-d5fd-4061-a433-0ddef5d41cfc","","{}","GenAiPlannerDefinition","16jg8000000P8QbAAK","-9.0","14:15:00"
"Skywave_Airlines_Agent","USER","c2489a7a-d5fd-4061-a433-0ddef5d41cfc","","EinsteinServiceAgent","Skywave_Airlines_Agent","SKYWAVE_PHASE_4_5","2026-05-25T14:26:42.000Z","u2489a7a-d5fd-4061-a433-0ddef5d41cfc","","{}","MessagingEndUser","0PAg8000000ZTNJGA4","-9.0","14:15:00"
"Skywave_Airlines_Agent","AGENT","c8d71c86-221f-4da5-ae06-222cf67c5014","","EinsteinServiceAgent","Skywave_Airlines_Agent","SKYWAVE_PHASE_4_5","2026-06-02T11:26:32.000Z","a8d71c86-221f-4da5-ae06-222cf67c5014","","{}","GenAiPlannerDefinition","16jg8000000P8QbAAK","-1.0","11:26:00"
"Skywave_Airlines_Agent","USER","c8d71c86-221f-4da5-ae06-222cf67c5014","","EinsteinServiceAgent","Skywave_Airlines_Agent","SKYWAVE_PHASE_4_5","2026-06-02T11:26:32.000Z","u8d71c86-221f-4da5-ae06-222cf67c5014","","{}","MessagingEndUser","0PAg8000000ZUsrGAG","-1.0","11:26:00"
"Skywave_Airlines_Agent","AGENT","2ee5e9d9-3dfb-4007-a02a-cf9262157223","","EinsteinServiceAgent","Skywave_Airlines_Agent","SKYWAVE_PHASE_4_5","2026-05-25T09:01:04.000Z","aee5e9d9-3dfb-4007-a02a-cf9262157223","","{}","GenAiPlannerDefinition","16jg8000000P8QbAAK","-9.0","09:00:00"
"Skywave_Airlines_Agent","USER","2ee5e9d9-3dfb-4007-a02a-cf9262157223","","EinsteinServiceAgent","Skywave_Airlines_Agent","SKYWAVE_PHASE_4_5","2026-05-25T09:01:04.000Z","uee5e9d9-3dfb-4007-a02a-cf9262157223","","{}","MessagingEndUser","0PAg8000000ZVDpGAO","-9.0","09:00:00"
"Skywave_Airlines_Agent","AGENT","59c48ab6-4711-420a-a5c3-4d205cea2e52","","EinsteinServiceAgent","Skywave_Airlines_Agent","SKYWAVE_PHASE_4_5","2026-05-21T17:37:37.000Z","a9c48ab6-4711-420a-a5c3-4d205cea2e52","","{}","GenAiPlannerDefinition","16jg8000000P8QbAAK","-13.0","17:30:00"
"Skywave_Airlines_Agent","USER","59c48ab6-4711-420a-a5c3-4d205cea2e52","","EinsteinServiceAgent","Skywave_Airlines_Agent","SKYWAVE_PHASE_4_5","2026-05-21T17:37:37.000Z","u9c48ab6-4711-420a-a5c3-4d205cea2e52","","{}","MessagingEndUser","0PAg8000000ZfMrGAK","-13.0","17:30:00"
"Skywave_Airlines_Agent","AGENT","4f765e31-d7fd-47c6-aedd-5fc36a35e61e","","EinsteinServiceAgent","Skywave_Airlines_Agent","SKYWAVE_PHASE_4_5","2026-05-24T08:40:26.000Z","af765e31-d7fd-47c6-aedd-5fc36a35e61e","","{}","GenAiPlannerDefinition","16jg8000000P8QbAAK","-10.0","08:38:00"
"Skywave_Airlines_Agent","USER","4f765e31-d7fd-47c6-aedd-5fc36a35e61e","","EinsteinServiceAgent","Skywave_Airlines_Agent","SKYWAVE_PHASE_4_5","2026-05-24T08:40:26.000Z","uf765e31-d7fd-47c6-aedd-5fc36a35e61e","","{}","MessagingEndUser","0PAg8000000Zim9GAC","-10.0","08:38:00"
"Skywave_Airlines_Agent","AGENT","7df4a9c6-e973-4dcc-a4bd-a4a083f29b94","","EinsteinServiceAgent","Skywave_Airlines_Agent","SKYWAVE_PHASE_4_5","2026-06-02T18:30:13.000Z","adf4a9c6-e973-4dcc-a4bd-a4a083f29b94","","{}","GenAiPlannerDefinition","16jg8000000P8QbAAK","-1.0","18:28:00"
"Skywave_Airlines_Agent","USER","7df4a9c6-e973-4dcc-a4bd-a4a083f29b94","","EinsteinServiceAgent","Skywave_Airlines_Agent","SKYWAVE_PHASE_4_5","2026-06-02T18:30:13.000Z","udf4a9c6-e973-4dcc-a4bd-a4a083f29b94","","{}","MessagingEndUser","0PAg8000000ZjblGAC","-1.0","18:28:00"
"Skywave_Airlines_Agent","AGENT","9dbddd8b-753e-4324-add9-6b289357b69d","","EinsteinServiceAgent","Skywave_Airlines_Agent","SKYWAVE_PHASE_4_5","2026-05-23T13:55:33.000Z","adbddd8b-753e-4324-add9-6b289357b69d","","{}","GenAiPlannerDefinition","16jg8000000P8QbAAK","-11.0","13:48:00"
"Skywave_Airlines_Agent","USER","9dbddd8b-753e-4324-add9-6b289357b69d","","EinsteinServiceAgent","Skywave_Airlines_Agent","SKYWAVE_PHASE_4_5","2026-05-23T13:55:33.000Z","udbddd8b-753e-4324-add9-6b289357b69d","","{}","MessagingEndUser","0PAg8000000Zl5hGAC","-11.0","13:48:00"
"Skywave_Airlines_Agent","AGENT","2166c201-af1d-49ee-aec3-679a308b0957","","EinsteinServiceAgent","Skywave_Airlines_Agent","SKYWAVE_PHASE_4_5","2026-05-27T13:04:22.000Z","a166c201-af1d-49ee-aec3-679a308b0957","","{}","GenAiPlannerDefinition","16jg8000000P8QbAAK","-7.0","13:04:00"
"Skywave_Airlines_Agent","USER","2166c201-af1d-49ee-aec3-679a308b0957","","EinsteinServiceAgent","Skywave_Airlines_Agent","SKYWAVE_PHASE_4_5","2026-05-27T13:04:22.000Z","u166c201-af1d-49ee-aec3-679a308b0957","","{}","MessagingEndUser","0PAg8000000ZlTtGAK","-7.0","13:04:00"
"Skywave_Airlines_Agent","AGENT","d1885aa7-ade7-4e9b-a7c9-8d0498dfb8b9","","EinsteinServiceAgent","Skywave_Airlines_Agent","SKYWAVE_PHASE_4_5","2026-05-20T12:08:18.000Z","a1885aa7-ade7-4e9b-a7c9-8d0498dfb8b9","","{}","GenAiPlannerDefinition","16jg8000000P8QbAAK","-14.0","11:59:00"
"Skywave_Airlines_Agent","USER","d1885aa7-ade7-4e9b-a7c9-8d0498dfb8b9","","EinsteinServiceAgent","Skywave_Airlines_Agent","SKYWAVE_PHASE_4_5","2026-05-20T12:08:18.000Z","u1885aa7-ade7-4e9b-a7c9-8d0498dfb8b9","","{}","MessagingEndUser","0PAg8000000ZpBpGAK","-14.0","11:59:00"
"Skywave_Airlines_Agent","AGENT","236d8be4-4a32-40e9-a63c-32872f7c039d","","EinsteinServiceAgent","Skywave_Airlines_Agent","SKYWAVE_PHASE_4_5","2026-05-23T08:52:13.000Z","a36d8be4-4a32-40e9-a63c-32872f7c039d","","{}","GenAiPlannerDefinition","16jg8000000P8QbAAK","-11.0","08:48:00"
"Skywave_Airlines_Agent","USER","236d8be4-4a32-40e9-a63c-32872f7c039d","","EinsteinServiceAgent","Skywave_Airlines_Agent","SKYWAVE_PHASE_4_5","2026-05-23T08:52:13.000Z","u36d8be4-4a32-40e9-a63c-32872f7c039d","","{}","MessagingEndUser","0PAg8000000ZqYPGA0","-11.0","08:48:00"
"Skywave_Airlines_Agent","AGENT","4735a937-8a14-4ac2-ac10-023a1661bfcd","","EinsteinServiceAgent","Skywave_Airlines_Agent","SKYWAVE_PHASE_4_5","2026-05-20T13:10:03.000Z","a735a937-8a14-4ac2-ac10-023a1661bfcd","","{}","GenAiPlannerDefinition","16jg8000000P8QbAAK","-14.0","13:09:00"
"Skywave_Airlines_Agent","USER","4735a937-8a14-4ac2-ac10-023a1661bfcd","","EinsteinServiceAgent","Skywave_Airlines_Agent","SKYWAVE_PHASE_4_5","2026-05-20T13:10:03.000Z","u735a937-8a14-4ac2-ac10-023a1661bfcd","","{}","MessagingEndUser","0PAg8000000Zqa1GAC","-14.0","13:09:00"
"Skywave_Airlines_Agent","AGENT","b2ebe055-4bfd-49bd-ae95-1b035c60b704","","EinsteinServiceAgent","Skywave_Airlines_Agent","SKYWAVE_PHASE_4_5","2026-06-01T13:13:11.000Z","a2ebe055-4bfd-49bd-ae95-1b035c60b704","","{}","GenAiPlannerDefinition","16jg8000000P8QbAAK","-2.0","13:11:00"
"Skywave_Airlines_Agent","USER","b2ebe055-4bfd-49bd-ae95-1b035c60b704","","EinsteinServiceAgent","Skywave_Airlines_Agent","SKYWAVE_PHASE_4_5","2026-06-01T13:13:11.000Z","u2ebe055-4bfd-49bd-ae95-1b035c60b704","","{}","MessagingEndUser","0PAg8000000Zr1RGAS","-2.0","13:11:00"
"Skywave_Airlines_Agent","AGENT","33124c95-93d5-4d74-a21c-14a341b07feb","","EinsteinServiceAgent","Skywave_Airlines_Agent","SKYWAVE_PHASE_4_5","2026-05-30T09:00:10.000Z","a3124c95-93d5-4d74-a21c-14a341b07feb","","{}","GenAiPlannerDefinition","16jg8000000P8QbAAK","-4.0","08:58:00"
"Skywave_Airlines_Agent","USER","33124c95-93d5-4d74-a21c-14a341b07feb","","EinsteinServiceAgent","Skywave_Airlines_Agent","SKYWAVE_PHASE_4_5","2026-05-30T09:00:10.000Z","u3124c95-93d5-4d74-a21c-14a341b07feb","","{}","MessagingEndUser","0PAg8000000ZrCjGAK","-4.0","08:58:00"
"Skywave_Airlines_Agent","AGENT","c083c4ec-50a4-444d-aed0-ab375cb8739d","","EinsteinServiceAgent","Skywave_Airlines_Agent","SKYWAVE_PHASE_4_5","2026-05-20T15:32:20.000Z","a083c4ec-50a4-444d-aed0-ab375cb8739d","","{}","GenAiPlannerDefinition","16jg8000000P8QbAAK","-14.0","15:31:00"
"Skywave_Airlines_Agent","USER","c083c4ec-50a4-444d-aed0-ab375cb8739d","","EinsteinServiceAgent","Skywave_Airlines_Agent","SKYWAVE_PHASE_4_5","2026-05-20T15:32:20.000Z","u083c4ec-50a4-444d-aed0-ab375cb8739d","","{}","MessagingEndUser","0PAg8000000ZMaLGAW","-14.0","15:31:00"
"Skywave_Airlines_Agent","AGENT","68600216-0e91-4aa4-ae01-4250e6e4d281","","EinsteinServiceAgent","Skywave_Airlines_Agent","SKYWAVE_PHASE_4_5","2026-05-20T16:28:43.000Z","a8600216-0e91-4aa4-ae01-4250e6e4d281","","{}","GenAiPlannerDefinition","16jg8000000P8QbAAK","-14.0","16:25:00"
"Skywave_Airlines_Agent","USER","68600216-0e91-4aa4-ae01-4250e6e4d281","","EinsteinServiceAgent","Skywave_Airlines_Agent","SKYWAVE_PHASE_4_5","2026-05-20T16:28:43.000Z","u8600216-0e91-4aa4-ae01-4250e6e4d281","","{}","MessagingEndUser","0PAg8000000ZOM1GAO","-14.0","16:25:00"
"Skywave_Airlines_Agent","AGENT","1f227407-1c41-46e6-afb0-cfdf79b4b263","","EinsteinServiceAgent","Skywave_Airlines_Agent","SKYWAVE_PHASE_4_5","2026-05-21T15:46:28.000Z","af227407-1c41-46e6-afb0-cfdf79b4b263","","{}","GenAiPlannerDefinition","16jg8000000P8QbAAK","-13.0","15:43:00"
"Skywave_Airlines_Agent","USER","1f227407-1c41-46e6-afb0-cfdf79b4b263","","EinsteinServiceAgent","Skywave_Airlines_Agent","SKYWAVE_PHASE_4_5","2026-05-21T15:46:28.000Z","uf227407-1c41-46e6-afb0-cfdf79b4b263","","{}","MessagingEndUser","0PAg8000000ZOgzGAG","-13.0","15:43:00"
"Skywave_Airlines_Agent","AGENT","baff2bb4-ea2a-4edc-a1a7-871bdfd826f1","","EinsteinServiceAgent","Skywave_Airlines_Agent","SKYWAVE_PHASE_4_5","2026-05-24T17:50:50.000Z","aaff2bb4-ea2a-4edc-a1a7-871bdfd826f1","","{}","GenAiPlannerDefinition","16jg8000000P8QbAAK","-10.0","17:48:00"
"Skywave_Airlines_Agent","USER","baff2bb4-ea2a-4edc-a1a7-871bdfd826f1","","EinsteinServiceAgent","Skywave_Airlines_Agent","SKYWAVE_PHASE_4_5","2026-05-24T17:50:50.000Z","uaff2bb4-ea2a-4edc-a1a7-871bdfd826f1","","{}","MessagingEndUser","0PAg8000000ZOibGAG","-10.0","17:48:00"
"Skywave_Airlines_Agent","AGENT","826fb0a7-7fb9-433e-a7c4-4d6366f3fca2","","EinsteinServiceAgent","Skywave_Airlines_Agent","SKYWAVE_PHASE_4_5","2026-05-25T13:08:46.000Z","a26fb0a7-7fb9-433e-a7c4-4d6366f3fca2","","{}","GenAiPlannerDefinition","16jg8000000P8QbAAK","-9.0","13:07:00"
"Skywave_Airlines_Agent","USER","826fb0a7-7fb9-433e-a7c4-4d6366f3fca2","","EinsteinServiceAgent","Skywave_Airlines_Agent","SKYWAVE_PHASE_4_5","2026-05-25T13:08:46.000Z","u26fb0a7-7fb9-433e-a7c4-4d6366f3fca2","","{}","MessagingEndUser","0PAg8000000ZOvVGAW","-9.0","13:07:00"
"Skywave_Airlines_Agent","AGENT","04ef7554-3beb-465a-a3d1-54c03e52b276","","EinsteinServiceAgent","Skywave_Airlines_Agent","SKYWAVE_PHASE_4_5","2026-05-21T16:01:53.000Z","a4ef7554-3beb-465a-a3d1-54c03e52b276","","{}","GenAiPlannerDefinition","16jg8000000P8QbAAK","-13.0","15:58:00"
"Skywave_Airlines_Agent","USER","04ef7554-3beb-465a-a3d1-54c03e52b276","","EinsteinServiceAgent","Skywave_Airlines_Agent","SKYWAVE_PHASE_4_5","2026-05-21T16:01:53.000Z","u4ef7554-3beb-465a-a3d1-54c03e52b276","","{}","MessagingEndUser","0PAg8000000ZP6nGAG","-13.0","15:58:00"
"Skywave_Airlines_Agent","AGENT","04e75a37-35b9-4b41-a488-4222d9e90532","","EinsteinServiceAgent","Skywave_Airlines_Agent","SKYWAVE_PHASE_4_5","2026-05-22T19:44:51.000Z","a4e75a37-35b9-4b41-a488-4222d9e90532","","{}","GenAiPlannerDefinition","16jg8000000P8QbAAK","-12.0","19:36:00"
"Skywave_Airlines_Agent","USER","04e75a37-35b9-4b41-a488-4222d9e90532","","EinsteinServiceAgent","Skywave_Airlines_Agent","SKYWAVE_PHASE_4_5","2026-05-22T19:44:51.000Z","u4e75a37-35b9-4b41-a488-4222d9e90532","","{}","MessagingEndUser","0PAg8000000ZP8PGAW","-12.0","19:36:00"
"Skywave_Airlines_Agent","AGENT","5f6b6a09-74bb-4dba-ac11-50d87eb337ff","","EinsteinServiceAgent","Skywave_Airlines_Agent","SKYWAVE_PHASE_4_5","2026-05-20T10:00:39.000Z","af6b6a09-74bb-4dba-ac11-50d87eb337ff","","{}","GenAiPlannerDefinition","16jg8000000P8QbAAK","-14.0","10:00:00"
"Skywave_Airlines_Agent","USER","5f6b6a09-74bb-4dba-ac11-50d87eb337ff","","EinsteinServiceAgent","Skywave_Airlines_Agent","SKYWAVE_PHASE_4_5","2026-05-20T10:00:39.000Z","uf6b6a09-74bb-4dba-ac11-50d87eb337ff","","{}","MessagingEndUser","0PAg8000000ZPd3GAG","-14.0","10:00:00"
"Skywave_Airlines_Agent","AGENT","36de854e-f289-4626-a93c-dd9680a90a27","","EinsteinServiceAgent","Skywave_Airlines_Agent","SKYWAVE_PHASE_4_5","2026-05-27T12:49:41.000Z","a6de854e-f289-4626-a93c-dd9680a90a27","","{}","GenAiPlannerDefinition","16jg8000000P8QbAAK","-7.0","12:42:00"
"Skywave_Airlines_Agent","USER","36de854e-f289-4626-a93c-dd9680a90a27","","EinsteinServiceAgent","Skywave_Airlines_Agent","SKYWAVE_PHASE_4_5","2026-05-27T12:49:41.000Z","u6de854e-f289-4626-a93c-dd9680a90a27","","{}","MessagingEndUser","0PAg8000000ZPtBGAW","-7.0","12:42:00"
"Skywave_Airlines_Agent","AGENT","3180d961-580a-437e-a23e-fe0ce6d8273e","","EinsteinServiceAgent","Skywave_Airlines_Agent","SKYWAVE_PHASE_4_5","2026-05-25T11:18:13.000Z","a180d961-580a-437e-a23e-fe0ce6d8273e","","{}","GenAiPlannerDefinition","16jg8000000P8QbAAK","-9.0","11:17:00"
"Skywave_Airlines_Agent","USER","3180d961-580a-437e-a23e-fe0ce6d8273e","","EinsteinServiceAgent","Skywave_Airlines_Agent","SKYWAVE_PHASE_4_5","2026-05-25T11:18:13.000Z","u180d961-580a-437e-a23e-fe0ce6d8273e","","{}","MessagingEndUser","0PAg8000000ZRgTGAW","-9.0","11:17:00"
"Skywave_Airlines_Agent","AGENT","d51d09b4-674e-412a-ac8a-3bde65e5d8c6","","EinsteinServiceAgent","Skywave_Airlines_Agent","SKYWAVE_PHASE_4_5","2026-05-23T11:07:40.000Z","a51d09b4-674e-412a-ac8a-3bde65e5d8c6","","{}","GenAiPlannerDefinition","16jg8000000P8QbAAK","-11.0","11:07:00"
"Skywave_Airlines_Agent","USER","d51d09b4-674e-412a-ac8a-3bde65e5d8c6","","EinsteinServiceAgent","Skywave_Airlines_Agent","SKYWAVE_PHASE_4_5","2026-05-23T11:07:40.000Z","u51d09b4-674e-412a-ac8a-3bde65e5d8c6","","{}","MessagingEndUser","0PAg8000000ZSRFGA4","-11.0","11:07:00"
"Skywave_Airlines_Agent","AGENT","e06e17d1-8b09-4bf0-a00f-f7bb594ee616","","EinsteinServiceAgent","Skywave_Airlines_Agent","SKYWAVE_PHASE_4_5","2026-05-27T09:02:09.000Z","a06e17d1-8b09-4bf0-a00f-f7bb594ee616","","{}","GenAiPlannerDefinition","16jg8000000P8QbAAK","-7.0","08:59:00"
"Skywave_Airlines_Agent","USER","e06e17d1-8b09-4bf0-a00f-f7bb594ee616","","EinsteinServiceAgent","Skywave_Airlines_Agent","SKYWAVE_PHASE_4_5","2026-05-27T09:02:09.000Z","u06e17d1-8b09-4bf0-a00f-f7bb594ee616","","{}","MessagingEndUser","0PAg8000000ZSXhGAO","-7.0","08:59:00"
"Skywave_Airlines_Agent","AGENT","25253a0d-5811-4dc4-ad87-1d0c5c182273","","EinsteinServiceAgent","Skywave_Airlines_Agent","SKYWAVE_PHASE_4_5","2026-05-21T13:28:06.000Z","a5253a0d-5811-4dc4-ad87-1d0c5c182273","","{}","GenAiPlannerDefinition","16jg8000000P8QbAAK","-13.0","13:25:00"
"Skywave_Airlines_Agent","USER","25253a0d-5811-4dc4-ad87-1d0c5c182273","","EinsteinServiceAgent","Skywave_Airlines_Agent","SKYWAVE_PHASE_4_5","2026-05-21T13:28:06.000Z","u5253a0d-5811-4dc4-ad87-1d0c5c182273","","{}","MessagingEndUser","0PAg8000000ZTNJGA4","-13.0","13:25:00"
"Skywave_Airlines_Agent","AGENT","940cd7f6-aca9-4c2d-a602-34adb4bda2dd","","EinsteinServiceAgent","Skywave_Airlines_Agent","SKYWAVE_PHASE_4_5","2026-06-01T11:55:49.000Z","a40cd7f6-aca9-4c2d-a602-34adb4bda2dd","","{}","GenAiPlannerDefinition","16jg8000000P8QbAAK","-2.0","11:55:00"
"Skywave_Airlines_Agent","USER","940cd7f6-aca9-4c2d-a602-34adb4bda2dd","","EinsteinServiceAgent","Skywave_Airlines_Agent","SKYWAVE_PHASE_4_5","2026-06-01T11:55:49.000Z","u40cd7f6-aca9-4c2d-a602-34adb4bda2dd","","{}","MessagingEndUser","0PAg8000000ZUsrGAG","-2.0","11:55:00"
"Skywave_Airlines_Agent","AGENT","1e1110ef-e0bc-409e-aed8-44bfdb77d1b4","","EinsteinServiceAgent","Skywave_Airlines_Agent","SKYWAVE_PHASE_4_5","2026-05-20T18:29:34.000Z","ae1110ef-e0bc-409e-aed8-44bfdb77d1b4","","{}","GenAiPlannerDefinition","16jg8000000P8QbAAK","-14.0","18:23:00"
"Skywave_Airlines_Agent","USER","1e1110ef-e0bc-409e-aed8-44bfdb77d1b4","","EinsteinServiceAgent","Skywave_Airlines_Agent","SKYWAVE_PHASE_4_5","2026-05-20T18:29:34.000Z","ue1110ef-e0bc-409e-aed8-44bfdb77d1b4","","{}","MessagingEndUser","0PAg8000000ZVDpGAO","-14.0","18:23:00"
"Skywave_Airlines_Agent","AGENT","0668243e-1720-4f0a-af2d-8dd435e67119","","EinsteinServiceAgent","Skywave_Airlines_Agent","SKYWAVE_PHASE_4_5","2026-05-23T19:31:41.000Z","a668243e-1720-4f0a-af2d-8dd435e67119","","{}","GenAiPlannerDefinition","16jg8000000P8QbAAK","-11.0","19:28:00"
"Skywave_Airlines_Agent","USER","0668243e-1720-4f0a-af2d-8dd435e67119","","EinsteinServiceAgent","Skywave_Airlines_Agent","SKYWAVE_PHASE_4_5","2026-05-23T19:31:41.000Z","u668243e-1720-4f0a-af2d-8dd435e67119","","{}","MessagingEndUser","0PAg8000000ZfMrGAK","-11.0","19:28:00"
"Skywave_Airlines_Agent","AGENT","205356e8-9bb1-4e43-aa17-36b12613b6e7","","EinsteinServiceAgent","Skywave_Airlines_Agent","SKYWAVE_PHASE_4_5","2026-05-21T17:54:38.000Z","a05356e8-9bb1-4e43-aa17-36b12613b6e7","","{}","GenAiPlannerDefinition","16jg8000000P8QbAAK","-13.0","17:54:00"
"Skywave_Airlines_Agent","USER","205356e8-9bb1-4e43-aa17-36b12613b6e7","","EinsteinServiceAgent","Skywave_Airlines_Agent","SKYWAVE_PHASE_4_5","2026-05-21T17:54:38.000Z","u05356e8-9bb1-4e43-aa17-36b12613b6e7","","{}","MessagingEndUser","0PAg8000000Zim9GAC","-13.0","17:54:00"
"Skywave_Airlines_Agent","AGENT","2f4e8a78-19e3-4166-a275-ef5151735d99","","EinsteinServiceAgent","Skywave_Airlines_Agent","SKYWAVE_PHASE_4_5","2026-05-28T08:25:19.000Z","af4e8a78-19e3-4166-a275-ef5151735d99","","{}","GenAiPlannerDefinition","16jg8000000P8QbAAK","-6.0","08:17:00"
"Skywave_Airlines_Agent","USER","2f4e8a78-19e3-4166-a275-ef5151735d99","","EinsteinServiceAgent","Skywave_Airlines_Agent","SKYWAVE_PHASE_4_5","2026-05-28T08:25:19.000Z","uf4e8a78-19e3-4166-a275-ef5151735d99","","{}","MessagingEndUser","0PAg8000000ZjblGAC","-6.0","08:17:00"
"Skywave_Airlines_Agent","AGENT","7ba42436-6c5b-4337-ac3b-08f6b8545eb8","","EinsteinServiceAgent","Skywave_Airlines_Agent","SKYWAVE_PHASE_4_5","2026-06-02T14:28:12.000Z","aba42436-6c5b-4337-ac3b-08f6b8545eb8","","{}","GenAiPlannerDefinition","16jg8000000P8QbAAK","-1.0","14:24:00"
"Skywave_Airlines_Agent","USER","7ba42436-6c5b-4337-ac3b-08f6b8545eb8","","EinsteinServiceAgent","Skywave_Airlines_Agent","SKYWAVE_PHASE_4_5","2026-06-02T14:28:12.000Z","uba42436-6c5b-4337-ac3b-08f6b8545eb8","","{}","MessagingEndUser","0PAg8000000Zl5hGAC","-1.0","14:24:00"
"Skywave_Airlines_Agent","AGENT","8d9bf8e3-ec8f-4869-a477-ef2bf3c98344","","EinsteinServiceAgent","Skywave_Airlines_Agent","SKYWAVE_PHASE_4_5","2026-05-30T13:33:46.000Z","ad9bf8e3-ec8f-4869-a477-ef2bf3c98344","","{}","GenAiPlannerDefinition","16jg8000000P8QbAAK","-4.0","13:33:00"
"Skywave_Airlines_Agent","USER","8d9bf8e3-ec8f-4869-a477-ef2bf3c98344","","EinsteinServiceAgent","Skywave_Airlines_Agent","SKYWAVE_PHASE_4_5","2026-05-30T13:33:46.000Z","ud9bf8e3-ec8f-4869-a477-ef2bf3c98344","","{}","MessagingEndUser","0PAg8000000ZlTtGAK","-4.0","13:33:00"
"Skywave_Airlines_Agent","AGENT","5eca7121-c765-4ce7-ae72-8258d2b126ae","","EinsteinServiceAgent","Skywave_Airlines_Agent","SKYWAVE_PHASE_4_5","2026-05-27T14:49:13.000Z","aeca7121-c765-4ce7-ae72-8258d2b126ae","","{}","GenAiPlannerDefinition","16jg8000000P8QbAAK","-7.0","14:47:00"
"Skywave_Airlines_Agent","USER","5eca7121-c765-4ce7-ae72-8258d2b126ae","","EinsteinServiceAgent","Skywave_Airlines_Agent","SKYWAVE_PHASE_4_5","2026-05-27T14:49:13.000Z","ueca7121-c765-4ce7-ae72-8258d2b126ae","","{}","MessagingEndUser","0PAg8000000ZpBpGAK","-7.0","14:47:00"
"Skywave_Airlines_Agent","AGENT","86610453-cdbb-4e9b-a7e6-4632419890ba","","EinsteinServiceAgent","Skywave_Airlines_Agent","SKYWAVE_PHASE_4_5","2026-05-28T14:30:12.000Z","a6610453-cdbb-4e9b-a7e6-4632419890ba","","{}","GenAiPlannerDefinition","16jg8000000P8QbAAK","-6.0","14:29:00"
"Skywave_Airlines_Agent","USER","86610453-cdbb-4e9b-a7e6-4632419890ba","","EinsteinServiceAgent","Skywave_Airlines_Agent","SKYWAVE_PHASE_4_5","2026-05-28T14:30:12.000Z","u6610453-cdbb-4e9b-a7e6-4632419890ba","","{}","MessagingEndUser","0PAg8000000ZqYPGA0","-6.0","14:29:00"
"Skywave_Airlines_Agent","AGENT","0c5938a2-b91b-4fa6-a135-26a3780d53fd","","EinsteinServiceAgent","Skywave_Airlines_Agent","SKYWAVE_PHASE_4_5","2026-06-02T09:40:19.000Z","ac5938a2-b91b-4fa6-a135-26a3780d53fd","","{}","GenAiPlannerDefinition","16jg8000000P8QbAAK","-1.0","09:40:00"
"Skywave_Airlines_Agent","USER","0c5938a2-b91b-4fa6-a135-26a3780d53fd","","EinsteinServiceAgent","Skywave_Airlines_Agent","SKYWAVE_PHASE_4_5","2026-06-02T09:40:19.000Z","uc5938a2-b91b-4fa6-a135-26a3780d53fd","","{}","MessagingEndUser","0PAg8000000Zqa1GAC","-1.0","09:40:00"
"Skywave_Airlines_Agent","AGENT","c07d5c82-4c2e-4ae2-a9c9-f055506a7bd4","","EinsteinServiceAgent","Skywave_Airlines_Agent","SKYWAVE_PHASE_4_5","2026-05-26T10:10:26.000Z","a07d5c82-4c2e-4ae2-a9c9-f055506a7bd4","","{}","GenAiPlannerDefinition","16jg8000000P8QbAAK","-8.0","10:08:00"
"Skywave_Airlines_Agent","USER","c07d5c82-4c2e-4ae2-a9c9-f055506a7bd4","","EinsteinServiceAgent","Skywave_Airlines_Agent","SKYWAVE_PHASE_4_5","2026-05-26T10:10:26.000Z","u07d5c82-4c2e-4ae2-a9c9-f055506a7bd4","","{}","MessagingEndUser","0PAg8000000Zr1RGAS","-8.0","10:08:00"
"Skywave_Airlines_Agent","AGENT","2bb451e3-4e2e-4bf3-a943-b645a8edaa7a","","EinsteinServiceAgent","Skywave_Airlines_Agent","SKYWAVE_PHASE_4_5","2026-05-25T19:42:57.000Z","abb451e3-4e2e-4bf3-a943-b645a8edaa7a","","{}","GenAiPlannerDefinition","16jg8000000P8QbAAK","-9.0","19:41:00"
"Skywave_Airlines_Agent","USER","2bb451e3-4e2e-4bf3-a943-b645a8edaa7a","","EinsteinServiceAgent","Skywave_Airlines_Agent","SKYWAVE_PHASE_4_5","2026-05-25T19:42:57.000Z","ubb451e3-4e2e-4bf3-a943-b645a8edaa7a","","{}","MessagingEndUser","0PAg8000000ZrCjGAK","-9.0","19:41:00"
"Skywave_Airlines_Agent","AGENT","2bdb0338-2a64-4ff4-ac89-012fc6b2d179","","EinsteinServiceAgent","Skywave_Airlines_Agent","SKYWAVE_PHASE_4_5","2026-05-30T10:20:54.000Z","abdb0338-2a64-4ff4-ac89-012fc6b2d179","","{}","GenAiPlannerDefinition","16jg8000000P8QbAAK","-4.0","10:19:00"
"Skywave_Airlines_Agent","USER","2bdb0338-2a64-4ff4-ac89-012fc6b2d179","","EinsteinServiceAgent","Skywave_Airlines_Agent","SKYWAVE_PHASE_4_5","2026-05-30T10:20:54.000Z","ubdb0338-2a64-4ff4-ac89-012fc6b2d179","","{}","MessagingEndUser","0PAg8000000ZMaLGAW","-4.0","10:19:00"
"Skywave_Airlines_Agent","AGENT","b59ae471-4a83-4818-ad18-6f8bf14d0f9e","","EinsteinServiceAgent","Skywave_Airlines_Agent","SKYWAVE_PHASE_4_5","2026-05-21T15:09:37.000Z","a59ae471-4a83-4818-ad18-6f8bf14d0f9e","","{}","GenAiPlannerDefinition","16jg8000000P8QbAAK","-13.0","15:09:00"
"Skywave_Airlines_Agent","USER","b59ae471-4a83-4818-ad18-6f8bf14d0f9e","","EinsteinServiceAgent","Skywave_Airlines_Agent","SKYWAVE_PHASE_4_5","2026-05-21T15:09:37.000Z","u59ae471-4a83-4818-ad18-6f8bf14d0f9e","","{}","MessagingEndUser","0PAg8000000ZOM1GAO","-13.0","15:09:00"
"Skywave_Airlines_Agent","AGENT","06b5e753-e315-455f-a9ba-5cb2fb99f4ac","","EinsteinServiceAgent","Skywave_Airlines_Agent","SKYWAVE_PHASE_4_5","2026-05-20T19:26:48.000Z","a6b5e753-e315-455f-a9ba-5cb2fb99f4ac","","{}","GenAiPlannerDefinition","16jg8000000P8QbAAK","-14.0","19:26:00"
"Skywave_Airlines_Agent","USER","06b5e753-e315-455f-a9ba-5cb2fb99f4ac","","EinsteinServiceAgent","Skywave_Airlines_Agent","SKYWAVE_PHASE_4_5","2026-05-20T19:26:48.000Z","u6b5e753-e315-455f-a9ba-5cb2fb99f4ac","","{}","MessagingEndUser","0PAg8000000ZOgzGAG","-14.0","19:26:00"
"Skywave_Airlines_Agent","AGENT","c811202a-d535-4056-a437-b5f47dca624b","","EinsteinServiceAgent","Skywave_Airlines_Agent","SKYWAVE_PHASE_4_5","2026-05-24T13:30:28.000Z","a811202a-d535-4056-a437-b5f47dca624b","","{}","GenAiPlannerDefinition","16jg8000000P8QbAAK","-10.0","13:24:00"
"Skywave_Airlines_Agent","USER","c811202a-d535-4056-a437-b5f47dca624b","","EinsteinServiceAgent","Skywave_Airlines_Agent","SKYWAVE_PHASE_4_5","2026-05-24T13:30:28.000Z","u811202a-d535-4056-a437-b5f47dca624b","","{}","MessagingEndUser","0PAg8000000ZOibGAG","-10.0","13:24:00"
"Skywave_Airlines_Agent","AGENT","6f554432-4d35-4eaa-a1b7-67242a484107","","EinsteinServiceAgent","Skywave_Airlines_Agent","SKYWAVE_PHASE_4_5","2026-05-27T08:24:44.000Z","af554432-4d35-4eaa-a1b7-67242a484107","","{}","GenAiPlannerDefinition","16jg8000000P8QbAAK","-7.0","08:21:00"
"Skywave_Airlines_Agent","USER","6f554432-4d35-4eaa-a1b7-67242a484107","","EinsteinServiceAgent","Skywave_Airlines_Agent","SKYWAVE_PHASE_4_5","2026-05-27T08:24:44.000Z","uf554432-4d35-4eaa-a1b7-67242a484107","","{}","MessagingEndUser","0PAg8000000ZOvVGAW","-7.0","08:21:00"
"Skywave_Airlines_Agent","AGENT","702b09d3-b603-47af-ab5d-b6de7804045e","","EinsteinServiceAgent","Skywave_Airlines_Agent","SKYWAVE_PHASE_4_5","2026-05-31T10:08:29.000Z","a02b09d3-b603-47af-ab5d-b6de7804045e","","{}","GenAiPlannerDefinition","16jg8000000P8QbAAK","-3.0","10:08:00"
"Skywave_Airlines_Agent","USER","702b09d3-b603-47af-ab5d-b6de7804045e","","EinsteinServiceAgent","Skywave_Airlines_Agent","SKYWAVE_PHASE_4_5","2026-05-31T10:08:29.000Z","u02b09d3-b603-47af-ab5d-b6de7804045e","","{}","MessagingEndUser","0PAg8000000ZP6nGAG","-3.0","10:08:00"
"Skywave_Airlines_Agent","AGENT","8bd72a84-87ce-4c85-a25d-16be5dad0d9a","","EinsteinServiceAgent","Skywave_Airlines_Agent","SKYWAVE_PHASE_4_5","2026-05-27T10:46:10.000Z","abd72a84-87ce-4c85-a25d-16be5dad0d9a","","{}","GenAiPlannerDefinition","16jg8000000P8QbAAK","-7.0","10:45:00"
"Skywave_Airlines_Agent","USER","8bd72a84-87ce-4c85-a25d-16be5dad0d9a","","EinsteinServiceAgent","Skywave_Airlines_Agent","SKYWAVE_PHASE_4_5","2026-05-27T10:46:10.000Z","ubd72a84-87ce-4c85-a25d-16be5dad0d9a","","{}","MessagingEndUser","0PAg8000000ZP8PGAW","-7.0","10:45:00"
"Skywave_Airlines_Agent","AGENT","dc0551c7-cdf6-4366-a366-3f7257f45e15","","EinsteinServiceAgent","Skywave_Airlines_Agent","SKYWAVE_PHASE_4_5","2026-06-02T18:47:57.000Z","ac0551c7-cdf6-4366-a366-3f7257f45e15","","{}","GenAiPlannerDefinition","16jg8000000P8QbAAK","-1.0","18:47:00"
"Skywave_Airlines_Agent","USER","dc0551c7-cdf6-4366-a366-3f7257f45e15","","EinsteinServiceAgent","Skywave_Airlines_Agent","SKYWAVE_PHASE_4_5","2026-06-02T18:47:57.000Z","uc0551c7-cdf6-4366-a366-3f7257f45e15","","{}","MessagingEndUser","0PAg8000000ZPd3GAG","-1.0","18:47:00"
"Skywave_Airlines_Agent","AGENT","318c727f-7115-47a4-a73b-b67237c3a650","","EinsteinServiceAgent","Skywave_Airlines_Agent","SKYWAVE_PHASE_4_5","2026-05-28T11:45:37.000Z","a18c727f-7115-47a4-a73b-b67237c3a650","","{}","GenAiPlannerDefinition","16jg8000000P8QbAAK","-6.0","11:43:00"
"Skywave_Airlines_Agent","USER","318c727f-7115-47a4-a73b-b67237c3a650","","EinsteinServiceAgent","Skywave_Airlines_Agent","SKYWAVE_PHASE_4_5","2026-05-28T11:45:37.000Z","u18c727f-7115-47a4-a73b-b67237c3a650","","{}","MessagingEndUser","0PAg8000000ZPtBGAW","-6.0","11:43:00"
"Skywave_Airlines_Agent","AGENT","4ba37bdc-d1c3-47e4-ae6d-47c257170ed3","","EinsteinServiceAgent","Skywave_Airlines_Agent","SKYWAVE_PHASE_4_5","2026-05-31T14:55:48.000Z","aba37bdc-d1c3-47e4-ae6d-47c257170ed3","","{}","GenAiPlannerDefinition","16jg8000000P8QbAAK","-3.0","14:55:00"
"Skywave_Airlines_Agent","USER","4ba37bdc-d1c3-47e4-ae6d-47c257170ed3","","EinsteinServiceAgent","Skywave_Airlines_Agent","SKYWAVE_PHASE_4_5","2026-05-31T14:55:48.000Z","uba37bdc-d1c3-47e4-ae6d-47c257170ed3","","{}","MessagingEndUser","0PAg8000000ZRgTGAW","-3.0","14:55:00"
"Skywave_Airlines_Agent","AGENT","5d620081-8710-40e8-ae28-1e40c1e12368","","EinsteinServiceAgent","Skywave_Airlines_Agent","SKYWAVE_PHASE_4_5","2026-05-31T13:05:12.000Z","ad620081-8710-40e8-ae28-1e40c1e12368","","{}","GenAiPlannerDefinition","16jg8000000P8QbAAK","-3.0","13:02:00"
"Skywave_Airlines_Agent","USER","5d620081-8710-40e8-ae28-1e40c1e12368","","EinsteinServiceAgent","Skywave_Airlines_Agent","SKYWAVE_PHASE_4_5","2026-05-31T13:05:12.000Z","ud620081-8710-40e8-ae28-1e40c1e12368","","{}","MessagingEndUser","0PAg8000000ZSRFGA4","-3.0","13:02:00"
"Skywave_Airlines_Agent","AGENT","667a0b26-cbeb-4ac0-ab15-1de9174b7326","","EinsteinServiceAgent","Skywave_Airlines_Agent","SKYWAVE_PHASE_4_5","2026-05-20T12:06:28.000Z","a67a0b26-cbeb-4ac0-ab15-1de9174b7326","","{}","GenAiPlannerDefinition","16jg8000000P8QbAAK","-14.0","12:06:00"
"Skywave_Airlines_Agent","USER","667a0b26-cbeb-4ac0-ab15-1de9174b7326","","EinsteinServiceAgent","Skywave_Airlines_Agent","SKYWAVE_PHASE_4_5","2026-05-20T12:06:28.000Z","u67a0b26-cbeb-4ac0-ab15-1de9174b7326","","{}","MessagingEndUser","0PAg8000000ZSXhGAO","-14.0","12:06:00"
"Skywave_Airlines_Agent","AGENT","3085502b-a2f9-40cb-a75e-e559481ea150","","EinsteinServiceAgent","Skywave_Airlines_Agent","SKYWAVE_PHASE_4_5","2026-06-01T12:41:16.000Z","a085502b-a2f9-40cb-a75e-e559481ea150","","{}","GenAiPlannerDefinition","16jg8000000P8QbAAK","-2.0","12:36:00"
"Skywave_Airlines_Agent","USER","3085502b-a2f9-40cb-a75e-e559481ea150","","EinsteinServiceAgent","Skywave_Airlines_Agent","SKYWAVE_PHASE_4_5","2026-06-01T12:41:16.000Z","u085502b-a2f9-40cb-a75e-e559481ea150","","{}","MessagingEndUser","0PAg8000000ZTNJGA4","-2.0","12:36:00"
"Skywave_Airlines_Agent","AGENT","bb3f99b4-5c9d-4d64-ad24-4875d6daf10f","","EinsteinServiceAgent","Skywave_Airlines_Agent","SKYWAVE_PHASE_4_5","2026-05-23T16:54:11.000Z","ab3f99b4-5c9d-4d64-ad24-4875d6daf10f","","{}","GenAiPlannerDefinition","16jg8000000P8QbAAK","-11.0","16:49:00"
"Skywave_Airlines_Agent","USER","bb3f99b4-5c9d-4d64-ad24-4875d6daf10f","","EinsteinServiceAgent","Skywave_Airlines_Agent","SKYWAVE_PHASE_4_5","2026-05-23T16:54:11.000Z","ub3f99b4-5c9d-4d64-ad24-4875d6daf10f","","{}","MessagingEndUser","0PAg8000000ZUsrGAG","-11.0","16:49:00"
"Skywave_Airlines_Agent","AGENT","7dd62e91-ef0f-47cd-a1b0-faca8bf64b40","","EinsteinServiceAgent","Skywave_Airlines_Agent","SKYWAVE_PHASE_4_5","2026-05-20T17:34:52.000Z","add62e91-ef0f-47cd-a1b0-faca8bf64b40","","{}","GenAiPlannerDefinition","16jg8000000P8QbAAK","-14.0","17:34:00"
"Skywave_Airlines_Agent","USER","7dd62e91-ef0f-47cd-a1b0-faca8bf64b40","","EinsteinServiceAgent","Skywave_Airlines_Agent","SKYWAVE_PHASE_4_5","2026-05-20T17:34:52.000Z","udd62e91-ef0f-47cd-a1b0-faca8bf64b40","","{}","MessagingEndUser","0PAg8000000ZVDpGAO","-14.0","17:34:00"
"Skywave_Airlines_Agent","AGENT","ef14238a-6538-4916-a813-1e4bdb8faade","","EinsteinServiceAgent","Skywave_Airlines_Agent","SKYWAVE_PHASE_4_5","2026-05-23T08:20:15.000Z","af14238a-6538-4916-a813-1e4bdb8faade","","{}","GenAiPlannerDefinition","16jg8000000P8QbAAK","-11.0","08:19:00"
"Skywave_Airlines_Agent","USER","ef14238a-6538-4916-a813-1e4bdb8faade","","EinsteinServiceAgent","Skywave_Airlines_Agent","SKYWAVE_PHASE_4_5","2026-05-23T08:20:15.000Z","uf14238a-6538-4916-a813-1e4bdb8faade","","{}","MessagingEndUser","0PAg8000000ZfMrGAK","-11.0","08:19:00"
"Skywave_Airlines_Agent","AGENT","4b4f1d2a-39d0-4b6c-ae55-d3cdbfc938fb","","EinsteinServiceAgent","Skywave_Airlines_Agent","SKYWAVE_PHASE_4_5","2026-05-24T17:11:25.000Z","ab4f1d2a-39d0-4b6c-ae55-d3cdbfc938fb","","{}","GenAiPlannerDefinition","16jg8000000P8QbAAK","-10.0","17:05:00"
"Skywave_Airlines_Agent","USER","4b4f1d2a-39d0-4b6c-ae55-d3cdbfc938fb","","EinsteinServiceAgent","Skywave_Airlines_Agent","SKYWAVE_PHASE_4_5","2026-05-24T17:11:25.000Z","ub4f1d2a-39d0-4b6c-ae55-d3cdbfc938fb","","{}","MessagingEndUser","0PAg8000000Zim9GAC","-10.0","17:05:00"
"Skywave_Airlines_Agent","AGENT","1fe04cb8-da8f-4f4a-a5cf-8480edb95043","","EinsteinServiceAgent","Skywave_Airlines_Agent","SKYWAVE_PHASE_4_5","2026-05-20T11:15:27.000Z","afe04cb8-da8f-4f4a-a5cf-8480edb95043","","{}","GenAiPlannerDefinition","16jg8000000P8QbAAK","-14.0","11:06:00"
"Skywave_Airlines_Agent","USER","1fe04cb8-da8f-4f4a-a5cf-8480edb95043","","EinsteinServiceAgent","Skywave_Airlines_Agent","SKYWAVE_PHASE_4_5","2026-05-20T11:15:27.000Z","ufe04cb8-da8f-4f4a-a5cf-8480edb95043","","{}","MessagingEndUser","0PAg8000000ZjblGAC","-14.0","11:06:00"
"Skywave_Airlines_Agent","AGENT","cd514d5c-d8e5-4ec5-a118-7dc2447c5ee8","","EinsteinServiceAgent","Skywave_Airlines_Agent","SKYWAVE_PHASE_4_5","2026-05-24T17:36:59.000Z","ad514d5c-d8e5-4ec5-a118-7dc2447c5ee8","","{}","GenAiPlannerDefinition","16jg8000000P8QbAAK","-10.0","17:34:00"
"Skywave_Airlines_Agent","USER","cd514d5c-d8e5-4ec5-a118-7dc2447c5ee8","","EinsteinServiceAgent","Skywave_Airlines_Agent","SKYWAVE_PHASE_4_5","2026-05-24T17:36:59.000Z","ud514d5c-d8e5-4ec5-a118-7dc2447c5ee8","","{}","MessagingEndUser","0PAg8000000Zl5hGAC","-10.0","17:34:00"
"Skywave_Airlines_Agent","AGENT","f345e83a-048a-4411-a007-77356ba72236","","EinsteinServiceAgent","Skywave_Airlines_Agent","SKYWAVE_PHASE_4_5","2026-05-31T13:19:21.000Z","a345e83a-048a-4411-a007-77356ba72236","","{}","GenAiPlannerDefinition","16jg8000000P8QbAAK","-3.0","13:19:00"
"Skywave_Airlines_Agent","USER","f345e83a-048a-4411-a007-77356ba72236","","EinsteinServiceAgent","Skywave_Airlines_Agent","SKYWAVE_PHASE_4_5","2026-05-31T13:19:21.000Z","u345e83a-048a-4411-a007-77356ba72236","","{}","MessagingEndUser","0PAg8000000ZlTtGAK","-3.0","13:19:00"
"Skywave_Airlines_Agent","AGENT","559897fd-01b6-441d-a705-16a7c560b39a","","EinsteinServiceAgent","Skywave_Airlines_Agent","SKYWAVE_PHASE_4_5","2026-05-25T17:12:35.000Z","a59897fd-01b6-441d-a705-16a7c560b39a","","{}","GenAiPlannerDefinition","16jg8000000P8QbAAK","-9.0","17:12:00"
"Skywave_Airlines_Agent","USER","559897fd-01b6-441d-a705-16a7c560b39a","","EinsteinServiceAgent","Skywave_Airlines_Agent","SKYWAVE_PHASE_4_5","2026-05-25T17:12:35.000Z","u59897fd-01b6-441d-a705-16a7c560b39a","","{}","MessagingEndUser","0PAg8000000ZpBpGAK","-9.0","17:12:00"
"Skywave_Airlines_Agent","AGENT","7db9fa46-b920-4ab2-a920-bf518dc784e1","","EinsteinServiceAgent","Skywave_Airlines_Agent","SKYWAVE_PHASE_4_5","2026-06-01T17:44:49.000Z","adb9fa46-b920-4ab2-a920-bf518dc784e1","","{}","GenAiPlannerDefinition","16jg8000000P8QbAAK","-2.0","17:39:00"
"Skywave_Airlines_Agent","USER","7db9fa46-b920-4ab2-a920-bf518dc784e1","","EinsteinServiceAgent","Skywave_Airlines_Agent","SKYWAVE_PHASE_4_5","2026-06-01T17:44:49.000Z","udb9fa46-b920-4ab2-a920-bf518dc784e1","","{}","MessagingEndUser","0PAg8000000ZqYPGA0","-2.0","17:39:00"
"Skywave_Airlines_Agent","AGENT","a708ae64-57d0-4f12-a47f-d49502d1bad9","","EinsteinServiceAgent","Skywave_Airlines_Agent","SKYWAVE_PHASE_4_5","2026-05-21T17:22:53.000Z","a708ae64-57d0-4f12-a47f-d49502d1bad9","","{}","GenAiPlannerDefinition","16jg8000000P8QbAAK","-13.0","17:16:00"
"Skywave_Airlines_Agent","USER","a708ae64-57d0-4f12-a47f-d49502d1bad9","","EinsteinServiceAgent","Skywave_Airlines_Agent","SKYWAVE_PHASE_4_5","2026-05-21T17:22:53.000Z","u708ae64-57d0-4f12-a47f-d49502d1bad9","","{}","MessagingEndUser","0PAg8000000Zqa1GAC","-13.0","17:16:00"
"Skywave_Airlines_Agent","AGENT","be83fe76-bb53-4b29-acf9-358c75aecf3d","","EinsteinServiceAgent","Skywave_Airlines_Agent","SKYWAVE_PHASE_4_5","2026-06-01T08:53:08.000Z","ae83fe76-bb53-4b29-acf9-358c75aecf3d","","{}","GenAiPlannerDefinition","16jg8000000P8QbAAK","-2.0","08:50:00"
"Skywave_Airlines_Agent","USER","be83fe76-bb53-4b29-acf9-358c75aecf3d","","EinsteinServiceAgent","Skywave_Airlines_Agent","SKYWAVE_PHASE_4_5","2026-06-01T08:53:08.000Z","ue83fe76-bb53-4b29-acf9-358c75aecf3d","","{}","MessagingEndUser","0PAg8000000Zr1RGAS","-2.0","08:50:00"
"Skywave_Airlines_Agent","AGENT","4cb64231-83f0-4c9d-a558-df043f70845f","","EinsteinServiceAgent","Skywave_Airlines_Agent","SKYWAVE_PHASE_4_5","2026-05-31T13:20:08.000Z","acb64231-83f0-4c9d-a558-df043f70845f","","{}","GenAiPlannerDefinition","16jg8000000P8QbAAK","-3.0","13:10:00"
"Skywave_Airlines_Agent","USER","4cb64231-83f0-4c9d-a558-df043f70845f","","EinsteinServiceAgent","Skywave_Airlines_Agent","SKYWAVE_PHASE_4_5","2026-05-31T13:20:08.000Z","ucb64231-83f0-4c9d-a558-df043f70845f","","{}","MessagingEndUser","0PAg8000000ZrCjGAK","-3.0","13:10:00"
"Skywave_Airlines_Agent","AGENT","a441d0c5-8529-4582-ac42-e055f32a4c9e","","EinsteinServiceAgent","Skywave_Airlines_Agent","SKYWAVE_PHASE_4_5","2026-05-27T15:40:26.000Z","a441d0c5-8529-4582-ac42-e055f32a4c9e","","{}","GenAiPlannerDefinition","16jg8000000P8QbAAK","-7.0","15:38:00"
"Skywave_Airlines_Agent","USER","a441d0c5-8529-4582-ac42-e055f32a4c9e","","EinsteinServiceAgent","Skywave_Airlines_Agent","SKYWAVE_PHASE_4_5","2026-05-27T15:40:26.000Z","u441d0c5-8529-4582-ac42-e055f32a4c9e","","{}","MessagingEndUser","0PAg8000000ZMaLGAW","-7.0","15:38:00"
"Skywave_Airlines_Agent","AGENT","505a5c30-650b-4574-aa8e-a525b858ac20","","EinsteinServiceAgent","Skywave_Airlines_Agent","SKYWAVE_PHASE_4_5","2026-05-25T19:32:30.000Z","a05a5c30-650b-4574-aa8e-a525b858ac20","","{}","GenAiPlannerDefinition","16jg8000000P8QbAAK","-9.0","19:32:00"
"Skywave_Airlines_Agent","USER","505a5c30-650b-4574-aa8e-a525b858ac20","","EinsteinServiceAgent","Skywave_Airlines_Agent","SKYWAVE_PHASE_4_5","2026-05-25T19:32:30.000Z","u05a5c30-650b-4574-aa8e-a525b858ac20","","{}","MessagingEndUser","0PAg8000000ZOM1GAO","-9.0","19:32:00"
"Skywave_Airlines_Agent","AGENT","fc862e68-e5e6-46ac-a242-e0cc7cd519d0","","EinsteinServiceAgent","Skywave_Airlines_Agent","SKYWAVE_PHASE_4_5","2026-05-22T08:45:26.000Z","ac862e68-e5e6-46ac-a242-e0cc7cd519d0","","{}","GenAiPlannerDefinition","16jg8000000P8QbAAK","-12.0","08:41:00"
"Skywave_Airlines_Agent","USER","fc862e68-e5e6-46ac-a242-e0cc7cd519d0","","EinsteinServiceAgent","Skywave_Airlines_Agent","SKYWAVE_PHASE_4_5","2026-05-22T08:45:26.000Z","uc862e68-e5e6-46ac-a242-e0cc7cd519d0","","{}","MessagingEndUser","0PAg8000000ZOgzGAG","-12.0","08:41:00"
"Skywave_Airlines_Agent","AGENT","37f82e71-1e9d-4f52-ae60-ca323c492a11","","EinsteinServiceAgent","Skywave_Airlines_Agent","SKYWAVE_PHASE_4_5","2026-05-22T13:30:52.000Z","a7f82e71-1e9d-4f52-ae60-ca323c492a11","","{}","GenAiPlannerDefinition","16jg8000000P8QbAAK","-12.0","13:30:00"
"Skywave_Airlines_Agent","USER","37f82e71-1e9d-4f52-ae60-ca323c492a11","","EinsteinServiceAgent","Skywave_Airlines_Agent","SKYWAVE_PHASE_4_5","2026-05-22T13:30:52.000Z","u7f82e71-1e9d-4f52-ae60-ca323c492a11","","{}","MessagingEndUser","0PAg8000000ZOibGAG","-12.0","13:30:00"
"Skywave_Airlines_Agent","AGENT","1ba91e36-b6e0-4b8e-a148-8cbc3caf3cb6","","EinsteinServiceAgent","Skywave_Airlines_Agent","SKYWAVE_PHASE_4_5","2026-05-25T11:56:46.000Z","aba91e36-b6e0-4b8e-a148-8cbc3caf3cb6","","{}","GenAiPlannerDefinition","16jg8000000P8QbAAK","-9.0","11:56:00"
"Skywave_Airlines_Agent","USER","1ba91e36-b6e0-4b8e-a148-8cbc3caf3cb6","","EinsteinServiceAgent","Skywave_Airlines_Agent","SKYWAVE_PHASE_4_5","2026-05-25T11:56:46.000Z","uba91e36-b6e0-4b8e-a148-8cbc3caf3cb6","","{}","MessagingEndUser","0PAg8000000ZOvVGAW","-9.0","11:56:00"
"Skywave_Airlines_Agent","AGENT","0ad3ab4d-6a9c-443c-a911-4a564155e427","","EinsteinServiceAgent","Skywave_Airlines_Agent","SKYWAVE_PHASE_4_5","2026-05-26T14:05:14.000Z","aad3ab4d-6a9c-443c-a911-4a564155e427","","{}","GenAiPlannerDefinition","16jg8000000P8QbAAK","-8.0","14:04:00"
"Skywave_Airlines_Agent","USER","0ad3ab4d-6a9c-443c-a911-4a564155e427","","EinsteinServiceAgent","Skywave_Airlines_Agent","SKYWAVE_PHASE_4_5","2026-05-26T14:05:14.000Z","uad3ab4d-6a9c-443c-a911-4a564155e427","","{}","MessagingEndUser","0PAg8000000ZP6nGAG","-8.0","14:04:00"
"Skywave_Airlines_Agent","AGENT","2ee8d6f8-e697-4ba4-a9eb-6867b7aca355","","EinsteinServiceAgent","Skywave_Airlines_Agent","SKYWAVE_PHASE_4_5","2026-05-25T08:37:28.000Z","aee8d6f8-e697-4ba4-a9eb-6867b7aca355","","{}","GenAiPlannerDefinition","16jg8000000P8QbAAK","-9.0","08:37:00"
"Skywave_Airlines_Agent","USER","2ee8d6f8-e697-4ba4-a9eb-6867b7aca355","","EinsteinServiceAgent","Skywave_Airlines_Agent","SKYWAVE_PHASE_4_5","2026-05-25T08:37:28.000Z","uee8d6f8-e697-4ba4-a9eb-6867b7aca355","","{}","MessagingEndUser","0PAg8000000ZP8PGAW","-9.0","08:37:00"
"Skywave_Airlines_Agent","AGENT","52ef76cf-9b64-4e83-ac3c-34973609e041","","EinsteinServiceAgent","Skywave_Airlines_Agent","SKYWAVE_PHASE_4_5","2026-05-27T11:58:32.000Z","a2ef76cf-9b64-4e83-ac3c-34973609e041","","{}","GenAiPlannerDefinition","16jg8000000P8QbAAK","-7.0","11:52:00"
"Skywave_Airlines_Agent","USER","52ef76cf-9b64-4e83-ac3c-34973609e041","","EinsteinServiceAgent","Skywave_Airlines_Agent","SKYWAVE_PHASE_4_5","2026-05-27T11:58:32.000Z","u2ef76cf-9b64-4e83-ac3c-34973609e041","","{}","MessagingEndUser","0PAg8000000ZPd3GAG","-7.0","11:52:00"
"Skywave_Airlines_Agent","AGENT","80d46ac0-aaa6-48eb-aec6-6c387069ea41","","EinsteinServiceAgent","Skywave_Airlines_Agent","SKYWAVE_PHASE_4_5","2026-05-23T18:14:15.000Z","a0d46ac0-aaa6-48eb-aec6-6c387069ea41","","{}","GenAiPlannerDefinition","16jg8000000P8QbAAK","-11.0","18:11:00"
"Skywave_Airlines_Agent","USER","80d46ac0-aaa6-48eb-aec6-6c387069ea41","","EinsteinServiceAgent","Skywave_Airlines_Agent","SKYWAVE_PHASE_4_5","2026-05-23T18:14:15.000Z","u0d46ac0-aaa6-48eb-aec6-6c387069ea41","","{}","MessagingEndUser","0PAg8000000ZPtBGAW","-11.0","18:11:00"
"Skywave_Airlines_Agent","AGENT","5c0c02d3-d69a-419b-affe-d36f75d70d66","","EinsteinServiceAgent","Skywave_Airlines_Agent","SKYWAVE_PHASE_4_5","2026-05-25T18:05:19.000Z","ac0c02d3-d69a-419b-affe-d36f75d70d66","","{}","GenAiPlannerDefinition","16jg8000000P8QbAAK","-9.0","18:04:00"
"Skywave_Airlines_Agent","USER","5c0c02d3-d69a-419b-affe-d36f75d70d66","","EinsteinServiceAgent","Skywave_Airlines_Agent","SKYWAVE_PHASE_4_5","2026-05-25T18:05:19.000Z","uc0c02d3-d69a-419b-affe-d36f75d70d66","","{}","MessagingEndUser","0PAg8000000ZRgTGAW","-9.0","18:04:00"
"Skywave_Airlines_Agent","AGENT","2514ee2d-0b96-4485-a7ac-f724f4422ca4","","EinsteinServiceAgent","Skywave_Airlines_Agent","SKYWAVE_PHASE_4_5","2026-05-25T16:15:30.000Z","a514ee2d-0b96-4485-a7ac-f724f4422ca4","","{}","GenAiPlannerDefinition","16jg8000000P8QbAAK","-9.0","16:15:00"
"Skywave_Airlines_Agent","USER","2514ee2d-0b96-4485-a7ac-f724f4422ca4","","EinsteinServiceAgent","Skywave_Airlines_Agent","SKYWAVE_PHASE_4_5","2026-05-25T16:15:30.000Z","u514ee2d-0b96-4485-a7ac-f724f4422ca4","","{}","MessagingEndUser","0PAg8000000ZSRFGA4","-9.0","16:15:00"
"Skywave_Airlines_Agent","AGENT","01503140-8e83-48df-a426-259e5e830964","","EinsteinServiceAgent","Skywave_Airlines_Agent","SKYWAVE_PHASE_4_5","2026-05-21T14:28:07.000Z","a1503140-8e83-48df-a426-259e5e830964","","{}","GenAiPlannerDefinition","16jg8000000P8QbAAK","-13.0","14:27:00"
"Skywave_Airlines_Agent","USER","01503140-8e83-48df-a426-259e5e830964","","EinsteinServiceAgent","Skywave_Airlines_Agent","SKYWAVE_PHASE_4_5","2026-05-21T14:28:07.000Z","u1503140-8e83-48df-a426-259e5e830964","","{}","MessagingEndUser","0PAg8000000ZSXhGAO","-13.0","14:27:00"
"Skywave_Airlines_Agent","AGENT","d719f19b-ffa7-46b0-a389-b18a9f84d158","","EinsteinServiceAgent","Skywave_Airlines_Agent","SKYWAVE_PHASE_4_5","2026-05-24T19:45:32.000Z","a719f19b-ffa7-46b0-a389-b18a9f84d158","","{}","GenAiPlannerDefinition","16jg8000000P8QbAAK","-10.0","19:45:00"
"Skywave_Airlines_Agent","USER","d719f19b-ffa7-46b0-a389-b18a9f84d158","","EinsteinServiceAgent","Skywave_Airlines_Agent","SKYWAVE_PHASE_4_5","2026-05-24T19:45:32.000Z","u719f19b-ffa7-46b0-a389-b18a9f84d158","","{}","MessagingEndUser","0PAg8000000ZTNJGA4","-10.0","19:45:00"
"Skywave_Airlines_Agent","AGENT","9f476107-5f7f-44be-aa97-30fc96a32b69","","EinsteinServiceAgent","Skywave_Airlines_Agent","SKYWAVE_PHASE_4_5","2026-05-20T17:06:03.000Z","af476107-5f7f-44be-aa97-30fc96a32b69","","{}","GenAiPlannerDefinition","16jg8000000P8QbAAK","-14.0","17:05:00"
"Skywave_Airlines_Agent","USER","9f476107-5f7f-44be-aa97-30fc96a32b69","","EinsteinServiceAgent","Skywave_Airlines_Agent","SKYWAVE_PHASE_4_5","2026-05-20T17:06:03.000Z","uf476107-5f7f-44be-aa97-30fc96a32b69","","{}","MessagingEndUser","0PAg8000000ZUsrGAG","-14.0","17:05:00"
"Skywave_Airlines_Agent","AGENT","b6000969-6700-4b57-a58c-afe56cc954c4","","EinsteinServiceAgent","Skywave_Airlines_Agent","SKYWAVE_PHASE_4_5","2026-05-27T18:04:14.000Z","a6000969-6700-4b57-a58c-afe56cc954c4","","{}","GenAiPlannerDefinition","16jg8000000P8QbAAK","-7.0","18:03:00"
"Skywave_Airlines_Agent","USER","b6000969-6700-4b57-a58c-afe56cc954c4","","EinsteinServiceAgent","Skywave_Airlines_Agent","SKYWAVE_PHASE_4_5","2026-05-27T18:04:14.000Z","u6000969-6700-4b57-a58c-afe56cc954c4","","{}","MessagingEndUser","0PAg8000000ZVDpGAO","-7.0","18:03:00"
"Skywave_Airlines_Agent","AGENT","a0725cc8-9d74-4aab-a2f2-3fe1fa877d2d","","EinsteinServiceAgent","Skywave_Airlines_Agent","SKYWAVE_PHASE_4_5","2026-05-31T13:07:34.000Z","a0725cc8-9d74-4aab-a2f2-3fe1fa877d2d","","{}","GenAiPlannerDefinition","16jg8000000P8QbAAK","-3.0","13:07:00"
"Skywave_Airlines_Agent","USER","a0725cc8-9d74-4aab-a2f2-3fe1fa877d2d","","EinsteinServiceAgent","Skywave_Airlines_Agent","SKYWAVE_PHASE_4_5","2026-05-31T13:07:34.000Z","u0725cc8-9d74-4aab-a2f2-3fe1fa877d2d","","{}","MessagingEndUser","0PAg8000000ZfMrGAK","-3.0","13:07:00"
"Skywave_Airlines_Agent","AGENT","57dd2938-ac52-4915-aa25-f652dd68696d","","EinsteinServiceAgent","Skywave_Airlines_Agent","SKYWAVE_PHASE_4_5","2026-06-02T17:50:36.000Z","a7dd2938-ac52-4915-aa25-f652dd68696d","","{}","GenAiPlannerDefinition","16jg8000000P8QbAAK","-1.0","17:46:00"
"Skywave_Airlines_Agent","USER","57dd2938-ac52-4915-aa25-f652dd68696d","","EinsteinServiceAgent","Skywave_Airlines_Agent","SKYWAVE_PHASE_4_5","2026-06-02T17:50:36.000Z","u7dd2938-ac52-4915-aa25-f652dd68696d","","{}","MessagingEndUser","0PAg8000000Zim9GAC","-1.0","17:46:00"
"Skywave_Airlines_Agent","AGENT","c6b8065c-b509-4f73-a264-d935fc77d6b1","","EinsteinServiceAgent","Skywave_Airlines_Agent","SKYWAVE_PHASE_4_5","2026-05-23T17:21:52.000Z","a6b8065c-b509-4f73-a264-d935fc77d6b1","","{}","GenAiPlannerDefinition","16jg8000000P8QbAAK","-11.0","17:10:00"
"Skywave_Airlines_Agent","USER","c6b8065c-b509-4f73-a264-d935fc77d6b1","","EinsteinServiceAgent","Skywave_Airlines_Agent","SKYWAVE_PHASE_4_5","2026-05-23T17:21:52.000Z","u6b8065c-b509-4f73-a264-d935fc77d6b1","","{}","MessagingEndUser","0PAg8000000ZjblGAC","-11.0","17:10:00"
"Skywave_Airlines_Agent","AGENT","82beadfa-8d25-49a4-ae19-2856b2fa2e3e","","EinsteinServiceAgent","Skywave_Airlines_Agent","SKYWAVE_PHASE_4_5","2026-06-01T11:11:43.000Z","a2beadfa-8d25-49a4-ae19-2856b2fa2e3e","","{}","GenAiPlannerDefinition","16jg8000000P8QbAAK","-2.0","11:11:00"
"Skywave_Airlines_Agent","USER","82beadfa-8d25-49a4-ae19-2856b2fa2e3e","","EinsteinServiceAgent","Skywave_Airlines_Agent","SKYWAVE_PHASE_4_5","2026-06-01T11:11:43.000Z","u2beadfa-8d25-49a4-ae19-2856b2fa2e3e","","{}","MessagingEndUser","0PAg8000000Zl5hGAC","-2.0","11:11:00"
"Skywave_Airlines_Agent","AGENT","9229b75f-9032-4119-a974-e0c97b7a44bf","","EinsteinServiceAgent","Skywave_Airlines_Agent","SKYWAVE_PHASE_4_5","2026-05-24T15:41:49.000Z","a229b75f-9032-4119-a974-e0c97b7a44bf","","{}","GenAiPlannerDefinition","16jg8000000P8QbAAK","-10.0","15:39:00"
"Skywave_Airlines_Agent","USER","9229b75f-9032-4119-a974-e0c97b7a44bf","","EinsteinServiceAgent","Skywave_Airlines_Agent","SKYWAVE_PHASE_4_5","2026-05-24T15:41:49.000Z","u229b75f-9032-4119-a974-e0c97b7a44bf","","{}","MessagingEndUser","0PAg8000000ZlTtGAK","-10.0","15:39:00"
"Skywave_Airlines_Agent","AGENT","48935efc-659c-4d01-a4de-da0d2f7832c0","","EinsteinServiceAgent","Skywave_Airlines_Agent","SKYWAVE_PHASE_4_5","2026-05-23T16:21:47.000Z","a8935efc-659c-4d01-a4de-da0d2f7832c0","","{}","GenAiPlannerDefinition","16jg8000000P8QbAAK","-11.0","16:17:00"
"Skywave_Airlines_Agent","USER","48935efc-659c-4d01-a4de-da0d2f7832c0","","EinsteinServiceAgent","Skywave_Airlines_Agent","SKYWAVE_PHASE_4_5","2026-05-23T16:21:47.000Z","u8935efc-659c-4d01-a4de-da0d2f7832c0","","{}","MessagingEndUser","0PAg8000000ZpBpGAK","-11.0","16:17:00"
"Skywave_Airlines_Agent","AGENT","9e973c68-244d-418a-a220-222009a7b764","","EinsteinServiceAgent","Skywave_Airlines_Agent","SKYWAVE_PHASE_4_5","2026-05-29T11:54:57.000Z","ae973c68-244d-418a-a220-222009a7b764","","{}","GenAiPlannerDefinition","16jg8000000P8QbAAK","-5.0","11:53:00"
"Skywave_Airlines_Agent","USER","9e973c68-244d-418a-a220-222009a7b764","","EinsteinServiceAgent","Skywave_Airlines_Agent","SKYWAVE_PHASE_4_5","2026-05-29T11:54:57.000Z","ue973c68-244d-418a-a220-222009a7b764","","{}","MessagingEndUser","0PAg8000000ZqYPGA0","-5.0","11:53:00"
"Skywave_Airlines_Agent","AGENT","4139d101-f681-4663-ab9b-b8c974f233f5","","EinsteinServiceAgent","Skywave_Airlines_Agent","SKYWAVE_PHASE_4_5","2026-05-31T14:10:47.000Z","a139d101-f681-4663-ab9b-b8c974f233f5","","{}","GenAiPlannerDefinition","16jg8000000P8QbAAK","-3.0","14:10:00"
"Skywave_Airlines_Agent","USER","4139d101-f681-4663-ab9b-b8c974f233f5","","EinsteinServiceAgent","Skywave_Airlines_Agent","SKYWAVE_PHASE_4_5","2026-05-31T14:10:47.000Z","u139d101-f681-4663-ab9b-b8c974f233f5","","{}","MessagingEndUser","0PAg8000000Zqa1GAC","-3.0","14:10:00"
"Skywave_Airlines_Agent","AGENT","3d756d81-3981-43a2-a023-c18563be47f5","","EinsteinServiceAgent","Skywave_Airlines_Agent","SKYWAVE_PHASE_4_5","2026-05-27T10:57:41.000Z","ad756d81-3981-43a2-a023-c18563be47f5","","{}","GenAiPlannerDefinition","16jg8000000P8QbAAK","-7.0","10:51:00"
"Skywave_Airlines_Agent","USER","3d756d81-3981-43a2-a023-c18563be47f5","","EinsteinServiceAgent","Skywave_Airlines_Agent","SKYWAVE_PHASE_4_5","2026-05-27T10:57:41.000Z","ud756d81-3981-43a2-a023-c18563be47f5","","{}","MessagingEndUser","0PAg8000000Zr1RGAS","-7.0","10:51:00"
"Skywave_Airlines_Agent","AGENT","0f4ba379-485d-41ec-a244-2a85c40e138b","","EinsteinServiceAgent","Skywave_Airlines_Agent","SKYWAVE_PHASE_4_5","2026-05-20T15:58:46.000Z","af4ba379-485d-41ec-a244-2a85c40e138b","","{}","GenAiPlannerDefinition","16jg8000000P8QbAAK","-14.0","15:48:00"
"Skywave_Airlines_Agent","USER","0f4ba379-485d-41ec-a244-2a85c40e138b","","EinsteinServiceAgent","Skywave_Airlines_Agent","SKYWAVE_PHASE_4_5","2026-05-20T15:58:46.000Z","uf4ba379-485d-41ec-a244-2a85c40e138b","","{}","MessagingEndUser","0PAg8000000ZrCjGAK","-14.0","15:48:00"
"Skywave_Airlines_Agent","AGENT","61925ae4-e235-467d-a1f1-245823235934","","EinsteinServiceAgent","Skywave_Airlines_Agent","SKYWAVE_PHASE_4_5","2026-05-23T13:21:49.000Z","a1925ae4-e235-467d-a1f1-245823235934","","{}","GenAiPlannerDefinition","16jg8000000P8QbAAK","-11.0","13:18:00"
"Skywave_Airlines_Agent","USER","61925ae4-e235-467d-a1f1-245823235934","","EinsteinServiceAgent","Skywave_Airlines_Agent","SKYWAVE_PHASE_4_5","2026-05-23T13:21:49.000Z","u1925ae4-e235-467d-a1f1-245823235934","","{}","MessagingEndUser","0PAg8000000ZMaLGAW","-11.0","13:18:00"
"Skywave_Airlines_Agent","AGENT","716ce78e-e6f2-48b2-a094-e0ac66f181e2","","EinsteinServiceAgent","Skywave_Airlines_Agent","SKYWAVE_PHASE_4_5","2026-05-20T17:34:31.000Z","a16ce78e-e6f2-48b2-a094-e0ac66f181e2","","{}","GenAiPlannerDefinition","16jg8000000P8QbAAK","-14.0","17:34:00"
"Skywave_Airlines_Agent","USER","716ce78e-e6f2-48b2-a094-e0ac66f181e2","","EinsteinServiceAgent","Skywave_Airlines_Agent","SKYWAVE_PHASE_4_5","2026-05-20T17:34:31.000Z","u16ce78e-e6f2-48b2-a094-e0ac66f181e2","","{}","MessagingEndUser","0PAg8000000ZOM1GAO","-14.0","17:34:00"
"Skywave_Airlines_Agent","AGENT","5982fefe-3012-44c7-ab27-abf5f579bfdd","","EinsteinServiceAgent","Skywave_Airlines_Agent","SKYWAVE_PHASE_4_5","2026-05-22T08:04:59.000Z","a982fefe-3012-44c7-ab27-abf5f579bfdd","","{}","GenAiPlannerDefinition","16jg8000000P8QbAAK","-12.0","08:00:00"
"Skywave_Airlines_Agent","USER","5982fefe-3012-44c7-ab27-abf5f579bfdd","","EinsteinServiceAgent","Skywave_Airlines_Agent","SKYWAVE_PHASE_4_5","2026-05-22T08:04:59.000Z","u982fefe-3012-44c7-ab27-abf5f579bfdd","","{}","MessagingEndUser","0PAg8000000ZOgzGAG","-12.0","08:00:00"
"Skywave_Airlines_Agent","AGENT","a1217da6-f271-47b9-a3c0-7f5f4e7a48a1","","EinsteinServiceAgent","Skywave_Airlines_Agent","SKYWAVE_PHASE_4_5","2026-05-24T19:50:13.000Z","a1217da6-f271-47b9-a3c0-7f5f4e7a48a1","","{}","GenAiPlannerDefinition","16jg8000000P8QbAAK","-10.0","19:45:00"
"Skywave_Airlines_Agent","USER","a1217da6-f271-47b9-a3c0-7f5f4e7a48a1","","EinsteinServiceAgent","Skywave_Airlines_Agent","SKYWAVE_PHASE_4_5","2026-05-24T19:50:13.000Z","u1217da6-f271-47b9-a3c0-7f5f4e7a48a1","","{}","MessagingEndUser","0PAg8000000ZOibGAG","-10.0","19:45:00"
"Skywave_Airlines_Agent","AGENT","25db2cb1-03c4-49f2-a8b0-235af0a7cb1b","","EinsteinServiceAgent","Skywave_Airlines_Agent","SKYWAVE_PHASE_4_5","2026-05-25T16:43:48.000Z","a5db2cb1-03c4-49f2-a8b0-235af0a7cb1b","","{}","GenAiPlannerDefinition","16jg8000000P8QbAAK","-9.0","16:43:00"
"Skywave_Airlines_Agent","USER","25db2cb1-03c4-49f2-a8b0-235af0a7cb1b","","EinsteinServiceAgent","Skywave_Airlines_Agent","SKYWAVE_PHASE_4_5","2026-05-25T16:43:48.000Z","u5db2cb1-03c4-49f2-a8b0-235af0a7cb1b","","{}","MessagingEndUser","0PAg8000000ZOvVGAW","-9.0","16:43:00"
"Skywave_Airlines_Agent","AGENT","d5564a04-06c1-4412-aaa2-690f1cb6e28f","","EinsteinServiceAgent","Skywave_Airlines_Agent","SKYWAVE_PHASE_4_5","2026-05-30T14:03:39.000Z","a5564a04-06c1-4412-aaa2-690f1cb6e28f","","{}","GenAiPlannerDefinition","16jg8000000P8QbAAK","-4.0","13:49:00"
"Skywave_Airlines_Agent","USER","d5564a04-06c1-4412-aaa2-690f1cb6e28f","","EinsteinServiceAgent","Skywave_Airlines_Agent","SKYWAVE_PHASE_4_5","2026-05-30T14:03:39.000Z","u5564a04-06c1-4412-aaa2-690f1cb6e28f","","{}","MessagingEndUser","0PAg8000000ZP6nGAG","-4.0","13:49:00"
"Skywave_Airlines_Agent","AGENT","1e5653c8-3249-4fe9-a8aa-2e5eaf75d977","","EinsteinServiceAgent","Skywave_Airlines_Agent","SKYWAVE_PHASE_4_5","2026-05-31T10:07:07.000Z","ae5653c8-3249-4fe9-a8aa-2e5eaf75d977","","{}","GenAiPlannerDefinition","16jg8000000P8QbAAK","-3.0","10:06:00"
"Skywave_Airlines_Agent","USER","1e5653c8-3249-4fe9-a8aa-2e5eaf75d977","","EinsteinServiceAgent","Skywave_Airlines_Agent","SKYWAVE_PHASE_4_5","2026-05-31T10:07:07.000Z","ue5653c8-3249-4fe9-a8aa-2e5eaf75d977","","{}","MessagingEndUser","0PAg8000000ZP8PGAW","-3.0","10:06:00"
"Skywave_Airlines_Agent","AGENT","bd071d00-80fa-4132-a942-a8d6f6d14d7b","","EinsteinServiceAgent","Skywave_Airlines_Agent","SKYWAVE_PHASE_4_5","2026-05-25T19:40:41.000Z","ad071d00-80fa-4132-a942-a8d6f6d14d7b","","{}","GenAiPlannerDefinition","16jg8000000P8QbAAK","-9.0","19:38:00"
"Skywave_Airlines_Agent","USER","bd071d00-80fa-4132-a942-a8d6f6d14d7b","","EinsteinServiceAgent","Skywave_Airlines_Agent","SKYWAVE_PHASE_4_5","2026-05-25T19:40:41.000Z","ud071d00-80fa-4132-a942-a8d6f6d14d7b","","{}","MessagingEndUser","0PAg8000000ZPd3GAG","-9.0","19:38:00"
"Skywave_Airlines_Agent","AGENT","6db6fcdb-2d85-48c2-af99-5300a726640b","","EinsteinServiceAgent","Skywave_Airlines_Agent","SKYWAVE_PHASE_4_5","2026-05-20T17:08:41.000Z","adb6fcdb-2d85-48c2-af99-5300a726640b","","{}","GenAiPlannerDefinition","16jg8000000P8QbAAK","-14.0","17:08:00"
"Skywave_Airlines_Agent","USER","6db6fcdb-2d85-48c2-af99-5300a726640b","","EinsteinServiceAgent","Skywave_Airlines_Agent","SKYWAVE_PHASE_4_5","2026-05-20T17:08:41.000Z","udb6fcdb-2d85-48c2-af99-5300a726640b","","{}","MessagingEndUser","0PAg8000000ZPtBGAW","-14.0","17:08:00"
"Skywave_Airlines_Agent","AGENT","775d4815-43fc-4c41-a26c-0d32fdcbe7f1","","EinsteinServiceAgent","Skywave_Airlines_Agent","SKYWAVE_PHASE_4_5","2026-05-27T18:05:58.000Z","a75d4815-43fc-4c41-a26c-0d32fdcbe7f1","","{}","GenAiPlannerDefinition","16jg8000000P8QbAAK","-7.0","18:03:00"
"Skywave_Airlines_Agent","USER","775d4815-43fc-4c41-a26c-0d32fdcbe7f1","","EinsteinServiceAgent","Skywave_Airlines_Agent","SKYWAVE_PHASE_4_5","2026-05-27T18:05:58.000Z","u75d4815-43fc-4c41-a26c-0d32fdcbe7f1","","{}","MessagingEndUser","0PAg8000000ZRgTGAW","-7.0","18:03:00"
"Skywave_Airlines_Agent","AGENT","5158afc0-6650-454a-acad-b3f4341b8063","","EinsteinServiceAgent","Skywave_Airlines_Agent","SKYWAVE_PHASE_4_5","2026-06-02T09:56:53.000Z","a158afc0-6650-454a-acad-b3f4341b8063","","{}","GenAiPlannerDefinition","16jg8000000P8QbAAK","-1.0","09:51:00"
"Skywave_Airlines_Agent","USER","5158afc0-6650-454a-acad-b3f4341b8063","","EinsteinServiceAgent","Skywave_Airlines_Agent","SKYWAVE_PHASE_4_5","2026-06-02T09:56:53.000Z","u158afc0-6650-454a-acad-b3f4341b8063","","{}","MessagingEndUser","0PAg8000000ZSRFGA4","-1.0","09:51:00"
"Skywave_Airlines_Agent","AGENT","c96feb31-2570-4628-aa4a-1dd29d498db9","","EinsteinServiceAgent","Skywave_Airlines_Agent","SKYWAVE_PHASE_4_5","2026-05-21T15:39:00.000Z","a96feb31-2570-4628-aa4a-1dd29d498db9","","{}","GenAiPlannerDefinition","16jg8000000P8QbAAK","-13.0","15:28:00"
"Skywave_Airlines_Agent","USER","c96feb31-2570-4628-aa4a-1dd29d498db9","","EinsteinServiceAgent","Skywave_Airlines_Agent","SKYWAVE_PHASE_4_5","2026-05-21T15:39:00.000Z","u96feb31-2570-4628-aa4a-1dd29d498db9","","{}","MessagingEndUser","0PAg8000000ZSXhGAO","-13.0","15:28:00"
"Skywave_Airlines_Agent","AGENT","7c62034e-1410-46ae-aaf3-fba85f8e1233","","EinsteinServiceAgent","Skywave_Airlines_Agent","SKYWAVE_PHASE_4_5","2026-05-30T20:03:48.000Z","ac62034e-1410-46ae-aaf3-fba85f8e1233","","{}","GenAiPlannerDefinition","16jg8000000P8QbAAK","-4.0","19:59:00"
"Skywave_Airlines_Agent","USER","7c62034e-1410-46ae-aaf3-fba85f8e1233","","EinsteinServiceAgent","Skywave_Airlines_Agent","SKYWAVE_PHASE_4_5","2026-05-30T20:03:48.000Z","uc62034e-1410-46ae-aaf3-fba85f8e1233","","{}","MessagingEndUser","0PAg8000000ZTNJGA4","-4.0","19:59:00"
"Skywave_Airlines_Agent","AGENT","1e3dfbe9-502b-419c-acbd-63a55cd45590","","EinsteinServiceAgent","Skywave_Airlines_Agent","SKYWAVE_PHASE_4_5","2026-05-20T17:22:11.000Z","ae3dfbe9-502b-419c-acbd-63a55cd45590","","{}","GenAiPlannerDefinition","16jg8000000P8QbAAK","-14.0","17:21:00"
"Skywave_Airlines_Agent","USER","1e3dfbe9-502b-419c-acbd-63a55cd45590","","EinsteinServiceAgent","Skywave_Airlines_Agent","SKYWAVE_PHASE_4_5","2026-05-20T17:22:11.000Z","ue3dfbe9-502b-419c-acbd-63a55cd45590","","{}","MessagingEndUser","0PAg8000000ZUsrGAG","-14.0","17:21:00"
"Skywave_Airlines_Agent","AGENT","9d6937b6-dfc0-4312-aaec-ec96123cf4e4","","EinsteinServiceAgent","Skywave_Airlines_Agent","SKYWAVE_PHASE_4_5","2026-05-23T18:59:48.000Z","ad6937b6-dfc0-4312-aaec-ec96123cf4e4","","{}","GenAiPlannerDefinition","16jg8000000P8QbAAK","-11.0","18:59:00"
"Skywave_Airlines_Agent","USER","9d6937b6-dfc0-4312-aaec-ec96123cf4e4","","EinsteinServiceAgent","Skywave_Airlines_Agent","SKYWAVE_PHASE_4_5","2026-05-23T18:59:48.000Z","ud6937b6-dfc0-4312-aaec-ec96123cf4e4","","{}","MessagingEndUser","0PAg8000000ZVDpGAO","-11.0","18:59:00"
"Skywave_Airlines_Agent","AGENT","1d637b5b-4467-40b5-ae0d-b82e564b4f0b","","EinsteinServiceAgent","Skywave_Airlines_Agent","SKYWAVE_PHASE_4_5","2026-05-27T14:35:58.000Z","ad637b5b-4467-40b5-ae0d-b82e564b4f0b","","{}","GenAiPlannerDefinition","16jg8000000P8QbAAK","-7.0","14:35:00"
"Skywave_Airlines_Agent","USER","1d637b5b-4467-40b5-ae0d-b82e564b4f0b","","EinsteinServiceAgent","Skywave_Airlines_Agent","SKYWAVE_PHASE_4_5","2026-05-27T14:35:58.000Z","ud637b5b-4467-40b5-ae0d-b82e564b4f0b","","{}","MessagingEndUser","0PAg8000000ZfMrGAK","-7.0","14:35:00"
"Skywave_Airlines_Agent","AGENT","21b5c4e6-5ae7-4694-a1e0-b3df3c096a74","","EinsteinServiceAgent","Skywave_Airlines_Agent","SKYWAVE_PHASE_4_5","2026-05-28T14:55:57.000Z","a1b5c4e6-5ae7-4694-a1e0-b3df3c096a74","","{}","GenAiPlannerDefinition","16jg8000000P8QbAAK","-6.0","14:52:00"
"Skywave_Airlines_Agent","USER","21b5c4e6-5ae7-4694-a1e0-b3df3c096a74","","EinsteinServiceAgent","Skywave_Airlines_Agent","SKYWAVE_PHASE_4_5","2026-05-28T14:55:57.000Z","u1b5c4e6-5ae7-4694-a1e0-b3df3c096a74","","{}","MessagingEndUser","0PAg8000000Zim9GAC","-6.0","14:52:00"
"Skywave_Airlines_Agent","AGENT","105fb06a-30bf-4cdb-a65d-2a55ca24febe","","EinsteinServiceAgent","Skywave_Airlines_Agent","SKYWAVE_PHASE_4_5","2026-05-21T08:06:50.000Z","a05fb06a-30bf-4cdb-a65d-2a55ca24febe","","{}","GenAiPlannerDefinition","16jg8000000P8QbAAK","-13.0","08:00:00"
"Skywave_Airlines_Agent","USER","105fb06a-30bf-4cdb-a65d-2a55ca24febe","","EinsteinServiceAgent","Skywave_Airlines_Agent","SKYWAVE_PHASE_4_5","2026-05-21T08:06:50.000Z","u05fb06a-30bf-4cdb-a65d-2a55ca24febe","","{}","MessagingEndUser","0PAg8000000ZjblGAC","-13.0","08:00:00"
"Skywave_Airlines_Agent","AGENT","4c09238e-bee2-48cf-ab17-35d83babc5f8","","EinsteinServiceAgent","Skywave_Airlines_Agent","SKYWAVE_PHASE_4_5","2026-05-20T13:48:38.000Z","ac09238e-bee2-48cf-ab17-35d83babc5f8","","{}","GenAiPlannerDefinition","16jg8000000P8QbAAK","-14.0","13:45:00"
"Skywave_Airlines_Agent","USER","4c09238e-bee2-48cf-ab17-35d83babc5f8","","EinsteinServiceAgent","Skywave_Airlines_Agent","SKYWAVE_PHASE_4_5","2026-05-20T13:48:38.000Z","uc09238e-bee2-48cf-ab17-35d83babc5f8","","{}","MessagingEndUser","0PAg8000000Zl5hGAC","-14.0","13:45:00"
"Skywave_Airlines_Agent","AGENT","457015f6-5fa5-476c-ab3e-ff6d746a12c2","","EinsteinServiceAgent","Skywave_Airlines_Agent","SKYWAVE_PHASE_4_5","2026-06-02T17:56:13.000Z","a57015f6-5fa5-476c-ab3e-ff6d746a12c2","","{}","GenAiPlannerDefinition","16jg8000000P8QbAAK","-1.0","17:55:00"
"Skywave_Airlines_Agent","USER","457015f6-5fa5-476c-ab3e-ff6d746a12c2","","EinsteinServiceAgent","Skywave_Airlines_Agent","SKYWAVE_PHASE_4_5","2026-06-02T17:56:13.000Z","u57015f6-5fa5-476c-ab3e-ff6d746a12c2","","{}","MessagingEndUser","0PAg8000000ZlTtGAK","-1.0","17:55:00"
"Skywave_Airlines_Agent","AGENT","503893d1-1e83-47f2-a700-6186cbea5474","","EinsteinServiceAgent","Skywave_Airlines_Agent","SKYWAVE_PHASE_4_5","2026-05-26T08:56:44.000Z","a03893d1-1e83-47f2-a700-6186cbea5474","","{}","GenAiPlannerDefinition","16jg8000000P8QbAAK","-8.0","08:52:00"
"Skywave_Airlines_Agent","USER","503893d1-1e83-47f2-a700-6186cbea5474","","EinsteinServiceAgent","Skywave_Airlines_Agent","SKYWAVE_PHASE_4_5","2026-05-26T08:56:44.000Z","u03893d1-1e83-47f2-a700-6186cbea5474","","{}","MessagingEndUser","0PAg8000000ZpBpGAK","-8.0","08:52:00"
"Skywave_Airlines_Agent","AGENT","0171ae1c-6144-42b5-a507-7420b8e0b6d6","","EinsteinServiceAgent","Skywave_Airlines_Agent","SKYWAVE_PHASE_4_5","2026-05-30T12:09:42.000Z","a171ae1c-6144-42b5-a507-7420b8e0b6d6","","{}","GenAiPlannerDefinition","16jg8000000P8QbAAK","-4.0","12:04:00"
"Skywave_Airlines_Agent","USER","0171ae1c-6144-42b5-a507-7420b8e0b6d6","","EinsteinServiceAgent","Skywave_Airlines_Agent","SKYWAVE_PHASE_4_5","2026-05-30T12:09:42.000Z","u171ae1c-6144-42b5-a507-7420b8e0b6d6","","{}","MessagingEndUser","0PAg8000000ZqYPGA0","-4.0","12:04:00"
"Skywave_Airlines_Agent","AGENT","a5e48c8f-6fc6-4046-ac39-6cdb3f3c65c0","","EinsteinServiceAgent","Skywave_Airlines_Agent","SKYWAVE_PHASE_4_5","2026-05-29T15:30:44.000Z","a5e48c8f-6fc6-4046-ac39-6cdb3f3c65c0","","{}","GenAiPlannerDefinition","16jg8000000P8QbAAK","-5.0","15:26:00"
"Skywave_Airlines_Agent","USER","a5e48c8f-6fc6-4046-ac39-6cdb3f3c65c0","","EinsteinServiceAgent","Skywave_Airlines_Agent","SKYWAVE_PHASE_4_5","2026-05-29T15:30:44.000Z","u5e48c8f-6fc6-4046-ac39-6cdb3f3c65c0","","{}","MessagingEndUser","0PAg8000000Zqa1GAC","-5.0","15:26:00"
"Skywave_Airlines_Agent","AGENT","5827f042-fa4a-423f-a862-8133a4c4eb38","","EinsteinServiceAgent","Skywave_Airlines_Agent","SKYWAVE_PHASE_4_5","2026-05-21T18:30:10.000Z","a827f042-fa4a-423f-a862-8133a4c4eb38","","{}","GenAiPlannerDefinition","16jg8000000P8QbAAK","-13.0","18:25:00"
"Skywave_Airlines_Agent","USER","5827f042-fa4a-423f-a862-8133a4c4eb38","","EinsteinServiceAgent","Skywave_Airlines_Agent","SKYWAVE_PHASE_4_5","2026-05-21T18:30:10.000Z","u827f042-fa4a-423f-a862-8133a4c4eb38","","{}","MessagingEndUser","0PAg8000000Zr1RGAS","-13.0","18:25:00"
"Skywave_Airlines_Agent","AGENT","17a039b4-c01c-442c-ac9d-18efd3f1718e","","EinsteinServiceAgent","Skywave_Airlines_Agent","SKYWAVE_PHASE_4_5","2026-05-29T10:46:21.000Z","a7a039b4-c01c-442c-ac9d-18efd3f1718e","","{}","GenAiPlannerDefinition","16jg8000000P8QbAAK","-5.0","10:44:00"
"Skywave_Airlines_Agent","USER","17a039b4-c01c-442c-ac9d-18efd3f1718e","","EinsteinServiceAgent","Skywave_Airlines_Agent","SKYWAVE_PHASE_4_5","2026-05-29T10:46:21.000Z","u7a039b4-c01c-442c-ac9d-18efd3f1718e","","{}","MessagingEndUser","0PAg8000000ZrCjGAK","-5.0","10:44:00"
"Skywave_Airlines_Agent","AGENT","ff0fade3-ea2c-4981-a486-9d4697b69363","","EinsteinServiceAgent","Skywave_Airlines_Agent","SKYWAVE_PHASE_4_5","2026-05-27T17:09:19.000Z","af0fade3-ea2c-4981-a486-9d4697b69363","","{}","GenAiPlannerDefinition","16jg8000000P8QbAAK","-7.0","17:08:00"
"Skywave_Airlines_Agent","USER","ff0fade3-ea2c-4981-a486-9d4697b69363","","EinsteinServiceAgent","Skywave_Airlines_Agent","SKYWAVE_PHASE_4_5","2026-05-27T17:09:19.000Z","uf0fade3-ea2c-4981-a486-9d4697b69363","","{}","MessagingEndUser","0PAg8000000ZMaLGAW","-7.0","17:08:00"
"Skywave_Airlines_Agent","AGENT","972059f0-6cb5-4850-ab8f-0ea8ced27a2e","","EinsteinServiceAgent","Skywave_Airlines_Agent","SKYWAVE_PHASE_4_5","2026-05-28T08:35:41.000Z","a72059f0-6cb5-4850-ab8f-0ea8ced27a2e","","{}","GenAiPlannerDefinition","16jg8000000P8QbAAK","-6.0","08:35:00"
"Skywave_Airlines_Agent","USER","972059f0-6cb5-4850-ab8f-0ea8ced27a2e","","EinsteinServiceAgent","Skywave_Airlines_Agent","SKYWAVE_PHASE_4_5","2026-05-28T08:35:41.000Z","u72059f0-6cb5-4850-ab8f-0ea8ced27a2e","","{}","MessagingEndUser","0PAg8000000ZOM1GAO","-6.0","08:35:00"
"Skywave_Airlines_Agent","AGENT","e603a673-6c3d-47bc-ae02-f3e9ea89f522","","EinsteinServiceAgent","Skywave_Airlines_Agent","SKYWAVE_PHASE_4_5","2026-05-20T12:05:02.000Z","a603a673-6c3d-47bc-ae02-f3e9ea89f522","","{}","GenAiPlannerDefinition","16jg8000000P8QbAAK","-14.0","12:04:00"
"Skywave_Airlines_Agent","USER","e603a673-6c3d-47bc-ae02-f3e9ea89f522","","EinsteinServiceAgent","Skywave_Airlines_Agent","SKYWAVE_PHASE_4_5","2026-05-20T12:05:02.000Z","u603a673-6c3d-47bc-ae02-f3e9ea89f522","","{}","MessagingEndUser","0PAg8000000ZOgzGAG","-14.0","12:04:00"
"Skywave_Airlines_Agent","AGENT","a60c2ba6-cae4-4be0-a1c6-a1807b9d3dd4","","EinsteinServiceAgent","Skywave_Airlines_Agent","SKYWAVE_PHASE_4_5","2026-05-31T15:41:50.000Z","a60c2ba6-cae4-4be0-a1c6-a1807b9d3dd4","","{}","GenAiPlannerDefinition","16jg8000000P8QbAAK","-3.0","15:37:00"
"Skywave_Airlines_Agent","USER","a60c2ba6-cae4-4be0-a1c6-a1807b9d3dd4","","EinsteinServiceAgent","Skywave_Airlines_Agent","SKYWAVE_PHASE_4_5","2026-05-31T15:41:50.000Z","u60c2ba6-cae4-4be0-a1c6-a1807b9d3dd4","","{}","MessagingEndUser","0PAg8000000ZOibGAG","-3.0","15:37:00"
"Skywave_Airlines_Agent","AGENT","cec292a8-82c9-49cb-a8e5-f789ee7f1fda","","EinsteinServiceAgent","Skywave_Airlines_Agent","SKYWAVE_PHASE_4_5","2026-05-28T16:30:33.000Z","aec292a8-82c9-49cb-a8e5-f789ee7f1fda","","{}","GenAiPlannerDefinition","16jg8000000P8QbAAK","-6.0","16:26:00"
"Skywave_Airlines_Agent","USER","cec292a8-82c9-49cb-a8e5-f789ee7f1fda","","EinsteinServiceAgent","Skywave_Airlines_Agent","SKYWAVE_PHASE_4_5","2026-05-28T16:30:33.000Z","uec292a8-82c9-49cb-a8e5-f789ee7f1fda","","{}","MessagingEndUser","0PAg8000000ZOvVGAW","-6.0","16:26:00"
"Skywave_Airlines_Agent","AGENT","21bfe05e-20db-464b-a514-534e8df15a7c","","EinsteinServiceAgent","Skywave_Airlines_Agent","SKYWAVE_PHASE_4_5","2026-05-20T18:01:01.000Z","a1bfe05e-20db-464b-a514-534e8df15a7c","","{}","GenAiPlannerDefinition","16jg8000000P8QbAAK","-14.0","18:00:00"
"Skywave_Airlines_Agent","USER","21bfe05e-20db-464b-a514-534e8df15a7c","","EinsteinServiceAgent","Skywave_Airlines_Agent","SKYWAVE_PHASE_4_5","2026-05-20T18:01:01.000Z","u1bfe05e-20db-464b-a514-534e8df15a7c","","{}","MessagingEndUser","0PAg8000000ZP6nGAG","-14.0","18:00:00"
"Skywave_Airlines_Agent","AGENT","459df7af-8bce-4ef4-aefb-decb4eaf7411","","EinsteinServiceAgent","Skywave_Airlines_Agent","SKYWAVE_PHASE_4_5","2026-06-01T17:56:32.000Z","a59df7af-8bce-4ef4-aefb-decb4eaf7411","","{}","GenAiPlannerDefinition","16jg8000000P8QbAAK","-2.0","17:54:00"
"Skywave_Airlines_Agent","USER","459df7af-8bce-4ef4-aefb-decb4eaf7411","","EinsteinServiceAgent","Skywave_Airlines_Agent","SKYWAVE_PHASE_4_5","2026-06-01T17:56:32.000Z","u59df7af-8bce-4ef4-aefb-decb4eaf7411","","{}","MessagingEndUser","0PAg8000000ZP8PGAW","-2.0","17:54:00"
"Skywave_Airlines_Agent","AGENT","7e773e2a-cb45-404f-ab4f-78c85ce176c1","","EinsteinServiceAgent","Skywave_Airlines_Agent","SKYWAVE_PHASE_4_5","2026-06-01T11:00:13.000Z","ae773e2a-cb45-404f-ab4f-78c85ce176c1","","{}","GenAiPlannerDefinition","16jg8000000P8QbAAK","-2.0","10:59:00"
"Skywave_Airlines_Agent","USER","7e773e2a-cb45-404f-ab4f-78c85ce176c1","","EinsteinServiceAgent","Skywave_Airlines_Agent","SKYWAVE_PHASE_4_5","2026-06-01T11:00:13.000Z","ue773e2a-cb45-404f-ab4f-78c85ce176c1","","{}","MessagingEndUser","0PAg8000000ZPd3GAG","-2.0","10:59:00"
"Skywave_Airlines_Agent","AGENT","796f2c32-5eda-4e61-aab1-5c17671f23b8","","EinsteinServiceAgent","Skywave_Airlines_Agent","SKYWAVE_PHASE_4_5","2026-05-31T08:13:32.000Z","a96f2c32-5eda-4e61-aab1-5c17671f23b8","","{}","GenAiPlannerDefinition","16jg8000000P8QbAAK","-3.0","08:07:00"
"Skywave_Airlines_Agent","USER","796f2c32-5eda-4e61-aab1-5c17671f23b8","","EinsteinServiceAgent","Skywave_Airlines_Agent","SKYWAVE_PHASE_4_5","2026-05-31T08:13:32.000Z","u96f2c32-5eda-4e61-aab1-5c17671f23b8","","{}","MessagingEndUser","0PAg8000000ZPtBGAW","-3.0","08:07:00"
"Skywave_Airlines_Agent","AGENT","0e68250c-e3b9-4a60-a3bd-dbb801bf3b30","","EinsteinServiceAgent","Skywave_Airlines_Agent","SKYWAVE_PHASE_4_5","2026-06-02T19:53:16.000Z","ae68250c-e3b9-4a60-a3bd-dbb801bf3b30","","{}","GenAiPlannerDefinition","16jg8000000P8QbAAK","-1.0","19:52:00"
"Skywave_Airlines_Agent","USER","0e68250c-e3b9-4a60-a3bd-dbb801bf3b30","","EinsteinServiceAgent","Skywave_Airlines_Agent","SKYWAVE_PHASE_4_5","2026-06-02T19:53:16.000Z","ue68250c-e3b9-4a60-a3bd-dbb801bf3b30","","{}","MessagingEndUser","0PAg8000000ZRgTGAW","-1.0","19:52:00"
"Skywave_Airlines_Agent","AGENT","82ae9220-8bb1-4042-a9ae-32052aaa7d44","","EinsteinServiceAgent","Skywave_Airlines_Agent","SKYWAVE_PHASE_4_5","2026-05-25T18:53:28.000Z","a2ae9220-8bb1-4042-a9ae-32052aaa7d44","","{}","GenAiPlannerDefinition","16jg8000000P8QbAAK","-9.0","18:49:00"
"Skywave_Airlines_Agent","USER","82ae9220-8bb1-4042-a9ae-32052aaa7d44","","EinsteinServiceAgent","Skywave_Airlines_Agent","SKYWAVE_PHASE_4_5","2026-05-25T18:53:28.000Z","u2ae9220-8bb1-4042-a9ae-32052aaa7d44","","{}","MessagingEndUser","0PAg8000000ZSRFGA4","-9.0","18:49:00"
"Skywave_Airlines_Agent","AGENT","eba11486-1105-418c-af42-199e6664852f","","EinsteinServiceAgent","Skywave_Airlines_Agent","SKYWAVE_PHASE_4_5","2026-05-22T15:05:01.000Z","aba11486-1105-418c-af42-199e6664852f","","{}","GenAiPlannerDefinition","16jg8000000P8QbAAK","-12.0","14:59:00"
"Skywave_Airlines_Agent","USER","eba11486-1105-418c-af42-199e6664852f","","EinsteinServiceAgent","Skywave_Airlines_Agent","SKYWAVE_PHASE_4_5","2026-05-22T15:05:01.000Z","uba11486-1105-418c-af42-199e6664852f","","{}","MessagingEndUser","0PAg8000000ZSXhGAO","-12.0","14:59:00"
"Skywave_Airlines_Agent","AGENT","84f4fcf7-9e4d-46cc-aaa8-677cdc3d8817","","EinsteinServiceAgent","Skywave_Airlines_Agent","SKYWAVE_PHASE_4_5","2026-05-26T12:28:13.000Z","a4f4fcf7-9e4d-46cc-aaa8-677cdc3d8817","","{}","GenAiPlannerDefinition","16jg8000000P8QbAAK","-8.0","12:26:00"
"Skywave_Airlines_Agent","USER","84f4fcf7-9e4d-46cc-aaa8-677cdc3d8817","","EinsteinServiceAgent","Skywave_Airlines_Agent","SKYWAVE_PHASE_4_5","2026-05-26T12:28:13.000Z","u4f4fcf7-9e4d-46cc-aaa8-677cdc3d8817","","{}","MessagingEndUser","0PAg8000000ZTNJGA4","-8.0","12:26:00"
"Skywave_Airlines_Agent","AGENT","2633a09c-03f8-49d5-a70a-004a308af979","","EinsteinServiceAgent","Skywave_Airlines_Agent","SKYWAVE_PHASE_4_5","2026-05-22T08:45:43.000Z","a633a09c-03f8-49d5-a70a-004a308af979","","{}","GenAiPlannerDefinition","16jg8000000P8QbAAK","-12.0","08:44:00"
"Skywave_Airlines_Agent","USER","2633a09c-03f8-49d5-a70a-004a308af979","","EinsteinServiceAgent","Skywave_Airlines_Agent","SKYWAVE_PHASE_4_5","2026-05-22T08:45:43.000Z","u633a09c-03f8-49d5-a70a-004a308af979","","{}","MessagingEndUser","0PAg8000000ZUsrGAG","-12.0","08:44:00"
"Skywave_Airlines_Agent","AGENT","e9aeb135-a0a5-4477-a7d3-18417f74f5e9","","EinsteinServiceAgent","Skywave_Airlines_Agent","SKYWAVE_PHASE_4_5","2026-06-01T18:45:38.000Z","a9aeb135-a0a5-4477-a7d3-18417f74f5e9","","{}","GenAiPlannerDefinition","16jg8000000P8QbAAK","-2.0","18:41:00"
"Skywave_Airlines_Agent","USER","e9aeb135-a0a5-4477-a7d3-18417f74f5e9","","EinsteinServiceAgent","Skywave_Airlines_Agent","SKYWAVE_PHASE_4_5","2026-06-01T18:45:38.000Z","u9aeb135-a0a5-4477-a7d3-18417f74f5e9","","{}","MessagingEndUser","0PAg8000000ZVDpGAO","-2.0","18:41:00"
"Skywave_Airlines_Agent","AGENT","72453943-b670-4482-a678-e9bed243d91d","","EinsteinServiceAgent","Skywave_Airlines_Agent","SKYWAVE_PHASE_4_5","2026-05-26T18:09:53.000Z","a2453943-b670-4482-a678-e9bed243d91d","","{}","GenAiPlannerDefinition","16jg8000000P8QbAAK","-8.0","18:07:00"
"Skywave_Airlines_Agent","USER","72453943-b670-4482-a678-e9bed243d91d","","EinsteinServiceAgent","Skywave_Airlines_Agent","SKYWAVE_PHASE_4_5","2026-05-26T18:09:53.000Z","u2453943-b670-4482-a678-e9bed243d91d","","{}","MessagingEndUser","0PAg8000000ZfMrGAK","-8.0","18:07:00"
"Skywave_Airlines_Agent","AGENT","7e161f8e-8403-4dff-ae96-00c7a6844469","","EinsteinServiceAgent","Skywave_Airlines_Agent","SKYWAVE_PHASE_4_5","2026-05-23T15:17:39.000Z","ae161f8e-8403-4dff-ae96-00c7a6844469","","{}","GenAiPlannerDefinition","16jg8000000P8QbAAK","-11.0","15:15:00"
"Skywave_Airlines_Agent","USER","7e161f8e-8403-4dff-ae96-00c7a6844469","","EinsteinServiceAgent","Skywave_Airlines_Agent","SKYWAVE_PHASE_4_5","2026-05-23T15:17:39.000Z","ue161f8e-8403-4dff-ae96-00c7a6844469","","{}","MessagingEndUser","0PAg8000000Zim9GAC","-11.0","15:15:00"
"Skywave_Airlines_Agent","AGENT","0abbe353-ef6b-4df8-aa7c-21aeafff2ec4","","EinsteinServiceAgent","Skywave_Airlines_Agent","SKYWAVE_PHASE_4_5","2026-05-24T18:49:59.000Z","aabbe353-ef6b-4df8-aa7c-21aeafff2ec4","","{}","GenAiPlannerDefinition","16jg8000000P8QbAAK","-10.0","18:49:00"
"Skywave_Airlines_Agent","USER","0abbe353-ef6b-4df8-aa7c-21aeafff2ec4","","EinsteinServiceAgent","Skywave_Airlines_Agent","SKYWAVE_PHASE_4_5","2026-05-24T18:49:59.000Z","uabbe353-ef6b-4df8-aa7c-21aeafff2ec4","","{}","MessagingEndUser","0PAg8000000ZjblGAC","-10.0","18:49:00"
"Skywave_Airlines_Agent","AGENT","f1108bc0-47c8-4d9d-a59c-4835e287b070","","EinsteinServiceAgent","Skywave_Airlines_Agent","SKYWAVE_PHASE_4_5","2026-05-30T11:57:21.000Z","a1108bc0-47c8-4d9d-a59c-4835e287b070","","{}","GenAiPlannerDefinition","16jg8000000P8QbAAK","-4.0","11:56:00"
"Skywave_Airlines_Agent","USER","f1108bc0-47c8-4d9d-a59c-4835e287b070","","EinsteinServiceAgent","Skywave_Airlines_Agent","SKYWAVE_PHASE_4_5","2026-05-30T11:57:21.000Z","u1108bc0-47c8-4d9d-a59c-4835e287b070","","{}","MessagingEndUser","0PAg8000000Zl5hGAC","-4.0","11:56:00"
"Skywave_Airlines_Agent","AGENT","41b7845c-2be4-45aa-ae0f-612d60eb3bff","","EinsteinServiceAgent","Skywave_Airlines_Agent","SKYWAVE_PHASE_4_5","2026-05-25T09:20:38.000Z","a1b7845c-2be4-45aa-ae0f-612d60eb3bff","","{}","GenAiPlannerDefinition","16jg8000000P8QbAAK","-9.0","09:20:00"
"Skywave_Airlines_Agent","USER","41b7845c-2be4-45aa-ae0f-612d60eb3bff","","EinsteinServiceAgent","Skywave_Airlines_Agent","SKYWAVE_PHASE_4_5","2026-05-25T09:20:38.000Z","u1b7845c-2be4-45aa-ae0f-612d60eb3bff","","{}","MessagingEndUser","0PAg8000000ZlTtGAK","-9.0","09:20:00"
"Skywave_Airlines_Agent","AGENT","48f793d5-fd4f-45f8-a61c-761305b93c9d","","EinsteinServiceAgent","Skywave_Airlines_Agent","SKYWAVE_PHASE_4_5","2026-05-25T10:47:22.000Z","a8f793d5-fd4f-45f8-a61c-761305b93c9d","","{}","GenAiPlannerDefinition","16jg8000000P8QbAAK","-9.0","10:43:00"
"Skywave_Airlines_Agent","USER","48f793d5-fd4f-45f8-a61c-761305b93c9d","","EinsteinServiceAgent","Skywave_Airlines_Agent","SKYWAVE_PHASE_4_5","2026-05-25T10:47:22.000Z","u8f793d5-fd4f-45f8-a61c-761305b93c9d","","{}","MessagingEndUser","0PAg8000000ZpBpGAK","-9.0","10:43:00"
"Skywave_Airlines_Agent","AGENT","fdd90d86-ef56-4e98-adde-7bbd464fedf9","","EinsteinServiceAgent","Skywave_Airlines_Agent","SKYWAVE_PHASE_4_5","2026-05-26T11:22:04.000Z","add90d86-ef56-4e98-adde-7bbd464fedf9","","{}","GenAiPlannerDefinition","16jg8000000P8QbAAK","-8.0","11:21:00"
"Skywave_Airlines_Agent","USER","fdd90d86-ef56-4e98-adde-7bbd464fedf9","","EinsteinServiceAgent","Skywave_Airlines_Agent","SKYWAVE_PHASE_4_5","2026-05-26T11:22:04.000Z","udd90d86-ef56-4e98-adde-7bbd464fedf9","","{}","MessagingEndUser","0PAg8000000ZqYPGA0","-8.0","11:21:00"
"Skywave_Airlines_Agent","AGENT","95205238-9f1b-442b-a27e-d0f74827a250","","EinsteinServiceAgent","Skywave_Airlines_Agent","SKYWAVE_PHASE_4_5","2026-05-24T09:25:18.000Z","a5205238-9f1b-442b-a27e-d0f74827a250","","{}","GenAiPlannerDefinition","16jg8000000P8QbAAK","-10.0","09:20:00"
"Skywave_Airlines_Agent","USER","95205238-9f1b-442b-a27e-d0f74827a250","","EinsteinServiceAgent","Skywave_Airlines_Agent","SKYWAVE_PHASE_4_5","2026-05-24T09:25:18.000Z","u5205238-9f1b-442b-a27e-d0f74827a250","","{}","MessagingEndUser","0PAg8000000Zqa1GAC","-10.0","09:20:00"
"Skywave_Airlines_Agent","AGENT","a306547c-2949-435b-a8cf-b5552b219209","","EinsteinServiceAgent","Skywave_Airlines_Agent","SKYWAVE_PHASE_4_5","2026-05-23T09:57:10.000Z","a306547c-2949-435b-a8cf-b5552b219209","","{}","GenAiPlannerDefinition","16jg8000000P8QbAAK","-11.0","09:56:00"
"Skywave_Airlines_Agent","USER","a306547c-2949-435b-a8cf-b5552b219209","","EinsteinServiceAgent","Skywave_Airlines_Agent","SKYWAVE_PHASE_4_5","2026-05-23T09:57:10.000Z","u306547c-2949-435b-a8cf-b5552b219209","","{}","MessagingEndUser","0PAg8000000Zr1RGAS","-11.0","09:56:00"
"Skywave_Airlines_Agent","AGENT","1d6560ba-c0f2-485a-a202-fcfa3e87f0ce","","EinsteinServiceAgent","Skywave_Airlines_Agent","SKYWAVE_PHASE_4_5","2026-06-02T09:22:35.000Z","ad6560ba-c0f2-485a-a202-fcfa3e87f0ce","","{}","GenAiPlannerDefinition","16jg8000000P8QbAAK","-1.0","09:19:00"
"Skywave_Airlines_Agent","USER","1d6560ba-c0f2-485a-a202-fcfa3e87f0ce","","EinsteinServiceAgent","Skywave_Airlines_Agent","SKYWAVE_PHASE_4_5","2026-06-02T09:22:35.000Z","ud6560ba-c0f2-485a-a202-fcfa3e87f0ce","","{}","MessagingEndUser","0PAg8000000ZrCjGAK","-1.0","09:19:00"
"Skywave_Airlines_Agent","AGENT","5220d083-ee96-4229-a35b-7452a073c163","","EinsteinServiceAgent","Skywave_Airlines_Agent","SKYWAVE_PHASE_4_5","2026-06-02T19:04:48.000Z","a220d083-ee96-4229-a35b-7452a073c163","","{}","GenAiPlannerDefinition","16jg8000000P8QbAAK","-1.0","19:04:00"
"Skywave_Airlines_Agent","USER","5220d083-ee96-4229-a35b-7452a073c163","","EinsteinServiceAgent","Skywave_Airlines_Agent","SKYWAVE_PHASE_4_5","2026-06-02T19:04:48.000Z","u220d083-ee96-4229-a35b-7452a073c163","","{}","MessagingEndUser","0PAg8000000ZMaLGAW","-1.0","19:04:00"
"Skywave_Airlines_Agent","AGENT","183462a1-030e-4089-a9ac-ae54ca149d2c","","EinsteinServiceAgent","Skywave_Airlines_Agent","SKYWAVE_PHASE_4_5","2026-05-22T18:27:59.000Z","a83462a1-030e-4089-a9ac-ae54ca149d2c","","{}","GenAiPlannerDefinition","16jg8000000P8QbAAK","-12.0","18:25:00"
"Skywave_Airlines_Agent","USER","183462a1-030e-4089-a9ac-ae54ca149d2c","","EinsteinServiceAgent","Skywave_Airlines_Agent","SKYWAVE_PHASE_4_5","2026-05-22T18:27:59.000Z","u83462a1-030e-4089-a9ac-ae54ca149d2c","","{}","MessagingEndUser","0PAg8000000ZOM1GAO","-12.0","18:25:00"
"Skywave_Airlines_Agent","AGENT","20d342d0-b525-4d0e-a10d-b29c77eb5a55","","EinsteinServiceAgent","Skywave_Airlines_Agent","SKYWAVE_PHASE_4_5","2026-05-28T08:57:24.000Z","a0d342d0-b525-4d0e-a10d-b29c77eb5a55","","{}","GenAiPlannerDefinition","16jg8000000P8QbAAK","-6.0","08:55:00"
"Skywave_Airlines_Agent","USER","20d342d0-b525-4d0e-a10d-b29c77eb5a55","","EinsteinServiceAgent","Skywave_Airlines_Agent","SKYWAVE_PHASE_4_5","2026-05-28T08:57:24.000Z","u0d342d0-b525-4d0e-a10d-b29c77eb5a55","","{}","MessagingEndUser","0PAg8000000ZOgzGAG","-6.0","08:55:00"
"Skywave_Airlines_Agent","AGENT","2e24334d-9069-4096-a2bf-e47ff28d00ca","","EinsteinServiceAgent","Skywave_Airlines_Agent","SKYWAVE_PHASE_4_5","2026-05-27T10:42:17.000Z","ae24334d-9069-4096-a2bf-e47ff28d00ca","","{}","GenAiPlannerDefinition","16jg8000000P8QbAAK","-7.0","10:36:00"
"Skywave_Airlines_Agent","USER","2e24334d-9069-4096-a2bf-e47ff28d00ca","","EinsteinServiceAgent","Skywave_Airlines_Agent","SKYWAVE_PHASE_4_5","2026-05-27T10:42:17.000Z","ue24334d-9069-4096-a2bf-e47ff28d00ca","","{}","MessagingEndUser","0PAg8000000ZOibGAG","-7.0","10:36:00"
"Skywave_Airlines_Agent","AGENT","b5c5b2aa-e0b5-4077-aa71-b7edeb7619d8","","EinsteinServiceAgent","Skywave_Airlines_Agent","SKYWAVE_PHASE_4_5","2026-05-26T16:16:02.000Z","a5c5b2aa-e0b5-4077-aa71-b7edeb7619d8","","{}","GenAiPlannerDefinition","16jg8000000P8QbAAK","-8.0","16:09:00"
"Skywave_Airlines_Agent","USER","b5c5b2aa-e0b5-4077-aa71-b7edeb7619d8","","EinsteinServiceAgent","Skywave_Airlines_Agent","SKYWAVE_PHASE_4_5","2026-05-26T16:16:02.000Z","u5c5b2aa-e0b5-4077-aa71-b7edeb7619d8","","{}","MessagingEndUser","0PAg8000000ZOvVGAW","-8.0","16:09:00"
"Skywave_Airlines_Agent","AGENT","6cfdaf02-b1b7-4ada-a365-de99ebcdcd8b","","EinsteinServiceAgent","Skywave_Airlines_Agent","SKYWAVE_PHASE_4_5","2026-05-28T19:35:10.000Z","acfdaf02-b1b7-4ada-a365-de99ebcdcd8b","","{}","GenAiPlannerDefinition","16jg8000000P8QbAAK","-6.0","19:31:00"
"Skywave_Airlines_Agent","USER","6cfdaf02-b1b7-4ada-a365-de99ebcdcd8b","","EinsteinServiceAgent","Skywave_Airlines_Agent","SKYWAVE_PHASE_4_5","2026-05-28T19:35:10.000Z","ucfdaf02-b1b7-4ada-a365-de99ebcdcd8b","","{}","MessagingEndUser","0PAg8000000ZP6nGAG","-6.0","19:31:00"
"Skywave_Airlines_Agent","AGENT","51c6acfd-5450-4e6f-a48f-60ac26a76878","","EinsteinServiceAgent","Skywave_Airlines_Agent","SKYWAVE_PHASE_4_5","2026-05-25T15:53:40.000Z","a1c6acfd-5450-4e6f-a48f-60ac26a76878","","{}","GenAiPlannerDefinition","16jg8000000P8QbAAK","-9.0","15:50:00"
"Skywave_Airlines_Agent","USER","51c6acfd-5450-4e6f-a48f-60ac26a76878","","EinsteinServiceAgent","Skywave_Airlines_Agent","SKYWAVE_PHASE_4_5","2026-05-25T15:53:40.000Z","u1c6acfd-5450-4e6f-a48f-60ac26a76878","","{}","MessagingEndUser","0PAg8000000ZP8PGAW","-9.0","15:50:00"
"Skywave_Airlines_Agent","AGENT","c0a9863a-c3ca-4367-ae4a-6cc75f46844b","","EinsteinServiceAgent","Skywave_Airlines_Agent","SKYWAVE_PHASE_4_5","2026-05-26T11:25:17.000Z","a0a9863a-c3ca-4367-ae4a-6cc75f46844b","","{}","GenAiPlannerDefinition","16jg8000000P8QbAAK","-8.0","11:18:00"
"Skywave_Airlines_Agent","USER","c0a9863a-c3ca-4367-ae4a-6cc75f46844b","","EinsteinServiceAgent","Skywave_Airlines_Agent","SKYWAVE_PHASE_4_5","2026-05-26T11:25:17.000Z","u0a9863a-c3ca-4367-ae4a-6cc75f46844b","","{}","MessagingEndUser","0PAg8000000ZPd3GAG","-8.0","11:18:00"
"Skywave_Airlines_Agent","AGENT","d406c0c5-b9c3-42d7-a982-27f97e8f8981","","EinsteinServiceAgent","Skywave_Airlines_Agent","SKYWAVE_PHASE_4_5","2026-05-27T15:42:51.000Z","a406c0c5-b9c3-42d7-a982-27f97e8f8981","","{}","GenAiPlannerDefinition","16jg8000000P8QbAAK","-7.0","15:42:00"
"Skywave_Airlines_Agent","USER","d406c0c5-b9c3-42d7-a982-27f97e8f8981","","EinsteinServiceAgent","Skywave_Airlines_Agent","SKYWAVE_PHASE_4_5","2026-05-27T15:42:51.000Z","u406c0c5-b9c3-42d7-a982-27f97e8f8981","","{}","MessagingEndUser","0PAg8000000ZPtBGAW","-7.0","15:42:00"
"Skywave_Airlines_Agent","AGENT","22c9eaf1-7169-4021-a628-0b9fcc03bfc5","","EinsteinServiceAgent","Skywave_Airlines_Agent","SKYWAVE_PHASE_4_5","2026-05-27T19:37:15.000Z","a2c9eaf1-7169-4021-a628-0b9fcc03bfc5","","{}","GenAiPlannerDefinition","16jg8000000P8QbAAK","-7.0","19:34:00"
"Skywave_Airlines_Agent","USER","22c9eaf1-7169-4021-a628-0b9fcc03bfc5","","EinsteinServiceAgent","Skywave_Airlines_Agent","SKYWAVE_PHASE_4_5","2026-05-27T19:37:15.000Z","u2c9eaf1-7169-4021-a628-0b9fcc03bfc5","","{}","MessagingEndUser","0PAg8000000ZRgTGAW","-7.0","19:34:00"
"Skywave_Airlines_Agent","AGENT","03b36bf4-723a-40bd-a27b-2edf20077787","","EinsteinServiceAgent","Skywave_Airlines_Agent","SKYWAVE_PHASE_4_5","2026-05-20T14:42:16.000Z","a3b36bf4-723a-40bd-a27b-2edf20077787","","{}","GenAiPlannerDefinition","16jg8000000P8QbAAK","-14.0","14:40:00"
"Skywave_Airlines_Agent","USER","03b36bf4-723a-40bd-a27b-2edf20077787","","EinsteinServiceAgent","Skywave_Airlines_Agent","SKYWAVE_PHASE_4_5","2026-05-20T14:42:16.000Z","u3b36bf4-723a-40bd-a27b-2edf20077787","","{}","MessagingEndUser","0PAg8000000ZSRFGA4","-14.0","14:40:00"
"Skywave_Airlines_Agent","AGENT","8dfc1584-23be-4122-acc1-3819c2b16c86","","EinsteinServiceAgent","Skywave_Airlines_Agent","SKYWAVE_PHASE_4_5","2026-05-31T11:37:06.000Z","adfc1584-23be-4122-acc1-3819c2b16c86","","{}","GenAiPlannerDefinition","16jg8000000P8QbAAK","-3.0","11:35:00"
"Skywave_Airlines_Agent","USER","8dfc1584-23be-4122-acc1-3819c2b16c86","","EinsteinServiceAgent","Skywave_Airlines_Agent","SKYWAVE_PHASE_4_5","2026-05-31T11:37:06.000Z","udfc1584-23be-4122-acc1-3819c2b16c86","","{}","MessagingEndUser","0PAg8000000ZSXhGAO","-3.0","11:35:00"
"Skywave_Airlines_Agent","AGENT","0babac34-9cfa-4d90-acc6-56fc5a85cf2f","","EinsteinServiceAgent","Skywave_Airlines_Agent","SKYWAVE_PHASE_4_5","2026-05-27T16:28:54.000Z","ababac34-9cfa-4d90-acc6-56fc5a85cf2f","","{}","GenAiPlannerDefinition","16jg8000000P8QbAAK","-7.0","16:19:00"
"Skywave_Airlines_Agent","USER","0babac34-9cfa-4d90-acc6-56fc5a85cf2f","","EinsteinServiceAgent","Skywave_Airlines_Agent","SKYWAVE_PHASE_4_5","2026-05-27T16:28:54.000Z","ubabac34-9cfa-4d90-acc6-56fc5a85cf2f","","{}","MessagingEndUser","0PAg8000000ZTNJGA4","-7.0","16:19:00"
"Skywave_Airlines_Agent","AGENT","f3c8055d-ba6b-4909-a4c8-a874aaa406b0","","EinsteinServiceAgent","Skywave_Airlines_Agent","SKYWAVE_PHASE_4_5","2026-05-24T12:12:34.000Z","a3c8055d-ba6b-4909-a4c8-a874aaa406b0","","{}","GenAiPlannerDefinition","16jg8000000P8QbAAK","-10.0","12:07:00"
"Skywave_Airlines_Agent","USER","f3c8055d-ba6b-4909-a4c8-a874aaa406b0","","EinsteinServiceAgent","Skywave_Airlines_Agent","SKYWAVE_PHASE_4_5","2026-05-24T12:12:34.000Z","u3c8055d-ba6b-4909-a4c8-a874aaa406b0","","{}","MessagingEndUser","0PAg8000000ZUsrGAG","-10.0","12:07:00"
"Skywave_Airlines_Agent","AGENT","1553f4a9-45fd-4033-a3c4-06d6994fb6ed","","EinsteinServiceAgent","Skywave_Airlines_Agent","SKYWAVE_PHASE_4_5","2026-06-02T16:42:53.000Z","a553f4a9-45fd-4033-a3c4-06d6994fb6ed","","{}","GenAiPlannerDefinition","16jg8000000P8QbAAK","-1.0","16:41:00"
"Skywave_Airlines_Agent","USER","1553f4a9-45fd-4033-a3c4-06d6994fb6ed","","EinsteinServiceAgent","Skywave_Airlines_Agent","SKYWAVE_PHASE_4_5","2026-06-02T16:42:53.000Z","u553f4a9-45fd-4033-a3c4-06d6994fb6ed","","{}","MessagingEndUser","0PAg8000000ZVDpGAO","-1.0","16:41:00"
"Skywave_Airlines_Agent","AGENT","9b1ae7e9-04eb-4ed3-ad83-f9b6da5b90c6","","EinsteinServiceAgent","Skywave_Airlines_Agent","SKYWAVE_PHASE_4_5","2026-05-24T12:52:37.000Z","ab1ae7e9-04eb-4ed3-ad83-f9b6da5b90c6","","{}","GenAiPlannerDefinition","16jg8000000P8QbAAK","-10.0","12:52:00"
"Skywave_Airlines_Agent","USER","9b1ae7e9-04eb-4ed3-ad83-f9b6da5b90c6","","EinsteinServiceAgent","Skywave_Airlines_Agent","SKYWAVE_PHASE_4_5","2026-05-24T12:52:37.000Z","ub1ae7e9-04eb-4ed3-ad83-f9b6da5b90c6","","{}","MessagingEndUser","0PAg8000000ZfMrGAK","-10.0","12:52:00"
"Skywave_Airlines_Agent","AGENT","e68773ce-4fb5-4661-a263-564d8aaa3d9e","","EinsteinServiceAgent","Skywave_Airlines_Agent","SKYWAVE_PHASE_4_5","2026-05-28T17:50:45.000Z","a68773ce-4fb5-4661-a263-564d8aaa3d9e","","{}","GenAiPlannerDefinition","16jg8000000P8QbAAK","-6.0","17:47:00"
"Skywave_Airlines_Agent","USER","e68773ce-4fb5-4661-a263-564d8aaa3d9e","","EinsteinServiceAgent","Skywave_Airlines_Agent","SKYWAVE_PHASE_4_5","2026-05-28T17:50:45.000Z","u68773ce-4fb5-4661-a263-564d8aaa3d9e","","{}","MessagingEndUser","0PAg8000000Zim9GAC","-6.0","17:47:00"
"Skywave_Airlines_Agent","AGENT","bdfdbeed-6de0-4ddc-aafe-4a4f2d8aa63e","","EinsteinServiceAgent","Skywave_Airlines_Agent","SKYWAVE_PHASE_4_5","2026-05-31T12:13:44.000Z","adfdbeed-6de0-4ddc-aafe-4a4f2d8aa63e","","{}","GenAiPlannerDefinition","16jg8000000P8QbAAK","-3.0","12:13:00"
"Skywave_Airlines_Agent","USER","bdfdbeed-6de0-4ddc-aafe-4a4f2d8aa63e","","EinsteinServiceAgent","Skywave_Airlines_Agent","SKYWAVE_PHASE_4_5","2026-05-31T12:13:44.000Z","udfdbeed-6de0-4ddc-aafe-4a4f2d8aa63e","","{}","MessagingEndUser","0PAg8000000ZjblGAC","-3.0","12:13:00"
"Skywave_Airlines_Agent","AGENT","5453c639-d287-422b-a7c7-a5c65faac08b","","EinsteinServiceAgent","Skywave_Airlines_Agent","SKYWAVE_PHASE_4_5","2026-05-31T14:53:35.000Z","a453c639-d287-422b-a7c7-a5c65faac08b","","{}","GenAiPlannerDefinition","16jg8000000P8QbAAK","-3.0","14:53:00"
"Skywave_Airlines_Agent","USER","5453c639-d287-422b-a7c7-a5c65faac08b","","EinsteinServiceAgent","Skywave_Airlines_Agent","SKYWAVE_PHASE_4_5","2026-05-31T14:53:35.000Z","u453c639-d287-422b-a7c7-a5c65faac08b","","{}","MessagingEndUser","0PAg8000000Zl5hGAC","-3.0","14:53:00"
"Skywave_Airlines_Agent","AGENT","1f700f7f-c8a2-4e23-a319-5a57f5f32d92","","EinsteinServiceAgent","Skywave_Airlines_Agent","SKYWAVE_PHASE_4_5","2026-05-20T17:49:01.000Z","af700f7f-c8a2-4e23-a319-5a57f5f32d92","","{}","GenAiPlannerDefinition","16jg8000000P8QbAAK","-14.0","17:48:00"
"Skywave_Airlines_Agent","USER","1f700f7f-c8a2-4e23-a319-5a57f5f32d92","","EinsteinServiceAgent","Skywave_Airlines_Agent","SKYWAVE_PHASE_4_5","2026-05-20T17:49:01.000Z","uf700f7f-c8a2-4e23-a319-5a57f5f32d92","","{}","MessagingEndUser","0PAg8000000ZlTtGAK","-14.0","17:48:00"
"Skywave_Airlines_Agent","AGENT","98bf763a-1e0c-4e61-a9ac-5cf30fe2daad","","EinsteinServiceAgent","Skywave_Airlines_Agent","SKYWAVE_PHASE_4_5","2026-05-20T10:22:39.000Z","a8bf763a-1e0c-4e61-a9ac-5cf30fe2daad","","{}","GenAiPlannerDefinition","16jg8000000P8QbAAK","-14.0","10:20:00"
"Skywave_Airlines_Agent","USER","98bf763a-1e0c-4e61-a9ac-5cf30fe2daad","","EinsteinServiceAgent","Skywave_Airlines_Agent","SKYWAVE_PHASE_4_5","2026-05-20T10:22:39.000Z","u8bf763a-1e0c-4e61-a9ac-5cf30fe2daad","","{}","MessagingEndUser","0PAg8000000ZpBpGAK","-14.0","10:20:00"
"Skywave_Airlines_Agent","AGENT","a58e0850-4f18-479a-a2f8-a82137419625","","EinsteinServiceAgent","Skywave_Airlines_Agent","SKYWAVE_PHASE_4_5","2026-05-25T09:26:57.000Z","a58e0850-4f18-479a-a2f8-a82137419625","","{}","GenAiPlannerDefinition","16jg8000000P8QbAAK","-9.0","09:21:00"
"Skywave_Airlines_Agent","USER","a58e0850-4f18-479a-a2f8-a82137419625","","EinsteinServiceAgent","Skywave_Airlines_Agent","SKYWAVE_PHASE_4_5","2026-05-25T09:26:57.000Z","u58e0850-4f18-479a-a2f8-a82137419625","","{}","MessagingEndUser","0PAg8000000ZqYPGA0","-9.0","09:21:00"
"Skywave_Airlines_Agent","AGENT","bc7f3478-bdad-4d59-ae53-70c9c3e4e53d","","EinsteinServiceAgent","Skywave_Airlines_Agent","SKYWAVE_PHASE_4_5","2026-05-29T13:26:41.000Z","ac7f3478-bdad-4d59-ae53-70c9c3e4e53d","","{}","GenAiPlannerDefinition","16jg8000000P8QbAAK","-5.0","13:26:00"
"Skywave_Airlines_Agent","USER","bc7f3478-bdad-4d59-ae53-70c9c3e4e53d","","EinsteinServiceAgent","Skywave_Airlines_Agent","SKYWAVE_PHASE_4_5","2026-05-29T13:26:41.000Z","uc7f3478-bdad-4d59-ae53-70c9c3e4e53d","","{}","MessagingEndUser","0PAg8000000Zqa1GAC","-5.0","13:26:00"
"Skywave_Airlines_Agent","AGENT","c7c6ac4a-5b4e-4474-aed5-583f03b4653e","","EinsteinServiceAgent","Skywave_Airlines_Agent","SKYWAVE_PHASE_4_5","2026-05-20T12:58:34.000Z","a7c6ac4a-5b4e-4474-aed5-583f03b4653e","","{}","GenAiPlannerDefinition","16jg8000000P8QbAAK","-14.0","12:56:00"
"Skywave_Airlines_Agent","USER","c7c6ac4a-5b4e-4474-aed5-583f03b4653e","","EinsteinServiceAgent","Skywave_Airlines_Agent","SKYWAVE_PHASE_4_5","2026-05-20T12:58:34.000Z","u7c6ac4a-5b4e-4474-aed5-583f03b4653e","","{}","MessagingEndUser","0PAg8000000Zr1RGAS","-14.0","12:56:00"
"Skywave_Airlines_Agent","AGENT","43fe0c2b-657e-42be-a0e5-d96d6fce0408","","EinsteinServiceAgent","Skywave_Airlines_Agent","SKYWAVE_PHASE_4_5","2026-05-20T18:45:02.000Z","a3fe0c2b-657e-42be-a0e5-d96d6fce0408","","{}","GenAiPlannerDefinition","16jg8000000P8QbAAK","-14.0","18:44:00"
"Skywave_Airlines_Agent","USER","43fe0c2b-657e-42be-a0e5-d96d6fce0408","","EinsteinServiceAgent","Skywave_Airlines_Agent","SKYWAVE_PHASE_4_5","2026-05-20T18:45:02.000Z","u3fe0c2b-657e-42be-a0e5-d96d6fce0408","","{}","MessagingEndUser","0PAg8000000ZrCjGAK","-14.0","18:44:00"
