"AI_Agent_Session__c","Ai_Agent_Interaction_Type__c","Attribute__c","Demo_Identifier__c","End_Days__c","End_Time__c","External_ID__c","Individual__c","Previous_Interaction__c","Session_Owner_Object__c","Session_Owner__c","Start_Days__c","Start_Time__c","Telemetry_Trace_Span__c","Telemetry_Trace__c","Topic_API_Name__c"
"5cf1fc74-d2e4-419d-a70d-26ea7e964a84","TURN","","SKYWAVE_PHASE_4_5","-6.0","18:01:04","a5d1a5a1-afd2-4aaa-a76b-5ed43a1f338f","","","MessagingEndUser","0PAg8000000ZMaLGAW","-6.0","18:01:00","08f0c1eb-f8c7-4a98-a228-c89af89a71c8","fc2bc6f5-263b-47de-ae91-e967c100b7e2","off_topic"
"5cf1fc74-d2e4-419d-a70d-26ea7e964a84","TURN","","SKYWAVE_PHASE_4_5","-6.0","18:01:53","7f8e0c6a-cdd1-4c8a-a7ac-26269b25655c","","","MessagingEndUser","0PAg8000000ZMaLGAW","-6.0","18:01:51","c9c56b58-8300-4c15-a656-d35357eb17df","276c310c-c579-4726-a93b-f4ef01c211f6","off_topic"
"5cf1fc74-d2e4-419d-a70d-26ea7e964a84","SESSION_END","","SKYWAVE_PHASE_4_5","-6.0","18:01:53","3b6ebb6d-c19d-4195-a31f-7c6f3539475f","","","","","-6.0","18:01:53","191e9697-47a9-40e4-a6d1-c202a2b1a48d","613567d1-211a-4e08-a021-fece3d1b53ff","NOT_SET"
"219da89a-c5cd-4fdf-a612-b98d244a5bcb","TURN","","SKYWAVE_PHASE_4_5","-4.0","08:24:03","e2074bd2-b8ce-44d9-a24d-8eca827749cd","","","MessagingEndUser","0PAg8000000ZOM1GAO","-4.0","08:24:00","fe2da920-0974-45be-adaa-29f98d19f714","dee7fe03-c648-435a-a22a-be7863244401","mileage_account"
"219da89a-c5cd-4fdf-a612-b98d244a5bcb","TURN","","SKYWAVE_PHASE_4_5","-4.0","08:26:12","75690e61-d8ac-4eb6-a52e-b306ea8573ed","","","MessagingEndUser","0PAg8000000ZOM1GAO","-4.0","08:26:08","cf232a95-dba6-4480-ad0d-a8b9aaeab409","6301a3b2-b979-4bcc-a77f-712464bfc09f","mileage_account"
"219da89a-c5cd-4fdf-a612-b98d244a5bcb","SESSION_END","","SKYWAVE_PHASE_4_5","-4.0","08:26:12","c2930101-20bc-4983-a508-2dc15cec6c3a","","","","","-4.0","08:26:12","a802c993-0169-40c3-ab2d-c9d540de5b60","aa57a9c6-ddd0-4f09-a3d5-02cc68973c3a","NOT_SET"
"9a68f314-dc0e-48d1-aed7-44af7c2479c9","TURN","","SKYWAVE_PHASE_4_5","-5.0","10:00:04","99344dd8-6b00-4196-a053-d4930fb42516","","","MessagingEndUser","0PAg8000000ZOgzGAG","-5.0","10:00:00","33fd141e-4451-4f47-a680-439b7b91f02e","a66ce254-a99d-4a28-abab-c98e779c31a0","flight_management"
"9a68f314-dc0e-48d1-aed7-44af7c2479c9","TURN","","SKYWAVE_PHASE_4_5","-5.0","10:00:57","9ccf136f-b2da-423f-a2b0-d5d369aa1d14","","","MessagingEndUser","0PAg8000000ZOgzGAG","-5.0","10:00:53","d0b5dcf5-485c-4ea3-a3b4-8697875b8925","597aa515-8bfe-47dd-a840-d714c6a2e1a7","flight_management"
"9a68f314-dc0e-48d1-aed7-44af7c2479c9","SESSION_END","","SKYWAVE_PHASE_4_5","-5.0","10:00:57","35477c6e-d90d-48b9-a39b-a0794e7f92c3","","","","","-5.0","10:00:57","a74f32f9-4591-4bd3-aad8-dc6424de6a07","02edaa1c-2b7f-4fa0-a15b-587bef99ba3e","NOT_SET"
"5dd36b0a-d270-41be-a9ef-93ffb2daaa6b","TURN","","SKYWAVE_PHASE_4_5","-3.0","19:45:02","c226328e-9622-427e-ac45-ba42fd4e9f20","","","MessagingEndUser","0PAg8000000ZOibGAG","-3.0","19:45:00","8c3c6c28-f48e-4e1c-abbf-0bf2b5825bd5","b90774a5-d747-4e5f-a806-610200988307","flight_management"
"5dd36b0a-d270-41be-a9ef-93ffb2daaa6b","TURN","","SKYWAVE_PHASE_4_5","-3.0","19:45:32","980f766b-3c39-474a-a383-3dfee2d7e98f","","","MessagingEndUser","0PAg8000000ZOibGAG","-3.0","19:45:30","cec2e8f0-5998-4336-a7ac-4ccd88648780","6794396b-442d-4611-aaf7-dee3b69e0cfb","flight_management"
"5dd36b0a-d270-41be-a9ef-93ffb2daaa6b","TURN","","SKYWAVE_PHASE_4_5","-3.0","19:46:15","ffac429f-ea59-4b18-a1da-85c009a37b2f","","","MessagingEndUser","0PAg8000000ZOibGAG","-3.0","19:46:13","8c902b6d-a4e5-4dbb-aed6-93b93adf69bb","5c6adc9a-daa8-45f0-a90b-7ba372bec3f0","flight_management"
"5dd36b0a-d270-41be-a9ef-93ffb2daaa6b","TURN","","SKYWAVE_PHASE_4_5","-3.0","19:46:34","2845e3a9-f275-4c15-a065-f76875a9f374","","","MessagingEndUser","0PAg8000000ZOibGAG","-3.0","19:46:32","5ba8eab3-19fc-49bb-af0c-31aedd38bef7","0ba562ae-880c-4b19-ade2-aed512dc7ae3","flight_management"
"5dd36b0a-d270-41be-a9ef-93ffb2daaa6b","TURN","","SKYWAVE_PHASE_4_5","-3.0","19:49:56","dd61101d-630b-41a2-a09e-a13a41883910","","","MessagingEndUser","0PAg8000000ZOibGAG","-3.0","19:49:54","40a1d921-6326-4e95-afaa-f7a65dfe4fec","331aef78-fb3a-426e-a2d9-6192894afea1","flight_management"
"5dd36b0a-d270-41be-a9ef-93ffb2daaa6b","TURN","","SKYWAVE_PHASE_4_5","-3.0","19:51:12","10cb7614-59b4-4faf-a401-7a711f946515","","","MessagingEndUser","0PAg8000000ZOibGAG","-3.0","19:51:10","9019a1b5-0c28-4d3d-af1b-f5934ecd4fb6","5350350b-2328-42b7-a009-3770e97ab851","flight_management"
"5dd36b0a-d270-41be-a9ef-93ffb2daaa6b","SESSION_END","","SKYWAVE_PHASE_4_5","-3.0","19:51:12","3436c1dd-dd2d-4c83-a94f-31d882465df8","","","","","-3.0","19:51:12","e703c582-46f9-492e-a0c5-4c16a0db311b","ca8c77ab-342d-475f-af99-6bfd85913113","NOT_SET"
"a3013d9c-2301-4a5a-a6cd-274731e8af2e","TURN","","SKYWAVE_PHASE_4_5","-13.0","14:59:03","213d38b5-93dc-4863-a754-4b5ef585bd1b","","","MessagingEndUser","0PAg8000000ZOvVGAW","-13.0","14:59:00","c7144022-6f50-4860-af4d-3874ad092174","e31b9052-8180-4824-a474-7a3801b4f7fa","flight_management"
"a3013d9c-2301-4a5a-a6cd-274731e8af2e","TURN","","SKYWAVE_PHASE_4_5","-13.0","14:59:52","2149739f-38ec-4b70-acfb-3c3483407cc4","","","MessagingEndUser","0PAg8000000ZOvVGAW","-13.0","14:59:50","f11b47b1-8b32-4a7f-a33c-6c63d8a17c9a","c4f46d20-734f-473d-ab24-8575e8574c6e","flight_management"
"a3013d9c-2301-4a5a-a6cd-274731e8af2e","TURN","","SKYWAVE_PHASE_4_5","-13.0","15:01:01","2fb90de6-f412-4856-a289-2233b8d6db9f","","","MessagingEndUser","0PAg8000000ZOvVGAW","-13.0","15:00:58","9bf0f29e-6b0a-462d-a453-98e6e70acbcb","427e2c55-d026-4376-a5df-044d9c4e2f98","mileage_account"
"a3013d9c-2301-4a5a-a6cd-274731e8af2e","TURN","","SKYWAVE_PHASE_4_5","-13.0","15:05:16","a06d89d5-9e35-4cf8-a526-8f74107f9478","","","MessagingEndUser","0PAg8000000ZOvVGAW","-13.0","15:05:14","9439aa48-d8f5-4459-aa95-07fcd97b5b75","2bdf123a-fb6b-4dc3-a751-812762c47e74","mileage_account"
"a3013d9c-2301-4a5a-a6cd-274731e8af2e","SESSION_END","","SKYWAVE_PHASE_4_5","-13.0","15:05:16","1cd4459d-1958-4b88-a6a6-7a788fc3db8f","","","","","-13.0","15:05:16","925a8b39-055e-4a16-ad78-f9fe1264881a","7670461e-0f21-4b4c-a3f3-9db1ba124ff9","NOT_SET"
"92137894-6f0f-4506-ac2b-52fa3776ad99","TURN","","SKYWAVE_PHASE_4_5","-5.0","10:07:04","7cf4928b-4eaf-4795-a4c5-80d53a266824","","","MessagingEndUser","0PAg8000000ZP6nGAG","-5.0","10:07:00","a86b48c2-946e-4a06-a268-a76a44ada865","ae686570-b957-4008-a364-c15921f4d25b","flight_management"
"92137894-6f0f-4506-ac2b-52fa3776ad99","TURN","","SKYWAVE_PHASE_4_5","-5.0","10:07:27","f8262dea-e5d2-4534-a96e-8733818c4f7f","","","MessagingEndUser","0PAg8000000ZP6nGAG","-5.0","10:07:25","3446cbe7-b3db-419e-a91e-cd6811c1766e","fe102170-637a-476d-a95b-5b084c7513e0","flight_management"
"92137894-6f0f-4506-ac2b-52fa3776ad99","SESSION_END","","SKYWAVE_PHASE_4_5","-5.0","10:07:27","153f1ced-ee3f-4a55-a95b-6732e945ec86","","","","","-5.0","10:07:27","ab507638-9fb2-47e7-a74d-51640ea7bb27","a192b048-ec49-47f1-a838-e99670d4b8a5","NOT_SET"
"80c20992-72e7-4c38-af22-3c49576d4458","TURN","","SKYWAVE_PHASE_4_5","-7.0","17:20:03","0b26a445-d1ee-4d6b-ad92-534f315e696b","","","MessagingEndUser","0PAg8000000ZP8PGAW","-7.0","17:20:00","02a80902-6214-4fbe-acf8-dc6f04701cd6","fbbf0974-badf-458d-af52-f6b4276c7299","mileage_account"
"80c20992-72e7-4c38-af22-3c49576d4458","TURN","","SKYWAVE_PHASE_4_5","-7.0","17:22:29","cdfa1811-409b-482f-afd1-288715a7cb41","","","MessagingEndUser","0PAg8000000ZP8PGAW","-7.0","17:22:25","0b17a1b3-030e-4605-a6e6-9a8bab9ea9b2","152e866d-d782-4bb5-adf8-548b1acb6972","mileage_account"
"80c20992-72e7-4c38-af22-3c49576d4458","SESSION_END","","SKYWAVE_PHASE_4_5","-7.0","17:22:29","da586b77-9e00-483f-a4ce-db1458105487","","","","","-7.0","17:22:29","8bbc802c-21fc-4b0d-afda-8c25d0506d50","76101f30-3a0b-4df3-a77a-8e9bbe549425","NOT_SET"
"008e224e-6b5e-47fc-a054-a8f16b3a8263","TURN","","SKYWAVE_PHASE_4_5","-7.0","18:27:03","fdbeef0d-9d9a-498e-a2be-d8d4cb4d861f","","","MessagingEndUser","0PAg8000000ZPd3GAG","-7.0","18:27:00","0a50317c-c72a-4980-abc5-a102f5f75950","328f3f95-6177-444a-a833-504179585888","mileage_account"
"008e224e-6b5e-47fc-a054-a8f16b3a8263","TURN","","SKYWAVE_PHASE_4_5","-7.0","18:27:28","e1644883-aa3f-48d2-a64a-ab15cd086323","","","MessagingEndUser","0PAg8000000ZPd3GAG","-7.0","18:27:25","5886291e-1adc-4a8b-ad64-c2bc7befb7ee","577c40f7-73be-4443-af52-2ac895f13382","mileage_account"
"008e224e-6b5e-47fc-a054-a8f16b3a8263","SESSION_END","","SKYWAVE_PHASE_4_5","-7.0","18:27:28","726f0e99-dc26-4e8b-a1aa-bf45710af43e","","","","","-7.0","18:27:28","b6ed0b85-4897-4eb5-a844-85bca8cfc879","f596330e-563b-47e6-a19e-c43fc387a19a","NOT_SET"
"4bcc7729-5fbe-4bd5-a16c-63248ea1247f","TURN","","SKYWAVE_PHASE_4_5","-11.0","15:54:04","7c285f38-6e92-4c9b-a482-c19b9cbf8882","","","MessagingEndUser","0PAg8000000ZPtBGAW","-11.0","15:54:00","eb991548-fadd-4d6d-a897-5bf18381086d","f3dec816-7157-4ebf-a37a-96dddaf33932","flight_management"
"4bcc7729-5fbe-4bd5-a16c-63248ea1247f","TURN","","SKYWAVE_PHASE_4_5","-11.0","15:55:55","4a309082-6881-449f-ae99-65455a6b6171","","","MessagingEndUser","0PAg8000000ZPtBGAW","-11.0","15:55:53","8e7741b9-c849-4e36-aadd-2628dbf966bb","3c86e745-ca68-4c7a-a60b-a19c8c4e902e","flight_management"
"4bcc7729-5fbe-4bd5-a16c-63248ea1247f","SESSION_END","","SKYWAVE_PHASE_4_5","-11.0","15:55:55","00cc98fd-52e0-401b-ad89-3a53b07de8a2","","","","","-11.0","15:55:55","ddd819f0-0a2c-42e6-a99b-1355715e5dc4","0f45bff1-4f2d-445e-ab9f-abf9fd080618","NOT_SET"
"9b72b6e7-d7b7-463d-ad6a-72cc999124a9","TURN","","SKYWAVE_PHASE_4_5","-9.0","19:06:02","f840e24f-08ad-4db0-ae3c-9bc04524b1f7","","","MessagingEndUser","0PAg8000000ZRgTGAW","-9.0","19:06:00","529dcd08-1871-4514-af15-2100891d1fcf","de1aa93f-fa38-48e3-a3b5-66397d71e4cc","flight_management"
"9b72b6e7-d7b7-463d-ad6a-72cc999124a9","TURN","","SKYWAVE_PHASE_4_5","-9.0","19:07:09","2b269d05-075c-4a6b-a1b3-d705c9d4e87c","","","MessagingEndUser","0PAg8000000ZRgTGAW","-9.0","19:07:07","02b4d265-2afa-4e19-a2e3-11382e0428e5","3cd2c6df-b1cf-4288-a39f-d322cb6cb58b","flight_management"
"9b72b6e7-d7b7-463d-ad6a-72cc999124a9","TURN","","SKYWAVE_PHASE_4_5","-9.0","19:09:14","8d5aeaff-2ee4-41bd-af26-1cdc444192a7","","","MessagingEndUser","0PAg8000000ZRgTGAW","-9.0","19:09:11","a7ea2024-a09e-46d8-a6e9-8560143e155b","318cfefb-e895-4504-ac85-1acdd7587b7e","flight_management"
"9b72b6e7-d7b7-463d-ad6a-72cc999124a9","TURN","","SKYWAVE_PHASE_4_5","-9.0","19:11:42","f5785530-8551-4b8e-acdb-7f375351a4bc","","","MessagingEndUser","0PAg8000000ZRgTGAW","-9.0","19:11:38","932bcf0f-eaa1-4d3f-a248-896cdd69a5e7","6e6a7cbc-fc7f-495e-aa4f-89449c25f6c7","flight_management"
"9b72b6e7-d7b7-463d-ad6a-72cc999124a9","SESSION_END","","SKYWAVE_PHASE_4_5","-9.0","19:11:42","85bd4609-6f7d-4e67-ab02-6b654777e3a2","","","","","-9.0","19:11:42","5021d575-9d0b-458d-aa7c-9b854a54c191","0c9354f4-a623-41dc-aa1c-ef0e52618208","NOT_SET"
"49529b76-dfaf-4818-a202-fd6381395f50","TURN","","SKYWAVE_PHASE_4_5","-13.0","12:12:03","53d72815-19f6-46e7-a67a-9134e5967e32","","","MessagingEndUser","0PAg8000000ZSRFGA4","-13.0","12:12:00","fdee103f-0fd9-4b65-afcc-5153410a6c72","6f467325-457b-49b4-a03d-9943f2ecde22","mileage_account"
"49529b76-dfaf-4818-a202-fd6381395f50","TURN","","SKYWAVE_PHASE_4_5","-13.0","12:13:13","91107d0f-e8c6-4ac3-a198-da423bc8b4c9","","","MessagingEndUser","0PAg8000000ZSRFGA4","-13.0","12:13:09","5ef7e056-b373-4456-af34-12b124511aa3","ecdba0a6-fbe2-4eed-af30-45ae9b664209","mileage_account"
"49529b76-dfaf-4818-a202-fd6381395f50","TURN","","SKYWAVE_PHASE_4_5","-13.0","12:15:24","939baabf-d02b-48cf-a9be-bcc30441fec9","","","MessagingEndUser","0PAg8000000ZSRFGA4","-13.0","12:15:22","afa772a7-6cbc-4db9-a35d-9eea77a85164","09c7099d-ff56-480e-a995-30103dba0d34","case_management"
"49529b76-dfaf-4818-a202-fd6381395f50","TURN","","SKYWAVE_PHASE_4_5","-13.0","12:16:17","40695782-3a13-429c-aba6-6b16fc0cbb5c","","","MessagingEndUser","0PAg8000000ZSRFGA4","-13.0","12:16:13","d78e8456-eb3c-4e90-aa7e-e0651c1dc0ca","fb23b4dd-df23-4e7f-a830-4c924b89b635","case_management"
"49529b76-dfaf-4818-a202-fd6381395f50","TURN","","SKYWAVE_PHASE_4_5","-13.0","12:21:13","972ca142-8262-44e7-a660-c1654e934808","","","MessagingEndUser","0PAg8000000ZSRFGA4","-13.0","12:21:10","22cfcfce-54bf-4865-a6da-7a87b711e7dc","aa313725-14d9-481b-a30c-ee94be0c85ac","flight_management"
"49529b76-dfaf-4818-a202-fd6381395f50","TURN","","SKYWAVE_PHASE_4_5","-13.0","12:21:53","190d2981-4a9b-4962-acd0-5a1e49ab447f","","","MessagingEndUser","0PAg8000000ZSRFGA4","-13.0","12:21:49","d141078e-a501-446d-a7d0-6105e97e46fa","9c786c7d-29d6-4421-a7f1-91505d44f5e7","flight_management"
"49529b76-dfaf-4818-a202-fd6381395f50","SESSION_END","","SKYWAVE_PHASE_4_5","-13.0","12:21:53","c38750eb-5195-4df3-ac68-4017fc9c4260","","","","","-13.0","12:21:53","fdcb1d99-affe-496b-a58a-01e6408961d2","2d2ff9cc-602e-42ef-aab1-dcdd4461d438","NOT_SET"
"7f60af3c-9304-46e8-a7e2-f8aec150ad99","TURN","","SKYWAVE_PHASE_4_5","-11.0","18:08:04","dd4f83ba-3b35-4bf4-a28c-b824287d6d41","","","MessagingEndUser","0PAg8000000ZSXhGAO","-11.0","18:08:00","a32a3504-7684-4596-a1a3-a85129180c8c","15c55035-5879-4021-a3a2-cbe28302ebd5","flight_management"
"7f60af3c-9304-46e8-a7e2-f8aec150ad99","TURN","","SKYWAVE_PHASE_4_5","-11.0","18:11:35","eb8ac24d-c707-4223-a1b6-175df9d1364f","","","MessagingEndUser","0PAg8000000ZSXhGAO","-11.0","18:11:31","179b3678-1220-4b07-a6fc-a2b6c9005adf","e91a20f9-1ad2-4de2-a213-51854cb76380","flight_management"
"7f60af3c-9304-46e8-a7e2-f8aec150ad99","TURN","","SKYWAVE_PHASE_4_5","-11.0","18:13:46","d745e297-7ead-48ef-a389-68fb9814f53c","","","MessagingEndUser","0PAg8000000ZSXhGAO","-11.0","18:13:43","0594b4ff-df0d-44f8-ad5c-b346bbe01426","e1a65c24-c036-4307-a4a3-4002aefc31da","flight_management"
"7f60af3c-9304-46e8-a7e2-f8aec150ad99","TURN","","SKYWAVE_PHASE_4_5","-11.0","18:14:44","8e257473-518e-45c7-a1c2-f5c138d84a09","","","MessagingEndUser","0PAg8000000ZSXhGAO","-11.0","18:14:42","c3baf10f-8cf6-49dc-a937-a8fbaf0b04b0","122f36c4-bcee-4bba-a768-133a0b0d1c9f","flight_management"
"7f60af3c-9304-46e8-a7e2-f8aec150ad99","SESSION_END","","SKYWAVE_PHASE_4_5","-11.0","18:14:44","223604b2-65bd-47da-afd1-410d63692b99","","","","","-11.0","18:14:44","0934b845-43c6-4977-a1db-2feb4770c74d","4fcf0cb6-6355-45ae-a2f8-32f5e2d30d6c","NOT_SET"
"f8ebdf6a-afac-4695-ab24-7f206ccb7cf2","TURN","","SKYWAVE_PHASE_4_5","-3.0","10:23:02","2674e620-b596-49b8-a9ad-b90662973e51","","","MessagingEndUser","0PAg8000000ZTNJGA4","-3.0","10:23:00","bf0da905-a8bb-4d76-a78d-fb6454aa5404","40116a79-1225-4b14-a741-a7f336c7e0f3","flight_management"
"f8ebdf6a-afac-4695-ab24-7f206ccb7cf2","TURN","","SKYWAVE_PHASE_4_5","-3.0","10:23:29","f0bbdf98-ad2d-433d-a70a-cbec16cc189c","","","MessagingEndUser","0PAg8000000ZTNJGA4","-3.0","10:23:25","262c2f54-977e-46c7-a654-a7dc0ee27c0f","453310b3-f831-45e5-a14e-f7b896e1b459","flight_management"
"f8ebdf6a-afac-4695-ab24-7f206ccb7cf2","TURN","","SKYWAVE_PHASE_4_5","-3.0","10:25:53","528890eb-98ed-4662-af6d-b80ad976d2d5","","","MessagingEndUser","0PAg8000000ZTNJGA4","-3.0","10:25:50","3759a69e-cb02-471f-aa49-456256dd9ca4","a98a1c56-d0c0-427e-a128-6654a46f80bc","flight_management"
"f8ebdf6a-afac-4695-ab24-7f206ccb7cf2","TURN","","SKYWAVE_PHASE_4_5","-3.0","10:27:03","e95123e7-6b94-4f2e-a262-534c16b930d6","","","MessagingEndUser","0PAg8000000ZTNJGA4","-3.0","10:27:00","00633dfe-11d8-41e8-acd2-6c4566a9aee9","226a36d2-0b23-49f4-a71e-f4871da8d641","flight_management"
"f8ebdf6a-afac-4695-ab24-7f206ccb7cf2","SESSION_END","","SKYWAVE_PHASE_4_5","-3.0","10:27:03","eb695329-f414-4160-ace0-0aa2a7807be6","","","","","-3.0","10:27:03","88d845dc-978b-405c-a23c-be176125c6d4","580f30a1-c707-4b6a-a6eb-0135d1242b51","NOT_SET"
"2cec9cab-1cae-4ac7-a385-4bcefe645804","TURN","","SKYWAVE_PHASE_4_5","-8.0","13:15:03","39f65344-ceec-40c1-adaa-fbc6dbf147b6","","","MessagingEndUser","0PAg8000000ZUsrGAG","-8.0","13:15:00","9768a2f2-e2c1-4783-aa18-2533e237bfe3","67bbdee8-1785-46f1-a0bf-92e1f18e6b76","flight_management"
"2cec9cab-1cae-4ac7-a385-4bcefe645804","TURN","","SKYWAVE_PHASE_4_5","-8.0","13:16:05","b2d16823-46ff-4b65-a03a-270f6cc713e1","","","MessagingEndUser","0PAg8000000ZUsrGAG","-8.0","13:16:01","4c4b7f31-9d80-480d-a022-bfb7cb002270","4ed44d6a-44ac-4ab8-a756-75ab780d9575","flight_management"
"2cec9cab-1cae-4ac7-a385-4bcefe645804","SESSION_END","","SKYWAVE_PHASE_4_5","-8.0","13:16:05","23d5c2d0-bd01-4e9c-a063-c74551a61e2a","","","","","-8.0","13:16:05","13d2c0f6-7286-4bcc-a5a1-e23d83735b19","1e3c41b5-cf0d-4c0a-ae06-28a1e08bfb77","NOT_SET"
"17b778a3-ea97-4809-a1a9-819d99bd0074","TURN","","SKYWAVE_PHASE_4_5","-3.0","16:18:03","983c87b6-d024-482a-aaf6-9ad87cbd579e","","","MessagingEndUser","0PAg8000000ZVDpGAO","-3.0","16:18:00","ce3c186c-a5ad-4601-a763-33404ee92947","4a5f00c0-a303-4ad5-abb0-35c89be7555a","flight_management"
"17b778a3-ea97-4809-a1a9-819d99bd0074","TURN","","SKYWAVE_PHASE_4_5","-3.0","16:18:48","49b633ba-f538-465d-ad43-cad6de1c4797","","","MessagingEndUser","0PAg8000000ZVDpGAO","-3.0","16:18:44","9bfe7029-3d92-4d26-af3d-9394ed5abd8a","dc25c376-0bbc-44a1-a8e6-a10e066b447b","flight_management"
"17b778a3-ea97-4809-a1a9-819d99bd0074","SESSION_END","","SKYWAVE_PHASE_4_5","-3.0","16:18:48","3c2ca3e3-ab1b-4661-a070-b1b67a9bbfce","","","","","-3.0","16:18:48","7b44b4c0-092e-4f8f-a813-e378d1946136","de29539a-dfe0-4f70-a148-261f502482d4","NOT_SET"
"e96c9eb2-0ce5-41a6-acfd-7f5f144b9f20","TURN","","SKYWAVE_PHASE_4_5","-3.0","19:25:02","da4c258f-162d-4c28-a114-26fc004cb897","","","MessagingEndUser","0PAg8000000ZfMrGAK","-3.0","19:25:00","f2fe7b08-3f5e-4ac3-aacd-abc7f274f751","ed19b26b-044a-430f-ae50-69e47ca5314a","flight_management"
"e96c9eb2-0ce5-41a6-acfd-7f5f144b9f20","TURN","","SKYWAVE_PHASE_4_5","-3.0","19:28:01","398b5414-87c9-4cba-ae06-b009aa70630b","","","MessagingEndUser","0PAg8000000ZfMrGAK","-3.0","19:27:57","678f5fb3-fe19-4130-a3f9-61aa892bc5a3","e2e73079-c3c9-4291-aca9-85fb724e63e8","flight_management"
"e96c9eb2-0ce5-41a6-acfd-7f5f144b9f20","TURN","","SKYWAVE_PHASE_4_5","-3.0","19:29:36","2d01a1b2-35f2-4b63-a5ef-e933a40deb7e","","","MessagingEndUser","0PAg8000000ZfMrGAK","-3.0","19:29:32","44dca791-e91e-4288-a3b7-e8410155c233","e92f2e5e-b8a9-4fad-a9a8-eb1701ddb2e6","case_management"
"e96c9eb2-0ce5-41a6-acfd-7f5f144b9f20","TURN","","SKYWAVE_PHASE_4_5","-3.0","19:33:15","731833b7-e1f6-40f8-ad4d-5da7269487c7","","","MessagingEndUser","0PAg8000000ZfMrGAK","-3.0","19:33:12","f1d1fc1d-83f5-4cb1-a948-47384b698942","0d4bf292-2f35-4523-ac22-6573097118e0","case_management"
"e96c9eb2-0ce5-41a6-acfd-7f5f144b9f20","TURN","","SKYWAVE_PHASE_4_5","-3.0","19:35:17","41f3f5d8-9ce3-44f5-ac20-23be2c94c3ec","","","MessagingEndUser","0PAg8000000ZfMrGAK","-3.0","19:35:13","17587931-c48b-47ed-ad51-2de8e661b410","14652eff-2534-48f4-aa28-b735bd40b5f8","flight_management"
"e96c9eb2-0ce5-41a6-acfd-7f5f144b9f20","TURN","","SKYWAVE_PHASE_4_5","-3.0","19:35:57","942b50d6-cff1-4c5a-af6f-ccc37e9a6be2","","","MessagingEndUser","0PAg8000000ZfMrGAK","-3.0","19:35:54","c40e5cd8-9245-4106-ab3a-fb111824121c","624b68a3-5d63-45f3-a380-0b3e17857292","flight_management"
"e96c9eb2-0ce5-41a6-acfd-7f5f144b9f20","SESSION_END","","SKYWAVE_PHASE_4_5","-3.0","19:35:57","8e815200-a56a-482f-ab90-03cc8a6b570f","","","","","-3.0","19:35:57","da907381-0447-4d00-a943-2b127e8f7f06","0109ea70-387b-4857-ab76-1eaa4d31f917","NOT_SET"
"9de69977-6d3b-4b2c-afcb-0c119a26ae38","TURN","","SKYWAVE_PHASE_4_5","-9.0","19:11:03","ff6ad063-8e17-4adb-a7fc-0692dce2064c","","","MessagingEndUser","0PAg8000000Zim9GAC","-9.0","19:11:00","5ca7a594-b322-4cfd-aac1-c63af96b029f","b9cb24ff-c96d-4887-a1dc-49862f9122ca","mileage_account"
"9de69977-6d3b-4b2c-afcb-0c119a26ae38","TURN","","SKYWAVE_PHASE_4_5","-9.0","19:12:05","9429c2c8-c10a-40b0-a3ab-929216ca4d28","","","MessagingEndUser","0PAg8000000Zim9GAC","-9.0","19:12:01","604034ac-0007-4370-ac57-1b4553438e54","7db55976-b618-4652-af82-e5ff902bb969","mileage_account"
"9de69977-6d3b-4b2c-afcb-0c119a26ae38","SESSION_END","","SKYWAVE_PHASE_4_5","-9.0","19:12:05","fefc20af-4c95-42fa-aa40-600a8e0c2661","","","","","-9.0","19:12:05","f9bffe49-56b2-4a1e-aca8-b2495d530d59","0f83d950-472b-4dfc-a384-99e5cec8338d","NOT_SET"
"7d98dda4-aa43-43af-af0f-ef10bfe99442","TURN","","SKYWAVE_PHASE_4_5","-10.0","12:19:03","930ba0b4-59c8-4621-aacf-eaf9c3110410","","","MessagingEndUser","0PAg8000000ZjblGAC","-10.0","12:19:00","90f40950-0ad3-4dee-a61e-ad3d68e51b84","dc282170-b84d-4f5b-a8cf-e6539a46abcc","mileage_account"
"7d98dda4-aa43-43af-af0f-ef10bfe99442","TURN","","SKYWAVE_PHASE_4_5","-10.0","12:19:49","5dd87239-9fc7-42aa-a985-e02fc4572f5a","","","MessagingEndUser","0PAg8000000ZjblGAC","-10.0","12:19:46","bec399d6-0bf1-4549-a784-62a8b8b82cf2","ffceceeb-f11d-454b-a8ab-79c515143109","mileage_account"
"7d98dda4-aa43-43af-af0f-ef10bfe99442","TURN","","SKYWAVE_PHASE_4_5","-10.0","12:20:40","25403249-d417-4f23-ab9e-84741eea2e99","","","MessagingEndUser","0PAg8000000ZjblGAC","-10.0","12:20:38","8e79af15-9eef-4cdf-a1d1-1489905ea0f9","fd5354ca-d6bc-4b2d-ada6-76473d725634","flight_management"
"7d98dda4-aa43-43af-af0f-ef10bfe99442","TURN","","SKYWAVE_PHASE_4_5","-10.0","12:23:16","5f1e8ee4-9d4f-4871-afd2-1b1231c21de3","","","MessagingEndUser","0PAg8000000ZjblGAC","-10.0","12:23:13","0020e8a9-0855-4056-a4e3-8857bab461b4","91e6519d-695a-46ee-a5cb-796a585696d5","flight_management"
"7d98dda4-aa43-43af-af0f-ef10bfe99442","SESSION_END","","SKYWAVE_PHASE_4_5","-10.0","12:23:16","e8f8ece2-801b-4434-a9e8-80deab0b14f3","","","","","-10.0","12:23:16","7adf38cd-6eb6-4ee3-a3c0-97d799987f01","a1d42f71-817b-406d-aa80-c5d255030054","NOT_SET"
"68024bc0-7a86-4886-a8f4-013b34c15244","TURN","","SKYWAVE_PHASE_4_5","-2.0","18:55:02","39a7b891-31f6-4b62-add4-2be870f8d94d","","","MessagingEndUser","0PAg8000000Zl5hGAC","-2.0","18:55:00","5ae8fccd-0a88-4b1f-a50c-040362678ba4","593a3e49-e067-4e77-aaf6-6f1171ea3427","flight_management"
"68024bc0-7a86-4886-a8f4-013b34c15244","TURN","","SKYWAVE_PHASE_4_5","-2.0","18:55:55","c3a9e928-59a1-4214-a4fa-e5dc3c8cc0b4","","","MessagingEndUser","0PAg8000000Zl5hGAC","-2.0","18:55:53","2578c69e-705c-4708-a151-da0987bbaee2","dfedcb20-c918-433d-a97f-122396eda0de","flight_management"
"68024bc0-7a86-4886-a8f4-013b34c15244","TURN","","SKYWAVE_PHASE_4_5","-2.0","18:56:20","e23e62f2-28ef-43d5-a65c-adf7e3b95fa9","","","MessagingEndUser","0PAg8000000Zl5hGAC","-2.0","18:56:17","1402a838-912a-4979-ab23-f31faff81fdb","9aff0955-3562-4ac8-a488-547613843e9a","flight_management"
"68024bc0-7a86-4886-a8f4-013b34c15244","TURN","","SKYWAVE_PHASE_4_5","-2.0","18:57:23","7d6bfdd7-7aed-4cd4-ad4a-49c0bd505b43","","","MessagingEndUser","0PAg8000000Zl5hGAC","-2.0","18:57:21","128b1445-3850-41bd-ae11-9099b85f47d4","cbebecfe-1c66-4e54-a8e0-59088ffbbd78","flight_management"
"68024bc0-7a86-4886-a8f4-013b34c15244","SESSION_END","","SKYWAVE_PHASE_4_5","-2.0","18:57:23","62198bf2-0f03-4dbf-aa25-f343323f98ba","","","","","-2.0","18:57:23","a62c249a-e7b7-4aef-a75c-b361a83d36cd","b66ed3d5-ea5a-45c3-a4ab-af23d4537274","NOT_SET"
"18742c64-7e9d-4e5d-a264-6e0973b015db","TURN","","SKYWAVE_PHASE_4_5","-4.0","16:25:02","73f98462-eeeb-4b83-a866-c6500779f601","","","MessagingEndUser","0PAg8000000ZlTtGAK","-4.0","16:25:00","ef2ccfaa-ad7c-4688-a085-69dd91697865","d87e96b3-0ca5-4fac-a5eb-8a19f5af762c","mileage_account"
"18742c64-7e9d-4e5d-a264-6e0973b015db","TURN","","SKYWAVE_PHASE_4_5","-4.0","16:26:15","8dd702e1-6028-46d6-a26e-a6ebfc7bb1c4","","","MessagingEndUser","0PAg8000000ZlTtGAK","-4.0","16:26:13","9c7d0def-15f9-4316-ae19-2c13a80f6a0e","4b409343-8a43-4f28-a772-50649216b36c","mileage_account"
"18742c64-7e9d-4e5d-a264-6e0973b015db","SESSION_END","","SKYWAVE_PHASE_4_5","-4.0","16:26:15","0c571bb8-8407-4bbc-a35a-76da31cb4069","","","","","-4.0","16:26:15","2bf3be00-f603-471b-ad3f-8c16c8c5ce1e","f5dce4dc-07de-474a-a103-35bea8963d2d","NOT_SET"
"bc817ceb-5459-4a6c-a5d6-07c3e96dfb35","TURN","","SKYWAVE_PHASE_4_5","-2.0","19:00:02","b16a745c-0690-4119-a110-90af4cd1ff82","","","MessagingEndUser","0PAg8000000ZpBpGAK","-2.0","19:00:00","9ee22055-76a0-4695-ab53-c872dbe14b2e","655b0812-d50e-4db4-a876-6498e977f8d1","flight_management"
"bc817ceb-5459-4a6c-a5d6-07c3e96dfb35","TURN","","SKYWAVE_PHASE_4_5","-2.0","19:00:28","ae64f304-ff12-4df7-a282-616308e5d7e6","","","MessagingEndUser","0PAg8000000ZpBpGAK","-2.0","19:00:26","e283349b-88ed-4cd5-a957-5e41ff3575fb","684df2a2-b9aa-4b91-a238-aa11bedbbcc6","flight_management"
"bc817ceb-5459-4a6c-a5d6-07c3e96dfb35","SESSION_END","","SKYWAVE_PHASE_4_5","-2.0","19:00:28","022d11e5-8a37-4aef-a1ed-d827258ba331","","","","","-2.0","19:00:28","d564f8d7-5b23-4291-ad63-be5f0788ecc0","4c44331a-e9c8-4068-a243-325f6b708119","NOT_SET"
"f6b0021b-6913-41b3-aa8f-d5217ac0e4fe","TURN","","SKYWAVE_PHASE_4_5","-5.0","11:15:03","163bb50c-2f9c-4728-afaf-d09e433bd835","","","MessagingEndUser","0PAg8000000ZqYPGA0","-5.0","11:15:00","0bfd1ed0-c1aa-44d5-a2c8-08cdc8985ba2","c94b8a96-e41f-4dc4-a764-c864ffc2bb02","flight_management"
"f6b0021b-6913-41b3-aa8f-d5217ac0e4fe","TURN","","SKYWAVE_PHASE_4_5","-5.0","11:19:08","5645a4ee-98a2-4b08-ad95-945bfb128c3a","","","MessagingEndUser","0PAg8000000ZqYPGA0","-5.0","11:19:05","008e37ed-26e0-4722-a43c-9b5c5b26468f","c647135d-e483-4496-ae0a-e8f3635e536b","flight_management"
"f6b0021b-6913-41b3-aa8f-d5217ac0e4fe","SESSION_END","","SKYWAVE_PHASE_4_5","-5.0","11:19:08","1c9f35a6-3d63-4170-ac1a-37f82f81bb69","","","","","-5.0","11:19:08","fe0dd13a-1130-401a-a09e-9401dba26ccd","cbc607ca-a9e0-434e-a143-51a8664a1244","NOT_SET"
"a6b4541a-2de5-4311-aa6a-a1734b0fb27f","TURN","","SKYWAVE_PHASE_4_5","-2.0","11:54:04","6e75b663-2632-4d87-a19b-829ffc329bae","","","MessagingEndUser","0PAg8000000Zqa1GAC","-2.0","11:54:00","d6af5587-1a63-4138-a3f0-34afe5825626","4a32ea18-0c16-42a3-a88d-4f2a01aff59c","off_topic"
"a6b4541a-2de5-4311-aa6a-a1734b0fb27f","TURN","","SKYWAVE_PHASE_4_5","-2.0","11:57:40","9075c635-d6d3-4dd4-a7a1-675a6bb274a6","","","MessagingEndUser","0PAg8000000Zqa1GAC","-2.0","11:57:37","bfccc13f-ab77-4371-ad79-2939cd013c33","69b0b6c6-6f67-4bb0-ac91-0a8acc5bfe33","off_topic"
"a6b4541a-2de5-4311-aa6a-a1734b0fb27f","SESSION_END","","SKYWAVE_PHASE_4_5","-2.0","11:57:40","bb0cc31f-c672-4d36-aa0d-556f7a2b2e82","","","","","-2.0","11:57:40","e2c822a2-3911-4377-a5c8-9a89fe8f138b","e475695e-217d-48ca-aed4-bb5a3308acaf","NOT_SET"
"16cce24b-d2b4-4e40-a007-c9e280109e0c","TURN","","SKYWAVE_PHASE_4_5","-2.0","14:48:03","b0d1c698-c5b9-4921-a79a-a69f0e077764","","","MessagingEndUser","0PAg8000000Zr1RGAS","-2.0","14:48:00","ce1521ef-665c-43b0-a5ee-370df7818c04","7406a3e5-c8d5-4a06-a00c-adace7537238","case_management"
"16cce24b-d2b4-4e40-a007-c9e280109e0c","TURN","","SKYWAVE_PHASE_4_5","-2.0","14:49:12","c0aa55f7-0c72-4504-a211-e1972550a362","","","MessagingEndUser","0PAg8000000Zr1RGAS","-2.0","14:49:09","2172a040-33f3-47f1-a2ac-a7eeab411d0e","121fdb1a-9063-4c35-a93c-0475d38fcf2d","case_management"
"16cce24b-d2b4-4e40-a007-c9e280109e0c","TURN","","SKYWAVE_PHASE_4_5","-2.0","14:50:27","919080aa-9bd5-4fe1-afdf-9aabcbd45a3a","","","MessagingEndUser","0PAg8000000Zr1RGAS","-2.0","14:50:23","067f6b35-8a73-4e94-ac6f-5465bb3aab4d","815a87fe-8d8b-4ec0-a9cd-1b8d61580138","flight_management"
"16cce24b-d2b4-4e40-a007-c9e280109e0c","TURN","","SKYWAVE_PHASE_4_5","-2.0","14:53:14","61023e00-b41f-4000-aa49-08a4cb6834db","","","MessagingEndUser","0PAg8000000Zr1RGAS","-2.0","14:53:12","d786ce92-6fdc-4633-a79d-57a4e5b65711","fa8cbce9-c2ef-4151-a8ea-13e775ec04ed","flight_management"
"16cce24b-d2b4-4e40-a007-c9e280109e0c","SESSION_END","","SKYWAVE_PHASE_4_5","-2.0","14:53:14","1e0b7ede-5d95-4ea9-a80c-2c57fb4105d4","","","","","-2.0","14:53:14","2bda5fe2-11ef-4698-aed2-ab0090f21fde","6f60bedc-d649-418d-a0d0-ef9e1ca03bed","NOT_SET"
"71a998a2-e14c-45ad-a12e-b457d7efcff8","TURN","","SKYWAVE_PHASE_4_5","-3.0","10:48:04","6668eeef-e955-4b48-a2cc-5005ada3e60c","","","MessagingEndUser","0PAg8000000ZrCjGAK","-3.0","10:48:00","37a330a0-42d0-498c-aabf-b1ddfee8b790","ef9b95d0-9e63-4b65-a5e1-91b2f3aedfbb","off_topic"
"71a998a2-e14c-45ad-a12e-b457d7efcff8","TURN","","SKYWAVE_PHASE_4_5","-3.0","10:52:27","aa29fded-7771-479b-aace-24c6002af8ee","","","MessagingEndUser","0PAg8000000ZrCjGAK","-3.0","10:52:25","73fe594f-c879-442b-a8f1-b95138cb1c1c","540e6251-cf7a-4fdc-a636-70fc3c4c0af6","off_topic"
"71a998a2-e14c-45ad-a12e-b457d7efcff8","SESSION_END","","SKYWAVE_PHASE_4_5","-3.0","10:52:27","209ae5bf-ae40-448b-a44a-614e1adde711","","","","","-3.0","10:52:27","b0f85da3-ea24-4375-a21b-1b488354d8ec","2c4b1325-7005-4215-a533-03471e0bb4b6","NOT_SET"
"0baea545-b2dc-460f-aa08-7b5eb3dd7a1b","TURN","","SKYWAVE_PHASE_4_5","-10.0","16:55:02","aaaf0145-64a0-4e78-a258-9a6a2e261c1e","","","MessagingEndUser","0PAg8000000ZMaLGAW","-10.0","16:55:00","9ef8d9b1-dfd7-46d6-a149-80b68d161913","e1c08ca4-cba9-4560-aa99-243164a5c320","flight_management"
"0baea545-b2dc-460f-aa08-7b5eb3dd7a1b","TURN","","SKYWAVE_PHASE_4_5","-10.0","16:55:47","f077401f-d964-4704-ab5f-94906c549265","","","MessagingEndUser","0PAg8000000ZMaLGAW","-10.0","16:55:44","9e8d7995-832c-4e88-ae47-f664d997c227","576bd4bc-6d3c-4849-a13a-eee550f9f29b","flight_management"
"0baea545-b2dc-460f-aa08-7b5eb3dd7a1b","SESSION_END","","SKYWAVE_PHASE_4_5","-10.0","16:55:47","1f32fd61-8673-4cf8-ac64-7a3025705b4b","","","","","-10.0","16:55:47","e487a339-9da7-49e3-a39d-2cc1025a2de2","2e712e59-9e07-496f-a2e4-59fb63efbe81","NOT_SET"
"fd1e575e-35d2-4b05-a655-9c10eca5507d","TURN","","SKYWAVE_PHASE_4_5","-10.0","16:09:02","6f8b04e2-20ac-4560-ab40-a579ce23cf4e","","","MessagingEndUser","0PAg8000000ZOM1GAO","-10.0","16:09:00","9d8e12b3-8417-401f-a730-e28f11b9b1f6","60e26d36-83c9-4192-afe8-1bddb843b263","off_topic"
"fd1e575e-35d2-4b05-a655-9c10eca5507d","TURN","","SKYWAVE_PHASE_4_5","-10.0","16:09:38","388e849f-282b-4c87-ab37-d3e5c2f10e7a","","","MessagingEndUser","0PAg8000000ZOM1GAO","-10.0","16:09:36","3a32dbbe-7e91-4dde-a0b7-2b01bc92433c","5ea9cdcf-ff68-4d73-a4d7-69a92297f2bd","off_topic"
"fd1e575e-35d2-4b05-a655-9c10eca5507d","TURN","","SKYWAVE_PHASE_4_5","-10.0","16:14:08","94f4cf80-b100-4a0d-a202-9f1d9a97b95e","","","MessagingEndUser","0PAg8000000ZOM1GAO","-10.0","16:14:05","7722702b-8660-4c2a-aef9-3659d806bdc2","46bc5d1a-aeca-40e6-a1ea-1922ecc47878","mileage_account"
"fd1e575e-35d2-4b05-a655-9c10eca5507d","TURN","","SKYWAVE_PHASE_4_5","-10.0","16:14:32","b675d2bc-a991-408e-a020-f86a86fef5bc","","","MessagingEndUser","0PAg8000000ZOM1GAO","-10.0","16:14:30","b1b7cc8d-0125-4f01-a1d2-1e48a11f5289","1b6cc837-863f-495c-a638-71b6a5210151","mileage_account"
"fd1e575e-35d2-4b05-a655-9c10eca5507d","SESSION_END","","SKYWAVE_PHASE_4_5","-10.0","16:14:32","a9bae4d0-863a-45d3-a951-026870cf3e84","","","","","-10.0","16:14:32","2264911d-06ce-4845-af2c-1505a00aa374","43562884-e0ba-4e7e-ac41-391bcd70df9a","NOT_SET"
"74a2c710-3ab0-447f-a8b2-b6072dd759b2","TURN","","SKYWAVE_PHASE_4_5","-12.0","18:21:03","b2f69432-3d73-4114-a0bf-1022cefa057c","","","MessagingEndUser","0PAg8000000ZOgzGAG","-12.0","18:21:00","d9109433-ad64-41c2-ae59-1130b37ff9fb","12511531-848e-4806-a218-4c5e7a5fd898","flight_management"
"74a2c710-3ab0-447f-a8b2-b6072dd759b2","TURN","","SKYWAVE_PHASE_4_5","-12.0","18:22:15","dd2ec8a7-a678-4b18-a868-be04824bfdf9","","","MessagingEndUser","0PAg8000000ZOgzGAG","-12.0","18:22:11","f8f70d46-deab-48d1-ae80-38f19f84d405","8743a677-c5c7-469a-ab91-3cc73e7ab126","flight_management"
"74a2c710-3ab0-447f-a8b2-b6072dd759b2","TURN","","SKYWAVE_PHASE_4_5","-12.0","18:22:47","1b45bf81-a194-4795-a656-680d6e08d09c","","","MessagingEndUser","0PAg8000000ZOgzGAG","-12.0","18:22:43","36ce4098-fe63-4886-a401-1b7366681a69","4e962351-fdde-4771-ab51-b9179edfe454","flight_management"
"74a2c710-3ab0-447f-a8b2-b6072dd759b2","TURN","","SKYWAVE_PHASE_4_5","-12.0","18:23:47","0108459c-b866-4151-aa52-ca398635c6f2","","","MessagingEndUser","0PAg8000000ZOgzGAG","-12.0","18:23:44","6fa29a65-8d5d-4519-a04d-a863479eb783","0cfe13f0-5840-44f4-a544-9405c3a2bbea","flight_management"
"74a2c710-3ab0-447f-a8b2-b6072dd759b2","SESSION_END","","SKYWAVE_PHASE_4_5","-12.0","18:23:47","d3c73804-b3c1-41fd-afb7-e8795fb162e1","","","","","-12.0","18:23:47","1248ca00-9dba-486c-a773-8d870fcb3909","5795c38f-02e8-447e-a953-d42ecfe4da49","NOT_SET"
"9dce345a-4d85-41ef-a29d-f6b83e38bc90","TURN","","SKYWAVE_PHASE_4_5","-1.0","16:09:02","1eb6b8f3-5c15-4ae3-a76e-2823e7b73d99","","","MessagingEndUser","0PAg8000000ZOibGAG","-1.0","16:09:00","9497059a-96c4-4214-a437-d2016ffcbbb1","466a0b12-8154-4084-a6aa-40730a0eb195","off_topic"
"9dce345a-4d85-41ef-a29d-f6b83e38bc90","TURN","","SKYWAVE_PHASE_4_5","-1.0","16:09:31","0362a637-8acb-4c54-ae87-01627ec0d4b2","","","MessagingEndUser","0PAg8000000ZOibGAG","-1.0","16:09:29","fd385dc8-4d37-455f-af74-8c30dc731abb","d2f9173b-14ae-45aa-a558-8542241f3ddf","off_topic"
"9dce345a-4d85-41ef-a29d-f6b83e38bc90","SESSION_END","","SKYWAVE_PHASE_4_5","-1.0","16:09:31","1878e43c-db9b-40fd-a947-b6839b31fc67","","","","","-1.0","16:09:31","a41c3089-064a-48c5-a97c-c73381a214bd","a295e50e-2c89-48da-a4a9-791ac3270e0c","NOT_SET"
"8aa6b65f-9560-4405-a4ea-480fd3b83864","TURN","","SKYWAVE_PHASE_4_5","-13.0","19:18:03","348582d3-8cf3-4053-a44a-3704617451b8","","","MessagingEndUser","0PAg8000000ZOvVGAW","-13.0","19:18:00","c7907051-9ec4-4984-a0cf-618e87e78a4c","83909186-36a7-442a-afbb-25ee751a68fe","off_topic"
"8aa6b65f-9560-4405-a4ea-480fd3b83864","TURN","","SKYWAVE_PHASE_4_5","-13.0","19:21:57","49a11879-d278-462a-a0d2-6aa31e32b35b","","","MessagingEndUser","0PAg8000000ZOvVGAW","-13.0","19:21:55","45488edb-f189-46be-a58e-517d183c9bb3","7edfef54-7921-4a4d-a547-d8dbfd0ee6cd","off_topic"
"8aa6b65f-9560-4405-a4ea-480fd3b83864","SESSION_END","","SKYWAVE_PHASE_4_5","-13.0","19:21:57","e519f255-edf3-4f91-a11c-bcb98b020366","","","","","-13.0","19:21:57","fa6f734b-786e-4653-a7a7-4f61eec5462d","27d308ea-bdf1-4eb5-ad10-69c6bace3431","NOT_SET"
"9564a0f8-7090-40b7-a251-2b6e1bb76d72","TURN","","SKYWAVE_PHASE_4_5","-1.0","16:01:02","911b76fd-b86a-4376-a028-0c2528549632","","","MessagingEndUser","0PAg8000000ZP6nGAG","-1.0","16:01:00","18adae6c-fc5d-44ea-a7a0-ac97b76f1be9","a259f9d8-1d33-4d8b-a0ab-2f7a5132730d","mileage_account"
"9564a0f8-7090-40b7-a251-2b6e1bb76d72","TURN","","SKYWAVE_PHASE_4_5","-1.0","16:03:15","bee77148-14ae-4948-a129-81f37b634218","","","MessagingEndUser","0PAg8000000ZP6nGAG","-1.0","16:03:11","3fe89205-c7f5-4651-ab33-bbb3f46ffa1c","f8e5c550-42ab-4804-af4f-69abd6b930c2","mileage_account"
"9564a0f8-7090-40b7-a251-2b6e1bb76d72","TURN","","SKYWAVE_PHASE_4_5","-1.0","16:05:05","04fb4edf-e67f-409c-adf7-b02a5c32ff7c","","","MessagingEndUser","0PAg8000000ZP6nGAG","-1.0","16:05:03","afafd836-3b1a-40ea-ae1f-dc4d364f3c40","a72863b6-51d7-4417-a921-7e94de84fa84","case_management"
"9564a0f8-7090-40b7-a251-2b6e1bb76d72","TURN","","SKYWAVE_PHASE_4_5","-1.0","16:06:20","f96525b4-5bf8-4dc2-ae4c-a6aeba27cc70","","","MessagingEndUser","0PAg8000000ZP6nGAG","-1.0","16:06:16","e50ed8eb-9bfe-4832-ae03-124a3070b44d","21d959ce-df2c-4037-ab2b-47f9698a203c","case_management"
"9564a0f8-7090-40b7-a251-2b6e1bb76d72","SESSION_END","","SKYWAVE_PHASE_4_5","-1.0","16:06:20","ff5f3f31-eea3-4d91-a9b2-f9abdc028168","","","","","-1.0","16:06:20","8223ebdb-e966-426d-a549-e869a31feba4","64c143d9-a57b-4fa4-ac86-bf8bfe8d8b43","NOT_SET"
"7e0e05c6-98f0-4732-a25b-ceb4d3c0ae6d","TURN","","SKYWAVE_PHASE_4_5","-9.0","18:51:02","0f02cdb0-5928-40fa-a747-edf3c3887ff5","","","MessagingEndUser","0PAg8000000ZP8PGAW","-9.0","18:51:00","74ec982c-d0d6-4deb-addc-3927a8abab6a","8e07de12-bae5-495a-a751-1896178488a1","name_change"
"7e0e05c6-98f0-4732-a25b-ceb4d3c0ae6d","TURN","","SKYWAVE_PHASE_4_5","-9.0","18:51:33","946651dd-3372-4443-aa22-2125f02833e1","","","MessagingEndUser","0PAg8000000ZP8PGAW","-9.0","18:51:30","01884c38-40a1-45e8-a6c2-7de9f00e4b73","4d2155be-b2c4-4581-a8f9-a6a995ecbeb0","name_change"
"7e0e05c6-98f0-4732-a25b-ceb4d3c0ae6d","TURN","","SKYWAVE_PHASE_4_5","-9.0","18:52:27","483ca3e9-d895-4594-aaf9-db2eb1c0b4ef","","","MessagingEndUser","0PAg8000000ZP8PGAW","-9.0","18:52:25","a4719b01-d828-4118-af57-23d7a717aaf8","e8d2772e-875c-4dda-a27a-6acc0c381b80","flight_management"
"7e0e05c6-98f0-4732-a25b-ceb4d3c0ae6d","TURN","","SKYWAVE_PHASE_4_5","-9.0","18:52:52","e6bc0006-4994-47e8-a89a-9bd2d26ee0ca","","","MessagingEndUser","0PAg8000000ZP8PGAW","-9.0","18:52:48","6446a735-3cc6-45f4-a3b5-9e56c1e7fbb0","15c9636f-93fd-46ee-ab15-0eb13dd69a43","flight_management"
"7e0e05c6-98f0-4732-a25b-ceb4d3c0ae6d","SESSION_END","","SKYWAVE_PHASE_4_5","-9.0","18:52:52","1cca5938-e2db-4c26-aeec-d6cd88f28843","","","","","-9.0","18:52:52","964869f8-5e32-410d-a7ec-5e50f3fe51dd","3e0ccadb-f8b2-44f8-a923-5c70cb546fbe","NOT_SET"
"6d3ba60d-dcd1-4d4f-a2c8-b8325a420e1f","TURN","","SKYWAVE_PHASE_4_5","-2.0","12:19:04","0a7cd7e2-710d-4b90-a7ae-cd094bae87b1","","","MessagingEndUser","0PAg8000000ZPd3GAG","-2.0","12:19:00","bc6d8ccd-e7ea-4ae4-ad4e-5cbf20fce96c","59230c2d-2976-458a-a4df-421df002876c","flight_management"
"6d3ba60d-dcd1-4d4f-a2c8-b8325a420e1f","TURN","","SKYWAVE_PHASE_4_5","-2.0","12:19:46","39617c11-194d-4be6-abea-d765e13d11c4","","","MessagingEndUser","0PAg8000000ZPd3GAG","-2.0","12:19:43","b76e4950-982a-462b-a95e-66d3e3e33afe","1cb1307b-949c-4f8f-a308-27cd37a19bd7","flight_management"
"6d3ba60d-dcd1-4d4f-a2c8-b8325a420e1f","TURN","","SKYWAVE_PHASE_4_5","-2.0","12:21:58","54ced2ad-714a-4583-a2ab-5d54d5f53dcf","","","MessagingEndUser","0PAg8000000ZPd3GAG","-2.0","12:21:54","b5f6de1d-15b4-4d1e-a4e5-d87c0d9569fc","ea575ba2-3782-4dc7-a984-51a478cf25ba","flight_management"
"6d3ba60d-dcd1-4d4f-a2c8-b8325a420e1f","TURN","","SKYWAVE_PHASE_4_5","-2.0","12:22:43","12f08eb8-af24-491b-aafb-6bec1aa56abb","","","MessagingEndUser","0PAg8000000ZPd3GAG","-2.0","12:22:39","f757c8b4-eea7-4cac-a662-6c4ff0896bdd","927a58c3-c690-4961-aa09-8c1f3c6653bc","flight_management"
"6d3ba60d-dcd1-4d4f-a2c8-b8325a420e1f","SESSION_END","","SKYWAVE_PHASE_4_5","-2.0","12:22:43","dd4bd9fc-0995-46ba-a4d9-4fb05d670948","","","","","-2.0","12:22:43","fa51f19e-c200-4ab9-a919-def6d0830dce","8c15c489-a4f7-4744-a085-96309e12bfce","NOT_SET"
"42c1b1c7-40b5-48fc-aa2c-b8af97c32f15","TURN","","SKYWAVE_PHASE_4_5","-1.0","17:48:04","c938859e-0e6f-4cdd-ae64-f9fc49033305","","","MessagingEndUser","0PAg8000000ZPtBGAW","-1.0","17:48:00","27bba823-48f2-4e73-ad59-070d45b36495","2795eb6c-3946-43f0-a5be-ad69083e5c7c","flight_management"
"42c1b1c7-40b5-48fc-aa2c-b8af97c32f15","TURN","","SKYWAVE_PHASE_4_5","-1.0","17:49:06","f1749896-1b08-4269-aa2d-025305acde2e","","","MessagingEndUser","0PAg8000000ZPtBGAW","-1.0","17:49:02","0ef9e99e-cf27-475b-a004-0520f52ccbac","df0bc758-e480-4491-aab0-b0b353eefa7d","flight_management"
"42c1b1c7-40b5-48fc-aa2c-b8af97c32f15","SESSION_END","","SKYWAVE_PHASE_4_5","-1.0","17:49:06","0d9e8cc0-511d-412d-aeb3-c55d34f782ba","","","","","-1.0","17:49:06","452cc758-cbf0-4e56-a01e-91f3963e9d82","22eafdc3-9566-40fc-a764-d855adb9a766","NOT_SET"
"a2ffa8cf-179e-43bd-aa79-46141990e949","TURN","","SKYWAVE_PHASE_4_5","-8.0","13:02:02","e4576abb-06e8-4c47-ae2e-e9904f94e812","","","MessagingEndUser","0PAg8000000ZRgTGAW","-8.0","13:02:00","3a3575f1-49e1-44a1-a785-753b8c2d6fdb","dc87b4c7-ac2e-45ef-a59e-cc5b7800deaf","flight_management"
"a2ffa8cf-179e-43bd-aa79-46141990e949","TURN","","SKYWAVE_PHASE_4_5","-8.0","13:02:43","19d10227-2045-487b-a8f4-db1d7c8ff396","","","MessagingEndUser","0PAg8000000ZRgTGAW","-8.0","13:02:41","88ae5ac7-c389-4b07-a723-2cbe7b36075b","377b9de9-02db-410e-a021-ee2ca0872af5","flight_management"
"a2ffa8cf-179e-43bd-aa79-46141990e949","SESSION_END","","SKYWAVE_PHASE_4_5","-8.0","13:02:43","e5cb0fc8-ee62-4883-abaf-ef87688157af","","","","","-8.0","13:02:43","b7026623-5f0b-4de7-a9aa-f3c7ab67bde8","914344e7-f0e3-4738-ae46-66e3d3d6b339","NOT_SET"
"3dfbe3e6-fba8-4f49-a81c-7523ecad0a47","TURN","","SKYWAVE_PHASE_4_5","-8.0","17:37:03","b3c5ef29-b6ae-4f8f-ac51-c3d5d616d300","","","MessagingEndUser","0PAg8000000ZSRFGA4","-8.0","17:37:00","8a5952d1-911a-4055-ad74-6880ffc546c4","86341631-d0fd-4b85-a09f-29127608cf5b","name_change"
"3dfbe3e6-fba8-4f49-a81c-7523ecad0a47","TURN","","SKYWAVE_PHASE_4_5","-8.0","17:41:32","271a2ce9-a50f-4eae-a6e0-82deef4569bd","","","MessagingEndUser","0PAg8000000ZSRFGA4","-8.0","17:41:30","9f1032a6-ee96-44c9-a896-53b0d54328d7","cb0f5077-10aa-40c3-ae9d-61dc01ac6766","name_change"
"3dfbe3e6-fba8-4f49-a81c-7523ecad0a47","SESSION_END","","SKYWAVE_PHASE_4_5","-8.0","17:41:32","89339a77-cced-4206-a69e-4c7b7f2e9655","","","","","-8.0","17:41:32","736bdde0-780b-440c-aa51-1270fa121a81","01bc9f72-bd55-4c4a-abe4-b6da6848ca57","NOT_SET"
"d296eb06-56ac-4e77-ace6-87ecf8bbc226","TURN","","SKYWAVE_PHASE_4_5","-7.0","17:10:04","e49f267a-0d67-4d06-ae9c-c1e4de7074ec","","","MessagingEndUser","0PAg8000000ZSXhGAO","-7.0","17:10:00","987ba940-483b-4819-a034-945af89280c0","3c7ba34a-fa3f-4a7d-a2a6-88742c43955d","flight_management"
"d296eb06-56ac-4e77-ace6-87ecf8bbc226","TURN","","SKYWAVE_PHASE_4_5","-7.0","17:12:50","66e88d95-cd3b-4268-a7f9-6603f4ec94f9","","","MessagingEndUser","0PAg8000000ZSXhGAO","-7.0","17:12:46","069fc829-ce6f-45b4-a58a-f2f22fc23276","925af534-9952-4f5e-a232-ea1baf4d530c","flight_management"
"d296eb06-56ac-4e77-ace6-87ecf8bbc226","TURN","","SKYWAVE_PHASE_4_5","-7.0","17:13:54","7bcd64c9-74be-4e4a-a50a-72978c38a51c","","","MessagingEndUser","0PAg8000000ZSXhGAO","-7.0","17:13:52","0238909a-43e2-449f-a4eb-20d5ce5d97b9","c27ca685-01e6-4b3c-ad75-de12e2673124","mileage_account"
"d296eb06-56ac-4e77-ace6-87ecf8bbc226","TURN","","SKYWAVE_PHASE_4_5","-7.0","17:15:08","ff3715be-c9f3-45e3-aeda-e03a2af6febb","","","MessagingEndUser","0PAg8000000ZSXhGAO","-7.0","17:15:06","2c73dfab-9d06-420f-a850-4cc8f1c09e17","84caa33b-cf05-440c-a7a1-3f6026479b13","mileage_account"
"d296eb06-56ac-4e77-ace6-87ecf8bbc226","TURN","","SKYWAVE_PHASE_4_5","-7.0","17:15:44","2184d19e-2085-4aa8-a41e-bcfbf1626f02","","","MessagingEndUser","0PAg8000000ZSXhGAO","-7.0","17:15:42","c1082441-69dc-44f5-ac5e-8de63c4003be","426e8939-3b93-4421-aded-3d0703f5ce9b","mileage_account"
"d296eb06-56ac-4e77-ace6-87ecf8bbc226","TURN","","SKYWAVE_PHASE_4_5","-7.0","17:16:37","38af1c17-0855-469b-a4bb-7f74a7246bb4","","","MessagingEndUser","0PAg8000000ZSXhGAO","-7.0","17:16:34","49cb8705-38a4-423f-aa8d-67037c692b71","ee0b64cb-da52-48e7-a450-f58e71e5d207","mileage_account"
"d296eb06-56ac-4e77-ace6-87ecf8bbc226","SESSION_END","","SKYWAVE_PHASE_4_5","-7.0","17:16:37","5996d8bd-53b8-4cd2-af77-8fbddb4c8c4b","","","","","-7.0","17:16:37","1c22d570-38a2-477d-a1b6-882d066416bd","9f9e22da-12e1-4d72-a252-f8b0977c373d","NOT_SET"
"73986325-4d73-4df2-a23f-4b418945029a","TURN","","SKYWAVE_PHASE_4_5","-12.0","13:32:02","5ca19326-932e-40b4-ab3b-bc6274b45c69","","","MessagingEndUser","0PAg8000000ZTNJGA4","-12.0","13:32:00","2bcf2806-ca79-43f1-a1b0-09a2211ec5c8","cf81ba55-c13e-4f83-abff-08f32e035349","case_management"
"73986325-4d73-4df2-a23f-4b418945029a","TURN","","SKYWAVE_PHASE_4_5","-12.0","13:32:46","ba6dcaba-8477-493c-ae92-c0539df1f0a5","","","MessagingEndUser","0PAg8000000ZTNJGA4","-12.0","13:32:44","f4ee5e5e-05ef-4b78-ab9f-c26625f5ada0","af5f50f8-37a6-4731-aa50-28d237801c49","case_management"
"73986325-4d73-4df2-a23f-4b418945029a","SESSION_END","","SKYWAVE_PHASE_4_5","-12.0","13:32:46","0f9e53ac-4530-4cae-a8f2-34ff6b0a82e0","","","","","-12.0","13:32:46","9d85d972-9b03-44bb-a91b-d75616fef624","060e7a0f-023c-415e-aa1d-a2c63ec5daa7","NOT_SET"
"28738406-d9ec-4c67-ac6e-13df75fa62b4","TURN","","SKYWAVE_PHASE_4_5","-4.0","09:02:02","9de53a7a-926e-4c15-a1ea-062fa1ac45c8","","","MessagingEndUser","0PAg8000000ZUsrGAG","-4.0","09:02:00","4f4f00a1-29a4-4324-a2d0-447400d0574b","26599676-f42c-4199-a043-a61b544a1b17","flight_management"
"28738406-d9ec-4c67-ac6e-13df75fa62b4","TURN","","SKYWAVE_PHASE_4_5","-4.0","09:06:22","b50ff7b7-5445-4af8-a36d-3e24d94b7eba","","","MessagingEndUser","0PAg8000000ZUsrGAG","-4.0","09:06:19","67c80403-f3a9-4d06-af39-1149331e5952","4e249fbf-70a2-4388-a7a5-fd33be03ca60","flight_management"
"28738406-d9ec-4c67-ac6e-13df75fa62b4","TURN","","SKYWAVE_PHASE_4_5","-4.0","09:08:04","623c6e7b-c68b-4074-a791-f999cadb80bf","","","MessagingEndUser","0PAg8000000ZUsrGAG","-4.0","09:08:00","95beff06-b41d-4594-a058-f3e201608e43","b984a67c-83f9-414d-a560-513fb33560bd","off_topic"
"28738406-d9ec-4c67-ac6e-13df75fa62b4","TURN","","SKYWAVE_PHASE_4_5","-4.0","09:11:37","96736b43-d2ed-4231-ad08-744a66aac080","","","MessagingEndUser","0PAg8000000ZUsrGAG","-4.0","09:11:35","ca0deb4c-5898-4d61-ae9a-220a1415eb74","f33e0dad-818e-44a9-aa3d-262708e5028a","off_topic"
"28738406-d9ec-4c67-ac6e-13df75fa62b4","TURN","","SKYWAVE_PHASE_4_5","-4.0","09:14:43","94f518c1-5c39-4eb8-a61a-75a83cf00d42","","","MessagingEndUser","0PAg8000000ZUsrGAG","-4.0","09:14:40","0d5624b7-2d99-4b35-a366-b370ce896457","562c8aa3-0a69-402d-aa43-eb5c72d7380d","flight_management"
"28738406-d9ec-4c67-ac6e-13df75fa62b4","TURN","","SKYWAVE_PHASE_4_5","-4.0","09:16:40","495e35da-dfc8-4e60-a565-7a186573b057","","","MessagingEndUser","0PAg8000000ZUsrGAG","-4.0","09:16:36","e5bc8570-1db1-44c5-a5ec-da9fb603700f","7dc1f05c-3d90-42ba-a2c2-330e29ab0b57","flight_management"
"28738406-d9ec-4c67-ac6e-13df75fa62b4","SESSION_END","","SKYWAVE_PHASE_4_5","-4.0","09:16:40","27b96082-e0ce-49bc-a33f-85a2aed63f0b","","","","","-4.0","09:16:40","05e17576-50f0-44d7-aa98-ca1a5c64264a","1b3778f5-4d03-40fa-a82f-f0b29f0020c6","NOT_SET"
"e6c958d8-6db4-4e7e-a92f-663813376e91","TURN","","SKYWAVE_PHASE_4_5","-6.0","16:55:03","cd0ff80f-1ed9-4901-a572-21fe3375d6d0","","","MessagingEndUser","0PAg8000000ZVDpGAO","-6.0","16:55:00","004d6f79-44ab-4585-abd6-88cd04e3ce72","babcd2a5-0f67-471c-a901-3ea92ba2296d","off_topic"
"e6c958d8-6db4-4e7e-a92f-663813376e91","TURN","","SKYWAVE_PHASE_4_5","-6.0","16:55:42","cda4be92-ab8c-4123-a3c6-53351e9f09e6","","","MessagingEndUser","0PAg8000000ZVDpGAO","-6.0","16:55:40","fa585fcd-38c8-4163-a11e-fa99b90da23d","0d1c03aa-e561-4b11-a84b-711b53d816ee","off_topic"
"e6c958d8-6db4-4e7e-a92f-663813376e91","TURN","","SKYWAVE_PHASE_4_5","-6.0","16:57:40","adf6a619-a46e-4b16-a717-cb9477629417","","","MessagingEndUser","0PAg8000000ZVDpGAO","-6.0","16:57:38","2b2bc9bc-a72c-499f-ad9e-15477630e3e8","783f330f-8d65-4b45-a8fa-16c2cba6bc99","flight_management"
"e6c958d8-6db4-4e7e-a92f-663813376e91","TURN","","SKYWAVE_PHASE_4_5","-6.0","16:58:19","f7f77fab-257b-46c9-ae43-8bc489861874","","","MessagingEndUser","0PAg8000000ZVDpGAO","-6.0","16:58:16","80b04d4d-1fd0-46c2-a851-5f0b57101dc3","4bf40445-6e28-4cb6-adfb-0c48433cc615","flight_management"
"e6c958d8-6db4-4e7e-a92f-663813376e91","SESSION_END","","SKYWAVE_PHASE_4_5","-6.0","16:58:19","36b47b6f-f47e-4e2b-a76e-7febb1f23ef2","","","","","-6.0","16:58:19","084b1a66-e3af-43a7-a733-8f5c29ab79bc","1697db61-eff1-4e49-ac14-88f6af9cea01","NOT_SET"
"ab8b2235-96e7-4738-a629-22efa69c9817","TURN","","SKYWAVE_PHASE_4_5","-8.0","13:23:04","2ffe3de7-1139-4f29-ac3b-7066081ef0e2","","","MessagingEndUser","0PAg8000000ZfMrGAK","-8.0","13:23:00","b0844b70-3a5c-4810-adf7-5104b5d9baf3","ec4d1094-8b16-4ad0-a687-dea691edbd09","case_management"
"ab8b2235-96e7-4738-a629-22efa69c9817","TURN","","SKYWAVE_PHASE_4_5","-8.0","13:25:05","ddcdeb1e-9dfd-4fc5-a206-88fd4a30768b","","","MessagingEndUser","0PAg8000000ZfMrGAK","-8.0","13:25:01","cf85432b-178a-4992-af99-e93f95da854b","70ef1c0f-98e3-466e-abb9-0c696d5e89f3","case_management"
"ab8b2235-96e7-4738-a629-22efa69c9817","SESSION_END","","SKYWAVE_PHASE_4_5","-8.0","13:25:05","be65f3f2-70bb-4c56-ac47-bdfee39e6a01","","","","","-8.0","13:25:05","98cb7afe-147d-4e5f-a091-9c2d5d559c83","8d98823c-df91-44bb-ab17-9f6f8ad777d1","NOT_SET"
"de407bb5-e33d-49d4-a336-6d05c16f6ece","TURN","","SKYWAVE_PHASE_4_5","-5.0","12:42:04","236550cf-efd3-471e-a750-d72198614d53","","","MessagingEndUser","0PAg8000000Zim9GAC","-5.0","12:42:00","f36ceb20-e978-4d06-a680-2f679c3a725c","7c8cb27b-c1ed-49a4-ab58-7609b5390aaf","flight_management"
"de407bb5-e33d-49d4-a336-6d05c16f6ece","TURN","","SKYWAVE_PHASE_4_5","-5.0","12:44:11","133d51ce-fded-465a-ab5a-19d6bf87e762","","","MessagingEndUser","0PAg8000000Zim9GAC","-5.0","12:44:09","816f3727-d28a-4fc3-a7fc-833010670837","42a13824-75b0-4719-ab3c-5a1af0a1a11a","flight_management"
"de407bb5-e33d-49d4-a336-6d05c16f6ece","TURN","","SKYWAVE_PHASE_4_5","-5.0","12:44:51","3785c6c2-26f4-4e22-ab66-8c84883f81d1","","","MessagingEndUser","0PAg8000000Zim9GAC","-5.0","12:44:49","297f53a9-c374-4fa4-a453-2b046b81b40c","9b8e3621-2939-43d4-a021-ab8f6a40ae85","off_topic"
"de407bb5-e33d-49d4-a336-6d05c16f6ece","TURN","","SKYWAVE_PHASE_4_5","-5.0","12:45:57","9ff128c0-f8c6-4abd-a8dc-cd45a79567e3","","","MessagingEndUser","0PAg8000000Zim9GAC","-5.0","12:45:53","6206f528-106f-4e9d-a29e-6d3001635658","a42062a0-b1dd-4b34-a70c-72bf7cf5fdc9","off_topic"
"de407bb5-e33d-49d4-a336-6d05c16f6ece","SESSION_END","","SKYWAVE_PHASE_4_5","-5.0","12:45:57","d400eae6-726d-416e-a3b8-03ec06947bc7","","","","","-5.0","12:45:57","7fc8f3e8-3ef2-40fc-afd0-4b5fe1e6569d","417ebf48-bd9c-4cb9-afa1-4a70b2bc897f","NOT_SET"
"293fc297-3bfa-4417-a530-3bd9b0934edd","TURN","","SKYWAVE_PHASE_4_5","-14.0","08:42:03","c3f38f21-cf3a-46df-acca-6ab741fba583","","","MessagingEndUser","0PAg8000000ZjblGAC","-14.0","08:42:00","987a8403-69ba-4283-a7d4-676b4df59171","9848390c-01b7-45bd-a4f5-51a6a07a443d","case_management"
"293fc297-3bfa-4417-a530-3bd9b0934edd","TURN","","SKYWAVE_PHASE_4_5","-14.0","08:42:23","f78ed1af-54c6-43bc-a551-9b144e77ac71","","","MessagingEndUser","0PAg8000000ZjblGAC","-14.0","08:42:20","3658a8d0-3075-4c3b-aba6-64a1e8a2907c","034872d5-7e87-4799-a4d1-fa026c79281c","case_management"
"293fc297-3bfa-4417-a530-3bd9b0934edd","SESSION_END","","SKYWAVE_PHASE_4_5","-14.0","08:42:23","e59d790e-8db7-452c-ac5f-56c149004846","","","","","-14.0","08:42:23","deabae4a-0f96-4c01-ab2f-86e0d69934bf","56d26b75-fb3f-46d6-a48a-135106162c20","NOT_SET"
"cbd4e804-7fdd-461b-a786-83c8d68467ae","TURN","","SKYWAVE_PHASE_4_5","-13.0","16:40:04","0d2084c7-a0a1-40e8-ab86-8eca95eb2b3e","","","MessagingEndUser","0PAg8000000Zl5hGAC","-13.0","16:40:00","267098a8-e89d-4fa7-a792-deac86c8f7c1","f138b187-955e-48f8-a17c-9a2cb2020df9","name_change"
"cbd4e804-7fdd-461b-a786-83c8d68467ae","TURN","","SKYWAVE_PHASE_4_5","-13.0","16:42:27","c1b2b8f4-c0ed-4285-a4ed-03f8790a47c1","","","MessagingEndUser","0PAg8000000Zl5hGAC","-13.0","16:42:23","d9f1f7a0-3d5e-49cb-acba-d2775cdae28f","0ed3b0ac-e8fa-4ce3-afdc-5e7a36202bdb","name_change"
"cbd4e804-7fdd-461b-a786-83c8d68467ae","SESSION_END","","SKYWAVE_PHASE_4_5","-13.0","16:42:27","848d8b44-0432-449a-ad6e-29646bf6b780","","","","","-13.0","16:42:27","8de48f9c-1f59-4b23-a266-7922344c542c","0177defa-2f4a-4431-a25d-ddab13dbc20a","NOT_SET"
"8bb69671-3e85-43c1-a954-a4505b13f073","TURN","","SKYWAVE_PHASE_4_5","-7.0","18:54:04","fae4fe93-6fed-4f18-a357-69a34bd5d175","","","MessagingEndUser","0PAg8000000ZlTtGAK","-7.0","18:54:00","8ca152a1-4535-4a40-a59d-bcb206dde58c","c6ec55b0-9c09-4355-a9a2-fc277d67aa45","flight_management"
"8bb69671-3e85-43c1-a954-a4505b13f073","TURN","","SKYWAVE_PHASE_4_5","-7.0","18:54:47","9493e3a8-25cb-49e8-a411-41f5631048ec","","","MessagingEndUser","0PAg8000000ZlTtGAK","-7.0","18:54:44","36ba0a2c-053a-4ea7-a2ea-7d1ba53026c3","afa92360-ef06-4835-a97d-86b33f181f5f","flight_management"
"8bb69671-3e85-43c1-a954-a4505b13f073","TURN","","SKYWAVE_PHASE_4_5","-7.0","18:58:45","25cf561f-f14c-4d61-a23d-15c687966cf7","","","MessagingEndUser","0PAg8000000ZlTtGAK","-7.0","18:58:41","c1ad4fef-7170-4b18-ae10-84adec93faf2","11440726-02a2-4560-a4e2-86b4b78c9f56","flight_management"
"8bb69671-3e85-43c1-a954-a4505b13f073","TURN","","SKYWAVE_PHASE_4_5","-7.0","18:59:27","64dafff9-d052-4ff7-a468-fde201f0a2cf","","","MessagingEndUser","0PAg8000000ZlTtGAK","-7.0","18:59:25","a9342c3b-9c96-4934-ae97-3633cb4b4b6a","7577fd80-156b-4b2d-afd7-cf57fa063105","flight_management"
"8bb69671-3e85-43c1-a954-a4505b13f073","SESSION_END","","SKYWAVE_PHASE_4_5","-7.0","18:59:27","48033669-82e5-4226-a49e-ba9380f9d321","","","","","-7.0","18:59:27","7295df8f-9979-446d-a5cb-8bcee76fe0e0","f8a707bd-ad7a-41fd-a4fa-c02aa4723a18","NOT_SET"
"28ca6435-65ad-4f7a-a1d8-9bc5573f16a0","TURN","","SKYWAVE_PHASE_4_5","-9.0","08:51:03","1ddaf3fd-d4bb-4804-a57f-c186b1ecb709","","","MessagingEndUser","0PAg8000000ZpBpGAK","-9.0","08:51:00","ee07cd82-df3f-4673-ab8a-b090d3deccf1","95d31ea9-808b-4d08-ac2d-68ab8134cfd3","mileage_account"
"28ca6435-65ad-4f7a-a1d8-9bc5573f16a0","TURN","","SKYWAVE_PHASE_4_5","-9.0","08:55:42","8d6eba87-f89f-4a81-add6-7b625f256ffa","","","MessagingEndUser","0PAg8000000ZpBpGAK","-9.0","08:55:38","98f6b8c8-5770-4884-a23f-c0c0851a982a","5d6a1352-9c2f-433b-a3a0-b9869ccc7d5e","mileage_account"
"28ca6435-65ad-4f7a-a1d8-9bc5573f16a0","TURN","","SKYWAVE_PHASE_4_5","-9.0","08:56:05","31bc57dc-fc03-409f-ab32-eeb1542e7189","","","MessagingEndUser","0PAg8000000ZpBpGAK","-9.0","08:56:01","8c16524d-10ba-46b3-a42b-4f4cd71995c9","2109b3b9-b8d4-4bc7-a5d5-cdbdc3e3b1f2","name_change"
"28ca6435-65ad-4f7a-a1d8-9bc5573f16a0","TURN","","SKYWAVE_PHASE_4_5","-9.0","08:57:19","31540c6b-e8b4-4713-a3f5-937c1100d54b","","","MessagingEndUser","0PAg8000000ZpBpGAK","-9.0","08:57:15","cbe084c3-c2f4-4513-aa03-d1a410ce2521","b81ae657-9dca-41f2-ad6e-4590a397dbae","name_change"
"28ca6435-65ad-4f7a-a1d8-9bc5573f16a0","SESSION_END","","SKYWAVE_PHASE_4_5","-9.0","08:57:19","f5dbe064-c228-4d5b-aee0-00271b0de6ee","","","","","-9.0","08:57:19","54a21f71-b030-4da7-acfe-e81681c89a10","af0f7705-1191-4808-a230-dcb0c041e2d9","NOT_SET"
"a40c8fdf-8bf0-47a4-ae49-a9d266ac7362","TURN","","SKYWAVE_PHASE_4_5","-14.0","12:50:04","b384f27e-c572-44d4-a04b-57902d681ddf","","","MessagingEndUser","0PAg8000000ZqYPGA0","-14.0","12:50:00","9c335298-1135-45ce-a9ed-c101d4435259","77d2e793-7c53-44f1-a032-8a80da613697","flight_management"
"a40c8fdf-8bf0-47a4-ae49-a9d266ac7362","TURN","","SKYWAVE_PHASE_4_5","-14.0","12:50:51","704132d2-f467-4a21-a947-d5754eb1e4a0","","","MessagingEndUser","0PAg8000000ZqYPGA0","-14.0","12:50:47","82a09b7a-780a-4d1f-a8f3-df390e16fe80","59d167a0-6b84-4ec9-ab58-17ff5e49bc4e","flight_management"
"a40c8fdf-8bf0-47a4-ae49-a9d266ac7362","SESSION_END","","SKYWAVE_PHASE_4_5","-14.0","12:50:51","0be712cf-0a18-4427-a552-a9d55a41d86b","","","","","-14.0","12:50:51","9e25ef42-98f2-4a3e-aea2-cda19d60575b","591d4e67-6a8c-4eac-a19f-d3710283e71d","NOT_SET"
"566e35bc-b781-432b-a362-adb983d35275","TURN","","SKYWAVE_PHASE_4_5","-12.0","13:18:02","257e6350-f6f1-44f9-a81b-986efdfe6186","","","MessagingEndUser","0PAg8000000Zqa1GAC","-12.0","13:18:00","98393bbd-8e86-4666-a53c-860e7d5144a3","a0c4a6cb-551b-46e2-a7e0-93064088385a","name_change"
"566e35bc-b781-432b-a362-adb983d35275","TURN","","SKYWAVE_PHASE_4_5","-12.0","13:18:50","3fc9e4de-3cd3-4b45-ab1c-c3bb7fcc06ec","","","MessagingEndUser","0PAg8000000Zqa1GAC","-12.0","13:18:46","3f4339e4-97d8-4764-ab88-6ae9dcb34db9","b9f3c39d-52fa-451a-a3f6-5076cb5c151e","name_change"
"566e35bc-b781-432b-a362-adb983d35275","TURN","","SKYWAVE_PHASE_4_5","-12.0","13:20:06","c3f759be-0280-4fba-a048-c3def95fc251","","","MessagingEndUser","0PAg8000000Zqa1GAC","-12.0","13:20:03","1c01adc0-f1df-48c6-a985-183652ddd07d","eac67ea4-e223-482b-ae8c-e00207668b71","flight_management"
"566e35bc-b781-432b-a362-adb983d35275","TURN","","SKYWAVE_PHASE_4_5","-12.0","13:22:48","bc26e486-17d4-4777-a035-1309031ae068","","","MessagingEndUser","0PAg8000000Zqa1GAC","-12.0","13:22:44","d550c61d-d8ad-4028-ab62-6ad17cad6b1e","63d57b2c-702d-4b2c-a197-be9251a89ccd","flight_management"
"566e35bc-b781-432b-a362-adb983d35275","SESSION_END","","SKYWAVE_PHASE_4_5","-12.0","13:22:48","8b72cc94-7ac5-4e84-aa6f-f9b2381318c2","","","","","-12.0","13:22:48","aa65bff5-896b-4fec-a212-d7296e7d1095","d2fb3149-28f1-46a2-aa0a-f4529d8a4f67","NOT_SET"
"c9de933d-ed30-46ed-aa36-e424d453b093","TURN","","SKYWAVE_PHASE_4_5","-1.0","18:22:02","6eaa66ed-7af4-4597-a181-16af1819a7ce","","","MessagingEndUser","0PAg8000000Zr1RGAS","-1.0","18:22:00","3924f099-efcd-4466-ab2f-b8a6a6c81e19","ff3db17b-2736-4169-a5cd-7c3b3f383c01","flight_management"
"c9de933d-ed30-46ed-aa36-e424d453b093","TURN","","SKYWAVE_PHASE_4_5","-1.0","18:26:11","6bacb187-eefc-4ad4-a13b-7d7aee008fe1","","","MessagingEndUser","0PAg8000000Zr1RGAS","-1.0","18:26:07","83c06ab3-cc09-44ed-ae8d-d5da833cefb2","f0eb5e35-6891-4313-aeb6-f1d113fa227a","flight_management"
"c9de933d-ed30-46ed-aa36-e424d453b093","TURN","","SKYWAVE_PHASE_4_5","-1.0","18:27:11","a47d345d-4e3c-4090-a095-af7177570756","","","MessagingEndUser","0PAg8000000Zr1RGAS","-1.0","18:27:07","59ba575e-fa9e-44c2-a25a-15378d806ad0","169aea1d-6acf-4c79-a2c0-8f63ed3b9afd","flight_management"
"c9de933d-ed30-46ed-aa36-e424d453b093","TURN","","SKYWAVE_PHASE_4_5","-1.0","18:27:41","a9fa2fed-8fb2-40d5-a6d3-abf77e39946c","","","MessagingEndUser","0PAg8000000Zr1RGAS","-1.0","18:27:37","6f0d0b9f-a253-47af-a4be-22ecf95fbb8c","d15aca8b-a517-45ce-aa27-bff2ebe8bfa3","flight_management"
"c9de933d-ed30-46ed-aa36-e424d453b093","TURN","","SKYWAVE_PHASE_4_5","-1.0","18:30:14","15605841-3dae-452e-a16c-389811709864","","","MessagingEndUser","0PAg8000000Zr1RGAS","-1.0","18:30:12","0885ce3b-b5a1-4358-a00c-a51e1db145bd","19b29266-26aa-4b6a-aee0-963efb63715e","flight_management"
"c9de933d-ed30-46ed-aa36-e424d453b093","TURN","","SKYWAVE_PHASE_4_5","-1.0","18:31:16","ff87697a-eac6-4123-a491-8448fe4afbfd","","","MessagingEndUser","0PAg8000000Zr1RGAS","-1.0","18:31:14","e88659a5-af39-4bdb-a1eb-f82b3d43020d","459e959e-b536-4789-a7d0-1d1174bd32b0","flight_management"
"c9de933d-ed30-46ed-aa36-e424d453b093","SESSION_END","","SKYWAVE_PHASE_4_5","-1.0","18:31:16","0dbd1fb1-8d3a-42d0-a3b9-982c1204bd67","","","","","-1.0","18:31:16","9d9e56c0-77e2-4ea6-ad65-1f200bc87ceb","39a51a86-3099-45f3-aa82-7e0feae5c2f7","NOT_SET"
"f387fbd4-6401-4ce5-aa4b-15c775e87c5a","TURN","","SKYWAVE_PHASE_4_5","-1.0","16:07:04","35aba1e8-c6c8-4992-a025-2449a2681a73","","","MessagingEndUser","0PAg8000000ZrCjGAK","-1.0","16:07:00","a2ea3e92-5e9c-44a0-a3cd-25a3908ad129","a91b5a51-baa3-40eb-a56f-cff3345fd9bc","case_management"
"f387fbd4-6401-4ce5-aa4b-15c775e87c5a","TURN","","SKYWAVE_PHASE_4_5","-1.0","16:07:24","92614c21-7342-47e5-ad40-ce245cc746bb","","","MessagingEndUser","0PAg8000000ZrCjGAK","-1.0","16:07:20","fc7ac7ce-eece-4cd0-a98e-01c58db3a839","cb70fe4f-189e-4efe-a9c9-d15e8ace486f","case_management"
"f387fbd4-6401-4ce5-aa4b-15c775e87c5a","SESSION_END","","SKYWAVE_PHASE_4_5","-1.0","16:07:24","956acdc3-99e3-45b9-a293-698963bfad55","","","","","-1.0","16:07:24","61b8c72d-cf69-47d7-af9b-7c2371420c63","b0432c66-60c6-438d-a3d8-c9bf65c9e704","NOT_SET"
"544d3f4f-2885-40ea-a023-fdf1fe09e42f","TURN","","SKYWAVE_PHASE_4_5","-13.0","14:25:03","cbe93813-9b62-4d19-afcf-bd5b351c0839","","","MessagingEndUser","0PAg8000000ZMaLGAW","-13.0","14:25:00","0c096534-e9ef-41d3-a758-8b1a3924ff58","6668a0ab-ba9b-452f-ace7-15407f5794ff","flight_management"
"544d3f4f-2885-40ea-a023-fdf1fe09e42f","TURN","","SKYWAVE_PHASE_4_5","-13.0","14:25:27","ae3feec1-bb6d-4d16-ad01-739b89035f4c","","","MessagingEndUser","0PAg8000000ZMaLGAW","-13.0","14:25:25","d6451cd5-e5d5-4da3-a9fb-db8b63a6b9c6","bc44116a-1586-4e3e-adfa-74e175259454","flight_management"
"544d3f4f-2885-40ea-a023-fdf1fe09e42f","TURN","","SKYWAVE_PHASE_4_5","-13.0","14:25:47","f51fbfc8-4f9b-49d2-a047-bc5fb2de2919","","","MessagingEndUser","0PAg8000000ZMaLGAW","-13.0","14:25:44","bceccded-10e0-4ed5-a02b-3d04d3e4f006","20b03f31-6bc7-4776-ac86-f2fec0f8daaa","flight_management"
"544d3f4f-2885-40ea-a023-fdf1fe09e42f","TURN","","SKYWAVE_PHASE_4_5","-13.0","14:27:52","9c1735bc-dac3-4808-a8c4-a3f7b441b418","","","MessagingEndUser","0PAg8000000ZMaLGAW","-13.0","14:27:50","1378a0e0-a20e-4a95-a355-0f2c8aa03120","b80152cb-d2f2-4371-a334-2aa6884ef1b7","flight_management"
"544d3f4f-2885-40ea-a023-fdf1fe09e42f","SESSION_END","","SKYWAVE_PHASE_4_5","-13.0","14:27:52","9300f77b-0755-4f81-ad8e-1d9aeee98f37","","","","","-13.0","14:27:52","e7088001-f05b-4164-abf0-917aad790b5c","10d54f2f-af8e-477f-aea7-9dfa1c74780f","NOT_SET"
"14922ad9-90b3-4444-acf7-8b645e01f09d","TURN","","SKYWAVE_PHASE_4_5","-1.0","08:14:02","7695b133-f98f-4ef3-a308-ab8ed3e4ba1f","","","MessagingEndUser","0PAg8000000ZOM1GAO","-1.0","08:14:00","d4333424-e38d-4464-aef9-3840d5130087","2bb3a309-bd5a-4f60-a0f0-6fa3b68e2b8f","flight_management"
"14922ad9-90b3-4444-acf7-8b645e01f09d","TURN","","SKYWAVE_PHASE_4_5","-1.0","08:14:54","5bd10e11-53f5-4ed0-a4be-118e5dc6d8cb","","","MessagingEndUser","0PAg8000000ZOM1GAO","-1.0","08:14:50","a3c8c57d-d2e0-4f51-ade1-76d66b029661","23de926c-8344-4f4c-a928-05886ab1cbe5","flight_management"
"14922ad9-90b3-4444-acf7-8b645e01f09d","SESSION_END","","SKYWAVE_PHASE_4_5","-1.0","08:14:54","cdff17f8-c8cd-4b2c-abab-39db9daf54e1","","","","","-1.0","08:14:54","0df2964e-7c32-443c-a2e4-0a82fa8067f2","7d9222f4-486e-48f2-addd-6f3ce74d2d90","NOT_SET"
"d067e117-48f4-4244-a4f5-d9a138cd18eb","TURN","","SKYWAVE_PHASE_4_5","-1.0","13:41:02","f44b894d-12af-45bf-a84c-95fdfb0c88a5","","","MessagingEndUser","0PAg8000000ZOgzGAG","-1.0","13:41:00","6134bb38-264f-445f-abe8-833f0c92df48","4d77c9cf-ab16-4d70-a2cc-da6fa2ea026f","case_management"
"d067e117-48f4-4244-a4f5-d9a138cd18eb","TURN","","SKYWAVE_PHASE_4_5","-1.0","13:42:11","bfce1eb9-e9a0-4827-acf2-a6cd15845edd","","","MessagingEndUser","0PAg8000000ZOgzGAG","-1.0","13:42:09","0452fab3-c2cc-405b-af2b-34f643062f7d","30a3f21e-3ffc-4607-a06b-b3ea819bf7e8","case_management"
"d067e117-48f4-4244-a4f5-d9a138cd18eb","TURN","","SKYWAVE_PHASE_4_5","-1.0","13:42:59","96bf7b65-a55a-465f-ac1b-c7d3166eebf5","","","MessagingEndUser","0PAg8000000ZOgzGAG","-1.0","13:42:56","100700b6-df99-4360-a403-4b2f40a60a77","b4519a69-be92-44f5-a526-1166230207c1","flight_management"
"d067e117-48f4-4244-a4f5-d9a138cd18eb","TURN","","SKYWAVE_PHASE_4_5","-1.0","13:43:34","f3beb5f6-6584-4843-a9cb-ec6493c20994","","","MessagingEndUser","0PAg8000000ZOgzGAG","-1.0","13:43:31","35526d08-8985-431c-a6cb-30590a10eeac","c5f73130-740e-484d-aa83-426a210fb241","flight_management"
"d067e117-48f4-4244-a4f5-d9a138cd18eb","SESSION_END","","SKYWAVE_PHASE_4_5","-1.0","13:43:34","0bcb0033-abbe-46fc-aa9c-45b58fad5549","","","","","-1.0","13:43:34","1e08a43e-5721-4896-a8b5-d969f1c11f84","8b72a04d-9208-4be5-a846-cc849fe9c2c8","NOT_SET"
"e9061720-7ee9-4aa9-a7b9-088a44724ec2","TURN","","SKYWAVE_PHASE_4_5","-2.0","16:34:02","fb1aa619-d822-43b0-a247-251d35b05920","","","MessagingEndUser","0PAg8000000ZOibGAG","-2.0","16:34:00","5407934b-432c-4290-a039-927f82a9ce1b","15d5d21c-8f91-4c4a-a531-0cc5a6c4dcde","case_management"
"e9061720-7ee9-4aa9-a7b9-088a44724ec2","TURN","","SKYWAVE_PHASE_4_5","-2.0","16:38:23","43042ce3-12f1-4e4f-aad3-8e73cc37ab8e","","","MessagingEndUser","0PAg8000000ZOibGAG","-2.0","16:38:20","5b3b8630-3d37-4ea8-a0e5-c9af822ae76f","e20b876a-6bbf-4f1a-a672-78222ce18d0e","case_management"
"e9061720-7ee9-4aa9-a7b9-088a44724ec2","SESSION_END","","SKYWAVE_PHASE_4_5","-2.0","16:38:23","27b89897-4b81-436b-afbf-dd9f3ae7bc21","","","","","-2.0","16:38:23","face9995-a5d2-442c-aa12-048c31ba572a","39c389d8-e176-4428-a172-d4440d9fb9c4","NOT_SET"
"94148ba5-d821-41f8-ac7b-920ad8825ee9","TURN","","SKYWAVE_PHASE_4_5","-6.0","15:20:03","9dee6ed9-4ffe-4004-a72b-a8e39c81e47a","","","MessagingEndUser","0PAg8000000ZOvVGAW","-6.0","15:20:00","99736099-301e-4e4d-a413-bf235cb417b3","2104eced-1276-481d-a840-a48e76c05715","mileage_account"
"94148ba5-d821-41f8-ac7b-920ad8825ee9","TURN","","SKYWAVE_PHASE_4_5","-6.0","15:20:53","e51190d4-f276-4383-ae3c-3a0fd2d835b3","","","MessagingEndUser","0PAg8000000ZOvVGAW","-6.0","15:20:49","89478d40-02a4-4da0-aa66-c16e2f290bd4","3b8f69d4-dea4-45ff-a13b-e58662cad1f8","mileage_account"
"94148ba5-d821-41f8-ac7b-920ad8825ee9","SESSION_END","","SKYWAVE_PHASE_4_5","-6.0","15:20:53","7e9d8071-8dac-4602-ab02-24f737344f87","","","","","-6.0","15:20:53","759afa9d-004b-4cf1-ad1b-25743fc8e886","38e23c24-93c2-4954-a3ff-ea0700efd095","NOT_SET"
"6ecf46e7-fccf-4e3f-a4ed-8f8db12f5279","TURN","","SKYWAVE_PHASE_4_5","-7.0","13:05:04","04f03e79-e9cc-46af-a3fe-08fb4a41966a","","","MessagingEndUser","0PAg8000000ZP6nGAG","-7.0","13:05:00","696cdf3b-9d25-4d6e-adaa-e91f7eefbab9","722d276e-5aa1-47c2-ab9c-08f152f0eaa8","flight_management"
"6ecf46e7-fccf-4e3f-a4ed-8f8db12f5279","TURN","","SKYWAVE_PHASE_4_5","-7.0","13:05:39","e11c341d-a8f0-4d9e-a60c-f756ea0ee59b","","","MessagingEndUser","0PAg8000000ZP6nGAG","-7.0","13:05:37","45175d24-1d0f-4123-a198-ef75e3f7ca85","3eba06f0-e457-4b3b-a144-fec9cb2fc6cd","flight_management"
"6ecf46e7-fccf-4e3f-a4ed-8f8db12f5279","TURN","","SKYWAVE_PHASE_4_5","-7.0","13:06:01","58e2fe80-2a87-4078-ab53-9bcc01b7cab1","","","MessagingEndUser","0PAg8000000ZP6nGAG","-7.0","13:05:58","f5ca2cd9-8a1b-4f56-a413-fdd5d59b9a96","cd177b58-86c1-44c9-a07f-f2ffdd114c0d","flight_management"
"6ecf46e7-fccf-4e3f-a4ed-8f8db12f5279","TURN","","SKYWAVE_PHASE_4_5","-7.0","13:06:20","bea8f807-3dc8-48b6-a7d6-b16c7ccb04b7","","","MessagingEndUser","0PAg8000000ZP6nGAG","-7.0","13:06:16","15608d03-e1ae-4457-aa02-203b52a55803","14562067-5306-404c-a669-cd41e300eb0f","flight_management"
"6ecf46e7-fccf-4e3f-a4ed-8f8db12f5279","SESSION_END","","SKYWAVE_PHASE_4_5","-7.0","13:06:20","c549f3ad-9314-4d94-a050-590e91220853","","","","","-7.0","13:06:20","4480d4da-4654-474d-ab4f-bdee093e4d68","a2c83bf7-59c5-41ed-a078-3f0cb04fae41","NOT_SET"
"2ddbd2bb-5387-4e84-a06c-19b0eaff1b83","TURN","","SKYWAVE_PHASE_4_5","-12.0","12:55:03","9b9f53c3-ee45-4d8e-acdb-462aa6cc712b","","","MessagingEndUser","0PAg8000000ZP8PGAW","-12.0","12:55:00","9e20fcbd-1fd6-4625-a9c2-7a0d5f20b502","d7abf0d0-406a-437d-a9db-d5e61f2cb7eb","case_management"
"2ddbd2bb-5387-4e84-a06c-19b0eaff1b83","TURN","","SKYWAVE_PHASE_4_5","-12.0","12:55:39","d16130c6-fc02-45c8-ae4c-9d9788ee365e","","","MessagingEndUser","0PAg8000000ZP8PGAW","-12.0","12:55:36","15d37b44-fad1-4b10-aa78-611e9bde0d89","72982d1c-39ab-43ea-a4ef-4a1722545ebf","case_management"
"2ddbd2bb-5387-4e84-a06c-19b0eaff1b83","SESSION_END","","SKYWAVE_PHASE_4_5","-12.0","12:55:39","c0365493-d946-418a-ad94-35b02d2ff4fe","","","","","-12.0","12:55:39","fccf62bf-16bb-43a7-a38f-e119f592f7e9","6bab5f49-2b1c-461d-a350-b48ac03c9c6f","NOT_SET"
"95dd4a66-8a18-4a1e-a0c9-b01f8ab541b5","TURN","","SKYWAVE_PHASE_4_5","-7.0","17:16:04","0a0ffe2d-3718-44a1-a508-03fa2a15d7e1","","","MessagingEndUser","0PAg8000000ZPd3GAG","-7.0","17:16:00","b56aece4-bffb-4795-ade9-1e909e1b696e","b4140205-243d-43bd-ae7d-cc0b9769f4be","case_management"
"95dd4a66-8a18-4a1e-a0c9-b01f8ab541b5","TURN","","SKYWAVE_PHASE_4_5","-7.0","17:16:53","5539428a-abc9-4c1f-af17-63e25e9d98fc","","","MessagingEndUser","0PAg8000000ZPd3GAG","-7.0","17:16:50","a90e1cb2-49d1-4f55-a302-5e0eb7fc58e6","8f4c02cb-62e8-42aa-a4d2-4247f14d1cb0","case_management"
"95dd4a66-8a18-4a1e-a0c9-b01f8ab541b5","TURN","","SKYWAVE_PHASE_4_5","-7.0","17:17:42","8a19bf4e-58d4-4414-a868-de60ea4a4580","","","MessagingEndUser","0PAg8000000ZPd3GAG","-7.0","17:17:39","68d51a26-f05f-43f2-a667-ce8a0d473169","944b3a71-94af-4c36-aaa5-3b6d26ea4a26","flight_management"
"95dd4a66-8a18-4a1e-a0c9-b01f8ab541b5","TURN","","SKYWAVE_PHASE_4_5","-7.0","17:18:04","da328b69-3af7-4ca2-a09b-6fae797c33b3","","","MessagingEndUser","0PAg8000000ZPd3GAG","-7.0","17:18:00","d6d5d6a7-9672-4d51-a7f5-bba424fdee73","ee49345f-ee62-4121-ab4a-918a71e9630f","flight_management"
"95dd4a66-8a18-4a1e-a0c9-b01f8ab541b5","TURN","","SKYWAVE_PHASE_4_5","-7.0","17:19:09","d2a079b9-8b37-4079-aa61-6badda658336","","","MessagingEndUser","0PAg8000000ZPd3GAG","-7.0","17:19:05","20b3cf2d-26ef-4245-afc9-b98e6d0b9fc0","8a2e9209-056b-4f49-a023-928c06669dce","mileage_account"
"95dd4a66-8a18-4a1e-a0c9-b01f8ab541b5","TURN","","SKYWAVE_PHASE_4_5","-7.0","17:22:12","f7d6f860-2163-4455-a6c0-37a255cc981e","","","MessagingEndUser","0PAg8000000ZPd3GAG","-7.0","17:22:10","f45388a0-0096-40d7-afcd-01b1cc8c1505","eedf6f27-7544-4d59-afc7-9c697f548bf6","mileage_account"
"95dd4a66-8a18-4a1e-a0c9-b01f8ab541b5","SESSION_END","","SKYWAVE_PHASE_4_5","-7.0","17:22:12","2b1c53f0-e679-4fcc-a0d8-f54cecc872d7","","","","","-7.0","17:22:12","58ce69f4-ce50-417f-a6e6-51be20e4302f","2c3e6012-afc9-4658-a2a1-22c9bb7f6d6a","NOT_SET"
"6987e5e8-c042-4ff9-ac77-c7152a5eb4da","TURN","","SKYWAVE_PHASE_4_5","-9.0","19:37:02","2bd56f51-26af-4948-ab3b-7fee1a1e8a2d","","","MessagingEndUser","0PAg8000000ZPtBGAW","-9.0","19:37:00","1c27d2de-4fd0-49be-a8b3-565c1c21de78","787990b9-6a18-4aeb-ac67-279d21aa1f5e","flight_management"
"6987e5e8-c042-4ff9-ac77-c7152a5eb4da","TURN","","SKYWAVE_PHASE_4_5","-9.0","19:38:59","cfa0a5ea-97d9-4f42-a966-2aac8a51d611","","","MessagingEndUser","0PAg8000000ZPtBGAW","-9.0","19:38:57","fcad09a7-33f8-4a2f-a34f-9dfeadbd0b81","38ffb32b-04c1-41ad-abef-ebb8104a676c","flight_management"
"6987e5e8-c042-4ff9-ac77-c7152a5eb4da","TURN","","SKYWAVE_PHASE_4_5","-9.0","19:39:39","12a57833-f319-4a34-a543-dd720e9a5ed6","","","MessagingEndUser","0PAg8000000ZPtBGAW","-9.0","19:39:37","813f0016-b77f-4245-a324-133c249f3a02","9919f7fd-c868-4aab-afd8-5065322256ff","flight_management"
"6987e5e8-c042-4ff9-ac77-c7152a5eb4da","TURN","","SKYWAVE_PHASE_4_5","-9.0","19:40:01","7d98f33d-13be-44a9-adc5-d91a1998985b","","","MessagingEndUser","0PAg8000000ZPtBGAW","-9.0","19:39:59","e75a0fcd-7f24-43e2-a181-5e1152fcef75","92936112-f9f7-46f3-aea8-12c657af2856","flight_management"
"6987e5e8-c042-4ff9-ac77-c7152a5eb4da","TURN","","SKYWAVE_PHASE_4_5","-9.0","19:40:48","f7c160fc-1c0c-40bb-a3d4-2da05c7cb6a0","","","MessagingEndUser","0PAg8000000ZPtBGAW","-9.0","19:40:44","747b3362-5063-4440-aa6b-bf89b2674ab8","d2a518c4-53a5-4793-a49c-954a72fcf1ca","off_topic"
"6987e5e8-c042-4ff9-ac77-c7152a5eb4da","TURN","","SKYWAVE_PHASE_4_5","-9.0","19:41:55","546ee7d6-8930-4a9b-a728-4263dec85b12","","","MessagingEndUser","0PAg8000000ZPtBGAW","-9.0","19:41:51","11a7090b-5c27-4bde-ab4e-4acf07d369db","0464ca54-9969-463d-a91c-0e25ee214142","off_topic"
"6987e5e8-c042-4ff9-ac77-c7152a5eb4da","SESSION_END","","SKYWAVE_PHASE_4_5","-9.0","19:41:55","67a4eb62-76b7-482c-a438-eb9d20c8f0ba","","","","","-9.0","19:41:55","804c5aab-6983-42fa-a749-c4fc94bdaa33","e39ec632-8770-46de-a7a7-377f53394afe","NOT_SET"
"bb410fd9-097b-4f58-aad0-132aba967735","TURN","","SKYWAVE_PHASE_4_5","-8.0","11:31:03","d3628f7b-8ff3-4b29-a759-d66861be399b","","","MessagingEndUser","0PAg8000000ZRgTGAW","-8.0","11:31:00","498f3ff2-2096-4812-af28-5be614a4ac94","db6c7c4d-c0f8-42fd-af07-f4f9d3c24b41","off_topic"
"bb410fd9-097b-4f58-aad0-132aba967735","TURN","","SKYWAVE_PHASE_4_5","-8.0","11:31:42","37d72e61-d466-491c-a772-686cfe937274","","","MessagingEndUser","0PAg8000000ZRgTGAW","-8.0","11:31:39","404d0e1e-fc9e-46ec-ab9d-75441b39bb71","c49dd53d-4af7-4bc9-a46f-8f4e3ce7bf54","off_topic"
"bb410fd9-097b-4f58-aad0-132aba967735","TURN","","SKYWAVE_PHASE_4_5","-8.0","11:32:30","531c3e66-a9f9-42f1-acca-7695938d33e6","","","MessagingEndUser","0PAg8000000ZRgTGAW","-8.0","11:32:26","425fc26a-d04d-44ad-ac9d-b1ebebbe59e0","79785c14-c056-46b5-a6ff-4f863f5df8e5","case_management"
"bb410fd9-097b-4f58-aad0-132aba967735","TURN","","SKYWAVE_PHASE_4_5","-8.0","11:35:22","146a8646-989c-4bd3-a618-9fb488a0bbeb","","","MessagingEndUser","0PAg8000000ZRgTGAW","-8.0","11:35:20","a4b7f02e-6e9c-4eae-aa98-9295b7cf11fa","853610af-1643-4fb6-a89f-b3f10627d4b6","case_management"
"bb410fd9-097b-4f58-aad0-132aba967735","SESSION_END","","SKYWAVE_PHASE_4_5","-8.0","11:35:22","0248d0c7-296d-4673-aed3-d5016145d7aa","","","","","-8.0","11:35:22","992c0d22-87e6-420a-af9d-f8009a96f912","af491c2f-8104-420c-accd-c6b046bc6ac8","NOT_SET"
"4048e5ad-d8c1-4239-ae4a-364810e95cef","TURN","","SKYWAVE_PHASE_4_5","-14.0","12:27:03","523af3a4-d876-4ca5-a559-e1bc7783513d","","","MessagingEndUser","0PAg8000000ZSRFGA4","-14.0","12:27:00","91912c04-76f5-485b-a2ce-ce196b5a24de","3c58b81a-15e8-4378-ac35-9fd1b13ce94d","flight_management"
"4048e5ad-d8c1-4239-ae4a-364810e95cef","TURN","","SKYWAVE_PHASE_4_5","-14.0","12:29:43","37db5ac9-8935-45d4-ae94-bdb67f19951e","","","MessagingEndUser","0PAg8000000ZSRFGA4","-14.0","12:29:40","779c5542-526d-4135-a9d7-9f04d29ee973","ec0a60db-bf80-4cf8-a344-9ac7a0851573","flight_management"
"4048e5ad-d8c1-4239-ae4a-364810e95cef","SESSION_END","","SKYWAVE_PHASE_4_5","-14.0","12:29:43","8f96ae1b-8c01-4dcd-a41c-cfb9d973406d","","","","","-14.0","12:29:43","2202c1f6-5d02-422d-a796-0db1b71015c4","aaa77a7b-339d-4aec-a2ae-981c228886e1","NOT_SET"
"f04d6e62-cf57-43bb-aee5-d75cb369a098","TURN","","SKYWAVE_PHASE_4_5","-12.0","15:44:03","51bfc73f-4548-45dc-aba3-73d6b8ef8b4e","","","MessagingEndUser","0PAg8000000ZSXhGAO","-12.0","15:44:00","613860f6-85fa-400f-a6e0-a5fe0fb51dec","0c205b00-b5c8-43fd-a969-cd3219d0e922","flight_management"
"f04d6e62-cf57-43bb-aee5-d75cb369a098","TURN","","SKYWAVE_PHASE_4_5","-12.0","15:44:23","b7a3db97-febd-400e-aeee-d6ba5778a85c","","","MessagingEndUser","0PAg8000000ZSXhGAO","-12.0","15:44:21","910a1366-717c-4275-a867-ad35bca30b47","25d31fa8-a60f-4a32-af09-af5c60865b08","flight_management"
"f04d6e62-cf57-43bb-aee5-d75cb369a098","TURN","","SKYWAVE_PHASE_4_5","-12.0","15:44:47","4b407bc8-b2ad-4c27-abc0-8a2f92d90e93","","","MessagingEndUser","0PAg8000000ZSXhGAO","-12.0","15:44:45","fe70ac5b-a18c-4e8e-a7e4-33ccac58dcdf","ccab7ac0-7516-4eb4-a2f0-a15f9697e0a7","flight_management"
"f04d6e62-cf57-43bb-aee5-d75cb369a098","TURN","","SKYWAVE_PHASE_4_5","-12.0","15:45:06","266a07b9-432b-41c4-ac80-b266689b78d2","","","MessagingEndUser","0PAg8000000ZSXhGAO","-12.0","15:45:03","d16e7245-16ce-4c13-af91-5ed2074c6842","7ea2b3bc-5eaf-4e77-a283-e91d36cccc58","flight_management"
"f04d6e62-cf57-43bb-aee5-d75cb369a098","TURN","","SKYWAVE_PHASE_4_5","-12.0","15:45:35","0838afe6-598a-4ccc-aaf2-5b9528d6562c","","","MessagingEndUser","0PAg8000000ZSXhGAO","-12.0","15:45:32","08a8ea2f-44b6-4e4f-a051-b1f3d06f36ad","f8639f02-e903-490e-a373-c909ca954587","flight_management"
"f04d6e62-cf57-43bb-aee5-d75cb369a098","TURN","","SKYWAVE_PHASE_4_5","-12.0","15:46:30","10304044-604e-4538-afda-b2ae96ad851c","","","MessagingEndUser","0PAg8000000ZSXhGAO","-12.0","15:46:26","ab18cc39-ce4e-4777-ac2b-c29ff66b0007","061077b7-4815-4173-a727-2f1a4b6344df","flight_management"
"f04d6e62-cf57-43bb-aee5-d75cb369a098","SESSION_END","","SKYWAVE_PHASE_4_5","-12.0","15:46:30","f447f276-b829-4ee5-ad05-5cf6bf874fe6","","","","","-12.0","15:46:30","7c782d34-937a-4a81-a270-5dcb51c39e53","c9b5f75e-51ff-4beb-a186-6e8cbdb5f31e","NOT_SET"
"4f3bc141-0187-44af-af6e-7355c68d2cac","TURN","","SKYWAVE_PHASE_4_5","-7.0","15:01:03","fcec7553-01f8-4980-a4aa-20f921fe7ff0","","","MessagingEndUser","0PAg8000000ZTNJGA4","-7.0","15:01:00","4110db55-f0ab-4387-a670-0a5efc36c0f9","100949c1-6dd3-490a-ae29-688e4066bfb8","case_management"
"4f3bc141-0187-44af-af6e-7355c68d2cac","TURN","","SKYWAVE_PHASE_4_5","-7.0","15:02:18","2671433d-4cf6-491e-a1d0-b36c4433bb8c","","","MessagingEndUser","0PAg8000000ZTNJGA4","-7.0","15:02:15","2001580f-b6ca-4bed-a2ad-7f1765b2988d","6585d75c-c079-4d2e-a68a-6dfd1aa43122","case_management"
"4f3bc141-0187-44af-af6e-7355c68d2cac","SESSION_END","","SKYWAVE_PHASE_4_5","-7.0","15:02:18","5be89f2b-b034-4b8a-a363-bcf69ffbb528","","","","","-7.0","15:02:18","6effeef0-8bb8-4d4c-ac12-46321d8d0e22","7aab1c09-ed7f-47fc-a67d-b002e172098c","NOT_SET"
"c57da819-0810-4382-a703-09b7ae1fa124","TURN","","SKYWAVE_PHASE_4_5","-7.0","14:17:02","08a75050-0b7a-487e-a657-92d767ff65d7","","","MessagingEndUser","0PAg8000000ZUsrGAG","-7.0","14:17:00","914f96c3-ebaa-4833-ae9b-8927b2f5418d","8bdddc5a-4a4e-4ec4-a650-ceea8801d36d","flight_management"
"c57da819-0810-4382-a703-09b7ae1fa124","TURN","","SKYWAVE_PHASE_4_5","-7.0","14:21:37","cd47325e-a9a0-4dc3-ac3c-4f7e9670d583","","","MessagingEndUser","0PAg8000000ZUsrGAG","-7.0","14:21:33","04cc3bc7-5463-49ec-a406-6d6a39fd5455","e32bc3ba-487c-4e2b-adb4-4bec3011d8f5","flight_management"
"c57da819-0810-4382-a703-09b7ae1fa124","TURN","","SKYWAVE_PHASE_4_5","-7.0","14:22:51","dcd4925d-588b-4fc6-a0b6-20e06fa38255","","","MessagingEndUser","0PAg8000000ZUsrGAG","-7.0","14:22:47","e551ad7c-d68d-4ec5-a770-733c73dd7b78","9e741ebc-326a-41cb-a7e1-1b63bcb8661f","off_topic"
"c57da819-0810-4382-a703-09b7ae1fa124","TURN","","SKYWAVE_PHASE_4_5","-7.0","14:23:52","c59c03b6-efe1-4cfd-aea4-3183c2f89270","","","MessagingEndUser","0PAg8000000ZUsrGAG","-7.0","14:23:48","541efafc-648b-448f-a3f5-9c7fe76b27fc","6712c479-aed2-4293-a4f6-34c2cdcf2e5f","off_topic"
"c57da819-0810-4382-a703-09b7ae1fa124","SESSION_END","","SKYWAVE_PHASE_4_5","-7.0","14:23:52","dd2f9b10-ce06-4b25-a138-23409f65067b","","","","","-7.0","14:23:52","c1330704-f08e-4745-a60e-80ccc508efd4","e8a2fdcb-b843-4b34-a9ad-4c893f802f91","NOT_SET"
"f2934058-8713-4a3d-a92b-22c96be291a0","TURN","","SKYWAVE_PHASE_4_5","-6.0","19:32:02","60b913f7-da38-45e5-a6d5-adeb3575e7b2","","","MessagingEndUser","0PAg8000000ZVDpGAO","-6.0","19:32:00","ea1bdd13-290c-4a14-a15f-9c9ae62f90ef","c3b18cb8-e032-44d6-a357-b5bedf5b62d5","mileage_account"
"f2934058-8713-4a3d-a92b-22c96be291a0","TURN","","SKYWAVE_PHASE_4_5","-6.0","19:33:11","c9a6fec9-443e-425e-aadb-f65024f5773d","","","MessagingEndUser","0PAg8000000ZVDpGAO","-6.0","19:33:08","4add2a1d-3edb-46f7-afb6-245398b429a8","008b54dd-fd30-43f9-a48b-61dfea02a672","mileage_account"
"f2934058-8713-4a3d-a92b-22c96be291a0","TURN","","SKYWAVE_PHASE_4_5","-6.0","19:33:51","cabd6a95-54ee-4b28-aa71-57a6d4bc1dfb","","","MessagingEndUser","0PAg8000000ZVDpGAO","-6.0","19:33:48","dc65840f-86fb-490a-afce-9ca38a8f0966","cd48f4d9-0a2e-4697-a6eb-19d50a3926ee","mileage_account"
"f2934058-8713-4a3d-a92b-22c96be291a0","TURN","","SKYWAVE_PHASE_4_5","-6.0","19:34:44","836ddf4a-01d5-4e55-a4e8-ea01b6401e7d","","","MessagingEndUser","0PAg8000000ZVDpGAO","-6.0","19:34:41","4f345cc2-2094-425b-a6f7-9dccf664c241","cf69da68-2f77-4b04-a9ac-d2684aad7c43","mileage_account"
"f2934058-8713-4a3d-a92b-22c96be291a0","SESSION_END","","SKYWAVE_PHASE_4_5","-6.0","19:34:44","dbcbf928-a59f-4b20-a186-a92d73f27102","","","","","-6.0","19:34:44","7b31f90a-a7b8-4261-a7e6-1e1ee9f27abe","e3b14a8a-67e7-48b3-a242-f537bb8a3a1a","NOT_SET"
"33c96ed5-006e-4361-a8c2-e901b03f8167","TURN","","SKYWAVE_PHASE_4_5","-7.0","10:33:02","abeba71c-74f0-4fb5-a91e-0dbf485e29a7","","","MessagingEndUser","0PAg8000000ZfMrGAK","-7.0","10:33:00","d9e2e909-1ac1-41eb-aca3-a4014f6c5a88","9fd501e6-a564-4e51-ac22-aa732a26e5cb","mileage_account"
"33c96ed5-006e-4361-a8c2-e901b03f8167","TURN","","SKYWAVE_PHASE_4_5","-7.0","10:33:34","206880b4-1c89-40eb-adf3-08af780903ae","","","MessagingEndUser","0PAg8000000ZfMrGAK","-7.0","10:33:31","d125ae23-3fbb-4353-ab3c-adb6b6b7d854","2c6582a1-c2ed-4f98-a109-a68d378eb86e","mileage_account"
"33c96ed5-006e-4361-a8c2-e901b03f8167","SESSION_END","","SKYWAVE_PHASE_4_5","-7.0","10:33:34","386071a8-c90e-495f-a580-234ed6739f96","","","","","-7.0","10:33:34","985b9f8d-4e27-4e39-a8b3-6a1ad6500f1b","4532a355-d9a8-4696-a6d3-f906b34281f2","NOT_SET"
"a49201da-3ca8-4116-a9b4-8376d96ff55a","TURN","","SKYWAVE_PHASE_4_5","-7.0","14:44:03","d737d535-4503-4804-a3ba-b1fe930ca5a4","","","MessagingEndUser","0PAg8000000Zim9GAC","-7.0","14:44:00","931dd96a-7b65-4440-a227-333b9014972f","808acd56-6134-4c53-a392-501b5ace52a5","mileage_account"
"a49201da-3ca8-4116-a9b4-8376d96ff55a","TURN","","SKYWAVE_PHASE_4_5","-7.0","14:45:19","9e38618d-5daa-40d0-aa98-3105778d2d12","","","MessagingEndUser","0PAg8000000Zim9GAC","-7.0","14:45:17","d95fe768-dfdb-4685-a679-96fca00e20cb","cf3e477c-804f-4cde-a657-2f99a31141c0","mileage_account"
"a49201da-3ca8-4116-a9b4-8376d96ff55a","SESSION_END","","SKYWAVE_PHASE_4_5","-7.0","14:45:19","74efb913-34a3-4410-adfb-1233e7d2a674","","","","","-7.0","14:45:19","8c8e3262-8c99-40d0-ab95-ddb69ccc59f2","bca3ee27-3f37-434a-af95-7986083bacaf","NOT_SET"
"ceba1b7e-4333-467d-a860-8532e4e63978","TURN","","SKYWAVE_PHASE_4_5","-6.0","15:32:02","54ed9035-0778-429b-a3f7-d24232df4337","","","MessagingEndUser","0PAg8000000ZjblGAC","-6.0","15:32:00","9f55db70-0ee9-45c0-abe0-9dbef28d3476","45116a8f-5ef8-48aa-a18f-ff6fa6dfea18","off_topic"
"ceba1b7e-4333-467d-a860-8532e4e63978","TURN","","SKYWAVE_PHASE_4_5","-6.0","15:33:00","169624c7-f4d3-45f0-aa7c-5975cec886fe","","","MessagingEndUser","0PAg8000000ZjblGAC","-6.0","15:32:57","c01e6767-c46e-46eb-ab16-a2aacf9b1c87","a8eec31c-36e9-43ed-aebe-81dfb94a5cc1","off_topic"
"ceba1b7e-4333-467d-a860-8532e4e63978","SESSION_END","","SKYWAVE_PHASE_4_5","-6.0","15:33:00","625e7064-679f-441e-a262-dbe426e801fd","","","","","-6.0","15:33:00","be3a272b-6e84-4070-ac08-261daa7e18f7","9749ba71-232d-4ebe-aa2a-40e95ef64550","NOT_SET"
"1566249e-b2a0-4503-aa47-cd4dd18017b5","TURN","","SKYWAVE_PHASE_4_5","-4.0","10:36:03","5aad53c1-0a21-4f78-a531-82213e4688f7","","","MessagingEndUser","0PAg8000000Zl5hGAC","-4.0","10:36:00","7461806a-0820-42c8-a2d6-918200e18268","a316f33c-e0f7-40e0-ad81-99267922bedb","flight_management"
"1566249e-b2a0-4503-aa47-cd4dd18017b5","TURN","","SKYWAVE_PHASE_4_5","-4.0","10:38:25","da731ee3-9f61-4d33-a316-917e66249cfd","","","MessagingEndUser","0PAg8000000Zl5hGAC","-4.0","10:38:23","49ea9504-54e8-40eb-a616-73a6a0965062","7be34e67-0590-4273-aa4b-12f4156ea62f","flight_management"
"1566249e-b2a0-4503-aa47-cd4dd18017b5","TURN","","SKYWAVE_PHASE_4_5","-4.0","10:38:45","ccadc81e-31ba-4a4e-af02-357a7890d326","","","MessagingEndUser","0PAg8000000Zl5hGAC","-4.0","10:38:42","295726b7-9829-46c2-a718-d45bb5bb3ea7","6c7c151b-1c83-41bb-afa3-2942beeceedc","case_management"
"1566249e-b2a0-4503-aa47-cd4dd18017b5","TURN","","SKYWAVE_PHASE_4_5","-4.0","10:39:34","6f0442bf-3582-4f72-af9f-58804b475762","","","MessagingEndUser","0PAg8000000Zl5hGAC","-4.0","10:39:30","273670e9-baac-427f-ae9e-83388db828fb","80575443-be55-4b75-aeab-aacf1ca50cee","case_management"
"1566249e-b2a0-4503-aa47-cd4dd18017b5","SESSION_END","","SKYWAVE_PHASE_4_5","-4.0","10:39:34","f94cfaa1-eb7f-4be1-aa43-2837bda5eeea","","","","","-4.0","10:39:34","6610869d-3113-4af1-a867-098c49890265","4bffa15b-9b7a-4380-a4e1-6e6d3f7ca8c1","NOT_SET"
"1ef2fb75-a175-447e-ad83-9fde26e7835f","TURN","","SKYWAVE_PHASE_4_5","-2.0","17:19:02","69b6ad92-0364-49ab-a9d0-bb59e264218b","","","MessagingEndUser","0PAg8000000ZlTtGAK","-2.0","17:19:00","d6e2971e-ee87-4d88-a631-ca64f80bd2b0","19ed1518-3005-4c69-ab4d-d48c519a9939","flight_management"
"1ef2fb75-a175-447e-ad83-9fde26e7835f","TURN","","SKYWAVE_PHASE_4_5","-2.0","17:22:26","8dc69d00-7a99-4775-af89-a2aeafa4f720","","","MessagingEndUser","0PAg8000000ZlTtGAK","-2.0","17:22:22","548bb7d9-76f9-4dff-abbb-70c30214e0fa","8ebf7ee8-f424-439d-a23d-cfb58b5ece9d","flight_management"
"1ef2fb75-a175-447e-ad83-9fde26e7835f","TURN","","SKYWAVE_PHASE_4_5","-2.0","17:23:07","80d5cbe2-c777-4346-af38-8b680a33c7cb","","","MessagingEndUser","0PAg8000000ZlTtGAK","-2.0","17:23:05","118aaf32-e71f-4a9c-ad6c-cea241b3469c","7fc012ca-1888-4707-a409-01ba30aa7ff7","name_change"
"1ef2fb75-a175-447e-ad83-9fde26e7835f","TURN","","SKYWAVE_PHASE_4_5","-2.0","17:28:08","6905d08b-9d90-4a65-a82f-2db0a47debdb","","","MessagingEndUser","0PAg8000000ZlTtGAK","-2.0","17:28:06","30e40e29-1feb-4c55-aa36-99c0f61d2f6b","13d9b2ba-89d1-4761-ab0c-66d190510dd3","name_change"
"1ef2fb75-a175-447e-ad83-9fde26e7835f","SESSION_END","","SKYWAVE_PHASE_4_5","-2.0","17:28:08","c85ebc42-e65f-4e27-a756-5c9df00d45ec","","","","","-2.0","17:28:08","20fd0036-8664-48cf-a751-c50b77a56af3","7af25152-3e57-4ba2-a491-8e017ea1b661","NOT_SET"
"9acff8c0-8643-464a-ae1a-58b590d9579c","TURN","","SKYWAVE_PHASE_4_5","-5.0","12:36:03","b14a5073-1df1-4a5d-acf5-7b773b751e81","","","MessagingEndUser","0PAg8000000ZpBpGAK","-5.0","12:36:00","c9f51040-69e7-42a7-a02c-4384a4c0865e","d388c3a7-8e35-43ed-ae0b-2eb478f274e1","flight_management"
"9acff8c0-8643-464a-ae1a-58b590d9579c","TURN","","SKYWAVE_PHASE_4_5","-5.0","12:36:49","acef90f4-edf2-4908-aaf1-c1a423decfb2","","","MessagingEndUser","0PAg8000000ZpBpGAK","-5.0","12:36:45","627af467-6abf-4688-a3e2-3e4d32de6c4f","f2ee1198-32e0-43f5-ae07-df9efab033ed","flight_management"
"9acff8c0-8643-464a-ae1a-58b590d9579c","SESSION_END","","SKYWAVE_PHASE_4_5","-5.0","12:36:49","9d59b7d6-e9e6-4604-a163-06f093de1252","","","","","-5.0","12:36:49","814a76b7-d618-4b5d-a26f-8600244da370","5be474ba-75d4-47c2-aa21-f807c8e74ed4","NOT_SET"
"dbd83069-5419-409e-a6f0-6a55b2995b5c","TURN","","SKYWAVE_PHASE_4_5","-7.0","16:38:03","7005afcb-1eca-4d10-a57a-1af92d1a9f6c","","","MessagingEndUser","0PAg8000000ZqYPGA0","-7.0","16:38:00","77a17867-9fba-4daa-a2b5-84daffcb8578","6f4899ef-20e5-48a8-a40c-8950ae9283d6","name_change"
"dbd83069-5419-409e-a6f0-6a55b2995b5c","TURN","","SKYWAVE_PHASE_4_5","-7.0","16:41:48","6555f540-9b9d-4b4d-a67e-efcfeb3559b7","","","MessagingEndUser","0PAg8000000ZqYPGA0","-7.0","16:41:45","2644b11c-1709-4abf-a9ee-9fe6656fa6df","91474760-c6fc-4b74-ae8e-116436039e8a","name_change"
"dbd83069-5419-409e-a6f0-6a55b2995b5c","TURN","","SKYWAVE_PHASE_4_5","-7.0","16:42:40","c9a467f3-e89a-475b-a66d-2413a3eb13b0","","","MessagingEndUser","0PAg8000000ZqYPGA0","-7.0","16:42:38","96406227-8ab7-4d79-ae88-627549d4dbc9","478d3f46-00d9-49e1-ad51-d68882d86d93","flight_management"
"dbd83069-5419-409e-a6f0-6a55b2995b5c","TURN","","SKYWAVE_PHASE_4_5","-7.0","16:43:25","23060757-9c27-4a4e-aa73-e57589544bbb","","","MessagingEndUser","0PAg8000000ZqYPGA0","-7.0","16:43:22","1da1b6a9-1929-4061-a6fa-fc8046da93bf","b1ee6d93-fa67-40c3-a8d7-506e03a92f44","flight_management"
"dbd83069-5419-409e-a6f0-6a55b2995b5c","SESSION_END","","SKYWAVE_PHASE_4_5","-7.0","16:43:25","c754b5e3-f709-4747-ad4f-8757cf1a89d6","","","","","-7.0","16:43:25","e33e5a4e-8678-4d69-a5ed-4d21dc390236","980284df-e569-426f-a29a-5ae4ff38217f","NOT_SET"
"0f45d290-db57-420b-acae-d7d338b17cba","TURN","","SKYWAVE_PHASE_4_5","-4.0","17:46:02","a3135d7c-b2b2-459e-ac0c-278f442e239c","","","MessagingEndUser","0PAg8000000Zqa1GAC","-4.0","17:46:00","d7cc7ff9-7be5-4972-a27b-7f93e5f9c316","87c12bd4-ae90-40ee-a69c-1e9fe20a81ab","off_topic"
"0f45d290-db57-420b-acae-d7d338b17cba","TURN","","SKYWAVE_PHASE_4_5","-4.0","17:47:18","d54df476-dbb3-49f9-a232-f348d962761f","","","MessagingEndUser","0PAg8000000Zqa1GAC","-4.0","17:47:15","78c7b579-a1b3-416f-ac80-0e96a4546058","405f7201-0634-406f-a8f9-f089aaafa4fb","off_topic"
"0f45d290-db57-420b-acae-d7d338b17cba","SESSION_END","","SKYWAVE_PHASE_4_5","-4.0","17:47:18","b6785f1d-d04b-4ae6-a948-5413bcfec46f","","","","","-4.0","17:47:18","0746792e-9aa7-411e-a15b-4767e9c01465","b1585829-dd5f-41ea-adbf-3855a714f7d4","NOT_SET"
"7d84821b-2955-49c4-a1c3-92dd6e0a3d0a","TURN","","SKYWAVE_PHASE_4_5","-3.0","11:33:03","8f28643b-8f7f-4398-a891-d851a3ef35bb","","","MessagingEndUser","0PAg8000000Zr1RGAS","-3.0","11:33:00","ba1085dd-6601-4b9c-aeee-6da329608f59","930e4e76-9c27-4baf-abd9-bfbde96723a8","name_change"
"7d84821b-2955-49c4-a1c3-92dd6e0a3d0a","TURN","","SKYWAVE_PHASE_4_5","-3.0","11:33:59","879051e1-e561-412e-a503-ffe5c1f54901","","","MessagingEndUser","0PAg8000000Zr1RGAS","-3.0","11:33:56","2bc3e797-65d3-4f2f-aa93-7a930490c50e","beb2a45b-d2fb-429f-ae11-6aba971f6b2f","name_change"
"7d84821b-2955-49c4-a1c3-92dd6e0a3d0a","SESSION_END","","SKYWAVE_PHASE_4_5","-3.0","11:33:59","597f7afc-4147-474a-a85d-a97698f51bb0","","","","","-3.0","11:33:59","9ba85668-70fd-4010-a129-62df00314ad9","47ff4038-70bb-403e-a605-5fb20b2087e9","NOT_SET"
"0d17a3e7-0a9c-4e69-a5ad-ee865b4a7f6e","TURN","","SKYWAVE_PHASE_4_5","-2.0","09:42:03","d821867a-21f9-4bca-a9e0-e60fa7ca51e5","","","MessagingEndUser","0PAg8000000ZrCjGAK","-2.0","09:42:00","d3b77b91-53c1-45cc-a618-e92705d73327","6765739d-b211-43d2-a6b8-d672d81cbb5e","mileage_account"
"0d17a3e7-0a9c-4e69-a5ad-ee865b4a7f6e","TURN","","SKYWAVE_PHASE_4_5","-2.0","09:46:47","8bf1ffaf-89e1-46da-aa3b-9507756c7b1d","","","MessagingEndUser","0PAg8000000ZrCjGAK","-2.0","09:46:44","a0df1c4b-1092-4b28-ab75-568e1488715b","cc77ddf3-e68b-4320-abd7-3768a97311bd","mileage_account"
"0d17a3e7-0a9c-4e69-a5ad-ee865b4a7f6e","TURN","","SKYWAVE_PHASE_4_5","-2.0","09:47:46","075193ee-d477-4ad8-abca-cc84ead4b5a5","","","MessagingEndUser","0PAg8000000ZrCjGAK","-2.0","09:47:43","4c83c0ec-ded9-4454-a924-9a7733e31fb7","bd609224-cbe7-4a6a-a130-35df2be7359a","off_topic"
"0d17a3e7-0a9c-4e69-a5ad-ee865b4a7f6e","TURN","","SKYWAVE_PHASE_4_5","-2.0","09:52:08","2da071cd-5570-4a75-a40d-9d86bf69e2e9","","","MessagingEndUser","0PAg8000000ZrCjGAK","-2.0","09:52:04","64cc52a0-eb32-4d61-a640-29276b903a78","469500dc-dcf7-4b73-a7c3-e49f55d24f9f","off_topic"
"0d17a3e7-0a9c-4e69-a5ad-ee865b4a7f6e","SESSION_END","","SKYWAVE_PHASE_4_5","-2.0","09:52:08","ae8a4592-ee3a-435f-ae9f-601ace4fb933","","","","","-2.0","09:52:08","46fcc53c-02ef-4a29-a21f-9a532e6b4b11","9404a15c-5e9d-432d-a4c1-f015254be2fa","NOT_SET"
"205161a7-21a1-4478-a3fd-3f3a4d816acb","TURN","","SKYWAVE_PHASE_4_5","-10.0","19:36:03","1d499dcc-4515-4225-a77a-f8d1e85b0b7a","","","MessagingEndUser","0PAg8000000ZMaLGAW","-10.0","19:36:00","b92fcb77-2f40-4a6e-a18c-d743a537f29c","f2a3672c-7194-48cb-abb8-005be0120fc8","flight_management"
"205161a7-21a1-4478-a3fd-3f3a4d816acb","TURN","","SKYWAVE_PHASE_4_5","-10.0","19:40:41","a15ac5ea-5dec-4216-acc0-c296de0a6c4d","","","MessagingEndUser","0PAg8000000ZMaLGAW","-10.0","19:40:39","77e43a3b-8eae-4be7-a92b-8cc31309ebd7","07ee874b-1125-48eb-a4ca-6094384dd857","flight_management"
"205161a7-21a1-4478-a3fd-3f3a4d816acb","TURN","","SKYWAVE_PHASE_4_5","-10.0","19:41:22","5b0b655c-4e9e-4fc0-a5b4-5b6e9b55b03a","","","MessagingEndUser","0PAg8000000ZMaLGAW","-10.0","19:41:19","590d4123-50db-4c8f-a344-f6d1fe3fd99b","0ee6543f-3058-4034-a935-a255e54f8d0d","name_change"
"205161a7-21a1-4478-a3fd-3f3a4d816acb","TURN","","SKYWAVE_PHASE_4_5","-10.0","19:44:37","8d19da3b-0e26-4d6e-a54e-ff9a42034da5","","","MessagingEndUser","0PAg8000000ZMaLGAW","-10.0","19:44:35","eb469615-85c4-4ba1-ac24-2635305733e4","c093c38d-cab9-4d54-aaa6-3af23df21e22","name_change"
"205161a7-21a1-4478-a3fd-3f3a4d816acb","SESSION_END","","SKYWAVE_PHASE_4_5","-10.0","19:44:37","b21f94b2-346d-4a87-aa3f-56bd7221d1df","","","","","-10.0","19:44:37","d52bb8a3-9bbc-4a65-a6e4-494eb530d11e","d9c72bbd-86bb-4235-a881-f6b3b4f2f5d5","NOT_SET"
"131c541b-1a1a-4511-a81d-09595d73a747","TURN","","SKYWAVE_PHASE_4_5","-10.0","18:20:04","2656196c-9931-4525-a507-f0d59fe25215","","","MessagingEndUser","0PAg8000000ZOM1GAO","-10.0","18:20:00","ca534de2-89af-4cf4-ab25-f9a1a80c3c7c","493cc635-2164-40a3-ad65-b78a738fcbe0","case_management"
"131c541b-1a1a-4511-a81d-09595d73a747","TURN","","SKYWAVE_PHASE_4_5","-10.0","18:22:20","64d76e2a-1453-4d16-af4a-e3bbeb6de2f4","","","MessagingEndUser","0PAg8000000ZOM1GAO","-10.0","18:22:17","7fb0d028-3952-4082-ab3b-2a56486c1a9d","e8866111-e83c-4b53-a54c-8d9933d448bf","case_management"
"131c541b-1a1a-4511-a81d-09595d73a747","SESSION_END","","SKYWAVE_PHASE_4_5","-10.0","18:22:20","49b735ce-5243-4ac7-a5eb-6a608fa73019","","","","","-10.0","18:22:20","ab492a76-e1e3-4f4a-a440-fc4273fabd03","09af7e11-ed95-4a6b-ada8-d101fab53d73","NOT_SET"
"77c2706f-2037-4f38-aaf4-98531717cd46","TURN","","SKYWAVE_PHASE_4_5","-13.0","08:55:02","2ea5ca62-caf1-412d-aa8b-c2a60d566de4","","","MessagingEndUser","0PAg8000000ZOgzGAG","-13.0","08:55:00","31d1399c-668b-45fd-aac3-694a5bc78bc2","df3125bf-325d-4aef-ac45-56d5e516e32d","name_change"
"77c2706f-2037-4f38-aaf4-98531717cd46","TURN","","SKYWAVE_PHASE_4_5","-13.0","08:55:42","78392cd2-e682-4574-a18e-98501509859c","","","MessagingEndUser","0PAg8000000ZOgzGAG","-13.0","08:55:38","6f3a5baf-b103-4f18-a495-eb3a78b561eb","a4c7701e-12e8-409e-a7a7-cbc3b2850df3","name_change"
"77c2706f-2037-4f38-aaf4-98531717cd46","SESSION_END","","SKYWAVE_PHASE_4_5","-13.0","08:55:42","fd8baeef-ec7d-4624-a779-e240b426b6d5","","","","","-13.0","08:55:42","1fc52027-3048-4516-a782-6ef62448d6c4","9852d1ce-2270-441a-a712-d4ef10e20d89","NOT_SET"
"d4256d66-76ef-4adb-a872-1d141ec5691d","TURN","","SKYWAVE_PHASE_4_5","-8.0","13:03:03","1f1932c4-1534-47ad-a3ac-9948cd764120","","","MessagingEndUser","0PAg8000000ZOibGAG","-8.0","13:03:00","466d21d6-2b5d-4ca5-a712-fc9eafb53477","badea7d2-4917-4f2a-a22d-ba2693f35500","case_management"
"d4256d66-76ef-4adb-a872-1d141ec5691d","TURN","","SKYWAVE_PHASE_4_5","-8.0","13:03:59","2de145b1-f5ad-4357-a806-2e2efc28b78f","","","MessagingEndUser","0PAg8000000ZOibGAG","-8.0","13:03:55","74047215-054f-4b41-a166-2079416fe6a2","e558197e-6fff-41a3-a246-689ff7d65a63","case_management"
"d4256d66-76ef-4adb-a872-1d141ec5691d","SESSION_END","","SKYWAVE_PHASE_4_5","-8.0","13:03:59","52af9466-af8a-4f11-a5f2-3d53ba310ebe","","","","","-8.0","13:03:59","b3c66477-8625-49ff-a30e-5a34859acc55","f642bd6c-8144-4f91-a008-ab6b2b208a6b","NOT_SET"
"5a55a42f-1178-4611-a79a-cdd119ded4fa","TURN","","SKYWAVE_PHASE_4_5","-4.0","17:33:03","e0b14e43-82f8-4200-a686-4782598e0ba2","","","MessagingEndUser","0PAg8000000ZOvVGAW","-4.0","17:33:00","69f05f4e-b734-4343-a8d4-34a47aa42dc9","964f4144-6737-4304-abe3-d74849987af9","mileage_account"
"5a55a42f-1178-4611-a79a-cdd119ded4fa","TURN","","SKYWAVE_PHASE_4_5","-4.0","17:33:44","ef78b928-517a-4413-a5e8-8bad4dae2140","","","MessagingEndUser","0PAg8000000ZOvVGAW","-4.0","17:33:42","7d01c583-a976-4d6f-a1e5-4ec43d0526fd","622ebe58-70fe-44e9-af75-d74679eb1bd3","mileage_account"
"5a55a42f-1178-4611-a79a-cdd119ded4fa","SESSION_END","","SKYWAVE_PHASE_4_5","-4.0","17:33:44","1f0efe86-f05d-4c87-af20-90c7348f0aad","","","","","-4.0","17:33:44","200ed029-9d8f-4afc-ae70-98d39803f3d6","a7a41e8a-eb09-45e5-a71c-5432968640ca","NOT_SET"
"7d4cbf05-b7e0-4754-a422-57dd945925c2","TURN","","SKYWAVE_PHASE_4_5","-9.0","11:59:02","083c0bc1-0edc-4615-a2e2-d640a6371200","","","MessagingEndUser","0PAg8000000ZP6nGAG","-9.0","11:59:00","26d868fc-40de-409e-a80f-9acc3dfd9c40","58dd3cf2-7a86-4dea-a991-46fa78409037","off_topic"
"7d4cbf05-b7e0-4754-a422-57dd945925c2","TURN","","SKYWAVE_PHASE_4_5","-9.0","11:59:50","4d4188e0-566e-471d-adf0-ff2d579f0406","","","MessagingEndUser","0PAg8000000ZP6nGAG","-9.0","11:59:47","1727bb8c-e25b-4af7-a6b1-bce385b7a3f7","333c1b51-faa2-4be4-a1a2-0abfe20e36c7","off_topic"
"7d4cbf05-b7e0-4754-a422-57dd945925c2","SESSION_END","","SKYWAVE_PHASE_4_5","-9.0","11:59:50","e28513f0-a2a7-4933-a795-b0767caa45ce","","","","","-9.0","11:59:50","6476ef95-a898-47c2-abd5-2a073e862b2d","0bbea733-f64a-48eb-ac2b-8a138df89e37","NOT_SET"
"2c6c74d6-66ae-4949-afa9-bc07ffa40b0c","TURN","","SKYWAVE_PHASE_4_5","-6.0","08:14:02","6e433a5a-d01e-42b5-a76a-337238fe78d8","","","MessagingEndUser","0PAg8000000ZP8PGAW","-6.0","08:14:00","200eb989-8aa6-4a42-ae39-f31eaf6f2a29","35aa65fb-081f-4157-a31e-7c44d4169005","flight_management"
"2c6c74d6-66ae-4949-afa9-bc07ffa40b0c","TURN","","SKYWAVE_PHASE_4_5","-6.0","08:15:57","82396430-5262-4ae7-a57f-e3d86a73eb30","","","MessagingEndUser","0PAg8000000ZP8PGAW","-6.0","08:15:54","d4e240a9-b4a2-4a8f-ac00-dea04249251e","dcbd3cf4-afb6-4c33-a527-2917f254dc14","flight_management"
"2c6c74d6-66ae-4949-afa9-bc07ffa40b0c","SESSION_END","","SKYWAVE_PHASE_4_5","-6.0","08:15:57","08576b1b-b229-4383-ace5-d48e42d59be4","","","","","-6.0","08:15:57","682f7eaf-884f-4b04-a270-f61d97fda90e","9f38c172-3a48-43bd-af1d-19175dc86425","NOT_SET"
"a003ec71-0bb2-4641-a0ea-80779452da0e","TURN","","SKYWAVE_PHASE_4_5","-9.0","17:16:04","bca3b102-5763-4374-a032-59aadfaba682","","","MessagingEndUser","0PAg8000000ZPd3GAG","-9.0","17:16:00","26709071-471b-407c-ae7e-824fb622d956","05b18232-4001-4478-a88d-e3ad13dd4fca","mileage_account"
"a003ec71-0bb2-4641-a0ea-80779452da0e","TURN","","SKYWAVE_PHASE_4_5","-9.0","17:16:39","37d292ff-1a04-4f0a-ab06-68d191107ab1","","","MessagingEndUser","0PAg8000000ZPd3GAG","-9.0","17:16:35","82583da4-bbbd-4891-a9e6-ec1772032ba4","6c30b2bc-c841-4349-a751-c07b406ab552","mileage_account"
"a003ec71-0bb2-4641-a0ea-80779452da0e","SESSION_END","","SKYWAVE_PHASE_4_5","-9.0","17:16:39","6595bb1e-f27a-44ab-a1d3-c3704ecd7db8","","","","","-9.0","17:16:39","58411d00-2422-4d9f-a94d-e7a420c9f23b","2c3635f1-37ce-4f1c-aea9-928519164b45","NOT_SET"
"19c032a8-8b3c-40ab-ab25-dead61a508b0","TURN","","SKYWAVE_PHASE_4_5","-8.0","08:37:02","3a5bd216-9131-4241-a85b-6cea48eecd5d","","","MessagingEndUser","0PAg8000000ZPtBGAW","-8.0","08:37:00","25eec5b7-ed28-43c9-aeee-f09978fbc967","16caa0eb-895a-419d-ad97-5364069003f7","flight_management"
"19c032a8-8b3c-40ab-ab25-dead61a508b0","TURN","","SKYWAVE_PHASE_4_5","-8.0","08:38:14","b5962b53-4d65-4c88-a82d-01d5135dd7e9","","","MessagingEndUser","0PAg8000000ZPtBGAW","-8.0","08:38:12","fafd6e86-5299-47f6-a0fe-5a87eed64dd8","2b97f5a6-32c9-44ac-ab0e-ea80f46aebe7","flight_management"
"19c032a8-8b3c-40ab-ab25-dead61a508b0","TURN","","SKYWAVE_PHASE_4_5","-8.0","08:38:53","ef4f4c66-162c-413d-a0c2-484f2ca13987","","","MessagingEndUser","0PAg8000000ZPtBGAW","-8.0","08:38:50","c1f82d1c-cb0f-40c8-a45d-71c88c096c81","0adeb8b2-1199-491a-a457-03468636f8af","mileage_account"
"19c032a8-8b3c-40ab-ab25-dead61a508b0","TURN","","SKYWAVE_PHASE_4_5","-8.0","08:39:38","f79fe719-16e9-40ce-a1c1-a370c1ca762b","","","MessagingEndUser","0PAg8000000ZPtBGAW","-8.0","08:39:35","d70f4e59-fa92-4b2f-a4c5-0ca0bcadafe0","02025e92-3d2a-49fd-a966-e052a37c6ee8","mileage_account"
"19c032a8-8b3c-40ab-ab25-dead61a508b0","TURN","","SKYWAVE_PHASE_4_5","-8.0","08:40:47","04a2a976-5ac6-4137-ae5b-ecf1ba40fbf2","","","MessagingEndUser","0PAg8000000ZPtBGAW","-8.0","08:40:44","ddf5a097-d538-47e6-a7bb-18a310272aa9","73a2f2a2-eff4-4de5-a305-edc45517896a","flight_management"
"19c032a8-8b3c-40ab-ab25-dead61a508b0","TURN","","SKYWAVE_PHASE_4_5","-8.0","08:41:43","82aeda41-3b43-463e-a7a4-f47b6cca5bc6","","","MessagingEndUser","0PAg8000000ZPtBGAW","-8.0","08:41:39","653ff5db-7f66-4785-a0eb-2eb852f27d56","7e305203-f6fb-461e-ab57-242e5ca083b4","flight_management"
"19c032a8-8b3c-40ab-ab25-dead61a508b0","SESSION_END","","SKYWAVE_PHASE_4_5","-8.0","08:41:43","63123e9c-b327-4ed7-acd3-77d5e89c327f","","","","","-8.0","08:41:43","a0b418f1-1883-4736-a0df-8ca1b46f84cf","b4eb80e4-be3c-4f27-a049-cfe4b3e97be4","NOT_SET"
"8df6cd5e-9de2-4378-a36a-5ef0cb297446","TURN","","SKYWAVE_PHASE_4_5","-1.0","08:45:04","88c1cff8-31ca-4bf1-ae1e-5030ee2bf733","","","MessagingEndUser","0PAg8000000ZRgTGAW","-1.0","08:45:00","a891c3ce-080c-4320-ab91-bb7a1d01267b","5c88c037-4478-4a5f-aa18-7b7c052d258b","case_management"
"8df6cd5e-9de2-4378-a36a-5ef0cb297446","TURN","","SKYWAVE_PHASE_4_5","-1.0","08:49:27","e881c542-dde2-44dc-abf0-83a8fc5d0d2e","","","MessagingEndUser","0PAg8000000ZRgTGAW","-1.0","08:49:23","338b81d0-997d-4c2b-a66a-3e5ec736a911","ee6d72ed-3c86-4375-aa43-185e4e1037d0","case_management"
"8df6cd5e-9de2-4378-a36a-5ef0cb297446","TURN","","SKYWAVE_PHASE_4_5","-1.0","08:51:48","20aea23c-3839-4130-a8c9-8aee7c8067f8","","","MessagingEndUser","0PAg8000000ZRgTGAW","-1.0","08:51:44","bbce3b03-29d6-44b7-a24d-712dc9814e1e","9f47e646-a579-4cfd-a159-d95801247cde","flight_management"
"8df6cd5e-9de2-4378-a36a-5ef0cb297446","TURN","","SKYWAVE_PHASE_4_5","-1.0","08:52:59","e6aa291b-34e0-4224-a9c1-c918f30b166b","","","MessagingEndUser","0PAg8000000ZRgTGAW","-1.0","08:52:55","fdbb4e85-c974-41f1-a12f-ce405996828f","22489d7d-5ab2-4a39-ac02-362fa1b1dc39","flight_management"
"8df6cd5e-9de2-4378-a36a-5ef0cb297446","SESSION_END","","SKYWAVE_PHASE_4_5","-1.0","08:52:59","35e47198-4c38-4c21-aa98-8a649b4a377a","","","","","-1.0","08:52:59","cbb0620e-9a1b-4645-adbe-5d483d88dd33","95cd270b-8289-4ab8-afd8-47f6f407c0e6","NOT_SET"
"3b3498f3-a17f-4b9b-a41c-e7f6b08ee50e","TURN","","SKYWAVE_PHASE_4_5","-8.0","19:11:03","36291813-861f-461c-a49c-f91a9a5f0936","","","MessagingEndUser","0PAg8000000ZSRFGA4","-8.0","19:11:00","5557f9f5-fb0f-4a99-ae37-b0c532a0aacf","cb358a28-bcba-417d-aa16-74a585be27d6","case_management"
"3b3498f3-a17f-4b9b-a41c-e7f6b08ee50e","TURN","","SKYWAVE_PHASE_4_5","-8.0","19:11:25","76f3e656-7d87-4055-a712-de182adb09f4","","","MessagingEndUser","0PAg8000000ZSRFGA4","-8.0","19:11:21","6df8b016-dd86-40a9-a450-60c6029c63a6","e609770f-9366-49fc-aae7-a3a9dbe7be0e","case_management"
"3b3498f3-a17f-4b9b-a41c-e7f6b08ee50e","TURN","","SKYWAVE_PHASE_4_5","-8.0","19:12:27","7a2fb600-1844-40a4-a4ad-be544e2bc766","","","MessagingEndUser","0PAg8000000ZSRFGA4","-8.0","19:12:24","069aa141-8bf8-4505-a489-fc5e8e74ca9b","b6e9beb9-1f88-407c-aef8-b006e7207bb0","mileage_account"
"3b3498f3-a17f-4b9b-a41c-e7f6b08ee50e","TURN","","SKYWAVE_PHASE_4_5","-8.0","19:13:27","d422b9ff-ea46-4612-a71d-cd7d4b2585b8","","","MessagingEndUser","0PAg8000000ZSRFGA4","-8.0","19:13:25","edaa0d49-18ef-4637-a1ca-798b843e8d2a","37b93976-4231-43ee-a1f8-f74e41fa23e7","mileage_account"
"3b3498f3-a17f-4b9b-a41c-e7f6b08ee50e","SESSION_END","","SKYWAVE_PHASE_4_5","-8.0","19:13:27","3162e478-d42a-46b5-ae07-3b8b9f5c2a60","","","","","-8.0","19:13:27","c7746f43-9fd2-44e2-ab0e-ff89c82e7153","34d6aa40-a9f8-4094-a246-fd4acc193f61","NOT_SET"
"4999e94d-e3f1-40b5-a61a-17003a3f0174","TURN","","SKYWAVE_PHASE_4_5","-11.0","14:38:04","25949e3d-5c5a-488a-af94-60e63fcd8305","","","MessagingEndUser","0PAg8000000ZSXhGAO","-11.0","14:38:00","8fc96407-6ee5-43d2-ac5e-b47be7f83f45","a19a3bd9-9ff1-4a40-a46b-b1be6d629ea0","off_topic"
"4999e94d-e3f1-40b5-a61a-17003a3f0174","TURN","","SKYWAVE_PHASE_4_5","-11.0","14:38:28","9af54a9e-78d2-4737-ae68-3a47a4c07c2a","","","MessagingEndUser","0PAg8000000ZSXhGAO","-11.0","14:38:24","a53b042c-e572-4e6a-a072-6a84e9519451","dd53ea7e-7d24-4e56-a6f9-4f84ae145bea","off_topic"
"4999e94d-e3f1-40b5-a61a-17003a3f0174","TURN","","SKYWAVE_PHASE_4_5","-11.0","14:42:07","33996d8b-1879-4092-aaae-2f3435ef6af3","","","MessagingEndUser","0PAg8000000ZSXhGAO","-11.0","14:42:03","1c1f5163-5751-486b-ad12-03eaf73757b0","d8ce1576-8ab5-4d6f-ab70-7badec0a488d","mileage_account"
"4999e94d-e3f1-40b5-a61a-17003a3f0174","TURN","","SKYWAVE_PHASE_4_5","-11.0","14:43:11","c1eaff79-ec1b-4caf-afbb-1717928e0fbd","","","MessagingEndUser","0PAg8000000ZSXhGAO","-11.0","14:43:08","16927319-5e59-475a-ae2c-3beca7bd7e6f","be1c626c-f8ba-4879-abae-7940abe7573a","mileage_account"
"4999e94d-e3f1-40b5-a61a-17003a3f0174","TURN","","SKYWAVE_PHASE_4_5","-11.0","14:43:28","4af55919-4caa-4c03-a050-19514deb912e","","","MessagingEndUser","0PAg8000000ZSXhGAO","-11.0","14:43:26","765a4dc5-91d4-49bd-a944-3ed1afd19203","b6934434-a6a7-40d5-a524-ed4f6f7aa095","mileage_account"
"4999e94d-e3f1-40b5-a61a-17003a3f0174","TURN","","SKYWAVE_PHASE_4_5","-11.0","14:44:35","9cd3886c-f4f7-4183-a173-9d55b56f9ef2","","","MessagingEndUser","0PAg8000000ZSXhGAO","-11.0","14:44:33","1e8476e3-196e-45a5-aa2a-0816b70da088","4134d13b-c63c-4d8f-aebf-c111e2659429","mileage_account"
"4999e94d-e3f1-40b5-a61a-17003a3f0174","SESSION_END","","SKYWAVE_PHASE_4_5","-11.0","14:44:35","1e74dffc-5ef4-4207-ab75-239d02d08ece","","","","","-11.0","14:44:35","7c89f0da-0331-4a7c-aff4-4b847c063395","5e54a335-9be7-4a66-a3f6-a64e88c4fe12","NOT_SET"
"ab4a289d-9184-4dde-a79f-7e3f493fbc34","TURN","","SKYWAVE_PHASE_4_5","-12.0","13:30:04","f018cbbc-900c-4410-ac85-b3006d0fd678","","","MessagingEndUser","0PAg8000000ZTNJGA4","-12.0","13:30:00","721d82f6-beb1-436c-a165-a3733a80b9e5","df03f548-d4c7-4b56-ab9a-583780e439f9","flight_management"
"ab4a289d-9184-4dde-a79f-7e3f493fbc34","TURN","","SKYWAVE_PHASE_4_5","-12.0","13:30:29","c24c55a4-1735-4319-a440-f39c2065d417","","","MessagingEndUser","0PAg8000000ZTNJGA4","-12.0","13:30:27","87c47ba3-0048-49c8-ad65-4153433fdbfe","2d65f787-ae57-4c02-a5c7-6630858b419e","flight_management"
"ab4a289d-9184-4dde-a79f-7e3f493fbc34","SESSION_END","","SKYWAVE_PHASE_4_5","-12.0","13:30:29","755e3551-f197-4314-a41f-0a0b025a04c9","","","","","-12.0","13:30:29","5101eca0-e1c9-4557-a218-160457587c64","1c528dd5-7a59-46f6-ab18-6a4e5e278eb6","NOT_SET"
"1ec0bea2-49a7-4b25-ae63-30961afe41b1","TURN","","SKYWAVE_PHASE_4_5","-12.0","15:16:03","727da5e9-5890-4acb-ab43-038b3e1ac3e0","","","MessagingEndUser","0PAg8000000ZUsrGAG","-12.0","15:16:00","abcdb3a6-65b1-42f2-a1fc-7461610d6cd8","3af15c5c-d049-4743-a220-8854294c5f6d","flight_management"
"1ec0bea2-49a7-4b25-ae63-30961afe41b1","TURN","","SKYWAVE_PHASE_4_5","-12.0","15:17:11","55dae72a-791e-4f95-ade6-c02c38288e03","","","MessagingEndUser","0PAg8000000ZUsrGAG","-12.0","15:17:08","b74bbeef-3903-4503-a77b-08d07297f916","1136cca3-d85a-4865-adef-c70db0093621","flight_management"
"1ec0bea2-49a7-4b25-ae63-30961afe41b1","TURN","","SKYWAVE_PHASE_4_5","-12.0","15:17:56","a0c3d96f-4fdd-40eb-a822-64fe11715350","","","MessagingEndUser","0PAg8000000ZUsrGAG","-12.0","15:17:53","8b53f478-ba4d-4aa3-a89a-2efbe94961d4","8824bdd2-cec3-4dba-a7eb-20d32203fefa","case_management"
"1ec0bea2-49a7-4b25-ae63-30961afe41b1","TURN","","SKYWAVE_PHASE_4_5","-12.0","15:19:11","24b60240-388e-4a53-a729-ddd0a394851a","","","MessagingEndUser","0PAg8000000ZUsrGAG","-12.0","15:19:08","81512753-ffab-4a91-a168-a74af0b8d527","577ed6df-79c8-46bf-a31f-1e6affa3c4e6","case_management"
"1ec0bea2-49a7-4b25-ae63-30961afe41b1","SESSION_END","","SKYWAVE_PHASE_4_5","-12.0","15:19:11","05847ebc-bb0c-472f-a3c7-457d46423028","","","","","-12.0","15:19:11","322260d7-7a7b-4e3d-aadc-f71d1e47b4ca","7240b891-d575-4535-ac9a-75086f157580","NOT_SET"
"39845648-158a-40ab-a212-f3eafb3da5e3","TURN","","SKYWAVE_PHASE_4_5","-3.0","19:03:03","1ce3c869-f0a5-458b-a2be-77b22f7c3be4","","","MessagingEndUser","0PAg8000000ZVDpGAO","-3.0","19:03:00","f84073ea-8684-4a5f-ae1c-8f5d355dd61e","56bd7f33-b463-4708-a99f-642600e314b5","name_change"
"39845648-158a-40ab-a212-f3eafb3da5e3","TURN","","SKYWAVE_PHASE_4_5","-3.0","19:04:19","32fd5d11-62cd-4603-a549-eed31f0a4ef8","","","MessagingEndUser","0PAg8000000ZVDpGAO","-3.0","19:04:15","9bf5cbca-4577-4f90-ad64-db9ccdd0dfba","783b3ac6-22e9-473a-ad60-19b4fa5f572e","name_change"
"39845648-158a-40ab-a212-f3eafb3da5e3","SESSION_END","","SKYWAVE_PHASE_4_5","-3.0","19:04:19","614d1408-19dd-48c2-ad34-431cff36823e","","","","","-3.0","19:04:19","8576d8d6-fd64-48f5-aa7e-9e73f317da84","bad1c282-bf76-4d8d-a053-3efcef6787b0","NOT_SET"
"035852a9-7d5c-401c-a6f6-07b183b3f0b0","TURN","","SKYWAVE_PHASE_4_5","-8.0","09:40:04","e6f47f7a-361f-42ae-acc7-0a2d7e5628bd","","","MessagingEndUser","0PAg8000000ZfMrGAK","-8.0","09:40:00","1017a1b5-3c2e-4033-a79b-9aa48797ba03","28e6f7cc-309c-4d6b-a1a5-7b74b6fd9b74","off_topic"
"035852a9-7d5c-401c-a6f6-07b183b3f0b0","TURN","","SKYWAVE_PHASE_4_5","-8.0","09:40:25","782043e1-2689-4369-a036-8cf8264ab5ca","","","MessagingEndUser","0PAg8000000ZfMrGAK","-8.0","09:40:23","6955447f-187b-41a7-a766-6d3b07e2dcc2","4abb0469-9f8e-4793-af16-4f2458583779","off_topic"
"035852a9-7d5c-401c-a6f6-07b183b3f0b0","SESSION_END","","SKYWAVE_PHASE_4_5","-8.0","09:40:25","4020ba49-bcd8-44e9-ad5b-9e59f564507b","","","","","-8.0","09:40:25","562c9510-ecef-42fd-a0c1-5f72bb593892","614b0c20-82b8-4a6e-a947-194c9a21873d","NOT_SET"
"8b2809df-05d3-4224-a333-523d82d24287","TURN","","SKYWAVE_PHASE_4_5","-11.0","08:57:04","a09c1b4e-bb0a-4848-a9ea-6aca4a399e8e","","","MessagingEndUser","0PAg8000000Zim9GAC","-11.0","08:57:00","34fc89aa-0871-42cd-a06e-55e38f22f8dd","7f5692bf-038d-431b-ac8e-59ec08f89488","case_management"
"8b2809df-05d3-4224-a333-523d82d24287","TURN","","SKYWAVE_PHASE_4_5","-11.0","09:02:03","d2772a31-67de-4e52-a92a-a5beb7a90a79","","","MessagingEndUser","0PAg8000000Zim9GAC","-11.0","09:01:59","9fc03666-ebbf-45ef-a833-c584364dda1b","0c333725-054b-4d6c-a97f-16e5d0224e52","case_management"
"8b2809df-05d3-4224-a333-523d82d24287","TURN","","SKYWAVE_PHASE_4_5","-11.0","09:03:46","d4cc8e46-ef75-46c9-a897-ed8215f81fdb","","","MessagingEndUser","0PAg8000000Zim9GAC","-11.0","09:03:43","26403c29-02f1-4602-a2fe-72df99e34811","35ac6539-e6e8-4d1f-a03a-4caf4ac770bb","name_change"
"8b2809df-05d3-4224-a333-523d82d24287","TURN","","SKYWAVE_PHASE_4_5","-11.0","09:04:52","368763e5-f8d6-46f2-a6b4-0cf446399526","","","MessagingEndUser","0PAg8000000Zim9GAC","-11.0","09:04:49","a871540d-f0af-446f-a4f5-cfb9c63c82c4","4fbc9a23-1b94-4606-a79c-968c1c7b4219","name_change"
"8b2809df-05d3-4224-a333-523d82d24287","TURN","","SKYWAVE_PHASE_4_5","-11.0","09:05:57","beba6954-9028-4883-acae-a2ea389f9536","","","MessagingEndUser","0PAg8000000Zim9GAC","-11.0","09:05:55","8e95d631-04df-40e6-a929-28ed37f98eda","b0ddaac9-1784-4320-a7f0-447559ec5c01","flight_management"
"8b2809df-05d3-4224-a333-523d82d24287","TURN","","SKYWAVE_PHASE_4_5","-11.0","09:08:33","e0ec56f8-bd68-4525-a183-5d9d0720fc25","","","MessagingEndUser","0PAg8000000Zim9GAC","-11.0","09:08:30","6f46fcbb-43dc-44de-ab5c-fdb3e7eed6ee","06ca84d3-33a6-4a33-ac48-a95c7f45167c","flight_management"
"8b2809df-05d3-4224-a333-523d82d24287","SESSION_END","","SKYWAVE_PHASE_4_5","-11.0","09:08:33","f6eb23ca-b023-4a24-ad83-4ccf56e748f1","","","","","-11.0","09:08:33","a9ef464f-467c-48ea-ac7e-55766c93c3ee","42618c34-e6af-46cd-aa58-be91ca7cf6be","NOT_SET"
"b661de27-9b1a-43a8-ad15-bd945b9d0e91","TURN","","SKYWAVE_PHASE_4_5","-7.0","18:44:04","44fd3617-25cc-4982-a3a4-52f1bdc266ba","","","MessagingEndUser","0PAg8000000ZjblGAC","-7.0","18:44:00","286b7368-96f8-44f7-a2cb-311c0d2e5a7f","126725fe-50e1-49a5-a8cf-48728eff65c1","off_topic"
"b661de27-9b1a-43a8-ad15-bd945b9d0e91","TURN","","SKYWAVE_PHASE_4_5","-7.0","18:44:46","9e9a9029-7079-488d-ad55-1ef2b343473b","","","MessagingEndUser","0PAg8000000ZjblGAC","-7.0","18:44:43","fe9c737f-28e8-4edf-acfe-901e4efbb5f9","fa2e32eb-c991-4264-a8a4-483f9d38fa3f","off_topic"
"b661de27-9b1a-43a8-ad15-bd945b9d0e91","SESSION_END","","SKYWAVE_PHASE_4_5","-7.0","18:44:46","81092460-fe9b-47fe-a649-8c84802ac8be","","","","","-7.0","18:44:46","bc456d5e-83b9-48ea-a826-db42221ba5d9","b771f936-ede3-41fe-a018-57c0dc5c7a4c","NOT_SET"
"4d48dd62-9d01-4868-aaab-9bcaabb68cd6","TURN","","SKYWAVE_PHASE_4_5","-6.0","19:10:04","dfeb96a9-d2de-4004-aa17-178e6d0c0ce8","","","MessagingEndUser","0PAg8000000Zl5hGAC","-6.0","19:10:00","c5a64743-fb3b-4b98-a941-e4fa47fb8b25","b1a1a364-bb9a-4a4f-a69d-c6e490df6ce2","mileage_account"
"4d48dd62-9d01-4868-aaab-9bcaabb68cd6","TURN","","SKYWAVE_PHASE_4_5","-6.0","19:13:53","9f65838b-d3d9-43aa-acd9-d35d61faf9a2","","","MessagingEndUser","0PAg8000000Zl5hGAC","-6.0","19:13:51","87269180-1f00-481d-aab7-c54280aec662","89eddd03-c7fe-4f7c-abcb-c994afe0240e","mileage_account"
"4d48dd62-9d01-4868-aaab-9bcaabb68cd6","SESSION_END","","SKYWAVE_PHASE_4_5","-6.0","19:13:53","a0eb09ef-d740-42b0-acd8-78dbc105876b","","","","","-6.0","19:13:53","50fbb71c-f82b-4c89-a7a9-565ae91b3bfb","7a89b401-ff13-4930-a4af-9f588f50da1e","NOT_SET"
"29f9fc7c-2b3b-414b-ab1d-ad34dfb3897f","TURN","","SKYWAVE_PHASE_4_5","-3.0","12:07:03","dd1c6452-49ce-4ad0-a585-ded4a829d827","","","MessagingEndUser","0PAg8000000ZlTtGAK","-3.0","12:07:00","6d54db8b-40eb-4aba-a791-13d291292730","41ebb771-1f08-42c3-a9ac-ceaa9e88b6ca","flight_management"
"29f9fc7c-2b3b-414b-ab1d-ad34dfb3897f","TURN","","SKYWAVE_PHASE_4_5","-3.0","12:07:37","38cf6606-3e83-4188-a946-a5b9a57b3240","","","MessagingEndUser","0PAg8000000ZlTtGAK","-3.0","12:07:34","a1357e91-0cd0-41a1-ab56-b9077ee84124","638cabb2-9d40-4c07-a134-dcfdb970f4be","flight_management"
"29f9fc7c-2b3b-414b-ab1d-ad34dfb3897f","SESSION_END","","SKYWAVE_PHASE_4_5","-3.0","12:07:37","b1dc2043-b58e-45c4-ad8c-faca625d70ff","","","","","-3.0","12:07:37","90c8dfab-31af-4945-ada9-8535cfe85db9","b0e5e1f1-2f56-422f-a79a-03188879a154","NOT_SET"
"aca4d61b-2e93-4dc7-af35-0ef024f9af5e","TURN","","SKYWAVE_PHASE_4_5","-10.0","09:17:02","7dfd9675-5ce9-4fe2-a475-e1f251ac4ec0","","","MessagingEndUser","0PAg8000000ZpBpGAK","-10.0","09:17:00","93f168d3-8f30-4401-a32f-9cbd1c764cd0","a37dd699-7fdf-4f33-a3f4-1be8f4c8afa1","flight_management"
"aca4d61b-2e93-4dc7-af35-0ef024f9af5e","TURN","","SKYWAVE_PHASE_4_5","-10.0","09:18:01","99f7a432-bcbe-4ae5-a2cd-4612ac81e9e4","","","MessagingEndUser","0PAg8000000ZpBpGAK","-10.0","09:17:58","e8f55dad-1b62-415f-afbd-326abad71171","4f200bf9-c52a-4503-a23e-4408214da2cc","flight_management"
"aca4d61b-2e93-4dc7-af35-0ef024f9af5e","SESSION_END","","SKYWAVE_PHASE_4_5","-10.0","09:18:01","7f038776-8565-4cf0-a992-9f3a782202a7","","","","","-10.0","09:18:01","646212ad-5dc3-4e44-a473-f290428b67f9","e596a260-5a6e-4b7b-a070-f25b7504336d","NOT_SET"
"139f934a-144b-48d7-a7ad-160a06547e24","TURN","","SKYWAVE_PHASE_4_5","-10.0","15:07:04","a71cd37f-2890-428c-a136-f9ff23eb7624","","","MessagingEndUser","0PAg8000000ZqYPGA0","-10.0","15:07:00","5b8baec6-889d-4169-a706-8d113866a3d0","911b556b-f050-43b6-a80b-c51a7a5885e3","mileage_account"
"139f934a-144b-48d7-a7ad-160a06547e24","TURN","","SKYWAVE_PHASE_4_5","-10.0","15:07:47","0be8bd3b-53ee-4b0b-a70a-c24b4f77a20b","","","MessagingEndUser","0PAg8000000ZqYPGA0","-10.0","15:07:44","30a38500-e36c-4946-a986-605b04fd8037","bd58d93e-a86d-4463-ac03-286938121068","mileage_account"
"139f934a-144b-48d7-a7ad-160a06547e24","TURN","","SKYWAVE_PHASE_4_5","-10.0","15:11:25","8ab65b4d-044a-408a-a49b-ccfd319d68e6","","","MessagingEndUser","0PAg8000000ZqYPGA0","-10.0","15:11:22","c8c03a12-21ff-4d9f-a25e-25c40cb96815","8a5944b2-912b-42b2-a6b5-cfe5f12eaa12","case_management"
"139f934a-144b-48d7-a7ad-160a06547e24","TURN","","SKYWAVE_PHASE_4_5","-10.0","15:12:40","fb860ee6-f1e9-4569-a79d-7fe2648a6202","","","MessagingEndUser","0PAg8000000ZqYPGA0","-10.0","15:12:38","b43b16e1-6645-4b17-a901-3195281e252e","8a088259-8a05-4a2e-aac6-3087ddba3e73","case_management"
"139f934a-144b-48d7-a7ad-160a06547e24","SESSION_END","","SKYWAVE_PHASE_4_5","-10.0","15:12:40","7e4fb637-fced-4f88-aebb-89c2e7869c0c","","","","","-10.0","15:12:40","b1db4147-84e7-4afd-a845-c4cad497c4ac","5b62c978-e6d2-4c8c-a659-2a195926a1e1","NOT_SET"
"6e3e1249-ade6-4346-a873-0011d348e98f","TURN","","SKYWAVE_PHASE_4_5","-7.0","19:07:04","a4b024d4-33eb-4b13-ad73-b1398516f037","","","MessagingEndUser","0PAg8000000Zqa1GAC","-7.0","19:07:00","01372849-56a8-4849-a19a-f4652caf8978","8d353f3f-2861-427c-a824-4dd11a2581d1","name_change"
"6e3e1249-ade6-4346-a873-0011d348e98f","TURN","","SKYWAVE_PHASE_4_5","-7.0","19:08:02","e4dc0aa0-a16e-4f89-a661-b929fd65e96b","","","MessagingEndUser","0PAg8000000Zqa1GAC","-7.0","19:07:59","27c146de-93db-44ed-a8e2-1d7a12e74588","eb79736f-947c-41d2-af47-db95b73e0fef","name_change"
"6e3e1249-ade6-4346-a873-0011d348e98f","TURN","","SKYWAVE_PHASE_4_5","-7.0","19:11:55","249c3b9a-4a91-4b28-a697-a37d2c7f5cef","","","MessagingEndUser","0PAg8000000Zqa1GAC","-7.0","19:11:51","9e282e5c-9a77-4763-a9a5-4c2f5ec46962","48f008d1-501c-421b-a4e4-00eb66e1ffa1","flight_management"
"6e3e1249-ade6-4346-a873-0011d348e98f","TURN","","SKYWAVE_PHASE_4_5","-7.0","19:16:28","0ba8e322-9e69-4976-ad5f-0160d96ee340","","","MessagingEndUser","0PAg8000000Zqa1GAC","-7.0","19:16:25","012646f2-d049-4f85-a665-2f564cc100e0","ea66679f-4125-45a6-ab10-289901f515c1","flight_management"
"6e3e1249-ade6-4346-a873-0011d348e98f","SESSION_END","","SKYWAVE_PHASE_4_5","-7.0","19:16:28","f2e5dd36-0043-42d3-a018-41ffad4084ad","","","","","-7.0","19:16:28","5ed92486-2c16-40b1-a893-cfc06f3fe231","63d62df3-d30c-43a8-a1be-33a85bcd87b4","NOT_SET"
"8b3a92cf-10f8-459b-a5ad-40f5dd8bfa47","TURN","","SKYWAVE_PHASE_4_5","-11.0","17:31:02","601880d6-46d5-482b-aa7d-b9beb009226f","","","MessagingEndUser","0PAg8000000Zr1RGAS","-11.0","17:31:00","b784bdf9-4e3c-4db1-a6bb-f8e676b58b10","c04170b3-91c2-49dd-a13f-b0c3720450fc","flight_management"
"8b3a92cf-10f8-459b-a5ad-40f5dd8bfa47","TURN","","SKYWAVE_PHASE_4_5","-11.0","17:31:55","1b15ea70-f5f1-490d-a484-e7ab0f557f34","","","MessagingEndUser","0PAg8000000Zr1RGAS","-11.0","17:31:51","0191ed0a-3c5a-4026-a137-5dc487530e6e","5dd76135-4674-4e87-afdb-f21437cb0af0","flight_management"
"8b3a92cf-10f8-459b-a5ad-40f5dd8bfa47","SESSION_END","","SKYWAVE_PHASE_4_5","-11.0","17:31:55","ecafc454-7c11-40da-ab7a-a2757908fdd2","","","","","-11.0","17:31:55","f35f9d5e-3f6c-405e-a9f0-e03476fcd02d","0e436c70-01a2-4b43-a8b8-6977da9602dc","NOT_SET"
"736654f6-6af9-480d-a017-736a697332dc","TURN","","SKYWAVE_PHASE_4_5","-7.0","18:18:03","10dbc210-699f-4a82-a0a3-1f0b92778bd2","","","MessagingEndUser","0PAg8000000ZrCjGAK","-7.0","18:18:00","c3fe5734-894f-419b-a82f-7e2528aad30f","ec43822b-0b82-405b-a53d-06bf89b762af","flight_management"
"736654f6-6af9-480d-a017-736a697332dc","TURN","","SKYWAVE_PHASE_4_5","-7.0","18:18:43","19209d1f-4d94-4f2f-a2a9-6cc0635a00bc","","","MessagingEndUser","0PAg8000000ZrCjGAK","-7.0","18:18:39","25cb413b-0fa1-41b4-a3f1-887fae93911e","547e1e14-77a7-4e8f-ab19-407caad760c5","flight_management"
"736654f6-6af9-480d-a017-736a697332dc","SESSION_END","","SKYWAVE_PHASE_4_5","-7.0","18:18:43","355de186-3e01-487f-af27-6a75379e698d","","","","","-7.0","18:18:43","b3c44864-5def-476f-a475-58f18d6ff993","8ad59d7b-e3d6-4fb9-a706-3bcc4cc495d9","NOT_SET"
"7e73d629-d8ed-47cc-a52d-f67e92978c3e","TURN","","SKYWAVE_PHASE_4_5","-7.0","18:59:02","45d65ba0-f5af-437b-a29c-8261bd1efda2","","","MessagingEndUser","0PAg8000000ZMaLGAW","-7.0","18:59:00","c396b9cf-2486-492d-a2ff-b05b866926b8","a1302ea8-8354-4727-aaa9-d0fe35e9a6f4","mileage_account"
"7e73d629-d8ed-47cc-a52d-f67e92978c3e","TURN","","SKYWAVE_PHASE_4_5","-7.0","19:00:06","d2e2d592-4999-4e28-ac96-7b4f38e6def1","","","MessagingEndUser","0PAg8000000ZMaLGAW","-7.0","19:00:02","98bce38f-9a3d-472c-ae6b-c6178771e2a1","94aa8f45-279e-472d-a5c5-5e9b854aaeda","mileage_account"
"7e73d629-d8ed-47cc-a52d-f67e92978c3e","SESSION_END","","SKYWAVE_PHASE_4_5","-7.0","19:00:06","6e7a7a53-b6cd-458f-ae69-cad521cf9346","","","","","-7.0","19:00:06","ee64d4bc-2e71-4c81-ae24-cbb975b8288f","19a9ae19-97b5-47ad-aead-05a69463533d","NOT_SET"
"6fca1511-a001-493d-a18e-d900d5c8e35a","TURN","","SKYWAVE_PHASE_4_5","-10.0","14:20:03","07deb0bd-c8f0-422c-acbc-ebfb204bc1b6","","","MessagingEndUser","0PAg8000000ZOM1GAO","-10.0","14:20:00","0aea767d-f220-4923-a429-eb37cb1596b1","f590c35f-91cd-4b09-a845-90df4dc27902","flight_management"
"6fca1511-a001-493d-a18e-d900d5c8e35a","TURN","","SKYWAVE_PHASE_4_5","-10.0","14:20:57","421fd8eb-5ec0-4418-a89f-4ac6292c575d","","","MessagingEndUser","0PAg8000000ZOM1GAO","-10.0","14:20:54","97e048b9-f9d5-4500-ad50-b9212b007ede","6231e988-d909-4d6e-a535-7b1be255a90a","flight_management"
"6fca1511-a001-493d-a18e-d900d5c8e35a","SESSION_END","","SKYWAVE_PHASE_4_5","-10.0","14:20:57","cc5db51d-eeef-465e-ad99-47e89846b746","","","","","-10.0","14:20:57","6bb9c20b-bf62-4c33-ad87-94dc9bf0f7cc","82922513-da93-4fab-a9bd-05c0426fe03e","NOT_SET"
"21b39ac1-ef27-46f8-a083-1049716257bf","TURN","","SKYWAVE_PHASE_4_5","-8.0","15:22:04","21bb3e46-2416-4aad-a418-cd37dd9b2cc8","","","MessagingEndUser","0PAg8000000ZOgzGAG","-8.0","15:22:00","288061f6-b196-494e-aa19-771387c3c32e","02acb0b4-8b5f-4f37-ac11-78b4939db9db","flight_management"
"21b39ac1-ef27-46f8-a083-1049716257bf","TURN","","SKYWAVE_PHASE_4_5","-8.0","15:22:45","b9696556-95c8-42dc-a7af-02560f406278","","","MessagingEndUser","0PAg8000000ZOgzGAG","-8.0","15:22:43","54bbf118-20c3-437b-a15b-2195474255e3","d4d669c9-4c11-4d4d-affd-6f3b26569bb2","flight_management"
"21b39ac1-ef27-46f8-a083-1049716257bf","TURN","","SKYWAVE_PHASE_4_5","-8.0","15:23:35","bb5aa69d-44d7-4205-ab2d-e16a10eed58c","","","MessagingEndUser","0PAg8000000ZOgzGAG","-8.0","15:23:31","3383c0d1-1a24-4f9d-a3ce-a019d9d84c9c","487fc879-d8eb-44a3-a554-83f8132f4d37","flight_management"
"21b39ac1-ef27-46f8-a083-1049716257bf","TURN","","SKYWAVE_PHASE_4_5","-8.0","15:27:08","613027e6-7b11-4090-ac18-5ff4aa3e5562","","","MessagingEndUser","0PAg8000000ZOgzGAG","-8.0","15:27:05","ee6b997d-6096-4404-aa9e-ef1ff663728d","d0d96cb9-cae0-4a27-a92d-a06e27946ac6","flight_management"
"21b39ac1-ef27-46f8-a083-1049716257bf","SESSION_END","","SKYWAVE_PHASE_4_5","-8.0","15:27:08","8e21aa71-3d7a-4004-aa96-b2745bb6c228","","","","","-8.0","15:27:08","14396fbb-4fb3-483d-a03c-30a2609b43b9","9512a037-5cc1-4dad-ab39-8fde21d7e703","NOT_SET"
"6f8a4776-f09f-4eec-a78d-296a0dfb2786","TURN","","SKYWAVE_PHASE_4_5","-5.0","14:45:03","07dccd15-da8a-4269-a799-a8a4f68b177f","","","MessagingEndUser","0PAg8000000ZOibGAG","-5.0","14:45:00","5a48e714-2018-48fc-a884-aeedb03cbe19","8e94bb56-f050-43b6-ae9d-7f3ad2030da6","mileage_account"
"6f8a4776-f09f-4eec-a78d-296a0dfb2786","TURN","","SKYWAVE_PHASE_4_5","-5.0","14:48:15","44670c3e-09c3-4192-a110-f82b664e95a6","","","MessagingEndUser","0PAg8000000ZOibGAG","-5.0","14:48:13","be8c05aa-f4ce-4e6c-aa6f-527b4c1d0633","68d4e0d6-0f1e-451f-a32e-ec6e17b346da","mileage_account"
"6f8a4776-f09f-4eec-a78d-296a0dfb2786","TURN","","SKYWAVE_PHASE_4_5","-5.0","14:52:17","21ba206b-887a-4561-a882-c25a347413dd","","","MessagingEndUser","0PAg8000000ZOibGAG","-5.0","14:52:13","979c96d2-d128-4cdd-a96e-aa1161ad9e14","0664a319-29a3-4d36-a289-039d8022a258","mileage_account"
"6f8a4776-f09f-4eec-a78d-296a0dfb2786","TURN","","SKYWAVE_PHASE_4_5","-5.0","14:53:06","d72dd892-e43a-4591-a891-98a877e53812","","","MessagingEndUser","0PAg8000000ZOibGAG","-5.0","14:53:04","ed7c2689-4bf7-406f-a111-dca917497e01","386e3c21-b3df-4899-a9f4-f49ef1ea83a5","mileage_account"
"6f8a4776-f09f-4eec-a78d-296a0dfb2786","SESSION_END","","SKYWAVE_PHASE_4_5","-5.0","14:53:06","14a7b161-d629-48ae-a7a9-7e243a7df615","","","","","-5.0","14:53:06","36270978-2671-46c0-ab9f-fc822e169fa2","a582a8b3-62dd-4566-a727-aa7121a9b094","NOT_SET"
"73e4f2ed-19eb-4356-a669-55109b437c94","TURN","","SKYWAVE_PHASE_4_5","-8.0","18:38:03","2c725959-53ae-4352-aa4a-2f29b82a5ea4","","","MessagingEndUser","0PAg8000000ZOvVGAW","-8.0","18:38:00","fc4af6de-a7b0-4372-a687-b56351fd7e35","45563354-7cae-4cf4-ac3e-a760f894f685","flight_management"
"73e4f2ed-19eb-4356-a669-55109b437c94","TURN","","SKYWAVE_PHASE_4_5","-8.0","18:41:56","d5e0aaf9-3336-4dde-a720-33eb4be0dde9","","","MessagingEndUser","0PAg8000000ZOvVGAW","-8.0","18:41:52","7fa15b4a-94ae-45f2-af8b-ca3709f358c9","bec0d6e6-168b-4278-a4a5-46b86f406486","flight_management"
"73e4f2ed-19eb-4356-a669-55109b437c94","SESSION_END","","SKYWAVE_PHASE_4_5","-8.0","18:41:56","5bf70fc9-a041-40a2-afec-40aa79775a47","","","","","-8.0","18:41:56","fa2d3129-cb0b-4f11-ae09-596f072a9561","3fcf0eda-1f2e-4a79-a83d-60c9c53f0a6b","NOT_SET"
"ca56d848-cdc7-4125-abcd-71e979196093","TURN","","SKYWAVE_PHASE_4_5","-2.0","10:40:03","edf9d5f1-99c7-4503-ae1c-8e80dcd48635","","","MessagingEndUser","0PAg8000000ZP6nGAG","-2.0","10:40:00","6cf2a34a-ba94-4389-a099-1348b1c548f0","c74a467e-1deb-4607-a046-10557afb7aad","flight_management"
"ca56d848-cdc7-4125-abcd-71e979196093","TURN","","SKYWAVE_PHASE_4_5","-2.0","10:40:24","6af8cd8d-83cc-45dc-aaf6-b0deed083cc4","","","MessagingEndUser","0PAg8000000ZP6nGAG","-2.0","10:40:21","f439392b-ee90-497d-a8ad-aa2656bf72e1","1974883a-300e-4ddc-a19d-39c93fe6d06a","flight_management"
"ca56d848-cdc7-4125-abcd-71e979196093","TURN","","SKYWAVE_PHASE_4_5","-2.0","10:41:08","92f702a2-af47-494c-a08e-224cbb4f0218","","","MessagingEndUser","0PAg8000000ZP6nGAG","-2.0","10:41:06","d34e3ff6-7653-4d28-ae3e-3dd211f27874","6f026fd1-5c82-4c1d-a2f6-0677c8b78818","flight_management"
"ca56d848-cdc7-4125-abcd-71e979196093","TURN","","SKYWAVE_PHASE_4_5","-2.0","10:41:26","fe42be72-7fb3-499d-af0c-72811612f7fd","","","MessagingEndUser","0PAg8000000ZP6nGAG","-2.0","10:41:24","ce063794-3e5d-47c0-a350-4fe9283b0fbb","e71e5f1d-b221-421f-aa75-781d636c19ba","flight_management"
"ca56d848-cdc7-4125-abcd-71e979196093","SESSION_END","","SKYWAVE_PHASE_4_5","-2.0","10:41:26","49e5db3e-6e54-4c81-abcb-dc12c28ebd4a","","","","","-2.0","10:41:26","55a748bb-f5fb-4e2a-a5b0-ec0e8d726009","fd6f8636-a063-476c-a26a-75ba203ee599","NOT_SET"
"7c4ac7b5-8fda-4aa6-a0ae-11a628fab688","TURN","","SKYWAVE_PHASE_4_5","-1.0","14:24:03","f6883ae2-6510-4d06-a08d-00c5487eea91","","","MessagingEndUser","0PAg8000000ZP8PGAW","-1.0","14:24:00","2b28a16b-a656-4789-aac8-8a1944a2feb7","8eae4d26-0711-4e29-adbb-88938f3b5734","case_management"
"7c4ac7b5-8fda-4aa6-a0ae-11a628fab688","TURN","","SKYWAVE_PHASE_4_5","-1.0","14:28:27","4d7c9e4f-c1d7-4494-a59a-2317fb6a7c1d","","","MessagingEndUser","0PAg8000000ZP8PGAW","-1.0","14:28:25","5933946a-c9c4-458c-ac0d-fbccaa99e2af","ed6d027d-ca96-4321-a21d-8bd194f8298d","case_management"
"7c4ac7b5-8fda-4aa6-a0ae-11a628fab688","TURN","","SKYWAVE_PHASE_4_5","-1.0","14:29:17","b703b9b9-fdf7-4394-a0b4-4c9256a55dae","","","MessagingEndUser","0PAg8000000ZP8PGAW","-1.0","14:29:14","3ff651fb-4cae-46af-a575-5e3c293595d1","62a9fc94-681b-4782-a351-b6016b81c502","flight_management"
"7c4ac7b5-8fda-4aa6-a0ae-11a628fab688","TURN","","SKYWAVE_PHASE_4_5","-1.0","14:30:18","dd454a23-3865-40c6-af67-822ee82b1f8a","","","MessagingEndUser","0PAg8000000ZP8PGAW","-1.0","14:30:14","bb408afa-edf4-4ec1-ac8e-5e8dd51d83bf","2b0f0320-133d-4429-a0fe-a5c51f6d80d3","flight_management"
"7c4ac7b5-8fda-4aa6-a0ae-11a628fab688","SESSION_END","","SKYWAVE_PHASE_4_5","-1.0","14:30:18","5b4c149f-034d-4fd0-a522-99f9e302ec9c","","","","","-1.0","14:30:18","9d61f71a-12b8-468d-ade2-3446c16ea1d7","282642f4-0329-4aed-ad3c-199f2f3dfa9c","NOT_SET"
"03b41a51-9fec-4279-a37b-d6995ae387ec","TURN","","SKYWAVE_PHASE_4_5","-3.0","11:25:04","084f801a-728c-4bf5-a13c-70b425ec1a42","","","MessagingEndUser","0PAg8000000ZPd3GAG","-3.0","11:25:00","fcc56c62-e8f1-466d-a7a2-53f668d80458","711cb8d7-0389-49c0-afe7-82afc3fad054","flight_management"
"03b41a51-9fec-4279-a37b-d6995ae387ec","TURN","","SKYWAVE_PHASE_4_5","-3.0","11:27:50","64e84878-4def-4ed1-a45f-d45abc5323ae","","","MessagingEndUser","0PAg8000000ZPd3GAG","-3.0","11:27:47","ced3c4d2-ac47-48c2-a00a-df175891b6a2","ddb69e45-5fcf-4319-a8d3-8d611688e9aa","flight_management"
"03b41a51-9fec-4279-a37b-d6995ae387ec","TURN","","SKYWAVE_PHASE_4_5","-3.0","11:29:03","5ae09648-18da-4c74-ace8-5a9808cd9f38","","","MessagingEndUser","0PAg8000000ZPd3GAG","-3.0","11:29:00","2a084fb7-97c9-4df7-aee8-7c5d710e3176","edf1c95e-4c7e-4f66-a170-1bf8584809a1","off_topic"
"03b41a51-9fec-4279-a37b-d6995ae387ec","TURN","","SKYWAVE_PHASE_4_5","-3.0","11:30:40","2f996fe7-ff9f-4a3b-aa1b-19c7698d456a","","","MessagingEndUser","0PAg8000000ZPd3GAG","-3.0","11:30:36","0775861f-7e35-4010-a0a8-8a2b002386b9","d5e91a28-4386-4b7b-a0ee-3dc45334a7c2","off_topic"
"03b41a51-9fec-4279-a37b-d6995ae387ec","TURN","","SKYWAVE_PHASE_4_5","-3.0","11:31:37","ba0ac210-033d-465b-a826-4fba385f4ce0","","","MessagingEndUser","0PAg8000000ZPd3GAG","-3.0","11:31:35","14fbd800-acae-4fe3-ab5e-37a2cae67cc9","150403cb-2dec-4725-a46d-477b3584d0e1","flight_management"
"03b41a51-9fec-4279-a37b-d6995ae387ec","TURN","","SKYWAVE_PHASE_4_5","-3.0","11:32:40","1d4073eb-9668-4b6f-ae80-833748eda011","","","MessagingEndUser","0PAg8000000ZPd3GAG","-3.0","11:32:36","9c60186f-fbb5-447b-aaee-5c4b5aa3978e","54dbab37-c272-4afc-a217-1223cb1db1b3","flight_management"
"03b41a51-9fec-4279-a37b-d6995ae387ec","SESSION_END","","SKYWAVE_PHASE_4_5","-3.0","11:32:40","a3bb0339-b487-45bb-a310-c6546e5bb3ca","","","","","-3.0","11:32:40","a9af896e-ef41-45dc-af3e-66029b80ce0c","e60300ff-02ce-4d0d-ae07-b1db98565c01","NOT_SET"
"f91b856c-4e71-4821-a2a6-e5fe68d84610","TURN","","SKYWAVE_PHASE_4_5","-2.0","08:10:02","e118ac07-dc30-42f8-af15-b1c017c98a8c","","","MessagingEndUser","0PAg8000000ZPtBGAW","-2.0","08:10:00","5ad858ee-4ac8-4595-af87-fe4f2f4ebbd1","62457cc9-1468-4356-a6e2-cc90227a1514","flight_management"
"f91b856c-4e71-4821-a2a6-e5fe68d84610","TURN","","SKYWAVE_PHASE_4_5","-2.0","08:11:07","fdb94e74-7b96-4b71-a235-f573a3d1d8d2","","","MessagingEndUser","0PAg8000000ZPtBGAW","-2.0","08:11:05","729efa8b-85f0-4fc2-aff5-e0e4638d0ed5","f47a4b2e-7ff8-43b3-afdf-0965e75bf9ce","flight_management"
"f91b856c-4e71-4821-a2a6-e5fe68d84610","SESSION_END","","SKYWAVE_PHASE_4_5","-2.0","08:11:07","07502fb7-9943-4fc9-a84e-934609a0e124","","","","","-2.0","08:11:07","c62a4f2d-ed7c-47ef-a8ba-48ddedd775e1","836eac0e-49f5-4cb5-ae54-f8febac72bd2","NOT_SET"
"206bc0ec-59be-4520-a666-b54b70fa1d1c","TURN","","SKYWAVE_PHASE_4_5","-10.0","08:12:04","0bcfb2bc-9a7d-4237-afe6-d5267bf487de","","","MessagingEndUser","0PAg8000000ZRgTGAW","-10.0","08:12:00","2b844075-9439-4ecf-ade5-86b7b7065ae4","aaabe4a2-4360-4121-a8a5-f488d956d590","mileage_account"
"206bc0ec-59be-4520-a666-b54b70fa1d1c","TURN","","SKYWAVE_PHASE_4_5","-10.0","08:15:19","024df9bf-4a82-4895-a493-8a483c867a17","","","MessagingEndUser","0PAg8000000ZRgTGAW","-10.0","08:15:15","c7902129-417b-4ebe-a9de-9c4282479298","7cabfe1b-f940-41db-a0fd-2399753113e6","mileage_account"
"206bc0ec-59be-4520-a666-b54b70fa1d1c","SESSION_END","","SKYWAVE_PHASE_4_5","-10.0","08:15:19","a121b843-36a8-40b9-a384-237be442aeaf","","","","","-10.0","08:15:19","5506be20-8afa-4432-adcb-2a9a081fd1ab","b0068d13-14f4-4a12-a7c5-862e8dc7b437","NOT_SET"
"3d839c22-f9f5-4ac6-a322-6e270f3c7684","TURN","","SKYWAVE_PHASE_4_5","-9.0","14:33:03","8fd5f36c-cd9e-4912-a69e-6ba580bca4bf","","","MessagingEndUser","0PAg8000000ZSRFGA4","-9.0","14:33:00","8d5006b5-a1af-4dc7-a4b9-4278cc23eb22","55f90686-7dff-482e-a8dc-23fe0c00b89e","name_change"
"3d839c22-f9f5-4ac6-a322-6e270f3c7684","TURN","","SKYWAVE_PHASE_4_5","-9.0","14:35:02","f29533cc-2947-4ad6-a88f-1cfbc1f48d93","","","MessagingEndUser","0PAg8000000ZSRFGA4","-9.0","14:34:58","442c753c-c90b-4dac-af32-10c520d1400c","cdf49cd5-5abb-40ee-a213-ddbe035242f8","name_change"
"3d839c22-f9f5-4ac6-a322-6e270f3c7684","SESSION_END","","SKYWAVE_PHASE_4_5","-9.0","14:35:02","4f6e14b2-a02a-459f-a706-0d52f862560e","","","","","-9.0","14:35:02","e7bfedbd-ecfb-4e4a-adcf-7281440c4e01","d6241189-df65-49a3-aee6-70f7f8db7cbc","NOT_SET"
"c2fa2845-f102-4bf8-a95d-a505f9b38bb9","TURN","","SKYWAVE_PHASE_4_5","-6.0","08:03:03","b266b096-3b60-4089-aa24-c5aa40dce8e0","","","MessagingEndUser","0PAg8000000ZSXhGAO","-6.0","08:03:00","2b7cd133-3339-44e0-a4f9-7395e06a61fa","f5a2bd1e-f14c-4a58-a99a-bc743d046ac1","flight_management"
"c2fa2845-f102-4bf8-a95d-a505f9b38bb9","TURN","","SKYWAVE_PHASE_4_5","-6.0","08:03:22","566e85bf-1ff2-4ce9-aaeb-11ba6ff685b2","","","MessagingEndUser","0PAg8000000ZSXhGAO","-6.0","08:03:19","690c1610-2cd9-454a-a512-c46864318f20","c68aeb62-78e9-40f8-a8ff-07eb60caa82e","flight_management"
"c2fa2845-f102-4bf8-a95d-a505f9b38bb9","TURN","","SKYWAVE_PHASE_4_5","-6.0","08:03:58","f0e93e33-77e0-4f18-a9a9-991b5e281f15","","","MessagingEndUser","0PAg8000000ZSXhGAO","-6.0","08:03:56","1128dcfe-0162-451c-a4a6-9ce6ded82239","a56d5678-cf6f-452c-ae54-c9ca3cedabd0","mileage_account"
"c2fa2845-f102-4bf8-a95d-a505f9b38bb9","TURN","","SKYWAVE_PHASE_4_5","-6.0","08:04:46","bea55544-93b6-47c3-a7b4-2d8f6351101b","","","MessagingEndUser","0PAg8000000ZSXhGAO","-6.0","08:04:42","575755a0-e3ae-4f00-ac67-905372ea4774","e574a486-f6e9-419d-a8f2-371040c9287d","mileage_account"
"c2fa2845-f102-4bf8-a95d-a505f9b38bb9","SESSION_END","","SKYWAVE_PHASE_4_5","-6.0","08:04:46","aacac545-b23f-4056-ae50-9025502969a8","","","","","-6.0","08:04:46","1816ee2a-1ed2-4209-a526-1c0b90caae37","ad2d78cc-ccdf-447c-aa72-bacbdc44dd39","NOT_SET"
"0c5bad76-92bc-45c9-aef6-3abf4fa5de9c","TURN","","SKYWAVE_PHASE_4_5","-10.0","08:13:03","78191d61-7a97-4677-ad11-e9efbd50eae9","","","MessagingEndUser","0PAg8000000ZTNJGA4","-10.0","08:13:00","a40e3d34-d860-4dc8-a502-8e3085c2d3b9","97f7a821-9d55-437e-a6a4-8bf71ce31399","flight_management"
"0c5bad76-92bc-45c9-aef6-3abf4fa5de9c","TURN","","SKYWAVE_PHASE_4_5","-10.0","08:13:37","860e677b-be95-4597-a751-77466b732b57","","","MessagingEndUser","0PAg8000000ZTNJGA4","-10.0","08:13:33","650dd5b0-03ee-4e8d-a139-e1a5b74c541b","3cec7ab8-3ef8-4b2c-a3b4-79daf2104eb5","flight_management"
"0c5bad76-92bc-45c9-aef6-3abf4fa5de9c","TURN","","SKYWAVE_PHASE_4_5","-10.0","08:16:11","f50997e0-76de-4a95-abee-2991c96cbd4d","","","MessagingEndUser","0PAg8000000ZTNJGA4","-10.0","08:16:07","624c9432-93a1-49ec-a3d4-a14c7aff3ba2","79baaa7c-a9e9-4adf-aec1-38a7979f92c6","name_change"
"0c5bad76-92bc-45c9-aef6-3abf4fa5de9c","TURN","","SKYWAVE_PHASE_4_5","-10.0","08:17:15","9a598dc9-b0dc-4184-a413-6f583787d441","","","MessagingEndUser","0PAg8000000ZTNJGA4","-10.0","08:17:11","a6a1ebe8-2c47-4345-afeb-559cede05279","5b302cc1-479a-48ba-adbb-fe0c8a70030b","name_change"
"0c5bad76-92bc-45c9-aef6-3abf4fa5de9c","SESSION_END","","SKYWAVE_PHASE_4_5","-10.0","08:17:15","83e35088-3c72-47dc-ad8e-134b433b17c1","","","","","-10.0","08:17:15","ba4934b6-07bd-4caa-a044-7add3b2bca8b","2a2bde02-5b8c-4afc-ab35-72cc3d2ca6fd","NOT_SET"
"e3db960d-710c-4d96-a58c-11beb9e26fda","TURN","","SKYWAVE_PHASE_4_5","-1.0","15:07:02","480f2205-1d44-47ed-a2c1-eab07742c54c","","","MessagingEndUser","0PAg8000000ZUsrGAG","-1.0","15:07:00","9be74e09-f869-445d-addb-7457e4704d5b","f9a3bcbd-37a8-4c8e-a95a-3576234e9961","mileage_account"
"e3db960d-710c-4d96-a58c-11beb9e26fda","TURN","","SKYWAVE_PHASE_4_5","-1.0","15:07:28","9b4dc30b-68bd-4259-a75d-02a9aa1a53e1","","","MessagingEndUser","0PAg8000000ZUsrGAG","-1.0","15:07:25","832eff0a-aa62-4014-a102-cbc52cfc804e","b13bfb11-4dc6-4ba5-abaa-9cc4196d810c","mileage_account"
"e3db960d-710c-4d96-a58c-11beb9e26fda","TURN","","SKYWAVE_PHASE_4_5","-1.0","15:07:55","3755eb80-05f3-4c1b-ad3a-9c2c1523b8f1","","","MessagingEndUser","0PAg8000000ZUsrGAG","-1.0","15:07:53","e8ba0680-cdf8-4fb4-a827-05bd94cc432d","90e8457d-f0fd-403f-acaa-3a3d3ee56247","flight_management"
"e3db960d-710c-4d96-a58c-11beb9e26fda","TURN","","SKYWAVE_PHASE_4_5","-1.0","15:11:01","840c75df-efd0-4e89-af4f-2ed8244992a0","","","MessagingEndUser","0PAg8000000ZUsrGAG","-1.0","15:10:58","a85e1844-4b60-42c3-af0f-b40dbe25e441","cc9fc13b-5bfa-4f2a-a769-80c88ee3a81c","flight_management"
"e3db960d-710c-4d96-a58c-11beb9e26fda","SESSION_END","","SKYWAVE_PHASE_4_5","-1.0","15:11:01","51fe7d5d-0a5e-447e-adb8-71130c0ad49c","","","","","-1.0","15:11:01","ef89c094-d925-4e8b-aa94-d85be7ef2870","5deb115d-ba4a-4bff-a744-cb2e7c015ebc","NOT_SET"
"3558ee33-c510-4b83-a0f9-cfc4c599b9bc","TURN","","SKYWAVE_PHASE_4_5","-13.0","18:02:03","a2515e70-1146-412f-ab3a-75a6d9cd8d9f","","","MessagingEndUser","0PAg8000000ZVDpGAO","-13.0","18:02:00","ac999d6d-241b-4dd1-ae0c-9df41e058d51","bbc74e16-d7f6-45ce-a131-4e1036b53920","flight_management"
"3558ee33-c510-4b83-a0f9-cfc4c599b9bc","TURN","","SKYWAVE_PHASE_4_5","-13.0","18:02:32","ab589783-1026-4f47-aaee-8d1d3a42b41e","","","MessagingEndUser","0PAg8000000ZVDpGAO","-13.0","18:02:29","db9de473-f889-4018-add9-531525edbadb","f42a092d-c81f-4439-a333-c635e31f7a16","flight_management"
"3558ee33-c510-4b83-a0f9-cfc4c599b9bc","TURN","","SKYWAVE_PHASE_4_5","-13.0","18:03:46","7794ba8c-1e86-44be-a3a5-4361aad8d22e","","","MessagingEndUser","0PAg8000000ZVDpGAO","-13.0","18:03:42","e5ffe5ec-3af3-47c2-abbf-9a5053638e18","8470df3c-c2aa-4778-a369-57e96ad021d0","case_management"
"3558ee33-c510-4b83-a0f9-cfc4c599b9bc","TURN","","SKYWAVE_PHASE_4_5","-13.0","18:04:22","237c0bd1-6ca5-4cbe-a83d-db65eb18d087","","","MessagingEndUser","0PAg8000000ZVDpGAO","-13.0","18:04:19","1c29be41-6c0b-4a4b-a462-0c2769338af6","22492451-6c41-4606-a963-3c7bcc1768f2","case_management"
"3558ee33-c510-4b83-a0f9-cfc4c599b9bc","SESSION_END","","SKYWAVE_PHASE_4_5","-13.0","18:04:22","22e6dd99-f15a-4243-a2c8-c1dc497c21ed","","","","","-13.0","18:04:22","0614781b-c447-4983-a006-dc20f8418244","0ca4e1ba-b604-4c49-a4ec-4681a2edc5ec","NOT_SET"
"25a98ac2-95a9-43a8-a4ab-76b613cf9ffe","TURN","","SKYWAVE_PHASE_4_5","-3.0","09:04:03","c8b4527f-faf6-4b4b-a2da-83bdae6cfab4","","","MessagingEndUser","0PAg8000000ZfMrGAK","-3.0","09:04:00","bdc0aa4b-747c-43af-a7a3-5fce2b7c94ae","ea458c85-c24c-426e-a9e6-3efb0f7079b5","flight_management"
"25a98ac2-95a9-43a8-a4ab-76b613cf9ffe","TURN","","SKYWAVE_PHASE_4_5","-3.0","09:04:54","bc4e3e10-f32c-46cb-a305-2a30c5181dc8","","","MessagingEndUser","0PAg8000000ZfMrGAK","-3.0","09:04:51","eb055a76-e4ad-4b59-ab8b-eea5459b37b3","69f5cd01-1906-43db-a899-a1ef55a22f3c","flight_management"
"25a98ac2-95a9-43a8-a4ab-76b613cf9ffe","TURN","","SKYWAVE_PHASE_4_5","-3.0","09:06:27","2a6602c0-8bcc-42a7-a806-f4ea940cbc3e","","","MessagingEndUser","0PAg8000000ZfMrGAK","-3.0","09:06:25","869f899e-0bcd-4aba-acfb-407599a56bfb","911051eb-a2d1-4941-a8ee-278813746198","mileage_account"
"25a98ac2-95a9-43a8-a4ab-76b613cf9ffe","TURN","","SKYWAVE_PHASE_4_5","-3.0","09:06:49","3a89dc5c-65c5-4e08-a59f-4f0390f4360a","","","MessagingEndUser","0PAg8000000ZfMrGAK","-3.0","09:06:45","589053e2-b110-4518-a250-57edd0976201","6e7993ee-56f6-4f25-a27a-83b3537817b7","mileage_account"
"25a98ac2-95a9-43a8-a4ab-76b613cf9ffe","TURN","","SKYWAVE_PHASE_4_5","-3.0","09:07:29","f0f69c3c-76a9-4e13-afd8-584924a12ccc","","","MessagingEndUser","0PAg8000000ZfMrGAK","-3.0","09:07:27","7cc3496a-2c6d-4b70-a1ad-e127114977f4","1f1f524a-8c98-4472-a759-8d9b4ed79025","flight_management"
"25a98ac2-95a9-43a8-a4ab-76b613cf9ffe","TURN","","SKYWAVE_PHASE_4_5","-3.0","09:08:06","54f2fdaf-db0a-4a26-a8df-89b5f8e257ef","","","MessagingEndUser","0PAg8000000ZfMrGAK","-3.0","09:08:04","d3e1f30d-d50e-4c10-ad78-0cb1a4f926a6","d41a249a-ff5e-4439-ad33-442ae2a7a90d","flight_management"
"25a98ac2-95a9-43a8-a4ab-76b613cf9ffe","SESSION_END","","SKYWAVE_PHASE_4_5","-3.0","09:08:06","aceb7483-fe12-44cf-a908-6e42f2b1ad28","","","","","-3.0","09:08:06","43492779-c85a-4f0f-a15b-f284f7288879","01d8f73c-e86f-4668-a9c5-c6192dbdb4c5","NOT_SET"
"cac584e0-9e70-4a2e-abec-25caa6f3146e","TURN","","SKYWAVE_PHASE_4_5","-9.0","14:16:03","8e08d5a2-e662-4835-a212-821f07c89228","","","MessagingEndUser","0PAg8000000Zim9GAC","-9.0","14:16:00","64934884-a6b7-4b54-a340-bfa7010e13b4","548a96a1-e43b-47ad-af9a-7d5e3d84d883","flight_management"
"cac584e0-9e70-4a2e-abec-25caa6f3146e","TURN","","SKYWAVE_PHASE_4_5","-9.0","14:16:33","47f079d2-a9c5-4ef8-ab85-a39a6407dcd4","","","MessagingEndUser","0PAg8000000Zim9GAC","-9.0","14:16:31","250d581c-d2b6-4aae-a13a-371e86628d67","1a32acd5-a38f-4595-a33f-c16edd3c09b9","flight_management"
"cac584e0-9e70-4a2e-abec-25caa6f3146e","TURN","","SKYWAVE_PHASE_4_5","-9.0","14:20:01","5ad243a1-cbd2-4b23-a273-d82d2c2fadf8","","","MessagingEndUser","0PAg8000000Zim9GAC","-9.0","14:19:59","1c1325ad-edeb-410d-a9a9-d7f570f25ca9","c1aa7684-bffa-49ab-ae62-80c66de8ec49","name_change"
"cac584e0-9e70-4a2e-abec-25caa6f3146e","TURN","","SKYWAVE_PHASE_4_5","-9.0","14:21:10","e82321c6-db2c-4713-a8d8-7bfaa1a7476c","","","MessagingEndUser","0PAg8000000Zim9GAC","-9.0","14:21:06","453609fa-3f04-433c-a736-f049cb01feb2","827c4e07-4da6-433b-ae50-d845de19ef42","name_change"
"cac584e0-9e70-4a2e-abec-25caa6f3146e","TURN","","SKYWAVE_PHASE_4_5","-9.0","14:21:31","f54a96c9-da1c-4880-ae79-faa4293f6efe","","","MessagingEndUser","0PAg8000000Zim9GAC","-9.0","14:21:27","2729ed26-784a-4aa5-aa0c-8913442aa367","e04ebec8-7b97-46d8-a6ef-ba315db359b1","name_change"
"cac584e0-9e70-4a2e-abec-25caa6f3146e","TURN","","SKYWAVE_PHASE_4_5","-9.0","14:24:50","b8bf9596-f72d-436c-a1f4-9af48c4ad037","","","MessagingEndUser","0PAg8000000Zim9GAC","-9.0","14:24:48","73b1109a-b62e-4f8f-a5bf-3d7092572dab","78bc770e-a0c5-4174-a8b3-c087c2776153","name_change"
"cac584e0-9e70-4a2e-abec-25caa6f3146e","SESSION_END","","SKYWAVE_PHASE_4_5","-9.0","14:24:50","ef6522f5-0c8e-408d-abec-841761fc2968","","","","","-9.0","14:24:50","cd43d630-8b7c-4dc2-a420-273a547e0bfb","a0f4d3a1-3311-418b-a421-6f553b04d9de","NOT_SET"
"8e367453-c31e-452b-a42c-a40c64adfdf5","TURN","","SKYWAVE_PHASE_4_5","-1.0","19:39:03","4512dc9b-6df1-44e0-a80b-591b1124d86f","","","MessagingEndUser","0PAg8000000ZjblGAC","-1.0","19:39:00","7089c194-3319-43b6-adfe-d4c754e68d94","4a1bef88-0f7e-40e8-a216-afa6bb1fe43e","flight_management"
"8e367453-c31e-452b-a42c-a40c64adfdf5","TURN","","SKYWAVE_PHASE_4_5","-1.0","19:40:14","6247c325-5900-4a2f-ae88-725ed3fe46b9","","","MessagingEndUser","0PAg8000000ZjblGAC","-1.0","19:40:11","d4c70a06-d948-423d-a8da-77362a20c77f","7429c071-ddc0-4e6f-aab0-0d253c9a7acb","flight_management"
"8e367453-c31e-452b-a42c-a40c64adfdf5","SESSION_END","","SKYWAVE_PHASE_4_5","-1.0","19:40:14","e8d993e9-366a-4732-a89f-6dc3e4c0e613","","","","","-1.0","19:40:14","c44c7813-fad6-48bf-a80c-9ff69a31c121","fd2942ff-e5ae-4c62-a33c-fd9d3fbe2b79","NOT_SET"
"3648a988-5c8f-4eeb-a5c6-b14d73bd687a","TURN","","SKYWAVE_PHASE_4_5","-13.0","18:08:03","6e5e89c4-5f9d-42c5-a85a-f8a2ca800a48","","","MessagingEndUser","0PAg8000000Zl5hGAC","-13.0","18:08:00","9d1b7e21-ff5d-4584-a5f5-fd646fc87081","82c80ead-0d60-4267-af20-fb86664918bd","off_topic"
"3648a988-5c8f-4eeb-a5c6-b14d73bd687a","TURN","","SKYWAVE_PHASE_4_5","-13.0","18:10:05","b168e758-c011-4f80-a8d6-e1982c0c099b","","","MessagingEndUser","0PAg8000000Zl5hGAC","-13.0","18:10:01","5002e06d-8fcf-49c3-ae4b-58d388d3c9d2","0eb0d2df-f8f9-4ac3-ab80-fbee2dd18686","off_topic"
"3648a988-5c8f-4eeb-a5c6-b14d73bd687a","TURN","","SKYWAVE_PHASE_4_5","-13.0","18:11:12","70138f39-68db-4b5a-a323-ad1202fbe590","","","MessagingEndUser","0PAg8000000Zl5hGAC","-13.0","18:11:08","e9cbb8bd-ce69-4b24-a79d-40d44d981362","270b5d6b-6b1e-42e8-a641-5e0fd5b971e1","mileage_account"
"3648a988-5c8f-4eeb-a5c6-b14d73bd687a","TURN","","SKYWAVE_PHASE_4_5","-13.0","18:13:49","f710234c-c804-4c1d-a0e4-cfdbb515690a","","","MessagingEndUser","0PAg8000000Zl5hGAC","-13.0","18:13:45","3e2bffef-7e34-4604-a24f-d90ef5a612f0","2c6212cb-7c4d-4c88-a703-08caa20ed5ed","mileage_account"
"3648a988-5c8f-4eeb-a5c6-b14d73bd687a","TURN","","SKYWAVE_PHASE_4_5","-13.0","18:14:34","eb4039d4-e4d4-4663-abcd-6c445d584940","","","MessagingEndUser","0PAg8000000Zl5hGAC","-13.0","18:14:30","c28ae473-5668-47a9-abb9-6e5933aa8555","790f278e-0ce5-4465-aec6-f3ee0fe0263c","name_change"
"3648a988-5c8f-4eeb-a5c6-b14d73bd687a","TURN","","SKYWAVE_PHASE_4_5","-13.0","18:15:40","6b5b09f3-bf8a-4d65-a7dc-bf43974a0fb1","","","MessagingEndUser","0PAg8000000Zl5hGAC","-13.0","18:15:37","dbb423a3-b111-4055-a37d-35f8394fd385","1561bce4-80c0-4bca-a1a1-8b4a183ad026","name_change"
"3648a988-5c8f-4eeb-a5c6-b14d73bd687a","SESSION_END","","SKYWAVE_PHASE_4_5","-13.0","18:15:40","9de33e3f-ebe3-4426-ad5b-6ebfa716535a","","","","","-13.0","18:15:40","21ec17f6-a8a4-44b1-afec-253ee3716b37","43dfcfdf-ed8a-4e03-adcd-04643d7fc012","NOT_SET"
"45d1fd02-36b6-487d-a87c-d528a8114087","TURN","","SKYWAVE_PHASE_4_5","-10.0","15:04:02","3e8c3875-d221-46e2-afa9-611681020038","","","MessagingEndUser","0PAg8000000ZlTtGAK","-10.0","15:04:00","dbf9efa4-008d-4439-a111-12522827713c","b148b419-edc8-420d-a188-4b92d82e181a","name_change"
"45d1fd02-36b6-487d-a87c-d528a8114087","TURN","","SKYWAVE_PHASE_4_5","-10.0","15:05:03","d2732438-e9bd-4ed1-ac3f-64bdb3cae327","","","MessagingEndUser","0PAg8000000ZlTtGAK","-10.0","15:05:00","d56d4fb4-d423-4411-a5bc-57426c70e83e","a4dbe3f2-46b7-4d4b-a5af-45e90cbab93b","name_change"
"45d1fd02-36b6-487d-a87c-d528a8114087","SESSION_END","","SKYWAVE_PHASE_4_5","-10.0","15:05:03","55f3cf9d-db01-4486-a178-c0f3845149d6","","","","","-10.0","15:05:03","fe31e30f-9f6e-4c77-abdd-40c2974b70ae","5defedb9-b0cc-4fd9-a0a8-8043ef5558b1","NOT_SET"
"14b2d4fa-6cbf-424e-a429-9a7da02e87ec","TURN","","SKYWAVE_PHASE_4_5","-12.0","09:49:02","5cdb6770-241c-4afc-a150-2a91ceccf295","","","MessagingEndUser","0PAg8000000ZpBpGAK","-12.0","09:49:00","06974ccf-e9e1-49a9-accd-73b4c4fee623","7f6dab03-ec7c-429b-a262-ab5f9ff7fff8","mileage_account"
"14b2d4fa-6cbf-424e-a429-9a7da02e87ec","TURN","","SKYWAVE_PHASE_4_5","-12.0","09:51:20","8a4d2db4-954f-4ee7-af66-fbb6536ad4f3","","","MessagingEndUser","0PAg8000000ZpBpGAK","-12.0","09:51:18","5d9d3a9f-4b2f-4b70-aac8-0bc71a077ab5","6b61778c-5a71-4f29-a73b-441223c276f0","mileage_account"
"14b2d4fa-6cbf-424e-a429-9a7da02e87ec","SESSION_END","","SKYWAVE_PHASE_4_5","-12.0","09:51:20","2170cefc-6175-40ed-a819-fe8e194557a4","","","","","-12.0","09:51:20","90a1a181-8d99-4ffa-a0ef-a6d16a262b97","9b537dcd-8ab3-488c-ab0b-50ca0c547170","NOT_SET"
"6b1caea2-ad67-4922-af12-83333c219dd7","TURN","","SKYWAVE_PHASE_4_5","-5.0","16:20:03","9f9da544-6523-4bc9-a7e7-d794b0ef7078","","","MessagingEndUser","0PAg8000000ZqYPGA0","-5.0","16:20:00","8b353090-04c0-41df-a905-591fa12f8a27","f50ab83e-f7bd-4501-a2e6-0911f4c30969","off_topic"
"6b1caea2-ad67-4922-af12-83333c219dd7","TURN","","SKYWAVE_PHASE_4_5","-5.0","16:22:58","34d6a226-64b3-42b6-a1e8-34db83e621f4","","","MessagingEndUser","0PAg8000000ZqYPGA0","-5.0","16:22:55","62c14b3b-7376-4b08-a386-f9d1ee28ccaa","a001491d-83db-4c3b-abe0-659f1d387259","off_topic"
"6b1caea2-ad67-4922-af12-83333c219dd7","TURN","","SKYWAVE_PHASE_4_5","-5.0","16:23:21","9bb72154-9b25-488f-ab10-5dc91056dfb6","","","MessagingEndUser","0PAg8000000ZqYPGA0","-5.0","16:23:17","1511f87a-ec45-485d-a43e-62ed500dda51","48f93a52-3346-4190-a248-9e2f94387bf2","flight_management"
"6b1caea2-ad67-4922-af12-83333c219dd7","TURN","","SKYWAVE_PHASE_4_5","-5.0","16:24:28","8d13309b-f6a8-4ced-a34c-509841a8d5e6","","","MessagingEndUser","0PAg8000000ZqYPGA0","-5.0","16:24:25","d8878e25-c78d-4205-a9be-2af961e2dea4","43ecb56a-c096-4573-ac82-431572a0070e","flight_management"
"6b1caea2-ad67-4922-af12-83333c219dd7","TURN","","SKYWAVE_PHASE_4_5","-5.0","16:27:14","d2dbd6ab-80cc-4903-add9-5929e1b1de1c","","","MessagingEndUser","0PAg8000000ZqYPGA0","-5.0","16:27:12","8f7dc13f-d9af-41b0-a19a-f8a905c18737","21c5c44e-b6b9-4532-abc5-d4f0fb36e510","name_change"
"6b1caea2-ad67-4922-af12-83333c219dd7","TURN","","SKYWAVE_PHASE_4_5","-5.0","16:28:12","cf2fa513-0c96-4a48-a509-94e59348de90","","","MessagingEndUser","0PAg8000000ZqYPGA0","-5.0","16:28:09","057e1e6b-6e02-4ad5-a01c-863263cd1a33","ef6f63d7-f56d-4a89-a25e-4a27e9a9b560","name_change"
"6b1caea2-ad67-4922-af12-83333c219dd7","SESSION_END","","SKYWAVE_PHASE_4_5","-5.0","16:28:12","275eba51-e8fd-408a-adc8-926992d9d621","","","","","-5.0","16:28:12","37dd5d05-06ff-4409-a485-6288f3c56610","8e10aade-02d2-4e63-af58-40933d3c0ddd","NOT_SET"
"2a3c5541-65b0-4bc8-a1ac-6de7f5138679","TURN","","SKYWAVE_PHASE_4_5","-10.0","13:44:04","390164fa-b93f-4aa2-a011-52873bb648ae","","","MessagingEndUser","0PAg8000000Zqa1GAC","-10.0","13:44:00","280ba4a0-b8d6-4027-ab0b-47fa48d315e1","72fcb0c3-25dc-4082-a450-fbc4b17dc0fa","off_topic"
"2a3c5541-65b0-4bc8-a1ac-6de7f5138679","TURN","","SKYWAVE_PHASE_4_5","-10.0","13:44:34","3205b77e-f316-4020-a2ed-14886c9ab061","","","MessagingEndUser","0PAg8000000Zqa1GAC","-10.0","13:44:30","4bd303f6-4269-4f50-a36e-0cebc673309d","37ae02a9-4871-409f-a925-e6434f9afedc","off_topic"
"2a3c5541-65b0-4bc8-a1ac-6de7f5138679","SESSION_END","","SKYWAVE_PHASE_4_5","-10.0","13:44:34","92a92f5b-63f0-46fb-a1b4-0efd46308de4","","","","","-10.0","13:44:34","b3c1dac1-2293-455f-a70b-8d969b39c577","1549cd38-8e99-413b-aa50-8b17c0f814d6","NOT_SET"
"fb62c36b-fd29-4e70-a606-6c709dc951d7","TURN","","SKYWAVE_PHASE_4_5","-1.0","13:51:03","49d49712-5ae9-4588-abac-7cf90d5b19da","","","MessagingEndUser","0PAg8000000Zr1RGAS","-1.0","13:51:00","db6a9b92-554e-430c-a60a-196f22340d0f","fa4c6d1b-cd25-446c-a80f-e8954c3cf52b","flight_management"
"fb62c36b-fd29-4e70-a606-6c709dc951d7","TURN","","SKYWAVE_PHASE_4_5","-1.0","13:52:09","3024b330-463b-4b3a-a5d3-d3282a641cc6","","","MessagingEndUser","0PAg8000000Zr1RGAS","-1.0","13:52:06","e9965a7e-fd16-477e-afa1-a51fe97c7d30","4d10bfce-ba3e-4740-a137-b7f9ec8b137d","flight_management"
"fb62c36b-fd29-4e70-a606-6c709dc951d7","TURN","","SKYWAVE_PHASE_4_5","-1.0","13:52:53","78c6ad0a-ed4a-4e37-ac41-cf75a3e1ff8a","","","MessagingEndUser","0PAg8000000Zr1RGAS","-1.0","13:52:49","6d783747-255c-4c5c-a679-300474ca82a9","2596b87a-a47c-46ba-aade-375813ebe5c5","off_topic"
"fb62c36b-fd29-4e70-a606-6c709dc951d7","TURN","","SKYWAVE_PHASE_4_5","-1.0","13:56:40","bf19615e-4862-48f1-a90b-3991d16f1e1d","","","MessagingEndUser","0PAg8000000Zr1RGAS","-1.0","13:56:36","9970eb86-a027-4aa9-ab01-6933988f97c2","3ec0b853-e546-4f9b-a119-7275ce1d3215","off_topic"
"fb62c36b-fd29-4e70-a606-6c709dc951d7","SESSION_END","","SKYWAVE_PHASE_4_5","-1.0","13:56:40","125dcb19-b43d-4638-ae22-e7361f854d5b","","","","","-1.0","13:56:40","8ef81c26-5845-462f-ac36-42912c6c47ab","877eccc9-ff24-4158-aff7-678932e4e604","NOT_SET"
"2d7a7c19-6b2a-4f5b-aab7-2bac527dfd91","TURN","","SKYWAVE_PHASE_4_5","-4.0","19:50:04","2a72545b-0534-46c1-af5b-dd16020b1aea","","","MessagingEndUser","0PAg8000000ZrCjGAK","-4.0","19:50:00","f67c339e-fc62-4e47-aa35-251464ce90a2","7b45582d-bb1c-4a53-a3ed-1bca7b9c790d","flight_management"
"2d7a7c19-6b2a-4f5b-aab7-2bac527dfd91","TURN","","SKYWAVE_PHASE_4_5","-4.0","19:50:28","0f274669-b9bc-46d1-a9f5-a7f5e485f552","","","MessagingEndUser","0PAg8000000ZrCjGAK","-4.0","19:50:26","b200de39-2276-4e7c-a616-dace1cb0995c","ed50c0d3-36e9-4bc0-a357-3dc931330f3e","flight_management"
"2d7a7c19-6b2a-4f5b-aab7-2bac527dfd91","SESSION_END","","SKYWAVE_PHASE_4_5","-4.0","19:50:28","66013376-9d0b-4df5-a24f-5a0871f79ca4","","","","","-4.0","19:50:28","d66452f8-fa99-4481-adc1-e2ed7945e1e2","96e9ab8c-43fd-48b4-a587-7b37f32d048b","NOT_SET"
"1e2a4660-a4d7-4bee-a438-d925f4369077","TURN","","SKYWAVE_PHASE_4_5","-7.0","15:27:04","3ab42500-44c6-4436-a819-ba863514ff75","","","MessagingEndUser","0PAg8000000ZMaLGAW","-7.0","15:27:00","b576817d-98af-4933-aaa6-c8b0fd3a7bff","65e8a76a-3d49-4590-ad21-cd9187a662fe","flight_management"
"1e2a4660-a4d7-4bee-a438-d925f4369077","TURN","","SKYWAVE_PHASE_4_5","-7.0","15:28:03","869487e6-192e-484e-a86c-bc0dd4b0d836","","","MessagingEndUser","0PAg8000000ZMaLGAW","-7.0","15:27:59","991121f8-d47c-4505-ae02-4b6829426d16","7de4ee73-bd46-48c3-a12a-fbb42986b6d3","flight_management"
"1e2a4660-a4d7-4bee-a438-d925f4369077","SESSION_END","","SKYWAVE_PHASE_4_5","-7.0","15:28:03","f7355e47-f408-49fc-aca9-266f091e4484","","","","","-7.0","15:28:03","893a2114-7d46-4b1b-a54e-3cc712a279e3","ea93b097-b145-4fe9-ab2e-7b958182b1ca","NOT_SET"
"551fc493-e42e-4281-a013-e9233d7a7df0","TURN","","SKYWAVE_PHASE_4_5","-12.0","08:47:02","cb3ed79c-fa80-4d1e-a926-7518633730a9","","","MessagingEndUser","0PAg8000000ZOM1GAO","-12.0","08:47:00","8f0b707e-39f3-4ccc-a47b-f399488e30dc","507f5e1a-c0e0-47f8-a20b-87351ebb19cc","name_change"
"551fc493-e42e-4281-a013-e9233d7a7df0","TURN","","SKYWAVE_PHASE_4_5","-12.0","08:49:11","cf9882e9-a0da-4c57-a674-d939d35317f4","","","MessagingEndUser","0PAg8000000ZOM1GAO","-12.0","08:49:09","6d1c2244-72df-42c5-a189-fd6bc2572a18","de072bfe-6083-43e3-abe8-ef9f57c75406","name_change"
"551fc493-e42e-4281-a013-e9233d7a7df0","TURN","","SKYWAVE_PHASE_4_5","-12.0","08:50:05","77dd6ed7-32ad-41a8-aefd-1a0e12aee0c4","","","MessagingEndUser","0PAg8000000ZOM1GAO","-12.0","08:50:01","841c849f-8747-4521-a151-aeb429a92bbe","08bcb6c3-1656-4da2-a852-b929a0cb982b","flight_management"
"551fc493-e42e-4281-a013-e9233d7a7df0","TURN","","SKYWAVE_PHASE_4_5","-12.0","08:50:42","1aa5dfbf-415a-49ba-a1e3-5df614ca39b9","","","MessagingEndUser","0PAg8000000ZOM1GAO","-12.0","08:50:38","96316de3-b55b-40cd-a77d-1bc3907e0530","d2b5eb0b-500f-400f-a260-393093a3f13c","flight_management"
"551fc493-e42e-4281-a013-e9233d7a7df0","TURN","","SKYWAVE_PHASE_4_5","-12.0","08:51:53","e22edae0-e2a5-45c5-acd4-c67776af29a7","","","MessagingEndUser","0PAg8000000ZOM1GAO","-12.0","08:51:50","22345640-db0a-41f9-af2d-186bafb9fd78","2619a11a-79e1-4545-a99d-28c17250a533","flight_management"
"551fc493-e42e-4281-a013-e9233d7a7df0","TURN","","SKYWAVE_PHASE_4_5","-12.0","08:52:17","58aeb846-370d-4167-a37d-3fc36f43f2aa","","","MessagingEndUser","0PAg8000000ZOM1GAO","-12.0","08:52:15","de2d9960-9e33-479e-a727-e0909165d060","d734f7d8-0801-478e-aecf-7437f8a0005d","flight_management"
"551fc493-e42e-4281-a013-e9233d7a7df0","SESSION_END","","SKYWAVE_PHASE_4_5","-12.0","08:52:17","5d07f044-70e2-4486-a5a8-7cffd2529022","","","","","-12.0","08:52:17","e9c03505-3498-45d1-ac67-4e788ad9f574","1ac2d12d-692e-4ef6-acf9-5be192b3adc9","NOT_SET"
"6a028b10-3524-4224-a001-cfea6fbcb3f6","TURN","","SKYWAVE_PHASE_4_5","-12.0","18:24:02","05929bfa-49a8-4e6b-a795-089c72596e51","","","MessagingEndUser","0PAg8000000ZOgzGAG","-12.0","18:24:00","1985835d-6b6c-485e-ab3d-97100e987702","c66879d5-3257-45ec-a961-d013f03fb033","name_change"
"6a028b10-3524-4224-a001-cfea6fbcb3f6","TURN","","SKYWAVE_PHASE_4_5","-12.0","18:25:18","48bcde94-4bf5-43dd-ac63-c5037b0114f8","","","MessagingEndUser","0PAg8000000ZOgzGAG","-12.0","18:25:16","9a54c7a6-1d6f-44fe-a880-836de843e66c","49248c09-112b-42ab-a01f-af628a3a6796","name_change"
"6a028b10-3524-4224-a001-cfea6fbcb3f6","SESSION_END","","SKYWAVE_PHASE_4_5","-12.0","18:25:18","5d072e80-0809-4989-adb5-11fee2b54f71","","","","","-12.0","18:25:18","595e1519-f97c-4725-ac25-abe187d3d36c","7a1290fc-37e2-4743-aec3-b1daba0e4906","NOT_SET"
"86c88c4b-90dd-4350-ac31-c63603f4d636","TURN","","SKYWAVE_PHASE_4_5","-10.0","18:59:03","22b4209a-5a3f-4881-a875-7aa31d2ac506","","","MessagingEndUser","0PAg8000000ZOibGAG","-10.0","18:59:00","bc18ba7b-b0e2-40fa-ae2d-b8a715039265","323f17bc-20de-4193-a290-d35d3ea81aa9","flight_management"
"86c88c4b-90dd-4350-ac31-c63603f4d636","TURN","","SKYWAVE_PHASE_4_5","-10.0","19:03:54","f9f2793b-a8fa-497a-a76c-60d86cc1529b","","","MessagingEndUser","0PAg8000000ZOibGAG","-10.0","19:03:51","7938e8a1-9035-4288-ae2d-813a03a85f9d","3e2b67e7-2af4-4b9a-a781-1c595c79817f","flight_management"
"86c88c4b-90dd-4350-ac31-c63603f4d636","SESSION_END","","SKYWAVE_PHASE_4_5","-10.0","19:03:54","b33f55b3-2d77-476e-aff3-5fead06508d1","","","","","-10.0","19:03:54","514bfeac-840b-49c3-aadd-a96a1b99c458","afc0339f-bd1c-4a56-ad28-7d1a4735758a","NOT_SET"
"5ff5713c-a7a9-4937-a7fc-1a8bd138545e","TURN","","SKYWAVE_PHASE_4_5","-13.0","12:42:03","04155f6d-2418-4f3a-afdf-b8395854bddc","","","MessagingEndUser","0PAg8000000ZOvVGAW","-13.0","12:42:00","862678d4-2407-440a-a2f6-3fe389b39d75","ee481e58-62b0-47af-a039-d0965575b38a","flight_management"
"5ff5713c-a7a9-4937-a7fc-1a8bd138545e","TURN","","SKYWAVE_PHASE_4_5","-13.0","12:44:51","14c6aeed-037f-4274-acee-ad6f00f11c8f","","","MessagingEndUser","0PAg8000000ZOvVGAW","-13.0","12:44:48","2bba574a-838f-4268-ad86-37395ea105b0","0f715e93-c162-47db-a06b-4476bda0b4bb","flight_management"
"5ff5713c-a7a9-4937-a7fc-1a8bd138545e","TURN","","SKYWAVE_PHASE_4_5","-13.0","12:45:55","b5ae2d4c-f270-4dce-aed3-0d134f3a9e13","","","MessagingEndUser","0PAg8000000ZOvVGAW","-13.0","12:45:51","edf632e1-dbdb-4df6-a030-d03cd558bf54","1131aeb7-5fa3-4fd6-a4ba-26fa6d40c038","flight_management"
"5ff5713c-a7a9-4937-a7fc-1a8bd138545e","TURN","","SKYWAVE_PHASE_4_5","-13.0","12:46:28","7cd665eb-7f02-4a6a-acab-579be496a43c","","","MessagingEndUser","0PAg8000000ZOvVGAW","-13.0","12:46:24","c03565cc-04d1-45aa-a3c9-9ffb6a60d521","71bb2931-6298-4b36-a27c-24e02b5c0119","flight_management"
"5ff5713c-a7a9-4937-a7fc-1a8bd138545e","SESSION_END","","SKYWAVE_PHASE_4_5","-13.0","12:46:28","e091e7b4-7e76-44a0-a8e0-bf5ff3b06e96","","","","","-13.0","12:46:28","fe55cb96-b9f0-4a6a-ab9e-bcc0dd3ea159","ff2771ab-994b-44c0-a5ef-21ef0bb882fb","NOT_SET"
"badde09e-5dbf-4155-ac64-0af353c0a724","TURN","","SKYWAVE_PHASE_4_5","-13.0","19:54:02","432a4fdc-669d-41d9-a6dc-9d6a72547a23","","","MessagingEndUser","0PAg8000000ZP6nGAG","-13.0","19:54:00","fa46dfa0-8a66-4254-a4c7-99bd494a7db4","aa2f769e-73ea-4f6f-a961-f434fb061e45","flight_management"
"badde09e-5dbf-4155-ac64-0af353c0a724","TURN","","SKYWAVE_PHASE_4_5","-13.0","19:54:48","be200337-d72f-45ad-a5c1-c0b651f9a9dd","","","MessagingEndUser","0PAg8000000ZP6nGAG","-13.0","19:54:44","1e546f30-dd30-4b1e-a0e2-c50dae7d7dce","ad075cf6-7b9d-49ab-a3c4-4acfa935635a","flight_management"
"badde09e-5dbf-4155-ac64-0af353c0a724","TURN","","SKYWAVE_PHASE_4_5","-13.0","19:55:57","fcbd50cd-1814-48d6-a2be-4297745ba016","","","MessagingEndUser","0PAg8000000ZP6nGAG","-13.0","19:55:54","f3b61305-1070-4b44-a8a2-16b9b5ded119","79c2e0d0-8971-4d56-ad30-a1f789a11cd6","mileage_account"
"badde09e-5dbf-4155-ac64-0af353c0a724","TURN","","SKYWAVE_PHASE_4_5","-13.0","19:56:54","ac836657-543a-4004-ae8d-fafafddcc887","","","MessagingEndUser","0PAg8000000ZP6nGAG","-13.0","19:56:51","ad1259f3-7ab4-4802-aeb4-64a83719615f","bcf11d71-d492-46d8-a4e1-69794afa2594","mileage_account"
"badde09e-5dbf-4155-ac64-0af353c0a724","TURN","","SKYWAVE_PHASE_4_5","-13.0","19:57:41","1ec082f6-e76f-4544-ab2a-8e14b994f5ec","","","MessagingEndUser","0PAg8000000ZP6nGAG","-13.0","19:57:39","0ffa931b-43a2-40c0-a4f7-0ce44214d14c","8011a325-da15-417b-aaba-355af739138a","case_management"
"badde09e-5dbf-4155-ac64-0af353c0a724","TURN","","SKYWAVE_PHASE_4_5","-13.0","19:58:36","0cfd79ed-230e-46a9-ac05-678adc0ab1da","","","MessagingEndUser","0PAg8000000ZP6nGAG","-13.0","19:58:32","3b953c6d-ad66-48b7-a185-f02318957a58","f5ac430a-5ee5-4d0c-a027-bf1faf68a376","case_management"
"badde09e-5dbf-4155-ac64-0af353c0a724","SESSION_END","","SKYWAVE_PHASE_4_5","-13.0","19:58:36","140b5df0-540f-40f1-a5b0-47688e126078","","","","","-13.0","19:58:36","ccd04281-b410-4991-ab16-a4a2b23420ea","7508f898-036b-45c0-a256-4a98d8dc0105","NOT_SET"
"458ea171-e9c6-4450-a2c7-c2c0e500b499","TURN","","SKYWAVE_PHASE_4_5","-7.0","13:49:03","c3a3a963-ca80-4138-ad11-ba3227c0160f","","","MessagingEndUser","0PAg8000000ZP8PGAW","-7.0","13:49:00","be07aaf8-f234-4378-a532-7efca0ce4c79","3aed048c-7cbd-4108-a944-5eb1fe95aab0","flight_management"
"458ea171-e9c6-4450-a2c7-c2c0e500b499","TURN","","SKYWAVE_PHASE_4_5","-7.0","13:50:11","a9787d6b-cffb-4fde-a543-8bc76d68198b","","","MessagingEndUser","0PAg8000000ZP8PGAW","-7.0","13:50:07","0895105d-8a08-4932-a87b-b4017db4891c","591e28ed-7a74-4a72-afa7-c304e16367ea","flight_management"
"458ea171-e9c6-4450-a2c7-c2c0e500b499","SESSION_END","","SKYWAVE_PHASE_4_5","-7.0","13:50:11","5c80a0d1-847a-49e1-a79d-afebec706129","","","","","-7.0","13:50:11","0c775dff-6b7e-4ca2-ab64-1b2b8de74d95","2953342c-dc89-445c-a55d-91c571804df0","NOT_SET"
"98f532e7-c750-4ed1-aee0-a35571f47700","TURN","","SKYWAVE_PHASE_4_5","-11.0","09:14:04","1841f7f0-8073-4bae-a943-2f196c5c4fca","","","MessagingEndUser","0PAg8000000ZPd3GAG","-11.0","09:14:00","58f8abf8-419d-4155-afa3-a71d27ba65c8","e313c0af-d21b-4d13-a55f-167caa80d1d5","flight_management"
"98f532e7-c750-4ed1-aee0-a35571f47700","TURN","","SKYWAVE_PHASE_4_5","-11.0","09:15:03","f9cc88c4-fcab-47f5-a5ae-063a76cc68fe","","","MessagingEndUser","0PAg8000000ZPd3GAG","-11.0","09:14:59","0945623e-b226-4988-a83f-23a4c8fff52c","ef14c0b1-8ddd-418c-a354-afbeb979ea89","flight_management"
"98f532e7-c750-4ed1-aee0-a35571f47700","SESSION_END","","SKYWAVE_PHASE_4_5","-11.0","09:15:03","4866674d-e135-4463-a8a2-6578238c82a6","","","","","-11.0","09:15:03","d5367e97-d7aa-4fa2-a2ab-3f50262a8176","eb4172c6-256b-471d-ab78-fea4576b82a0","NOT_SET"
"835c4acd-8ae2-4830-ab31-1d287cd61ff4","TURN","","SKYWAVE_PHASE_4_5","-1.0","08:07:02","a546d30a-096c-4028-aec7-d2a0d1f494ec","","","MessagingEndUser","0PAg8000000ZPtBGAW","-1.0","08:07:00","2a0cfce2-5f9a-4d8f-a265-6c219228e500","1508314a-2443-4b25-a372-16f3412700d0","flight_management"
"835c4acd-8ae2-4830-ab31-1d287cd61ff4","TURN","","SKYWAVE_PHASE_4_5","-1.0","08:07:22","c5301998-faa0-4caf-aa8c-8eaf27849e06","","","MessagingEndUser","0PAg8000000ZPtBGAW","-1.0","08:07:19","ff4bedc2-3322-4793-afc3-50bda90be7e1","e909b30b-b914-43c3-a040-80e4c2f86736","flight_management"
"835c4acd-8ae2-4830-ab31-1d287cd61ff4","SESSION_END","","SKYWAVE_PHASE_4_5","-1.0","08:07:22","d1c83124-ed96-4150-aa60-a8c4875b8d11","","","","","-1.0","08:07:22","b3c39ef0-0292-4e3c-a8a2-33777afc10bb","a4ff5173-f6ed-49e8-a59f-a5a5739ede39","NOT_SET"
"2528817f-5027-45a8-ae93-b2a3a0f9d918","TURN","","SKYWAVE_PHASE_4_5","-14.0","14:02:02","dd792234-e5d9-4093-a741-1c085be7ef1c","","","MessagingEndUser","0PAg8000000ZRgTGAW","-14.0","14:02:00","d0a4fc7b-f919-45d8-a433-54886024048a","58913c21-bd52-4714-a17e-45ff78ad6675","flight_management"
"2528817f-5027-45a8-ae93-b2a3a0f9d918","TURN","","SKYWAVE_PHASE_4_5","-14.0","14:02:42","71cbe86d-3ea3-4124-a526-fda41e676e99","","","MessagingEndUser","0PAg8000000ZRgTGAW","-14.0","14:02:40","229c8494-9af5-4fcc-ac8e-a99b80dc0b73","87060227-aed3-4c98-a033-9ae2f7913fa0","flight_management"
"2528817f-5027-45a8-ae93-b2a3a0f9d918","SESSION_END","","SKYWAVE_PHASE_4_5","-14.0","14:02:42","29e08245-5fd2-4281-a319-e3c61e842abf","","","","","-14.0","14:02:42","e453334f-b8b4-42c2-a234-634e18ac00f6","81735198-b29d-4761-a4ce-c367e49d3367","NOT_SET"
"4e8c5251-86f7-4996-a2fa-f9b05169799b","TURN","","SKYWAVE_PHASE_4_5","-10.0","16:07:04","4925a9ce-77c1-4831-abf2-ebeb2ce007a7","","","MessagingEndUser","0PAg8000000ZSRFGA4","-10.0","16:07:00","ad57b8b3-aed8-4e2e-a5ee-c419e2deaef4","66b57ee7-fd33-44f8-a141-2975424284d3","mileage_account"
"4e8c5251-86f7-4996-a2fa-f9b05169799b","TURN","","SKYWAVE_PHASE_4_5","-10.0","16:08:18","efd22c65-e984-4dcd-ae03-f25f032cb963","","","MessagingEndUser","0PAg8000000ZSRFGA4","-10.0","16:08:16","db1daddc-7d01-4cb6-ae77-06ac73744641","8b407be2-ce50-4bc6-a1a3-cbefb4e76f2f","mileage_account"
"4e8c5251-86f7-4996-a2fa-f9b05169799b","TURN","","SKYWAVE_PHASE_4_5","-10.0","16:08:54","2cdb323b-fd29-4ae3-a90c-c72d43332b36","","","MessagingEndUser","0PAg8000000ZSRFGA4","-10.0","16:08:50","d0df032b-c58a-45fc-ae7e-e012bf30b26c","9cc8512f-8174-4b35-abb5-a8728b872ec5","flight_management"
"4e8c5251-86f7-4996-a2fa-f9b05169799b","TURN","","SKYWAVE_PHASE_4_5","-10.0","16:09:46","df5d9e28-0a36-4daa-ade3-f2dd0eac48c3","","","MessagingEndUser","0PAg8000000ZSRFGA4","-10.0","16:09:44","0c3c7f92-71ab-4eff-a8cd-673266c771e9","295a4d77-13c1-4d24-a584-bbcc3b4e492c","flight_management"
"4e8c5251-86f7-4996-a2fa-f9b05169799b","SESSION_END","","SKYWAVE_PHASE_4_5","-10.0","16:09:46","d380815f-204f-4c2c-a814-db4a282f2b62","","","","","-10.0","16:09:46","13f7c7ed-f2cd-4abc-aa70-17c8d363cd9d","dba22003-35b6-422c-a678-05ef384ea896","NOT_SET"
"316ecaa3-7a77-44a2-ad74-af6cef306b1b","TURN","","SKYWAVE_PHASE_4_5","-3.0","09:22:03","ac77c889-f6a6-42fc-a618-4c8af5ec8176","","","MessagingEndUser","0PAg8000000ZSXhGAO","-3.0","09:22:00","01ad1fde-4fbc-4a7f-a2be-4e02f667c618","799a0b35-55b3-4b57-ac76-6f824fc2eacb","case_management"
"316ecaa3-7a77-44a2-ad74-af6cef306b1b","TURN","","SKYWAVE_PHASE_4_5","-3.0","09:23:13","59ea527e-3574-4f8e-ab2a-cde754ce0927","","","MessagingEndUser","0PAg8000000ZSXhGAO","-3.0","09:23:10","7e01ebc0-dfd2-4e6c-a715-6a54093447ba","a4263fa4-d8b2-4397-a0e9-9db82076f211","case_management"
"316ecaa3-7a77-44a2-ad74-af6cef306b1b","SESSION_END","","SKYWAVE_PHASE_4_5","-3.0","09:23:13","9c31c997-e8cd-47da-a169-186dc52f307d","","","","","-3.0","09:23:13","d9246be9-ecb8-4846-a20e-f3be73f2da88","cdd53f69-f2a5-4c26-a099-73872d53210a","NOT_SET"
"19e0fa78-c972-4d91-ad26-6cff9f8884fa","TURN","","SKYWAVE_PHASE_4_5","-5.0","16:05:04","85823f2d-7706-4d2c-a55b-45b4e286c1d7","","","MessagingEndUser","0PAg8000000ZTNJGA4","-5.0","16:05:00","9ab57764-009c-4521-a77c-7c3599f75991","1be4733b-1d9c-40b5-a661-6663e9b6a8bb","mileage_account"
"19e0fa78-c972-4d91-ad26-6cff9f8884fa","TURN","","SKYWAVE_PHASE_4_5","-5.0","16:09:03","abf7f2b2-82a9-4358-a9de-d0c930751de3","","","MessagingEndUser","0PAg8000000ZTNJGA4","-5.0","16:08:59","f92a66d4-88eb-46e0-a95e-b6898ef7f105","be47719e-0d97-4fcc-a338-59c823bc403a","mileage_account"
"19e0fa78-c972-4d91-ad26-6cff9f8884fa","TURN","","SKYWAVE_PHASE_4_5","-5.0","16:10:17","3d0f9c13-e7a7-4ab2-a7c6-1430c2f05f2c","","","MessagingEndUser","0PAg8000000ZTNJGA4","-5.0","16:10:15","f876b7b6-33d5-47c7-a425-74e0c644850d","cdd5d2f1-8750-4f9a-a492-ad59cd258fe6","flight_management"
"19e0fa78-c972-4d91-ad26-6cff9f8884fa","TURN","","SKYWAVE_PHASE_4_5","-5.0","16:11:17","4ec537c4-1742-494b-a9f9-edd1e436d8a5","","","MessagingEndUser","0PAg8000000ZTNJGA4","-5.0","16:11:13","25d598a3-c405-4a30-a6a9-4b5d6cc646a9","3c863129-350d-4f5b-ab38-9f4b428e304c","flight_management"
"19e0fa78-c972-4d91-ad26-6cff9f8884fa","SESSION_END","","SKYWAVE_PHASE_4_5","-5.0","16:11:17","47f0cc17-12fb-4b23-a5d2-26fd278799c5","","","","","-5.0","16:11:17","5c4d3469-c97f-48ac-a5ea-11d59c6c115a","7ed9b2d3-9efc-4ede-ad52-569ae10c95a1","NOT_SET"
"4d6797c1-41bb-4ee8-a241-728e445a47fb","TURN","","SKYWAVE_PHASE_4_5","-5.0","11:52:03","8a19c74c-1fc7-48c2-a7eb-afa7e001964f","","","MessagingEndUser","0PAg8000000ZUsrGAG","-5.0","11:52:00","f9dc0f7b-2cad-47b5-acc4-47b2a25f2cc7","9d2b276d-0258-4d3d-ad44-a8cba88f81f3","case_management"
"4d6797c1-41bb-4ee8-a241-728e445a47fb","TURN","","SKYWAVE_PHASE_4_5","-5.0","11:53:06","18806551-382a-4034-a348-391cd161fb0a","","","MessagingEndUser","0PAg8000000ZUsrGAG","-5.0","11:53:03","715cb031-915f-4505-ae0e-2aad24883dec","c8be8cd0-d9dc-4e46-a4b9-39d48c418951","case_management"
"4d6797c1-41bb-4ee8-a241-728e445a47fb","TURN","","SKYWAVE_PHASE_4_5","-5.0","11:53:36","a1c8c6bd-e7af-4be7-a4c4-cfe417503939","","","MessagingEndUser","0PAg8000000ZUsrGAG","-5.0","11:53:33","978fa964-cbaf-4b09-a95a-b69da138f352","91faf60b-31fc-4bc7-a36a-65cf4a0b084b","flight_management"
"4d6797c1-41bb-4ee8-a241-728e445a47fb","TURN","","SKYWAVE_PHASE_4_5","-5.0","11:54:03","33cc3041-0af4-4d9a-a4b5-00eff746f558","","","MessagingEndUser","0PAg8000000ZUsrGAG","-5.0","11:54:00","48ccf08e-ef60-45f2-a390-0d1821398ed9","9672182f-6c1a-4a79-ada9-16b9c6e948f0","flight_management"
"4d6797c1-41bb-4ee8-a241-728e445a47fb","SESSION_END","","SKYWAVE_PHASE_4_5","-5.0","11:54:03","7fad9bf1-851c-4284-a023-4fde14647c18","","","","","-5.0","11:54:03","993f94ea-1dfd-48ef-ad6c-4adf6674fe6a","3021a0c4-22f5-4dd5-a315-4f0080ea7c13","NOT_SET"
"819436cd-170b-49d9-ae97-ec8bb4c09da2","TURN","","SKYWAVE_PHASE_4_5","-7.0","13:12:02","218dba25-db5c-4c00-a0d2-e7fd263bd904","","","MessagingEndUser","0PAg8000000ZVDpGAO","-7.0","13:12:00","28f4861f-ccb3-4b71-ab31-fcbdc103b226","abe885a3-031d-426d-a9f8-1d8e5ee5f828","mileage_account"
"819436cd-170b-49d9-ae97-ec8bb4c09da2","TURN","","SKYWAVE_PHASE_4_5","-7.0","13:13:42","3799cb68-63cf-4166-af43-febfa5a4fe97","","","MessagingEndUser","0PAg8000000ZVDpGAO","-7.0","13:13:38","49076e4a-504a-437f-a6ff-4cb15b7f0b48","09013017-46b8-4385-a752-2c8f4522b5f0","mileage_account"
"819436cd-170b-49d9-ae97-ec8bb4c09da2","SESSION_END","","SKYWAVE_PHASE_4_5","-7.0","13:13:42","c9d394e0-2359-48b0-aa21-fafda7b35db5","","","","","-7.0","13:13:42","6c355b64-4ec5-485a-a339-7253522da77c","bf2a02a0-34fa-4e7a-a24f-a379f20c26f5","NOT_SET"
"707078b8-8fb7-4d34-af13-a68a82fe164f","TURN","","SKYWAVE_PHASE_4_5","-1.0","14:16:03","d41e033a-0c0a-4339-a62d-511592c89bc9","","","MessagingEndUser","0PAg8000000ZfMrGAK","-1.0","14:16:00","87bb477c-7a2c-49d9-a772-4d4815044e79","b3133492-f090-44b4-acd3-fd921f348e15","flight_management"
"707078b8-8fb7-4d34-af13-a68a82fe164f","TURN","","SKYWAVE_PHASE_4_5","-1.0","14:19:48","433aa9fa-8836-42b4-afe9-8d43e812989d","","","MessagingEndUser","0PAg8000000ZfMrGAK","-1.0","14:19:44","b47298fd-6315-45c5-a67a-7cc508e7370a","bfc22768-24c7-4422-a4a4-84f0c23e5113","flight_management"
"707078b8-8fb7-4d34-af13-a68a82fe164f","SESSION_END","","SKYWAVE_PHASE_4_5","-1.0","14:19:48","cb4664d8-ec4f-441a-a255-fc500f312725","","","","","-1.0","14:19:48","b1a95d26-c1f0-4021-a484-27adb760cc4f","772fb747-7490-4d6a-adf4-5be0eaf1cafb","NOT_SET"
"9b257127-52b3-4b51-a432-a6223a12de55","TURN","","SKYWAVE_PHASE_4_5","-14.0","18:07:03","4e77d237-c0c7-4c50-ac82-76fec857d519","","","MessagingEndUser","0PAg8000000Zim9GAC","-14.0","18:07:00","9a3c161b-2d00-48e4-af86-ffd23e1c5de8","2d62c6d3-d179-4a6a-ad89-74c7536cd93f","case_management"
"9b257127-52b3-4b51-a432-a6223a12de55","TURN","","SKYWAVE_PHASE_4_5","-14.0","18:07:52","d12ad135-de08-4cad-a32e-e933ccd66c3e","","","MessagingEndUser","0PAg8000000Zim9GAC","-14.0","18:07:49","90e96a2c-630c-4c19-a8cc-a3dbdbae60d5","c9184f81-fc66-42f1-a544-46dd291e5864","case_management"
"9b257127-52b3-4b51-a432-a6223a12de55","TURN","","SKYWAVE_PHASE_4_5","-14.0","18:08:25","0186add9-253b-4b27-a3d5-5d62d0449584","","","MessagingEndUser","0PAg8000000Zim9GAC","-14.0","18:08:22","bee39030-0eaa-48df-a294-e6fb6e57d5d5","5407f809-a9f8-45f3-af61-83ef56ae3f58","name_change"
"9b257127-52b3-4b51-a432-a6223a12de55","TURN","","SKYWAVE_PHASE_4_5","-14.0","18:09:24","567c24ef-5bed-469b-a823-1b23298a93ee","","","MessagingEndUser","0PAg8000000Zim9GAC","-14.0","18:09:21","eec2fc40-bf34-4e51-a8f2-c527764dcf00","64a89b56-57d3-4546-a015-aa74c3dc2b22","name_change"
"9b257127-52b3-4b51-a432-a6223a12de55","SESSION_END","","SKYWAVE_PHASE_4_5","-14.0","18:09:24","8d88e369-e21d-4784-a8d9-8bd7a9091134","","","","","-14.0","18:09:24","2ba79450-5ddf-4f68-a34c-c123d47ec865","c75cd248-fb09-4fee-ae65-af98a0c5adeb","NOT_SET"
"9fac2bd7-67a0-49b3-a124-2fdb1281c69d","TURN","","SKYWAVE_PHASE_4_5","-10.0","12:08:04","2548ea1a-542e-4b7c-a5a6-a8cd7b9b1b35","","","MessagingEndUser","0PAg8000000ZjblGAC","-10.0","12:08:00","53558fee-4cbb-4104-a448-03aff3551bc6","336d6e0e-b5dc-4f59-a21a-a683ae3812aa","flight_management"
"9fac2bd7-67a0-49b3-a124-2fdb1281c69d","TURN","","SKYWAVE_PHASE_4_5","-10.0","12:09:11","efe8e16d-8b2c-43ab-a2f5-8eaf8917b93b","","","MessagingEndUser","0PAg8000000ZjblGAC","-10.0","12:09:07","0ce8e24a-b68b-4e10-ad55-57d4de6de8f3","0bc53ffd-78ca-4edc-a162-779b7e1457b3","flight_management"
"9fac2bd7-67a0-49b3-a124-2fdb1281c69d","SESSION_END","","SKYWAVE_PHASE_4_5","-10.0","12:09:11","ca69ddd4-d8b8-4ff0-a1b4-b6cc6dae21da","","","","","-10.0","12:09:11","93331d53-2c95-447e-ac9c-f88d978d04f8","513115a8-cacf-4ff8-a02d-0d8c85a11f31","NOT_SET"
"47842372-19ad-4ca1-a978-81b81e5b10d7","TURN","","SKYWAVE_PHASE_4_5","-7.0","10:09:03","26342274-6dc8-4c19-aced-de3c9951a006","","","MessagingEndUser","0PAg8000000Zl5hGAC","-7.0","10:09:00","3494e0d0-1d6b-4675-a01b-6001d307f5ce","c4fdb1ce-4cd5-45c8-af38-3cc71a593f0a","off_topic"
"47842372-19ad-4ca1-a978-81b81e5b10d7","TURN","","SKYWAVE_PHASE_4_5","-7.0","10:09:31","94734e2b-96f8-4c0d-a4d9-ea1046284db2","","","MessagingEndUser","0PAg8000000Zl5hGAC","-7.0","10:09:28","dc2ebdb9-17ff-417d-ad91-7d44d0db896d","61a356e5-9b4d-4a0c-a312-696adeee5584","off_topic"
"47842372-19ad-4ca1-a978-81b81e5b10d7","SESSION_END","","SKYWAVE_PHASE_4_5","-7.0","10:09:31","d005df18-a383-4df4-a4f3-ab21cadc0879","","","","","-7.0","10:09:31","d8ad7d3e-cbcf-459c-a512-9bbd6d590f79","3ef953a4-4cc5-4992-a582-9cfdfcba5c8b","NOT_SET"
"6eea2b47-6f28-4943-a110-c4a9e6101e23","TURN","","SKYWAVE_PHASE_4_5","-10.0","12:43:02","e24156f0-2d4d-41d8-a945-8a0bf6f58365","","","MessagingEndUser","0PAg8000000ZlTtGAK","-10.0","12:43:00","990593ea-fa1a-4392-a65f-e09bda8a4ae3","8d9a1705-48c1-4b54-a66c-90e88d9f5f68","case_management"
"6eea2b47-6f28-4943-a110-c4a9e6101e23","TURN","","SKYWAVE_PHASE_4_5","-10.0","12:44:15","663274a4-71e6-4e3b-a538-970cdf899468","","","MessagingEndUser","0PAg8000000ZlTtGAK","-10.0","12:44:12","3a423be9-5bc1-4633-ac35-f213bb2fd7d3","e94043d6-2e78-40fc-af0e-ad9863bd0cd5","case_management"
"6eea2b47-6f28-4943-a110-c4a9e6101e23","TURN","","SKYWAVE_PHASE_4_5","-10.0","12:44:39","a2adce84-d02c-4d91-a943-2da51406acb7","","","MessagingEndUser","0PAg8000000ZlTtGAK","-10.0","12:44:36","f65f4d70-6da2-4bf3-a8bc-f8f290f43db1","73f708ce-f01c-4284-a86a-52b102bb3a67","name_change"
"6eea2b47-6f28-4943-a110-c4a9e6101e23","TURN","","SKYWAVE_PHASE_4_5","-10.0","12:45:12","4f5875e6-ec0f-4545-a4e1-cee41726836d","","","MessagingEndUser","0PAg8000000ZlTtGAK","-10.0","12:45:08","2458b8f0-ef78-46a1-a21d-c21e2ba22a56","9559cadc-a0f0-4150-af53-4956c1d8142e","name_change"
"6eea2b47-6f28-4943-a110-c4a9e6101e23","SESSION_END","","SKYWAVE_PHASE_4_5","-10.0","12:45:12","069f95d8-fa91-40f8-afc7-1c9c5fa02bc0","","","","","-10.0","12:45:12","d31209df-eb69-4dfd-a4c7-b695348763f4","09d420c2-da83-4e69-a27c-c621c749efdc","NOT_SET"
"8d3ecb44-fdd3-411a-af7e-8b6ec6d3ec39","TURN","","SKYWAVE_PHASE_4_5","-7.0","19:52:02","d684cb2d-1323-457b-a0bb-35858d7768eb","","","MessagingEndUser","0PAg8000000ZpBpGAK","-7.0","19:52:00","ff664260-bae4-4dab-ac79-d5b09147dc76","bb2453cc-33d2-43dd-a1f0-38b4616eb23f","flight_management"
"8d3ecb44-fdd3-411a-af7e-8b6ec6d3ec39","TURN","","SKYWAVE_PHASE_4_5","-7.0","19:54:32","00f0a3f2-f905-488e-a5b5-018741047530","","","MessagingEndUser","0PAg8000000ZpBpGAK","-7.0","19:54:30","80f96f4c-ba86-4ec3-a3f9-223d1a662cf2","3bf76ed9-625c-4d8a-a9f3-8c81357ac7fb","flight_management"
"8d3ecb44-fdd3-411a-af7e-8b6ec6d3ec39","SESSION_END","","SKYWAVE_PHASE_4_5","-7.0","19:54:32","a172ddb6-2f06-4b59-a641-0506f159a72a","","","","","-7.0","19:54:32","51c613d7-7a6b-46b9-af99-d27e1275d538","0e10d2c0-4d41-4e19-a55f-776f08c20d03","NOT_SET"
"0ca74133-6cab-4d06-a0eb-36b1825723ed","TURN","","SKYWAVE_PHASE_4_5","-8.0","13:55:02","c6e7f7e5-b747-40ba-a561-ad97bf4d1326","","","MessagingEndUser","0PAg8000000ZqYPGA0","-8.0","13:55:00","46987893-d673-4105-ab9d-7dd32df9b3d8","5f603296-44d9-41dc-a5f6-f5fa765a98ab","flight_management"
"0ca74133-6cab-4d06-a0eb-36b1825723ed","TURN","","SKYWAVE_PHASE_4_5","-8.0","13:57:22","32e54e3b-007b-4bed-a3a3-acccf883b33d","","","MessagingEndUser","0PAg8000000ZqYPGA0","-8.0","13:57:19","70eadab7-1cd3-433b-a022-93684a78c1ad","568811a9-5f35-4d39-a4ea-720b3519a0b5","flight_management"
"0ca74133-6cab-4d06-a0eb-36b1825723ed","TURN","","SKYWAVE_PHASE_4_5","-8.0","14:01:08","461fcecd-af35-496d-afe6-e33799a836e5","","","MessagingEndUser","0PAg8000000ZqYPGA0","-8.0","14:01:06","aea26df9-ac13-4c5b-a184-8487d1d74274","8e59770c-fe49-4641-af15-c1ef4f21abfb","case_management"
"0ca74133-6cab-4d06-a0eb-36b1825723ed","TURN","","SKYWAVE_PHASE_4_5","-8.0","14:02:21","ac942208-5871-44e4-a96a-7c3ed46579f5","","","MessagingEndUser","0PAg8000000ZqYPGA0","-8.0","14:02:18","3b6a0674-6e34-4376-a13c-eb81c67045a6","d995d7ea-e45b-4bab-ab0b-7d843ef91348","case_management"
"0ca74133-6cab-4d06-a0eb-36b1825723ed","SESSION_END","","SKYWAVE_PHASE_4_5","-8.0","14:02:21","9a11f6de-7ffd-43c9-a0c7-694136c0ccfa","","","","","-8.0","14:02:21","436ff7ad-f46f-4c50-a72c-4499aca2492a","38a4d893-4143-4b57-ae59-1050c2615a1a","NOT_SET"
"f764db21-c10b-40ae-a624-03320ef958c0","TURN","","SKYWAVE_PHASE_4_5","-14.0","14:29:03","6136b16c-c113-4ee7-ab24-40ab462ad8e3","","","MessagingEndUser","0PAg8000000Zqa1GAC","-14.0","14:29:00","f25683a2-8387-4e60-a4cd-daf9d9f0801d","995018b8-d9e7-4148-adf9-eda440ddf80e","case_management"
"f764db21-c10b-40ae-a624-03320ef958c0","TURN","","SKYWAVE_PHASE_4_5","-14.0","14:29:42","397b5eb0-0f85-45b0-a994-dc088794ca80","","","MessagingEndUser","0PAg8000000Zqa1GAC","-14.0","14:29:39","2b5c09e7-111d-4d21-a6e3-2c3c04bdf1d8","f1c8bc20-1675-48d0-abe8-d2ea8d91c44a","case_management"
"f764db21-c10b-40ae-a624-03320ef958c0","SESSION_END","","SKYWAVE_PHASE_4_5","-14.0","14:29:42","81094a06-5707-48aa-a410-6f8d718a7b1c","","","","","-14.0","14:29:42","f8add94d-1cfe-4cc9-a6d3-7c54e823797b","5644b41b-7790-4c82-a27f-e96cfdd4f0a3","NOT_SET"
"88a9eade-fc06-4a4d-a614-723554b90af2","TURN","","SKYWAVE_PHASE_4_5","-6.0","08:02:02","d4a0ea16-70ec-4dc7-a19a-37e8a68cde0c","","","MessagingEndUser","0PAg8000000Zr1RGAS","-6.0","08:02:00","51b93f5c-9bba-4ce7-aae6-bf0596dd078f","79bfd906-81cf-4c94-afc2-fc01a8cbea64","case_management"
"88a9eade-fc06-4a4d-a614-723554b90af2","TURN","","SKYWAVE_PHASE_4_5","-6.0","08:02:34","e345302f-01d1-4038-ac9b-94af13daa84a","","","MessagingEndUser","0PAg8000000Zr1RGAS","-6.0","08:02:32","e483fd8b-108e-4c7b-acf0-09d33274cdd5","d1272bc4-1fa2-4f7d-a251-fcd842d7990b","case_management"
"88a9eade-fc06-4a4d-a614-723554b90af2","TURN","","SKYWAVE_PHASE_4_5","-6.0","08:03:26","0dffa12f-b571-4a9c-afaf-92ebdbfabb3d","","","MessagingEndUser","0PAg8000000Zr1RGAS","-6.0","08:03:22","3cfadbf2-cad7-4d8c-aff8-c865a848b086","69636865-52e1-434b-af81-cf5d1774fe36","flight_management"
"88a9eade-fc06-4a4d-a614-723554b90af2","TURN","","SKYWAVE_PHASE_4_5","-6.0","08:06:36","7849e8c3-98da-4374-ae31-ed057746785c","","","MessagingEndUser","0PAg8000000Zr1RGAS","-6.0","08:06:32","900a7069-decc-4143-a58d-97ab9cafae9f","470e3491-5b68-4f32-a783-1b2af08d4c41","flight_management"
"88a9eade-fc06-4a4d-a614-723554b90af2","SESSION_END","","SKYWAVE_PHASE_4_5","-6.0","08:06:36","b72f433d-25c4-4fd8-ad68-3e0b46cd630d","","","","","-6.0","08:06:36","68bdeca0-e4d8-4bda-a58f-f61e3d08730b","4cab665c-44f4-41c4-a484-e6133010206b","NOT_SET"
"63188277-16b4-49dc-ab87-c028c6f9b436","TURN","","SKYWAVE_PHASE_4_5","-9.0","09:05:02","a257564e-d0a5-4d34-a28e-42bd0c2c0d69","","","MessagingEndUser","0PAg8000000ZrCjGAK","-9.0","09:05:00","86d9da7c-829c-4dce-a367-217fb7aca3c2","609bb334-89dd-4f18-a0ee-dfd07f499ca9","flight_management"
"63188277-16b4-49dc-ab87-c028c6f9b436","TURN","","SKYWAVE_PHASE_4_5","-9.0","09:08:51","1f2f44e8-5089-4e12-ab4e-89215964d00e","","","MessagingEndUser","0PAg8000000ZrCjGAK","-9.0","09:08:49","d62d540b-7cea-461d-ab1c-4e36ed861da6","181665ad-33ed-40f1-ab59-398dcba9755d","flight_management"
"63188277-16b4-49dc-ab87-c028c6f9b436","TURN","","SKYWAVE_PHASE_4_5","-9.0","09:09:55","9fcb3884-a9a4-4735-a45d-1ea7d47c628f","","","MessagingEndUser","0PAg8000000ZrCjGAK","-9.0","09:09:52","b126859b-d12e-4b3e-a1df-7c93d2c515ff","1b780d2e-b017-4f51-af24-3863100343f8","flight_management"
"63188277-16b4-49dc-ab87-c028c6f9b436","TURN","","SKYWAVE_PHASE_4_5","-9.0","09:10:37","1d797c4d-0356-422d-a6fb-dd76066ca84a","","","MessagingEndUser","0PAg8000000ZrCjGAK","-9.0","09:10:34","5fd3812a-5932-4c97-a413-2600ed408683","8d9c4bf7-ff03-439d-a0d3-74f8f9b51ed0","flight_management"
"63188277-16b4-49dc-ab87-c028c6f9b436","SESSION_END","","SKYWAVE_PHASE_4_5","-9.0","09:10:37","93308ceb-121e-4bce-ac55-740e2e887a78","","","","","-9.0","09:10:37","bff1ffe7-8026-486f-a2c0-dece7e0d8585","55633a2c-7fc2-4dc2-a025-c06c572e76aa","NOT_SET"
"5167672f-b19f-4ce3-ac61-4e41841f4bc1","TURN","","SKYWAVE_PHASE_4_5","-4.0","19:17:03","f85bef53-f784-47da-a44f-ff28e8d48a3f","","","MessagingEndUser","0PAg8000000ZMaLGAW","-4.0","19:17:00","534f6925-c46b-42a6-a387-7d0594219950","990d6dcc-a665-4b1f-adc2-07f9c5294d71","flight_management"
"5167672f-b19f-4ce3-ac61-4e41841f4bc1","TURN","","SKYWAVE_PHASE_4_5","-4.0","19:20:38","1db0a468-1765-4f5a-a7c4-4d07966afb39","","","MessagingEndUser","0PAg8000000ZMaLGAW","-4.0","19:20:35","a262356a-38e7-425a-a914-9421d40aa88c","f18a33d3-a250-490e-a9a0-8980ef568b50","flight_management"
"5167672f-b19f-4ce3-ac61-4e41841f4bc1","TURN","","SKYWAVE_PHASE_4_5","-4.0","19:21:02","770321a4-2863-47f2-a228-c4c9c78c4518","","","MessagingEndUser","0PAg8000000ZMaLGAW","-4.0","19:21:00","7dc57f9d-9313-4e05-a165-a0739efc1e46","2163c0ed-1d49-4b3d-a156-64e025e17191","flight_management"
"5167672f-b19f-4ce3-ac61-4e41841f4bc1","TURN","","SKYWAVE_PHASE_4_5","-4.0","19:21:53","b8da34eb-c0d4-48a0-af5f-7dba77cde90f","","","MessagingEndUser","0PAg8000000ZMaLGAW","-4.0","19:21:49","99c4cc55-4838-4f1b-a0d5-7b5ce2849911","796f64d1-b8d5-4a8c-a151-34bac344860d","flight_management"
"5167672f-b19f-4ce3-ac61-4e41841f4bc1","SESSION_END","","SKYWAVE_PHASE_4_5","-4.0","19:21:53","064ce0b1-43c9-4098-a332-376b8f2c0384","","","","","-4.0","19:21:53","3b69c461-440b-4b63-af8f-7e2db34b713f","c7078108-8be8-4e61-a818-cc9d2be1ceb2","NOT_SET"
"4f218353-2e3a-43b9-a651-94c5f0889f6a","TURN","","SKYWAVE_PHASE_4_5","-14.0","17:53:03","1b5bc7e3-009d-488e-aa65-b97b2f399737","","","MessagingEndUser","0PAg8000000ZOM1GAO","-14.0","17:53:00","9b3cd679-06e0-4e3a-ac0f-5c3e6353445e","5a0b34c9-a9a0-4e87-ac4f-4111477f1404","off_topic"
"4f218353-2e3a-43b9-a651-94c5f0889f6a","TURN","","SKYWAVE_PHASE_4_5","-14.0","17:54:08","6674f601-3069-4cd3-ad53-e9a53fbda5d4","","","MessagingEndUser","0PAg8000000ZOM1GAO","-14.0","17:54:04","53ab36bd-4129-4d0d-a599-0d177bc9739e","43d164f1-0b25-4c01-a188-57cc986c02d4","off_topic"
"4f218353-2e3a-43b9-a651-94c5f0889f6a","TURN","","SKYWAVE_PHASE_4_5","-14.0","17:59:06","02bc5131-b24c-41f7-a26c-ef4de9538944","","","MessagingEndUser","0PAg8000000ZOM1GAO","-14.0","17:59:04","98afd77a-4479-41a3-aa1c-75addf2c2170","6cd4f334-c2b7-4cb9-afad-d71e44c8d6de","case_management"
"4f218353-2e3a-43b9-a651-94c5f0889f6a","TURN","","SKYWAVE_PHASE_4_5","-14.0","17:59:32","7dd0fa37-3549-41f6-a3b0-454a68b03798","","","MessagingEndUser","0PAg8000000ZOM1GAO","-14.0","17:59:28","620ebbf3-6199-40ca-afb9-f301a321edba","01c6edeb-8335-423b-a417-302d9cab5d88","case_management"
"4f218353-2e3a-43b9-a651-94c5f0889f6a","TURN","","SKYWAVE_PHASE_4_5","-14.0","18:02:20","4d6db97a-7b45-4895-a98e-812479619894","","","MessagingEndUser","0PAg8000000ZOM1GAO","-14.0","18:02:16","8a4eac27-5954-442a-abb6-af3ed43f0d5c","b0e041b7-af8d-4fe2-a0bb-7ef0179a2b7f","case_management"
"4f218353-2e3a-43b9-a651-94c5f0889f6a","TURN","","SKYWAVE_PHASE_4_5","-14.0","18:03:33","9e959ad0-f3a9-422e-a6ef-2c62a575c355","","","MessagingEndUser","0PAg8000000ZOM1GAO","-14.0","18:03:29","d8b51c4b-6c38-4209-a076-b870fac8a93e","24b02ff5-881b-4726-a9c8-c855033c95a4","case_management"
"4f218353-2e3a-43b9-a651-94c5f0889f6a","SESSION_END","","SKYWAVE_PHASE_4_5","-14.0","18:03:33","87fa522a-495a-4db1-aeac-3300669fd501","","","","","-14.0","18:03:33","8197bc40-08e3-4a1a-a2e0-a3dc12022ca2","6d085542-bc6d-4444-aaf2-dfe32d37d4d7","NOT_SET"
"481d8c21-ab81-4799-ac97-2c2d7080907e","TURN","","SKYWAVE_PHASE_4_5","-10.0","19:11:03","7c80996c-410d-415d-a210-ddcb4025166e","","","MessagingEndUser","0PAg8000000ZOgzGAG","-10.0","19:11:00","425bb0e4-f1d2-44a3-a5c9-7a002f808815","f8594a35-5cbd-4924-ad08-7dce41538be9","flight_management"
"481d8c21-ab81-4799-ac97-2c2d7080907e","TURN","","SKYWAVE_PHASE_4_5","-10.0","19:12:52","8b74a57e-0109-4e23-a78f-11a1a64352de","","","MessagingEndUser","0PAg8000000ZOgzGAG","-10.0","19:12:48","c35d8d99-64a2-416c-a81b-32cdd6f2a581","549d36cf-10b0-4539-a0a7-c3c82e4abe4e","flight_management"
"481d8c21-ab81-4799-ac97-2c2d7080907e","SESSION_END","","SKYWAVE_PHASE_4_5","-10.0","19:12:52","ff434514-0d49-4b7a-ab7c-d61ea649632b","","","","","-10.0","19:12:52","8000b5c5-6c3c-444d-ab5c-052f2a69cee9","aab5d0cd-cbe9-4d38-ac83-116c29800e37","NOT_SET"
"427bf0c4-d631-4e88-a540-86a1425fb9d6","TURN","","SKYWAVE_PHASE_4_5","-14.0","19:38:04","6a43c4c3-e0e1-4079-a0f6-a3683fbb548d","","","MessagingEndUser","0PAg8000000ZOibGAG","-14.0","19:38:00","a177beb4-4966-4ba7-acda-98156be13f89","740d845e-b377-4f4f-a2a0-24f95f5cdcec","flight_management"
"427bf0c4-d631-4e88-a540-86a1425fb9d6","TURN","","SKYWAVE_PHASE_4_5","-14.0","19:38:30","cc471b1b-a64a-4815-a067-1476b94c7f18","","","MessagingEndUser","0PAg8000000ZOibGAG","-14.0","19:38:26","1c16e0ad-6a7e-4218-a636-1e41ea1e98b6","a5e211ab-d598-4b04-afa3-384d615c0830","flight_management"
"427bf0c4-d631-4e88-a540-86a1425fb9d6","SESSION_END","","SKYWAVE_PHASE_4_5","-14.0","19:38:30","fd1d62ea-8f2f-4939-a5c5-401bfb5ccc19","","","","","-14.0","19:38:30","d6a85f62-42aa-4a11-a1bc-d0ec45540383","13572544-2521-4847-a6b1-62c1d6cf2917","NOT_SET"
"ea4a996f-8d80-4d4f-af86-311f53621ebd","TURN","","SKYWAVE_PHASE_4_5","-1.0","10:00:04","a75b4813-a709-4046-a8fc-5fbe32d78959","","","MessagingEndUser","0PAg8000000ZOvVGAW","-1.0","10:00:00","870b4292-05ec-4a2a-aadc-2b0eaaf1ee39","95c63a8c-f872-4185-a7be-cea160ee3463","name_change"
"ea4a996f-8d80-4d4f-af86-311f53621ebd","TURN","","SKYWAVE_PHASE_4_5","-1.0","10:03:03","457c2d6e-e61a-45dd-a6a0-2b2168c982ca","","","MessagingEndUser","0PAg8000000ZOvVGAW","-1.0","10:02:59","6836546b-7e5a-4ff6-ac54-092632f9f77b","b949e598-1e90-4b31-acfd-62ffb2316353","name_change"
"ea4a996f-8d80-4d4f-af86-311f53621ebd","SESSION_END","","SKYWAVE_PHASE_4_5","-1.0","10:03:03","98c42b31-edcd-4e40-ae77-4589dbf3b3f2","","","","","-1.0","10:03:03","3e29c94d-2ae3-4b4e-a936-c73e7b83f422","cd22f3a0-1a22-4bb6-ab22-400dd493826b","NOT_SET"
"89c7198c-93d7-40f4-a028-ed21d30f9cf3","TURN","","SKYWAVE_PHASE_4_5","-8.0","14:01:02","5fb225a0-cda4-41d3-af7b-a9135776f896","","","MessagingEndUser","0PAg8000000ZP6nGAG","-8.0","14:01:00","aaaad282-5d8b-412e-a14b-a7a3cb8e272e","97a5a132-602f-4beb-a744-584197e6bbf7","mileage_account"
"89c7198c-93d7-40f4-a028-ed21d30f9cf3","TURN","","SKYWAVE_PHASE_4_5","-8.0","14:02:08","e6e07efd-e814-4c46-a712-09ec761fa935","","","MessagingEndUser","0PAg8000000ZP6nGAG","-8.0","14:02:04","0911a039-1023-4989-a1a4-a7c0d0fdaf3a","062d0b0d-6982-4f53-a17b-4ea12ffdefb6","mileage_account"
"89c7198c-93d7-40f4-a028-ed21d30f9cf3","TURN","","SKYWAVE_PHASE_4_5","-8.0","14:03:09","50b7cf02-da65-4210-a52f-824c0ce79d58","","","MessagingEndUser","0PAg8000000ZP6nGAG","-8.0","14:03:06","63a415d2-82fd-45ff-a04f-5c3cc44efe00","7d4f5cf5-e67b-4963-a503-9aa1a585de0c","mileage_account"
"89c7198c-93d7-40f4-a028-ed21d30f9cf3","TURN","","SKYWAVE_PHASE_4_5","-8.0","14:03:59","9d9f26d9-22ad-40ea-aac5-5a68230acf91","","","MessagingEndUser","0PAg8000000ZP6nGAG","-8.0","14:03:56","f1140022-0645-45d2-a77e-a93ea08588ae","c3245ccf-22f5-41bb-ae23-7a5a55f2b33a","mileage_account"
"89c7198c-93d7-40f4-a028-ed21d30f9cf3","TURN","","SKYWAVE_PHASE_4_5","-8.0","14:08:48","a87f3241-c21c-4669-a2e1-9d3c90406dd9","","","MessagingEndUser","0PAg8000000ZP6nGAG","-8.0","14:08:45","3ccc1310-4c11-4cb4-ad43-c126aafcf655","fc8e68e5-9d15-47f8-a7ed-6ef08e4b63e2","case_management"
"89c7198c-93d7-40f4-a028-ed21d30f9cf3","TURN","","SKYWAVE_PHASE_4_5","-8.0","14:09:12","53f31425-ed0d-430e-a975-ff5128ddb66d","","","MessagingEndUser","0PAg8000000ZP6nGAG","-8.0","14:09:09","e4839425-50fe-4ef6-a27e-b22271e622e8","8b42fb0e-0c41-4360-af8d-edc617d170e6","case_management"
"89c7198c-93d7-40f4-a028-ed21d30f9cf3","SESSION_END","","SKYWAVE_PHASE_4_5","-8.0","14:09:12","01536d82-e266-4f19-a27b-5728be1afc5b","","","","","-8.0","14:09:12","a38ae16c-c7b0-42f9-a936-4a66f7a4e105","7a3eb8e1-429d-4b95-acce-a12e9ca99505","NOT_SET"
"c9b4038e-ca84-4bc0-a6cb-236289b5b4f7","TURN","","SKYWAVE_PHASE_4_5","-13.0","11:52:02","4bb5be6e-e0d8-47bf-aecb-6ff2bfc21341","","","MessagingEndUser","0PAg8000000ZP8PGAW","-13.0","11:52:00","a64c6a73-1e30-44ca-ade8-fb6ddf383b98","08b2fb28-3757-40ab-a9f3-87e01ebebc75","off_topic"
"c9b4038e-ca84-4bc0-a6cb-236289b5b4f7","TURN","","SKYWAVE_PHASE_4_5","-13.0","11:53:03","b65a98c5-9665-49e6-ab16-43068d6e8463","","","MessagingEndUser","0PAg8000000ZP8PGAW","-13.0","11:53:01","a3bc5df7-6c36-457c-a168-04431194bbd5","8a1193c1-f7ac-4a75-a04b-2c60d7c09548","off_topic"
"c9b4038e-ca84-4bc0-a6cb-236289b5b4f7","SESSION_END","","SKYWAVE_PHASE_4_5","-13.0","11:53:03","01c9a5e2-2a9b-4f96-aaee-0c20f1f50970","","","","","-13.0","11:53:03","36e3ff0b-6f01-42f4-a75e-fddc5a1e58c1","c7182128-1a1f-4c8f-ab86-ee2bae9308bd","NOT_SET"
"244eb279-2fde-43c3-a694-a73087fd50d6","TURN","","SKYWAVE_PHASE_4_5","-8.0","17:13:04","423a5125-8145-4e1a-a365-9fabb79e6081","","","MessagingEndUser","0PAg8000000ZPd3GAG","-8.0","17:13:00","2b101e4b-6859-423a-ada2-b35e4e48cafe","451b5f96-6b2c-400f-ad9a-8c90572bed78","flight_management"
"244eb279-2fde-43c3-a694-a73087fd50d6","TURN","","SKYWAVE_PHASE_4_5","-8.0","17:13:32","065e517b-20de-417b-a77e-8da50366e1d4","","","MessagingEndUser","0PAg8000000ZPd3GAG","-8.0","17:13:28","251220f9-8b6a-400b-a25d-69c83f8c1a5d","d2e7b685-e11e-465c-a3c9-9a9efa675dcf","flight_management"
"244eb279-2fde-43c3-a694-a73087fd50d6","SESSION_END","","SKYWAVE_PHASE_4_5","-8.0","17:13:32","0c5c0c5a-7d1b-4faf-aad0-2a3ada15bbba","","","","","-8.0","17:13:32","b56dd195-37bd-4270-a094-b43319f4680b","06192571-bf1f-4172-a0b8-f714008622c9","NOT_SET"
"a541ac12-55df-4732-ac1a-dc7afcf66b6e","TURN","","SKYWAVE_PHASE_4_5","-4.0","15:20:02","ee423bf5-3b3a-4fd6-ac96-a956aabfd12f","","","MessagingEndUser","0PAg8000000ZPtBGAW","-4.0","15:20:00","7ad11192-ace0-4522-a347-94ebb399dc30","9a6a731e-28d6-48d9-a16f-20283fff255c","flight_management"
"a541ac12-55df-4732-ac1a-dc7afcf66b6e","TURN","","SKYWAVE_PHASE_4_5","-4.0","15:21:12","2cb74aa0-0226-4882-aa1a-6d72b57b09b8","","","MessagingEndUser","0PAg8000000ZPtBGAW","-4.0","15:21:10","dbbdf0e8-2e92-4824-a459-3c3f796789d1","4f516fd9-d0b5-4048-aa24-2bad04ba6056","flight_management"
"a541ac12-55df-4732-ac1a-dc7afcf66b6e","TURN","","SKYWAVE_PHASE_4_5","-4.0","15:22:09","a8d6026e-db2d-481c-a166-388b57cf4235","","","MessagingEndUser","0PAg8000000ZPtBGAW","-4.0","15:22:06","e3766874-de7f-4018-ab88-fc00cf2c8c81","f6149003-15d0-489f-afa9-4329be244aa8","flight_management"
"a541ac12-55df-4732-ac1a-dc7afcf66b6e","TURN","","SKYWAVE_PHASE_4_5","-4.0","15:25:06","c601aec0-106d-4745-a4e1-8817afb741ed","","","MessagingEndUser","0PAg8000000ZPtBGAW","-4.0","15:25:03","b96e159d-8806-47bd-a5eb-fabefab7370a","5ffc5181-d95f-4dda-a3bd-9502d55dd006","flight_management"
"a541ac12-55df-4732-ac1a-dc7afcf66b6e","TURN","","SKYWAVE_PHASE_4_5","-4.0","15:26:15","6f16ab0c-3ac3-41ed-a460-12d4acfa407f","","","MessagingEndUser","0PAg8000000ZPtBGAW","-4.0","15:26:12","01538208-d5cc-4d7f-a86c-464979f7921e","955cc45e-2311-4f0f-ad82-b5e8aa6700b1","flight_management"
"a541ac12-55df-4732-ac1a-dc7afcf66b6e","TURN","","SKYWAVE_PHASE_4_5","-4.0","15:27:05","1ab1b9c6-afc5-4975-a7cc-6ba62fd6e888","","","MessagingEndUser","0PAg8000000ZPtBGAW","-4.0","15:27:02","d3f671c3-795a-4107-ae6a-a32a87d4962d","7e35dcc1-4ed4-4c2f-ac7b-4a4f36a19caf","flight_management"
"a541ac12-55df-4732-ac1a-dc7afcf66b6e","SESSION_END","","SKYWAVE_PHASE_4_5","-4.0","15:27:05","7e6a445a-e4cb-49c3-a0a0-be32c7bb9e02","","","","","-4.0","15:27:05","0c64e7ed-dde8-4e7c-a1b9-d31a45c5360e","ca32e226-52b4-46a8-a71a-ea363dc8b6bc","NOT_SET"
"f5c3ba54-9910-4fde-a0cf-b2fefc8a6051","TURN","","SKYWAVE_PHASE_4_5","-3.0","12:10:02","36722f33-5099-4c2c-a039-32066685b89b","","","MessagingEndUser","0PAg8000000ZRgTGAW","-3.0","12:10:00","8cb9cc01-7b83-4272-a66a-f6c5089f030b","f9bcacef-6cc3-4ae8-afb2-4f3259960779","name_change"
"f5c3ba54-9910-4fde-a0cf-b2fefc8a6051","TURN","","SKYWAVE_PHASE_4_5","-3.0","12:13:47","c89277d3-dbbd-4d20-a5d2-88ef251a0111","","","MessagingEndUser","0PAg8000000ZRgTGAW","-3.0","12:13:45","41d49f9e-33b7-4e40-a248-03a391cbeb62","fc67fd79-612d-4b84-a051-d19a27e7a03a","name_change"
"f5c3ba54-9910-4fde-a0cf-b2fefc8a6051","SESSION_END","","SKYWAVE_PHASE_4_5","-3.0","12:13:47","6f05002c-98d7-4b28-ad74-d3f42694298b","","","","","-3.0","12:13:47","07672e94-ec5f-4ee1-a9cc-7e5bf7391938","8b4a9f9b-7ad8-43e7-a703-30522f53ee9b","NOT_SET"
"97c37d76-81dc-4982-adaa-6552526b047c","TURN","","SKYWAVE_PHASE_4_5","-12.0","18:40:03","6b607f7e-097f-4317-aae2-8b770dce32d8","","","MessagingEndUser","0PAg8000000ZSRFGA4","-12.0","18:40:00","7274ca68-b979-40c3-a5e6-6d0e4e0d53d5","a32fa86e-6e76-475e-a007-2216dccf43c9","flight_management"
"97c37d76-81dc-4982-adaa-6552526b047c","TURN","","SKYWAVE_PHASE_4_5","-12.0","18:40:39","872cdd04-0e8e-4562-a52e-7445dc101891","","","MessagingEndUser","0PAg8000000ZSRFGA4","-12.0","18:40:37","acbda142-f970-4481-a0fe-d757efdca64a","05384786-1761-4f12-a90c-b04e8c5e19f6","flight_management"
"97c37d76-81dc-4982-adaa-6552526b047c","SESSION_END","","SKYWAVE_PHASE_4_5","-12.0","18:40:39","e7fb2288-9683-4f46-a52b-23dd15fddfeb","","","","","-12.0","18:40:39","c5bcc59e-7088-4df0-a7f8-666e0c9cf8ad","93c32578-951e-415d-acc7-192cce7f7a7c","NOT_SET"
"613b5885-470e-4aeb-aa5f-d236c6b16764","TURN","","SKYWAVE_PHASE_4_5","-4.0","16:41:03","22a0a091-a959-4f99-a23a-f5e9dde3043d","","","MessagingEndUser","0PAg8000000ZSXhGAO","-4.0","16:41:00","7e9292eb-2be5-4e9d-a761-3cbf29e61165","b5b802c8-1c7c-4240-a91a-71f0022bb63a","flight_management"
"613b5885-470e-4aeb-aa5f-d236c6b16764","TURN","","SKYWAVE_PHASE_4_5","-4.0","16:46:02","089b536d-c4cd-4cb2-aa69-915bb68fd8a0","","","MessagingEndUser","0PAg8000000ZSXhGAO","-4.0","16:45:58","03ced77a-3459-4f3b-a965-c80316fff76f","b44d321e-eaa2-4a1b-a48c-04b9458f7fe9","flight_management"
"613b5885-470e-4aeb-aa5f-d236c6b16764","TURN","","SKYWAVE_PHASE_4_5","-4.0","16:49:09","b0d2057c-d417-48e9-a0b4-da161ec94a41","","","MessagingEndUser","0PAg8000000ZSXhGAO","-4.0","16:49:06","a5613bad-8161-4424-ad7c-c8c42681c097","b0cac103-ab04-4f59-aa1a-9091d1ccadba","case_management"
"613b5885-470e-4aeb-aa5f-d236c6b16764","TURN","","SKYWAVE_PHASE_4_5","-4.0","16:50:13","4f4212d9-ea88-45df-a962-1fdfadf59a3e","","","MessagingEndUser","0PAg8000000ZSXhGAO","-4.0","16:50:09","3f15f030-b3d8-4ec7-abf5-8e4ba7d9e4a1","a511591a-f86d-4337-ac43-0591beffa7c3","case_management"
"613b5885-470e-4aeb-aa5f-d236c6b16764","SESSION_END","","SKYWAVE_PHASE_4_5","-4.0","16:50:13","03100b8c-b5c3-4587-ac1a-be9fdcbb19ce","","","","","-4.0","16:50:13","ebc8b7a7-074e-4f1d-a780-e8fbf9f07fe9","733908ac-4021-4e4a-a078-61964d6a6462","NOT_SET"
"eb667c0b-94b1-4814-a601-84e8f1fa47bb","TURN","","SKYWAVE_PHASE_4_5","-12.0","14:08:04","97f24005-09aa-429e-a250-2ac4f7a6fdb0","","","MessagingEndUser","0PAg8000000ZTNJGA4","-12.0","14:08:00","41840ff7-9bc4-4f97-ad0c-be38a0225f63","9f21fa04-480a-4bed-a19a-f8597d035685","mileage_account"
"eb667c0b-94b1-4814-a601-84e8f1fa47bb","TURN","","SKYWAVE_PHASE_4_5","-12.0","14:08:36","e5e31386-5eb9-40b8-a8a3-43b3811e1638","","","MessagingEndUser","0PAg8000000ZTNJGA4","-12.0","14:08:34","b732083d-e483-40d3-aaa7-bf935a8ae6f3","3341dba5-829b-499e-a0f0-27b96bd40c60","mileage_account"
"eb667c0b-94b1-4814-a601-84e8f1fa47bb","SESSION_END","","SKYWAVE_PHASE_4_5","-12.0","14:08:36","59654621-af5f-41c4-a13c-3937b55a3b88","","","","","-12.0","14:08:36","cac1441b-a589-48b7-aec8-e323e52ab8a6","52d41c69-3f8a-416f-a1bf-313f67cac2ed","NOT_SET"
"3d7a21b6-8cd1-4106-a1a5-ad823089fb7c","TURN","","SKYWAVE_PHASE_4_5","-3.0","12:54:04","e81d19a0-427d-4e54-af23-2472b8cb1e5e","","","MessagingEndUser","0PAg8000000ZUsrGAG","-3.0","12:54:00","ae9a014d-6ef1-4266-a88f-0d4217283d1c","8bb3f1fe-2bac-4634-a237-140208223514","flight_management"
"3d7a21b6-8cd1-4106-a1a5-ad823089fb7c","TURN","","SKYWAVE_PHASE_4_5","-3.0","12:54:52","eaecde34-730e-4b0a-a7ad-5bfabe55347e","","","MessagingEndUser","0PAg8000000ZUsrGAG","-3.0","12:54:50","88f7f9af-d619-436a-a7ab-28f828ff5248","17791f61-05c8-4ab8-a194-0977f8df358f","flight_management"
"3d7a21b6-8cd1-4106-a1a5-ad823089fb7c","TURN","","SKYWAVE_PHASE_4_5","-3.0","12:55:29","a8c80924-2540-4fb0-a39a-380d333065e8","","","MessagingEndUser","0PAg8000000ZUsrGAG","-3.0","12:55:25","ec979268-b2f3-4931-ab83-ab15d9416e85","b2c51622-ca44-492a-a77d-bc0fc2fc838a","mileage_account"
"3d7a21b6-8cd1-4106-a1a5-ad823089fb7c","TURN","","SKYWAVE_PHASE_4_5","-3.0","12:56:35","d0ae5251-e743-4d59-abdf-1593f39b01e2","","","MessagingEndUser","0PAg8000000ZUsrGAG","-3.0","12:56:33","f76446be-b588-4849-a806-aba9ad718691","2116bc2b-e28e-418d-a306-d19c8277bd20","mileage_account"
"3d7a21b6-8cd1-4106-a1a5-ad823089fb7c","SESSION_END","","SKYWAVE_PHASE_4_5","-3.0","12:56:35","2764a735-4cb2-49ff-ab47-4954648faf0a","","","","","-3.0","12:56:35","d87bf483-231f-458e-a63f-7efd98aa35a6","399c376b-41f1-4d31-a7f3-ccb9968bce78","NOT_SET"
"6573935b-c3a3-4bce-aedf-759581de0868","TURN","","SKYWAVE_PHASE_4_5","-2.0","08:59:03","1f0ba4a8-ec77-46bd-a573-7debe3b72b81","","","MessagingEndUser","0PAg8000000ZVDpGAO","-2.0","08:59:00","73c51b7b-9a13-424c-acfc-8fb684fa4624","cf09f3b9-da84-4d7e-a717-1d172ef2851f","flight_management"
"6573935b-c3a3-4bce-aedf-759581de0868","TURN","","SKYWAVE_PHASE_4_5","-2.0","09:00:01","e87b0ef6-c145-4ece-a48b-615b4112ec57","","","MessagingEndUser","0PAg8000000ZVDpGAO","-2.0","08:59:59","9e598a31-0d06-4fc3-a0bf-72542ef6bc2f","729ec211-170b-402c-adea-baf24e5965b8","flight_management"
"6573935b-c3a3-4bce-aedf-759581de0868","SESSION_END","","SKYWAVE_PHASE_4_5","-2.0","09:00:01","acfdea31-1888-4333-ad04-3dbc7aecedcd","","","","","-2.0","09:00:01","96d693c8-f1f5-4240-ab46-f9815f4a15e8","a9aaf1bb-b7dc-4294-a8f0-e07c78b03676","NOT_SET"
"7eb34650-5a82-49c1-a085-88c212c04861","TURN","","SKYWAVE_PHASE_4_5","-10.0","09:21:02","fd9eb47d-52aa-4127-aafa-96763d9a12df","","","MessagingEndUser","0PAg8000000ZfMrGAK","-10.0","09:21:00","ed9ea42b-4fd1-42a2-a9cc-d4a25f9ad5b0","9e678941-a35b-4961-abeb-e334ea14022f","name_change"
"7eb34650-5a82-49c1-a085-88c212c04861","TURN","","SKYWAVE_PHASE_4_5","-10.0","09:22:10","deb5a42c-b8f0-46e0-a004-90f793fd1e31","","","MessagingEndUser","0PAg8000000ZfMrGAK","-10.0","09:22:07","e1458947-b437-4457-a2f4-d541a98ad886","671472b0-c2a1-4d04-aec0-99cd9ada1e2a","name_change"
"7eb34650-5a82-49c1-a085-88c212c04861","TURN","","SKYWAVE_PHASE_4_5","-10.0","09:22:47","996a7058-123d-4f9a-ac10-482ea5efd94f","","","MessagingEndUser","0PAg8000000ZfMrGAK","-10.0","09:22:43","928f1d14-60cb-4f5f-ace9-3d3bb415062a","b7940d20-dc51-4a9c-a567-e399d3dce97a","flight_management"
"7eb34650-5a82-49c1-a085-88c212c04861","TURN","","SKYWAVE_PHASE_4_5","-10.0","09:23:06","aba0394b-a231-4927-a1ad-5471d0b3d006","","","MessagingEndUser","0PAg8000000ZfMrGAK","-10.0","09:23:04","e894c5e3-5a5a-4918-a39a-029996785811","39d098a2-1e4c-4073-a69c-35f3461abf59","flight_management"
"7eb34650-5a82-49c1-a085-88c212c04861","SESSION_END","","SKYWAVE_PHASE_4_5","-10.0","09:23:06","d8312b72-d6a9-4583-a1f5-735dc2c739c4","","","","","-10.0","09:23:06","3da9bbee-d143-4db8-a1db-f5401e0dcfdc","667e5cfe-cf76-4ad4-a1af-d3c37e115d2c","NOT_SET"
"31ba6983-a7e1-4051-a6ee-dce2b6c0ef6b","TURN","","SKYWAVE_PHASE_4_5","-12.0","09:22:03","616891b5-4390-4ce6-ad66-248bfc5a2e00","","","MessagingEndUser","0PAg8000000Zim9GAC","-12.0","09:22:00","1210e806-f8ac-40b0-ada3-c3d29e2d6ff3","b0f48bd0-8c8c-4e6d-a7e0-4d6620dea380","flight_management"
"31ba6983-a7e1-4051-a6ee-dce2b6c0ef6b","TURN","","SKYWAVE_PHASE_4_5","-12.0","09:22:51","5804bd06-2284-4307-a30f-8a27ea5db1e9","","","MessagingEndUser","0PAg8000000Zim9GAC","-12.0","09:22:47","7f61c2fc-e1f2-4a96-a008-9d6f2546fbcf","5d9a0c2a-1a64-4d06-a5d7-ee6f52a1f1f9","flight_management"
"31ba6983-a7e1-4051-a6ee-dce2b6c0ef6b","SESSION_END","","SKYWAVE_PHASE_4_5","-12.0","09:22:51","c9f936ac-df51-4c2c-a0bd-b3f2862c2b86","","","","","-12.0","09:22:51","4663b6e8-49da-4fcd-a93f-30c95a999693","514ff13d-5f55-4551-a593-3983c3a19686","NOT_SET"
"73731351-0c9e-4ef5-a879-2dbe07135d90","TURN","","SKYWAVE_PHASE_4_5","-6.0","10:56:03","7f274c24-24c8-4717-a75d-6d0369790665","","","MessagingEndUser","0PAg8000000ZjblGAC","-6.0","10:56:00","21ef653f-f583-4ac4-a108-8fb857cd2e4e","cf6aa926-6b55-447a-ac9d-543e72f9f739","flight_management"
"73731351-0c9e-4ef5-a879-2dbe07135d90","TURN","","SKYWAVE_PHASE_4_5","-6.0","10:56:46","3b8b9686-6665-4667-ad0a-387089d6b627","","","MessagingEndUser","0PAg8000000ZjblGAC","-6.0","10:56:43","e85f3418-9cde-445d-ae3c-0d6ed55c743b","99f3c2d6-bf1f-4306-a74f-ebf1be4d07b6","flight_management"
"73731351-0c9e-4ef5-a879-2dbe07135d90","SESSION_END","","SKYWAVE_PHASE_4_5","-6.0","10:56:46","c7efd6db-e299-4f9a-a4c0-462790a6fd6e","","","","","-6.0","10:56:46","88943824-5f18-43fd-a133-aeb34df6d1e0","f482e828-99a8-47f4-a32b-ba4b3d517883","NOT_SET"
"07c6a79c-d59f-42ad-ad01-a89520fe1c23","TURN","","SKYWAVE_PHASE_4_5","-7.0","08:28:04","61299ca8-7828-481e-a16d-90f8f731b241","","","MessagingEndUser","0PAg8000000Zl5hGAC","-7.0","08:28:00","71ffa7b8-23ae-4ddd-a496-9fb5aecc478a","ab09004e-1c2e-4449-afa5-10eae6f508b0","flight_management"
"07c6a79c-d59f-42ad-ad01-a89520fe1c23","TURN","","SKYWAVE_PHASE_4_5","-7.0","08:29:13","3c421fd4-4f34-4a85-a125-f540063d677f","","","MessagingEndUser","0PAg8000000Zl5hGAC","-7.0","08:29:09","e47331de-8862-4c71-ab74-41fec59a85b3","a94d207d-2186-4534-a95d-5be0087beed6","flight_management"
"07c6a79c-d59f-42ad-ad01-a89520fe1c23","SESSION_END","","SKYWAVE_PHASE_4_5","-7.0","08:29:13","660d4f1f-712a-4117-ad82-f216fc0f28c6","","","","","-7.0","08:29:13","9af99a9d-c6ef-47f9-a085-3f13af506969","a7854420-a6c7-418c-a66b-b9a44a7a51f5","NOT_SET"
"58c0c818-c539-490a-a92c-7d792ac03808","TURN","","SKYWAVE_PHASE_4_5","-3.0","10:47:03","f5d69d3d-662d-4aa5-a669-25a492956ee1","","","MessagingEndUser","0PAg8000000ZlTtGAK","-3.0","10:47:00","2cf4c4ef-0a65-4b47-ac1c-f42483207097","8b2c2e10-d521-484d-a937-1a110f51bd3d","mileage_account"
"58c0c818-c539-490a-a92c-7d792ac03808","TURN","","SKYWAVE_PHASE_4_5","-3.0","10:50:35","0b151c3d-51f0-4f87-a61c-9ff5ee4a6e7c","","","MessagingEndUser","0PAg8000000ZlTtGAK","-3.0","10:50:32","f9af738a-fb47-4b20-ae7c-78fba6a0c1eb","27f68da4-dc9a-44b9-a5e2-93cd7ecd9029","mileage_account"
"58c0c818-c539-490a-a92c-7d792ac03808","TURN","","SKYWAVE_PHASE_4_5","-3.0","10:51:01","0f11262b-8d28-4ba1-a0bb-24cd7af82524","","","MessagingEndUser","0PAg8000000ZlTtGAK","-3.0","10:50:59","ba929074-5a7f-4e07-a4c6-71637f6f1314","500f47f6-9238-47ed-ad54-ce2a4a06c071","mileage_account"
"58c0c818-c539-490a-a92c-7d792ac03808","TURN","","SKYWAVE_PHASE_4_5","-3.0","10:52:01","b0aa5211-2814-4771-add6-2c2a03ab959c","","","MessagingEndUser","0PAg8000000ZlTtGAK","-3.0","10:51:57","71161825-63a8-4221-a1aa-a87a35ee88f6","dec486af-4c40-4f5a-a5e2-8d8579f3a721","mileage_account"
"58c0c818-c539-490a-a92c-7d792ac03808","TURN","","SKYWAVE_PHASE_4_5","-3.0","10:53:15","7b40f8c3-d8f3-4e05-a4d4-b9b47cb48cf8","","","MessagingEndUser","0PAg8000000ZlTtGAK","-3.0","10:53:13","10a8dcec-6655-453e-aa41-df82334d8dce","90e74ba2-e00e-4b14-a19a-f34fca43bc0f","flight_management"
"58c0c818-c539-490a-a92c-7d792ac03808","TURN","","SKYWAVE_PHASE_4_5","-3.0","10:57:45","6b69e358-260b-4395-a5d2-563ae8af9682","","","MessagingEndUser","0PAg8000000ZlTtGAK","-3.0","10:57:42","0f375fd5-9e2e-4c1c-abd9-02623d5dd685","d6705ef8-ce7c-446b-ac43-46985b0982c9","flight_management"
"58c0c818-c539-490a-a92c-7d792ac03808","SESSION_END","","SKYWAVE_PHASE_4_5","-3.0","10:57:45","e49b14e0-31b7-49b1-a1b5-12edf52eccf8","","","","","-3.0","10:57:45","b35a4880-87a3-4e3b-a0a4-402c3adbc0ce","6d3acd3f-90e3-43d3-a562-18cc2c0f602c","NOT_SET"
"02280af3-fd2f-407e-a3b2-de90428b6cdf","TURN","","SKYWAVE_PHASE_4_5","-14.0","13:41:03","f082d7cf-48bf-4f7b-a31b-db9c06aa7f87","","","MessagingEndUser","0PAg8000000ZpBpGAK","-14.0","13:41:00","d85cf428-d720-4964-a540-101b12958185","46a294da-386b-42d2-add9-61a29b4e12dd","flight_management"
"02280af3-fd2f-407e-a3b2-de90428b6cdf","TURN","","SKYWAVE_PHASE_4_5","-14.0","13:42:04","75038fdc-cc87-4660-a727-68c70ab3ed6c","","","MessagingEndUser","0PAg8000000ZpBpGAK","-14.0","13:42:00","b6b50eda-9d01-460e-aef8-dda50dc5ed3a","dedd8980-4c57-46b6-a967-edb9db26dbe1","flight_management"
"02280af3-fd2f-407e-a3b2-de90428b6cdf","TURN","","SKYWAVE_PHASE_4_5","-14.0","13:44:42","3a32d093-b354-456e-a7df-33a7279e51ef","","","MessagingEndUser","0PAg8000000ZpBpGAK","-14.0","13:44:39","fa184001-5d50-4a45-a872-e64a825fac07","c992e0ed-e775-4004-a552-aca7d8f5d6ad","flight_management"
"02280af3-fd2f-407e-a3b2-de90428b6cdf","TURN","","SKYWAVE_PHASE_4_5","-14.0","13:45:22","2293a008-b9e6-42e4-a3bb-1064a07f6a38","","","MessagingEndUser","0PAg8000000ZpBpGAK","-14.0","13:45:18","b6157d93-7684-4e64-a870-b5431f52578d","bcd41993-d4d1-4f09-acfd-d4e800926b46","flight_management"
"02280af3-fd2f-407e-a3b2-de90428b6cdf","SESSION_END","","SKYWAVE_PHASE_4_5","-14.0","13:45:22","2b398111-8e70-476c-a6be-bfe9d7d73f80","","","","","-14.0","13:45:22","b5989a5e-4df7-4eec-ac86-d5addddafbe1","78004948-68af-4e81-a23a-e4037eedb6ed","NOT_SET"
"b4fdb351-5019-4e06-a3ad-b65984fca5db","TURN","","SKYWAVE_PHASE_4_5","-3.0","12:55:02","b59c2e5c-a8aa-454a-ae69-7446709b1d2f","","","MessagingEndUser","0PAg8000000ZqYPGA0","-3.0","12:55:00","fbf14479-ae21-41a6-ad53-6249fb4eebe6","34b64953-361f-465a-a781-6b0ba9493e31","flight_management"
"b4fdb351-5019-4e06-a3ad-b65984fca5db","TURN","","SKYWAVE_PHASE_4_5","-3.0","12:58:24","472af0eb-feb8-43dd-a2f7-435811fe92ac","","","MessagingEndUser","0PAg8000000ZqYPGA0","-3.0","12:58:22","02fd53b3-7ae9-4591-a831-da0e05872453","80cd54d3-2f13-4751-a419-3f30bc704438","flight_management"
"b4fdb351-5019-4e06-a3ad-b65984fca5db","TURN","","SKYWAVE_PHASE_4_5","-3.0","13:00:17","46e68df9-8cd5-487f-a6a9-210c4e7509a7","","","MessagingEndUser","0PAg8000000ZqYPGA0","-3.0","13:00:13","8e252be4-a028-4fab-af54-81d9af77e1d3","60395864-fad8-4a1e-a8d1-2a2bc676b3d6","case_management"
"b4fdb351-5019-4e06-a3ad-b65984fca5db","TURN","","SKYWAVE_PHASE_4_5","-3.0","13:02:37","f74a9495-1447-479a-a1fa-b59a6026dbd1","","","MessagingEndUser","0PAg8000000ZqYPGA0","-3.0","13:02:35","55e8fec5-5e53-4455-a04e-3e08bd7f1621","f88572bc-b281-426a-a4b8-cf21811e53cb","case_management"
"b4fdb351-5019-4e06-a3ad-b65984fca5db","SESSION_END","","SKYWAVE_PHASE_4_5","-3.0","13:02:37","315b4c91-4e3f-4fcf-ac9f-af4c0af0b189","","","","","-3.0","13:02:37","86824d3f-f11a-4268-a9bb-36916e964257","2da893d1-f24a-4a56-a692-643c08960a90","NOT_SET"
"d2ce0776-4d5e-49fd-a5e5-567acdfeb10e","TURN","","SKYWAVE_PHASE_4_5","-11.0","14:30:02","74f1e031-a89f-44af-a1e8-802a3653e663","","","MessagingEndUser","0PAg8000000Zqa1GAC","-11.0","14:30:00","47bb9f37-aa90-464e-aa13-b674059fb669","cd706545-b488-4db9-adc5-dee0ef647370","mileage_account"
"d2ce0776-4d5e-49fd-a5e5-567acdfeb10e","TURN","","SKYWAVE_PHASE_4_5","-11.0","14:30:49","1075ec8b-0800-4c7e-a77d-79246e2dbcf5","","","MessagingEndUser","0PAg8000000Zqa1GAC","-11.0","14:30:47","3020639b-627f-46f8-aab2-3965150111f5","bf08c769-fa55-4bda-aca6-21555eab1a10","mileage_account"
"d2ce0776-4d5e-49fd-a5e5-567acdfeb10e","TURN","","SKYWAVE_PHASE_4_5","-11.0","14:31:13","a287e8fd-49b4-48fa-aad8-cd03940412c0","","","MessagingEndUser","0PAg8000000Zqa1GAC","-11.0","14:31:11","a225c0f4-4e41-444e-a342-9e34b2197866","e23e79bf-9e26-4c2b-a0db-f9daf8f99941","flight_management"
"d2ce0776-4d5e-49fd-a5e5-567acdfeb10e","TURN","","SKYWAVE_PHASE_4_5","-11.0","14:34:05","3c9049a8-6caa-4c5c-a195-d6c7609471a3","","","MessagingEndUser","0PAg8000000Zqa1GAC","-11.0","14:34:02","814ad3f6-22a7-46c4-ab87-b4ccac723bb5","d6e9d72d-0600-462b-adfe-27f3bd00a96c","flight_management"
"d2ce0776-4d5e-49fd-a5e5-567acdfeb10e","SESSION_END","","SKYWAVE_PHASE_4_5","-11.0","14:34:05","5fc9c5fc-a409-4f48-a772-dc122ac10c14","","","","","-11.0","14:34:05","d8999752-fbbe-420a-a58b-eaa5c6a236fb","16150987-1a38-4cda-a5fd-4e7ec4076834","NOT_SET"
"cd0adb63-3c3e-4c08-a8b2-6827b21d8f14","TURN","","SKYWAVE_PHASE_4_5","-11.0","17:57:03","00ebcfeb-2fb9-4601-abce-f0b817854cef","","","MessagingEndUser","0PAg8000000Zr1RGAS","-11.0","17:57:00","d168abae-be55-4d31-a4b5-608e76695997","5f6aee16-c54a-4ec8-aaf5-53dbd73a5f02","flight_management"
"cd0adb63-3c3e-4c08-a8b2-6827b21d8f14","TURN","","SKYWAVE_PHASE_4_5","-11.0","18:01:46","f0c79f79-e98d-4840-ab9d-7b5899d31d16","","","MessagingEndUser","0PAg8000000Zr1RGAS","-11.0","18:01:44","eda2f3df-1ce3-41f6-a01c-c76d227714ee","5bcbb236-02cc-41cc-a753-7600f181df6d","flight_management"
"cd0adb63-3c3e-4c08-a8b2-6827b21d8f14","SESSION_END","","SKYWAVE_PHASE_4_5","-11.0","18:01:46","9a9f3651-2498-4a2a-a2ae-8997b8e183cf","","","","","-11.0","18:01:46","3de43662-8fcc-4170-a2c7-dab075b10c7a","f6def8e0-26b6-4048-a36c-e5acb24255a5","NOT_SET"
"67d6ad5f-9e1a-4adc-a665-e2b24e7836c8","TURN","","SKYWAVE_PHASE_4_5","-7.0","13:40:03","0537c7b1-77bf-4e2b-af47-03c6b7ea1789","","","MessagingEndUser","0PAg8000000ZrCjGAK","-7.0","13:40:00","b16a8673-c092-40da-ae86-9eac7a7cd09f","3ba8c5e6-c879-4df5-aaf2-c7a34c9da939","case_management"
"67d6ad5f-9e1a-4adc-a665-e2b24e7836c8","TURN","","SKYWAVE_PHASE_4_5","-7.0","13:40:27","0a2229c0-982b-49a3-a780-e739e24af21d","","","MessagingEndUser","0PAg8000000ZrCjGAK","-7.0","13:40:24","4411d74e-4cd9-464c-ab41-9229d24f63a6","5cb2ca0b-7d21-458e-a107-021778e04b53","case_management"
"67d6ad5f-9e1a-4adc-a665-e2b24e7836c8","SESSION_END","","SKYWAVE_PHASE_4_5","-7.0","13:40:27","cd0d7d53-f6a5-420a-a470-e60f4192dda0","","","","","-7.0","13:40:27","8efb3ac2-f9db-4ce5-aa5b-391a82de6937","085cc1bb-8812-4bcb-abcb-bf3073c8a0c7","NOT_SET"
"972b84eb-f0ed-49c8-a1b2-a3097ee416cd","TURN","","SKYWAVE_PHASE_4_5","-2.0","13:08:04","b64126ce-e818-404f-a5d6-e6e0c8b27c99","","","MessagingEndUser","0PAg8000000ZMaLGAW","-2.0","13:08:00","9344598f-c9ce-4675-a882-9a08c62163bd","f05e3b79-195b-4b8e-ae88-8c9b28c9e9d5","flight_management"
"972b84eb-f0ed-49c8-a1b2-a3097ee416cd","TURN","","SKYWAVE_PHASE_4_5","-2.0","13:08:59","9aa76b04-1ac1-42af-a911-0dd75975e4da","","","MessagingEndUser","0PAg8000000ZMaLGAW","-2.0","13:08:55","5cf62981-76ee-4c72-aa4f-352fa37c171e","deb6a81d-04d2-4757-aca4-498fef95b5fb","flight_management"
"972b84eb-f0ed-49c8-a1b2-a3097ee416cd","SESSION_END","","SKYWAVE_PHASE_4_5","-2.0","13:08:59","f8e648d8-5657-4a05-a36e-128e11e140f8","","","","","-2.0","13:08:59","64cf5f08-883e-4c90-ae79-30553b714fcf","6c9e31d8-31a5-466a-a8c8-651a65240bfc","NOT_SET"
"680cc0bc-3434-455e-afaa-7eb1fd869998","TURN","","SKYWAVE_PHASE_4_5","-12.0","13:33:04","b9ff2437-28d1-48ac-a59e-b4cf5c70fe74","","","MessagingEndUser","0PAg8000000ZOM1GAO","-12.0","13:33:00","b66f516a-74df-40a7-acab-805014f641f0","c22eaf76-9d5e-4d83-a74e-4af4deb8f121","name_change"
"680cc0bc-3434-455e-afaa-7eb1fd869998","TURN","","SKYWAVE_PHASE_4_5","-12.0","13:33:23","a9378504-4e76-497d-aaf1-f428808a88c9","","","MessagingEndUser","0PAg8000000ZOM1GAO","-12.0","13:33:19","1006d141-6eda-43f6-a7f3-247ed1889638","a680989d-67b9-4f74-a0f6-ebfe5ce6ac08","name_change"
"680cc0bc-3434-455e-afaa-7eb1fd869998","SESSION_END","","SKYWAVE_PHASE_4_5","-12.0","13:33:23","e3285d4e-152a-43e1-a57f-9f712a789e01","","","","","-12.0","13:33:23","84869dd0-5364-450d-a059-c99ae9b3dbfc","ba5c25f6-d992-40b1-aaee-bf0d9f97bc2d","NOT_SET"
"c4d4259f-7b20-4f60-a358-864aaade7044","TURN","","SKYWAVE_PHASE_4_5","-2.0","15:03:02","b4da20cb-9554-4ba1-a591-60e9e1ac9619","","","MessagingEndUser","0PAg8000000ZOgzGAG","-2.0","15:03:00","9c24afad-abb9-4a6d-a190-b286e288f3b3","cfa9e294-43c5-4410-a35f-2b39d0ea4620","name_change"
"c4d4259f-7b20-4f60-a358-864aaade7044","TURN","","SKYWAVE_PHASE_4_5","-2.0","15:07:27","f5f161b6-e3c1-4221-a86b-636fb2ee59b8","","","MessagingEndUser","0PAg8000000ZOgzGAG","-2.0","15:07:23","16e68de9-9be7-41a7-ab00-61e9b6ffc984","0f9b55a8-7b1e-4456-ad52-c331ae8f5a9f","name_change"
"c4d4259f-7b20-4f60-a358-864aaade7044","TURN","","SKYWAVE_PHASE_4_5","-2.0","15:09:11","6a0ed7eb-c7bf-45fe-a842-6dd84f7ee70b","","","MessagingEndUser","0PAg8000000ZOgzGAG","-2.0","15:09:09","a2e29af9-636d-4dc0-ade5-4e83bfb4624c","359d8c57-2c3e-4baf-a342-7efd26a11aac","flight_management"
"c4d4259f-7b20-4f60-a358-864aaade7044","TURN","","SKYWAVE_PHASE_4_5","-2.0","15:10:47","ff7a8a66-2fc9-404d-a290-49c075c34d44","","","MessagingEndUser","0PAg8000000ZOgzGAG","-2.0","15:10:45","e8f4e064-b3f8-4943-a5d9-bb7c91c3e0ed","56833d19-225c-4f6b-a54b-ffff50d382ae","flight_management"
"c4d4259f-7b20-4f60-a358-864aaade7044","SESSION_END","","SKYWAVE_PHASE_4_5","-2.0","15:10:47","eba494e4-8f6e-4b1d-ac18-8dac556c997d","","","","","-2.0","15:10:47","d90f0752-5a79-45c2-a5d0-d8150b8481c0","7d39d1b5-60d9-46ca-a192-aa333becc217","NOT_SET"
"c1cfc869-1266-4c13-a39d-031dbeef5cbb","TURN","","SKYWAVE_PHASE_4_5","-10.0","11:30:02","5a82fa09-01e4-456b-a9ee-6009fa8ad17e","","","MessagingEndUser","0PAg8000000ZOibGAG","-10.0","11:30:00","5d8031c1-c33a-4a69-a03e-7ab95a11a227","c559369b-d43f-4d7f-ac9c-a4889d6ee910","flight_management"
"c1cfc869-1266-4c13-a39d-031dbeef5cbb","TURN","","SKYWAVE_PHASE_4_5","-10.0","11:32:52","4c8bc227-305f-4621-afa6-83692cf665f1","","","MessagingEndUser","0PAg8000000ZOibGAG","-10.0","11:32:48","fafaf490-0f99-429a-a157-c74395db7e70","4c44aeb8-3e10-4105-ab60-f62d3bc67d2b","flight_management"
"c1cfc869-1266-4c13-a39d-031dbeef5cbb","SESSION_END","","SKYWAVE_PHASE_4_5","-10.0","11:32:52","0dea99d5-0398-46c2-a646-e346ce14745c","","","","","-10.0","11:32:52","e358ddd6-7677-4a65-acab-9acbe2f8ba5a","bd1dda0b-83e7-4d02-a780-67bd1d77b6ca","NOT_SET"
"269d222c-beb5-411f-a5d1-9cac1be610ba","TURN","","SKYWAVE_PHASE_4_5","-9.0","19:32:03","faee4d7c-a7d5-492f-a1cb-e3d3647bb69d","","","MessagingEndUser","0PAg8000000ZOvVGAW","-9.0","19:32:00","8a7d861d-a91d-442e-a6ec-45c195ddc9c1","2c2721e8-8a66-4537-a230-7f35288148dc","flight_management"
"269d222c-beb5-411f-a5d1-9cac1be610ba","TURN","","SKYWAVE_PHASE_4_5","-9.0","19:32:33","980771d4-b891-4472-ad55-66fdf2a8eb16","","","MessagingEndUser","0PAg8000000ZOvVGAW","-9.0","19:32:29","ab15c71b-48c0-4ef3-a273-131cde3a1d76","85ec0dbb-fd28-4f34-a95f-f61334ca1438","flight_management"
"269d222c-beb5-411f-a5d1-9cac1be610ba","SESSION_END","","SKYWAVE_PHASE_4_5","-9.0","19:32:33","5d36416a-aa61-48de-a46c-9fc02414a83a","","","","","-9.0","19:32:33","5aa305bc-0085-48c7-a086-134c99a7d9d1","101748fa-18a7-410b-aef1-1fb6b2832210","NOT_SET"
"fd26ab1b-429c-435d-a6f0-69a5f90e0b92","TURN","","SKYWAVE_PHASE_4_5","-3.0","11:47:03","7a2eed37-4e64-454d-a1ab-7c7d4e08fb81","","","MessagingEndUser","0PAg8000000ZP6nGAG","-3.0","11:47:00","d3e0483b-ad93-4029-aaf6-6c35e9af319c","0528fde3-cfc4-4012-a6bf-9c4a97244116","flight_management"
"fd26ab1b-429c-435d-a6f0-69a5f90e0b92","TURN","","SKYWAVE_PHASE_4_5","-3.0","11:47:49","e5c213ba-a5da-44ef-a21f-b6f22c295662","","","MessagingEndUser","0PAg8000000ZP6nGAG","-3.0","11:47:46","bb9f4bed-775c-4377-acbb-a4583e28a160","50540075-7038-4795-ad66-ee74286530e5","flight_management"
"fd26ab1b-429c-435d-a6f0-69a5f90e0b92","SESSION_END","","SKYWAVE_PHASE_4_5","-3.0","11:47:49","9cb5482b-f27b-495b-a49e-88caf0c467f6","","","","","-3.0","11:47:49","2579cf69-4541-425c-adfe-b8dedfcfc71a","a8c8f285-3b22-4652-a4b2-0358154cabf1","NOT_SET"
"f1de6a80-5e0a-4205-af64-4bc1f90f9757","TURN","","SKYWAVE_PHASE_4_5","-9.0","10:29:03","8ef08546-c0b4-41a3-a7a9-9dc3e0c52d74","","","MessagingEndUser","0PAg8000000ZP8PGAW","-9.0","10:29:00","1c6dcd00-0bc5-454e-a204-f977e3d0f12e","d34123e4-0b78-47cf-a829-0da629b526ad","flight_management"
"f1de6a80-5e0a-4205-af64-4bc1f90f9757","TURN","","SKYWAVE_PHASE_4_5","-9.0","10:29:40","937dcc7b-0768-4b82-a7a8-12a17a4a5895","","","MessagingEndUser","0PAg8000000ZP8PGAW","-9.0","10:29:37","1ae67d3a-2d93-4699-aed9-5a5b1774947d","e56dd851-1327-4295-a283-13841ef20469","flight_management"
"f1de6a80-5e0a-4205-af64-4bc1f90f9757","SESSION_END","","SKYWAVE_PHASE_4_5","-9.0","10:29:40","76c1faae-72e3-4b5a-a7dc-b5d4600af0e1","","","","","-9.0","10:29:40","da94fd15-e6d6-47ab-afef-72c8daeff1ab","5546c562-9f73-4955-a132-9fef50d12aa3","NOT_SET"
"30c831a4-c098-4996-a99a-bff00844a2aa","TURN","","SKYWAVE_PHASE_4_5","-8.0","17:42:04","52b5101b-80dd-47c2-af97-a98500412be9","","","MessagingEndUser","0PAg8000000ZPd3GAG","-8.0","17:42:00","345bcd5d-8b45-43a4-aafc-4407ff4d75b9","8c35600f-83da-497b-ad64-540127842507","mileage_account"
"30c831a4-c098-4996-a99a-bff00844a2aa","TURN","","SKYWAVE_PHASE_4_5","-8.0","17:42:54","c439e8fa-7c41-4466-a728-89d18eadf013","","","MessagingEndUser","0PAg8000000ZPd3GAG","-8.0","17:42:50","2c6cd974-f199-41ae-a298-627a5bb155e6","f4c13b5c-e4b0-492f-acfb-82300b683d70","mileage_account"
"30c831a4-c098-4996-a99a-bff00844a2aa","TURN","","SKYWAVE_PHASE_4_5","-8.0","17:44:07","2982f2f6-2215-4b98-a193-e33c56684b8b","","","MessagingEndUser","0PAg8000000ZPd3GAG","-8.0","17:44:05","70eeadea-a509-4cc4-aa96-6fdb0c3b643c","2ed4c56d-a58c-4f9c-a626-0821c8c63368","mileage_account"
"30c831a4-c098-4996-a99a-bff00844a2aa","TURN","","SKYWAVE_PHASE_4_5","-8.0","17:44:46","7c6c89f0-3023-4136-a362-3b84ffa30dc3","","","MessagingEndUser","0PAg8000000ZPd3GAG","-8.0","17:44:43","e6fa2b7b-84d2-4012-a9b0-713348c18910","70a4f28d-5269-4783-a76d-e10b44644f52","mileage_account"
"30c831a4-c098-4996-a99a-bff00844a2aa","TURN","","SKYWAVE_PHASE_4_5","-8.0","17:45:43","25383ba9-5491-45b9-a368-5880a46f978d","","","MessagingEndUser","0PAg8000000ZPd3GAG","-8.0","17:45:39","f8baf893-2e08-4fa1-a22d-e132d7e66cd0","e4b1ad57-dd6e-493b-ae52-05e0e879a058","flight_management"
"30c831a4-c098-4996-a99a-bff00844a2aa","TURN","","SKYWAVE_PHASE_4_5","-8.0","17:48:43","1928081c-32e5-4d68-ada2-256070b1d418","","","MessagingEndUser","0PAg8000000ZPd3GAG","-8.0","17:48:39","40234317-4196-4e26-a8a6-694764e2fbc2","78d40b12-7950-4c82-a9ca-ac35e5205c5c","flight_management"
"30c831a4-c098-4996-a99a-bff00844a2aa","SESSION_END","","SKYWAVE_PHASE_4_5","-8.0","17:48:43","30ebe625-d034-49a0-ada2-3695523a6265","","","","","-8.0","17:48:43","e666ffa9-e8a3-4cc3-aca6-0ba8b66a623a","915c7dd2-0e4f-4a00-abd3-7fcfe4503a35","NOT_SET"
"2b3dc4a5-56d8-4197-a61e-a2315c408b96","TURN","","SKYWAVE_PHASE_4_5","-2.0","10:38:02","ac25fcd9-8d38-49a1-ae04-8e60a1832bd1","","","MessagingEndUser","0PAg8000000ZPtBGAW","-2.0","10:38:00","92b350d7-b808-4f35-aa61-301c129ada43","5a537c12-afa8-4d1c-a665-5c7b2d7483d3","off_topic"
"2b3dc4a5-56d8-4197-a61e-a2315c408b96","TURN","","SKYWAVE_PHASE_4_5","-2.0","10:39:07","ea3bde0f-5000-4c81-a35d-78d11167b5cd","","","MessagingEndUser","0PAg8000000ZPtBGAW","-2.0","10:39:04","0321f23b-4347-45d6-a463-96397d09d86d","931f058d-5ba7-444f-a64b-4921e4f8b921","off_topic"
"2b3dc4a5-56d8-4197-a61e-a2315c408b96","SESSION_END","","SKYWAVE_PHASE_4_5","-2.0","10:39:07","6859a0ac-2710-4474-aeeb-d2b66aed2836","","","","","-2.0","10:39:07","2a0dc427-8928-4227-a14d-337b71fefca0","6e596fa7-ab9c-4956-a3a3-53ef518002dd","NOT_SET"
"18e49dca-8c1e-40ac-a392-9eb6dc9f3249","TURN","","SKYWAVE_PHASE_4_5","-7.0","13:18:02","8042f219-8f50-4d0a-a4af-2d6eec8dda7b","","","MessagingEndUser","0PAg8000000ZRgTGAW","-7.0","13:18:00","c0d0243d-da8b-4408-a6f0-e205c0b55a5f","0c3f581d-89c1-4366-a436-1e49a297d6cb","flight_management"
"18e49dca-8c1e-40ac-a392-9eb6dc9f3249","TURN","","SKYWAVE_PHASE_4_5","-7.0","13:22:52","a525f506-6108-4b74-aac0-94b96bbbb67a","","","MessagingEndUser","0PAg8000000ZRgTGAW","-7.0","13:22:50","efaf1f6e-7159-40f1-a621-8e495a57369b","3733fd4d-aa4a-4c63-a981-85678062edcc","flight_management"
"18e49dca-8c1e-40ac-a392-9eb6dc9f3249","TURN","","SKYWAVE_PHASE_4_5","-7.0","13:27:47","624aa46b-9226-422d-a31b-5297a3195689","","","MessagingEndUser","0PAg8000000ZRgTGAW","-7.0","13:27:44","b1356f53-949e-4bb4-a28a-cd427d347fa6","56ccd6fe-c2a3-492f-a9f7-11cf50eb9742","flight_management"
"18e49dca-8c1e-40ac-a392-9eb6dc9f3249","TURN","","SKYWAVE_PHASE_4_5","-7.0","13:28:57","529b0699-5e0d-4bbc-a089-fca7e1c7ac9d","","","MessagingEndUser","0PAg8000000ZRgTGAW","-7.0","13:28:55","e18d9c03-3bc2-46a1-a584-d2fc47956bac","d549874d-c0a6-44b7-a47e-4cb9573837f8","flight_management"
"18e49dca-8c1e-40ac-a392-9eb6dc9f3249","SESSION_END","","SKYWAVE_PHASE_4_5","-7.0","13:28:57","24377e6d-3901-4b03-a89f-f893e34ac667","","","","","-7.0","13:28:57","ee67b274-1e8b-4a97-a90d-36ecaca203f0","8e9a69f8-f8ec-481a-ae80-00561bd20e98","NOT_SET"
"a5895352-924b-4684-af99-60adbf3fa920","TURN","","SKYWAVE_PHASE_4_5","-1.0","19:16:04","57ea1800-357b-4209-a888-c0718e894b8c","","","MessagingEndUser","0PAg8000000ZSRFGA4","-1.0","19:16:00","072a9214-ffc2-40b6-a906-cfc4e3a2e649","7ee7760f-2575-42de-aae7-5148a88b764a","off_topic"
"a5895352-924b-4684-af99-60adbf3fa920","TURN","","SKYWAVE_PHASE_4_5","-1.0","19:16:45","97ad1b95-295e-4600-ae32-2f83ef73ae64","","","MessagingEndUser","0PAg8000000ZSRFGA4","-1.0","19:16:41","477dd77f-255b-4252-a356-94c6e1316d47","f756b286-7633-4173-aa74-97adeefdbc91","off_topic"
"a5895352-924b-4684-af99-60adbf3fa920","TURN","","SKYWAVE_PHASE_4_5","-1.0","19:18:47","54444748-2514-40d7-aec3-63e9cf12e919","","","MessagingEndUser","0PAg8000000ZSRFGA4","-1.0","19:18:44","48f52f2f-ab21-44e1-a02b-535ceccb02a8","66d21d05-8a29-4b1a-abe8-61eae1d81588","flight_management"
"a5895352-924b-4684-af99-60adbf3fa920","TURN","","SKYWAVE_PHASE_4_5","-1.0","19:19:13","f8041da2-9cbb-4260-aff0-e15a8d76075c","","","MessagingEndUser","0PAg8000000ZSRFGA4","-1.0","19:19:10","f01f8f13-39c7-46ef-a1b9-7dfd5047efed","64d64b39-817d-4bd7-ac38-d076ee4d6dd7","flight_management"
"a5895352-924b-4684-af99-60adbf3fa920","SESSION_END","","SKYWAVE_PHASE_4_5","-1.0","19:19:13","1dd9e016-9d05-447d-a568-1f28c22b9207","","","","","-1.0","19:19:13","98a192da-2f2a-4db4-a2a2-0837c7bec2f8","e6a474b8-91da-4016-af3a-bfcbfbbc90bd","NOT_SET"
"2227f6d7-5a56-482b-ad7f-39e74d6cb872","TURN","","SKYWAVE_PHASE_4_5","-6.0","12:02:03","191c0b70-24f6-4b2c-af2a-07cc0c567092","","","MessagingEndUser","0PAg8000000ZSXhGAO","-6.0","12:02:00","595ef4ba-f329-479f-a0eb-13e016a6e133","a6905705-11f6-4ae3-a087-b8f801325c42","case_management"
"2227f6d7-5a56-482b-ad7f-39e74d6cb872","TURN","","SKYWAVE_PHASE_4_5","-6.0","12:02:23","5843901e-dea1-4360-ae77-beb5981ce805","","","MessagingEndUser","0PAg8000000ZSXhGAO","-6.0","12:02:19","5def7e61-1451-48b6-aa4e-bda164746918","f55ecea9-aafa-4135-a799-84654cd14fea","case_management"
"2227f6d7-5a56-482b-ad7f-39e74d6cb872","TURN","","SKYWAVE_PHASE_4_5","-6.0","12:04:23","8fb3aee0-d7d7-440e-a172-cdc500ca972b","","","MessagingEndUser","0PAg8000000ZSXhGAO","-6.0","12:04:21","5256d54d-3534-4a4d-a531-9da41cfceed2","f9555c98-86a6-41f1-a867-6aa243a57e37","case_management"
"2227f6d7-5a56-482b-ad7f-39e74d6cb872","TURN","","SKYWAVE_PHASE_4_5","-6.0","12:04:42","18b16f67-4822-4b2a-ac4f-538c25a0db11","","","MessagingEndUser","0PAg8000000ZSXhGAO","-6.0","12:04:40","49a28634-dfa2-4e4b-add1-7a10236c9ba6","e7301f94-56bf-4d69-aca6-ad3e94da5bda","case_management"
"2227f6d7-5a56-482b-ad7f-39e74d6cb872","TURN","","SKYWAVE_PHASE_4_5","-6.0","12:08:15","a3d0067c-07f0-4f6f-ae67-41139d01f26d","","","MessagingEndUser","0PAg8000000ZSXhGAO","-6.0","12:08:11","4c40275f-613b-4fc0-a5c5-79080b2d5cae","f6afd5da-cefe-41a5-ae04-f17f61d779be","mileage_account"
"2227f6d7-5a56-482b-ad7f-39e74d6cb872","TURN","","SKYWAVE_PHASE_4_5","-6.0","12:09:00","314c8929-0609-464d-a3c0-bf3955093f12","","","MessagingEndUser","0PAg8000000ZSXhGAO","-6.0","12:08:56","568ae665-988f-43cc-ab1b-afde72abc9ef","41faeb77-9c81-4ccd-a271-74dba9f9788d","mileage_account"
"2227f6d7-5a56-482b-ad7f-39e74d6cb872","SESSION_END","","SKYWAVE_PHASE_4_5","-6.0","12:09:00","9e063742-fd92-4062-adbf-b299b2d138af","","","","","-6.0","12:09:00","9f4523fa-ee69-4952-a385-011df02dfb88","3446210e-c6c0-4c6e-afb7-0390ff9bbd46","NOT_SET"
"6998d371-29ff-4850-a891-b069b030eb83","TURN","","SKYWAVE_PHASE_4_5","-1.0","15:57:03","ff46a495-a901-40a5-a441-5d8dad175320","","","MessagingEndUser","0PAg8000000ZTNJGA4","-1.0","15:57:00","51e904a2-d17b-4cc2-afac-e5968a5324ac","d4022717-620c-4e78-a14e-3a51f798d034","flight_management"
"6998d371-29ff-4850-a891-b069b030eb83","TURN","","SKYWAVE_PHASE_4_5","-1.0","15:58:05","1da92cd8-1931-4892-a757-2d72a8339fb8","","","MessagingEndUser","0PAg8000000ZTNJGA4","-1.0","15:58:02","4e56d1a7-9b33-487b-a190-d622ff513fb7","61f8183d-9f40-4ff1-a1f4-99fc0a77f497","flight_management"
"6998d371-29ff-4850-a891-b069b030eb83","TURN","","SKYWAVE_PHASE_4_5","-1.0","15:59:20","b9fc48f2-03c0-45cb-ae9c-0f313ca56678","","","MessagingEndUser","0PAg8000000ZTNJGA4","-1.0","15:59:17","15690c0f-16e5-4efd-aa4e-d78465b9a635","370810fc-a722-47e5-ac93-838767be4cc4","flight_management"
"6998d371-29ff-4850-a891-b069b030eb83","TURN","","SKYWAVE_PHASE_4_5","-1.0","16:00:26","d614f0bf-0456-4b5d-a7c3-61fe854799bc","","","MessagingEndUser","0PAg8000000ZTNJGA4","-1.0","16:00:22","5e86fb00-6e8e-4fa0-a883-0116e36d667f","672f2c98-8b65-4a46-a8c8-5e71951dca1f","flight_management"
"6998d371-29ff-4850-a891-b069b030eb83","SESSION_END","","SKYWAVE_PHASE_4_5","-1.0","16:00:26","fefc1594-456c-400a-a969-1aea96505764","","","","","-1.0","16:00:26","75f9e404-693b-4143-a40c-628ece7b6a20","2871441f-373c-4f20-a153-6c78a4cfa424","NOT_SET"
"1e221a66-d292-4c44-a629-9c0d4f4afcfb","TURN","","SKYWAVE_PHASE_4_5","-9.0","08:31:04","02625666-6c93-4c7c-ad9d-d58e0171a1db","","","MessagingEndUser","0PAg8000000ZUsrGAG","-9.0","08:31:00","43c09641-a8c5-4be5-a579-e17bc7ebaa4d","b198a881-0348-40fc-a270-08f07edb27c2","flight_management"
"1e221a66-d292-4c44-a629-9c0d4f4afcfb","TURN","","SKYWAVE_PHASE_4_5","-9.0","08:32:16","ec461e91-b8f4-4216-a429-db7312b070ce","","","MessagingEndUser","0PAg8000000ZUsrGAG","-9.0","08:32:13","e3b2df75-34c7-4e80-a590-0bb3a061db24","0f1183b7-f2c1-484b-a459-fb08d480123f","flight_management"
"1e221a66-d292-4c44-a629-9c0d4f4afcfb","SESSION_END","","SKYWAVE_PHASE_4_5","-9.0","08:32:16","14841c62-2da6-4b5f-a113-7bf5b56e4a72","","","","","-9.0","08:32:16","431a156b-61f4-4c73-ab2a-07a9d4d3880c","0b3d5e22-f92f-4b97-abb7-9ea995c3d585","NOT_SET"
"0558aeba-0169-45a5-a863-15192945e7ea","TURN","","SKYWAVE_PHASE_4_5","-3.0","15:33:02","8191775b-8c27-4e50-a376-93cae9e4a104","","","MessagingEndUser","0PAg8000000ZVDpGAO","-3.0","15:33:00","e0a53a47-9099-4796-a598-34ee3b04ad48","aea968b9-9b87-4a7a-a053-59d83b43afae","mileage_account"
"0558aeba-0169-45a5-a863-15192945e7ea","TURN","","SKYWAVE_PHASE_4_5","-3.0","15:36:46","56cacb6e-9219-4fa0-a59a-1bf13a8d9f68","","","MessagingEndUser","0PAg8000000ZVDpGAO","-3.0","15:36:42","4062f595-1323-4b85-a174-2072047f0916","ae67c593-fd61-4163-a209-9de2de6f3355","mileage_account"
"0558aeba-0169-45a5-a863-15192945e7ea","TURN","","SKYWAVE_PHASE_4_5","-3.0","15:37:35","868c65d3-e613-4a06-a40c-fe7b57e5a6bd","","","MessagingEndUser","0PAg8000000ZVDpGAO","-3.0","15:37:32","83735ba1-d60f-42e6-acd1-941436e0e220","91484d43-f94d-4ff1-a47e-fb608a92b11e","flight_management"
"0558aeba-0169-45a5-a863-15192945e7ea","TURN","","SKYWAVE_PHASE_4_5","-3.0","15:38:11","9e774d1d-d6cb-4ed9-aee2-6077ae689285","","","MessagingEndUser","0PAg8000000ZVDpGAO","-3.0","15:38:08","03ba2eb9-c900-41f6-adbc-b96301013d92","26d0742b-1731-4b0d-a3eb-117c04554773","flight_management"
"0558aeba-0169-45a5-a863-15192945e7ea","SESSION_END","","SKYWAVE_PHASE_4_5","-3.0","15:38:11","8080dfa6-1c09-4f83-a4f3-a09dff1de99d","","","","","-3.0","15:38:11","fb36988d-abaa-4ac5-a2f7-d1bf81017c62","8f6e06a3-adce-4763-a1ed-9909207699c4","NOT_SET"
"cee0936b-6772-44fc-aef7-062a7afac5fb","TURN","","SKYWAVE_PHASE_4_5","-13.0","14:07:02","71a9d296-11af-46c3-af46-f6f91a232643","","","MessagingEndUser","0PAg8000000ZfMrGAK","-13.0","14:07:00","9fac6ccb-2352-43e9-ab93-22d21edfd3ed","ed8361ca-a49f-4b88-a545-d9f4e78a195f","off_topic"
"cee0936b-6772-44fc-aef7-062a7afac5fb","TURN","","SKYWAVE_PHASE_4_5","-13.0","14:07:41","d45688e7-773d-4ecb-a91f-95576baf22d6","","","MessagingEndUser","0PAg8000000ZfMrGAK","-13.0","14:07:39","d05ba6a2-10cb-4359-a0c1-323e7bec858e","8ceb9f40-5353-436e-a067-1032908e0317","off_topic"
"cee0936b-6772-44fc-aef7-062a7afac5fb","SESSION_END","","SKYWAVE_PHASE_4_5","-13.0","14:07:41","c8828ab7-a6f1-4a40-a952-271575e30776","","","","","-13.0","14:07:41","1aebe68c-5aaa-49ce-a35a-e7eb58ded806","72759091-d486-4127-aab8-6f59538ce0e9","NOT_SET"
"0a6a4440-d5d1-4c54-accf-942154a88da9","TURN","","SKYWAVE_PHASE_4_5","-4.0","09:06:03","f78f149d-655d-4c1d-a3ff-20905860cb3f","","","MessagingEndUser","0PAg8000000Zim9GAC","-4.0","09:06:00","716e4e79-58a2-4aea-a2c2-4ac0a3d81d6b","7f5b3131-bac2-45a9-adac-5bd8f89e8aaa","flight_management"
"0a6a4440-d5d1-4c54-accf-942154a88da9","TURN","","SKYWAVE_PHASE_4_5","-4.0","09:06:58","e5f71b85-c327-44ea-a633-41f81be0faae","","","MessagingEndUser","0PAg8000000Zim9GAC","-4.0","09:06:55","755c1f9f-b0f5-4152-a622-e8be9389219d","1094a100-b634-4f84-ac28-8e6274973bfa","flight_management"
"0a6a4440-d5d1-4c54-accf-942154a88da9","SESSION_END","","SKYWAVE_PHASE_4_5","-4.0","09:06:58","e9713ebf-9e9e-4799-aeb8-b63ce2ac091c","","","","","-4.0","09:06:58","378c924b-d954-43fe-a761-758ed5e73a42","b1235106-85d9-478d-a454-e1be4602fbae","NOT_SET"
"7a0ce76c-2f75-4e7f-a570-20f9617d59da","TURN","","SKYWAVE_PHASE_4_5","-7.0","13:38:03","46fec467-a280-4af4-a5f8-b37e9c521101","","","MessagingEndUser","0PAg8000000ZjblGAC","-7.0","13:38:00","2089870b-34f7-4e36-ac64-72e8fcaf01e8","5b5cb344-c999-421d-af9e-ce9f9d218147","flight_management"
"7a0ce76c-2f75-4e7f-a570-20f9617d59da","TURN","","SKYWAVE_PHASE_4_5","-7.0","13:39:19","01b1b910-c11c-4141-a38d-62460402ae77","","","MessagingEndUser","0PAg8000000ZjblGAC","-7.0","13:39:15","5ba98a72-001f-40db-a757-9287e64ffe98","6b84b4b6-bd68-4e16-abb7-946b78009d39","flight_management"
"7a0ce76c-2f75-4e7f-a570-20f9617d59da","TURN","","SKYWAVE_PHASE_4_5","-7.0","13:39:57","b175b624-7a68-4cf6-acfb-ba24298c346a","","","MessagingEndUser","0PAg8000000ZjblGAC","-7.0","13:39:55","057cca50-94ed-4ef0-a3f9-74a463af5634","945f16b5-05d3-41e2-a34e-d83c47c4aa0a","mileage_account"
"7a0ce76c-2f75-4e7f-a570-20f9617d59da","TURN","","SKYWAVE_PHASE_4_5","-7.0","13:41:10","55bd87b1-0586-4452-a3fc-ead2b6f31a7b","","","MessagingEndUser","0PAg8000000ZjblGAC","-7.0","13:41:06","a9aa8d86-9bd2-4e07-a4ee-4e80edccf700","d1bc497b-be38-4a93-a5de-74558d79a684","mileage_account"
"7a0ce76c-2f75-4e7f-a570-20f9617d59da","SESSION_END","","SKYWAVE_PHASE_4_5","-7.0","13:41:10","f64e438b-86c0-41f0-a7fa-ee64fa326036","","","","","-7.0","13:41:10","243eabb6-81fb-4fdc-a909-464855c6f3b7","bef24f9b-4292-4665-a8c2-80f6ccc4b6a4","NOT_SET"
"8d363ce9-c3ec-4b71-ac25-5b6a175d035c","TURN","","SKYWAVE_PHASE_4_5","-7.0","15:05:02","b1f43d8d-1cf9-4402-a0e4-ebb89ab99366","","","MessagingEndUser","0PAg8000000Zl5hGAC","-7.0","15:05:00","626f54e6-818d-48a5-a6ef-4aeaba567243","77827d8d-1064-4e81-a767-684d964fd165","flight_management"
"8d363ce9-c3ec-4b71-ac25-5b6a175d035c","TURN","","SKYWAVE_PHASE_4_5","-7.0","15:06:17","8e877f10-ea64-41b8-aa13-22a2e674b84f","","","MessagingEndUser","0PAg8000000Zl5hGAC","-7.0","15:06:15","a576a4ec-5200-4cdb-a680-3291fd1e9e28","ff1928f0-0855-45f4-ad87-31d938ca2770","flight_management"
"8d363ce9-c3ec-4b71-ac25-5b6a175d035c","SESSION_END","","SKYWAVE_PHASE_4_5","-7.0","15:06:17","1a418153-3bb8-4a8b-aca9-a1b34015d720","","","","","-7.0","15:06:17","a0b7a41f-261d-4f03-ac3d-b8260797fadb","a11e5033-7029-4cd0-adf1-674d73ac4160","NOT_SET"
"34ebad70-293d-43a5-a0d0-8f887cb87097","TURN","","SKYWAVE_PHASE_4_5","-6.0","18:19:03","a309e253-c12a-4488-ae7b-ffbca0d837c5","","","MessagingEndUser","0PAg8000000ZlTtGAK","-6.0","18:19:00","21414592-b496-4ac6-a412-14d8967c3983","b62a06ae-0dea-4176-ac5a-e773d469dbbf","mileage_account"
"34ebad70-293d-43a5-a0d0-8f887cb87097","TURN","","SKYWAVE_PHASE_4_5","-6.0","18:22:36","95f6b81d-6a6a-4a6e-ac29-c015e15c9668","","","MessagingEndUser","0PAg8000000ZlTtGAK","-6.0","18:22:34","9d49cef2-e5c5-4980-a58c-0deac8426691","f152ad22-7ec3-4d6e-a1fa-ee00c21e9f82","mileage_account"
"34ebad70-293d-43a5-a0d0-8f887cb87097","TURN","","SKYWAVE_PHASE_4_5","-6.0","18:23:17","14c401ed-11b9-4b43-acff-70130ff28cc5","","","MessagingEndUser","0PAg8000000ZlTtGAK","-6.0","18:23:13","ef8ddb59-db1c-48d7-ae24-869028715035","2ba3d80b-87b9-497f-a323-862b4c3dc75e","name_change"
"34ebad70-293d-43a5-a0d0-8f887cb87097","TURN","","SKYWAVE_PHASE_4_5","-6.0","18:25:52","0b88ab6c-e1e4-4240-a73e-43e78e0bf4ff","","","MessagingEndUser","0PAg8000000ZlTtGAK","-6.0","18:25:48","763b320c-577b-4232-ae99-30553eaac2b6","9a87d112-e70d-4ed5-aef8-41fe3b6038fb","name_change"
"34ebad70-293d-43a5-a0d0-8f887cb87097","SESSION_END","","SKYWAVE_PHASE_4_5","-6.0","18:25:52","3c46d07f-0814-49ee-a7ad-27aac247852a","","","","","-6.0","18:25:52","b92d11d0-5dfe-4664-a64f-96a195d1e6f0","6f0f141e-14fd-4fa6-a6cb-aa31db6581c2","NOT_SET"
"66f70a93-2bc9-4def-aea9-8657a68bd12e","TURN","","SKYWAVE_PHASE_4_5","-3.0","09:34:03","9d78e8ac-3533-481c-ab1e-02a198141aee","","","MessagingEndUser","0PAg8000000ZpBpGAK","-3.0","09:34:00","dbcbb147-73c9-4966-a26e-0adec65331bc","6fb01d3e-05b8-453f-a38c-37c5a12462ca","flight_management"
"66f70a93-2bc9-4def-aea9-8657a68bd12e","TURN","","SKYWAVE_PHASE_4_5","-3.0","09:36:34","cec5172e-2909-4ac3-a417-6241c59eb856","","","MessagingEndUser","0PAg8000000ZpBpGAK","-3.0","09:36:31","5b2f5af5-19b2-4065-a606-3f415f014304","6f17aeab-e404-468e-ab13-fa85c89a2bcd","flight_management"
"66f70a93-2bc9-4def-aea9-8657a68bd12e","SESSION_END","","SKYWAVE_PHASE_4_5","-3.0","09:36:34","5f92937b-e3a6-4e04-ae41-fe2849ebd14c","","","","","-3.0","09:36:34","e0a67cde-31d2-485d-a904-c6c597558c51","3b9d8acd-1bd1-40a4-a0fa-d79230f0ee66","NOT_SET"
"a20ba675-49ee-4a70-af69-21bccf6bb7d4","TURN","","SKYWAVE_PHASE_4_5","-4.0","08:26:04","9c7c3812-cfe5-4a5c-af74-ed70773e6247","","","MessagingEndUser","0PAg8000000ZqYPGA0","-4.0","08:26:00","9f187eac-9803-4c93-abc0-1b3e9a3d1c13","1a229f02-78be-47ac-a934-cce6315ad0a8","off_topic"
"a20ba675-49ee-4a70-af69-21bccf6bb7d4","TURN","","SKYWAVE_PHASE_4_5","-4.0","08:27:58","8e9b8ac0-5643-4303-ac73-0874e1f88322","","","MessagingEndUser","0PAg8000000ZqYPGA0","-4.0","08:27:54","5b44b01b-bf7a-4609-a0d4-7aa12767eac4","6c39a462-6f85-4117-a323-81aa481c504c","off_topic"
"a20ba675-49ee-4a70-af69-21bccf6bb7d4","SESSION_END","","SKYWAVE_PHASE_4_5","-4.0","08:27:58","bd107ca7-41f4-42ba-a4b1-9e715b461fdb","","","","","-4.0","08:27:58","17a1a6ef-f509-42a1-a161-5b28efa899b2","d4126c34-17d7-4559-ab51-6feb71dd64ca","NOT_SET"
"145617bd-f7d5-424d-a37b-2cc54d99cdad","TURN","","SKYWAVE_PHASE_4_5","-12.0","09:00:04","af042bcf-1f7b-445e-a18d-4e155758648d","","","MessagingEndUser","0PAg8000000Zqa1GAC","-12.0","09:00:00","206dad48-a90a-4736-a759-8b7b2fcd875f","7e4fabb7-e6d0-4ed6-acf3-ecc12904c43f","flight_management"
"145617bd-f7d5-424d-a37b-2cc54d99cdad","TURN","","SKYWAVE_PHASE_4_5","-12.0","09:01:10","049c40f6-bda6-493d-a79d-8e53ceb6ec0d","","","MessagingEndUser","0PAg8000000Zqa1GAC","-12.0","09:01:07","945a12e7-7c2e-4622-a12c-1ec15183400e","ecb6231d-54b6-48a0-afe3-4da900ef58c7","flight_management"
"145617bd-f7d5-424d-a37b-2cc54d99cdad","TURN","","SKYWAVE_PHASE_4_5","-12.0","09:04:25","6adc1f08-700b-4d9c-ae7d-5fa7eb26e163","","","MessagingEndUser","0PAg8000000Zqa1GAC","-12.0","09:04:22","ebfe86f1-5217-43cc-a87d-b2f276cd4eae","f1ce71b3-7aff-4700-a72d-975fb6bd9b02","flight_management"
"145617bd-f7d5-424d-a37b-2cc54d99cdad","TURN","","SKYWAVE_PHASE_4_5","-12.0","09:05:39","a9342b48-2c6b-4ec4-af56-4f48ee0111ec","","","MessagingEndUser","0PAg8000000Zqa1GAC","-12.0","09:05:36","dd40cf2c-7088-4dc4-af3d-ae21e787adfb","7f08dcf9-fbd9-4e09-a9e3-e345cefb26db","flight_management"
"145617bd-f7d5-424d-a37b-2cc54d99cdad","SESSION_END","","SKYWAVE_PHASE_4_5","-12.0","09:05:39","d105bc47-1c5f-4982-af1c-102d50704586","","","","","-12.0","09:05:39","53a508c1-1052-4b09-ae5d-072a7ce750c7","66860890-00ef-4a3e-a963-35bd895d2ac9","NOT_SET"
"4db350ac-b724-4424-ae6c-a3ae4e58879d","TURN","","SKYWAVE_PHASE_4_5","-10.0","10:40:04","a507931e-e419-48b4-aa7e-d6ce2b7fde14","","","MessagingEndUser","0PAg8000000Zr1RGAS","-10.0","10:40:00","c3d7a8e9-b3ee-470b-a8d1-05de05de154e","f27055be-bc4e-4b92-a1f9-f9c8bcd9694d","flight_management"
"4db350ac-b724-4424-ae6c-a3ae4e58879d","TURN","","SKYWAVE_PHASE_4_5","-10.0","10:40:31","86b9b360-b03d-4b15-a30f-c49fbce0752c","","","MessagingEndUser","0PAg8000000Zr1RGAS","-10.0","10:40:29","69fa909e-73b3-4eb8-a377-08d3f4dc6967","15801a01-2ac8-47c5-ad59-7822a8dc4b7e","flight_management"
"4db350ac-b724-4424-ae6c-a3ae4e58879d","TURN","","SKYWAVE_PHASE_4_5","-10.0","10:41:16","2a1ee837-18e0-41d5-a046-4fa355c97618","","","MessagingEndUser","0PAg8000000Zr1RGAS","-10.0","10:41:13","fd630950-0dc1-4074-a0f5-1977d410b723","3867b21c-c897-45df-aca2-8ec8130a87b7","case_management"
"4db350ac-b724-4424-ae6c-a3ae4e58879d","TURN","","SKYWAVE_PHASE_4_5","-10.0","10:42:08","9bca2ee1-f5b0-4ea9-a61b-8f3a3aca3150","","","MessagingEndUser","0PAg8000000Zr1RGAS","-10.0","10:42:05","68a88b49-fd28-4576-a51f-36259d051908","eedb3741-9ab5-4f91-a4e6-5b7708f66eb0","case_management"
"4db350ac-b724-4424-ae6c-a3ae4e58879d","TURN","","SKYWAVE_PHASE_4_5","-10.0","10:44:26","310fca8d-c05f-4b6c-a6e7-a120f60adf83","","","MessagingEndUser","0PAg8000000Zr1RGAS","-10.0","10:44:24","d4aaea3b-f584-4f7d-ae09-58ff463deba3","dcee1b7e-5e16-40b3-a6fa-eee80764b8e2","flight_management"
"4db350ac-b724-4424-ae6c-a3ae4e58879d","TURN","","SKYWAVE_PHASE_4_5","-10.0","10:47:44","c3bdc0e5-18a9-4d0c-afd7-e4328df12759","","","MessagingEndUser","0PAg8000000Zr1RGAS","-10.0","10:47:41","70d28bea-ee27-4b3c-a2fb-5e8827655baa","2c27617a-08fb-484d-abef-74fd2f2098b5","flight_management"
"4db350ac-b724-4424-ae6c-a3ae4e58879d","SESSION_END","","SKYWAVE_PHASE_4_5","-10.0","10:47:44","9342c793-9a82-4fef-afdc-c7e8b2868fb5","","","","","-10.0","10:47:44","2488179d-0d28-42c0-a6ff-0cc233a39ab7","b4ecbc8f-2144-46ea-a1ea-01f9315ff20e","NOT_SET"
"752c34b2-df40-4027-aef4-8a0b9013ea4d","TURN","","SKYWAVE_PHASE_4_5","-8.0","11:48:03","e0458874-1274-4b64-a621-30e5a972bd9b","","","MessagingEndUser","0PAg8000000ZrCjGAK","-8.0","11:48:00","12374502-86b4-42de-ad81-1fee43f59a89","2743425a-1edb-4d86-a429-1b86b98ea2ab","case_management"
"752c34b2-df40-4027-aef4-8a0b9013ea4d","TURN","","SKYWAVE_PHASE_4_5","-8.0","11:52:22","4eca774e-c7d4-4c09-a49e-386de4c04a05","","","MessagingEndUser","0PAg8000000ZrCjGAK","-8.0","11:52:18","711a8c58-c64d-4bed-a93a-3b8de0db4af7","3ac3b2a8-4744-4019-a13e-4fea0f74bae9","case_management"
"752c34b2-df40-4027-aef4-8a0b9013ea4d","TURN","","SKYWAVE_PHASE_4_5","-8.0","11:53:31","6795ac14-f826-4ea5-a15d-6fef070f62ca","","","MessagingEndUser","0PAg8000000ZrCjGAK","-8.0","11:53:29","94122e79-1d68-4330-a466-fc3bc71a2ddd","ffb3b8f0-e681-4b53-ab1f-49f51c84552e","off_topic"
"752c34b2-df40-4027-aef4-8a0b9013ea4d","TURN","","SKYWAVE_PHASE_4_5","-8.0","11:58:13","8c5edc68-7818-4a79-abb4-5fbc9944b8ac","","","MessagingEndUser","0PAg8000000ZrCjGAK","-8.0","11:58:11","abdf90ea-f27d-4179-a7bf-9a8961cd3b4f","4fa429aa-cb6c-4332-a378-2169318f172d","off_topic"
"752c34b2-df40-4027-aef4-8a0b9013ea4d","SESSION_END","","SKYWAVE_PHASE_4_5","-8.0","11:58:13","7953043a-2741-4cba-a45e-129d0df09f38","","","","","-8.0","11:58:13","28ba2bda-e624-4939-a9b1-ed22f503b2be","08428df2-486d-44bd-a923-0d5a0617b37d","NOT_SET"
"7d70bbac-c9f9-4a3a-a36b-5f12f2cab33e","TURN","","SKYWAVE_PHASE_4_5","-13.0","08:28:04","6c43efd4-2824-4e36-abda-371305c51fa3","","","MessagingEndUser","0PAg8000000ZMaLGAW","-13.0","08:28:00","45144f8d-fe2c-459d-afa6-be865e8b33e3","f7fa608e-409a-4613-a233-63240baa16be","flight_management"
"7d70bbac-c9f9-4a3a-a36b-5f12f2cab33e","TURN","","SKYWAVE_PHASE_4_5","-13.0","08:28:51","908f08be-fdc5-4e95-a195-8a4b3d9c871c","","","MessagingEndUser","0PAg8000000ZMaLGAW","-13.0","08:28:49","ae9cc5c0-c5b9-412e-a061-e79e8930c9ff","ed122c0e-0fb2-4d05-a577-04e0c4fd1703","flight_management"
"7d70bbac-c9f9-4a3a-a36b-5f12f2cab33e","SESSION_END","","SKYWAVE_PHASE_4_5","-13.0","08:28:51","baf07377-9337-4b5d-ac1d-0105728aab56","","","","","-13.0","08:28:51","4a055415-ee7f-44f4-a66c-6ef836e8b87d","5803fa0c-8cb5-407e-a2ca-ef0b5fe728ce","NOT_SET"
"3c4e836a-1f12-48e8-a0a7-354059f6d31a","TURN","","SKYWAVE_PHASE_4_5","-11.0","16:41:03","746b36bd-452c-4dc4-a8e6-a56063028f65","","","MessagingEndUser","0PAg8000000ZOM1GAO","-11.0","16:41:00","14eaf96f-5f21-4ebf-a767-58774425fe1a","fdb604c0-5cbd-45fc-a897-c5820930e68c","flight_management"
"3c4e836a-1f12-48e8-a0a7-354059f6d31a","TURN","","SKYWAVE_PHASE_4_5","-11.0","16:41:46","d4ee7e77-867a-427d-a7b7-4b8b01345b81","","","MessagingEndUser","0PAg8000000ZOM1GAO","-11.0","16:41:43","69d5b524-22c6-4a84-ad58-723f8376f821","8c25cb2c-f337-47af-a716-5ccdaf78d369","flight_management"
"3c4e836a-1f12-48e8-a0a7-354059f6d31a","SESSION_END","","SKYWAVE_PHASE_4_5","-11.0","16:41:46","f6fc1d3e-c43b-4142-a3e8-3a28c7768da5","","","","","-11.0","16:41:46","b545097c-d151-4868-ab35-d5a188668c45","9b4e5344-abae-43e2-adb8-b2ba7a956322","NOT_SET"
"46a80598-a7da-46dd-ac8c-87fe5b910d51","TURN","","SKYWAVE_PHASE_4_5","-12.0","14:26:02","d30d2dc9-6ab5-4a95-a6e2-1f22981d2e1c","","","MessagingEndUser","0PAg8000000ZOgzGAG","-12.0","14:26:00","08688577-1afd-47b4-a10b-47a4c718eab7","1e31a806-44e5-4b3c-a878-46e4430b3f58","flight_management"
"46a80598-a7da-46dd-ac8c-87fe5b910d51","TURN","","SKYWAVE_PHASE_4_5","-12.0","14:27:10","031c518f-deaf-421b-a160-5c826fded6a9","","","MessagingEndUser","0PAg8000000ZOgzGAG","-12.0","14:27:06","676ff129-180f-4559-a2fa-c1746de3d247","e59f15cb-6985-4ca3-a538-73f18606cc68","flight_management"
"46a80598-a7da-46dd-ac8c-87fe5b910d51","TURN","","SKYWAVE_PHASE_4_5","-12.0","14:30:12","e9a0157c-3af7-4369-a3e9-350f40b61667","","","MessagingEndUser","0PAg8000000ZOgzGAG","-12.0","14:30:08","a8b0d1a9-191f-4cb6-abf7-fc3fda475582","0168523b-f468-4c61-afda-9f602d16eceb","name_change"
"46a80598-a7da-46dd-ac8c-87fe5b910d51","TURN","","SKYWAVE_PHASE_4_5","-12.0","14:30:35","b5b8d677-e595-406f-ac03-cc575078254c","","","MessagingEndUser","0PAg8000000ZOgzGAG","-12.0","14:30:31","f0f65b0b-0b21-4dcb-a372-64613795233d","3b2a0522-4cd8-4d0f-aa54-c838659144de","name_change"
"46a80598-a7da-46dd-ac8c-87fe5b910d51","SESSION_END","","SKYWAVE_PHASE_4_5","-12.0","14:30:35","ccde1ece-acbe-4914-a150-261dd024e458","","","","","-12.0","14:30:35","13d66a54-e0d4-408e-aa9d-f66c87f19ff3","69a3faca-51f5-4ab3-a9df-fd2e843ecda9","NOT_SET"
"7896aff9-6e3f-47e5-aa62-254a49a02a30","TURN","","SKYWAVE_PHASE_4_5","-2.0","13:26:03","016f6f42-8ca6-4f13-add6-f0c59854382e","","","MessagingEndUser","0PAg8000000ZOibGAG","-2.0","13:26:00","1bb0a138-95fc-4dfa-a258-b775257bb13c","fdfab676-5cf2-4833-ada6-6b5f322ca0f8","flight_management"
"7896aff9-6e3f-47e5-aa62-254a49a02a30","TURN","","SKYWAVE_PHASE_4_5","-2.0","13:26:28","64a0d2f3-98a2-43db-a31b-9b2b6f034951","","","MessagingEndUser","0PAg8000000ZOibGAG","-2.0","13:26:24","9812715c-9231-43ec-ade5-d7f8cee8b6f1","23648d55-c559-435b-a8af-ebc0193606eb","flight_management"
"7896aff9-6e3f-47e5-aa62-254a49a02a30","TURN","","SKYWAVE_PHASE_4_5","-2.0","13:27:46","d8dac585-601b-43ce-a3cd-f4253eb9c4bb","","","MessagingEndUser","0PAg8000000ZOibGAG","-2.0","13:27:42","7d7fb99f-9b86-4602-af67-4467787d57a0","ee13cb09-1221-4813-a673-119aae0528a8","name_change"
"7896aff9-6e3f-47e5-aa62-254a49a02a30","TURN","","SKYWAVE_PHASE_4_5","-2.0","13:29:55","8e70dbf4-d743-45bd-a369-904c879f166e","","","MessagingEndUser","0PAg8000000ZOibGAG","-2.0","13:29:52","84d6f65e-36d2-4bf5-a047-ed43404e76f6","a80e1dd3-f601-444f-a66b-90484fceee5c","name_change"
"7896aff9-6e3f-47e5-aa62-254a49a02a30","SESSION_END","","SKYWAVE_PHASE_4_5","-2.0","13:29:55","2bf72f8d-08c6-40c5-ae38-7b0fc9419d61","","","","","-2.0","13:29:55","6cf56a2e-5016-44d6-ad7d-f358a31e43c5","4e1a4135-aa56-4e00-ac63-367c1a9a5766","NOT_SET"
"bd2bf299-355e-48ec-a68e-60e40e68bd86","TURN","","SKYWAVE_PHASE_4_5","-6.0","15:24:03","750e81c5-b91d-48fe-a700-87f469130c17","","","MessagingEndUser","0PAg8000000ZOvVGAW","-6.0","15:24:00","279300d0-a6af-4cf0-a074-497f0ffa64e8","b12982fc-d808-40c0-a2c1-404286c5780e","mileage_account"
"bd2bf299-355e-48ec-a68e-60e40e68bd86","TURN","","SKYWAVE_PHASE_4_5","-6.0","15:25:08","fad2def7-979f-490d-aa64-ebaac1fccfa9","","","MessagingEndUser","0PAg8000000ZOvVGAW","-6.0","15:25:05","ed27613b-199c-4ccb-a1d0-da0bd7ce2672","9374ff38-e369-49ba-a475-c05cf1405c7b","mileage_account"
"bd2bf299-355e-48ec-a68e-60e40e68bd86","SESSION_END","","SKYWAVE_PHASE_4_5","-6.0","15:25:08","93f530a2-7d17-4c80-a116-ccfaac37f503","","","","","-6.0","15:25:08","ea651eff-e980-494c-a59b-b4e05db10919","ed4221f7-3829-4018-a6df-06eb9b86a6da","NOT_SET"
"480e9180-c191-4442-a167-154e5071518f","TURN","","SKYWAVE_PHASE_4_5","-10.0","12:42:02","8be980cf-06ba-4f0e-a5d9-f468104ee6cc","","","MessagingEndUser","0PAg8000000ZP6nGAG","-10.0","12:42:00","8b30b692-ccde-430c-a53f-f09021f18faa","a8b52b9a-06f3-48c7-a297-80bceec0a803","flight_management"
"480e9180-c191-4442-a167-154e5071518f","TURN","","SKYWAVE_PHASE_4_5","-10.0","12:42:58","372294e0-3bfc-403f-a2da-df73c97b81c3","","","MessagingEndUser","0PAg8000000ZP6nGAG","-10.0","12:42:56","67274280-e2c1-4c6d-a3fd-da556cd4a73f","fcac847e-2b24-48fb-aac1-58554b0c18d0","flight_management"
"480e9180-c191-4442-a167-154e5071518f","SESSION_END","","SKYWAVE_PHASE_4_5","-10.0","12:42:58","8c89128d-d550-48b4-abec-82f3cc9842d5","","","","","-10.0","12:42:58","bc123620-2778-4536-a6f8-3956ead44670","0790918d-b5ce-4c86-ad92-84186f05ef6f","NOT_SET"
"c043ae46-0689-42ce-a21f-8a31e2fbd980","TURN","","SKYWAVE_PHASE_4_5","-4.0","18:22:03","a1e44b78-2a64-42dd-a13f-8fbf499fb3ec","","","MessagingEndUser","0PAg8000000ZP8PGAW","-4.0","18:22:00","7f5d57fe-fe1a-42e9-a2ab-93fae6f8a8bb","b6629251-bc8a-4862-ade0-a2cba1ce1ad0","name_change"
"c043ae46-0689-42ce-a21f-8a31e2fbd980","TURN","","SKYWAVE_PHASE_4_5","-4.0","18:24:05","e04b8f28-962e-47c6-ac22-645d0f0260b4","","","MessagingEndUser","0PAg8000000ZP8PGAW","-4.0","18:24:01","f6570ba8-e4f7-4af8-a964-b5296b271b0f","2a76a69a-7d76-471b-a5dd-5e6516917327","name_change"
"c043ae46-0689-42ce-a21f-8a31e2fbd980","SESSION_END","","SKYWAVE_PHASE_4_5","-4.0","18:24:05","4f71f885-2471-4514-ae12-85bcbda0c7c0","","","","","-4.0","18:24:05","ed18c7b5-cbd2-40e1-a672-a035b1095248","415d112c-54ba-4610-aec8-26523480d338","NOT_SET"
"a24f525b-d0f0-4d78-a695-56d09f356a84","TURN","","SKYWAVE_PHASE_4_5","-14.0","08:27:04","ffdfa13a-5603-4a77-a42f-13d96ea1ccad","","","MessagingEndUser","0PAg8000000ZPd3GAG","-14.0","08:27:00","cf8e0646-8ba5-4685-a6f0-c5caa2646fe7","aff0f7f8-d247-46c0-a598-5686eba18a90","mileage_account"
"a24f525b-d0f0-4d78-a695-56d09f356a84","TURN","","SKYWAVE_PHASE_4_5","-14.0","08:27:28","f4111e62-d575-4f68-a300-2017567d62db","","","MessagingEndUser","0PAg8000000ZPd3GAG","-14.0","08:27:24","dda24ef7-b028-47f1-a138-8559e6df7db5","1c8bbce6-5c16-434b-a8e0-a8517cc5ffac","mileage_account"
"a24f525b-d0f0-4d78-a695-56d09f356a84","SESSION_END","","SKYWAVE_PHASE_4_5","-14.0","08:27:28","bb97dc51-ea36-4275-a2e5-b7f2e1fd74f9","","","","","-14.0","08:27:28","8e14979a-7d74-48b9-ac65-79f913881e72","564772fb-b6d8-47c8-a2c7-7f6482ec0ec5","NOT_SET"
"7697d7cf-8bde-4810-aee5-3b07dc88636b","TURN","","SKYWAVE_PHASE_4_5","-3.0","14:29:03","7ac835a2-e1d4-49c6-a10e-b34d080f7fbc","","","MessagingEndUser","0PAg8000000ZPtBGAW","-3.0","14:29:00","3ec159cc-daf7-4428-a8d9-3f23228ccdde","66254a08-30e6-4781-a833-407cf2dd38a4","mileage_account"
"7697d7cf-8bde-4810-aee5-3b07dc88636b","TURN","","SKYWAVE_PHASE_4_5","-3.0","14:33:38","cd3349d4-1767-4f01-a7cb-bba6b222e163","","","MessagingEndUser","0PAg8000000ZPtBGAW","-3.0","14:33:34","95072cb1-98c3-417b-a775-9ce46a6f7be8","beb3ce20-eeab-49a5-a2a8-39e9e9116c09","mileage_account"
"7697d7cf-8bde-4810-aee5-3b07dc88636b","TURN","","SKYWAVE_PHASE_4_5","-3.0","14:34:49","e0d8defd-3035-433d-a440-6f9fee95ffc9","","","MessagingEndUser","0PAg8000000ZPtBGAW","-3.0","14:34:47","a5de0cee-5d49-4fbd-a7fe-8982608c6668","e73f0ef1-909e-4a82-a5f3-131f837d6a16","flight_management"
"7697d7cf-8bde-4810-aee5-3b07dc88636b","TURN","","SKYWAVE_PHASE_4_5","-3.0","14:35:08","6da2150b-6003-4d36-ab0d-d36f18ec2632","","","MessagingEndUser","0PAg8000000ZPtBGAW","-3.0","14:35:04","84a1400d-b7a9-4232-a059-9e4b551495eb","bdfca608-27f8-47aa-a2f5-9fdcde97f9d9","flight_management"
"7697d7cf-8bde-4810-aee5-3b07dc88636b","SESSION_END","","SKYWAVE_PHASE_4_5","-3.0","14:35:08","901bd414-a0d5-4eaf-ab6f-f76fa9cd522a","","","","","-3.0","14:35:08","9a3fc5ec-1cf9-4846-a190-d96680783fd1","1283099e-393b-43fc-a075-cadd22f09d76","NOT_SET"
"cb2a38e1-500c-457d-a088-520f6ac0b6a6","TURN","","SKYWAVE_PHASE_4_5","-2.0","15:10:02","9b7b247a-a0b6-41e2-aec1-10367f76dafc","","","MessagingEndUser","0PAg8000000ZRgTGAW","-2.0","15:10:00","c460fa0d-faf2-492b-a2c1-5aaf110098ff","2f97075c-90c5-429b-aec1-80cddee33b53","mileage_account"
"cb2a38e1-500c-457d-a088-520f6ac0b6a6","TURN","","SKYWAVE_PHASE_4_5","-2.0","15:10:39","58c4c6d3-0b07-4b9d-a064-382581b0221f","","","MessagingEndUser","0PAg8000000ZRgTGAW","-2.0","15:10:36","73e6e627-4f34-4846-a3bf-2be9e9eb6d0b","08322333-d8c1-451f-a6b5-fa68591c850a","mileage_account"
"cb2a38e1-500c-457d-a088-520f6ac0b6a6","SESSION_END","","SKYWAVE_PHASE_4_5","-2.0","15:10:39","b8b87007-71a2-4453-aca9-60b5ae4c81b4","","","","","-2.0","15:10:39","cdbee0e5-c380-4da8-a9b9-f69eea6b7ed2","cb508f51-765d-4037-ae2f-c36e3231ca03","NOT_SET"
"9c687b10-1990-4ddd-a8d1-80dd5b759693","TURN","","SKYWAVE_PHASE_4_5","-8.0","17:14:02","d7a4d61f-8738-4952-a136-78666b56647b","","","MessagingEndUser","0PAg8000000ZSRFGA4","-8.0","17:14:00","e27d7c1c-599b-4627-a6e7-fab49a689fd3","3b02f6bc-20f2-40ed-a1ae-ade2ba014de0","flight_management"
"9c687b10-1990-4ddd-a8d1-80dd5b759693","TURN","","SKYWAVE_PHASE_4_5","-8.0","17:14:32","4d3add6e-1d42-45cf-a20d-b3ccf9994ef5","","","MessagingEndUser","0PAg8000000ZSRFGA4","-8.0","17:14:29","1c74097a-2de2-4560-aa71-123be16c13cf","7f69e331-7df8-4621-a7ea-d1ebc9c7e510","flight_management"
"9c687b10-1990-4ddd-a8d1-80dd5b759693","TURN","","SKYWAVE_PHASE_4_5","-8.0","17:15:32","82ec42c2-b684-47fb-a618-29d9b3681d4f","","","MessagingEndUser","0PAg8000000ZSRFGA4","-8.0","17:15:29","db8412a1-8a52-4029-a860-4eb4c5c058b0","33d5c270-a71e-4c04-a6da-48043e70568a","flight_management"
"9c687b10-1990-4ddd-a8d1-80dd5b759693","TURN","","SKYWAVE_PHASE_4_5","-8.0","17:16:31","aa847594-ca8b-448c-a551-d3c4f53691f5","","","MessagingEndUser","0PAg8000000ZSRFGA4","-8.0","17:16:29","493c74fb-9733-4cc7-a899-01d57915496d","22d50dc6-3887-43e8-aa88-0b5d6d75486e","flight_management"
"9c687b10-1990-4ddd-a8d1-80dd5b759693","TURN","","SKYWAVE_PHASE_4_5","-8.0","17:17:31","1676d3e7-55b8-4c98-aa63-9adb4007d2b3","","","MessagingEndUser","0PAg8000000ZSRFGA4","-8.0","17:17:28","9e53c3e2-0176-4c1d-a22f-107d7b815758","08b4e570-f8b6-40a1-a907-31a854245eaf","flight_management"
"9c687b10-1990-4ddd-a8d1-80dd5b759693","TURN","","SKYWAVE_PHASE_4_5","-8.0","17:18:14","9ab98af4-78d9-473c-a0d3-5b74054e4842","","","MessagingEndUser","0PAg8000000ZSRFGA4","-8.0","17:18:10","bbfd2cd1-8e22-4ef4-a4ff-dc516d231633","371e3d30-bf69-4cc1-a8ba-b678cde6afb1","flight_management"
"9c687b10-1990-4ddd-a8d1-80dd5b759693","SESSION_END","","SKYWAVE_PHASE_4_5","-8.0","17:18:14","b829d601-c619-492c-a120-b1aeea21767f","","","","","-8.0","17:18:14","a5599d37-3a8a-4964-a635-583f22a6277d","b292ac3a-8023-4595-ac5b-4ad0d7df981c","NOT_SET"
"2a7dd6fd-df5b-4202-a34b-3b437c23dd41","TURN","","SKYWAVE_PHASE_4_5","-1.0","09:56:02","138154d2-3054-4dd8-a6e7-b19a4c76d296","","","MessagingEndUser","0PAg8000000ZSXhGAO","-1.0","09:56:00","a514d73d-3eea-4d3c-a71a-3eaecc05f756","dfcddcd4-696f-4707-a42b-26119923d1b1","flight_management"
"2a7dd6fd-df5b-4202-a34b-3b437c23dd41","TURN","","SKYWAVE_PHASE_4_5","-1.0","09:56:46","48fab597-e447-49e6-a694-16b703e12160","","","MessagingEndUser","0PAg8000000ZSXhGAO","-1.0","09:56:43","8ac6cae2-f18c-426f-a7da-96d76c890395","01818d45-7119-48a0-a7c4-e9051cdb4cca","flight_management"
"2a7dd6fd-df5b-4202-a34b-3b437c23dd41","TURN","","SKYWAVE_PHASE_4_5","-1.0","09:57:14","8c6abb1a-6588-4bc4-a458-5b1a557022ae","","","MessagingEndUser","0PAg8000000ZSXhGAO","-1.0","09:57:11","9ecce3dc-249a-4d8b-a150-7b2a575f60fd","6b8e4c1d-6d94-403a-a238-24a42fc74439","off_topic"
"2a7dd6fd-df5b-4202-a34b-3b437c23dd41","TURN","","SKYWAVE_PHASE_4_5","-1.0","09:58:14","e939f0c5-af43-4b6d-a421-d9dba607d418","","","MessagingEndUser","0PAg8000000ZSXhGAO","-1.0","09:58:10","ecdbd64b-9d1a-43f6-acd4-c40b90a72811","2a8e0476-a86b-4146-a2a3-dc2edb558405","off_topic"
"2a7dd6fd-df5b-4202-a34b-3b437c23dd41","SESSION_END","","SKYWAVE_PHASE_4_5","-1.0","09:58:14","642402be-978c-49df-a3d7-1514dd854695","","","","","-1.0","09:58:14","f86a4570-c138-4555-af2c-99790a710e4e","37eff1b2-7bf1-4124-af93-bca5347506ee","NOT_SET"
"c55eee1d-a6e1-4ab2-ab49-5a29adda8d38","TURN","","SKYWAVE_PHASE_4_5","-14.0","09:54:02","cece7d07-a6f9-4757-a289-f71e1a0d5459","","","MessagingEndUser","0PAg8000000ZTNJGA4","-14.0","09:54:00","b8fe1080-60ed-439e-a8c3-09481734a104","13504592-ca41-4234-ad2a-7afd45ded8eb","case_management"
"c55eee1d-a6e1-4ab2-ab49-5a29adda8d38","TURN","","SKYWAVE_PHASE_4_5","-14.0","09:55:07","a90bf541-bfe0-43fb-af4e-38685e5b0eb9","","","MessagingEndUser","0PAg8000000ZTNJGA4","-14.0","09:55:04","eec5fe8d-cdf4-422a-ac52-69554a49ae55","f6559cb5-6efe-406b-a86a-7ed8e354330a","case_management"
"c55eee1d-a6e1-4ab2-ab49-5a29adda8d38","SESSION_END","","SKYWAVE_PHASE_4_5","-14.0","09:55:07","38876ff5-083d-41d8-ab9d-1eae799856fd","","","","","-14.0","09:55:07","c9dd335c-feea-41fb-a132-62f6855cf9ce","41da9097-a291-4301-ad23-de18b1b8834c","NOT_SET"
"a3a231b5-472e-439d-a567-e37d68fe5204","TURN","","SKYWAVE_PHASE_4_5","-6.0","15:34:03","bf2486c0-38e9-4c06-a036-6e693b7bb9c9","","","MessagingEndUser","0PAg8000000ZUsrGAG","-6.0","15:34:00","ff4e51d2-8de1-4c58-aa79-6778ff475e64","2830bbb1-6129-4add-a222-182ceb4beb35","flight_management"
"a3a231b5-472e-439d-a567-e37d68fe5204","TURN","","SKYWAVE_PHASE_4_5","-6.0","15:34:56","cbc49ab6-4cef-4a9d-a5cd-17c3c3d6b28b","","","MessagingEndUser","0PAg8000000ZUsrGAG","-6.0","15:34:54","e5240b26-7eca-439b-ad33-2346c69a56aa","aed87dc0-bee8-4d42-ad16-587bdf45559b","flight_management"
"a3a231b5-472e-439d-a567-e37d68fe5204","TURN","","SKYWAVE_PHASE_4_5","-6.0","15:35:35","873890b6-60c1-4be7-a273-93a7c8891b1f","","","MessagingEndUser","0PAg8000000ZUsrGAG","-6.0","15:35:32","a939b23b-c4e1-41e4-ab7d-494559ec5c87","95908254-56f9-4f13-a66e-e51ccb67fa27","name_change"
"a3a231b5-472e-439d-a567-e37d68fe5204","TURN","","SKYWAVE_PHASE_4_5","-6.0","15:36:20","b8784da9-dbdb-489d-a220-27d1ae74e8e3","","","MessagingEndUser","0PAg8000000ZUsrGAG","-6.0","15:36:17","eb8e5354-67e8-42ae-a49f-796b92cd2cb3","7aa4cadd-62df-4ed1-a729-fd939713ee49","name_change"
"a3a231b5-472e-439d-a567-e37d68fe5204","SESSION_END","","SKYWAVE_PHASE_4_5","-6.0","15:36:20","f15fcbcf-f1ec-4fe6-a128-627b77feb123","","","","","-6.0","15:36:20","aaccfca9-d86a-4b30-a667-246cc902270a","23dc7375-73c8-48f7-a790-2f11eb14a55d","NOT_SET"
"26c4d933-dfa3-475d-a904-70b6e882f394","TURN","","SKYWAVE_PHASE_4_5","-12.0","15:43:03","5e89779e-9124-44db-a1c5-0b628103ac5a","","","MessagingEndUser","0PAg8000000ZVDpGAO","-12.0","15:43:00","f572b00c-a871-4f81-a8f7-92ac138c7b2c","bc3fe793-2586-435f-a48d-9edbe2f302f4","flight_management"
"26c4d933-dfa3-475d-a904-70b6e882f394","TURN","","SKYWAVE_PHASE_4_5","-12.0","15:43:42","37b271b3-94ca-42d5-acd7-69fc113a1aa4","","","MessagingEndUser","0PAg8000000ZVDpGAO","-12.0","15:43:40","056c8767-8fba-4acf-a609-cc48aea3f24e","28e9d215-3c7c-48a4-a3db-05776af1937d","flight_management"
"26c4d933-dfa3-475d-a904-70b6e882f394","TURN","","SKYWAVE_PHASE_4_5","-12.0","15:44:48","13f2e7e6-32be-4fa5-a80d-7be43c724f1b","","","MessagingEndUser","0PAg8000000ZVDpGAO","-12.0","15:44:45","af59c4a1-d5df-4eb8-ab62-5d2307ad0716","a2f61bc4-e461-4fab-a843-9a8898e5d47c","case_management"
"26c4d933-dfa3-475d-a904-70b6e882f394","TURN","","SKYWAVE_PHASE_4_5","-12.0","15:45:18","3bcf0e4a-8771-4f5b-aae8-9485da161fbd","","","MessagingEndUser","0PAg8000000ZVDpGAO","-12.0","15:45:15","4f01ba87-e127-436c-a7e3-78fa07bb78f3","2e9726fa-cbda-4699-ad6f-ae83d8d8c05c","case_management"
"26c4d933-dfa3-475d-a904-70b6e882f394","SESSION_END","","SKYWAVE_PHASE_4_5","-12.0","15:45:18","bcfd12c4-981d-435b-ae0a-de2c501ccff5","","","","","-12.0","15:45:18","fa2dec40-856f-43bc-a27b-05cdd6fd87ca","d302e627-525b-456b-ade8-2795d61ad0de","NOT_SET"
"5c1db1c6-ab06-4b4d-a937-96244a41fb01","TURN","","SKYWAVE_PHASE_4_5","-8.0","19:05:03","19675dcd-f307-44ed-acc3-e0b43e93f925","","","MessagingEndUser","0PAg8000000ZfMrGAK","-8.0","19:05:00","e82f596f-42ca-4c36-a8b5-828df4008a74","cb68ee9d-edd7-4837-ab88-707fc7416cd0","flight_management"
"5c1db1c6-ab06-4b4d-a937-96244a41fb01","TURN","","SKYWAVE_PHASE_4_5","-8.0","19:06:14","8cb1e241-f517-4770-a9c2-189e76194c27","","","MessagingEndUser","0PAg8000000ZfMrGAK","-8.0","19:06:10","46b71f16-cdde-4459-a74e-bdd13896d42d","dcf812b8-24ca-4eae-ae1e-c4c16b1edb4c","flight_management"
"5c1db1c6-ab06-4b4d-a937-96244a41fb01","TURN","","SKYWAVE_PHASE_4_5","-8.0","19:07:30","120062bf-e530-4e3b-acde-53f1a8601bd3","","","MessagingEndUser","0PAg8000000ZfMrGAK","-8.0","19:07:26","6ba6aee5-ae32-40bb-a73e-c0776c7c2eb5","e7738c78-238e-49e1-ae0e-12f53d37bead","mileage_account"
"5c1db1c6-ab06-4b4d-a937-96244a41fb01","TURN","","SKYWAVE_PHASE_4_5","-8.0","19:08:32","18444197-0c8c-4594-ab94-1ddb81b230a3","","","MessagingEndUser","0PAg8000000ZfMrGAK","-8.0","19:08:29","0f687413-0fa9-463b-acd9-89995176f804","78548d9d-1391-47cc-aab8-0977a5c98e09","mileage_account"
"5c1db1c6-ab06-4b4d-a937-96244a41fb01","TURN","","SKYWAVE_PHASE_4_5","-8.0","19:09:19","796d1b56-eb97-4365-a870-2bc931606e9e","","","MessagingEndUser","0PAg8000000ZfMrGAK","-8.0","19:09:17","7829274e-81e2-4dd7-ad6d-de23d03c36d5","e769023c-7dfd-4c2c-a914-d85cdc4f7921","flight_management"
"5c1db1c6-ab06-4b4d-a937-96244a41fb01","TURN","","SKYWAVE_PHASE_4_5","-8.0","19:10:53","d137980e-7e68-461a-abda-c560a1ed1f94","","","MessagingEndUser","0PAg8000000ZfMrGAK","-8.0","19:10:50","89012391-978e-4917-a10c-0495ba009baf","36f59b49-44a7-4ee1-ac87-d2c3387f672b","flight_management"
"5c1db1c6-ab06-4b4d-a937-96244a41fb01","SESSION_END","","SKYWAVE_PHASE_4_5","-8.0","19:10:53","493a75ee-9eb5-418f-a6a7-af2a4d045fca","","","","","-8.0","19:10:53","a98d7912-9c1e-445a-a359-3b451071a48f","403b792f-2587-4f3f-a9c6-3de06858dd46","NOT_SET"
"3b184498-3c60-4c3e-a3f2-70b4a42ac055","TURN","","SKYWAVE_PHASE_4_5","-6.0","16:57:02","a49cf9b0-82b4-418a-acec-4b356803d129","","","MessagingEndUser","0PAg8000000Zim9GAC","-6.0","16:57:00","16cf876f-c55e-4f96-a8a2-4d9650c605a3","1fb8d3ff-1ff9-4921-a138-c2756de1683d","mileage_account"
"3b184498-3c60-4c3e-a3f2-70b4a42ac055","TURN","","SKYWAVE_PHASE_4_5","-6.0","16:57:49","eea382f9-3104-4fdc-abd9-84355cae5952","","","MessagingEndUser","0PAg8000000Zim9GAC","-6.0","16:57:47","b5d4e415-ed3e-426e-ad56-f5a20645698e","f44e1497-30af-495a-aaea-60e09a4b8826","mileage_account"
"3b184498-3c60-4c3e-a3f2-70b4a42ac055","TURN","","SKYWAVE_PHASE_4_5","-6.0","16:58:34","8747d6ca-78b5-45be-a0e6-c5e0af9234c9","","","MessagingEndUser","0PAg8000000Zim9GAC","-6.0","16:58:32","a05015cd-8ac1-476c-ae93-f1a3e8443c20","220914fb-c0cb-4045-ae94-238bcbae82e3","mileage_account"
"3b184498-3c60-4c3e-a3f2-70b4a42ac055","TURN","","SKYWAVE_PHASE_4_5","-6.0","16:59:10","82372e7f-ff77-4a2d-a78d-5459d1c53f1e","","","MessagingEndUser","0PAg8000000Zim9GAC","-6.0","16:59:08","bc5275a2-3b71-4903-a817-bb6e8f5f06fc","d8ef882e-22ea-4955-ab0e-4f1c8fd5b93b","mileage_account"
"3b184498-3c60-4c3e-a3f2-70b4a42ac055","SESSION_END","","SKYWAVE_PHASE_4_5","-6.0","16:59:10","5b8ec7fb-9bf7-437b-a7ec-5af5726301b5","","","","","-6.0","16:59:10","12c8f1c0-84c0-407e-ab49-b9edc4454335","6781c790-d50d-4023-ae38-c8325d649b91","NOT_SET"
"74e4ce99-5cc8-4a8c-acd6-182f101fb36b","TURN","","SKYWAVE_PHASE_4_5","-6.0","12:18:03","452c5dec-647a-4b10-a164-c743e9f38d36","","","MessagingEndUser","0PAg8000000ZjblGAC","-6.0","12:18:00","a1ac08f7-14f4-4b3d-a76d-10b0cbbd223b","f19791ab-1403-4ad1-ac98-b9f7b647dd4b","flight_management"
"74e4ce99-5cc8-4a8c-acd6-182f101fb36b","TURN","","SKYWAVE_PHASE_4_5","-6.0","12:19:16","4644fcf5-e365-4ef4-aa4d-764ece648cdb","","","MessagingEndUser","0PAg8000000ZjblGAC","-6.0","12:19:12","98ad4919-c3ea-48eb-a99e-1ab3ef55287f","c2172a91-8dc8-44e8-a9a5-830a26adecb2","flight_management"
"74e4ce99-5cc8-4a8c-acd6-182f101fb36b","TURN","","SKYWAVE_PHASE_4_5","-6.0","12:19:40","16dca90e-9025-40a1-aec9-70ec20f6e02c","","","MessagingEndUser","0PAg8000000ZjblGAC","-6.0","12:19:37","ec54d159-47d9-4a1b-ac0d-7e7a3efc813d","6954a2d5-92cf-4dff-a425-14a1d0ef162b","flight_management"
"74e4ce99-5cc8-4a8c-acd6-182f101fb36b","TURN","","SKYWAVE_PHASE_4_5","-6.0","12:22:28","9ef4909c-b85d-464c-abe0-e914de987285","","","MessagingEndUser","0PAg8000000ZjblGAC","-6.0","12:22:25","1845d9e9-a8a9-49e3-a4c8-ccbcebce5b74","983f2ef8-d7d2-4e2f-ae2b-6f15e30b871f","flight_management"
"74e4ce99-5cc8-4a8c-acd6-182f101fb36b","SESSION_END","","SKYWAVE_PHASE_4_5","-6.0","12:22:28","a8bd1615-ccd6-4ae5-a66a-93b7fd4458b6","","","","","-6.0","12:22:28","f8a9968d-50b5-4785-aba2-6aa6cec77c0a","f499b7af-c1b3-4ffb-ae33-655932108ae1","NOT_SET"
"8fc1fdc0-ced9-44eb-a2db-86314a8c4a25","TURN","","SKYWAVE_PHASE_4_5","-5.0","11:36:02","e64508c2-b33e-4155-a1e7-8f3612fcbca7","","","MessagingEndUser","0PAg8000000Zl5hGAC","-5.0","11:36:00","126991e8-d461-477e-aeda-856dcec55e98","2388ab8f-2b1d-4a6a-aa74-3671ae611541","flight_management"
"8fc1fdc0-ced9-44eb-a2db-86314a8c4a25","TURN","","SKYWAVE_PHASE_4_5","-5.0","11:38:14","be5495ef-82cd-4577-a00f-f9797b6c35a0","","","MessagingEndUser","0PAg8000000Zl5hGAC","-5.0","11:38:10","0b197cd0-1910-43b9-a8d4-e0cb86450f0b","5770db05-57e3-427f-a50e-7b2f7014fcf6","flight_management"
"8fc1fdc0-ced9-44eb-a2db-86314a8c4a25","SESSION_END","","SKYWAVE_PHASE_4_5","-5.0","11:38:14","3b242344-7f24-4818-afb6-6ef2672963a8","","","","","-5.0","11:38:14","28e19892-b43b-45de-a473-fec1be8cc9a9","bc09acff-8af3-4971-a139-59de4ed150d5","NOT_SET"
"f3952e15-3aeb-4de5-ac86-ae87595144be","TURN","","SKYWAVE_PHASE_4_5","-9.0","18:09:02","4c799b9c-d995-4bb3-aea2-1f75109520b0","","","MessagingEndUser","0PAg8000000ZlTtGAK","-9.0","18:09:00","fc8ec230-a23b-4376-a486-c4e6dc8985c2","2f643586-4c36-46a0-a60d-77e65e214846","off_topic"
"f3952e15-3aeb-4de5-ac86-ae87595144be","TURN","","SKYWAVE_PHASE_4_5","-9.0","18:09:54","b29ba55b-4424-421d-a0be-b07589ce4103","","","MessagingEndUser","0PAg8000000ZlTtGAK","-9.0","18:09:51","b46661b9-4b97-43ec-af98-77f0f64c206a","27a55fd6-b340-43af-a428-c1ac41dd50d6","off_topic"
"f3952e15-3aeb-4de5-ac86-ae87595144be","SESSION_END","","SKYWAVE_PHASE_4_5","-9.0","18:09:54","106c6a53-5f23-45d1-a542-bc1c6da27e0c","","","","","-9.0","18:09:54","186e4719-46db-4f42-abfd-2bd1bb9ea709","4c77d784-8086-4d27-af81-b234151cefac","NOT_SET"
"1633a96e-c3cd-4625-a719-fdf2c0efdad6","TURN","","SKYWAVE_PHASE_4_5","-6.0","12:13:04","e29ff5a1-990e-474a-ae2b-d9ce56fe1bf6","","","MessagingEndUser","0PAg8000000ZpBpGAK","-6.0","12:13:00","f8ab0e4b-a253-45f4-a3bf-f3983c97400f","796fcc4e-00e8-4e96-afe9-685e645848bf","flight_management"
"1633a96e-c3cd-4625-a719-fdf2c0efdad6","TURN","","SKYWAVE_PHASE_4_5","-6.0","12:17:11","e7f3893b-3198-4145-a429-8a73ad30f7ec","","","MessagingEndUser","0PAg8000000ZpBpGAK","-6.0","12:17:07","af3cc255-89d1-4fd8-aaaf-bef86d9f5299","f6c37394-0fbf-453c-a3c5-e2da2596be75","flight_management"
"1633a96e-c3cd-4625-a719-fdf2c0efdad6","SESSION_END","","SKYWAVE_PHASE_4_5","-6.0","12:17:11","50be2908-2f7f-4f7b-a4f2-559fefce62d9","","","","","-6.0","12:17:11","6dd5396e-1d8a-4970-a7f4-516db02067fc","999f1efb-647d-48d0-a857-b907bf14d923","NOT_SET"
"07de51a2-1b06-4114-a251-c83d539d3a5c","TURN","","SKYWAVE_PHASE_4_5","-12.0","18:34:03","55af6820-e3d9-4ff0-a4ea-c3370a0c904f","","","MessagingEndUser","0PAg8000000ZqYPGA0","-12.0","18:34:00","24e2ca05-015c-4509-a7a2-61c182b53a2b","3100a891-5999-4dc7-ab85-d018a0bc89cd","name_change"
"07de51a2-1b06-4114-a251-c83d539d3a5c","TURN","","SKYWAVE_PHASE_4_5","-12.0","18:37:20","d9623a38-53bb-446e-ae51-d0e3277f8192","","","MessagingEndUser","0PAg8000000ZqYPGA0","-12.0","18:37:18","e9b38c24-4a41-4d53-af32-5d02c9a5d045","cad2dfb9-d62c-4b4c-a404-ab5e543af8c7","name_change"
"07de51a2-1b06-4114-a251-c83d539d3a5c","SESSION_END","","SKYWAVE_PHASE_4_5","-12.0","18:37:20","b8df4c88-7eb9-4365-ab77-eac67ccb7b0b","","","","","-12.0","18:37:20","10949894-5190-4f5f-abfa-01b5652f8cfc","f2d678bf-c8b6-4bfe-a769-f7ba91c388cc","NOT_SET"
"2ebfc0fa-a53c-4b83-a311-35ff708f7f2f","TURN","","SKYWAVE_PHASE_4_5","-13.0","14:22:02","68e3411c-2967-44ec-aea9-e3e9a8980bb0","","","MessagingEndUser","0PAg8000000Zqa1GAC","-13.0","14:22:00","df9d10e7-3e42-4673-a5bd-ccee5c36ad1b","16e7fec0-5da3-4c69-a1bb-e44bcca17c7b","flight_management"
"2ebfc0fa-a53c-4b83-a311-35ff708f7f2f","TURN","","SKYWAVE_PHASE_4_5","-13.0","14:23:04","aa12f0df-a9e9-48fb-a19f-e324bf22ba16","","","MessagingEndUser","0PAg8000000Zqa1GAC","-13.0","14:23:02","3b7c92cc-2977-4444-a57c-5585d18f8d29","528dd3eb-6a9d-4de4-abf1-90bbf0255bd2","flight_management"
"2ebfc0fa-a53c-4b83-a311-35ff708f7f2f","SESSION_END","","SKYWAVE_PHASE_4_5","-13.0","14:23:04","244d80b5-176d-409d-abfe-012c2172809f","","","","","-13.0","14:23:04","ecdc6021-5c02-482e-aa38-ed53a38d8fc4","343025ce-f6fd-42d1-ac33-b32eb60ebb36","NOT_SET"
"e2608da8-4441-4b45-ad04-63928f2bedd4","TURN","","SKYWAVE_PHASE_4_5","-7.0","08:09:02","b9af752a-7866-4b87-a904-deaf66e3b73c","","","MessagingEndUser","0PAg8000000Zr1RGAS","-7.0","08:09:00","8b0e11c9-938d-40f4-a255-19b77d6532e2","da89f470-34fc-4484-abd2-b87184c98adb","flight_management"
"e2608da8-4441-4b45-ad04-63928f2bedd4","TURN","","SKYWAVE_PHASE_4_5","-7.0","08:09:57","58e6e79f-ddec-43f6-a204-cd8a70b1ada9","","","MessagingEndUser","0PAg8000000Zr1RGAS","-7.0","08:09:54","0f365b91-0398-470b-ae3a-3b94c08587db","ab53702f-b12d-4b06-a748-d9774b8a459b","flight_management"
"e2608da8-4441-4b45-ad04-63928f2bedd4","SESSION_END","","SKYWAVE_PHASE_4_5","-7.0","08:09:57","f89ab23b-0f05-44c7-a476-f24893ff072d","","","","","-7.0","08:09:57","3ded7131-7d28-4d65-aa28-5d57f252158a","a25bedde-3f89-47c1-a5ce-afcd8d575ede","NOT_SET"
"b95c8774-8883-4c85-a8c1-914265d738de","TURN","","SKYWAVE_PHASE_4_5","-9.0","18:22:03","b5b5cd36-6390-4ee6-a86f-9aa368d22691","","","MessagingEndUser","0PAg8000000ZrCjGAK","-9.0","18:22:00","434daf8f-236f-42dc-a561-4e4d93280706","227553f2-a4c0-46cf-a5ab-d845344f50fd","mileage_account"
"b95c8774-8883-4c85-a8c1-914265d738de","TURN","","SKYWAVE_PHASE_4_5","-9.0","18:25:17","9ca6f901-d7ce-4297-ab2e-4215870ee8ea","","","MessagingEndUser","0PAg8000000ZrCjGAK","-9.0","18:25:13","b5120d45-4d43-4fa3-aaae-4b881af200d1","409fd58b-a660-446d-ab83-6b6914293fd4","mileage_account"
"b95c8774-8883-4c85-a8c1-914265d738de","TURN","","SKYWAVE_PHASE_4_5","-9.0","18:25:59","27b146ca-fae7-4461-a0f4-b215cc56d148","","","MessagingEndUser","0PAg8000000ZrCjGAK","-9.0","18:25:55","a5d46d2f-8683-4f8d-a4a4-ac9ddda8ad08","f6bc62f6-ba82-49b5-a910-bb1c4cce7a8c","case_management"
"b95c8774-8883-4c85-a8c1-914265d738de","TURN","","SKYWAVE_PHASE_4_5","-9.0","18:30:40","5e358994-dd97-40df-a93b-682e1b66530c","","","MessagingEndUser","0PAg8000000ZrCjGAK","-9.0","18:30:37","955995c4-22fd-4289-aa12-0f19152cb1e6","f57719b7-8d63-45d0-a129-813bb01c9a28","case_management"
"b95c8774-8883-4c85-a8c1-914265d738de","SESSION_END","","SKYWAVE_PHASE_4_5","-9.0","18:30:40","f1dfa524-42ea-404a-ac31-4ce948a340c7","","","","","-9.0","18:30:40","3ab4686d-d6ea-4cc4-acf6-1f53e0348461","bb78ccc9-1be9-45d1-af17-bc8485ecdb1f","NOT_SET"
"5c9d42ab-f6e7-48ab-a410-6e362de6b062","TURN","","SKYWAVE_PHASE_4_5","-4.0","16:33:02","e042e7ac-4924-443c-a823-12a51a9e3479","","","MessagingEndUser","0PAg8000000ZMaLGAW","-4.0","16:33:00","1e1ea3a3-1e79-4df8-acc6-a4cb84badc55","aa33713e-88a9-4301-a667-4e31ee5afc52","off_topic"
"5c9d42ab-f6e7-48ab-a410-6e362de6b062","TURN","","SKYWAVE_PHASE_4_5","-4.0","16:37:42","0278242e-696f-4c6a-a4af-70737cd42d56","","","MessagingEndUser","0PAg8000000ZMaLGAW","-4.0","16:37:40","746288d9-cc30-4347-a026-f015f977f316","b6e3b87f-72d0-473b-a897-9ad406eb9395","off_topic"
"5c9d42ab-f6e7-48ab-a410-6e362de6b062","SESSION_END","","SKYWAVE_PHASE_4_5","-4.0","16:37:42","65b63e3a-dde1-48d3-ad15-95cffea4cd69","","","","","-4.0","16:37:42","7d109e5d-53fb-47fa-a8ad-47d86cf2a946","d69212e4-5dfe-439c-a7db-1e828e4596ba","NOT_SET"
"95b08dd8-815b-41a9-aba7-d407161bc273","TURN","","SKYWAVE_PHASE_4_5","-14.0","16:05:02","577e7163-ce8d-488b-a0f9-0020ce128e0e","","","MessagingEndUser","0PAg8000000ZOM1GAO","-14.0","16:05:00","d5b71a91-6096-4f63-acb9-e05abb71efdc","4781132b-398f-4406-a9da-e63a469d361e","case_management"
"95b08dd8-815b-41a9-aba7-d407161bc273","TURN","","SKYWAVE_PHASE_4_5","-14.0","16:07:09","7eac57d2-37dd-40db-a361-53d253bbb359","","","MessagingEndUser","0PAg8000000ZOM1GAO","-14.0","16:07:05","2297c30c-a4a8-487e-afa2-1b69cd187d3a","e555c032-31f6-4634-a3da-10383a10a49b","case_management"
"95b08dd8-815b-41a9-aba7-d407161bc273","TURN","","SKYWAVE_PHASE_4_5","-14.0","16:08:05","07091e15-7c39-4034-a612-edeff606a22d","","","MessagingEndUser","0PAg8000000ZOM1GAO","-14.0","16:08:03","452eb201-a6c8-4245-a389-0c90f54b7b14","269f25ca-dd91-433b-a0ae-33daba7fdf14","flight_management"
"95b08dd8-815b-41a9-aba7-d407161bc273","TURN","","SKYWAVE_PHASE_4_5","-14.0","16:09:16","ff60829e-c558-4f60-a0dc-564595229a6d","","","MessagingEndUser","0PAg8000000ZOM1GAO","-14.0","16:09:12","063b6fde-75cb-4a48-afaa-3bb1e257d8a2","44b98bb9-d667-4164-a938-e36d27e11b33","flight_management"
"95b08dd8-815b-41a9-aba7-d407161bc273","SESSION_END","","SKYWAVE_PHASE_4_5","-14.0","16:09:16","055b9472-4063-4426-a210-468d26c7801d","","","","","-14.0","16:09:16","3ea4cd06-736a-4b01-abc0-6ee55b151e44","433548f7-e77f-40c6-a439-00e9a1bcd8b2","NOT_SET"
"1cb9fb7e-4887-46cf-a3e3-22bcc9297266","TURN","","SKYWAVE_PHASE_4_5","-6.0","12:43:04","34edab39-c5b8-437c-aa46-7f7c19ccf37d","","","MessagingEndUser","0PAg8000000ZOgzGAG","-6.0","12:43:00","b0b8381f-c9cf-40fa-aa28-6da10628c372","bd236555-6461-4a31-abf2-35529d4bd5cd","flight_management"
"1cb9fb7e-4887-46cf-a3e3-22bcc9297266","TURN","","SKYWAVE_PHASE_4_5","-6.0","12:43:38","9a042765-d499-4fd8-a230-70adadeb1c41","","","MessagingEndUser","0PAg8000000ZOgzGAG","-6.0","12:43:36","f0269f6a-a3b3-41cb-a6ea-202301176c05","a1038122-c605-41f0-a427-ae682e4328dc","flight_management"
"1cb9fb7e-4887-46cf-a3e3-22bcc9297266","TURN","","SKYWAVE_PHASE_4_5","-6.0","12:44:24","a2e42140-4456-4dc5-a20e-bad5e08477ac","","","MessagingEndUser","0PAg8000000ZOgzGAG","-6.0","12:44:22","703901a5-511a-4d8d-a125-61e243153169","92a1ea05-96a3-449a-a1f5-107f921939d0","case_management"
"1cb9fb7e-4887-46cf-a3e3-22bcc9297266","TURN","","SKYWAVE_PHASE_4_5","-6.0","12:49:04","13b3145d-8ef3-44ea-af21-ffa9660c5d6f","","","MessagingEndUser","0PAg8000000ZOgzGAG","-6.0","12:49:02","8bf1f4d2-4c63-45b5-a25a-57f9fbb9ab5a","20eed3fd-8ad4-4606-a88e-240650aca263","case_management"
"1cb9fb7e-4887-46cf-a3e3-22bcc9297266","SESSION_END","","SKYWAVE_PHASE_4_5","-6.0","12:49:04","55311ea5-8193-4f3f-aee4-fc7230a7a8aa","","","","","-6.0","12:49:04","2011cbec-14ec-491c-aa22-f1cf663280b5","745c2ac8-3eb3-4f19-a23c-ac5afc2466ca","NOT_SET"
"5b07a274-3196-4bab-a1f3-297c4cbb8d0c","TURN","","SKYWAVE_PHASE_4_5","-12.0","11:44:04","32ad7304-b551-4f01-ad79-43597cee7286","","","MessagingEndUser","0PAg8000000ZOibGAG","-12.0","11:44:00","6c0730a3-e5da-4f14-a997-591f1a524e4e","27fffc70-7fb1-433b-a39d-108f1039f0b8","mileage_account"
"5b07a274-3196-4bab-a1f3-297c4cbb8d0c","TURN","","SKYWAVE_PHASE_4_5","-12.0","11:44:25","b0e2b8ae-fe97-41dc-a57d-dc06562433de","","","MessagingEndUser","0PAg8000000ZOibGAG","-12.0","11:44:22","0aa15519-ec73-4e3d-a489-f1f2ed314b3c","e8c22132-2dca-4d2c-a5c4-af547eaf2c3c","mileage_account"
"5b07a274-3196-4bab-a1f3-297c4cbb8d0c","SESSION_END","","SKYWAVE_PHASE_4_5","-12.0","11:44:25","864078a1-2a55-4d4f-a9bf-a132f7f4d5e1","","","","","-12.0","11:44:25","e364220c-809d-42ef-a53b-467e236c53d8","0bcbb6ec-972c-4f37-a21b-4209f26a8020","NOT_SET"
"38cf3555-c286-4953-a77c-9783da42f349","TURN","","SKYWAVE_PHASE_4_5","-10.0","17:37:02","4e8c6c44-32cd-4c3f-ab35-865f84b4afb5","","","MessagingEndUser","0PAg8000000ZOvVGAW","-10.0","17:37:00","c1c95c27-ebbb-4fe0-ad82-4d7564246d7f","f03555de-9c99-45df-ac8d-159d9d492f6c","off_topic"
"38cf3555-c286-4953-a77c-9783da42f349","TURN","","SKYWAVE_PHASE_4_5","-10.0","17:38:08","db6804b8-c699-4e46-a448-31074980b6bc","","","MessagingEndUser","0PAg8000000ZOvVGAW","-10.0","17:38:06","f31c7f2d-25e8-46e7-a356-696a536219f3","8fa2f888-5d0e-4945-ad7f-3c2828e7c588","off_topic"
"38cf3555-c286-4953-a77c-9783da42f349","SESSION_END","","SKYWAVE_PHASE_4_5","-10.0","17:38:08","56609deb-a7ca-4a99-ad7e-996430276f32","","","","","-10.0","17:38:08","e05b2951-be3f-44e4-a15a-47b1c0d87129","821ef9cc-a88d-4b3f-ac64-3b7a9137f54e","NOT_SET"
"8970948f-d915-47c8-a1c8-cabb1a6c0301","TURN","","SKYWAVE_PHASE_4_5","-8.0","11:47:04","535f4797-41bb-4c40-ab0f-52fcb2dd4117","","","MessagingEndUser","0PAg8000000ZP6nGAG","-8.0","11:47:00","98b9a838-cf20-4047-aacf-2c2e28761df5","5f7d573d-6ae0-400a-a6b0-8b5375ed52ec","name_change"
"8970948f-d915-47c8-a1c8-cabb1a6c0301","TURN","","SKYWAVE_PHASE_4_5","-8.0","11:48:05","326779fd-508e-494c-a0fa-06e0ca02789c","","","MessagingEndUser","0PAg8000000ZP6nGAG","-8.0","11:48:01","e30e94bc-f3b0-40fe-a01a-9af299f48047","7f43435f-9241-45cd-a921-f1090338d7d3","name_change"
"8970948f-d915-47c8-a1c8-cabb1a6c0301","SESSION_END","","SKYWAVE_PHASE_4_5","-8.0","11:48:05","22d2f20e-3519-4769-adef-f0f55d2eb173","","","","","-8.0","11:48:05","b5efd95f-72f7-4e5a-a9f2-2651c01e5666","5d448b38-66ef-4258-a2f3-966e31d3c2a1","NOT_SET"
"b44bf475-0a54-426f-ac45-316a0fe6aaba","TURN","","SKYWAVE_PHASE_4_5","-2.0","16:09:03","bf831655-10f4-41a3-a685-5b8a9608e8b6","","","MessagingEndUser","0PAg8000000ZP8PGAW","-2.0","16:09:00","af3e6f7c-5ed6-4040-a352-b86f10d8b6c5","fad6584c-d752-44c6-a79c-235bfe21ebe2","mileage_account"
"b44bf475-0a54-426f-ac45-316a0fe6aaba","TURN","","SKYWAVE_PHASE_4_5","-2.0","16:09:51","7bc5cda8-fb53-44c0-a1a0-474a0450cd56","","","MessagingEndUser","0PAg8000000ZP8PGAW","-2.0","16:09:47","4e4603b2-e88c-4d5e-a979-9829532778f7","57d5cf53-258e-455f-a116-92b186b95960","mileage_account"
"b44bf475-0a54-426f-ac45-316a0fe6aaba","SESSION_END","","SKYWAVE_PHASE_4_5","-2.0","16:09:51","aaa2d26d-e4f8-4c43-a8ae-f05c25d96913","","","","","-2.0","16:09:51","1eb505b6-30c4-4f15-a01e-b85272e910c5","4ccf6bce-3fd2-461b-a661-e86c8a546b68","NOT_SET"
"bf94994b-253c-4be2-a213-aeb15cc2b39d","TURN","","SKYWAVE_PHASE_4_5","-4.0","13:26:03","cab3f1a8-8db9-4996-ad53-56547f942092","","","MessagingEndUser","0PAg8000000ZPd3GAG","-4.0","13:26:00","cecfd255-9ea3-4252-aefa-8437849fae92","c972bb3b-0ccd-464c-a934-88500b550553","name_change"
"bf94994b-253c-4be2-a213-aeb15cc2b39d","TURN","","SKYWAVE_PHASE_4_5","-4.0","13:27:07","f785e27f-1983-42f7-a1c2-7fec5b1f7c38","","","MessagingEndUser","0PAg8000000ZPd3GAG","-4.0","13:27:04","f088b612-61c0-4e5a-a17c-86eff66578c4","a2f1ba4b-3c3b-400c-a507-b7b03912a7a5","name_change"
"bf94994b-253c-4be2-a213-aeb15cc2b39d","SESSION_END","","SKYWAVE_PHASE_4_5","-4.0","13:27:07","eb176197-a0ef-415f-a9f1-85f063c4f0b0","","","","","-4.0","13:27:07","243e97da-4614-4b43-aeb9-a89416eef944","4080d0c8-63a9-47e7-a64a-d17d76bfa089","NOT_SET"
"71449a30-ca9c-4d5c-a845-37062c6c8f43","TURN","","SKYWAVE_PHASE_4_5","-9.0","11:56:03","8acecb80-a5f3-4b0a-a602-be384ba5a885","","","MessagingEndUser","0PAg8000000ZPtBGAW","-9.0","11:56:00","5033b704-10a1-4c1d-a330-3bd0c155d003","9ab1554f-1b3c-46a0-ac2a-33c3b92de236","flight_management"
"71449a30-ca9c-4d5c-a845-37062c6c8f43","TURN","","SKYWAVE_PHASE_4_5","-9.0","12:00:04","01456406-6fee-4d5f-a192-c0d6b121f03d","","","MessagingEndUser","0PAg8000000ZPtBGAW","-9.0","12:00:00","dc3ecb6a-4ffc-4f59-abfd-50eae991ee7c","567cf5cf-0462-4d17-a050-541f78612c17","flight_management"
"71449a30-ca9c-4d5c-a845-37062c6c8f43","SESSION_END","","SKYWAVE_PHASE_4_5","-9.0","12:00:04","fae3a2a5-bd7a-440c-a11e-f890d50a952d","","","","","-9.0","12:00:04","d2658ae3-aa5f-4849-a97c-b74389c23601","bd6ddfc7-a2f1-4709-a238-bec14df8528d","NOT_SET"
"6cc73e8d-dd8d-4db8-aa9b-4d0a2158f640","TURN","","SKYWAVE_PHASE_4_5","-10.0","16:10:02","2487a457-c507-4b0f-a3a0-628b835293a8","","","MessagingEndUser","0PAg8000000ZRgTGAW","-10.0","16:10:00","eec65113-891f-4cb6-accb-097129f656aa","ea7b44a6-e7ba-4006-abfb-d83278b92187","flight_management"
"6cc73e8d-dd8d-4db8-aa9b-4d0a2158f640","TURN","","SKYWAVE_PHASE_4_5","-10.0","16:11:17","f0faa45d-391a-4b1c-acd1-2fb88c87f802","","","MessagingEndUser","0PAg8000000ZRgTGAW","-10.0","16:11:15","550d4d76-03c0-4034-a211-b72a74dae05b","8df12a0d-d1c1-4075-a5fe-7911d95d8429","flight_management"
"6cc73e8d-dd8d-4db8-aa9b-4d0a2158f640","SESSION_END","","SKYWAVE_PHASE_4_5","-10.0","16:11:17","4b60c7d5-1f8d-4807-ad07-37c746581f7e","","","","","-10.0","16:11:17","ddd7ed2d-4a7c-455a-ae2f-19aad31ef7ec","a45c69cf-19ff-4116-aa8b-a4a02d166769","NOT_SET"
"a9e81d55-850c-410c-a42b-b9ed6833edf5","TURN","","SKYWAVE_PHASE_4_5","-6.0","09:17:03","a9921169-2471-42bf-a8e0-e9f9c87b5dd8","","","MessagingEndUser","0PAg8000000ZSRFGA4","-6.0","09:17:00","adfbbb9d-e78e-4a03-ab85-62d5a41c96b4","96d7f04c-57b1-43fe-acab-389a70f75d5e","flight_management"
"a9e81d55-850c-410c-a42b-b9ed6833edf5","TURN","","SKYWAVE_PHASE_4_5","-6.0","09:17:30","4dcc1880-812d-48e9-aa27-a63101406916","","","MessagingEndUser","0PAg8000000ZSRFGA4","-6.0","09:17:26","2fa8625b-ba52-4948-a871-a85663cf93ac","43c33d91-e4d8-43ac-a18c-b38d3d2e2798","flight_management"
"a9e81d55-850c-410c-a42b-b9ed6833edf5","SESSION_END","","SKYWAVE_PHASE_4_5","-6.0","09:17:30","eb30e521-12cd-4847-abbb-a4ff3b6a056d","","","","","-6.0","09:17:30","cded26e9-90b5-4f39-a234-9485b252d335","9956d958-14e1-4549-a8fc-a12b371fd923","NOT_SET"
"28bc583b-4ae6-404e-ada7-5b064ae900ea","TURN","","SKYWAVE_PHASE_4_5","-5.0","09:07:03","397ee72c-0ba9-4b66-aaaa-2020afd4abdf","","","MessagingEndUser","0PAg8000000ZSXhGAO","-5.0","09:07:00","1a678b71-f596-4891-a0ee-39198e5a0c85","cc74c35d-c46c-4822-af5c-49c120903f39","flight_management"
"28bc583b-4ae6-404e-ada7-5b064ae900ea","TURN","","SKYWAVE_PHASE_4_5","-5.0","09:07:22","2dbaa9db-1e2c-42fe-a73b-aeae42631b3e","","","MessagingEndUser","0PAg8000000ZSXhGAO","-5.0","09:07:18","7fc741a6-a5eb-4204-a059-7962197246ce","88d48f05-98a6-4d2b-aac7-1d43d3de05dd","flight_management"
"28bc583b-4ae6-404e-ada7-5b064ae900ea","TURN","","SKYWAVE_PHASE_4_5","-5.0","09:10:57","f7afb34b-64db-4f73-afbf-eb0bab0004ae","","","MessagingEndUser","0PAg8000000ZSXhGAO","-5.0","09:10:53","20da0c66-2ad6-4f6a-a5c0-55fd15982e48","1941e3c7-0aca-4752-a8fc-484395514f56","mileage_account"
"28bc583b-4ae6-404e-ada7-5b064ae900ea","TURN","","SKYWAVE_PHASE_4_5","-5.0","09:11:21","2a04f670-2c05-44b4-ac48-da3b4218d693","","","MessagingEndUser","0PAg8000000ZSXhGAO","-5.0","09:11:17","35889e71-81da-44c2-abfa-a1bc85d3c67f","08aa232b-1c57-4d1a-a198-f295296c3e23","mileage_account"
"28bc583b-4ae6-404e-ada7-5b064ae900ea","SESSION_END","","SKYWAVE_PHASE_4_5","-5.0","09:11:21","60041b31-2c53-4cde-a88e-897610c85939","","","","","-5.0","09:11:21","a53d1492-9661-44d7-ac86-5f664bb7c9ae","9712485d-fe02-46eb-ab43-f09267ec4b94","NOT_SET"
"c2489a7a-d5fd-4061-a433-0ddef5d41cfc","TURN","","SKYWAVE_PHASE_4_5","-9.0","14:15:04","ea0a2636-7858-4849-a2ae-fe442c1e137d","","","MessagingEndUser","0PAg8000000ZTNJGA4","-9.0","14:15:00","ce9f9fc6-2033-4bc3-ae48-fb0d37436cd3","2b1e37aa-cb70-4760-a968-893faf5934cb","case_management"
"c2489a7a-d5fd-4061-a433-0ddef5d41cfc","TURN","","SKYWAVE_PHASE_4_5","-9.0","14:16:06","41067165-4d8b-4a3e-acaa-c906bb35f3c8","","","MessagingEndUser","0PAg8000000ZTNJGA4","-9.0","14:16:04","e08e71c6-9602-4304-a75c-a867759f8222","cc436a09-a6f8-4d23-ac3a-bcd1d6efb4e5","case_management"
"c2489a7a-d5fd-4061-a433-0ddef5d41cfc","TURN","","SKYWAVE_PHASE_4_5","-9.0","14:16:48","0aa1a406-e802-429f-a0c7-33f51ae7d340","","","MessagingEndUser","0PAg8000000ZTNJGA4","-9.0","14:16:46","91604a91-54f9-4634-aed2-004e7f53e1b0","d11069db-471f-40c2-a884-35d0e2f455ed","name_change"
"c2489a7a-d5fd-4061-a433-0ddef5d41cfc","TURN","","SKYWAVE_PHASE_4_5","-9.0","14:20:46","67440288-912a-4477-a895-73a32819ab04","","","MessagingEndUser","0PAg8000000ZTNJGA4","-9.0","14:20:43","55502f25-6a80-4e5a-a488-1115893d905c","47ed4eaa-89e9-44eb-a38d-efbc204389f4","name_change"
"c2489a7a-d5fd-4061-a433-0ddef5d41cfc","TURN","","SKYWAVE_PHASE_4_5","-9.0","14:22:24","7cfa7355-693a-494c-a699-b6943a8dd5a1","","","MessagingEndUser","0PAg8000000ZTNJGA4","-9.0","14:22:20","8aa6cbd3-d60c-4810-a2bb-5e6c845ed971","d250bcb7-f498-44cd-a78b-e9ddd3bbd521","flight_management"
"c2489a7a-d5fd-4061-a433-0ddef5d41cfc","TURN","","SKYWAVE_PHASE_4_5","-9.0","14:26:42","79ea1053-4f68-4d66-a253-69e65cc5bc7d","","","MessagingEndUser","0PAg8000000ZTNJGA4","-9.0","14:26:38","4747d8c8-bd23-4226-a3b3-b3924c4563d2","65742495-d5e7-4612-a62d-f814e3232a94","flight_management"
"c2489a7a-d5fd-4061-a433-0ddef5d41cfc","SESSION_END","","SKYWAVE_PHASE_4_5","-9.0","14:26:42","80d27ef4-4744-4271-a678-c381727a1942","","","","","-9.0","14:26:42","0bbf0506-7807-45af-a600-a6b57c25add7","6a081b12-0e9a-434a-aea4-b65b3abc12e6","NOT_SET"
"c8d71c86-221f-4da5-ae06-222cf67c5014","TURN","","SKYWAVE_PHASE_4_5","-1.0","11:26:04","8dc57e01-9ecd-431c-aa79-e941fb28470b","","","MessagingEndUser","0PAg8000000ZUsrGAG","-1.0","11:26:00","fc6c9564-a6ba-4adf-ac70-80932e187adb","04e3ecc8-f810-45f7-abcd-88f44aac9a21","flight_management"
"c8d71c86-221f-4da5-ae06-222cf67c5014","TURN","","SKYWAVE_PHASE_4_5","-1.0","11:26:32","58172fbe-3f92-4735-a1b7-73ef46202a03","","","MessagingEndUser","0PAg8000000ZUsrGAG","-1.0","11:26:30","dcf57039-574d-44b3-a90b-b6d6665b3bbc","668e116c-64bc-4f28-ad97-a440d44b8186","flight_management"
"c8d71c86-221f-4da5-ae06-222cf67c5014","SESSION_END","","SKYWAVE_PHASE_4_5","-1.0","11:26:32","22fbce83-b6bc-4d5a-ac90-db7f6759fd94","","","","","-1.0","11:26:32","5581b7cb-a099-4d68-aab9-f0cac0533081","2249cb4a-e023-49a4-a911-53c8eac8582f","NOT_SET"
"2ee5e9d9-3dfb-4007-a02a-cf9262157223","TURN","","SKYWAVE_PHASE_4_5","-9.0","09:00:03","136f46eb-08c2-42a5-ac24-f4407b8e1676","","","MessagingEndUser","0PAg8000000ZVDpGAO","-9.0","09:00:00","e573985a-4f72-4216-a2dd-01dfe96510d3","e7f5a20f-3b3b-4a2e-a174-92d4087f3c91","flight_management"
"2ee5e9d9-3dfb-4007-a02a-cf9262157223","TURN","","SKYWAVE_PHASE_4_5","-9.0","09:01:04","22ddb14b-9af2-4e7c-adb4-c8935ffa8f3c","","","MessagingEndUser","0PAg8000000ZVDpGAO","-9.0","09:01:00","f795158a-410d-4215-af0e-98595804c364","351abc45-0d3d-4a25-a496-bfbe4a71fd52","flight_management"
"2ee5e9d9-3dfb-4007-a02a-cf9262157223","SESSION_END","","SKYWAVE_PHASE_4_5","-9.0","09:01:04","5914da5c-0a1d-41d2-a3c6-f873837b2048","","","","","-9.0","09:01:04","872241e0-d729-472f-a872-12cd70597592","0698ad80-c07b-45da-a165-2ffb9c6430ee","NOT_SET"
"59c48ab6-4711-420a-a5c3-4d205cea2e52","TURN","","SKYWAVE_PHASE_4_5","-13.0","17:30:03","ed2fbcb1-842f-4da8-afde-5cdb066f04f9","","","MessagingEndUser","0PAg8000000ZfMrGAK","-13.0","17:30:00","8050bdb9-0cdf-4455-a94b-bb5396f71ae9","31d07cb3-a9ec-482b-a6e2-3402b3f18f64","mileage_account"
"59c48ab6-4711-420a-a5c3-4d205cea2e52","TURN","","SKYWAVE_PHASE_4_5","-13.0","17:34:31","cb74a4ae-f365-4535-a246-2734b950e6a5","","","MessagingEndUser","0PAg8000000ZfMrGAK","-13.0","17:34:29","95cd032c-aa02-468d-abd2-1e1bef33f9aa","f6bf5dd7-5f7d-436e-af90-a2020a1a6755","mileage_account"
"59c48ab6-4711-420a-a5c3-4d205cea2e52","TURN","","SKYWAVE_PHASE_4_5","-13.0","17:34:53","4fb4c522-ba83-4f06-a79b-75eaeefb9520","","","MessagingEndUser","0PAg8000000ZfMrGAK","-13.0","17:34:50","0441b0ec-a05f-4e46-abb7-0281bd98bfd5","21f54756-4e59-4a3d-a443-807f3c58905f","name_change"
"59c48ab6-4711-420a-a5c3-4d205cea2e52","TURN","","SKYWAVE_PHASE_4_5","-13.0","17:37:37","149427fb-694d-4988-a996-48f8969b9543","","","MessagingEndUser","0PAg8000000ZfMrGAK","-13.0","17:37:34","56a688bd-2894-4198-aa4f-2dc20b332385","48d0abf2-c0b8-4148-aa56-eb8aed0cf4c2","name_change"
"59c48ab6-4711-420a-a5c3-4d205cea2e52","SESSION_END","","SKYWAVE_PHASE_4_5","-13.0","17:37:37","fb4d6923-fef2-465c-ae2e-f910522e862f","","","","","-13.0","17:37:37","858d748f-4c03-46ba-a84c-3666079598d0","448a11c9-9187-445a-aa4f-948103e50c3c","NOT_SET"
"4f765e31-d7fd-47c6-aedd-5fc36a35e61e","TURN","","SKYWAVE_PHASE_4_5","-10.0","08:38:02","94f0c9f9-bb50-42ee-a12b-ab51e53799a9","","","MessagingEndUser","0PAg8000000Zim9GAC","-10.0","08:38:00","b3744e47-68a7-47a8-a2cf-b90036c67d3f","ce31322a-fbc3-4146-a94c-f0e50ba5c1c7","flight_management"
"4f765e31-d7fd-47c6-aedd-5fc36a35e61e","TURN","","SKYWAVE_PHASE_4_5","-10.0","08:40:26","b6ab502a-fa29-461f-a83e-6acf9f134de4","","","MessagingEndUser","0PAg8000000Zim9GAC","-10.0","08:40:22","b2c9f1b8-972c-446c-a03e-f83bf8f0127b","2924faab-89aa-4d35-a799-2f004de19c37","flight_management"
"4f765e31-d7fd-47c6-aedd-5fc36a35e61e","SESSION_END","","SKYWAVE_PHASE_4_5","-10.0","08:40:26","cc8f727c-fe46-41b2-a0cd-3f6b67f8d1ad","","","","","-10.0","08:40:26","5e483944-9c3c-4222-aa0d-d8fb4111c638","5726eed2-8005-4510-adf5-fa8c943ecea4","NOT_SET"
"7df4a9c6-e973-4dcc-a4bd-a4a083f29b94","TURN","","SKYWAVE_PHASE_4_5","-1.0","18:28:04","1b6dd0ea-6d40-4563-ad61-4c71fd5032b4","","","MessagingEndUser","0PAg8000000ZjblGAC","-1.0","18:28:00","acad75cb-803d-4c7b-aefb-7fbc466b5ee6","1097cb1b-996a-48d0-a0ff-55d42df19e12","flight_management"
"7df4a9c6-e973-4dcc-a4bd-a4a083f29b94","TURN","","SKYWAVE_PHASE_4_5","-1.0","18:29:01","2e9ad686-c429-4ee0-a8ed-7f35f36690c4","","","MessagingEndUser","0PAg8000000ZjblGAC","-1.0","18:28:59","8f524c8a-7078-4b94-ab5f-846fcff386e5","d0de3ef1-7d2b-4408-a6ab-4a8ec4fa3552","flight_management"
"7df4a9c6-e973-4dcc-a4bd-a4a083f29b94","TURN","","SKYWAVE_PHASE_4_5","-1.0","18:29:20","442a0ca7-72ac-4c6c-ae02-e8f16a89e0ef","","","MessagingEndUser","0PAg8000000ZjblGAC","-1.0","18:29:17","835f3eaa-87d4-42ca-a5bc-e22addc993dd","99cc8b7e-1d24-414b-a701-1838775c9ca7","case_management"
"7df4a9c6-e973-4dcc-a4bd-a4a083f29b94","TURN","","SKYWAVE_PHASE_4_5","-1.0","18:30:13","fb448afa-6a47-4a9f-a60f-dabac6f57d42","","","MessagingEndUser","0PAg8000000ZjblGAC","-1.0","18:30:09","615eab6a-2460-414c-ad0d-67229e4cba22","a301b1a2-c3b2-49bc-ad09-81e1091194ea","case_management"
"7df4a9c6-e973-4dcc-a4bd-a4a083f29b94","SESSION_END","","SKYWAVE_PHASE_4_5","-1.0","18:30:13","45d3b642-d746-4684-aebf-daaa6c903dc3","","","","","-1.0","18:30:13","03f80d7a-7b95-4ba7-a854-49734c08607b","07e59f1b-fc9a-43f0-a0fb-7673d28f6071","NOT_SET"
"9dbddd8b-753e-4324-add9-6b289357b69d","TURN","","SKYWAVE_PHASE_4_5","-11.0","13:48:02","de2d907f-d421-45b4-a6ca-357e389a9737","","","MessagingEndUser","0PAg8000000Zl5hGAC","-11.0","13:48:00","9bff8a72-7cef-4591-adac-05651cdebebc","1ed00d80-0b99-40fa-a4a7-b3d37f0ebff7","flight_management"
"9dbddd8b-753e-4324-add9-6b289357b69d","TURN","","SKYWAVE_PHASE_4_5","-11.0","13:52:35","a3b8f0c7-40a3-4231-ae0b-94a0f539bb0f","","","MessagingEndUser","0PAg8000000Zl5hGAC","-11.0","13:52:33","0179d3e8-8852-4bea-a02f-d6f3a60a32e4","46687257-e5e7-4f9b-a956-7f212269cb62","flight_management"
"9dbddd8b-753e-4324-add9-6b289357b69d","TURN","","SKYWAVE_PHASE_4_5","-11.0","13:53:33","28a245f7-4ec3-42d4-a8d0-87db0fae62cf","","","MessagingEndUser","0PAg8000000Zl5hGAC","-11.0","13:53:31","9871555b-e58a-4da1-a466-645c2c43d554","9ebf7716-2d04-48c0-a212-6b75a555cc1b","mileage_account"
"9dbddd8b-753e-4324-add9-6b289357b69d","TURN","","SKYWAVE_PHASE_4_5","-11.0","13:55:33","b3b0058b-9903-4119-ade7-ed9ae26b1167","","","MessagingEndUser","0PAg8000000Zl5hGAC","-11.0","13:55:31","6a3dd04e-9287-41b6-a6f2-f81ec163eef6","88903005-8215-4c81-a3fa-4e04b64de5be","mileage_account"
"9dbddd8b-753e-4324-add9-6b289357b69d","SESSION_END","","SKYWAVE_PHASE_4_5","-11.0","13:55:33","70df3f98-91c6-4077-a9fd-1be1a6e6be02","","","","","-11.0","13:55:33","4aaa07c9-833b-4bd2-a043-f2792cf7de0b","8bbfb584-7263-4cc7-a820-a6484e549208","NOT_SET"
"2166c201-af1d-49ee-aec3-679a308b0957","TURN","","SKYWAVE_PHASE_4_5","-7.0","13:04:04","81d60bbd-0a07-4fc6-a1a2-ca79e3ba2f55","","","MessagingEndUser","0PAg8000000ZlTtGAK","-7.0","13:04:00","3ce8ca51-ec63-4efe-a716-55973d927777","2c79a43d-d318-44c2-a81e-e668087de47d","flight_management"
"2166c201-af1d-49ee-aec3-679a308b0957","TURN","","SKYWAVE_PHASE_4_5","-7.0","13:04:22","78b1742f-cba8-4103-ad52-59ddace49664","","","MessagingEndUser","0PAg8000000ZlTtGAK","-7.0","13:04:19","2255029c-72f0-4d4a-a9f7-26606e993e4b","4199348e-88b3-4f65-a3e0-9389d43c58d4","flight_management"
"2166c201-af1d-49ee-aec3-679a308b0957","SESSION_END","","SKYWAVE_PHASE_4_5","-7.0","13:04:22","5af35524-f3a9-4784-ab5b-3536301a68e5","","","","","-7.0","13:04:22","599e9723-b2e1-47c6-a0b5-b84dadd047aa","ddf27d4e-5a76-4d5c-a419-c8265bd81757","NOT_SET"
"d1885aa7-ade7-4e9b-a7c9-8d0498dfb8b9","TURN","","SKYWAVE_PHASE_4_5","-14.0","11:59:03","152fafff-08cc-4408-acc7-7f811bb2b996","","","MessagingEndUser","0PAg8000000ZpBpGAK","-14.0","11:59:00","efc15418-1c0f-4ed8-a9cf-c5f908aaa353","6e20c3ad-bf9c-497d-a4da-c76536f0dc42","mileage_account"
"d1885aa7-ade7-4e9b-a7c9-8d0498dfb8b9","TURN","","SKYWAVE_PHASE_4_5","-14.0","12:00:02","fca31b3e-b49c-4df2-a9fc-2c478fa2ee57","","","MessagingEndUser","0PAg8000000ZpBpGAK","-14.0","11:59:58","aaaaba6c-6311-4ba0-a980-aefd98451a88","f5ffbad2-4772-47b5-a2dd-5632b60dee1c","mileage_account"
"d1885aa7-ade7-4e9b-a7c9-8d0498dfb8b9","TURN","","SKYWAVE_PHASE_4_5","-14.0","12:03:47","12136931-6583-4e4a-aa93-478913467f88","","","MessagingEndUser","0PAg8000000ZpBpGAK","-14.0","12:03:45","2dbae329-8c22-446e-ab9a-4be0deed7465","843b5efc-4608-4aef-ad15-909571ecdeef","flight_management"
"d1885aa7-ade7-4e9b-a7c9-8d0498dfb8b9","TURN","","SKYWAVE_PHASE_4_5","-14.0","12:07:15","217db39a-43b4-40b4-ab2c-37ba5da890c8","","","MessagingEndUser","0PAg8000000ZpBpGAK","-14.0","12:07:12","3206e42f-470d-4ffc-ae7f-5da2b369d569","0079f5fd-3660-4643-a6ab-bf10dcb6602a","flight_management"
"d1885aa7-ade7-4e9b-a7c9-8d0498dfb8b9","TURN","","SKYWAVE_PHASE_4_5","-14.0","12:07:56","30756f43-b2f7-4a1c-abac-3bcd2f80b5e0","","","MessagingEndUser","0PAg8000000ZpBpGAK","-14.0","12:07:54","80d742ff-2e83-49ce-a375-a98b66d6ada8","a4609757-a90b-4307-adda-f84f58bfac7a","flight_management"
"d1885aa7-ade7-4e9b-a7c9-8d0498dfb8b9","TURN","","SKYWAVE_PHASE_4_5","-14.0","12:08:18","7d30f7ae-9f25-4abc-ab1f-1cc2f6f298c3","","","MessagingEndUser","0PAg8000000ZpBpGAK","-14.0","12:08:15","474e254b-2308-4745-a61b-665dee2d3464","946ddc6c-eff3-4c60-ab33-1e8303ba33ea","flight_management"
"d1885aa7-ade7-4e9b-a7c9-8d0498dfb8b9","SESSION_END","","SKYWAVE_PHASE_4_5","-14.0","12:08:18","d7e26f01-bb39-4925-a326-b194da75a52c","","","","","-14.0","12:08:18","4acff978-650f-4f6d-ad82-ba4dd2f5c901","f6fe932c-f914-47ce-a848-226e0953659f","NOT_SET"
"236d8be4-4a32-40e9-a63c-32872f7c039d","TURN","","SKYWAVE_PHASE_4_5","-11.0","08:48:02","b36d5d50-bff3-4eba-af81-e54966596f5d","","","MessagingEndUser","0PAg8000000ZqYPGA0","-11.0","08:48:00","e5207f45-c35c-4314-a830-de04bf292c0d","c50f93df-6e84-4e12-ae52-146358f55af7","mileage_account"
"236d8be4-4a32-40e9-a63c-32872f7c039d","TURN","","SKYWAVE_PHASE_4_5","-11.0","08:51:07","ea312851-5d11-4092-a352-776fdef258a5","","","MessagingEndUser","0PAg8000000ZqYPGA0","-11.0","08:51:05","39db1cb3-dac9-4ba0-a7c6-0a881a103164","0094d0a1-0c81-4013-a8c8-6b921aeddb3f","mileage_account"
"236d8be4-4a32-40e9-a63c-32872f7c039d","TURN","","SKYWAVE_PHASE_4_5","-11.0","08:51:47","2faec352-a535-4698-abc9-13cbc2f8d3e6","","","MessagingEndUser","0PAg8000000ZqYPGA0","-11.0","08:51:44","bba527b0-6f0b-4a1e-a591-bcbddee54214","f28939e2-97ac-41be-a394-bc10e171fcc6","off_topic"
"236d8be4-4a32-40e9-a63c-32872f7c039d","TURN","","SKYWAVE_PHASE_4_5","-11.0","08:52:13","a1f391ea-e022-4258-aa71-42f820ad1ab8","","","MessagingEndUser","0PAg8000000ZqYPGA0","-11.0","08:52:09","5c02fe90-961c-4e20-ad3c-a384c2c57339","77e91599-2a78-45b4-ae71-4e089dd9474c","off_topic"
"236d8be4-4a32-40e9-a63c-32872f7c039d","SESSION_END","","SKYWAVE_PHASE_4_5","-11.0","08:52:13","08f39c3c-04d4-4e81-a28e-7cc07debda62","","","","","-11.0","08:52:13","0a44199a-640a-4583-a8bd-4489ad5f23fe","773db220-c1d2-46ed-a228-5cd177b39a1d","NOT_SET"
"4735a937-8a14-4ac2-ac10-023a1661bfcd","TURN","","SKYWAVE_PHASE_4_5","-14.0","13:09:03","495b4843-6329-4068-a767-f1e2d076d9c3","","","MessagingEndUser","0PAg8000000Zqa1GAC","-14.0","13:09:00","97829a06-1f0f-487e-aec6-4f531640902d","c09dd898-56f2-4948-a02b-a14007eb1a95","name_change"
"4735a937-8a14-4ac2-ac10-023a1661bfcd","TURN","","SKYWAVE_PHASE_4_5","-14.0","13:10:03","65fa500d-af64-4f4d-a43b-7447bc39ab4e","","","MessagingEndUser","0PAg8000000Zqa1GAC","-14.0","13:10:01","c588e5c9-63f5-4c7d-aa2e-8cf2fcee87c5","7009c7c8-321f-4fa1-a188-576ac190db1b","name_change"
"4735a937-8a14-4ac2-ac10-023a1661bfcd","SESSION_END","","SKYWAVE_PHASE_4_5","-14.0","13:10:03","08c2fb74-6b9b-40ae-afa4-0c4ac9a57688","","","","","-14.0","13:10:03","abde0a8c-2af5-4eaa-af33-4bb2cd2b0288","ca29a5a8-c9e8-48e4-af43-8cac5f9fb96c","NOT_SET"
"b2ebe055-4bfd-49bd-ae95-1b035c60b704","TURN","","SKYWAVE_PHASE_4_5","-2.0","13:11:03","6699db1f-dad8-44a5-a444-9e818c279370","","","MessagingEndUser","0PAg8000000Zr1RGAS","-2.0","13:11:00","18a8d566-041a-442a-af6e-9ead9fa0b668","d0e91aa8-f4d0-4bee-aab8-42bb3fb4c2b1","case_management"
"b2ebe055-4bfd-49bd-ae95-1b035c60b704","TURN","","SKYWAVE_PHASE_4_5","-2.0","13:11:27","76feb8e8-eb85-49ff-a975-930c71e5dd4c","","","MessagingEndUser","0PAg8000000Zr1RGAS","-2.0","13:11:24","a87b548f-33a6-4e07-a118-8100c0ad25f2","05985105-b861-4a93-a4a6-0a6261b5976e","case_management"
"b2ebe055-4bfd-49bd-ae95-1b035c60b704","TURN","","SKYWAVE_PHASE_4_5","-2.0","13:12:24","415ef96b-5066-44c5-ade7-7267395883f7","","","MessagingEndUser","0PAg8000000Zr1RGAS","-2.0","13:12:22","0a9d5151-5937-4d81-ab5e-bbf9bf4cc965","ef6b0b13-ab32-4026-ac7e-53a258360a1e","flight_management"
"b2ebe055-4bfd-49bd-ae95-1b035c60b704","TURN","","SKYWAVE_PHASE_4_5","-2.0","13:13:11","07faca37-a535-47d3-a926-19ded7792ac9","","","MessagingEndUser","0PAg8000000Zr1RGAS","-2.0","13:13:07","17db6232-a76e-4b98-aac5-eeba2093c731","606e247e-6d16-4928-ab51-81f120aac452","flight_management"
"b2ebe055-4bfd-49bd-ae95-1b035c60b704","SESSION_END","","SKYWAVE_PHASE_4_5","-2.0","13:13:11","18db729e-37e5-44e7-ac03-6a0fd2089b3a","","","","","-2.0","13:13:11","a38e8b12-fd53-47bd-a3c9-2ac85853f1e3","42616d7f-64d4-4b71-ad30-d0f847f04108","NOT_SET"
"33124c95-93d5-4d74-a21c-14a341b07feb","TURN","","SKYWAVE_PHASE_4_5","-4.0","08:58:03","86871482-7d23-485c-a517-24c816e4dae4","","","MessagingEndUser","0PAg8000000ZrCjGAK","-4.0","08:58:00","8157c394-183a-4ed7-ab48-d7dc39dda647","a46f5e5b-a760-449e-a7d3-6657c132bfac","flight_management"
"33124c95-93d5-4d74-a21c-14a341b07feb","TURN","","SKYWAVE_PHASE_4_5","-4.0","08:58:32","43fbe3fd-d366-41a8-a006-1d0a94233df9","","","MessagingEndUser","0PAg8000000ZrCjGAK","-4.0","08:58:30","5baf4692-4b5c-4dd6-a901-d499d79baf12","337e1b02-6fba-4423-a18e-7a762de72521","flight_management"
"33124c95-93d5-4d74-a21c-14a341b07feb","TURN","","SKYWAVE_PHASE_4_5","-4.0","08:58:57","61e543f4-f660-439f-a709-747a0c170db6","","","MessagingEndUser","0PAg8000000ZrCjGAK","-4.0","08:58:55","f6ac1d05-04e4-43cb-a9ec-4fde591ac8ab","90a4dcec-f62f-4afc-afd8-cf1257884cd7","mileage_account"
"33124c95-93d5-4d74-a21c-14a341b07feb","TURN","","SKYWAVE_PHASE_4_5","-4.0","09:00:10","0ca2cdf2-6c61-4154-a2c5-4a7096190aa7","","","MessagingEndUser","0PAg8000000ZrCjGAK","-4.0","09:00:07","b2eb1647-90b4-4ee4-afac-08096df1b378","9b98cea3-3641-4075-a02f-e7001e39fead","mileage_account"
"33124c95-93d5-4d74-a21c-14a341b07feb","SESSION_END","","SKYWAVE_PHASE_4_5","-4.0","09:00:10","85fb6f11-36ec-41fa-a360-6f48d3c2e071","","","","","-4.0","09:00:10","6e001b92-ae53-4d2d-a123-e16e90ca0770","71e754d9-6223-49b8-a776-65eb57029b78","NOT_SET"
"c083c4ec-50a4-444d-aed0-ab375cb8739d","TURN","","SKYWAVE_PHASE_4_5","-14.0","15:31:03","c05dbf79-033b-40ad-a407-6e5421a8ae16","","","MessagingEndUser","0PAg8000000ZMaLGAW","-14.0","15:31:00","f9013ece-603b-4be9-a6a6-5cf83e6fc438","1d06c414-c28b-40a7-a421-bedab46c6e0f","flight_management"
"c083c4ec-50a4-444d-aed0-ab375cb8739d","TURN","","SKYWAVE_PHASE_4_5","-14.0","15:32:20","845158c0-861e-45a3-a27a-9aad27917900","","","MessagingEndUser","0PAg8000000ZMaLGAW","-14.0","15:32:17","c023721f-0f0c-42a4-a9dc-e6d6cb77a673","2db62224-b8f2-45a0-af1d-f7005e8ec581","flight_management"
"c083c4ec-50a4-444d-aed0-ab375cb8739d","SESSION_END","","SKYWAVE_PHASE_4_5","-14.0","15:32:20","dab9a4e6-f738-4336-a171-d06f6e5b89da","","","","","-14.0","15:32:20","db6257fc-8456-44cc-acef-03584fdb13ee","bcd69987-9dff-402f-aca4-b333d66e472b","NOT_SET"
"68600216-0e91-4aa4-ae01-4250e6e4d281","TURN","","SKYWAVE_PHASE_4_5","-14.0","16:25:04","bb1dabf7-105a-40c0-a623-42ea3a450b72","","","MessagingEndUser","0PAg8000000ZOM1GAO","-14.0","16:25:00","d29f695c-7674-431e-a038-3e6ecbff0781","324fabd0-e0c6-4646-a355-7b57cd1a2dde","off_topic"
"68600216-0e91-4aa4-ae01-4250e6e4d281","TURN","","SKYWAVE_PHASE_4_5","-14.0","16:28:43","cd6534d8-45ea-4f73-aee5-112d50333a75","","","MessagingEndUser","0PAg8000000ZOM1GAO","-14.0","16:28:39","0b609302-c4e7-4b50-a148-74ad3a4718a0","11218faa-8602-43c3-a942-a5c76d5457ca","off_topic"
"68600216-0e91-4aa4-ae01-4250e6e4d281","SESSION_END","","SKYWAVE_PHASE_4_5","-14.0","16:28:43","8a95972e-0cbf-42b2-a6c2-3f7b83017de6","","","","","-14.0","16:28:43","28c6440c-0652-4d0c-a088-b12a8151707b","c29bf580-6626-470d-ac2c-209f8c1c5298","NOT_SET"
"1f227407-1c41-46e6-afb0-cfdf79b4b263","TURN","","SKYWAVE_PHASE_4_5","-13.0","15:43:03","62cff3e1-6d46-4e2b-a14a-66a86d138d09","","","MessagingEndUser","0PAg8000000ZOgzGAG","-13.0","15:43:00","459e55b1-9681-4c6f-a8a7-52a27f8d4eb6","ccdc0465-82b4-4bcf-a4c3-853a1b0dc791","case_management"
"1f227407-1c41-46e6-afb0-cfdf79b4b263","TURN","","SKYWAVE_PHASE_4_5","-13.0","15:43:46","26a8b2a6-661d-493b-a067-2f887a998340","","","MessagingEndUser","0PAg8000000ZOgzGAG","-13.0","15:43:43","5084834d-7c99-4d51-a9d5-6fe92eac6784","3a12a588-e2a9-4172-ac3a-38551979fb09","case_management"
"1f227407-1c41-46e6-afb0-cfdf79b4b263","TURN","","SKYWAVE_PHASE_4_5","-13.0","15:44:52","5f0852b4-dbd4-44f5-a42e-d5ed706a1c9a","","","MessagingEndUser","0PAg8000000ZOgzGAG","-13.0","15:44:48","2f7de554-d85d-48e8-a470-469ff25b95cb","cb7fd728-0a05-4ce4-a2bc-ba823580303b","flight_management"
"1f227407-1c41-46e6-afb0-cfdf79b4b263","TURN","","SKYWAVE_PHASE_4_5","-13.0","15:46:28","9e257ea0-0f18-4511-ac58-1a3910a36bb1","","","MessagingEndUser","0PAg8000000ZOgzGAG","-13.0","15:46:25","d24a9202-9a1f-4874-a312-376c07c6bd50","bc0ff94a-c4b6-45a9-ac88-691ff7657712","flight_management"
"1f227407-1c41-46e6-afb0-cfdf79b4b263","SESSION_END","","SKYWAVE_PHASE_4_5","-13.0","15:46:28","b9e346b0-8151-437a-a3d8-930e5ee573b5","","","","","-13.0","15:46:28","143d4442-dc9d-4723-a9e0-58e5dc1a06e5","5a2740a5-0808-4851-a3c4-54df45c99448","NOT_SET"
"baff2bb4-ea2a-4edc-a1a7-871bdfd826f1","TURN","","SKYWAVE_PHASE_4_5","-10.0","17:48:02","f5a00398-ba9f-44a1-a77c-8016f7106be6","","","MessagingEndUser","0PAg8000000ZOibGAG","-10.0","17:48:00","b5625ba9-8bf4-4f57-a58f-f16b784bc032","6a0781c4-b0ca-4e6b-aceb-c8ee2e13544a","name_change"
"baff2bb4-ea2a-4edc-a1a7-871bdfd826f1","TURN","","SKYWAVE_PHASE_4_5","-10.0","17:48:46","aa395caf-595a-4aaf-a3a4-6b6bbeada0fa","","","MessagingEndUser","0PAg8000000ZOibGAG","-10.0","17:48:43","cab10cb3-d9f8-4480-a54b-da742f891a07","d971b0d0-ee73-4a6b-a5ea-cc8d1e5188bb","name_change"
"baff2bb4-ea2a-4edc-a1a7-871bdfd826f1","TURN","","SKYWAVE_PHASE_4_5","-10.0","17:49:33","c4b0df2f-7c34-47b2-ae77-1dea7adf047b","","","MessagingEndUser","0PAg8000000ZOibGAG","-10.0","17:49:31","6ba1261b-87ea-41a1-aae1-7a60011ec095","26ed76d1-35e7-4be0-a783-b71f2e470c19","flight_management"
"baff2bb4-ea2a-4edc-a1a7-871bdfd826f1","TURN","","SKYWAVE_PHASE_4_5","-10.0","17:50:50","170d996c-da3b-4895-ae50-404f4a87e2f7","","","MessagingEndUser","0PAg8000000ZOibGAG","-10.0","17:50:47","d058ad84-0c44-40ad-a36e-22924c754733","34e7fa4e-f23d-4261-a278-f09f64cf1a14","flight_management"
"baff2bb4-ea2a-4edc-a1a7-871bdfd826f1","SESSION_END","","SKYWAVE_PHASE_4_5","-10.0","17:50:50","793db632-902e-4f4f-a230-0b82fd29084e","","","","","-10.0","17:50:50","0a870507-62c2-4d31-acee-e063f6cfc142","8bb90c1d-0969-4b41-a0dc-446181bb4d13","NOT_SET"
"826fb0a7-7fb9-433e-a7c4-4d6366f3fca2","TURN","","SKYWAVE_PHASE_4_5","-9.0","13:07:02","5d53d83d-b545-498d-ada9-005a795f44e9","","","MessagingEndUser","0PAg8000000ZOvVGAW","-9.0","13:07:00","54f32018-b25a-4652-a356-d3d08ea5f956","9a69b632-12c2-4120-a271-146d6accd2e6","name_change"
"826fb0a7-7fb9-433e-a7c4-4d6366f3fca2","TURN","","SKYWAVE_PHASE_4_5","-9.0","13:07:35","03e35142-65cb-4eaa-a6cb-fa68eb295e65","","","MessagingEndUser","0PAg8000000ZOvVGAW","-9.0","13:07:32","ff63d4ed-d031-46fe-ac78-974186513d12","48a3c0b7-db05-48c3-a085-055f212da753","name_change"
"826fb0a7-7fb9-433e-a7c4-4d6366f3fca2","TURN","","SKYWAVE_PHASE_4_5","-9.0","13:08:13","d0d30e2a-514c-432e-a7b6-b320387c31a3","","","MessagingEndUser","0PAg8000000ZOvVGAW","-9.0","13:08:10","afce846b-62f8-452d-adbe-0d7126f40c87","630f90ce-e330-46e1-a868-b59f571345b8","case_management"
"826fb0a7-7fb9-433e-a7c4-4d6366f3fca2","TURN","","SKYWAVE_PHASE_4_5","-9.0","13:08:46","349f1bcd-4886-4185-a983-fe8a835a72c2","","","MessagingEndUser","0PAg8000000ZOvVGAW","-9.0","13:08:42","3b9c8963-b738-4d24-afc1-6d1f1ed5beb9","5993a568-645d-4fae-ac65-421204f946e5","case_management"
"826fb0a7-7fb9-433e-a7c4-4d6366f3fca2","SESSION_END","","SKYWAVE_PHASE_4_5","-9.0","13:08:46","2d1c7d84-bd04-4bad-aad6-063771bdb048","","","","","-9.0","13:08:46","ce4380b5-55b7-42da-abe2-55ca7026c3f0","8a8cd78a-683d-4fcf-a259-b072a6d9e2ec","NOT_SET"
"04ef7554-3beb-465a-a3d1-54c03e52b276","TURN","","SKYWAVE_PHASE_4_5","-13.0","15:58:02","af258437-e284-41bc-a5c5-5b28bf373d89","","","MessagingEndUser","0PAg8000000ZP6nGAG","-13.0","15:58:00","de7c168a-f0e1-47f7-aa30-07bcd333b775","e2db86cf-0fce-44ce-a719-bb09f080651f","name_change"
"04ef7554-3beb-465a-a3d1-54c03e52b276","TURN","","SKYWAVE_PHASE_4_5","-13.0","16:00:15","2aab44d4-6e2f-4f53-a197-5c2983670db4","","","MessagingEndUser","0PAg8000000ZP6nGAG","-13.0","16:00:11","ba9dc784-4d73-4b16-ae9f-1b7b256d74a9","5bfd0fa1-ca2a-4641-a135-08df0bd4c081","name_change"
"04ef7554-3beb-465a-a3d1-54c03e52b276","TURN","","SKYWAVE_PHASE_4_5","-13.0","16:01:18","aa876bbf-4649-4985-ad1d-4c69b473f232","","","MessagingEndUser","0PAg8000000ZP6nGAG","-13.0","16:01:15","51980d77-2b80-4cd4-a0c5-4c1123f06bb8","c77ffe55-34d8-4a1b-a5c0-c93597a9972f","flight_management"
"04ef7554-3beb-465a-a3d1-54c03e52b276","TURN","","SKYWAVE_PHASE_4_5","-13.0","16:01:53","c1b6470b-e480-4ff6-a040-24078db3b51e","","","MessagingEndUser","0PAg8000000ZP6nGAG","-13.0","16:01:51","2d998a87-4448-4448-a297-ab7a2e29b2fc","2dcd39e0-8ac9-4fc9-a1fe-9b6184e8de27","flight_management"
"04ef7554-3beb-465a-a3d1-54c03e52b276","SESSION_END","","SKYWAVE_PHASE_4_5","-13.0","16:01:53","58d2c0c2-7f47-4e70-ace4-c3c7350bd0ad","","","","","-13.0","16:01:53","108e3e32-0b08-41d7-a3fb-fe7031886e83","0cafb4c4-da8e-4844-a8ce-fa69ed700a4b","NOT_SET"
"04e75a37-35b9-4b41-a488-4222d9e90532","TURN","","SKYWAVE_PHASE_4_5","-12.0","19:36:03","91ea2597-d5a0-4410-adb2-2fcb7bf9186c","","","MessagingEndUser","0PAg8000000ZP8PGAW","-12.0","19:36:00","251c2b22-e166-4d76-a9e9-06fc5cf6eb13","f27633d3-4767-4400-ab45-05fad8745c7e","flight_management"
"04e75a37-35b9-4b41-a488-4222d9e90532","TURN","","SKYWAVE_PHASE_4_5","-12.0","19:37:18","acb23f24-d047-4479-a048-4fc504eb82d9","","","MessagingEndUser","0PAg8000000ZP8PGAW","-12.0","19:37:15","af5243e4-6782-4997-adf9-5f97c5a52980","ad582173-ba87-4352-ae3d-6746aff24504","flight_management"
"04e75a37-35b9-4b41-a488-4222d9e90532","TURN","","SKYWAVE_PHASE_4_5","-12.0","19:37:53","066b59d6-fdb8-424b-a7f4-58e211bdbc2c","","","MessagingEndUser","0PAg8000000ZP8PGAW","-12.0","19:37:49","db4d2100-7334-46a8-a8f9-07b156b96590","fc9fd71a-8b84-471e-a209-d263f71288cf","flight_management"
"04e75a37-35b9-4b41-a488-4222d9e90532","TURN","","SKYWAVE_PHASE_4_5","-12.0","19:42:36","1e217c68-ca60-4f4c-a44b-d70286802bba","","","MessagingEndUser","0PAg8000000ZP8PGAW","-12.0","19:42:33","fb3c78c0-ff53-4d79-a87e-98679f643edb","bfa7a560-075f-4245-a5c0-73eb5fbcec8d","flight_management"
"04e75a37-35b9-4b41-a488-4222d9e90532","TURN","","SKYWAVE_PHASE_4_5","-12.0","19:43:36","a68f5055-27e0-478b-a4c5-a94d052d190d","","","MessagingEndUser","0PAg8000000ZP8PGAW","-12.0","19:43:32","1cb27068-0656-4de1-ab8c-b3bf2ca80cb0","cef5ea80-9476-416a-ae53-4dfd153fe5d9","mileage_account"
"04e75a37-35b9-4b41-a488-4222d9e90532","TURN","","SKYWAVE_PHASE_4_5","-12.0","19:44:51","767c7b60-66b5-4820-a9cf-544b2277d0b2","","","MessagingEndUser","0PAg8000000ZP8PGAW","-12.0","19:44:47","7a475c55-cfbe-44bb-a4a8-2ef2c1000fd6","0b13bcc5-ba88-4002-afb6-1c5fa6d65cd6","mileage_account"
"04e75a37-35b9-4b41-a488-4222d9e90532","SESSION_END","","SKYWAVE_PHASE_4_5","-12.0","19:44:51","fb4d9a19-1fac-4651-a5aa-d787831a686e","","","","","-12.0","19:44:51","0033d278-8633-42eb-a482-61fc25337062","372189f8-ab01-4d6e-a70e-b5b1615de8d4","NOT_SET"
"5f6b6a09-74bb-4dba-ac11-50d87eb337ff","TURN","","SKYWAVE_PHASE_4_5","-14.0","10:00:02","3dc94a19-ef8f-4672-ab13-d7850174b4d3","","","MessagingEndUser","0PAg8000000ZPd3GAG","-14.0","10:00:00","a1451652-390d-4f5c-a3ca-8d4aa1919672","7cf35d28-b0fd-4b3d-a8b8-b638113554f7","mileage_account"
"5f6b6a09-74bb-4dba-ac11-50d87eb337ff","TURN","","SKYWAVE_PHASE_4_5","-14.0","10:00:39","33f6e5d8-ba2a-4685-a3ee-fb5ce8d33203","","","MessagingEndUser","0PAg8000000ZPd3GAG","-14.0","10:00:37","8f943d44-55b2-4055-a802-5f673d6d7b5d","fc00528c-66fb-41c7-a9d6-c695e7ad90cb","mileage_account"
"5f6b6a09-74bb-4dba-ac11-50d87eb337ff","SESSION_END","","SKYWAVE_PHASE_4_5","-14.0","10:00:39","5a132939-8ee4-4bcc-a9ee-18db72dfc0d5","","","","","-14.0","10:00:39","47da1af1-1a59-48aa-a3cd-b97f68659e03","1ea0a243-0334-48ef-a7c4-e09c66b00384","NOT_SET"
"36de854e-f289-4626-a93c-dd9680a90a27","TURN","","SKYWAVE_PHASE_4_5","-7.0","12:42:03","bd8b538f-c4e6-4363-aaef-22ab04a071dc","","","MessagingEndUser","0PAg8000000ZPtBGAW","-7.0","12:42:00","94b32300-88fc-4acd-a1d5-5b52d018cd86","2924ebd6-c547-4f01-ad7d-4c3dd31bf4a9","case_management"
"36de854e-f289-4626-a93c-dd9680a90a27","TURN","","SKYWAVE_PHASE_4_5","-7.0","12:42:53","aa943b5e-69ff-4331-accf-225e36118c71","","","MessagingEndUser","0PAg8000000ZPtBGAW","-7.0","12:42:49","936d080a-d7de-4299-af89-44aafc78202c","ab8fda57-1a74-457f-a0db-19744ba6f543","case_management"
"36de854e-f289-4626-a93c-dd9680a90a27","TURN","","SKYWAVE_PHASE_4_5","-7.0","12:43:28","9a6a4b5b-f11b-4dd8-a08b-fc741c02522f","","","MessagingEndUser","0PAg8000000ZPtBGAW","-7.0","12:43:25","3d187155-660f-4bcf-ae24-3e2d9acd093c","4983dd5c-fc42-433f-aeed-6e3ada56ce40","flight_management"
"36de854e-f289-4626-a93c-dd9680a90a27","TURN","","SKYWAVE_PHASE_4_5","-7.0","12:44:04","af7466e4-b895-41dd-a8a4-cb0eedcee928","","","MessagingEndUser","0PAg8000000ZPtBGAW","-7.0","12:44:02","7eb9b091-451f-4192-a79b-1fcfa26b995c","94efe44a-98d4-44a2-a3fa-ae77aef4f091","flight_management"
"36de854e-f289-4626-a93c-dd9680a90a27","TURN","","SKYWAVE_PHASE_4_5","-7.0","12:48:42","1044a8e9-fa46-4990-ad43-4cb1fe06bf7a","","","MessagingEndUser","0PAg8000000ZPtBGAW","-7.0","12:48:39","3bd6be0e-b592-4213-a509-a983efe484f0","97fb155a-ba02-4b8b-ad7b-c4dc3ed90011","name_change"
"36de854e-f289-4626-a93c-dd9680a90a27","TURN","","SKYWAVE_PHASE_4_5","-7.0","12:49:41","647250c5-eac8-4607-a235-2b32d674d094","","","MessagingEndUser","0PAg8000000ZPtBGAW","-7.0","12:49:39","4a291658-a5a6-4eea-a4f4-37d85ef08e48","d45fc301-3894-4b81-a15b-23ec4b6a3b33","name_change"
"36de854e-f289-4626-a93c-dd9680a90a27","SESSION_END","","SKYWAVE_PHASE_4_5","-7.0","12:49:41","5890cf7e-33b6-4511-abcf-3ea53f45f414","","","","","-7.0","12:49:41","ad46ca49-03cf-495c-a11a-cfca31dffe87","b114b834-1590-433c-aada-8bf4b37a4443","NOT_SET"
"3180d961-580a-437e-a23e-fe0ce6d8273e","TURN","","SKYWAVE_PHASE_4_5","-9.0","11:17:04","4ca767be-4c29-433e-a9f1-015bde2b1f5c","","","MessagingEndUser","0PAg8000000ZRgTGAW","-9.0","11:17:00","553c39bc-fab3-4720-ab4d-38d9ced92917","5232082b-89a3-49c6-ad71-ff7cbc23b5ec","flight_management"
"3180d961-580a-437e-a23e-fe0ce6d8273e","TURN","","SKYWAVE_PHASE_4_5","-9.0","11:18:13","f3ccdd18-71a5-405d-a416-255e46a6e7d7","","","MessagingEndUser","0PAg8000000ZRgTGAW","-9.0","11:18:10","9a994d2f-2c78-4b3d-a216-4aafd54ffd5f","20f3ce30-63c9-48bc-aaaf-f0e8a93e7904","flight_management"
"3180d961-580a-437e-a23e-fe0ce6d8273e","SESSION_END","","SKYWAVE_PHASE_4_5","-9.0","11:18:13","ed46faf7-e5df-40c7-ae64-600bdd6a39d3","","","","","-9.0","11:18:13","df871fc2-2ee7-42d2-a2e0-dee398d1511f","4df7437d-0108-498c-abc0-d653d9dec7e9","NOT_SET"
"d51d09b4-674e-412a-ac8a-3bde65e5d8c6","TURN","","SKYWAVE_PHASE_4_5","-11.0","11:07:02","7d19a42a-2aaf-41ce-aee4-1f238ca01f63","","","MessagingEndUser","0PAg8000000ZSRFGA4","-11.0","11:07:00","c9cd02ba-a7c4-4f80-a0d1-561148b813af","e49a83e7-8993-4a94-aa61-8756a29d2de3","off_topic"
"d51d09b4-674e-412a-ac8a-3bde65e5d8c6","TURN","","SKYWAVE_PHASE_4_5","-11.0","11:07:40","e97f7eef-ab4d-4c19-aad0-3111ec572b7d","","","MessagingEndUser","0PAg8000000ZSRFGA4","-11.0","11:07:37","232c21b0-443c-427a-a610-32d67e5088df","ae1358ca-2708-43f2-aeaf-44e9ce951841","off_topic"
"d51d09b4-674e-412a-ac8a-3bde65e5d8c6","SESSION_END","","SKYWAVE_PHASE_4_5","-11.0","11:07:40","930546de-9aaa-4860-aa35-8fa0cb007734","","","","","-11.0","11:07:40","470f2527-7e2e-4ef7-a4fd-24f2dd294b4f","62a9cdd1-1a11-4a1c-a3c0-42cf48841626","NOT_SET"
"e06e17d1-8b09-4bf0-a00f-f7bb594ee616","TURN","","SKYWAVE_PHASE_4_5","-7.0","08:59:04","eae9ec65-6daa-488f-aee6-628942a79703","","","MessagingEndUser","0PAg8000000ZSXhGAO","-7.0","08:59:00","6f562a55-dbf4-4d9d-a1be-fdfa82da1822","bfdf4313-861c-45d8-a24e-184f2c68f2eb","flight_management"
"e06e17d1-8b09-4bf0-a00f-f7bb594ee616","TURN","","SKYWAVE_PHASE_4_5","-7.0","08:59:39","6ae4ec80-9245-4d49-a51e-bb44ae83ad12","","","MessagingEndUser","0PAg8000000ZSXhGAO","-7.0","08:59:36","139a5097-25b4-45d2-a7fd-b75280c2f763","6f4f9b1e-dad9-4007-ad40-6519f09d6def","flight_management"
"e06e17d1-8b09-4bf0-a00f-f7bb594ee616","TURN","","SKYWAVE_PHASE_4_5","-7.0","08:59:57","bee54c16-8978-4b8b-ada0-91fdcb7f163f","","","MessagingEndUser","0PAg8000000ZSXhGAO","-7.0","08:59:54","50446d3c-7b0d-4a47-ac0c-c4f317460ea8","a07540e3-4c17-456b-a0ef-5d757a306b41","flight_management"
"e06e17d1-8b09-4bf0-a00f-f7bb594ee616","TURN","","SKYWAVE_PHASE_4_5","-7.0","09:02:09","9d14ba83-a622-4e29-ac7b-ddc0e54c2e70","","","MessagingEndUser","0PAg8000000ZSXhGAO","-7.0","09:02:07","88f6471a-a967-4d1a-a3fd-3b9d8d9058f2","12ecd34c-efc6-4447-a713-b3424376ff28","flight_management"
"e06e17d1-8b09-4bf0-a00f-f7bb594ee616","SESSION_END","","SKYWAVE_PHASE_4_5","-7.0","09:02:09","2c6af527-3355-4798-a95e-a72a87513cfa","","","","","-7.0","09:02:09","1427e451-2078-40f3-ae80-646a04c173ee","049c1c0a-364e-4c44-a5ef-34ade88976bc","NOT_SET"
"25253a0d-5811-4dc4-ad87-1d0c5c182273","TURN","","SKYWAVE_PHASE_4_5","-13.0","13:25:03","45f762fd-52b5-43c3-a2a1-73eca8eec32a","","","MessagingEndUser","0PAg8000000ZTNJGA4","-13.0","13:25:00","166dada7-bf58-47c6-a88d-55b85f389838","0a9f2952-3275-4353-a1ff-fb90608a0c77","flight_management"
"25253a0d-5811-4dc4-ad87-1d0c5c182273","TURN","","SKYWAVE_PHASE_4_5","-13.0","13:28:06","8e1e6291-2b10-4df8-a645-f45d06036f01","","","MessagingEndUser","0PAg8000000ZTNJGA4","-13.0","13:28:03","e8ca5810-9c71-43f3-aeac-b056e0b7223a","8be5751b-73a9-4b24-a6fa-7e1ef0dae730","flight_management"
"25253a0d-5811-4dc4-ad87-1d0c5c182273","SESSION_END","","SKYWAVE_PHASE_4_5","-13.0","13:28:06","d403cf2f-e113-4968-af27-e0cf6e7b3a75","","","","","-13.0","13:28:06","dbebd836-3700-4fc4-a489-e8591dcd72ac","07408a71-eefe-4b6f-a843-0bd26f27a6e6","NOT_SET"
"940cd7f6-aca9-4c2d-a602-34adb4bda2dd","TURN","","SKYWAVE_PHASE_4_5","-2.0","11:55:02","c91f0033-8a56-4def-a828-bf7e62f31b64","","","MessagingEndUser","0PAg8000000ZUsrGAG","-2.0","11:55:00","65cc816a-af4d-4411-aca1-451d1aa31547","ab3a9cbc-4dca-4dfa-af5d-af01b583cec4","flight_management"
"940cd7f6-aca9-4c2d-a602-34adb4bda2dd","TURN","","SKYWAVE_PHASE_4_5","-2.0","11:55:49","03232cf2-853d-4e64-abee-721719f30f62","","","MessagingEndUser","0PAg8000000ZUsrGAG","-2.0","11:55:46","b6f34ca8-d87c-4474-af4e-c3be66082b93","231ea157-750b-4546-a931-3e631874a059","flight_management"
"940cd7f6-aca9-4c2d-a602-34adb4bda2dd","SESSION_END","","SKYWAVE_PHASE_4_5","-2.0","11:55:49","52be3eb1-5438-44e6-a021-77a88715f3f4","","","","","-2.0","11:55:49","2940b478-644c-4d6a-ad7e-53a0537db8ff","aa40e19d-38ed-40de-a691-1064994eda22","NOT_SET"
"1e1110ef-e0bc-409e-aed8-44bfdb77d1b4","TURN","","SKYWAVE_PHASE_4_5","-14.0","18:23:04","59aa55b1-54c2-41f5-a433-ab7919f8c52d","","","MessagingEndUser","0PAg8000000ZVDpGAO","-14.0","18:23:00","2d99aab9-a40c-4f84-a3ed-994cd457f178","0acbb3b0-533d-4e02-a2cc-a82f5295a9e9","flight_management"
"1e1110ef-e0bc-409e-aed8-44bfdb77d1b4","TURN","","SKYWAVE_PHASE_4_5","-14.0","18:24:09","d73fda1b-8233-4180-a98c-3ff1866ed634","","","MessagingEndUser","0PAg8000000ZVDpGAO","-14.0","18:24:05","c1fe227c-e988-4f68-a683-9a10cfbcfc8d","b7b27d15-6298-4a33-a67f-7401d708229e","flight_management"
"1e1110ef-e0bc-409e-aed8-44bfdb77d1b4","TURN","","SKYWAVE_PHASE_4_5","-14.0","18:25:02","03dfce30-8795-4eb7-ac70-cc0917a28130","","","MessagingEndUser","0PAg8000000ZVDpGAO","-14.0","18:24:58","11de39af-db6d-4ee0-a07b-322a83688a2f","32121376-9114-4860-a7a2-ecd355247144","mileage_account"
"1e1110ef-e0bc-409e-aed8-44bfdb77d1b4","TURN","","SKYWAVE_PHASE_4_5","-14.0","18:29:34","5e279a0f-7ccc-4425-a96c-b12ce95de19e","","","MessagingEndUser","0PAg8000000ZVDpGAO","-14.0","18:29:32","f15935a7-1cb0-415d-a443-95ddbec38c14","43c4428d-ac89-45fa-a9e2-4b26eeff2d9b","mileage_account"
"1e1110ef-e0bc-409e-aed8-44bfdb77d1b4","SESSION_END","","SKYWAVE_PHASE_4_5","-14.0","18:29:34","196ecd61-dff3-4c78-a194-e15b9d613701","","","","","-14.0","18:29:34","24952fda-4957-479b-a458-bae80d0e6a3e","09a630f1-8ca8-4700-a925-c9b911332455","NOT_SET"
"0668243e-1720-4f0a-af2d-8dd435e67119","TURN","","SKYWAVE_PHASE_4_5","-11.0","19:28:02","4b576a28-5733-4333-a62f-e0c77c71631d","","","MessagingEndUser","0PAg8000000ZfMrGAK","-11.0","19:28:00","f86cb031-018e-4c06-a9e3-32ba7f717873","322d0225-98fd-45a3-ad2d-6ad2bdff381d","flight_management"
"0668243e-1720-4f0a-af2d-8dd435e67119","TURN","","SKYWAVE_PHASE_4_5","-11.0","19:31:41","aff0a716-c087-4d74-ab3c-182c1ff38009","","","MessagingEndUser","0PAg8000000ZfMrGAK","-11.0","19:31:37","4d160b16-ddad-4ac3-a9e8-248c08f60d27","fa7ab41a-26c7-445e-ac48-31c1f4cdcc60","flight_management"
"0668243e-1720-4f0a-af2d-8dd435e67119","SESSION_END","","SKYWAVE_PHASE_4_5","-11.0","19:31:41","930641ba-2e3a-4474-a086-e2ca31df9c10","","","","","-11.0","19:31:41","c71600ca-bae2-47df-a935-6ec082f48a3d","bbbbeb0e-aea7-42c3-a4f8-84d72684cd35","NOT_SET"
"205356e8-9bb1-4e43-aa17-36b12613b6e7","TURN","","SKYWAVE_PHASE_4_5","-13.0","17:54:02","a04e4651-a3fa-4dd7-a04d-ee6b915ab1b1","","","MessagingEndUser","0PAg8000000Zim9GAC","-13.0","17:54:00","8da2a7e1-73a7-4050-a521-e9ba31d6063e","d2d6a345-ff43-4e15-ae6e-898d4b013b75","flight_management"
"205356e8-9bb1-4e43-aa17-36b12613b6e7","TURN","","SKYWAVE_PHASE_4_5","-13.0","17:54:38","2b585b36-d496-4782-aa3d-ac01c65c7837","","","MessagingEndUser","0PAg8000000Zim9GAC","-13.0","17:54:35","df29ab2d-bb1b-4d61-a409-53e3508d4317","a8e81292-f84c-4de4-a57f-c7f154449532","flight_management"
"205356e8-9bb1-4e43-aa17-36b12613b6e7","SESSION_END","","SKYWAVE_PHASE_4_5","-13.0","17:54:38","ef65277c-6183-4918-a24b-3a6330c1d0fc","","","","","-13.0","17:54:38","fe9b1a54-a411-4d7f-a515-cb90d9e436fd","c5af3706-11bf-4cd9-a7a9-591d18d5159e","NOT_SET"
"2f4e8a78-19e3-4166-a275-ef5151735d99","TURN","","SKYWAVE_PHASE_4_5","-6.0","08:17:04","2ca234dd-feef-4e10-a31e-1c7023ca058b","","","MessagingEndUser","0PAg8000000ZjblGAC","-6.0","08:17:00","6fff1492-7509-4757-a37a-6474b6e9185d","8033947e-0019-4671-a68c-54bc4ad51829","case_management"
"2f4e8a78-19e3-4166-a275-ef5151735d99","TURN","","SKYWAVE_PHASE_4_5","-6.0","08:17:29","9836aaa3-6ae4-4e03-a634-96b634d6edda","","","MessagingEndUser","0PAg8000000ZjblGAC","-6.0","08:17:26","d4d196bc-3f97-44bf-a533-32c45c308f82","12fd3e34-1adf-4db5-a817-3a4defb2f37b","case_management"
"2f4e8a78-19e3-4166-a275-ef5151735d99","TURN","","SKYWAVE_PHASE_4_5","-6.0","08:18:34","b31d6b38-c9f2-423c-a78f-5cfad22adf22","","","MessagingEndUser","0PAg8000000ZjblGAC","-6.0","08:18:31","0b5b768b-2d47-42d5-accc-68f504b5157c","cfd844a5-6969-4677-a322-622c1d8c7c49","flight_management"
"2f4e8a78-19e3-4166-a275-ef5151735d99","TURN","","SKYWAVE_PHASE_4_5","-6.0","08:22:00","882786ea-6568-463d-a717-4e71589c8c36","","","MessagingEndUser","0PAg8000000ZjblGAC","-6.0","08:21:56","6c351f27-1c87-4517-a99b-7000dabc6df5","709223bb-519b-42f8-afbd-2a5ca2c6dc65","flight_management"
"2f4e8a78-19e3-4166-a275-ef5151735d99","TURN","","SKYWAVE_PHASE_4_5","-6.0","08:22:55","85a039cd-40c9-4dcc-a219-619985880d72","","","MessagingEndUser","0PAg8000000ZjblGAC","-6.0","08:22:51","609ce6dd-4d68-4705-a4cf-2b77b63f3db7","d8f7e5a9-a9ad-40cd-a141-f1f6eb20211a","flight_management"
"2f4e8a78-19e3-4166-a275-ef5151735d99","TURN","","SKYWAVE_PHASE_4_5","-6.0","08:25:19","c45cd101-a596-47a4-a7e5-1ca5b663e6c0","","","MessagingEndUser","0PAg8000000ZjblGAC","-6.0","08:25:17","449dbb32-1224-42c3-abb1-68aa6085e339","652bd614-bd9c-4cec-a9d0-db2253dd306d","flight_management"
"2f4e8a78-19e3-4166-a275-ef5151735d99","SESSION_END","","SKYWAVE_PHASE_4_5","-6.0","08:25:19","a0da021e-a119-411c-ab40-889fc2128720","","","","","-6.0","08:25:19","e52deaf2-561d-4c29-a21f-19650f1eff78","f77546a0-1651-48cf-a33e-42808f2e8c62","NOT_SET"
"7ba42436-6c5b-4337-ac3b-08f6b8545eb8","TURN","","SKYWAVE_PHASE_4_5","-1.0","14:24:04","7ef593dc-28af-440a-aed1-e33f94522ee9","","","MessagingEndUser","0PAg8000000Zl5hGAC","-1.0","14:24:00","7a444721-435f-42f7-a393-82e249abe982","ad3f3fcf-12c6-4ade-aed6-23467f1dc4c4","flight_management"
"7ba42436-6c5b-4337-ac3b-08f6b8545eb8","TURN","","SKYWAVE_PHASE_4_5","-1.0","14:24:36","0cb07d69-b22f-4606-aa6a-4dde5e650e18","","","MessagingEndUser","0PAg8000000Zl5hGAC","-1.0","14:24:32","1c6e80f1-bcb2-4f1d-a629-7bf9fdd0126b","eb2d5787-a324-4a5a-a097-263c73ba2cf8","flight_management"
"7ba42436-6c5b-4337-ac3b-08f6b8545eb8","TURN","","SKYWAVE_PHASE_4_5","-1.0","14:25:53","fe7042d7-ec32-404c-a920-79b57df23b74","","","MessagingEndUser","0PAg8000000Zl5hGAC","-1.0","14:25:49","911cd7a1-e9b8-482d-aa19-b5f08c81b71a","06907b3f-a3ce-44f6-a43e-cedb31487852","case_management"
"7ba42436-6c5b-4337-ac3b-08f6b8545eb8","TURN","","SKYWAVE_PHASE_4_5","-1.0","14:26:32","5a3e0330-bf13-415d-a49a-3742898ceb97","","","MessagingEndUser","0PAg8000000Zl5hGAC","-1.0","14:26:30","311831b8-b163-4469-aa9a-139dc533cff0","05da14ad-9e1f-404f-ad45-0d28770d8ebb","case_management"
"7ba42436-6c5b-4337-ac3b-08f6b8545eb8","TURN","","SKYWAVE_PHASE_4_5","-1.0","14:27:26","b621bfea-c221-44ca-a950-72f08afad6da","","","MessagingEndUser","0PAg8000000Zl5hGAC","-1.0","14:27:23","7949afb2-f81c-474f-a447-04c44416704e","d00b9216-dfec-432a-a414-6f7df49f2c67","flight_management"
"7ba42436-6c5b-4337-ac3b-08f6b8545eb8","TURN","","SKYWAVE_PHASE_4_5","-1.0","14:28:12","832b1a20-002e-4d2f-a985-3f6a122ac2eb","","","MessagingEndUser","0PAg8000000Zl5hGAC","-1.0","14:28:10","8facc386-0ed5-4664-aaa2-9c5a7ad309d3","5e391d57-53f0-4440-a43f-287a65ec6846","flight_management"
"7ba42436-6c5b-4337-ac3b-08f6b8545eb8","SESSION_END","","SKYWAVE_PHASE_4_5","-1.0","14:28:12","7faedb9a-7cab-4e14-ab6a-2b6297630dcd","","","","","-1.0","14:28:12","2b5d2d60-fd2d-4c79-a456-ae5db7e4a5eb","95e14f65-59f2-46f9-ab38-ef214774c975","NOT_SET"
"8d9bf8e3-ec8f-4869-a477-ef2bf3c98344","TURN","","SKYWAVE_PHASE_4_5","-4.0","13:33:03","451e377d-947f-4659-a6e5-8f064ff6ba1f","","","MessagingEndUser","0PAg8000000ZlTtGAK","-4.0","13:33:00","d0d5d855-ab7a-402b-aed7-c2c919e84a5f","6fe7502d-f272-41ff-a90a-8ab3fcae0ca5","flight_management"
"8d9bf8e3-ec8f-4869-a477-ef2bf3c98344","TURN","","SKYWAVE_PHASE_4_5","-4.0","13:33:46","a24d249b-89b0-4dea-a82c-4131d38d206f","","","MessagingEndUser","0PAg8000000ZlTtGAK","-4.0","13:33:42","25da0893-7e69-445e-a25d-a747f6d728a7","d3357946-2296-4d8e-a5d7-04111ec1b2a5","flight_management"
"8d9bf8e3-ec8f-4869-a477-ef2bf3c98344","SESSION_END","","SKYWAVE_PHASE_4_5","-4.0","13:33:46","e9bcad87-76f4-4eff-aa62-e8ba1619bccd","","","","","-4.0","13:33:46","a89bb89b-a5f7-4e48-ae2c-835e8ef82360","ce886289-1420-4786-a909-0c5032e4832a","NOT_SET"
"5eca7121-c765-4ce7-ae72-8258d2b126ae","TURN","","SKYWAVE_PHASE_4_5","-7.0","14:47:03","8d557c83-9980-44a6-a56b-5feb28e7b598","","","MessagingEndUser","0PAg8000000ZpBpGAK","-7.0","14:47:00","f7b4e620-f738-4beb-a9f7-3c9a832c180d","89fabdcd-f7b6-4dfd-abe2-32147e9a183b","flight_management"
"5eca7121-c765-4ce7-ae72-8258d2b126ae","TURN","","SKYWAVE_PHASE_4_5","-7.0","14:49:13","a4f0e937-5c34-45aa-a8c9-c5dbce1f1bbc","","","MessagingEndUser","0PAg8000000ZpBpGAK","-7.0","14:49:11","51f87e3b-d384-4cd7-af93-f65a2f681b60","5b1730d7-d060-4c0f-a26f-be2b4b89e371","flight_management"
"5eca7121-c765-4ce7-ae72-8258d2b126ae","SESSION_END","","SKYWAVE_PHASE_4_5","-7.0","14:49:13","c8c7decb-df3f-490f-a050-a3e4f1fa2847","","","","","-7.0","14:49:13","6e464dc2-cddd-4e27-aa8f-4928326a6f73","786f3b62-a42d-4881-a5e7-709bede17b49","NOT_SET"
"86610453-cdbb-4e9b-a7e6-4632419890ba","TURN","","SKYWAVE_PHASE_4_5","-6.0","14:29:03","7296682c-6608-4122-a347-e00b0a76dbf6","","","MessagingEndUser","0PAg8000000ZqYPGA0","-6.0","14:29:00","93fafb84-e527-4156-a066-2489ef7f0631","c5f81a8e-b7a0-4ee6-add9-fb865e3e9694","flight_management"
"86610453-cdbb-4e9b-a7e6-4632419890ba","TURN","","SKYWAVE_PHASE_4_5","-6.0","14:30:12","fd3ae148-95b1-4d45-aedf-9ecb8e37e7bb","","","MessagingEndUser","0PAg8000000ZqYPGA0","-6.0","14:30:10","ff04b0ac-1d1e-4d77-ab32-723b0253ebd7","b4522ab7-86e4-46c8-aee1-2f4f1fe2af77","flight_management"
"86610453-cdbb-4e9b-a7e6-4632419890ba","SESSION_END","","SKYWAVE_PHASE_4_5","-6.0","14:30:12","42014e61-eb15-43db-ab07-f3d49e7d829e","","","","","-6.0","14:30:12","1d4c26de-212d-4e3b-ad9b-f5045610ef70","9dbc638a-701f-435c-a2d3-65c510aa4345","NOT_SET"
"0c5938a2-b91b-4fa6-a135-26a3780d53fd","TURN","","SKYWAVE_PHASE_4_5","-1.0","09:40:02","b5e98434-7f22-4606-ad37-fd02e9df3d90","","","MessagingEndUser","0PAg8000000Zqa1GAC","-1.0","09:40:00","47030a6a-9a02-4cb9-aa12-54731d0774f8","ff2d8c12-a51b-4161-a975-5a440188f0bf","flight_management"
"0c5938a2-b91b-4fa6-a135-26a3780d53fd","TURN","","SKYWAVE_PHASE_4_5","-1.0","09:40:19","f5408f56-afe2-46ae-a293-10d877ccda57","","","MessagingEndUser","0PAg8000000Zqa1GAC","-1.0","09:40:17","f0aa96b3-34ed-4ac5-a99e-4658358bcff9","b38404b0-2b26-439b-a244-2b0687d0df13","flight_management"
"0c5938a2-b91b-4fa6-a135-26a3780d53fd","SESSION_END","","SKYWAVE_PHASE_4_5","-1.0","09:40:19","8bc2c686-c903-43a6-aa00-e15ec1a360ef","","","","","-1.0","09:40:19","909da83a-0d7f-4c45-a19f-320f2077f2c5","5996b280-f61c-4007-a5d4-cd6a12eff495","NOT_SET"
"c07d5c82-4c2e-4ae2-a9c9-f055506a7bd4","TURN","","SKYWAVE_PHASE_4_5","-8.0","10:08:04","9565e9db-e24a-4fdf-a9b2-324a8a027bf4","","","MessagingEndUser","0PAg8000000Zr1RGAS","-8.0","10:08:00","8c777258-5df6-42d2-a2f5-290660d62bde","33220f12-e4e6-4293-a592-cd208a83b628","flight_management"
"c07d5c82-4c2e-4ae2-a9c9-f055506a7bd4","TURN","","SKYWAVE_PHASE_4_5","-8.0","10:08:41","2370bd21-5f8b-47b5-a0f3-11bcbc189407","","","MessagingEndUser","0PAg8000000Zr1RGAS","-8.0","10:08:39","005efb85-08d7-4548-a6f3-6bb6b890ec92","068eb957-1a62-432d-ada7-e8fc10cd8636","flight_management"
"c07d5c82-4c2e-4ae2-a9c9-f055506a7bd4","TURN","","SKYWAVE_PHASE_4_5","-8.0","10:09:10","adc41687-7989-4a6f-acb8-fdf1b5cabc7b","","","MessagingEndUser","0PAg8000000Zr1RGAS","-8.0","10:09:08","5848d0c3-b8ab-45bf-a602-ab18c98b929a","d0c7be54-211d-43ae-a861-b5488bfa7e3a","case_management"
"c07d5c82-4c2e-4ae2-a9c9-f055506a7bd4","TURN","","SKYWAVE_PHASE_4_5","-8.0","10:10:26","f9525d4f-dd99-4c05-a69c-8a1a9acbdc9e","","","MessagingEndUser","0PAg8000000Zr1RGAS","-8.0","10:10:24","bf8e333b-fdc1-4b5e-a0f7-034747ffcfe2","ef6c6ebe-a2fd-4a32-a8f8-3d21c1f6377f","case_management"
"c07d5c82-4c2e-4ae2-a9c9-f055506a7bd4","SESSION_END","","SKYWAVE_PHASE_4_5","-8.0","10:10:26","579afc8a-6fef-4528-a2ba-40e053c27181","","","","","-8.0","10:10:26","88b49d81-4818-4dd0-aeb9-cd1f0a4cb433","a983c96b-736e-4a65-a70e-af2773524e63","NOT_SET"
"2bb451e3-4e2e-4bf3-a943-b645a8edaa7a","TURN","","SKYWAVE_PHASE_4_5","-9.0","19:41:04","965c75e3-a17d-4e73-a712-cd888a3d63d1","","","MessagingEndUser","0PAg8000000ZrCjGAK","-9.0","19:41:00","40cc5b05-cbba-4621-a9c2-4878ca5d663b","b003de3e-396a-468e-a007-3ea7f8573bc7","flight_management"
"2bb451e3-4e2e-4bf3-a943-b645a8edaa7a","TURN","","SKYWAVE_PHASE_4_5","-9.0","19:42:57","0c03eecb-d536-4542-a05d-cc2f0e199026","","","MessagingEndUser","0PAg8000000ZrCjGAK","-9.0","19:42:55","ac86b7a8-0509-4f2d-a0a7-34cf7c0d878d","a29bb24c-ad40-441a-ac23-003596182527","flight_management"
"2bb451e3-4e2e-4bf3-a943-b645a8edaa7a","SESSION_END","","SKYWAVE_PHASE_4_5","-9.0","19:42:57","6f00a9b1-4961-45f1-a0b6-1bb1dda3f826","","","","","-9.0","19:42:57","d1f40b6c-4041-47f2-ae23-5ed1252cd7f9","ac09cdb3-b1c3-4ff2-a681-0ca29db5dede","NOT_SET"
"2bdb0338-2a64-4ff4-ac89-012fc6b2d179","TURN","","SKYWAVE_PHASE_4_5","-4.0","10:19:02","da40c736-4e89-4f9c-a319-fd253d563efd","","","MessagingEndUser","0PAg8000000ZMaLGAW","-4.0","10:19:00","a4baeb3f-fdab-426d-a5a3-f221da2eebea","f13eaec4-d5c4-4468-ad92-0d9a54985164","flight_management"
"2bdb0338-2a64-4ff4-ac89-012fc6b2d179","TURN","","SKYWAVE_PHASE_4_5","-4.0","10:19:58","1686a20d-8761-457a-aa96-5a903bfc3616","","","MessagingEndUser","0PAg8000000ZMaLGAW","-4.0","10:19:54","d530c833-a01a-4e4f-a725-a4dac96c117d","4889fe66-80d6-4afd-aee2-bc42d9987257","flight_management"
"2bdb0338-2a64-4ff4-ac89-012fc6b2d179","TURN","","SKYWAVE_PHASE_4_5","-4.0","10:20:25","c0b0ed84-fd2d-4745-a4e4-267f992f5172","","","MessagingEndUser","0PAg8000000ZMaLGAW","-4.0","10:20:23","4fb6a330-11a5-449e-a15e-95d678da3ef7","d2a7847f-0b16-4528-aab4-31173e18af5b","case_management"
"2bdb0338-2a64-4ff4-ac89-012fc6b2d179","TURN","","SKYWAVE_PHASE_4_5","-4.0","10:20:54","408e5e04-98da-4b23-a930-e2889a2f89ba","","","MessagingEndUser","0PAg8000000ZMaLGAW","-4.0","10:20:51","aeddaaa3-c6ce-424b-a8f9-401b9bf2f203","b4cd9c1f-173d-4078-a403-96f01b60a4d2","case_management"
"2bdb0338-2a64-4ff4-ac89-012fc6b2d179","SESSION_END","","SKYWAVE_PHASE_4_5","-4.0","10:20:54","256e2abb-c2c9-479f-a088-ead7e7b8665b","","","","","-4.0","10:20:54","f10f6267-b6e9-4d3a-ac30-84f44e948ceb","f00406c8-3e34-4b64-a788-37660c8e3f17","NOT_SET"
"b59ae471-4a83-4818-ad18-6f8bf14d0f9e","TURN","","SKYWAVE_PHASE_4_5","-13.0","15:09:04","bd63f948-dd4a-43a1-a2fb-675e900751e9","","","MessagingEndUser","0PAg8000000ZOM1GAO","-13.0","15:09:00","8c171de1-f4ee-4f54-ae87-a65bd9b3f26c","4a5d99f5-fc6b-4fe2-a51d-fac0431a90be","name_change"
"b59ae471-4a83-4818-ad18-6f8bf14d0f9e","TURN","","SKYWAVE_PHASE_4_5","-13.0","15:09:37","31593693-6dd2-4c87-a751-595bad0217d3","","","MessagingEndUser","0PAg8000000ZOM1GAO","-13.0","15:09:35","3772851b-6157-4a29-a6cc-f4d718642e90","c454d973-6a7d-40d3-a501-19ebe80d9363","name_change"
"b59ae471-4a83-4818-ad18-6f8bf14d0f9e","SESSION_END","","SKYWAVE_PHASE_4_5","-13.0","15:09:37","d511b7fa-a867-4ec1-a070-4b1b042a6318","","","","","-13.0","15:09:37","0e39fa05-5728-42c5-a709-ff54e2288747","77d9f8b1-4fac-488c-a16e-cc4a61621530","NOT_SET"
"06b5e753-e315-455f-a9ba-5cb2fb99f4ac","TURN","","SKYWAVE_PHASE_4_5","-14.0","19:26:02","b824a458-ba6e-4f82-a15f-48773ad3609d","","","MessagingEndUser","0PAg8000000ZOgzGAG","-14.0","19:26:00","9257b416-b936-446c-a8b4-7c82a4d17701","befef541-91e2-460c-a0e2-e67e9bbdc15c","mileage_account"
"06b5e753-e315-455f-a9ba-5cb2fb99f4ac","TURN","","SKYWAVE_PHASE_4_5","-14.0","19:26:48","3c7750f5-045b-4aa4-a2de-96d57397b63d","","","MessagingEndUser","0PAg8000000ZOgzGAG","-14.0","19:26:45","0d70c850-ed60-483a-aa26-0f4f3b0a9d1f","3bd17a36-ed94-41e7-a465-ba635cfb2ca9","mileage_account"
"06b5e753-e315-455f-a9ba-5cb2fb99f4ac","SESSION_END","","SKYWAVE_PHASE_4_5","-14.0","19:26:48","75c0a8e2-9b51-4f40-a4a6-a4a3d8e0bb5a","","","","","-14.0","19:26:48","7cde9f2e-d8e2-4852-aa98-42ea80de3df4","8b9683d0-2131-46f0-a4d2-b82af1406104","NOT_SET"
"c811202a-d535-4056-a437-b5f47dca624b","TURN","","SKYWAVE_PHASE_4_5","-10.0","13:24:04","85373c09-8de5-4f9f-ab01-2fdf7984717d","","","MessagingEndUser","0PAg8000000ZOibGAG","-10.0","13:24:00","c5c61ffe-6d2e-4fb1-a3a6-e72be07a006d","6740ab5e-3868-43b8-a152-565275d35392","off_topic"
"c811202a-d535-4056-a437-b5f47dca624b","TURN","","SKYWAVE_PHASE_4_5","-10.0","13:25:08","a639dd82-5d58-4a8d-a23c-32baf4cd94a5","","","MessagingEndUser","0PAg8000000ZOibGAG","-10.0","13:25:06","4df92370-8fcf-4f72-a697-b76610a05e69","508df03b-3977-48d6-a26c-98eeac3d0e35","off_topic"
"c811202a-d535-4056-a437-b5f47dca624b","TURN","","SKYWAVE_PHASE_4_5","-10.0","13:29:23","98ae1283-1de8-4c13-a750-5de8d7eedd11","","","MessagingEndUser","0PAg8000000ZOibGAG","-10.0","13:29:19","eae3d783-b194-4953-a20e-c681a72a3599","72d973ec-4218-4a7e-a12c-77bba1126478","flight_management"
"c811202a-d535-4056-a437-b5f47dca624b","TURN","","SKYWAVE_PHASE_4_5","-10.0","13:30:28","de5d0fad-8a02-4d8f-ab46-3a45732b6a7f","","","MessagingEndUser","0PAg8000000ZOibGAG","-10.0","13:30:24","a2620be1-3345-473a-a2a6-077a2a77bbad","5f83304c-86e6-4079-aa8f-529d77f6d306","flight_management"
"c811202a-d535-4056-a437-b5f47dca624b","SESSION_END","","SKYWAVE_PHASE_4_5","-10.0","13:30:28","3a1a1a3a-947c-467b-a28a-f9b7af12581c","","","","","-10.0","13:30:28","7293a545-a25e-40df-a234-6c13263b2148","fbe0e40f-81f5-43ff-a3c8-91f00af6185c","NOT_SET"
"6f554432-4d35-4eaa-a1b7-67242a484107","TURN","","SKYWAVE_PHASE_4_5","-7.0","08:21:03","cb76e36b-0077-4bbe-ac1d-f2e0525ae167","","","MessagingEndUser","0PAg8000000ZOvVGAW","-7.0","08:21:00","f0347910-f214-449b-abea-69327fada0bd","89521298-25bc-476d-a878-237df2bc44de","mileage_account"
"6f554432-4d35-4eaa-a1b7-67242a484107","TURN","","SKYWAVE_PHASE_4_5","-7.0","08:24:44","2b9a7e69-d430-4b64-a20c-d8312a3d3e37","","","MessagingEndUser","0PAg8000000ZOvVGAW","-7.0","08:24:41","82803ab7-f316-46cb-a6ca-3e8862d9e1e9","4763cfc0-6bac-4f5e-aaae-33356df701cf","mileage_account"
"6f554432-4d35-4eaa-a1b7-67242a484107","SESSION_END","","SKYWAVE_PHASE_4_5","-7.0","08:24:44","f87c1f49-f823-4b7a-ad82-bd7b8bb139ad","","","","","-7.0","08:24:44","9bed902b-aca8-4e43-a511-673b57a0c026","ccf75b58-1e42-4d8e-ac05-be4430d365a5","NOT_SET"
"702b09d3-b603-47af-ab5d-b6de7804045e","TURN","","SKYWAVE_PHASE_4_5","-3.0","10:08:03","683e199d-5567-4c01-aabd-7c626a119e17","","","MessagingEndUser","0PAg8000000ZP6nGAG","-3.0","10:08:00","a64cafa2-830d-4abf-a40c-894ec70384ff","0a52727a-3221-4823-a269-e23d20fbeaad","flight_management"
"702b09d3-b603-47af-ab5d-b6de7804045e","TURN","","SKYWAVE_PHASE_4_5","-3.0","10:08:29","a588ef78-318b-48a4-a2d7-cacffa8093f3","","","MessagingEndUser","0PAg8000000ZP6nGAG","-3.0","10:08:25","707bac7a-705c-4012-a245-0387564a984a","5799477a-9725-40fd-aa0e-ccee2756a814","flight_management"
"702b09d3-b603-47af-ab5d-b6de7804045e","SESSION_END","","SKYWAVE_PHASE_4_5","-3.0","10:08:29","79f3968a-cef4-4f38-a91f-613c5a8bdac3","","","","","-3.0","10:08:29","2a9cd328-83f9-404a-a645-ebaf8fce4103","7407a44a-be9d-451a-a0e0-5c0dd64058f7","NOT_SET"
"8bd72a84-87ce-4c85-a25d-16be5dad0d9a","TURN","","SKYWAVE_PHASE_4_5","-7.0","10:45:04","a593a7c3-cc0e-48e8-a344-2a1e6c4a9ee2","","","MessagingEndUser","0PAg8000000ZP8PGAW","-7.0","10:45:00","a73f9934-a54e-4dd4-a35e-2d4fa48fc14c","71fcd2dc-9c4d-4146-a955-1c22582dd2de","mileage_account"
"8bd72a84-87ce-4c85-a25d-16be5dad0d9a","TURN","","SKYWAVE_PHASE_4_5","-7.0","10:46:10","72a689b4-641e-4625-a1a2-321d5364a90d","","","MessagingEndUser","0PAg8000000ZP8PGAW","-7.0","10:46:06","d684020d-0e2b-4176-a7f5-b037ccfceca9","dbc81e2b-1b26-4a7f-a66b-040916cdec56","mileage_account"
"8bd72a84-87ce-4c85-a25d-16be5dad0d9a","SESSION_END","","SKYWAVE_PHASE_4_5","-7.0","10:46:10","0c830c07-a98e-415d-ac22-614578de1e32","","","","","-7.0","10:46:10","0254ef99-a687-47a3-a923-3a049172469b","0ab241af-a7d4-4216-a3b3-c7ce27c4526a","NOT_SET"
"dc0551c7-cdf6-4366-a366-3f7257f45e15","TURN","","SKYWAVE_PHASE_4_5","-1.0","18:47:02","ca758cd8-2a3a-4192-a9ad-8239039ae66b","","","MessagingEndUser","0PAg8000000ZPd3GAG","-1.0","18:47:00","b57bedc5-01d0-4552-a9db-1c0297dd8bb7","98316166-0183-4182-a5e4-8cd7c78ca8e3","off_topic"
"dc0551c7-cdf6-4366-a366-3f7257f45e15","TURN","","SKYWAVE_PHASE_4_5","-1.0","18:47:57","9621b173-fdaa-461c-a5c3-944c34dbb6ed","","","MessagingEndUser","0PAg8000000ZPd3GAG","-1.0","18:47:55","3a6580d5-4379-40f3-a304-19fbd41daa7a","f1bc8f33-8179-44e1-ae50-fbc656dc68bd","off_topic"
"dc0551c7-cdf6-4366-a366-3f7257f45e15","SESSION_END","","SKYWAVE_PHASE_4_5","-1.0","18:47:57","2d9e3c3e-8b68-4168-abff-5aa6bf204606","","","","","-1.0","18:47:57","6090120c-a92e-44c3-a7d1-492b56d9122f","134b7828-ec80-4081-aa6f-3186fcacf69a","NOT_SET"
"318c727f-7115-47a4-a73b-b67237c3a650","TURN","","SKYWAVE_PHASE_4_5","-6.0","11:43:04","aa068671-9e9b-43d2-a66b-8f7fcb77e1a1","","","MessagingEndUser","0PAg8000000ZPtBGAW","-6.0","11:43:00","0bf200bf-b045-4b88-acbf-37a3f44d4571","cc3cd7b2-f31a-4f77-afef-5601a292f789","flight_management"
"318c727f-7115-47a4-a73b-b67237c3a650","TURN","","SKYWAVE_PHASE_4_5","-6.0","11:44:09","0cda9a48-5014-4fbf-a980-28a2242dcbd3","","","MessagingEndUser","0PAg8000000ZPtBGAW","-6.0","11:44:07","26ff6239-b04c-4fa7-aa8e-7d28b85c172a","275dc439-8f11-4976-a11e-e37c503459ab","flight_management"
"318c727f-7115-47a4-a73b-b67237c3a650","TURN","","SKYWAVE_PHASE_4_5","-6.0","11:44:42","830b6bb8-f2f7-4539-a0ed-d99e878521bc","","","MessagingEndUser","0PAg8000000ZPtBGAW","-6.0","11:44:40","8116ea30-4849-4b10-a996-be0983cf269b","c9857e3b-525c-4db3-a521-0611de6810f7","flight_management"
"318c727f-7115-47a4-a73b-b67237c3a650","TURN","","SKYWAVE_PHASE_4_5","-6.0","11:45:37","c3071580-d2ef-4ff1-aa1e-2ed70f252d2b","","","MessagingEndUser","0PAg8000000ZPtBGAW","-6.0","11:45:34","5cf4e86c-dd30-4bca-adb3-167fae508242","411c72e1-89de-4d5e-a826-81f0a9e5ad77","flight_management"
"318c727f-7115-47a4-a73b-b67237c3a650","SESSION_END","","SKYWAVE_PHASE_4_5","-6.0","11:45:37","8bc9e273-59e6-46b1-ada3-10235977b1e1","","","","","-6.0","11:45:37","2fc88088-6f57-40ab-a066-61f971bd105e","c55c0f6a-6d97-490b-a08d-021e21837b48","NOT_SET"
"4ba37bdc-d1c3-47e4-ae6d-47c257170ed3","TURN","","SKYWAVE_PHASE_4_5","-3.0","14:55:04","dab349e1-4f55-4301-a95b-b2d3e6446a10","","","MessagingEndUser","0PAg8000000ZRgTGAW","-3.0","14:55:00","db343dbd-f17e-417e-a973-f0f2211ce3ab","ae0374ce-a45a-4508-a513-d8d3e4f18ffc","flight_management"
"4ba37bdc-d1c3-47e4-ae6d-47c257170ed3","TURN","","SKYWAVE_PHASE_4_5","-3.0","14:55:48","c8185f44-cc36-4b27-a04f-2f7dc04c342d","","","MessagingEndUser","0PAg8000000ZRgTGAW","-3.0","14:55:45","6c7ca475-05f1-4af0-a7f3-5739c6848677","ef1bd20e-48ad-4558-a884-c918542f8af3","flight_management"
"4ba37bdc-d1c3-47e4-ae6d-47c257170ed3","SESSION_END","","SKYWAVE_PHASE_4_5","-3.0","14:55:48","d75433f3-62a6-477c-a408-eca68a7421bf","","","","","-3.0","14:55:48","967d75f6-549e-4e88-ad40-a13a3617ebed","0dd290fb-37b5-4b0e-a483-071179c50657","NOT_SET"
"5d620081-8710-40e8-ae28-1e40c1e12368","TURN","","SKYWAVE_PHASE_4_5","-3.0","13:02:02","b2d27b14-7a61-4506-a639-bdaaf0075459","","","MessagingEndUser","0PAg8000000ZSRFGA4","-3.0","13:02:00","098fc043-7a9a-45d3-afe9-44188040d1b5","f4637380-94d4-402d-a211-162bff3bfde7","flight_management"
"5d620081-8710-40e8-ae28-1e40c1e12368","TURN","","SKYWAVE_PHASE_4_5","-3.0","13:05:12","38cca61f-3229-4754-aef5-e4897f715e48","","","MessagingEndUser","0PAg8000000ZSRFGA4","-3.0","13:05:08","1e0cc71d-a394-4764-aa9c-536d9ef81606","fd94d247-9a12-4521-a6e7-fd07379529e1","flight_management"
"5d620081-8710-40e8-ae28-1e40c1e12368","SESSION_END","","SKYWAVE_PHASE_4_5","-3.0","13:05:12","8e744459-bab7-48fe-aee8-0cdd069350f7","","","","","-3.0","13:05:12","1942290e-1dc1-411e-ac12-8e58f16d6ec8","034c5a8c-e58c-485d-a418-84ea7ef7ef77","NOT_SET"
"667a0b26-cbeb-4ac0-ab15-1de9174b7326","TURN","","SKYWAVE_PHASE_4_5","-14.0","12:06:02","b795def3-e540-4e4f-aa1a-78971021c7e5","","","MessagingEndUser","0PAg8000000ZSXhGAO","-14.0","12:06:00","043329a5-9341-41d5-a5ab-c756ad0e890b","eefa949e-75df-467e-ada6-db240a12e873","mileage_account"
"667a0b26-cbeb-4ac0-ab15-1de9174b7326","TURN","","SKYWAVE_PHASE_4_5","-14.0","12:06:28","34e13354-f905-4834-a47a-0116ad0b58e1","","","MessagingEndUser","0PAg8000000ZSXhGAO","-14.0","12:06:24","f393ce6a-f814-4af8-ad79-580b16e3426c","f6c345a1-c24a-47cd-a00e-ff070f82d27c","mileage_account"
"667a0b26-cbeb-4ac0-ab15-1de9174b7326","SESSION_END","","SKYWAVE_PHASE_4_5","-14.0","12:06:28","c32f42a6-3850-4a25-a622-bb6daf1b570d","","","","","-14.0","12:06:28","760ce326-e803-4699-a42d-014eab25531f","9fb2cc22-ee24-4dc5-aee2-4877e7770a9a","NOT_SET"
"3085502b-a2f9-40cb-a75e-e559481ea150","TURN","","SKYWAVE_PHASE_4_5","-2.0","12:36:02","73ce9a98-d70f-4197-a250-08ead83cab3e","","","MessagingEndUser","0PAg8000000ZTNJGA4","-2.0","12:36:00","0c3585e3-3edc-4e50-a89f-1db5b319be0d","691f6b10-3373-4b52-a0ec-b087708e49bf","flight_management"
"3085502b-a2f9-40cb-a75e-e559481ea150","TURN","","SKYWAVE_PHASE_4_5","-2.0","12:39:24","979bce1d-19ae-44ca-ae1e-9c08169b0d77","","","MessagingEndUser","0PAg8000000ZTNJGA4","-2.0","12:39:22","8ec97b69-bcd7-4588-a68b-01ee83e4fb15","63010bc4-e75d-4952-af0e-005793cd934c","flight_management"
"3085502b-a2f9-40cb-a75e-e559481ea150","TURN","","SKYWAVE_PHASE_4_5","-2.0","12:40:09","943529ef-2de1-4259-abcf-a252c728b902","","","MessagingEndUser","0PAg8000000ZTNJGA4","-2.0","12:40:07","f4ca38bb-49b0-475c-ad7e-19ea1c193966","6e48d1bf-25e1-418f-a23c-19854cc8f2b1","mileage_account"
"3085502b-a2f9-40cb-a75e-e559481ea150","TURN","","SKYWAVE_PHASE_4_5","-2.0","12:41:16","8f579115-380a-4e13-a94b-fa718d848ae8","","","MessagingEndUser","0PAg8000000ZTNJGA4","-2.0","12:41:13","2ce782b7-f7f5-45f6-a312-c67bc297e299","3027eab5-55cd-4cde-aeb0-3d457d9ab443","mileage_account"
"3085502b-a2f9-40cb-a75e-e559481ea150","SESSION_END","","SKYWAVE_PHASE_4_5","-2.0","12:41:16","becc93bd-7d72-4655-a252-e48dde85d3e2","","","","","-2.0","12:41:16","eaa15f4a-97e8-45f8-a6c1-6c93f3cff53c","93e83a32-1146-44ae-a9d3-da5f4db925d7","NOT_SET"
"bb3f99b4-5c9d-4d64-ad24-4875d6daf10f","TURN","","SKYWAVE_PHASE_4_5","-11.0","16:49:03","749e5e55-2720-48b9-a873-5ebae44158c3","","","MessagingEndUser","0PAg8000000ZUsrGAG","-11.0","16:49:00","5530329e-21c0-422f-acbb-76dd799552d4","4f4bbe9a-ae7c-44fa-ac7b-c2c974ea75c2","mileage_account"
"bb3f99b4-5c9d-4d64-ad24-4875d6daf10f","TURN","","SKYWAVE_PHASE_4_5","-11.0","16:50:14","55aa05e3-7986-4e74-a58c-cba7cf691930","","","MessagingEndUser","0PAg8000000ZUsrGAG","-11.0","16:50:12","17e6577c-00bf-4eb8-aa78-1e823e192e21","e91ebd6d-06a0-43e8-a08a-8513114068e9","mileage_account"
"bb3f99b4-5c9d-4d64-ad24-4875d6daf10f","TURN","","SKYWAVE_PHASE_4_5","-11.0","16:53:06","015b24d2-d8d4-4b2c-ad9d-4964dcb4a4ba","","","MessagingEndUser","0PAg8000000ZUsrGAG","-11.0","16:53:04","51ba8911-13a3-4417-afc6-e304df090eb8","282d9ae6-bc18-4838-a1f3-724feea75356","off_topic"
"bb3f99b4-5c9d-4d64-ad24-4875d6daf10f","TURN","","SKYWAVE_PHASE_4_5","-11.0","16:54:11","759940c1-09a3-470e-a497-5b024f3874db","","","MessagingEndUser","0PAg8000000ZUsrGAG","-11.0","16:54:09","4309893f-e6c1-41ba-aa84-d01cb158016c","a192439b-2bcf-4731-a050-90a53511fcd8","off_topic"
"bb3f99b4-5c9d-4d64-ad24-4875d6daf10f","SESSION_END","","SKYWAVE_PHASE_4_5","-11.0","16:54:11","16c303a4-799f-4441-a24f-edc50b1d4db7","","","","","-11.0","16:54:11","605ab9b7-cff4-469b-ae3f-3946320674c8","72e1b471-a4f5-4ee7-ae00-35f843005cb2","NOT_SET"
"7dd62e91-ef0f-47cd-a1b0-faca8bf64b40","TURN","","SKYWAVE_PHASE_4_5","-14.0","17:34:03","b17eaf02-e993-4674-a964-34f1ed444352","","","MessagingEndUser","0PAg8000000ZVDpGAO","-14.0","17:34:00","dacadb65-a9bc-400b-a474-6e6b9756fa5d","dfa2836c-fd57-4041-a47d-7c05f86ce9e8","flight_management"
"7dd62e91-ef0f-47cd-a1b0-faca8bf64b40","TURN","","SKYWAVE_PHASE_4_5","-14.0","17:34:52","3a3e5a4a-71a7-4235-a784-0f0e0aa0556b","","","MessagingEndUser","0PAg8000000ZVDpGAO","-14.0","17:34:48","39d4e50e-6857-426a-aad2-83d42bca4200","33c6c2a0-cbff-4854-ac13-5fef24f323a9","flight_management"
"7dd62e91-ef0f-47cd-a1b0-faca8bf64b40","SESSION_END","","SKYWAVE_PHASE_4_5","-14.0","17:34:52","bd6d0705-d24d-4ae3-a3fd-4c93a98ab214","","","","","-14.0","17:34:52","87ad76ee-151d-4e1c-a7ac-a9e9e39194e1","b9a7d402-f5eb-41d3-a212-61c9580748b7","NOT_SET"
"ef14238a-6538-4916-a813-1e4bdb8faade","TURN","","SKYWAVE_PHASE_4_5","-11.0","08:19:04","430f8b23-5687-4267-adaf-7065b3b5ae2c","","","MessagingEndUser","0PAg8000000ZfMrGAK","-11.0","08:19:00","97fe1386-ad18-422a-aaaf-354337adb8c2","666d54de-8835-4abc-a7d1-3f7b800888d7","mileage_account"
"ef14238a-6538-4916-a813-1e4bdb8faade","TURN","","SKYWAVE_PHASE_4_5","-11.0","08:20:15","1ecb41a9-6ce6-4c87-a08f-9f1b0d265a6d","","","MessagingEndUser","0PAg8000000ZfMrGAK","-11.0","08:20:13","50b9241a-6f80-4757-a37c-ca598b4ed6a8","bdc0b0ac-a8ef-4203-a351-d637d87fb075","mileage_account"
"ef14238a-6538-4916-a813-1e4bdb8faade","SESSION_END","","SKYWAVE_PHASE_4_5","-11.0","08:20:15","1d08752b-2ccb-4e70-a8e4-ced742962e9d","","","","","-11.0","08:20:15","4f18366d-5e0f-4f73-a227-b3bba9cc5c61","fdd7349a-fced-438f-a2f0-a34f2e838525","NOT_SET"
"4b4f1d2a-39d0-4b6c-ae55-d3cdbfc938fb","TURN","","SKYWAVE_PHASE_4_5","-10.0","17:05:04","c1933881-e451-42f0-a230-904b5bcd578f","","","MessagingEndUser","0PAg8000000Zim9GAC","-10.0","17:05:00","570291a1-77ae-44ff-aca3-f61787e33fa4","b2328747-5340-4929-a373-5a66e073f7c4","mileage_account"
"4b4f1d2a-39d0-4b6c-ae55-d3cdbfc938fb","TURN","","SKYWAVE_PHASE_4_5","-10.0","17:06:16","cb62c195-1331-40c1-a508-69eb3b8d7ec6","","","MessagingEndUser","0PAg8000000Zim9GAC","-10.0","17:06:12","589f9455-5838-42ec-ad32-2150afddfaaf","c08f83d2-fb85-4bd1-a6ed-aa1f80f0afe4","mileage_account"
"4b4f1d2a-39d0-4b6c-ae55-d3cdbfc938fb","TURN","","SKYWAVE_PHASE_4_5","-10.0","17:06:39","7aab2c59-8365-4f9e-a754-2f106379dec2","","","MessagingEndUser","0PAg8000000Zim9GAC","-10.0","17:06:36","b3edd4f7-4caf-4013-aad8-a8dac3f2f124","fb27dcc5-8e7a-430e-aca8-b187203e0cd2","flight_management"
"4b4f1d2a-39d0-4b6c-ae55-d3cdbfc938fb","TURN","","SKYWAVE_PHASE_4_5","-10.0","17:11:25","e60ad8ff-7b27-4c1f-ae65-cd99cae2e1e8","","","MessagingEndUser","0PAg8000000Zim9GAC","-10.0","17:11:22","8db0242a-0bfd-4e3b-a752-65900e16685f","5e1a63d7-1a1b-4c2b-a975-71cc70708702","flight_management"
"4b4f1d2a-39d0-4b6c-ae55-d3cdbfc938fb","SESSION_END","","SKYWAVE_PHASE_4_5","-10.0","17:11:25","1ce66204-0503-48fb-a40c-35317d95a2b2","","","","","-10.0","17:11:25","d00a519b-56a8-4e22-a32b-a60cb0f31818","df81076e-dfcb-42f9-a1ee-6c5eb81e1a55","NOT_SET"
"1fe04cb8-da8f-4f4a-a5cf-8480edb95043","TURN","","SKYWAVE_PHASE_4_5","-14.0","11:06:02","e712df2d-3833-45d4-a48e-84bf067e7ab9","","","MessagingEndUser","0PAg8000000ZjblGAC","-14.0","11:06:00","9fe0acbd-1a0b-4160-a9bc-d94f0598d548","7a209957-aefb-4b7a-af8e-0bdb4d62f974","flight_management"
"1fe04cb8-da8f-4f4a-a5cf-8480edb95043","TURN","","SKYWAVE_PHASE_4_5","-14.0","11:06:23","bd79972e-190d-4953-a09b-8ed3b549a3de","","","MessagingEndUser","0PAg8000000ZjblGAC","-14.0","11:06:20","dbe58475-7584-4472-a60d-d1bcde61f224","e1625f22-fb73-4b6b-a27c-722c56f1c802","flight_management"
"1fe04cb8-da8f-4f4a-a5cf-8480edb95043","TURN","","SKYWAVE_PHASE_4_5","-14.0","11:06:50","8aed026b-5515-4e62-aa5d-08d4a298c5ef","","","MessagingEndUser","0PAg8000000ZjblGAC","-14.0","11:06:48","27881ff1-4fee-4764-a141-cc044669a5c0","75065da8-7347-4cc1-acd5-cea7a9417e9a","flight_management"
"1fe04cb8-da8f-4f4a-a5cf-8480edb95043","TURN","","SKYWAVE_PHASE_4_5","-14.0","11:07:25","0c6b8ca0-cb3e-4f01-abc6-50d8959e0b8b","","","MessagingEndUser","0PAg8000000ZjblGAC","-14.0","11:07:23","3cf267c0-c2a0-48fe-a416-6e33ffb48e06","1d9b1325-0055-45f4-a692-8bca25a6dd9f","flight_management"
"1fe04cb8-da8f-4f4a-a5cf-8480edb95043","TURN","","SKYWAVE_PHASE_4_5","-14.0","11:11:40","f46af958-bb74-4ca1-ad3f-bd0f6080451b","","","MessagingEndUser","0PAg8000000ZjblGAC","-14.0","11:11:37","e23fdb8e-999b-47e8-a71d-6c5cd8106cb9","d3389580-465d-4722-a658-35e5bf472b28","name_change"
"1fe04cb8-da8f-4f4a-a5cf-8480edb95043","TURN","","SKYWAVE_PHASE_4_5","-14.0","11:15:27","788b44bb-02a2-4bfa-a1cb-4ba21a65f6c1","","","MessagingEndUser","0PAg8000000ZjblGAC","-14.0","11:15:24","236254b1-df02-4716-a256-4e52ffeb2066","723c0edd-612f-4721-af8b-b9452601e424","name_change"
"1fe04cb8-da8f-4f4a-a5cf-8480edb95043","SESSION_END","","SKYWAVE_PHASE_4_5","-14.0","11:15:27","7a7248aa-b8d8-49d5-a54e-60a31389d910","","","","","-14.0","11:15:27","7760a68d-155a-4658-a9c0-2cf5387d1869","2bf9db55-5813-4ee0-afaa-25c9f2a83f14","NOT_SET"
"cd514d5c-d8e5-4ec5-a118-7dc2447c5ee8","TURN","","SKYWAVE_PHASE_4_5","-10.0","17:34:04","356db4f4-4c67-47b8-a0ba-536ba0dcaca4","","","MessagingEndUser","0PAg8000000Zl5hGAC","-10.0","17:34:00","74e6d055-9445-4432-a343-d547772f5afe","c63a3c3f-596d-4465-a8c1-c5515bb0c047","flight_management"
"cd514d5c-d8e5-4ec5-a118-7dc2447c5ee8","TURN","","SKYWAVE_PHASE_4_5","-10.0","17:35:14","71f60be7-84fa-4970-adb1-4c33b772f8ce","","","MessagingEndUser","0PAg8000000Zl5hGAC","-10.0","17:35:11","dfee98dc-9e02-45f9-add0-ed962bafe29a","db6ab0e9-e7e1-465e-aca6-5379f3b1182b","flight_management"
"cd514d5c-d8e5-4ec5-a118-7dc2447c5ee8","TURN","","SKYWAVE_PHASE_4_5","-10.0","17:36:12","23f1e2bb-7669-42bb-a175-9d9fb80a6a00","","","MessagingEndUser","0PAg8000000Zl5hGAC","-10.0","17:36:08","37f43b21-6ee7-4b35-a9fd-7e6f5e1e2e7b","d34537ff-7048-473e-a9b9-19ed90657247","name_change"
"cd514d5c-d8e5-4ec5-a118-7dc2447c5ee8","TURN","","SKYWAVE_PHASE_4_5","-10.0","17:36:59","47d29887-bf68-4576-a6b6-aa47dd2d0a8d","","","MessagingEndUser","0PAg8000000Zl5hGAC","-10.0","17:36:55","acf1c76c-9c7d-40f9-a41d-3a9c101da8ec","211ae043-f046-4e75-ae89-21f43823edb4","name_change"
"cd514d5c-d8e5-4ec5-a118-7dc2447c5ee8","SESSION_END","","SKYWAVE_PHASE_4_5","-10.0","17:36:59","03ded60f-7d66-44b1-a19c-6e022f84a0b0","","","","","-10.0","17:36:59","8a38f7ca-03cf-4587-aa59-f638303c8431","077b1911-290e-4e15-a91a-bace232166cf","NOT_SET"
"f345e83a-048a-4411-a007-77356ba72236","TURN","","SKYWAVE_PHASE_4_5","-3.0","13:19:02","459686e3-0011-479f-a874-ca77f17057a9","","","MessagingEndUser","0PAg8000000ZlTtGAK","-3.0","13:19:00","7e1c645c-cf67-4b27-afcd-85df9f2babd0","dca6f300-efd3-4e39-a643-c167b4b1ef3b","flight_management"
"f345e83a-048a-4411-a007-77356ba72236","TURN","","SKYWAVE_PHASE_4_5","-3.0","13:19:21","347af4b8-7453-41cf-aaae-bbf7db9b5f4c","","","MessagingEndUser","0PAg8000000ZlTtGAK","-3.0","13:19:19","15f04470-ed1c-49fb-af2a-9a793fc6e823","3033f052-7e85-492d-ad44-b14433632295","flight_management"
"f345e83a-048a-4411-a007-77356ba72236","SESSION_END","","SKYWAVE_PHASE_4_5","-3.0","13:19:21","0f571bd8-c51c-4d9d-a991-6135dcaef333","","","","","-3.0","13:19:21","32a5e03a-90e6-436b-a4e8-a2e037edea13","5a5fc9f4-0245-4c5e-afe3-15c8a45ef06a","NOT_SET"
"559897fd-01b6-441d-a705-16a7c560b39a","TURN","","SKYWAVE_PHASE_4_5","-9.0","17:12:03","f4762edf-a66f-450c-a7a8-07f79e8418a4","","","MessagingEndUser","0PAg8000000ZpBpGAK","-9.0","17:12:00","e7b9a1c2-9c2b-4657-a8f5-15f69bdd4b0d","acbfcaf2-34f9-495d-a399-7f3f382696df","flight_management"
"559897fd-01b6-441d-a705-16a7c560b39a","TURN","","SKYWAVE_PHASE_4_5","-9.0","17:12:35","c75df79b-2900-410a-aa9d-973fc358c2e2","","","MessagingEndUser","0PAg8000000ZpBpGAK","-9.0","17:12:33","79e24564-3e2b-4fb5-a1b3-4e6e9a8f42ce","c07b37e2-78d8-4a16-aa74-f3646537a029","flight_management"
"559897fd-01b6-441d-a705-16a7c560b39a","SESSION_END","","SKYWAVE_PHASE_4_5","-9.0","17:12:35","28baf029-0208-4158-a20d-395506978a17","","","","","-9.0","17:12:35","f5f673c1-d974-4230-ab1e-43e72b84fb61","da4aea66-c59f-4591-a8a2-95efdd083476","NOT_SET"
"7db9fa46-b920-4ab2-a920-bf518dc784e1","TURN","","SKYWAVE_PHASE_4_5","-2.0","17:39:04","d267aae2-b792-4b8c-aae4-817497f292f3","","","MessagingEndUser","0PAg8000000ZqYPGA0","-2.0","17:39:00","5412f001-873f-4aa9-a907-6e8d2f11292c","9baa0462-cc37-4513-a8f1-dafc3d8c2029","flight_management"
"7db9fa46-b920-4ab2-a920-bf518dc784e1","TURN","","SKYWAVE_PHASE_4_5","-2.0","17:42:10","59c5a0d7-1a3c-4633-a638-ff7a7af43a70","","","MessagingEndUser","0PAg8000000ZqYPGA0","-2.0","17:42:07","8db95d53-a141-4a8a-a138-ce96d74c3999","e0384576-1600-4308-a32d-01a0a257ba69","flight_management"
"7db9fa46-b920-4ab2-a920-bf518dc784e1","TURN","","SKYWAVE_PHASE_4_5","-2.0","17:44:23","f7e791a5-001e-4cc5-ae5a-d7284307902a","","","MessagingEndUser","0PAg8000000ZqYPGA0","-2.0","17:44:19","75344404-5f40-4666-a79b-d4f143367095","0307c3db-b5c3-404d-ad73-8a3278950a8f","flight_management"
"7db9fa46-b920-4ab2-a920-bf518dc784e1","TURN","","SKYWAVE_PHASE_4_5","-2.0","17:44:49","6553f2d0-6a5e-40b4-ae85-77fcf3fcb526","","","MessagingEndUser","0PAg8000000ZqYPGA0","-2.0","17:44:45","52afbf7d-b56a-4bab-a533-d538656a4d94","da85ce54-b5d3-49d0-ad37-24fe2e708fdb","flight_management"
"7db9fa46-b920-4ab2-a920-bf518dc784e1","SESSION_END","","SKYWAVE_PHASE_4_5","-2.0","17:44:49","c3ff3dc6-f141-4ca1-a2d9-5a8c9d18315c","","","","","-2.0","17:44:49","5d6d7939-df54-4de0-a3d2-fe4c9df7617a","fc806194-1c56-4651-a785-877eb084fadf","NOT_SET"
"a708ae64-57d0-4f12-a47f-d49502d1bad9","TURN","","SKYWAVE_PHASE_4_5","-13.0","17:16:04","df15f878-a078-49f2-acfe-f7edcbf70717","","","MessagingEndUser","0PAg8000000Zqa1GAC","-13.0","17:16:00","e9f6bfe1-2101-4abb-ab55-c17d84b92f89","bb324d8f-c071-40eb-aa93-f83002d142cc","mileage_account"
"a708ae64-57d0-4f12-a47f-d49502d1bad9","TURN","","SKYWAVE_PHASE_4_5","-13.0","17:18:41","f4f69902-0634-46ed-afc0-b591e47974e8","","","MessagingEndUser","0PAg8000000Zqa1GAC","-13.0","17:18:37","7eda1ace-6b67-41e1-af3a-60a7bea8fd57","9e3d1fe9-c585-43ea-ad9b-a9efe7933dba","mileage_account"
"a708ae64-57d0-4f12-a47f-d49502d1bad9","TURN","","SKYWAVE_PHASE_4_5","-13.0","17:19:41","895776ae-5eae-422a-a927-1cf26b1efec6","","","MessagingEndUser","0PAg8000000Zqa1GAC","-13.0","17:19:37","cd758446-3c25-4374-aed4-feff2f8a6540","8b3efac9-192a-4044-aff5-05cc35666332","flight_management"
"a708ae64-57d0-4f12-a47f-d49502d1bad9","TURN","","SKYWAVE_PHASE_4_5","-13.0","17:22:53","4b86882c-20a6-4529-a2b2-1efcf0295e89","","","MessagingEndUser","0PAg8000000Zqa1GAC","-13.0","17:22:51","235f8cdd-ec4e-42ea-a50b-7b5bceda7139","8428251c-a3b0-46d7-a7e5-46928a3c9ac2","flight_management"
"a708ae64-57d0-4f12-a47f-d49502d1bad9","SESSION_END","","SKYWAVE_PHASE_4_5","-13.0","17:22:53","e932ca96-2cc0-402e-ae89-0c39161b0fbf","","","","","-13.0","17:22:53","885ed9a0-e70d-48d7-ab6a-c70a47ae6eb6","d57711ca-c7ff-4367-ab7d-7050b2f0a858","NOT_SET"
"be83fe76-bb53-4b29-acf9-358c75aecf3d","TURN","","SKYWAVE_PHASE_4_5","-2.0","08:50:03","8f78c8e3-9e1a-49ff-a4b1-bcbc8cd8f0a6","","","MessagingEndUser","0PAg8000000Zr1RGAS","-2.0","08:50:00","88717b99-c539-49aa-afa0-df7963b9ea67","4e66f8ef-bc84-4cc7-a41d-4ce70839fdc6","mileage_account"
"be83fe76-bb53-4b29-acf9-358c75aecf3d","TURN","","SKYWAVE_PHASE_4_5","-2.0","08:50:38","4a5aa5e9-672e-4ebb-a185-46b7087e3f8d","","","MessagingEndUser","0PAg8000000Zr1RGAS","-2.0","08:50:34","09027ef1-921c-4c1c-a360-34fa0548d9c2","40178441-54e7-4839-af66-759a5c802973","mileage_account"
"be83fe76-bb53-4b29-acf9-358c75aecf3d","TURN","","SKYWAVE_PHASE_4_5","-2.0","08:52:44","bfc223dd-88e0-4800-a979-fd2c4b92841b","","","MessagingEndUser","0PAg8000000Zr1RGAS","-2.0","08:52:40","631b1151-cc27-4f12-a43a-daf118b2405a","b71d2b0c-0119-447a-a5c3-5c4ac572236f","name_change"
"be83fe76-bb53-4b29-acf9-358c75aecf3d","TURN","","SKYWAVE_PHASE_4_5","-2.0","08:53:08","d1b41690-dd91-47bf-a10c-4682632fda7b","","","MessagingEndUser","0PAg8000000Zr1RGAS","-2.0","08:53:06","f4f1cd98-a8ef-4ffc-afe8-6f07fb28b6e8","67760fb4-49c8-46a3-a120-1d95a004c84c","name_change"
"be83fe76-bb53-4b29-acf9-358c75aecf3d","SESSION_END","","SKYWAVE_PHASE_4_5","-2.0","08:53:08","c324821d-e6b9-4ff3-aad8-346bdda07144","","","","","-2.0","08:53:08","b1218623-c33e-49e0-a7c5-4a4274cda3a5","427a1a93-fa76-4583-ade4-0e1f889f09f7","NOT_SET"
"4cb64231-83f0-4c9d-a558-df043f70845f","TURN","","SKYWAVE_PHASE_4_5","-3.0","13:10:03","c48df527-e91e-48b0-ac3e-3b1df036de0c","","","MessagingEndUser","0PAg8000000ZrCjGAK","-3.0","13:10:00","8242b2a8-6332-4234-a7ee-077577386e13","c46e4717-a1e3-4172-a437-dcc8ad929bca","mileage_account"
"4cb64231-83f0-4c9d-a558-df043f70845f","TURN","","SKYWAVE_PHASE_4_5","-3.0","13:12:38","4a654f47-7c51-418f-aa24-d404469f639c","","","MessagingEndUser","0PAg8000000ZrCjGAK","-3.0","13:12:36","689587a9-5ac4-482f-a32b-facae64da1b6","fab583bd-052c-42cb-af81-19dedffee2db","mileage_account"
"4cb64231-83f0-4c9d-a558-df043f70845f","TURN","","SKYWAVE_PHASE_4_5","-3.0","13:16:30","b7b58ca0-2cf1-43ee-a065-d2a597985390","","","MessagingEndUser","0PAg8000000ZrCjGAK","-3.0","13:16:26","b2bea4a1-702f-4138-a67d-ca544509f25c","50a9d330-b0b5-48b7-a069-1b29bad16f81","flight_management"
"4cb64231-83f0-4c9d-a558-df043f70845f","TURN","","SKYWAVE_PHASE_4_5","-3.0","13:20:08","e518e443-ddc6-4e4b-aa31-2e7efb948f00","","","MessagingEndUser","0PAg8000000ZrCjGAK","-3.0","13:20:06","0ca10b36-9b83-465d-a5df-f68fec64f3c2","07f32e1b-4f24-499e-afbc-b5ff8b50fb73","flight_management"
"4cb64231-83f0-4c9d-a558-df043f70845f","SESSION_END","","SKYWAVE_PHASE_4_5","-3.0","13:20:08","965dd0c3-95a8-4a9c-a9f6-a7c9d95375c1","","","","","-3.0","13:20:08","1e641efb-78b9-4e62-a571-0bba8ff34497","34165eef-277f-4671-a1d9-0aea74038876","NOT_SET"
"a441d0c5-8529-4582-ac42-e055f32a4c9e","TURN","","SKYWAVE_PHASE_4_5","-7.0","15:38:04","f973f1fa-1dba-4e68-a4d3-676e9bfd94b6","","","MessagingEndUser","0PAg8000000ZMaLGAW","-7.0","15:38:00","6ddaf6e0-8641-4a59-a054-41300e437066","bb58fe51-a067-455c-af67-dc6860433c84","flight_management"
"a441d0c5-8529-4582-ac42-e055f32a4c9e","TURN","","SKYWAVE_PHASE_4_5","-7.0","15:38:47","537c3cf9-cb89-49fd-a718-73af78363ec7","","","MessagingEndUser","0PAg8000000ZMaLGAW","-7.0","15:38:45","4af2d9e5-7cb6-4b06-a6c7-e935b867c5eb","a8053826-bca0-4ee5-ad6e-54484105fb12","flight_management"
"a441d0c5-8529-4582-ac42-e055f32a4c9e","TURN","","SKYWAVE_PHASE_4_5","-7.0","15:39:55","81c6c1a1-8882-4a4c-aff6-ad6e8b37ae1e","","","MessagingEndUser","0PAg8000000ZMaLGAW","-7.0","15:39:52","96d6998f-ea0a-42c2-a9ae-c6635e2a440c","160829c9-45c5-4f3c-a1ca-d4cda41f2b0f","flight_management"
"a441d0c5-8529-4582-ac42-e055f32a4c9e","TURN","","SKYWAVE_PHASE_4_5","-7.0","15:40:26","ad83af8f-1bbb-4d5e-a94d-b340502d239c","","","MessagingEndUser","0PAg8000000ZMaLGAW","-7.0","15:40:24","0108979b-6955-4fd5-a287-95be38d9a1ba","6db39040-41a6-4211-aace-c7f6f406a10a","flight_management"
"a441d0c5-8529-4582-ac42-e055f32a4c9e","SESSION_END","","SKYWAVE_PHASE_4_5","-7.0","15:40:26","44fcce01-3d46-41d0-a12e-6110cbc681ea","","","","","-7.0","15:40:26","caf325a7-9cd0-4d8b-a7e0-c2c8a8c3e885","3bb5b24d-4213-4332-ac80-e31584aff585","NOT_SET"
"505a5c30-650b-4574-aa8e-a525b858ac20","TURN","","SKYWAVE_PHASE_4_5","-9.0","19:32:02","9c86296c-9b1d-4e12-a30e-0d41956cf7de","","","MessagingEndUser","0PAg8000000ZOM1GAO","-9.0","19:32:00","79715f0d-08af-4aba-ab05-613079868432","73e8fb2e-7e0d-4d88-a3f4-1013ec60da88","case_management"
"505a5c30-650b-4574-aa8e-a525b858ac20","TURN","","SKYWAVE_PHASE_4_5","-9.0","19:32:30","6f6e584d-4ab0-4fbc-a327-de55c19061fa","","","MessagingEndUser","0PAg8000000ZOM1GAO","-9.0","19:32:28","9fd53173-e5cb-435d-aa1b-660015c1cc16","520c84b7-0e0a-4a1b-aa09-b8ff4319cbf7","case_management"
"505a5c30-650b-4574-aa8e-a525b858ac20","SESSION_END","","SKYWAVE_PHASE_4_5","-9.0","19:32:30","01017f25-e435-4ddc-af88-d488bffd022a","","","","","-9.0","19:32:30","cc779fc1-b769-4b11-a60d-d5e227da1a97","3ea808cb-22f9-4c8f-aae5-8531cd5357c6","NOT_SET"
"fc862e68-e5e6-46ac-a242-e0cc7cd519d0","TURN","","SKYWAVE_PHASE_4_5","-12.0","08:41:03","ccf2286b-30c7-45c4-a651-ad7f98da6134","","","MessagingEndUser","0PAg8000000ZOgzGAG","-12.0","08:41:00","a55d4af4-86a3-4306-af6b-c767c4951da4","f2391f28-e3ab-42ec-a12d-1efa3e003a39","flight_management"
"fc862e68-e5e6-46ac-a242-e0cc7cd519d0","TURN","","SKYWAVE_PHASE_4_5","-12.0","08:45:26","3446690e-585f-4b85-af0b-97ad3d86e868","","","MessagingEndUser","0PAg8000000ZOgzGAG","-12.0","08:45:22","d01efb4d-7ab8-4969-a39a-343fcc2785f8","b9243f95-ea61-4ee8-ae9b-2fc39802eaab","flight_management"
"fc862e68-e5e6-46ac-a242-e0cc7cd519d0","SESSION_END","","SKYWAVE_PHASE_4_5","-12.0","08:45:26","7a50ca56-fee4-40b4-ad79-10773237f303","","","","","-12.0","08:45:26","51f46436-96d4-4403-afc4-2cd195d0843c","9acfe3c3-441c-404a-ab7f-2ae5b94412d0","NOT_SET"
"37f82e71-1e9d-4f52-ae60-ca323c492a11","TURN","","SKYWAVE_PHASE_4_5","-12.0","13:30:04","a879e7b6-1c8e-48cf-a40b-7235d5e4e0c7","","","MessagingEndUser","0PAg8000000ZOibGAG","-12.0","13:30:00","0c2f9c60-e2e4-4501-a709-65f665b5a85e","95a88117-5398-4911-a2c2-583c0b4afa34","flight_management"
"37f82e71-1e9d-4f52-ae60-ca323c492a11","TURN","","SKYWAVE_PHASE_4_5","-12.0","13:30:52","e26fc834-86d3-43ec-afd4-b88a9226e199","","","MessagingEndUser","0PAg8000000ZOibGAG","-12.0","13:30:48","9a63c0e3-7887-44f2-a657-cfb8fec7bc3d","97f7e51e-7d86-44b6-accd-364f55fba85f","flight_management"
"37f82e71-1e9d-4f52-ae60-ca323c492a11","SESSION_END","","SKYWAVE_PHASE_4_5","-12.0","13:30:52","6aacc66f-f152-4201-aaea-5614e794b98f","","","","","-12.0","13:30:52","33725e8a-9b80-4635-aa37-8278bd898c07","56e3e4d4-0388-40b9-aca7-f92c33898ba3","NOT_SET"
"1ba91e36-b6e0-4b8e-a148-8cbc3caf3cb6","TURN","","SKYWAVE_PHASE_4_5","-9.0","11:56:02","25781291-2519-4da7-a187-3e57255dd6f4","","","MessagingEndUser","0PAg8000000ZOvVGAW","-9.0","11:56:00","673958b5-376c-4d99-ac08-6e3ef78309ee","67c4e5c0-42de-40ef-a71f-2c50f8f075c9","flight_management"
"1ba91e36-b6e0-4b8e-a148-8cbc3caf3cb6","TURN","","SKYWAVE_PHASE_4_5","-9.0","11:56:46","dcf688f1-cb31-4c45-a794-100bb739ec4a","","","MessagingEndUser","0PAg8000000ZOvVGAW","-9.0","11:56:43","2616f034-3da6-4092-ae3b-11c02a879b95","602a8712-50c3-4f16-af66-f9d7b6e5872a","flight_management"
"1ba91e36-b6e0-4b8e-a148-8cbc3caf3cb6","SESSION_END","","SKYWAVE_PHASE_4_5","-9.0","11:56:46","5bab0625-9932-4455-af95-79476945bdca","","","","","-9.0","11:56:46","c340b8ea-6ffc-4345-aceb-b6e97d320dd3","81015a0f-e03c-4b03-a321-6348d1d8c039","NOT_SET"
"0ad3ab4d-6a9c-443c-a911-4a564155e427","TURN","","SKYWAVE_PHASE_4_5","-8.0","14:04:03","eb974b8e-ee71-4977-af62-158356a8c1d4","","","MessagingEndUser","0PAg8000000ZP6nGAG","-8.0","14:04:00","a4ef1a23-5747-407b-ad83-ee180b6c2720","cf2b09ac-75ba-42cd-a02f-d7d279e13851","mileage_account"
"0ad3ab4d-6a9c-443c-a911-4a564155e427","TURN","","SKYWAVE_PHASE_4_5","-8.0","14:05:14","e91f3f6e-5815-4ac4-a7ed-8122df4cc037","","","MessagingEndUser","0PAg8000000ZP6nGAG","-8.0","14:05:10","05f99fb1-a021-41d9-a374-0214a83a3130","ed009c09-3db5-41b9-a9f0-a4618afb9766","mileage_account"
"0ad3ab4d-6a9c-443c-a911-4a564155e427","SESSION_END","","SKYWAVE_PHASE_4_5","-8.0","14:05:14","28a16788-3693-46e1-aef6-d44c539657f3","","","","","-8.0","14:05:14","6a525f2a-3ec8-46f0-a9ca-838bda0915bc","49cff1fd-0d1b-4971-a2de-502c9b407bab","NOT_SET"
"2ee8d6f8-e697-4ba4-a9eb-6867b7aca355","TURN","","SKYWAVE_PHASE_4_5","-9.0","08:37:02","d503cea8-6210-4155-a43b-14f90901affb","","","MessagingEndUser","0PAg8000000ZP8PGAW","-9.0","08:37:00","706eafee-982d-456c-a1b2-851a6add1f80","ee0261ca-acd9-4bb9-aa42-3d8deca5b94d","flight_management"
"2ee8d6f8-e697-4ba4-a9eb-6867b7aca355","TURN","","SKYWAVE_PHASE_4_5","-9.0","08:37:28","220391c2-85a3-4498-a2d4-0adba23df809","","","MessagingEndUser","0PAg8000000ZP8PGAW","-9.0","08:37:25","c4eb310a-e126-4369-aac0-5e2cdd42d7b3","25b73911-d279-438b-a0a8-625a0f0de905","flight_management"
"2ee8d6f8-e697-4ba4-a9eb-6867b7aca355","SESSION_END","","SKYWAVE_PHASE_4_5","-9.0","08:37:28","b17703d6-a420-4faf-af9b-5b9e15712fac","","","","","-9.0","08:37:28","5fab1ba3-5799-4480-a9da-fb5f653b4830","06d9b86f-7498-42cc-ad2f-dc9b515de601","NOT_SET"
"52ef76cf-9b64-4e83-ac3c-34973609e041","TURN","","SKYWAVE_PHASE_4_5","-7.0","11:52:03","8be58f77-e6eb-4135-a8e6-859d49046e6b","","","MessagingEndUser","0PAg8000000ZPd3GAG","-7.0","11:52:00","f6cfcf1a-80c6-4cb3-a138-34bc078aedbc","e84675f3-952a-4603-a973-f6b6b4fadb05","case_management"
"52ef76cf-9b64-4e83-ac3c-34973609e041","TURN","","SKYWAVE_PHASE_4_5","-7.0","11:53:56","5d679afd-57f5-4e34-a0bd-4b66b41e831a","","","MessagingEndUser","0PAg8000000ZPd3GAG","-7.0","11:53:53","881f418c-57ff-44c6-af5e-928ef5fc72a5","d3bb560c-a34a-4235-abcc-953adddf1f82","case_management"
"52ef76cf-9b64-4e83-ac3c-34973609e041","TURN","","SKYWAVE_PHASE_4_5","-7.0","11:57:47","18604809-1e22-441a-aa78-cf3a8bf39b8a","","","MessagingEndUser","0PAg8000000ZPd3GAG","-7.0","11:57:43","399a5218-f177-4ee6-a7c8-e3962f80882f","6e400ad4-d70c-47d3-a2bb-ff000471cb52","flight_management"
"52ef76cf-9b64-4e83-ac3c-34973609e041","TURN","","SKYWAVE_PHASE_4_5","-7.0","11:58:32","efab6e86-ede4-4feb-a77e-b1b21d5d9e2c","","","MessagingEndUser","0PAg8000000ZPd3GAG","-7.0","11:58:30","387be5eb-617c-4486-a0e5-df49e6393f01","b646e52a-c743-4ca6-a9be-f833660d58ef","flight_management"
"52ef76cf-9b64-4e83-ac3c-34973609e041","SESSION_END","","SKYWAVE_PHASE_4_5","-7.0","11:58:32","19cc6e9d-167b-4b2a-a1b9-a8dd02267d9b","","","","","-7.0","11:58:32","64840c2b-483d-44e2-a448-46689a89950e","b59c0392-b434-47cc-addb-56af24d4ae1f","NOT_SET"
"80d46ac0-aaa6-48eb-aec6-6c387069ea41","TURN","","SKYWAVE_PHASE_4_5","-11.0","18:11:02","ca6e799c-6271-4001-aaaf-cc52f42a4881","","","MessagingEndUser","0PAg8000000ZPtBGAW","-11.0","18:11:00","a2acef93-7aac-4a22-a838-b55cd4325244","509d55c1-2c9f-495c-a72f-e929f4f7f4aa","mileage_account"
"80d46ac0-aaa6-48eb-aec6-6c387069ea41","TURN","","SKYWAVE_PHASE_4_5","-11.0","18:11:24","5c90b84c-0eea-4f81-a8c8-e043bb41991c","","","MessagingEndUser","0PAg8000000ZPtBGAW","-11.0","18:11:21","729baebf-3509-45ca-ada9-bcce69444a01","293a8052-7228-44c5-aea5-de181db25c7e","mileage_account"
"80d46ac0-aaa6-48eb-aec6-6c387069ea41","TURN","","SKYWAVE_PHASE_4_5","-11.0","18:12:13","a6e750ee-c1ab-48a8-a081-5d69cdf084df","","","MessagingEndUser","0PAg8000000ZPtBGAW","-11.0","18:12:09","82b14c90-cd91-4258-a1cf-5c797156cb43","c588a139-f7cb-4388-a0e0-527a33cf6c02","flight_management"
"80d46ac0-aaa6-48eb-aec6-6c387069ea41","TURN","","SKYWAVE_PHASE_4_5","-11.0","18:13:06","c9b66b9e-4230-47f1-aac5-c8720dda081a","","","MessagingEndUser","0PAg8000000ZPtBGAW","-11.0","18:13:02","66934e36-2cbc-4d18-a7cc-90ff977eb39f","f1210285-5be7-4e0a-a2df-24f108ba3eb5","flight_management"
"80d46ac0-aaa6-48eb-aec6-6c387069ea41","TURN","","SKYWAVE_PHASE_4_5","-11.0","18:13:23","3ba8e866-6814-4228-a513-ecd80446d548","","","MessagingEndUser","0PAg8000000ZPtBGAW","-11.0","18:13:21","65611eee-205c-49a1-ae15-cf56bdad1ef8","5018ebae-d7ba-41ee-a492-22cc92fdcf8d","flight_management"
"80d46ac0-aaa6-48eb-aec6-6c387069ea41","TURN","","SKYWAVE_PHASE_4_5","-11.0","18:14:15","289f8a43-0d50-4484-ac0e-8413ef140584","","","MessagingEndUser","0PAg8000000ZPtBGAW","-11.0","18:14:13","0800af0c-c13c-4205-ab8b-795149c95ff0","f7f29523-d2ae-4f46-a6ec-79f0a188e6dd","flight_management"
"80d46ac0-aaa6-48eb-aec6-6c387069ea41","SESSION_END","","SKYWAVE_PHASE_4_5","-11.0","18:14:15","35ae013a-7f96-48a5-ae40-45080fb01eb2","","","","","-11.0","18:14:15","780c8233-5202-4c22-a69f-3d49b6332a44","7e6cb7a5-caf0-4dff-acf4-f307473d8a40","NOT_SET"
"5c0c02d3-d69a-419b-affe-d36f75d70d66","TURN","","SKYWAVE_PHASE_4_5","-9.0","18:04:04","8b08d42e-0b89-462b-a7e0-b20904b6edcc","","","MessagingEndUser","0PAg8000000ZRgTGAW","-9.0","18:04:00","46ebc438-9099-49dd-ac8c-2e77cc6045a7","ae12b591-2b85-4419-a92c-35313764279b","flight_management"
"5c0c02d3-d69a-419b-affe-d36f75d70d66","TURN","","SKYWAVE_PHASE_4_5","-9.0","18:05:19","14b67e13-aef7-4c16-a24e-876bec47f6d3","","","MessagingEndUser","0PAg8000000ZRgTGAW","-9.0","18:05:17","6a6b7cbc-d808-47a3-a331-7faf8eb8186a","bbadcc0b-86bf-449b-a192-9f63bd1aaa6b","flight_management"
"5c0c02d3-d69a-419b-affe-d36f75d70d66","SESSION_END","","SKYWAVE_PHASE_4_5","-9.0","18:05:19","f4e096b5-55f1-4ea0-a2e4-d333dfdfd812","","","","","-9.0","18:05:19","bdfe037f-d88b-4d04-a9ee-fab4c276fa9b","1b59e3d3-cb46-4ec8-ab98-370454e8c888","NOT_SET"
"2514ee2d-0b96-4485-a7ac-f724f4422ca4","TURN","","SKYWAVE_PHASE_4_5","-9.0","16:15:04","ecdc1351-1197-41f0-a9d3-4f3e3aca6492","","","MessagingEndUser","0PAg8000000ZSRFGA4","-9.0","16:15:00","74816b33-40c2-4a22-a20c-059175ad6c63","0e0d1e58-74fe-4a97-af30-4b727def54a4","flight_management"
"2514ee2d-0b96-4485-a7ac-f724f4422ca4","TURN","","SKYWAVE_PHASE_4_5","-9.0","16:15:30","8808ff32-2655-4e88-aa40-184afa790ed7","","","MessagingEndUser","0PAg8000000ZSRFGA4","-9.0","16:15:28","b9871409-1311-49d8-a727-234c9dccf306","703aebcf-1f80-45b8-af0a-dd9957f0cdfe","flight_management"
"2514ee2d-0b96-4485-a7ac-f724f4422ca4","SESSION_END","","SKYWAVE_PHASE_4_5","-9.0","16:15:30","c3494025-8740-458a-a57a-5cd418c58fdc","","","","","-9.0","16:15:30","26e02bb4-531b-4a8f-ae8e-e40e4af2c107","51e12b7f-171a-447c-a905-1c83ede83c13","NOT_SET"
"01503140-8e83-48df-a426-259e5e830964","TURN","","SKYWAVE_PHASE_4_5","-13.0","14:27:02","3a347452-c802-45e6-a61f-cc60595b08f9","","","MessagingEndUser","0PAg8000000ZSXhGAO","-13.0","14:27:00","191241f3-3c26-4779-a20e-5bb84f62cf6f","dcee75dc-3356-4089-a6af-c567289f745f","mileage_account"
"01503140-8e83-48df-a426-259e5e830964","TURN","","SKYWAVE_PHASE_4_5","-13.0","14:28:07","05e7b901-f820-4cf2-ab16-6df7df918b2d","","","MessagingEndUser","0PAg8000000ZSXhGAO","-13.0","14:28:04","38477c93-e5d2-487b-ae95-633c513e07dc","b5045c6a-4adc-46c3-aec0-4c9283754b5c","mileage_account"
"01503140-8e83-48df-a426-259e5e830964","SESSION_END","","SKYWAVE_PHASE_4_5","-13.0","14:28:07","8c633315-5911-41d7-a9e1-330fedc21522","","","","","-13.0","14:28:07","a958686f-47cf-4bde-aaf2-fdd3a8437a9e","bd4f1784-ff85-4de4-ac3d-57273e2265ed","NOT_SET"
"d719f19b-ffa7-46b0-a389-b18a9f84d158","TURN","","SKYWAVE_PHASE_4_5","-10.0","19:45:04","1220a3a8-36ca-4538-a8de-0f572e58b5dc","","","MessagingEndUser","0PAg8000000ZTNJGA4","-10.0","19:45:00","13f2d9f4-1bfa-4465-acf5-c03854eb4f9c","58968fb2-435e-4399-aa26-066a7721a176","flight_management"
"d719f19b-ffa7-46b0-a389-b18a9f84d158","TURN","","SKYWAVE_PHASE_4_5","-10.0","19:45:32","4c3319d2-5558-45bb-a9d9-815de523966a","","","MessagingEndUser","0PAg8000000ZTNJGA4","-10.0","19:45:30","a5017a37-1508-4a6d-af47-f19c996f9d89","a58c0158-1db3-4a6c-a888-f0c8383e3993","flight_management"
"d719f19b-ffa7-46b0-a389-b18a9f84d158","SESSION_END","","SKYWAVE_PHASE_4_5","-10.0","19:45:32","ffdc314a-9555-433a-aad5-56fa0d1612ea","","","","","-10.0","19:45:32","8af33d03-9499-4440-a10c-1cf8e452071e","84c1f985-0cea-4ccd-a6ab-d411412e4345","NOT_SET"
"9f476107-5f7f-44be-aa97-30fc96a32b69","TURN","","SKYWAVE_PHASE_4_5","-14.0","17:05:02","75ba72d3-4c8a-446c-aec4-ecf7a228b48b","","","MessagingEndUser","0PAg8000000ZUsrGAG","-14.0","17:05:00","32fac81a-b437-4996-a878-8da460fc4f15","416fcdb6-0921-4a65-af50-d68c014f71b6","case_management"
"9f476107-5f7f-44be-aa97-30fc96a32b69","TURN","","SKYWAVE_PHASE_4_5","-14.0","17:06:03","e6167125-6115-4b81-a02e-5031739ca0f9","","","MessagingEndUser","0PAg8000000ZUsrGAG","-14.0","17:05:59","e4e1fb5c-a79b-40bf-ae50-579774356d86","5a13a106-553c-43c6-a9ce-77f38b4a546e","case_management"
"9f476107-5f7f-44be-aa97-30fc96a32b69","SESSION_END","","SKYWAVE_PHASE_4_5","-14.0","17:06:03","9ce89b54-7d16-4d47-a97b-a1527ac08fcf","","","","","-14.0","17:06:03","c3143c21-5b9b-4088-ab1f-7796e3350c57","460fe072-41ae-44eb-a0c2-46718b1cd1fc","NOT_SET"
"b6000969-6700-4b57-a58c-afe56cc954c4","TURN","","SKYWAVE_PHASE_4_5","-7.0","18:03:02","478d3d56-c8f3-4d62-ac6c-39511cbbd701","","","MessagingEndUser","0PAg8000000ZVDpGAO","-7.0","18:03:00","f5ab4b2e-6751-42cc-ab9e-2e5af34306f6","b1b53fb3-d1ce-49a6-a4fa-0416d145c62b","flight_management"
"b6000969-6700-4b57-a58c-afe56cc954c4","TURN","","SKYWAVE_PHASE_4_5","-7.0","18:04:14","fed412ec-a8d6-416d-a329-bda9f900fea6","","","MessagingEndUser","0PAg8000000ZVDpGAO","-7.0","18:04:10","5300ac97-ef00-47e1-aedf-131a3755c96b","578e5383-ae4b-48b4-a1f3-d34898aefb4f","flight_management"
"b6000969-6700-4b57-a58c-afe56cc954c4","SESSION_END","","SKYWAVE_PHASE_4_5","-7.0","18:04:14","a110d3fc-f18f-48c7-aba8-091b372f7b36","","","","","-7.0","18:04:14","50715e9f-569c-40f4-a047-855d1861c696","c4ec7185-1922-4dcc-a7b4-cb631ab29d1d","NOT_SET"
"a0725cc8-9d74-4aab-a2f2-3fe1fa877d2d","TURN","","SKYWAVE_PHASE_4_5","-3.0","13:07:04","ae4b38bc-5f12-4a07-af25-d473da5a592f","","","MessagingEndUser","0PAg8000000ZfMrGAK","-3.0","13:07:00","c0139f99-fda2-4b4f-a3af-305ceb51271f","582a70a0-322b-4cf7-abda-37e32e9e2d39","flight_management"
"a0725cc8-9d74-4aab-a2f2-3fe1fa877d2d","TURN","","SKYWAVE_PHASE_4_5","-3.0","13:07:34","43f426b1-2946-473f-af3a-0412e04d6309","","","MessagingEndUser","0PAg8000000ZfMrGAK","-3.0","13:07:31","d4e8ab3f-98f3-4ec7-a542-a6468eb21bc8","524125d0-406a-4265-a2fd-c822d453f864","flight_management"
"a0725cc8-9d74-4aab-a2f2-3fe1fa877d2d","SESSION_END","","SKYWAVE_PHASE_4_5","-3.0","13:07:34","27c52b99-40d1-4c0d-af10-8555123064f3","","","","","-3.0","13:07:34","9a514b37-61db-4c6c-a0aa-476d40e53305","e90623ad-4349-440d-aca4-b4fa24860b2e","NOT_SET"
"57dd2938-ac52-4915-aa25-f652dd68696d","TURN","","SKYWAVE_PHASE_4_5","-1.0","17:46:04","7a717685-98cf-4ae3-aa24-bd4318b2df12","","","MessagingEndUser","0PAg8000000Zim9GAC","-1.0","17:46:00","f76e1cfb-84a8-4963-a586-78221f83d2fa","730cf9a0-b0c0-4d38-ac90-8f526ab992a9","flight_management"
"57dd2938-ac52-4915-aa25-f652dd68696d","TURN","","SKYWAVE_PHASE_4_5","-1.0","17:48:23","f24e59de-ba87-4171-a2ea-16983f336052","","","MessagingEndUser","0PAg8000000Zim9GAC","-1.0","17:48:20","8906ed8d-dc63-458a-ac23-a6f689573148","d5849e97-4245-40a5-a757-6061360198ce","flight_management"
"57dd2938-ac52-4915-aa25-f652dd68696d","TURN","","SKYWAVE_PHASE_4_5","-1.0","17:49:57","dc3abef5-104b-4e0b-a474-38480cfdad6b","","","MessagingEndUser","0PAg8000000Zim9GAC","-1.0","17:49:55","d3a66f03-5f19-45a4-a1a4-26188ef39715","b968ee49-7c4c-4cae-a2de-addf19fa6676","case_management"
"57dd2938-ac52-4915-aa25-f652dd68696d","TURN","","SKYWAVE_PHASE_4_5","-1.0","17:50:36","65e832ab-96d3-42e6-a7e1-32e72d27bb33","","","MessagingEndUser","0PAg8000000Zim9GAC","-1.0","17:50:33","de16b1e0-0bd2-4b27-a7c2-6c3406c44e24","c4270471-b13d-49de-ad26-43365e70041a","case_management"
"57dd2938-ac52-4915-aa25-f652dd68696d","SESSION_END","","SKYWAVE_PHASE_4_5","-1.0","17:50:36","6452dcee-1595-4ecc-ab37-599217c03ebb","","","","","-1.0","17:50:36","a19d33df-40c1-491d-a3a8-4942427ef153","1ec3f828-2205-4cc7-a7f9-d1652a65459d","NOT_SET"
"c6b8065c-b509-4f73-a264-d935fc77d6b1","TURN","","SKYWAVE_PHASE_4_5","-11.0","17:10:03","8d6a5e42-ff90-4ee9-a2c4-febb46be8a37","","","MessagingEndUser","0PAg8000000ZjblGAC","-11.0","17:10:00","7446a568-90a6-46d3-aa64-47b517cb1c0c","b83f43fc-212f-48fb-a729-ac8463d49adf","case_management"
"c6b8065c-b509-4f73-a264-d935fc77d6b1","TURN","","SKYWAVE_PHASE_4_5","-11.0","17:14:56","d78b609f-c458-4824-aabf-7ed14009538d","","","MessagingEndUser","0PAg8000000ZjblGAC","-11.0","17:14:52","7bda9515-a34f-43a9-a4ba-7c2afd9b49d2","7f6d3430-8c28-46e1-a3aa-ee7bf88c7eac","case_management"
"c6b8065c-b509-4f73-a264-d935fc77d6b1","TURN","","SKYWAVE_PHASE_4_5","-11.0","17:19:19","65d8a70e-f0b0-47cc-aa77-2f95a610b9cb","","","MessagingEndUser","0PAg8000000ZjblGAC","-11.0","17:19:16","a2a0759c-d998-4ade-a8f8-a96d1b72ace9","3a5b6774-e7ab-4f51-a56d-fdb9bafead36","flight_management"
"c6b8065c-b509-4f73-a264-d935fc77d6b1","TURN","","SKYWAVE_PHASE_4_5","-11.0","17:21:52","e77a5e2f-7a4a-4651-ad81-e112ac8b715e","","","MessagingEndUser","0PAg8000000ZjblGAC","-11.0","17:21:50","d176c885-6a67-42ba-a33c-d3d5b8c16226","583d17c4-07b7-4185-ae74-f8627563cffa","flight_management"
"c6b8065c-b509-4f73-a264-d935fc77d6b1","SESSION_END","","SKYWAVE_PHASE_4_5","-11.0","17:21:52","9f64264e-ec74-45b6-af74-a18aa784f944","","","","","-11.0","17:21:52","62bbf5ac-8f89-4a5f-a025-e2349fdcb796","104bb9b5-12cc-4750-a3fc-aa9e81c4cffb","NOT_SET"
"82beadfa-8d25-49a4-ae19-2856b2fa2e3e","TURN","","SKYWAVE_PHASE_4_5","-2.0","11:11:02","2773347a-629a-4fa2-ad6c-9a69077d4662","","","MessagingEndUser","0PAg8000000Zl5hGAC","-2.0","11:11:00","6b35a351-d60a-4d4a-a1b6-5f8eb113e9bf","f304c908-e88c-475e-a764-50240c0df5f7","case_management"
"82beadfa-8d25-49a4-ae19-2856b2fa2e3e","TURN","","SKYWAVE_PHASE_4_5","-2.0","11:11:43","536f75a0-5419-45e2-a26d-4028e852f8b1","","","MessagingEndUser","0PAg8000000Zl5hGAC","-2.0","11:11:39","30999a66-5b55-4f3f-af9d-4be10fdedcea","a5c8437f-fd90-4f50-a2f2-0c056a1ac4c5","case_management"
"82beadfa-8d25-49a4-ae19-2856b2fa2e3e","SESSION_END","","SKYWAVE_PHASE_4_5","-2.0","11:11:43","2807e448-1dbb-4d30-a125-797f81c514c7","","","","","-2.0","11:11:43","1647cce4-f5e2-40fe-a993-064bdeb3a03b","b7a0ab8f-0c3e-4490-a5da-703f023b7018","NOT_SET"
"9229b75f-9032-4119-a974-e0c97b7a44bf","TURN","","SKYWAVE_PHASE_4_5","-10.0","15:39:03","326dcc7a-6451-4594-ad89-f87c63d0410c","","","MessagingEndUser","0PAg8000000ZlTtGAK","-10.0","15:39:00","1d8d696b-9bbd-4d25-a478-556042329f3c","0be795d9-638f-436f-a64a-6beadbea062b","flight_management"
"9229b75f-9032-4119-a974-e0c97b7a44bf","TURN","","SKYWAVE_PHASE_4_5","-10.0","15:41:49","b9c9714d-6a42-4e6f-a0da-c8a6a996958b","","","MessagingEndUser","0PAg8000000ZlTtGAK","-10.0","15:41:47","f57ef52f-1f22-4155-a2bd-53f7c727cd43","5edec151-9896-4eb8-a5e2-61ecaef68d71","flight_management"
"9229b75f-9032-4119-a974-e0c97b7a44bf","SESSION_END","","SKYWAVE_PHASE_4_5","-10.0","15:41:49","4b186f8c-d46e-4633-a179-03340394469f","","","","","-10.0","15:41:49","52d75635-9ca7-4cf6-a98e-9339ddbace79","859e69c3-32b0-43b8-a3e9-dd23f59fc3b4","NOT_SET"
"48935efc-659c-4d01-a4de-da0d2f7832c0","TURN","","SKYWAVE_PHASE_4_5","-11.0","16:17:04","766f0fa9-7948-4086-aa66-9622b88b2aea","","","MessagingEndUser","0PAg8000000ZpBpGAK","-11.0","16:17:00","e7a75939-767e-474b-a33c-de39a040917f","f2b0f529-c26d-4d7d-a165-2eab6e8fc91c","case_management"
"48935efc-659c-4d01-a4de-da0d2f7832c0","TURN","","SKYWAVE_PHASE_4_5","-11.0","16:19:39","5f0c5f0e-c72f-4e59-aa43-5ef860cf6379","","","MessagingEndUser","0PAg8000000ZpBpGAK","-11.0","16:19:37","2099e3bc-d982-46d0-aa9e-c7156ffe0dd8","85f942f0-97cf-4a5d-a434-5d55324f3bd8","case_management"
"48935efc-659c-4d01-a4de-da0d2f7832c0","TURN","","SKYWAVE_PHASE_4_5","-11.0","16:20:55","456de40b-fa0f-4560-adbd-2cf5e4390f75","","","MessagingEndUser","0PAg8000000ZpBpGAK","-11.0","16:20:51","bd8c66eb-dd94-4469-a510-2759e6406bff","df14b30d-32c9-4a5d-a5b6-70c50d509a80","mileage_account"
"48935efc-659c-4d01-a4de-da0d2f7832c0","TURN","","SKYWAVE_PHASE_4_5","-11.0","16:21:47","77e4771e-08fb-4c63-a227-f92cc2901b2e","","","MessagingEndUser","0PAg8000000ZpBpGAK","-11.0","16:21:45","10918a34-4e7e-4d03-a82f-ecc1d4659774","444f8705-5d8c-4706-a9d0-87b4921dc329","mileage_account"
"48935efc-659c-4d01-a4de-da0d2f7832c0","SESSION_END","","SKYWAVE_PHASE_4_5","-11.0","16:21:47","52ae91ce-9ee3-40a3-a18c-25c2d9071940","","","","","-11.0","16:21:47","99e3b8e5-3973-4a80-a78c-472ccf989c07","a690c90e-738b-4eac-aab4-03a242547cab","NOT_SET"
"9e973c68-244d-418a-a220-222009a7b764","TURN","","SKYWAVE_PHASE_4_5","-5.0","11:53:04","828604da-73af-493e-a0af-30cc16b165aa","","","MessagingEndUser","0PAg8000000ZqYPGA0","-5.0","11:53:00","5c0d5688-fba6-4cc2-a0a8-95a8a950e6a1","c24cd5a5-b918-4a07-a7fb-f405d9f826fa","name_change"
"9e973c68-244d-418a-a220-222009a7b764","TURN","","SKYWAVE_PHASE_4_5","-5.0","11:53:59","8911184c-f368-4116-a997-289a58c7d50b","","","MessagingEndUser","0PAg8000000ZqYPGA0","-5.0","11:53:56","30ecfe93-199a-4d75-a6ee-b88e0968ec6e","5479a342-c2e9-4dd3-a9be-dce57aac224b","name_change"
"9e973c68-244d-418a-a220-222009a7b764","TURN","","SKYWAVE_PHASE_4_5","-5.0","11:54:38","3f719d5d-cbad-42ed-a304-23df6d3083eb","","","MessagingEndUser","0PAg8000000ZqYPGA0","-5.0","11:54:35","75b94b49-9612-4dd1-aaf2-bfe670b67921","3ed44784-c052-4bca-ac57-175c82477fb6","flight_management"
"9e973c68-244d-418a-a220-222009a7b764","TURN","","SKYWAVE_PHASE_4_5","-5.0","11:54:57","6cf83a17-b13e-430f-a589-8ff9f23313fd","","","MessagingEndUser","0PAg8000000ZqYPGA0","-5.0","11:54:54","ce77630a-c105-47d2-a92f-659f452032ce","a85fff52-e648-4e38-afeb-7dccfd226ebe","flight_management"
"9e973c68-244d-418a-a220-222009a7b764","SESSION_END","","SKYWAVE_PHASE_4_5","-5.0","11:54:57","52828bf4-6d02-4583-a75b-b3e9713cc653","","","","","-5.0","11:54:57","76ae1006-cfa9-48a9-a826-a0bcb3565736","c25e9f6e-f756-46e5-ad3e-7f3604199b3f","NOT_SET"
"4139d101-f681-4663-ab9b-b8c974f233f5","TURN","","SKYWAVE_PHASE_4_5","-3.0","14:10:03","b5d519df-4a93-40fa-af3a-5098f9e3c529","","","MessagingEndUser","0PAg8000000Zqa1GAC","-3.0","14:10:00","318a08fd-8eca-4c4b-a732-0fb2887530bd","a4aa57f7-c525-4ab3-a7ef-2be52feb4dad","mileage_account"
"4139d101-f681-4663-ab9b-b8c974f233f5","TURN","","SKYWAVE_PHASE_4_5","-3.0","14:10:47","ca03d4ea-ba4b-4d90-aeb2-11cb4147894f","","","MessagingEndUser","0PAg8000000Zqa1GAC","-3.0","14:10:45","c26f2478-f9e1-4f62-aef0-d02474155398","56259bc7-db90-4ccc-a4c5-28f82cf90446","mileage_account"
"4139d101-f681-4663-ab9b-b8c974f233f5","SESSION_END","","SKYWAVE_PHASE_4_5","-3.0","14:10:47","427a877a-9120-418e-a8c6-67f5f71c3f95","","","","","-3.0","14:10:47","4cab1bd1-f41e-492d-af30-162189f662c2","188d26bf-91ae-4a43-a102-608e2ead9907","NOT_SET"
"3d756d81-3981-43a2-a023-c18563be47f5","TURN","","SKYWAVE_PHASE_4_5","-7.0","10:51:04","5ee37c70-32c4-4ed6-a968-668e709db716","","","MessagingEndUser","0PAg8000000Zr1RGAS","-7.0","10:51:00","6868a0af-e2b3-4e8d-aa1f-42a9c1736955","79c5db6a-53c8-4908-a7af-fcfe491c423f","flight_management"
"3d756d81-3981-43a2-a023-c18563be47f5","TURN","","SKYWAVE_PHASE_4_5","-7.0","10:52:20","4231b882-d3f6-4f25-a585-efb02d6ee5a5","","","MessagingEndUser","0PAg8000000Zr1RGAS","-7.0","10:52:16","25561c4f-1c18-41a7-af47-5aa9d18409f1","35d1bce0-1bc1-4027-a6ae-9f0fc9e5ed79","flight_management"
"3d756d81-3981-43a2-a023-c18563be47f5","TURN","","SKYWAVE_PHASE_4_5","-7.0","10:53:05","55924bb0-81ef-42cb-ac4d-7d350b60e636","","","MessagingEndUser","0PAg8000000Zr1RGAS","-7.0","10:53:01","05abf6b7-e62a-4dbc-a668-db68666f0fef","76a15b42-ccb0-45fe-a9b8-10a13cabba07","flight_management"
"3d756d81-3981-43a2-a023-c18563be47f5","TURN","","SKYWAVE_PHASE_4_5","-7.0","10:57:41","23c38084-8c3e-4526-a982-8c364aa2292e","","","MessagingEndUser","0PAg8000000Zr1RGAS","-7.0","10:57:38","9e917c4d-2dba-422c-aeb4-52876271363f","f9036be1-f1cc-4988-a130-47931c89a1cc","flight_management"
"3d756d81-3981-43a2-a023-c18563be47f5","SESSION_END","","SKYWAVE_PHASE_4_5","-7.0","10:57:41","33ce5ff1-cd83-4f2c-aa9e-d9d781e9e409","","","","","-7.0","10:57:41","e6378c95-980c-4bbe-a3c6-c2d87e8c5192","bd6d0859-cfa0-4cc8-a100-d725c749912b","NOT_SET"
"0f4ba379-485d-41ec-a244-2a85c40e138b","TURN","","SKYWAVE_PHASE_4_5","-14.0","15:48:02","37b6336c-67a3-4b4d-ad36-431aa4968fd5","","","MessagingEndUser","0PAg8000000ZrCjGAK","-14.0","15:48:00","5679ce50-c9f7-477b-ad2f-adfeadd7fc33","4e0c3ec6-31f0-4aba-a951-9e9947e2573b","flight_management"
"0f4ba379-485d-41ec-a244-2a85c40e138b","TURN","","SKYWAVE_PHASE_4_5","-14.0","15:52:05","178bd623-ae0f-4e32-af51-726d5d75a5bd","","","MessagingEndUser","0PAg8000000ZrCjGAK","-14.0","15:52:03","d87ebfd8-3911-48ef-ae8f-5dd3093c96de","106448b3-2ef2-4711-afa9-9a01a6810df3","flight_management"
"0f4ba379-485d-41ec-a244-2a85c40e138b","TURN","","SKYWAVE_PHASE_4_5","-14.0","15:53:01","eb24735c-0c01-4adf-ae3b-f5f24fbd880c","","","MessagingEndUser","0PAg8000000ZrCjGAK","-14.0","15:52:59","65785a76-e0e4-412e-a544-9db97e7363d8","2d72fa01-9fb7-49ec-a045-d859f5c3a4b3","name_change"
"0f4ba379-485d-41ec-a244-2a85c40e138b","TURN","","SKYWAVE_PHASE_4_5","-14.0","15:55:53","9341e55a-42cb-419b-a8ca-ff46d9a18d86","","","MessagingEndUser","0PAg8000000ZrCjGAK","-14.0","15:55:49","a1435b5a-bc99-4741-a71c-f9d6c01491e7","22ea465c-77c7-4241-aa89-77e3ffc9eb91","name_change"
"0f4ba379-485d-41ec-a244-2a85c40e138b","TURN","","SKYWAVE_PHASE_4_5","-14.0","15:56:17","a877ea11-358b-4ab1-a2c8-919ba81eaa95","","","MessagingEndUser","0PAg8000000ZrCjGAK","-14.0","15:56:14","f72c5462-a46d-4800-aa42-d84fd53225db","558f3894-2668-4a39-a56c-39f5768d89c3","flight_management"
"0f4ba379-485d-41ec-a244-2a85c40e138b","TURN","","SKYWAVE_PHASE_4_5","-14.0","15:58:46","de90393f-c781-424a-aea5-a8161b32bcd4","","","MessagingEndUser","0PAg8000000ZrCjGAK","-14.0","15:58:44","7cbcd599-0d15-4309-a00e-5b32ea593c80","247960d2-f3db-4ae1-a510-92a3b45e051b","flight_management"
"0f4ba379-485d-41ec-a244-2a85c40e138b","SESSION_END","","SKYWAVE_PHASE_4_5","-14.0","15:58:46","7917a0ab-acf8-4912-a254-ca83c89aa63f","","","","","-14.0","15:58:46","3550291f-c714-4f35-a234-0e136e6d1fd5","695edcd3-5049-460d-ad4d-dfd4e7a873eb","NOT_SET"
"61925ae4-e235-467d-a1f1-245823235934","TURN","","SKYWAVE_PHASE_4_5","-11.0","13:18:03","c389f8b4-65e6-47a3-abc2-79036e5788dc","","","MessagingEndUser","0PAg8000000ZMaLGAW","-11.0","13:18:00","9e943e06-898f-4493-a163-ff62898bfbac","671ebc9a-cab3-4245-a16d-b478f97c255e","case_management"
"61925ae4-e235-467d-a1f1-245823235934","TURN","","SKYWAVE_PHASE_4_5","-11.0","13:21:49","536fda92-42f7-4424-a1ef-46efb919b18b","","","MessagingEndUser","0PAg8000000ZMaLGAW","-11.0","13:21:47","5136710c-b18a-4716-a374-c85176078b92","8ccd3921-d2e0-4e1f-aa4c-c4562a40f07c","case_management"
"61925ae4-e235-467d-a1f1-245823235934","SESSION_END","","SKYWAVE_PHASE_4_5","-11.0","13:21:49","0a0d609a-c31e-4b74-a50a-0afe29ca8600","","","","","-11.0","13:21:49","430e8c3c-ff81-412f-af02-0fe6aea835ed","0990912e-2c29-49a3-ab1e-f0e4ab0664f0","NOT_SET"
"716ce78e-e6f2-48b2-a094-e0ac66f181e2","TURN","","SKYWAVE_PHASE_4_5","-14.0","17:34:02","b5230c6a-c578-4720-a406-257673c09593","","","MessagingEndUser","0PAg8000000ZOM1GAO","-14.0","17:34:00","b5b2b380-eb91-459c-a774-038d67dd76da","4c545f1c-4b58-44ca-ae9c-26cb1bef5c67","mileage_account"
"716ce78e-e6f2-48b2-a094-e0ac66f181e2","TURN","","SKYWAVE_PHASE_4_5","-14.0","17:34:31","f85d04cd-f690-4c91-af55-c703642d2415","","","MessagingEndUser","0PAg8000000ZOM1GAO","-14.0","17:34:27","7142438a-a1fa-4a00-a1e3-fda664270426","bc2c8790-27c9-453b-afa8-995d87c8b72c","mileage_account"
"716ce78e-e6f2-48b2-a094-e0ac66f181e2","SESSION_END","","SKYWAVE_PHASE_4_5","-14.0","17:34:31","2706605e-4f0c-48d4-a1ec-0ff26bce1e4e","","","","","-14.0","17:34:31","7eeba90e-526c-4d03-a0c9-cb17adcd04b2","2c5c827b-febf-453e-ab55-6877b796ee89","NOT_SET"
"5982fefe-3012-44c7-ab27-abf5f579bfdd","TURN","","SKYWAVE_PHASE_4_5","-12.0","08:00:03","ce2ec1eb-4560-494b-aee5-430feaa50022","","","MessagingEndUser","0PAg8000000ZOgzGAG","-12.0","08:00:00","753baf3d-68b8-4ba0-aabb-fbf0a193d9d3","261a0ba9-23a1-4ef4-ac46-f6b3b9074757","flight_management"
"5982fefe-3012-44c7-ab27-abf5f579bfdd","TURN","","SKYWAVE_PHASE_4_5","-12.0","08:00:38","016123bd-54f5-4fa2-a6dc-d171fdc0a5b8","","","MessagingEndUser","0PAg8000000ZOgzGAG","-12.0","08:00:36","f265ba20-f307-483a-a63e-59d1f356e09e","2a60db7c-e6b8-4c9b-a5ce-cf4d421afdd2","flight_management"
"5982fefe-3012-44c7-ab27-abf5f579bfdd","TURN","","SKYWAVE_PHASE_4_5","-12.0","08:01:21","59da3070-e1c2-47ef-aa43-c2e5862bf3a8","","","MessagingEndUser","0PAg8000000ZOgzGAG","-12.0","08:01:19","2cd8a061-a5a4-483a-a377-543197bcff58","81bf61c3-2ef2-49fa-a2f8-217770a1076a","name_change"
"5982fefe-3012-44c7-ab27-abf5f579bfdd","TURN","","SKYWAVE_PHASE_4_5","-12.0","08:04:59","29cb24ba-63ff-4f1a-a3ec-e48158eff8fd","","","MessagingEndUser","0PAg8000000ZOgzGAG","-12.0","08:04:56","5ad86b6f-3c9f-4773-af5e-7cff5ca950bb","c0993098-cb35-4b75-ac62-117bc4f0f961","name_change"
"5982fefe-3012-44c7-ab27-abf5f579bfdd","SESSION_END","","SKYWAVE_PHASE_4_5","-12.0","08:04:59","105e1ee9-8c99-406f-ad6f-d3a619ffac92","","","","","-12.0","08:04:59","d187e5d2-626c-4e8f-a7bb-bc3dae65e74a","7208d050-e2be-4553-a285-0bb07c403800","NOT_SET"
"a1217da6-f271-47b9-a3c0-7f5f4e7a48a1","TURN","","SKYWAVE_PHASE_4_5","-10.0","19:45:02","9e116d95-15c0-493f-ae30-8108ef6c94dd","","","MessagingEndUser","0PAg8000000ZOibGAG","-10.0","19:45:00","b2a5c265-de0c-479f-a1b5-d734d2079702","02686d29-55a7-48c9-a05f-3dcb3a273a1f","flight_management"
"a1217da6-f271-47b9-a3c0-7f5f4e7a48a1","TURN","","SKYWAVE_PHASE_4_5","-10.0","19:45:23","d050373a-24ca-446c-a23f-631a5235cff1","","","MessagingEndUser","0PAg8000000ZOibGAG","-10.0","19:45:21","9e1b0081-79d4-43cd-ad30-4c8ca525dfe2","1aacddf7-89d7-401c-a990-73cf30789e71","flight_management"
"a1217da6-f271-47b9-a3c0-7f5f4e7a48a1","TURN","","SKYWAVE_PHASE_4_5","-10.0","19:45:48","fa25dadf-f496-4f64-afa5-ce2803b75629","","","MessagingEndUser","0PAg8000000ZOibGAG","-10.0","19:45:45","a9743a54-25de-4af3-aa6b-693211e064f4","88d7d2d4-e9ff-4a0b-a318-fd9a458dbf05","flight_management"
"a1217da6-f271-47b9-a3c0-7f5f4e7a48a1","TURN","","SKYWAVE_PHASE_4_5","-10.0","19:48:32","6e5f43c8-bd65-4468-af32-f9af0b1be3f7","","","MessagingEndUser","0PAg8000000ZOibGAG","-10.0","19:48:29","081c0baa-1d58-4481-a20d-19fec6d43a4f","764dc5e5-b790-496d-ab15-4cdb343c0aae","flight_management"
"a1217da6-f271-47b9-a3c0-7f5f4e7a48a1","TURN","","SKYWAVE_PHASE_4_5","-10.0","19:49:25","b2c61223-27ba-4049-a734-969102551e5a","","","MessagingEndUser","0PAg8000000ZOibGAG","-10.0","19:49:21","2b4eeb09-32c4-4570-a3dc-2eabb3751b55","7b9944a2-9c6c-4b4e-ad0a-f1aeba24f440","name_change"
"a1217da6-f271-47b9-a3c0-7f5f4e7a48a1","TURN","","SKYWAVE_PHASE_4_5","-10.0","19:50:13","26e58001-6e03-4769-a2c7-b91e7d1e73b7","","","MessagingEndUser","0PAg8000000ZOibGAG","-10.0","19:50:09","018cd0f3-d48c-471b-ac4c-65e8e733b409","cd5ad7a4-9ffe-4b93-a2ae-0dc3acc4f64b","name_change"
"a1217da6-f271-47b9-a3c0-7f5f4e7a48a1","SESSION_END","","SKYWAVE_PHASE_4_5","-10.0","19:50:13","1b675a43-e591-422f-a6bb-dccf6b669575","","","","","-10.0","19:50:13","3bee3122-0308-4e90-a621-13e97f08b05d","b42fd305-b65c-4165-ab71-fbb3cbf95260","NOT_SET"
"25db2cb1-03c4-49f2-a8b0-235af0a7cb1b","TURN","","SKYWAVE_PHASE_4_5","-9.0","16:43:02","ac241a9c-5a13-45d3-a7c7-741a3843b1c9","","","MessagingEndUser","0PAg8000000ZOvVGAW","-9.0","16:43:00","b3bbdaf0-60c5-47ff-acd3-b5accc484c92","bd894888-0c0b-47c8-a7f6-8251d0ec90da","flight_management"
"25db2cb1-03c4-49f2-a8b0-235af0a7cb1b","TURN","","SKYWAVE_PHASE_4_5","-9.0","16:43:48","b323c61c-c033-4a50-a11d-715af714c559","","","MessagingEndUser","0PAg8000000ZOvVGAW","-9.0","16:43:45","7de4d106-3d99-4a15-a937-362ac578fe98","5e3a4627-33db-4cb7-a392-845ace409ae1","flight_management"
"25db2cb1-03c4-49f2-a8b0-235af0a7cb1b","SESSION_END","","SKYWAVE_PHASE_4_5","-9.0","16:43:48","61aa6402-f330-411e-afda-3e188e6db82d","","","","","-9.0","16:43:48","3ba46e1b-4376-4d6e-a6c7-d7e1c892b492","b197040d-c865-4528-a870-7cd11e37b631","NOT_SET"
"d5564a04-06c1-4412-aaa2-690f1cb6e28f","TURN","","SKYWAVE_PHASE_4_5","-4.0","13:49:03","ec8844a0-c771-435e-a881-3a960c5c64a9","","","MessagingEndUser","0PAg8000000ZP6nGAG","-4.0","13:49:00","9f683ee0-249d-4ca3-a421-7d01b5c1030f","be6b2e11-d44b-4012-ad50-5962c2a2ed80","flight_management"
"d5564a04-06c1-4412-aaa2-690f1cb6e28f","TURN","","SKYWAVE_PHASE_4_5","-4.0","13:53:50","5ce28369-3e94-4a98-afd4-ffe55e374a50","","","MessagingEndUser","0PAg8000000ZP6nGAG","-4.0","13:53:48","23103248-2448-432f-a9d5-66efe9102ab8","69465bbc-52f1-4152-a0e5-c98435b7ad32","flight_management"
"d5564a04-06c1-4412-aaa2-690f1cb6e28f","TURN","","SKYWAVE_PHASE_4_5","-4.0","13:56:38","7e8e51cb-4c7f-4cb1-abdb-4c997435f2ed","","","MessagingEndUser","0PAg8000000ZP6nGAG","-4.0","13:56:35","9147908f-7600-4c7d-a268-35d63dd7286c","80b64fbb-5109-429e-a7e6-90f11dd122cb","mileage_account"
"d5564a04-06c1-4412-aaa2-690f1cb6e28f","TURN","","SKYWAVE_PHASE_4_5","-4.0","13:57:34","f39acb14-3de7-4443-ae1b-e3850950b20e","","","MessagingEndUser","0PAg8000000ZP6nGAG","-4.0","13:57:30","be551384-2979-4e5e-a3e8-4f6c44577a6c","60b99021-7b12-4fb0-a442-11e88e4d9061","mileage_account"
"d5564a04-06c1-4412-aaa2-690f1cb6e28f","TURN","","SKYWAVE_PHASE_4_5","-4.0","14:02:32","0468a962-d95f-44cf-a558-309e5b1758ba","","","MessagingEndUser","0PAg8000000ZP6nGAG","-4.0","14:02:28","931236c1-502a-41d2-aac4-5e892a5d245e","00e191b2-ebd8-4a14-af68-84adf14f996e","flight_management"
"d5564a04-06c1-4412-aaa2-690f1cb6e28f","TURN","","SKYWAVE_PHASE_4_5","-4.0","14:03:39","ab7521b1-8cad-4831-ac73-03a28c9f7987","","","MessagingEndUser","0PAg8000000ZP6nGAG","-4.0","14:03:37","e6fbd5f3-c827-44b5-a991-3959ccecbf8e","7a557cb1-87cf-4c31-a576-2ca41ae0fa08","flight_management"
"d5564a04-06c1-4412-aaa2-690f1cb6e28f","SESSION_END","","SKYWAVE_PHASE_4_5","-4.0","14:03:39","478fa3c7-a8b5-4384-a1ad-b9d8c1300d5d","","","","","-4.0","14:03:39","c7ed3f4f-7ae1-4f47-acaf-8620c5a631b1","d722dfbd-8843-4487-a64b-94f5de1acfae","NOT_SET"
"1e5653c8-3249-4fe9-a8aa-2e5eaf75d977","TURN","","SKYWAVE_PHASE_4_5","-3.0","10:06:02","f76bbb08-d198-4044-a0f4-763af23227b4","","","MessagingEndUser","0PAg8000000ZP8PGAW","-3.0","10:06:00","8327ec8c-f3e0-4f1f-a9ca-ff3924a6119b","350bc0aa-622e-41d1-a675-39c9829fe1bd","flight_management"
"1e5653c8-3249-4fe9-a8aa-2e5eaf75d977","TURN","","SKYWAVE_PHASE_4_5","-3.0","10:07:07","9626456d-6f1c-424b-a9e6-47435192a972","","","MessagingEndUser","0PAg8000000ZP8PGAW","-3.0","10:07:04","9b564cc7-80d0-4bad-a6bb-96715687acc6","32a7c519-701a-433b-ab56-6b0443ded0d3","flight_management"
"1e5653c8-3249-4fe9-a8aa-2e5eaf75d977","SESSION_END","","SKYWAVE_PHASE_4_5","-3.0","10:07:07","447a0377-44d4-4f36-abfb-78dcfef4ea06","","","","","-3.0","10:07:07","1a3b650b-2368-40db-ae90-d9943d917978","33d6ba8b-a972-4837-a6a4-cfedb78ac454","NOT_SET"
"bd071d00-80fa-4132-a942-a8d6f6d14d7b","TURN","","SKYWAVE_PHASE_4_5","-9.0","19:38:02","0c5be4ba-afe7-4a6d-a2ec-34c6a15437be","","","MessagingEndUser","0PAg8000000ZPd3GAG","-9.0","19:38:00","6e99f682-23d3-4ff4-affd-a908959b2a7c","f4b5c82d-b1ea-47e0-a49a-6eb8ede01f62","flight_management"
"bd071d00-80fa-4132-a942-a8d6f6d14d7b","TURN","","SKYWAVE_PHASE_4_5","-9.0","19:38:27","97d135d9-c37a-4258-a375-d80b81266376","","","MessagingEndUser","0PAg8000000ZPd3GAG","-9.0","19:38:23","56f4c246-bbf8-47d8-adbb-dd0aad2ab1ff","5e0de9a7-fee1-46ba-a6a6-db3e932afc5f","flight_management"
"bd071d00-80fa-4132-a942-a8d6f6d14d7b","TURN","","SKYWAVE_PHASE_4_5","-9.0","19:39:25","28b47969-1e05-45a4-a671-354e2e3540a1","","","MessagingEndUser","0PAg8000000ZPd3GAG","-9.0","19:39:21","ec61bd2c-814b-4621-afe8-aacbe1d232df","0e6e936e-d056-4971-a5ea-4068b9ae7570","case_management"
"bd071d00-80fa-4132-a942-a8d6f6d14d7b","TURN","","SKYWAVE_PHASE_4_5","-9.0","19:40:41","db45c6e3-7b12-4be7-a17e-ab631846d8ad","","","MessagingEndUser","0PAg8000000ZPd3GAG","-9.0","19:40:38","c963c41b-9e0a-453e-a1c6-5fcc6c1d5d1e","36beb644-5b55-46b8-aa16-e55a5bc2ecc0","case_management"
"bd071d00-80fa-4132-a942-a8d6f6d14d7b","SESSION_END","","SKYWAVE_PHASE_4_5","-9.0","19:40:41","1957f63d-6c4e-4ac6-aa5b-a6269b247a50","","","","","-9.0","19:40:41","debb4bc2-eddb-4c7b-ae9d-36d6038823a2","f60f4d48-2ba3-4892-afaf-10a54f262a68","NOT_SET"
"6db6fcdb-2d85-48c2-af99-5300a726640b","TURN","","SKYWAVE_PHASE_4_5","-14.0","17:08:04","85a8bfa4-58d9-4670-a5a6-17cbaffe1517","","","MessagingEndUser","0PAg8000000ZPtBGAW","-14.0","17:08:00","d0b88961-1960-4756-a742-d768d3ed4dc0","d98285a0-9b38-4b5b-a4f0-8be0db777c40","flight_management"
"6db6fcdb-2d85-48c2-af99-5300a726640b","TURN","","SKYWAVE_PHASE_4_5","-14.0","17:08:41","4e6d9e2d-bab4-40d7-a227-26bea6b46f31","","","MessagingEndUser","0PAg8000000ZPtBGAW","-14.0","17:08:37","ab2df495-0669-42df-a9e9-98e5463df935","f0a6e223-901a-4cd4-ab86-cb0064d614e5","flight_management"
"6db6fcdb-2d85-48c2-af99-5300a726640b","SESSION_END","","SKYWAVE_PHASE_4_5","-14.0","17:08:41","a0a90f90-eeba-4646-adbc-86d2daced625","","","","","-14.0","17:08:41","db4e9032-616c-431b-a267-071fcd520120","899d41a1-a4a0-4b49-ac43-4a1f3c15c071","NOT_SET"
"775d4815-43fc-4c41-a26c-0d32fdcbe7f1","TURN","","SKYWAVE_PHASE_4_5","-7.0","18:03:03","aac4a7f2-de81-4a26-a459-91f6f7a80f80","","","MessagingEndUser","0PAg8000000ZRgTGAW","-7.0","18:03:00","65eba688-a300-43a5-a1ed-0d20c15a7d8a","bda75e9a-d248-4c15-a3f6-3670afc95e20","flight_management"
"775d4815-43fc-4c41-a26c-0d32fdcbe7f1","TURN","","SKYWAVE_PHASE_4_5","-7.0","18:05:58","502fab68-2c9d-4a5f-ad08-4c69332b1493","","","MessagingEndUser","0PAg8000000ZRgTGAW","-7.0","18:05:54","8a25e9a6-e458-49a7-a819-3a80e86a044e","a67f9eb1-77ca-4d72-a2a2-9835bed41f3a","flight_management"
"775d4815-43fc-4c41-a26c-0d32fdcbe7f1","SESSION_END","","SKYWAVE_PHASE_4_5","-7.0","18:05:58","bbef4d99-eaac-435b-ac2d-78ab12a875a7","","","","","-7.0","18:05:58","b0a5e54b-36a3-4c13-a6e6-103e9f87b3c7","6cf65cc2-9412-4ec0-a5a6-32301d4444ea","NOT_SET"
"5158afc0-6650-454a-acad-b3f4341b8063","TURN","","SKYWAVE_PHASE_4_5","-1.0","09:51:02","af636e40-9750-48f1-afbe-6413cc1f5055","","","MessagingEndUser","0PAg8000000ZSRFGA4","-1.0","09:51:00","340dc6e9-0b41-4ed2-a4e4-5d81440da54d","93752caf-13e6-41e0-adc4-e08852af5ce1","flight_management"
"5158afc0-6650-454a-acad-b3f4341b8063","TURN","","SKYWAVE_PHASE_4_5","-1.0","09:54:35","5b1ad27a-aeb3-451a-a611-63f934a53300","","","MessagingEndUser","0PAg8000000ZSRFGA4","-1.0","09:54:33","cc49e813-0f85-4f2f-a41e-f5ba37758d2b","a8af240b-c2b5-48aa-a816-f6a18b724552","flight_management"
"5158afc0-6650-454a-acad-b3f4341b8063","TURN","","SKYWAVE_PHASE_4_5","-1.0","09:55:47","7905790a-4829-4f18-ab75-2fb5c2379233","","","MessagingEndUser","0PAg8000000ZSRFGA4","-1.0","09:55:44","11970555-f702-499c-a23b-c0f1e52d7b20","335d5b3c-ac87-4be8-a999-a2bbbc55b345","flight_management"
"5158afc0-6650-454a-acad-b3f4341b8063","TURN","","SKYWAVE_PHASE_4_5","-1.0","09:56:53","5aa806c7-feb9-4b28-aa94-549fbce03b6a","","","MessagingEndUser","0PAg8000000ZSRFGA4","-1.0","09:56:51","941a0189-8ce8-4797-a69b-b42be7d0e540","cd40432d-bfdc-4209-a833-82e145b11a7e","flight_management"
"5158afc0-6650-454a-acad-b3f4341b8063","SESSION_END","","SKYWAVE_PHASE_4_5","-1.0","09:56:53","847dc3cb-2855-4822-aa7c-78fec6529211","","","","","-1.0","09:56:53","3d9ea708-9ada-4008-a4a3-93af15b1a153","705947dd-93c9-46fd-a103-e6b481f01a91","NOT_SET"
"c96feb31-2570-4628-aa4a-1dd29d498db9","TURN","","SKYWAVE_PHASE_4_5","-13.0","15:28:02","12f90a5c-d6f4-4dd2-aa70-53a156247b8a","","","MessagingEndUser","0PAg8000000ZSXhGAO","-13.0","15:28:00","ba8440b7-fa7a-4ffe-a0e6-1bfd28284cb0","df613cc7-41a1-43f6-ac6f-82f07030005e","flight_management"
"c96feb31-2570-4628-aa4a-1dd29d498db9","TURN","","SKYWAVE_PHASE_4_5","-13.0","15:32:06","f4ba525a-6fbe-4b32-abbf-74c81b086cea","","","MessagingEndUser","0PAg8000000ZSXhGAO","-13.0","15:32:04","1ca682d9-df38-4669-a661-90d3b0f0c04b","e5e3f7fe-ab18-4900-af4b-c6c6149c863d","flight_management"
"c96feb31-2570-4628-aa4a-1dd29d498db9","TURN","","SKYWAVE_PHASE_4_5","-13.0","15:36:40","ee2c421a-1a10-4f91-a953-50f131cec04c","","","MessagingEndUser","0PAg8000000ZSXhGAO","-13.0","15:36:36","63921cb4-64e0-4130-adb8-8505de23c5df","c2f97e4f-b820-456b-abbf-59b145091237","mileage_account"
"c96feb31-2570-4628-aa4a-1dd29d498db9","TURN","","SKYWAVE_PHASE_4_5","-13.0","15:37:58","4459f6a8-8164-44eb-ac9e-9cb2f76caee1","","","MessagingEndUser","0PAg8000000ZSXhGAO","-13.0","15:37:54","19c48712-a5ba-485f-a07a-e48910f23b09","82fd09db-745c-4f97-a979-08b03f560670","mileage_account"
"c96feb31-2570-4628-aa4a-1dd29d498db9","TURN","","SKYWAVE_PHASE_4_5","-13.0","15:38:19","5de0384b-3a1b-47e4-a990-459cbba6c2f8","","","MessagingEndUser","0PAg8000000ZSXhGAO","-13.0","15:38:15","9b744c60-8b97-4d87-abea-a8b5c1e175df","51885af3-3b42-4c37-a632-00688ff84a4f","mileage_account"
"c96feb31-2570-4628-aa4a-1dd29d498db9","TURN","","SKYWAVE_PHASE_4_5","-13.0","15:39:00","56853552-a12f-4e3a-aa76-10d0b8f10a8e","","","MessagingEndUser","0PAg8000000ZSXhGAO","-13.0","15:38:56","923c1125-9849-4e47-a1c6-5763011feb78","52a598d1-ea1b-43d1-a6f6-e3c993472204","mileage_account"
"c96feb31-2570-4628-aa4a-1dd29d498db9","SESSION_END","","SKYWAVE_PHASE_4_5","-13.0","15:39:00","0bfc7bc5-b863-425e-aeb2-dfe5ae63124a","","","","","-13.0","15:39:00","f4335c78-0702-48da-a36b-db511996a7fa","ae83d93e-c3d2-4027-ab31-e5fd501a0a36","NOT_SET"
"7c62034e-1410-46ae-aaf3-fba85f8e1233","TURN","","SKYWAVE_PHASE_4_5","-4.0","19:59:03","cef64d62-2eef-44ad-afb1-0dfe326845a9","","","MessagingEndUser","0PAg8000000ZTNJGA4","-4.0","19:59:00","e12cc500-f077-4d78-ab22-ba87964bd4c6","9498428f-063a-4aec-aaf0-65658fdf21ae","flight_management"
"7c62034e-1410-46ae-aaf3-fba85f8e1233","TURN","","SKYWAVE_PHASE_4_5","-4.0","20:03:48","66888928-4e5c-4d48-a5c4-8240e672f4bf","","","MessagingEndUser","0PAg8000000ZTNJGA4","-4.0","20:03:44","ca507f0c-a4aa-4b46-ad26-db16c6d0c957","7359d95a-7d5e-4beb-a2ec-47969e92d7a3","flight_management"
"7c62034e-1410-46ae-aaf3-fba85f8e1233","SESSION_END","","SKYWAVE_PHASE_4_5","-4.0","20:03:48","192a2883-d093-4a10-a4fe-ad979b0ab8fa","","","","","-4.0","20:03:48","1a46e8e3-1873-45fc-ade4-a0b37cc59b35","cb26fed7-f676-4d9f-a161-de260ea7a134","NOT_SET"
"1e3dfbe9-502b-419c-acbd-63a55cd45590","TURN","","SKYWAVE_PHASE_4_5","-14.0","17:21:02","25b0a73c-d1f0-4f18-adbf-386734694fdd","","","MessagingEndUser","0PAg8000000ZUsrGAG","-14.0","17:21:00","aefd55b9-2842-4501-a93c-acd6ac05ec28","4e5f84d0-8f6d-4286-a9e9-12da947e45d4","flight_management"
"1e3dfbe9-502b-419c-acbd-63a55cd45590","TURN","","SKYWAVE_PHASE_4_5","-14.0","17:22:11","d766225c-9da9-48aa-aa32-fc005440c3c6","","","MessagingEndUser","0PAg8000000ZUsrGAG","-14.0","17:22:07","9afd0872-7796-4d8d-a1c7-ff4971317706","47daab9e-5fff-43d2-af06-8665ecfe9d2f","flight_management"
"1e3dfbe9-502b-419c-acbd-63a55cd45590","SESSION_END","","SKYWAVE_PHASE_4_5","-14.0","17:22:11","082571f5-40c4-4701-aabf-1af54ff70aa3","","","","","-14.0","17:22:11","beead251-a248-4a17-aab9-2559fa514b97","dc9f7ba0-cc9b-472f-a40f-69e89fa52b46","NOT_SET"
"9d6937b6-dfc0-4312-aaec-ec96123cf4e4","TURN","","SKYWAVE_PHASE_4_5","-11.0","18:59:02","a84538dc-3d43-47c5-ac9b-04f6a86c2959","","","MessagingEndUser","0PAg8000000ZVDpGAO","-11.0","18:59:00","30d2517f-b498-4bdd-ad1a-994731e96b08","02f65e8e-a76b-4b00-a2a9-e637920b07c0","flight_management"
"9d6937b6-dfc0-4312-aaec-ec96123cf4e4","TURN","","SKYWAVE_PHASE_4_5","-11.0","18:59:48","b4489010-30d8-41b5-a609-a925144e6bf2","","","MessagingEndUser","0PAg8000000ZVDpGAO","-11.0","18:59:44","1aab46a2-f6d8-4ddf-a0b8-a61699d1d679","76648ea9-0540-42e8-a896-dd4845b24c17","flight_management"
"9d6937b6-dfc0-4312-aaec-ec96123cf4e4","SESSION_END","","SKYWAVE_PHASE_4_5","-11.0","18:59:48","d4c34917-0af5-4225-aa1e-3245fc21185d","","","","","-11.0","18:59:48","410063b9-8cb4-42f1-a515-132ce15672fb","ae554a8f-9bf2-464d-a5b9-2058a2117763","NOT_SET"
"1d637b5b-4467-40b5-ae0d-b82e564b4f0b","TURN","","SKYWAVE_PHASE_4_5","-7.0","14:35:03","a9249c5f-8ce3-4b6f-a6ad-7dc0765ef0f9","","","MessagingEndUser","0PAg8000000ZfMrGAK","-7.0","14:35:00","f611996e-da95-4b3a-a195-7b7148f140ed","347953f2-20be-4581-aaed-c67ecbd186ff","flight_management"
"1d637b5b-4467-40b5-ae0d-b82e564b4f0b","TURN","","SKYWAVE_PHASE_4_5","-7.0","14:35:58","48892322-1c15-48d5-aa47-531a4b538371","","","MessagingEndUser","0PAg8000000ZfMrGAK","-7.0","14:35:56","787404a2-7e81-44e6-a665-bbdf6008f332","8d31779d-8d21-4411-a98f-010e58d5b208","flight_management"
"1d637b5b-4467-40b5-ae0d-b82e564b4f0b","SESSION_END","","SKYWAVE_PHASE_4_5","-7.0","14:35:58","172a9827-e0af-450c-a417-b7c018086f82","","","","","-7.0","14:35:58","58cde036-2063-4fa2-a3cf-f0753dc218bd","3cec28e0-4f2e-4248-a742-0de931b2e4f1","NOT_SET"
"21b5c4e6-5ae7-4694-a1e0-b3df3c096a74","TURN","","SKYWAVE_PHASE_4_5","-6.0","14:52:03","fe0fce2a-d0f8-481d-a91b-58e728d3440b","","","MessagingEndUser","0PAg8000000Zim9GAC","-6.0","14:52:00","66fe6e16-f630-4c50-a30b-07b9944cf73d","60fa8bcb-68fd-43ff-aed3-2f7643282f36","flight_management"
"21b5c4e6-5ae7-4694-a1e0-b3df3c096a74","TURN","","SKYWAVE_PHASE_4_5","-6.0","14:55:57","4ea79d5e-74bd-4a4d-ade2-854c9048e04f","","","MessagingEndUser","0PAg8000000Zim9GAC","-6.0","14:55:54","21d1195e-2402-4f69-a424-b2651d1c0066","0790661a-b44e-4258-a024-bf7f6949a6f5","flight_management"
"21b5c4e6-5ae7-4694-a1e0-b3df3c096a74","SESSION_END","","SKYWAVE_PHASE_4_5","-6.0","14:55:57","8b87f247-5462-495f-a8dc-da8a07fe51aa","","","","","-6.0","14:55:57","59f2537a-c2a4-4d21-a44b-3167ea4c860f","f66111b3-9255-4b98-a406-c78b7ef40dfe","NOT_SET"
"105fb06a-30bf-4cdb-a65d-2a55ca24febe","TURN","","SKYWAVE_PHASE_4_5","-13.0","08:00:03","c7055b55-7c67-4275-a6d6-4425e05ef02f","","","MessagingEndUser","0PAg8000000ZjblGAC","-13.0","08:00:00","a3562152-4bd5-407d-ac54-851c2a0b45ee","97cbc68e-bfec-4d20-a022-185cdcbdd2d4","case_management"
"105fb06a-30bf-4cdb-a65d-2a55ca24febe","TURN","","SKYWAVE_PHASE_4_5","-13.0","08:01:16","e71dc9ea-6d8b-4984-af6e-cf6e2f2d1d75","","","MessagingEndUser","0PAg8000000ZjblGAC","-13.0","08:01:12","4219d451-5e1a-43bc-a3ef-f35b08b56333","1a58102a-8a9c-425e-aaba-a48157e46750","case_management"
"105fb06a-30bf-4cdb-a65d-2a55ca24febe","TURN","","SKYWAVE_PHASE_4_5","-13.0","08:01:52","61b37944-ff65-4250-ab50-07bd2be075d6","","","MessagingEndUser","0PAg8000000ZjblGAC","-13.0","08:01:50","ad9a2e4b-e6e3-47a0-a51c-304414d44d2a","db0580a3-77cf-41ef-a3a2-ab5454bfd485","name_change"
"105fb06a-30bf-4cdb-a65d-2a55ca24febe","TURN","","SKYWAVE_PHASE_4_5","-13.0","08:06:50","2339379f-cf8b-4858-a7eb-ed36e87c7767","","","MessagingEndUser","0PAg8000000ZjblGAC","-13.0","08:06:47","9e39c1e9-2591-494b-af23-3766c66ca939","6397aef2-7106-4f8c-aea5-697a58c5cc2f","name_change"
"105fb06a-30bf-4cdb-a65d-2a55ca24febe","SESSION_END","","SKYWAVE_PHASE_4_5","-13.0","08:06:50","ac2d66d1-ad5b-47e9-a888-516a00322564","","","","","-13.0","08:06:50","75e6c547-2364-467b-a5cb-b91f39e38bab","3e144a8e-d4bb-4cb4-aa88-85ad1847b2fc","NOT_SET"
"4c09238e-bee2-48cf-ab17-35d83babc5f8","TURN","","SKYWAVE_PHASE_4_5","-14.0","13:45:03","d211604c-34fa-4a7c-a6b3-4fb75e7a2809","","","MessagingEndUser","0PAg8000000Zl5hGAC","-14.0","13:45:00","0279ef04-885b-4616-a371-d4ee30462d5a","a0fbc5c9-3210-4da1-af60-6703291375dd","name_change"
"4c09238e-bee2-48cf-ab17-35d83babc5f8","TURN","","SKYWAVE_PHASE_4_5","-14.0","13:45:25","302e7e89-3f36-4d00-a687-29c40f52be59","","","MessagingEndUser","0PAg8000000Zl5hGAC","-14.0","13:45:22","ed3da9ab-a072-48a5-a113-1178cd59769e","1a3a6c73-1f0e-478b-aadb-8b43562c4027","name_change"
"4c09238e-bee2-48cf-ab17-35d83babc5f8","TURN","","SKYWAVE_PHASE_4_5","-14.0","13:47:41","928e653b-a0d2-44fb-a467-81375ce900cc","","","MessagingEndUser","0PAg8000000Zl5hGAC","-14.0","13:47:38","653a5a8c-51d4-414b-ada7-0296d6719004","7370604e-1454-468e-a785-487613a043b8","off_topic"
"4c09238e-bee2-48cf-ab17-35d83babc5f8","TURN","","SKYWAVE_PHASE_4_5","-14.0","13:48:38","4e8a51b5-4546-411d-a20f-f10014f5cf15","","","MessagingEndUser","0PAg8000000Zl5hGAC","-14.0","13:48:35","161919d1-7a53-40ec-a802-b16fda7895fa","572750c3-5372-4620-ab76-dbd384b5a2fe","off_topic"
"4c09238e-bee2-48cf-ab17-35d83babc5f8","SESSION_END","","SKYWAVE_PHASE_4_5","-14.0","13:48:38","2da3c275-aa4d-44c0-a0a1-a2af806e0af0","","","","","-14.0","13:48:38","a8c7b589-b808-40ae-a2d8-0d98cd274c03","d52d40d1-e372-4681-ad5d-febf01e40944","NOT_SET"
"457015f6-5fa5-476c-ab3e-ff6d746a12c2","TURN","","SKYWAVE_PHASE_4_5","-1.0","17:55:02","263280b8-4ebd-4434-a4b6-1695ff8fc520","","","MessagingEndUser","0PAg8000000ZlTtGAK","-1.0","17:55:00","65fa1317-8fae-434f-a5c2-ebdac29e7033","c09682e3-ce03-46a1-acd7-0fe073044a60","off_topic"
"457015f6-5fa5-476c-ab3e-ff6d746a12c2","TURN","","SKYWAVE_PHASE_4_5","-1.0","17:56:13","74538f66-b56d-4f04-accc-e024e3950492","","","MessagingEndUser","0PAg8000000ZlTtGAK","-1.0","17:56:10","338c742c-571e-4181-a6c6-1ab2dce445dc","4a463535-606c-4238-aecf-fde96c4980ee","off_topic"
"457015f6-5fa5-476c-ab3e-ff6d746a12c2","SESSION_END","","SKYWAVE_PHASE_4_5","-1.0","17:56:13","bbe226b0-3a7c-49d8-a128-4af146131134","","","","","-1.0","17:56:13","7992a5aa-3c7b-4cab-a62c-2886a17bd8fd","7e991d0e-a4fd-4ec8-a4b5-024728cf089a","NOT_SET"
"503893d1-1e83-47f2-a700-6186cbea5474","TURN","","SKYWAVE_PHASE_4_5","-8.0","08:52:03","64642a69-8b79-4a48-a197-3ffb36ecb5bb","","","MessagingEndUser","0PAg8000000ZpBpGAK","-8.0","08:52:00","3a30ab57-4e9c-42a9-a43a-796ed88d581a","5aa5d03b-27a6-484a-ae82-9e116eff9709","flight_management"
"503893d1-1e83-47f2-a700-6186cbea5474","TURN","","SKYWAVE_PHASE_4_5","-8.0","08:52:34","9bb8bb7a-f635-4550-a1b7-561ddb4ad8de","","","MessagingEndUser","0PAg8000000ZpBpGAK","-8.0","08:52:31","8054480a-9ed4-401e-acef-cf999f14dfbc","5dd08819-8545-4fb9-ac2f-172dd11514b1","flight_management"
"503893d1-1e83-47f2-a700-6186cbea5474","TURN","","SKYWAVE_PHASE_4_5","-8.0","08:55:53","a0c0ddb0-c9e6-4a32-ad25-93361c89ee0d","","","MessagingEndUser","0PAg8000000ZpBpGAK","-8.0","08:55:51","a34928f2-f549-4e5b-ab6d-7d82cc112f11","4e9ca120-f6c9-419e-ae54-b6c99757c1f8","off_topic"
"503893d1-1e83-47f2-a700-6186cbea5474","TURN","","SKYWAVE_PHASE_4_5","-8.0","08:56:44","efdc4e3a-4cc4-4e55-a0d6-ed3bbf343dab","","","MessagingEndUser","0PAg8000000ZpBpGAK","-8.0","08:56:41","2248e5b2-94a0-4384-a658-f252528babd3","ce8115f9-f534-400d-a793-f7988f09237f","off_topic"
"503893d1-1e83-47f2-a700-6186cbea5474","SESSION_END","","SKYWAVE_PHASE_4_5","-8.0","08:56:44","43d41496-0860-4d3d-a852-fc795591f8cf","","","","","-8.0","08:56:44","8d370f87-a53c-40e3-a0af-89bb9a5b0fd0","657a6c39-d8fd-4614-af32-a4ae6137ddd4","NOT_SET"
"0171ae1c-6144-42b5-a507-7420b8e0b6d6","TURN","","SKYWAVE_PHASE_4_5","-4.0","12:04:03","447dadee-40a5-4932-ad3a-9c49751b83f9","","","MessagingEndUser","0PAg8000000ZqYPGA0","-4.0","12:04:00","7792804f-8434-4d0d-a171-7db18ce26361","0cd7894c-e5ee-4bbb-a89c-9c6d8679f16f","name_change"
"0171ae1c-6144-42b5-a507-7420b8e0b6d6","TURN","","SKYWAVE_PHASE_4_5","-4.0","12:04:21","6a0b8f3b-bd1e-4250-a173-2a5aaeec5bd1","","","MessagingEndUser","0PAg8000000ZqYPGA0","-4.0","12:04:18","c20d43de-c1e9-4401-a833-bb3e01edb0cf","d0ff0650-5ed9-4e11-ab03-44d5a5f3ca84","name_change"
"0171ae1c-6144-42b5-a507-7420b8e0b6d6","TURN","","SKYWAVE_PHASE_4_5","-4.0","12:05:31","f3546f1a-d395-42ea-a3e9-c7b7bd984b39","","","MessagingEndUser","0PAg8000000ZqYPGA0","-4.0","12:05:29","3fcbf44b-5eab-474f-a29f-94b3e75c1f70","cd410268-0e06-4938-aa95-1ddfb0e1cfd1","flight_management"
"0171ae1c-6144-42b5-a507-7420b8e0b6d6","TURN","","SKYWAVE_PHASE_4_5","-4.0","12:06:00","f4f7d75b-6f68-4b8c-a937-8aab53bc2090","","","MessagingEndUser","0PAg8000000ZqYPGA0","-4.0","12:05:57","71a629cc-a312-40b5-afcc-7e2d9a97616d","4a657a78-1e6a-4556-a1c1-8daef2e420ff","flight_management"
"0171ae1c-6144-42b5-a507-7420b8e0b6d6","TURN","","SKYWAVE_PHASE_4_5","-4.0","12:06:51","cc3e320a-f7b2-41a3-aa00-7e86fb9778a9","","","MessagingEndUser","0PAg8000000ZqYPGA0","-4.0","12:06:47","94c521f6-5633-489a-aec1-a90f3b63b6ae","e4b3f623-f7f0-41a4-abfc-796ba8626891","mileage_account"
"0171ae1c-6144-42b5-a507-7420b8e0b6d6","TURN","","SKYWAVE_PHASE_4_5","-4.0","12:09:42","03462722-2bfa-47e9-a97f-1d3663e7ac1c","","","MessagingEndUser","0PAg8000000ZqYPGA0","-4.0","12:09:40","6534948c-c4fa-47fa-a740-66e99ab97f77","38adf19d-9280-45de-acc7-ba80c357e2e3","mileage_account"
"0171ae1c-6144-42b5-a507-7420b8e0b6d6","SESSION_END","","SKYWAVE_PHASE_4_5","-4.0","12:09:42","e2944e01-39b0-4638-a0d3-7a99cd88156f","","","","","-4.0","12:09:42","327d1319-19b5-4eac-af37-3c6a2fe4d20f","cc19370b-4c94-44c3-a73a-dd88bff6099d","NOT_SET"
"a5e48c8f-6fc6-4046-ac39-6cdb3f3c65c0","TURN","","SKYWAVE_PHASE_4_5","-5.0","15:26:04","22f5b403-1e5e-4591-a12a-f71f9e385974","","","MessagingEndUser","0PAg8000000Zqa1GAC","-5.0","15:26:00","4c976bab-0a80-4426-afa3-a736f50d7d9d","d69b449d-52c7-4176-aefb-d632323a3ea5","mileage_account"
"a5e48c8f-6fc6-4046-ac39-6cdb3f3c65c0","TURN","","SKYWAVE_PHASE_4_5","-5.0","15:30:44","56e4c6c8-066a-4c9b-a594-39491201e5c0","","","MessagingEndUser","0PAg8000000Zqa1GAC","-5.0","15:30:41","6fb638f8-a065-46a6-a395-15d246ec024d","7b4e798f-2d1e-4878-a403-e274975da97d","mileage_account"
"a5e48c8f-6fc6-4046-ac39-6cdb3f3c65c0","SESSION_END","","SKYWAVE_PHASE_4_5","-5.0","15:30:44","0f03d820-a79c-457a-a2fd-2f13c08fe1f4","","","","","-5.0","15:30:44","06da1ac0-bd33-4e7e-ab6e-5d25b02126ec","eff3a910-15d8-4c9c-a413-17fe0a126978","NOT_SET"
"5827f042-fa4a-423f-a862-8133a4c4eb38","TURN","","SKYWAVE_PHASE_4_5","-13.0","18:25:02","f6ee7a8b-74dc-4084-a414-6a54c5363643","","","MessagingEndUser","0PAg8000000Zr1RGAS","-13.0","18:25:00","7717cd1e-b094-416b-a8e3-0aaa284eb21a","22c02fed-7829-43a1-aeb5-d2d7fbfb5c54","mileage_account"
"5827f042-fa4a-423f-a862-8133a4c4eb38","TURN","","SKYWAVE_PHASE_4_5","-13.0","18:26:09","87bb66a5-1817-4d64-aa0c-6a304062aeee","","","MessagingEndUser","0PAg8000000Zr1RGAS","-13.0","18:26:06","91d96911-5df3-4300-af26-0182b1166df3","1fcd5712-8f3e-4636-ad46-a47f475d6033","mileage_account"
"5827f042-fa4a-423f-a862-8133a4c4eb38","TURN","","SKYWAVE_PHASE_4_5","-13.0","18:29:36","daa53e62-68e4-4afd-a365-f2ca11316484","","","MessagingEndUser","0PAg8000000Zr1RGAS","-13.0","18:29:32","2348fa22-bed9-452f-aa0c-a89238cd0ac2","7409a2e9-4a90-4f1a-af92-be5bc77f5760","mileage_account"
"5827f042-fa4a-423f-a862-8133a4c4eb38","TURN","","SKYWAVE_PHASE_4_5","-13.0","18:30:10","2d70a5cf-b3d2-4417-a0bc-816c0eef1898","","","MessagingEndUser","0PAg8000000Zr1RGAS","-13.0","18:30:07","29bbad4b-f3a5-47cd-a6ea-b6501dc0ccb3","316df98b-b089-4a96-aa87-336b5c524bc2","mileage_account"
"5827f042-fa4a-423f-a862-8133a4c4eb38","SESSION_END","","SKYWAVE_PHASE_4_5","-13.0","18:30:10","ef5f1670-b072-4311-ab16-0982ad404325","","","","","-13.0","18:30:10","367814dd-faef-4f41-a5af-d8ddf7b7dd19","9ddaf575-e8f3-4e12-a94c-bd03993abdcc","NOT_SET"
"17a039b4-c01c-442c-ac9d-18efd3f1718e","TURN","","SKYWAVE_PHASE_4_5","-5.0","10:44:04","54b6f630-a3f7-4021-afe4-3a130e640a09","","","MessagingEndUser","0PAg8000000ZrCjGAK","-5.0","10:44:00","da785685-658c-43d4-a88c-a03d55d37ba6","d8099a00-2d7c-4cea-aed9-aa80a7d9804c","flight_management"
"17a039b4-c01c-442c-ac9d-18efd3f1718e","TURN","","SKYWAVE_PHASE_4_5","-5.0","10:46:21","d369a1fe-4342-4d20-a40f-56fbe839328d","","","MessagingEndUser","0PAg8000000ZrCjGAK","-5.0","10:46:18","f1c81d13-c8df-4376-acd4-2ec4bd4cdef6","ff76d9b3-89c2-4445-a34d-fbcb59966dcc","flight_management"
"17a039b4-c01c-442c-ac9d-18efd3f1718e","SESSION_END","","SKYWAVE_PHASE_4_5","-5.0","10:46:21","c046c97d-62cf-47bd-ae79-30f713ca0b8c","","","","","-5.0","10:46:21","1e0cd1a7-e15c-4454-afc2-c6f5807618c5","694bd98d-1064-4325-a0ed-3f217cc1529e","NOT_SET"
"ff0fade3-ea2c-4981-a486-9d4697b69363","TURN","","SKYWAVE_PHASE_4_5","-7.0","17:08:04","77b4a9bf-5e6d-40b5-a917-58636cd03ce2","","","MessagingEndUser","0PAg8000000ZMaLGAW","-7.0","17:08:00","cdb9a6d2-f503-418a-a6e9-6737e9ac6dab","a75608cf-d7cb-4bb2-a487-71ed4a0cc019","flight_management"
"ff0fade3-ea2c-4981-a486-9d4697b69363","TURN","","SKYWAVE_PHASE_4_5","-7.0","17:09:19","e9695b3e-5bf4-4639-aabb-30d1770cd9ec","","","MessagingEndUser","0PAg8000000ZMaLGAW","-7.0","17:09:16","b2b2589e-cb84-4485-aab3-e6f9c910d44c","78fd98c6-b6ef-44a1-ab93-b45a4dd11ae7","flight_management"
"ff0fade3-ea2c-4981-a486-9d4697b69363","SESSION_END","","SKYWAVE_PHASE_4_5","-7.0","17:09:19","7d4538db-f479-42ce-af02-f016b076ae1f","","","","","-7.0","17:09:19","56ded369-75af-4394-a3aa-291be72e534d","8e7a651d-c61f-45a9-ac82-795f86eb764a","NOT_SET"
"972059f0-6cb5-4850-ab8f-0ea8ced27a2e","TURN","","SKYWAVE_PHASE_4_5","-6.0","08:35:03","a48ff8c6-634f-4718-a599-8e73a6edfc01","","","MessagingEndUser","0PAg8000000ZOM1GAO","-6.0","08:35:00","c94aad90-481a-49c2-ae64-707519ea0f67","f6d89fec-beef-45e3-a615-b62ed43b5f60","name_change"
"972059f0-6cb5-4850-ab8f-0ea8ced27a2e","TURN","","SKYWAVE_PHASE_4_5","-6.0","08:35:41","50b65a75-e176-44f0-aa39-f276ab692071","","","MessagingEndUser","0PAg8000000ZOM1GAO","-6.0","08:35:39","d1596bf8-517d-4ab9-a120-345e38f2a33a","c58f0c2f-c3ea-49e7-a198-eb2251c50bbe","name_change"
"972059f0-6cb5-4850-ab8f-0ea8ced27a2e","SESSION_END","","SKYWAVE_PHASE_4_5","-6.0","08:35:41","e45f87f4-b0d1-43af-a925-9496fdf60128","","","","","-6.0","08:35:41","b34bc956-d1e1-474f-a6b8-accf100bb934","a9d4bbcf-f669-406a-a1de-561cffba9bc4","NOT_SET"
"e603a673-6c3d-47bc-ae02-f3e9ea89f522","TURN","","SKYWAVE_PHASE_4_5","-14.0","12:04:03","ffb80c6b-84f9-4b93-aae5-1bbdcef0340a","","","MessagingEndUser","0PAg8000000ZOgzGAG","-14.0","12:04:00","52c87105-e7bd-45c4-a987-87c3a5afc1d4","b78c7e23-3bf3-4d92-a886-2132357816ca","name_change"
"e603a673-6c3d-47bc-ae02-f3e9ea89f522","TURN","","SKYWAVE_PHASE_4_5","-14.0","12:05:02","67e26eeb-16d3-49de-a5ee-01fe05438a31","","","MessagingEndUser","0PAg8000000ZOgzGAG","-14.0","12:04:59","85d41868-5776-40c1-a728-193a67b18c80","44d09f05-f9a5-4f42-ae1b-09a3c8c8c04d","name_change"
"e603a673-6c3d-47bc-ae02-f3e9ea89f522","SESSION_END","","SKYWAVE_PHASE_4_5","-14.0","12:05:02","94ef4282-6362-4310-a8d7-c11849abe4ca","","","","","-14.0","12:05:02","0e2eee6d-668b-4c19-a9f1-a12d9329e661","23a068ad-2f60-43ba-add4-16665ee8e204","NOT_SET"
"a60c2ba6-cae4-4be0-a1c6-a1807b9d3dd4","TURN","","SKYWAVE_PHASE_4_5","-3.0","15:37:04","da6b7d88-3524-4dc3-a785-0f8b37d5d590","","","MessagingEndUser","0PAg8000000ZOibGAG","-3.0","15:37:00","f83a3362-7ffe-4c2d-a133-67f651dcbf5e","66b97673-9e0f-4b6e-a461-fa5cef7095c5","case_management"
"a60c2ba6-cae4-4be0-a1c6-a1807b9d3dd4","TURN","","SKYWAVE_PHASE_4_5","-3.0","15:41:50","2f13b465-3974-4969-adfd-297922b36d7b","","","MessagingEndUser","0PAg8000000ZOibGAG","-3.0","15:41:46","815d0e1f-fff0-4699-ae73-9019d34a0910","164b85db-4907-4d1e-ae04-f41969a16856","case_management"
"a60c2ba6-cae4-4be0-a1c6-a1807b9d3dd4","SESSION_END","","SKYWAVE_PHASE_4_5","-3.0","15:41:50","f8aa3e60-93e3-4b95-aea2-2063e06eb29e","","","","","-3.0","15:41:50","76ea9d29-626f-4711-a79a-fec06963039f","83c13bc6-ba93-4d37-ae3f-4e6272a18e61","NOT_SET"
"cec292a8-82c9-49cb-a8e5-f789ee7f1fda","TURN","","SKYWAVE_PHASE_4_5","-6.0","16:26:04","3dd6a568-c218-4616-a879-9cb72201a518","","","MessagingEndUser","0PAg8000000ZOvVGAW","-6.0","16:26:00","8cd361b2-dda3-46c9-a34c-072929506820","1c8fbe35-4651-4b82-a3e6-84cd9ecd1752","mileage_account"
"cec292a8-82c9-49cb-a8e5-f789ee7f1fda","TURN","","SKYWAVE_PHASE_4_5","-6.0","16:26:46","124161d1-1324-4cd9-a15b-bfce37fad302","","","MessagingEndUser","0PAg8000000ZOvVGAW","-6.0","16:26:44","d56b8e2f-f1a1-47e6-ab61-1a2e98308398","e45ed242-7a0c-4053-a038-d2b8c90cf2b1","mileage_account"
"cec292a8-82c9-49cb-a8e5-f789ee7f1fda","TURN","","SKYWAVE_PHASE_4_5","-6.0","16:29:29","cf65de5b-4160-49ed-a24e-be10dc087e14","","","MessagingEndUser","0PAg8000000ZOvVGAW","-6.0","16:29:25","5f393b16-a91c-434f-af4a-e739c189f356","971e9540-9b60-480d-ac2a-89b6c3932e41","flight_management"
"cec292a8-82c9-49cb-a8e5-f789ee7f1fda","TURN","","SKYWAVE_PHASE_4_5","-6.0","16:30:33","4c2a500c-536f-4a04-ac9c-f110c0be45a5","","","MessagingEndUser","0PAg8000000ZOvVGAW","-6.0","16:30:31","28473f08-039b-46fb-a693-9f5b517f4a66","311f9743-e231-4acb-a0a5-d358a62c81e3","flight_management"
"cec292a8-82c9-49cb-a8e5-f789ee7f1fda","SESSION_END","","SKYWAVE_PHASE_4_5","-6.0","16:30:33","7b753477-4389-4e32-aec0-fd1941d35dc2","","","","","-6.0","16:30:33","7c9a6709-b3c8-457d-a1a3-4084046c3bad","d75ce7a2-f60b-4ee1-a820-8f2a5c2b63b0","NOT_SET"
"21bfe05e-20db-464b-a514-534e8df15a7c","TURN","","SKYWAVE_PHASE_4_5","-14.0","18:00:04","cf290eeb-3b2f-4ad5-a836-5ced90333595","","","MessagingEndUser","0PAg8000000ZP6nGAG","-14.0","18:00:00","8e430766-ea89-48d0-aee3-43dfd0a945fa","60583f86-646e-4a21-a158-0fc1fe59aaa3","flight_management"
"21bfe05e-20db-464b-a514-534e8df15a7c","TURN","","SKYWAVE_PHASE_4_5","-14.0","18:01:01","2b703ab5-8f45-48f9-ada6-66b63497adec","","","MessagingEndUser","0PAg8000000ZP6nGAG","-14.0","18:00:58","593ab105-acce-441f-aec3-09e3b3acda8b","228cff35-3556-44e6-ae9b-944cb55b310a","flight_management"
"21bfe05e-20db-464b-a514-534e8df15a7c","SESSION_END","","SKYWAVE_PHASE_4_5","-14.0","18:01:01","e6b4f893-77d7-4996-aeee-7730cb489c1f","","","","","-14.0","18:01:01","6c4b1d97-8c23-46a3-a1e1-d5eca9c7870a","4440f613-cce9-4144-a450-fce3cf48df64","NOT_SET"
"459df7af-8bce-4ef4-aefb-decb4eaf7411","TURN","","SKYWAVE_PHASE_4_5","-2.0","17:54:04","29cccf83-55d9-4cc5-a93c-0ff2d5440c32","","","MessagingEndUser","0PAg8000000ZP8PGAW","-2.0","17:54:00","1d887784-5590-4068-a68e-253bf8e49237","addf8aea-b62a-4724-a6d4-94309d51b386","flight_management"
"459df7af-8bce-4ef4-aefb-decb4eaf7411","TURN","","SKYWAVE_PHASE_4_5","-2.0","17:56:32","b69eeb72-81d3-44c6-ae20-534a40f61ffd","","","MessagingEndUser","0PAg8000000ZP8PGAW","-2.0","17:56:30","4b2161e6-d071-48f4-a1d3-7dbff665f187","70cf7d7a-91fd-495c-a67f-ceec60a10546","flight_management"
"459df7af-8bce-4ef4-aefb-decb4eaf7411","SESSION_END","","SKYWAVE_PHASE_4_5","-2.0","17:56:32","d89aa886-6d17-4e7b-af19-80f319c67f34","","","","","-2.0","17:56:32","373a6e76-d617-4cb4-aaa9-292e6630d71b","5e9a7fbc-9a75-4281-a6ee-5508204f9808","NOT_SET"
"7e773e2a-cb45-404f-ab4f-78c85ce176c1","TURN","","SKYWAVE_PHASE_4_5","-2.0","10:59:02","6640666d-f929-4eff-abc2-bfda094ccdf0","","","MessagingEndUser","0PAg8000000ZPd3GAG","-2.0","10:59:00","2ca31013-a678-4b1d-a451-a9395e0c0727","0f02321c-5eda-4f3f-ac03-aab5a8e5bb4e","flight_management"
"7e773e2a-cb45-404f-ab4f-78c85ce176c1","TURN","","SKYWAVE_PHASE_4_5","-2.0","11:00:13","964b7cf2-28eb-4189-a1c9-1002f4088372","","","MessagingEndUser","0PAg8000000ZPd3GAG","-2.0","11:00:10","2805a62b-1637-4737-a8cc-5a24ade9b0a6","4e55ce25-62cc-4c2b-a62a-4dec3f6504f7","flight_management"
"7e773e2a-cb45-404f-ab4f-78c85ce176c1","SESSION_END","","SKYWAVE_PHASE_4_5","-2.0","11:00:13","4cb0c115-7cec-4577-a5fa-4de4708102d6","","","","","-2.0","11:00:13","f2508d82-ec35-4aae-a697-4d00f2d99bc7","ab4333c9-c0ad-4b16-ad4e-f4897edec725","NOT_SET"
"796f2c32-5eda-4e61-aab1-5c17671f23b8","TURN","","SKYWAVE_PHASE_4_5","-3.0","08:07:04","b6ac7535-8af5-44d3-a059-33fce46b751d","","","MessagingEndUser","0PAg8000000ZPtBGAW","-3.0","08:07:00","6f1e16c7-478e-4e5f-a800-8e8da44fdba2","3f733adc-f25f-4419-a574-3eb03f6d0806","flight_management"
"796f2c32-5eda-4e61-aab1-5c17671f23b8","TURN","","SKYWAVE_PHASE_4_5","-3.0","08:07:55","5069bc49-4626-4a8f-a093-baf60b1fe0ba","","","MessagingEndUser","0PAg8000000ZPtBGAW","-3.0","08:07:51","daebecf3-f634-445f-af0f-266ff1022994","552f0766-85dd-432d-aa2f-758575d92b17","flight_management"
"796f2c32-5eda-4e61-aab1-5c17671f23b8","TURN","","SKYWAVE_PHASE_4_5","-3.0","08:12:43","48a6afb2-def8-4ba4-afa0-509fb8882afd","","","MessagingEndUser","0PAg8000000ZPtBGAW","-3.0","08:12:40","a35ae5aa-71af-4deb-a3f6-a0b276fcd7a3","f58ff089-089e-4610-a6db-77379c81ef84","off_topic"
"796f2c32-5eda-4e61-aab1-5c17671f23b8","TURN","","SKYWAVE_PHASE_4_5","-3.0","08:13:32","7842374d-7c2a-4150-ab23-c07e10a2c0af","","","MessagingEndUser","0PAg8000000ZPtBGAW","-3.0","08:13:30","d9bc1223-8346-46f8-a3ff-b34c510e56d8","e8486153-1bbf-49df-a5a1-7bf0b1f0422c","off_topic"
"796f2c32-5eda-4e61-aab1-5c17671f23b8","SESSION_END","","SKYWAVE_PHASE_4_5","-3.0","08:13:32","bfa593d5-be47-4263-ad6a-2214340136a1","","","","","-3.0","08:13:32","c40b81fd-3742-41cc-a564-3b4139ae5db4","29f5f336-5dd8-4555-aa73-12f58d58b455","NOT_SET"
"0e68250c-e3b9-4a60-a3bd-dbb801bf3b30","TURN","","SKYWAVE_PHASE_4_5","-1.0","19:52:04","081154bd-c478-4cee-abc1-22c1ee052380","","","MessagingEndUser","0PAg8000000ZRgTGAW","-1.0","19:52:00","e93e8a3c-eef3-4730-a072-8ba89a54aaf5","fdc3e4eb-4355-4afd-a881-2af7d9ca851f","flight_management"
"0e68250c-e3b9-4a60-a3bd-dbb801bf3b30","TURN","","SKYWAVE_PHASE_4_5","-1.0","19:53:16","1fff6793-297c-4aac-a371-97008fdb1a00","","","MessagingEndUser","0PAg8000000ZRgTGAW","-1.0","19:53:13","cfb532a5-3935-4428-ab95-9e6bacc2bb9e","a7786386-ba80-478d-aa9a-2b979ef03151","flight_management"
"0e68250c-e3b9-4a60-a3bd-dbb801bf3b30","SESSION_END","","SKYWAVE_PHASE_4_5","-1.0","19:53:16","23fd2a15-fd35-470a-a3e7-6483d7980607","","","","","-1.0","19:53:16","f85b21fb-c480-4829-a2a5-7869304b734b","d3f1fe43-2e06-4300-a8b6-d50f020730b3","NOT_SET"
"82ae9220-8bb1-4042-a9ae-32052aaa7d44","TURN","","SKYWAVE_PHASE_4_5","-9.0","18:49:03","4e1f5d31-d50f-4d86-a033-30dda3681742","","","MessagingEndUser","0PAg8000000ZSRFGA4","-9.0","18:49:00","3e768519-5ce6-462a-aee1-849b1b827d4f","f41b4088-a2b9-4af2-ac45-485c5dfd784d","flight_management"
"82ae9220-8bb1-4042-a9ae-32052aaa7d44","TURN","","SKYWAVE_PHASE_4_5","-9.0","18:50:01","6ded1553-b9d1-4f06-a2c6-1e972b152772","","","MessagingEndUser","0PAg8000000ZSRFGA4","-9.0","18:49:59","980b544c-9af2-4d84-ac76-e988e8205868","61ccc5e6-6b5c-44e4-a152-4fd5fcfe2693","flight_management"
"82ae9220-8bb1-4042-a9ae-32052aaa7d44","TURN","","SKYWAVE_PHASE_4_5","-9.0","18:52:52","d860a7ed-b749-408c-a767-9f39e5278722","","","MessagingEndUser","0PAg8000000ZSRFGA4","-9.0","18:52:50","c5cdccdb-2095-4c41-aabf-529d8ce276aa","44b8837d-6dcc-4ba6-abe5-2d56a90825eb","case_management"
"82ae9220-8bb1-4042-a9ae-32052aaa7d44","TURN","","SKYWAVE_PHASE_4_5","-9.0","18:53:28","0f8e5cf0-fefa-430d-a8f9-c3b1f7fd6769","","","MessagingEndUser","0PAg8000000ZSRFGA4","-9.0","18:53:24","0bc962c8-354a-4be3-a710-905f9b705685","643e36df-2a9b-41c4-a621-dc287ba21f1a","case_management"
"82ae9220-8bb1-4042-a9ae-32052aaa7d44","SESSION_END","","SKYWAVE_PHASE_4_5","-9.0","18:53:28","ef6eb372-ce93-44cc-a88b-525e43609f5d","","","","","-9.0","18:53:28","80500e2a-eaff-4da8-a3e7-6eace7ca3137","475b9300-5e0d-4b3e-abd8-b8e54521ca21","NOT_SET"
"eba11486-1105-418c-af42-199e6664852f","TURN","","SKYWAVE_PHASE_4_5","-12.0","14:59:04","90828dae-46c6-4b63-a2af-832d51c799e1","","","MessagingEndUser","0PAg8000000ZSXhGAO","-12.0","14:59:00","9ab5c763-b92b-489c-ab49-73492dc0fa58","612bec2b-4a2b-4d4c-a3f5-1c76ac8de1ce","flight_management"
"eba11486-1105-418c-af42-199e6664852f","TURN","","SKYWAVE_PHASE_4_5","-12.0","14:59:46","8b3bca48-7009-45d0-ad38-9d656f3c67cb","","","MessagingEndUser","0PAg8000000ZSXhGAO","-12.0","14:59:42","2a34c2b8-4674-4419-a0d9-a787d9d0265e","f8866a32-9996-49c2-a922-8d06b473523f","flight_management"
"eba11486-1105-418c-af42-199e6664852f","TURN","","SKYWAVE_PHASE_4_5","-12.0","15:04:31","a2272799-b2f6-4547-a3e8-32590d14f2f2","","","MessagingEndUser","0PAg8000000ZSXhGAO","-12.0","15:04:27","26a7aaad-f0d6-498a-a515-b0e877ab01a9","db6df533-e985-4f11-a494-c50d4f829daa","flight_management"
"eba11486-1105-418c-af42-199e6664852f","TURN","","SKYWAVE_PHASE_4_5","-12.0","15:05:01","198a42cc-d2f5-4e52-a89c-7938ed33a61f","","","MessagingEndUser","0PAg8000000ZSXhGAO","-12.0","15:04:59","2f6cf235-2862-4b52-a39a-dc82ed8e7912","599648cb-35f9-4670-abaf-37572e6185ef","flight_management"
"eba11486-1105-418c-af42-199e6664852f","SESSION_END","","SKYWAVE_PHASE_4_5","-12.0","15:05:01","802f60c1-2eb1-4442-ac33-b8deb212d832","","","","","-12.0","15:05:01","7be52f1a-f891-4755-a0ac-d7b656501a9c","c25a84ea-acbc-43c3-a506-32549cdf9227","NOT_SET"
"84f4fcf7-9e4d-46cc-aaa8-677cdc3d8817","TURN","","SKYWAVE_PHASE_4_5","-8.0","12:26:04","ae720d29-a9c7-4d45-a0e5-c7277ce4b414","","","MessagingEndUser","0PAg8000000ZTNJGA4","-8.0","12:26:00","e3d92542-6a03-4f36-a82f-12ff68a54416","c8b79cd8-fb1d-4fc8-a67f-561dc3ac5fdc","off_topic"
"84f4fcf7-9e4d-46cc-aaa8-677cdc3d8817","TURN","","SKYWAVE_PHASE_4_5","-8.0","12:28:13","b55fb440-a0b8-4227-af04-35bd2c013bf1","","","MessagingEndUser","0PAg8000000ZTNJGA4","-8.0","12:28:10","9fed16ad-9e43-4d77-a021-f86fd5b6ac17","1bec9c4a-508d-4c13-a800-ff62fcc062b8","off_topic"
"84f4fcf7-9e4d-46cc-aaa8-677cdc3d8817","SESSION_END","","SKYWAVE_PHASE_4_5","-8.0","12:28:13","58264d2d-6ef0-49f9-a15c-148c3d7fcfa5","","","","","-8.0","12:28:13","6f0fa671-2e35-449a-adf4-b68340309ba3","7be791c5-307c-4bdf-af62-46632aaee0e0","NOT_SET"
"2633a09c-03f8-49d5-a70a-004a308af979","TURN","","SKYWAVE_PHASE_4_5","-12.0","08:44:02","aaecacd3-80c2-4016-a256-ae9ad5a19024","","","MessagingEndUser","0PAg8000000ZUsrGAG","-12.0","08:44:00","c01bee41-8934-463a-a0cf-98c0eacf8b77","9bfa71d9-13f3-46f0-a06a-2e394045cabf","case_management"
"2633a09c-03f8-49d5-a70a-004a308af979","TURN","","SKYWAVE_PHASE_4_5","-12.0","08:44:38","a2ed122f-31a3-4ad1-ab27-b04e0a0f4de8","","","MessagingEndUser","0PAg8000000ZUsrGAG","-12.0","08:44:36","b79da084-7b3e-49de-a683-d7a02ea1fc58","f15b7cc5-a28e-47b0-abbf-0dbe9b7a9880","case_management"
"2633a09c-03f8-49d5-a70a-004a308af979","TURN","","SKYWAVE_PHASE_4_5","-12.0","08:45:18","bad6afb0-aba2-4836-a829-415647b34cd8","","","MessagingEndUser","0PAg8000000ZUsrGAG","-12.0","08:45:16","f8fd4b6c-d28a-44b9-a1ed-9257f21011f4","59283f94-9b56-4d02-a2b0-116d6a7cc5f4","flight_management"
"2633a09c-03f8-49d5-a70a-004a308af979","TURN","","SKYWAVE_PHASE_4_5","-12.0","08:45:43","95ee7945-18c5-421f-aa04-01664cc64031","","","MessagingEndUser","0PAg8000000ZUsrGAG","-12.0","08:45:41","6a854c9a-385c-44a0-a207-52f59fa7ffce","0444c284-1a0f-4521-a498-1db49caa3b19","flight_management"
"2633a09c-03f8-49d5-a70a-004a308af979","SESSION_END","","SKYWAVE_PHASE_4_5","-12.0","08:45:43","c2a365d5-cf36-4308-af71-871e761e84b8","","","","","-12.0","08:45:43","559498a6-1281-4bea-ad5a-f8cb2f4f0a8c","54dad650-361a-4cbd-a91c-09c469be2067","NOT_SET"
"e9aeb135-a0a5-4477-a7d3-18417f74f5e9","TURN","","SKYWAVE_PHASE_4_5","-2.0","18:41:03","0f0ae90e-d4bd-448b-ab58-3ca7381e81d8","","","MessagingEndUser","0PAg8000000ZVDpGAO","-2.0","18:41:00","22bed8b5-5dce-423d-a79a-6c38fe2426d3","f22c77f3-3414-44fa-a8d3-987cffbfdb5a","name_change"
"e9aeb135-a0a5-4477-a7d3-18417f74f5e9","TURN","","SKYWAVE_PHASE_4_5","-2.0","18:43:15","a925ae75-3b51-48db-abc1-223637d4967f","","","MessagingEndUser","0PAg8000000ZVDpGAO","-2.0","18:43:13","5f9b8a3c-6c18-4caa-a006-8496f0789fa5","b23cedab-8ad0-4658-a9a5-ab56078bc716","name_change"
"e9aeb135-a0a5-4477-a7d3-18417f74f5e9","TURN","","SKYWAVE_PHASE_4_5","-2.0","18:44:25","9aec0824-2961-4ab3-adc5-e1b278528e75","","","MessagingEndUser","0PAg8000000ZVDpGAO","-2.0","18:44:22","a69228d4-6cf3-4ec2-a000-81c74ed61596","68388a51-9de4-4e37-ab30-e6faab67303e","flight_management"
"e9aeb135-a0a5-4477-a7d3-18417f74f5e9","TURN","","SKYWAVE_PHASE_4_5","-2.0","18:45:38","c724328d-0fa9-4891-a798-9e5936b5cd86","","","MessagingEndUser","0PAg8000000ZVDpGAO","-2.0","18:45:34","d18ddd1b-a9a3-4480-a8bc-41bb6dc41e9b","a326f4f1-7ca6-4034-a9d2-6ed6c1e75afa","flight_management"
"e9aeb135-a0a5-4477-a7d3-18417f74f5e9","SESSION_END","","SKYWAVE_PHASE_4_5","-2.0","18:45:38","8fe5fa06-3824-4948-a5ec-547a9b6abdb6","","","","","-2.0","18:45:38","743b6329-c25f-4d2f-a1ea-e7a779bf8a04","e353396b-7760-40e3-a31b-ffec3b794652","NOT_SET"
"72453943-b670-4482-a678-e9bed243d91d","TURN","","SKYWAVE_PHASE_4_5","-8.0","18:07:04","26759b22-f1b7-4d0c-a341-61236f862bd3","","","MessagingEndUser","0PAg8000000ZfMrGAK","-8.0","18:07:00","e82eee34-fad2-495f-a575-86896b4069b3","d97d9da2-dfed-4c33-aa3a-55f9b2531e20","mileage_account"
"72453943-b670-4482-a678-e9bed243d91d","TURN","","SKYWAVE_PHASE_4_5","-8.0","18:09:53","96cdd865-28b0-486f-a3c1-6909dad98b77","","","MessagingEndUser","0PAg8000000ZfMrGAK","-8.0","18:09:51","816697ea-45c5-4e08-ae02-1f0e65880ae9","4fe7112c-5348-4eed-a89c-8c32fdf69885","mileage_account"
"72453943-b670-4482-a678-e9bed243d91d","SESSION_END","","SKYWAVE_PHASE_4_5","-8.0","18:09:53","1717d8ae-63bd-4432-a509-9a51b4f59b2e","","","","","-8.0","18:09:53","18750892-9355-4c6d-a712-80b2366c5fa9","54bfa48a-25fb-4068-ae42-87e55b366349","NOT_SET"
"7e161f8e-8403-4dff-ae96-00c7a6844469","TURN","","SKYWAVE_PHASE_4_5","-11.0","15:15:04","d98c1f30-3316-4a05-a513-fa5aa9023211","","","MessagingEndUser","0PAg8000000Zim9GAC","-11.0","15:15:00","3295e414-a0d6-4a50-adec-ac1efb7c2297","23679b86-1c9a-4414-aff7-65a1ea964d71","flight_management"
"7e161f8e-8403-4dff-ae96-00c7a6844469","TURN","","SKYWAVE_PHASE_4_5","-11.0","15:17:39","0fe00eef-1dcc-4fae-a495-9c0c056bdb08","","","MessagingEndUser","0PAg8000000Zim9GAC","-11.0","15:17:37","99c41bf4-31d5-4876-a549-8fe8df72314b","c1731c4f-88d0-4936-a9e8-ec6026317e5d","flight_management"
"7e161f8e-8403-4dff-ae96-00c7a6844469","SESSION_END","","SKYWAVE_PHASE_4_5","-11.0","15:17:39","fee7fc6f-3b0a-4ff3-ae71-f79b18f3d501","","","","","-11.0","15:17:39","dead64ea-2daa-470d-aa15-e086c54c4f27","333c331b-5cb9-40da-a30e-c0799acd099f","NOT_SET"
"0abbe353-ef6b-4df8-aa7c-21aeafff2ec4","TURN","","SKYWAVE_PHASE_4_5","-10.0","18:49:02","be13aaab-dcdc-4dc2-a773-adaa3c4902bd","","","MessagingEndUser","0PAg8000000ZjblGAC","-10.0","18:49:00","87e99e4c-7c3d-4eb9-a879-2574e7385999","6603db06-96d4-4acc-aeb1-dda20fdcb0db","mileage_account"
"0abbe353-ef6b-4df8-aa7c-21aeafff2ec4","TURN","","SKYWAVE_PHASE_4_5","-10.0","18:49:59","595a2bac-67c1-4694-aab1-c1dd29219958","","","MessagingEndUser","0PAg8000000ZjblGAC","-10.0","18:49:57","25e2c375-941a-4406-a697-1c6be8b540f8","78488a8a-0121-4d9f-a2d6-7cc47fb3c73b","mileage_account"
"0abbe353-ef6b-4df8-aa7c-21aeafff2ec4","SESSION_END","","SKYWAVE_PHASE_4_5","-10.0","18:49:59","9fd78c7b-ebad-4f7b-a371-2ea482f0c3e1","","","","","-10.0","18:49:59","16552c0a-1a79-4861-a1da-ef52d3da8c1e","5cfa0047-319a-4d2d-a493-49bc395766ae","NOT_SET"
"f1108bc0-47c8-4d9d-a59c-4835e287b070","TURN","","SKYWAVE_PHASE_4_5","-4.0","11:56:04","2f2c4552-da63-40d3-aa21-424627a15400","","","MessagingEndUser","0PAg8000000Zl5hGAC","-4.0","11:56:00","ff7ec769-e1b3-4126-a2a1-93ee5d2c6f0d","c68ff75c-9d04-495b-acb3-6478779ccdba","flight_management"
"f1108bc0-47c8-4d9d-a59c-4835e287b070","TURN","","SKYWAVE_PHASE_4_5","-4.0","11:57:21","2d4b7ca0-957b-46b6-ae3b-55461ba25dff","","","MessagingEndUser","0PAg8000000Zl5hGAC","-4.0","11:57:17","3e3dcadc-f95c-4329-a7d3-5ba7625fd50a","759be88b-7245-4b20-a93e-692ddd20d6e5","flight_management"
"f1108bc0-47c8-4d9d-a59c-4835e287b070","SESSION_END","","SKYWAVE_PHASE_4_5","-4.0","11:57:21","aff18a2a-cbd4-40ca-acaf-a954b88653b0","","","","","-4.0","11:57:21","be513e5a-33f5-48dc-a725-9c0f30f167e6","d57ea047-5f3b-43a6-aebf-75d8fcb63a72","NOT_SET"
"41b7845c-2be4-45aa-ae0f-612d60eb3bff","TURN","","SKYWAVE_PHASE_4_5","-9.0","09:20:03","781f764d-ca53-4b5a-a78f-e4588282134e","","","MessagingEndUser","0PAg8000000ZlTtGAK","-9.0","09:20:00","dfc8f999-f8da-4527-ab79-1a7021b50267","9325c6e0-bd10-4821-a0ce-c996cfa8eab3","flight_management"
"41b7845c-2be4-45aa-ae0f-612d60eb3bff","TURN","","SKYWAVE_PHASE_4_5","-9.0","09:20:38","c6382107-9ec6-49e8-a25e-895fe44eef17","","","MessagingEndUser","0PAg8000000ZlTtGAK","-9.0","09:20:35","5cc0481d-0f7c-4269-a9b8-85c730adacad","1fd1d1e5-dba1-467e-afc7-5ef9a035be26","flight_management"
"41b7845c-2be4-45aa-ae0f-612d60eb3bff","SESSION_END","","SKYWAVE_PHASE_4_5","-9.0","09:20:38","c87d0150-9e43-496b-a227-bd33c3cd3a86","","","","","-9.0","09:20:38","af0330c7-f6f6-40ab-aebe-f92e1fa6861d","d7d5b109-8be9-448e-a245-c13d0e00870d","NOT_SET"
"48f793d5-fd4f-45f8-a61c-761305b93c9d","TURN","","SKYWAVE_PHASE_4_5","-9.0","10:43:04","0185a33f-3a24-454f-af17-4e4738aa3382","","","MessagingEndUser","0PAg8000000ZpBpGAK","-9.0","10:43:00","6f377bdd-0358-4798-adb1-488273cc4027","f24008fc-fa0e-40af-a4e0-0236000e47a8","mileage_account"
"48f793d5-fd4f-45f8-a61c-761305b93c9d","TURN","","SKYWAVE_PHASE_4_5","-9.0","10:44:17","a67b0341-4396-49f4-ae98-48dd93feb34a","","","MessagingEndUser","0PAg8000000ZpBpGAK","-9.0","10:44:13","2aab256d-3910-4b24-a533-a496c3c5a3b2","c54ec04d-952d-4e27-acfd-038de3863d83","mileage_account"
"48f793d5-fd4f-45f8-a61c-761305b93c9d","TURN","","SKYWAVE_PHASE_4_5","-9.0","10:45:24","7c131acf-1325-46a9-a1c8-3a0683513f3f","","","MessagingEndUser","0PAg8000000ZpBpGAK","-9.0","10:45:21","5bc434ef-4438-46b4-af2d-6d886e8e938a","a0beb4fe-9c26-43e5-a4c9-1ad822059487","mileage_account"
"48f793d5-fd4f-45f8-a61c-761305b93c9d","TURN","","SKYWAVE_PHASE_4_5","-9.0","10:47:22","9abade4d-a4cf-422f-a8b4-45d5e3ea99d2","","","MessagingEndUser","0PAg8000000ZpBpGAK","-9.0","10:47:19","248b9969-f0bc-43e6-a030-cf393b60dc8d","5dc1d864-286b-4b01-a41d-c7ad8287b601","mileage_account"
"48f793d5-fd4f-45f8-a61c-761305b93c9d","SESSION_END","","SKYWAVE_PHASE_4_5","-9.0","10:47:22","f421f954-53ce-42c7-a3fb-fa5c96a59522","","","","","-9.0","10:47:22","949b6550-e8c0-4a8c-a7fc-00b0e712df9d","dfe6be4f-3bb0-4f51-aa68-b3d492b8a272","NOT_SET"
"fdd90d86-ef56-4e98-adde-7bbd464fedf9","TURN","","SKYWAVE_PHASE_4_5","-8.0","11:21:04","7f13ab5d-3385-4a47-a7b8-a12524f12c8b","","","MessagingEndUser","0PAg8000000ZqYPGA0","-8.0","11:21:00","1cbb7a9e-3ad7-427c-a174-7daa0cd3e5e9","48dbc429-be47-49a9-a2cc-203ccfefb385","flight_management"
"fdd90d86-ef56-4e98-adde-7bbd464fedf9","TURN","","SKYWAVE_PHASE_4_5","-8.0","11:22:04","9651dad3-2b10-483c-a190-a617340ad382","","","MessagingEndUser","0PAg8000000ZqYPGA0","-8.0","11:22:01","012ef5d9-a390-48fb-ae8a-9b103273bf90","aef58ce1-3bf9-4411-afe1-075151306645","flight_management"
"fdd90d86-ef56-4e98-adde-7bbd464fedf9","SESSION_END","","SKYWAVE_PHASE_4_5","-8.0","11:22:04","41b1cba3-6ddf-43b7-a8ef-d29dcf313833","","","","","-8.0","11:22:04","6a958f4a-2ce5-4ff6-ad40-b16e5ec5098b","6b9fe9d4-29ac-4267-a74c-48dc83342f74","NOT_SET"
"95205238-9f1b-442b-a27e-d0f74827a250","TURN","","SKYWAVE_PHASE_4_5","-10.0","09:20:04","86c843db-6bf2-4bda-abb7-49c2bb5efe85","","","MessagingEndUser","0PAg8000000Zqa1GAC","-10.0","09:20:00","c554cd02-c016-48a3-a760-bfb0aca42a40","4ca46cab-e580-49e8-a17a-96fe29c2b64f","flight_management"
"95205238-9f1b-442b-a27e-d0f74827a250","TURN","","SKYWAVE_PHASE_4_5","-10.0","09:21:00","45aae516-f21a-4393-adaf-74d949ade225","","","MessagingEndUser","0PAg8000000Zqa1GAC","-10.0","09:20:57","4c15055f-f24a-4e69-a8c7-fd0852d4ddeb","0338368a-4ad9-4d04-ae70-51acd7a002d3","flight_management"
"95205238-9f1b-442b-a27e-d0f74827a250","TURN","","SKYWAVE_PHASE_4_5","-10.0","09:21:57","a52516c2-0dca-4e6c-ac4e-2e987912fccb","","","MessagingEndUser","0PAg8000000Zqa1GAC","-10.0","09:21:53","e2d85ef1-9a26-44ba-a947-4f68d6f38bc0","2f2923e9-dec4-4cb9-a838-40548bc9226a","off_topic"
"95205238-9f1b-442b-a27e-d0f74827a250","TURN","","SKYWAVE_PHASE_4_5","-10.0","09:25:18","87c752e0-d40d-45e0-a650-f2b66d781381","","","MessagingEndUser","0PAg8000000Zqa1GAC","-10.0","09:25:15","e8952ae9-41c4-4f6b-a76a-aebfe353ec96","086668c6-04b3-4ce4-ad4d-5b109b645213","off_topic"
"95205238-9f1b-442b-a27e-d0f74827a250","SESSION_END","","SKYWAVE_PHASE_4_5","-10.0","09:25:18","984b0ead-6e3b-4f62-a340-fe22954da20a","","","","","-10.0","09:25:18","ce3bdb02-2dcc-443a-a173-8aa17ee23f36","2ab24150-7af0-4a56-a9ac-4ab5d6421157","NOT_SET"
"a306547c-2949-435b-a8cf-b5552b219209","TURN","","SKYWAVE_PHASE_4_5","-11.0","09:56:04","ff62ffab-92e7-4ac0-a806-7a09bc1e0ecd","","","MessagingEndUser","0PAg8000000Zr1RGAS","-11.0","09:56:00","7e70a8c0-adc5-46cb-a64b-725c868f9d68","40f06af2-20bb-45bf-a6c7-c2bd02669cda","mileage_account"
"a306547c-2949-435b-a8cf-b5552b219209","TURN","","SKYWAVE_PHASE_4_5","-11.0","09:57:10","0de983bd-9f15-4e85-a6ad-edbaa621dc3d","","","MessagingEndUser","0PAg8000000Zr1RGAS","-11.0","09:57:07","32c5b7c4-f178-49a8-a548-3f98a98f2494","3207b37c-c0e8-4fea-a0b8-0243a4d80afc","mileage_account"
"a306547c-2949-435b-a8cf-b5552b219209","SESSION_END","","SKYWAVE_PHASE_4_5","-11.0","09:57:10","89cd329e-7b37-46a0-a5ce-6afc71c2be19","","","","","-11.0","09:57:10","728dca4d-0bfd-4dd6-ac25-8f1ccf6ad768","c4d97a2a-9749-4663-a8ea-a3d20e488a81","NOT_SET"
"1d6560ba-c0f2-485a-a202-fcfa3e87f0ce","TURN","","SKYWAVE_PHASE_4_5","-1.0","09:19:04","366031e2-e8ff-4e96-aa0b-d770fb7e32ad","","","MessagingEndUser","0PAg8000000ZrCjGAK","-1.0","09:19:00","8a3c8d50-5d94-42e3-ae95-f7885032e3fc","2701bc57-f9fb-476d-a570-cf94576c309a","case_management"
"1d6560ba-c0f2-485a-a202-fcfa3e87f0ce","TURN","","SKYWAVE_PHASE_4_5","-1.0","09:21:06","db15798a-b39d-43bb-ac3b-17e9d6c4a23f","","","MessagingEndUser","0PAg8000000ZrCjGAK","-1.0","09:21:02","296f35ec-c058-45c2-a1b1-97dc5cd2cc7c","8280549e-7ee3-4e59-a841-26ad01dabd2c","case_management"
"1d6560ba-c0f2-485a-a202-fcfa3e87f0ce","TURN","","SKYWAVE_PHASE_4_5","-1.0","09:21:56","9eba77b1-0c1c-4d03-ad85-650b230632e2","","","MessagingEndUser","0PAg8000000ZrCjGAK","-1.0","09:21:53","7f32cceb-9892-48a7-ae94-c7459645a388","7427d906-1aa1-47e6-a82e-e4dd919a2f8a","name_change"
"1d6560ba-c0f2-485a-a202-fcfa3e87f0ce","TURN","","SKYWAVE_PHASE_4_5","-1.0","09:22:35","60b6d920-c379-4f85-abdc-36c0a3a2975a","","","MessagingEndUser","0PAg8000000ZrCjGAK","-1.0","09:22:33","5829a09d-ec79-4725-a151-a9f2d6ba0bf3","fa86b38d-4d10-4dd4-ae8e-055ee3cd2af3","name_change"
"1d6560ba-c0f2-485a-a202-fcfa3e87f0ce","SESSION_END","","SKYWAVE_PHASE_4_5","-1.0","09:22:35","75964551-9a66-4cea-a110-0d3f499cb71a","","","","","-1.0","09:22:35","4cf40218-05bb-41ce-a0cf-ac71aea78b88","d6b1c787-878a-461a-a129-a2ba6a66eea9","NOT_SET"
"5220d083-ee96-4229-a35b-7452a073c163","TURN","","SKYWAVE_PHASE_4_5","-1.0","19:04:03","7b738341-156c-4a72-a4cf-8dbb08c19ed2","","","MessagingEndUser","0PAg8000000ZMaLGAW","-1.0","19:04:00","0f3c0fcf-49ab-4c18-a9c6-e53b2e9aa18f","0972cff9-101b-473e-ae0f-6e1e5e1e39ef","flight_management"
"5220d083-ee96-4229-a35b-7452a073c163","TURN","","SKYWAVE_PHASE_4_5","-1.0","19:04:48","e4c07844-aa45-4915-aa34-238ce234e13e","","","MessagingEndUser","0PAg8000000ZMaLGAW","-1.0","19:04:46","6d3362b5-3689-4215-a195-f374a32e3e24","d1de4dea-bdd4-4e21-a707-b1c44c32dd5b","flight_management"
"5220d083-ee96-4229-a35b-7452a073c163","SESSION_END","","SKYWAVE_PHASE_4_5","-1.0","19:04:48","40c9811e-66ea-4c84-a195-0b39c7e4cb6d","","","","","-1.0","19:04:48","c4a4d5c3-5c4e-4250-a443-5838828f8f4e","94a1f884-b459-4b47-ac9b-eea98a97bc58","NOT_SET"
"183462a1-030e-4089-a9ac-ae54ca149d2c","TURN","","SKYWAVE_PHASE_4_5","-12.0","18:25:02","b39d8e00-e3f4-4288-a3ad-851623fa0fed","","","MessagingEndUser","0PAg8000000ZOM1GAO","-12.0","18:25:00","c1db5635-cd43-4cce-a305-e6529ed117d1","0d4eb4d1-40d6-45b6-a32e-8c78038c6f37","flight_management"
"183462a1-030e-4089-a9ac-ae54ca149d2c","TURN","","SKYWAVE_PHASE_4_5","-12.0","18:27:59","1f944fc5-b7d2-41b7-a345-2558220c97a8","","","MessagingEndUser","0PAg8000000ZOM1GAO","-12.0","18:27:55","907a3dbc-4145-4e25-a47f-1c79e1829dff","6bcedb30-d1eb-4bde-aea8-f270f22e9432","flight_management"
"183462a1-030e-4089-a9ac-ae54ca149d2c","SESSION_END","","SKYWAVE_PHASE_4_5","-12.0","18:27:59","6d7a7bcd-9aa8-4d1f-a64b-9d7288a04b27","","","","","-12.0","18:27:59","646d97d3-aa70-464d-a491-4f9dc474d07e","14575286-8c17-471d-a72b-98d0fad284d2","NOT_SET"
"20d342d0-b525-4d0e-a10d-b29c77eb5a55","TURN","","SKYWAVE_PHASE_4_5","-6.0","08:55:02","080c2bb6-cf1b-4200-a75e-e1bd238dced3","","","MessagingEndUser","0PAg8000000ZOgzGAG","-6.0","08:55:00","c91928ab-cc94-4beb-ae50-2980fa195abe","b3447073-540b-4b09-a04e-5aa6dd21c508","mileage_account"
"20d342d0-b525-4d0e-a10d-b29c77eb5a55","TURN","","SKYWAVE_PHASE_4_5","-6.0","08:55:47","753853b7-f73b-430b-abc3-004d6806c10f","","","MessagingEndUser","0PAg8000000ZOgzGAG","-6.0","08:55:43","af6d08ca-a531-4878-a613-b3e829d1e7f5","e185fbbb-e394-4647-a374-1947c6424264","mileage_account"
"20d342d0-b525-4d0e-a10d-b29c77eb5a55","TURN","","SKYWAVE_PHASE_4_5","-6.0","08:56:45","6f92af4a-4322-4b15-ab66-679336374d4d","","","MessagingEndUser","0PAg8000000ZOgzGAG","-6.0","08:56:43","f6b3ac14-5d04-4e16-ac24-5ce132fdad66","e87c3988-803b-44e4-a09a-1d87d471bb21","flight_management"
"20d342d0-b525-4d0e-a10d-b29c77eb5a55","TURN","","SKYWAVE_PHASE_4_5","-6.0","08:57:24","896031bd-01a4-4c85-a574-6229d18d46da","","","MessagingEndUser","0PAg8000000ZOgzGAG","-6.0","08:57:22","00dba270-54f7-4fad-ac26-5db80c77176b","2529308a-00de-434a-a74a-ad0e5f79ffcc","flight_management"
"20d342d0-b525-4d0e-a10d-b29c77eb5a55","SESSION_END","","SKYWAVE_PHASE_4_5","-6.0","08:57:24","0ca7f4cf-9044-4827-a0ff-d210700869b9","","","","","-6.0","08:57:24","a8174c2b-d785-4cfa-a71e-fbc8af4832f4","9c24bad1-38f3-43f3-a6f9-2bf410adda06","NOT_SET"
"2e24334d-9069-4096-a2bf-e47ff28d00ca","TURN","","SKYWAVE_PHASE_4_5","-7.0","10:36:03","2ebb1767-3467-4caa-aec7-5000b52ef533","","","MessagingEndUser","0PAg8000000ZOibGAG","-7.0","10:36:00","2d1cb6a9-8a03-422f-a3e1-dae12374bad5","98cabc7e-476d-4f8a-a5fe-d6d0cc68295e","case_management"
"2e24334d-9069-4096-a2bf-e47ff28d00ca","TURN","","SKYWAVE_PHASE_4_5","-7.0","10:40:28","42daa636-6ef9-4dd0-adb9-275479a66e63","","","MessagingEndUser","0PAg8000000ZOibGAG","-7.0","10:40:25","39ca5bcf-7d46-48f3-a00f-3285c4af124d","6736cee1-4b71-4c17-a8da-ac60ff66c273","case_management"
"2e24334d-9069-4096-a2bf-e47ff28d00ca","TURN","","SKYWAVE_PHASE_4_5","-7.0","10:41:06","41e3122b-69d8-4ab8-aa24-92a96f49a9db","","","MessagingEndUser","0PAg8000000ZOibGAG","-7.0","10:41:02","807e21b0-9bdb-438d-a95f-01656745e670","af8aa2ea-8b4a-4606-a970-528aeb6eab41","flight_management"
"2e24334d-9069-4096-a2bf-e47ff28d00ca","TURN","","SKYWAVE_PHASE_4_5","-7.0","10:42:17","9c0a92e2-7bd6-400f-ad9a-9a997d917a05","","","MessagingEndUser","0PAg8000000ZOibGAG","-7.0","10:42:13","5b37bb68-4272-495e-aed0-a0f417169421","f42cbe93-af1d-4bf4-ae26-efeabd103a2c","flight_management"
"2e24334d-9069-4096-a2bf-e47ff28d00ca","SESSION_END","","SKYWAVE_PHASE_4_5","-7.0","10:42:17","2c8091bc-18d9-4183-a5b3-faadfa5bbefb","","","","","-7.0","10:42:17","e3bad5e6-35aa-4803-a77e-3fedbb1f10f9","503d46f3-f62f-450d-aea1-1407fb94374b","NOT_SET"
"b5c5b2aa-e0b5-4077-aa71-b7edeb7619d8","TURN","","SKYWAVE_PHASE_4_5","-8.0","16:09:03","31c256c4-942f-4579-aec1-fae3d9ccb4d9","","","MessagingEndUser","0PAg8000000ZOvVGAW","-8.0","16:09:00","a82df70d-6077-4c0b-aa19-57f93a847a88","ae381ae2-4cbf-4faa-ab31-6f04ff328e58","flight_management"
"b5c5b2aa-e0b5-4077-aa71-b7edeb7619d8","TURN","","SKYWAVE_PHASE_4_5","-8.0","16:09:41","06a58202-dcf3-4084-a545-5e0714691ce0","","","MessagingEndUser","0PAg8000000ZOvVGAW","-8.0","16:09:37","ffc3c331-155c-4219-a7cb-09a1630a9e7c","832acf83-e152-4388-a753-cf336fa953dc","flight_management"
"b5c5b2aa-e0b5-4077-aa71-b7edeb7619d8","TURN","","SKYWAVE_PHASE_4_5","-8.0","16:14:29","8bbe9b8a-b171-4ffa-a725-df7d66098bf8","","","MessagingEndUser","0PAg8000000ZOvVGAW","-8.0","16:14:25","b142022c-b510-48a8-aaf4-566dea44b010","02b84815-6f65-4bc6-a0c7-1edaf8b4db4f","flight_management"
"b5c5b2aa-e0b5-4077-aa71-b7edeb7619d8","TURN","","SKYWAVE_PHASE_4_5","-8.0","16:16:02","13fbb254-a7d5-48c8-a513-571f38f822d7","","","MessagingEndUser","0PAg8000000ZOvVGAW","-8.0","16:16:00","baa05d14-9cd4-43ed-a703-5a16dfbc8962","ab2e8f22-9ca9-46f9-ad26-736767ef02e5","flight_management"
"b5c5b2aa-e0b5-4077-aa71-b7edeb7619d8","SESSION_END","","SKYWAVE_PHASE_4_5","-8.0","16:16:02","f59fe9ea-1c9d-4719-a18b-25bc4f41f328","","","","","-8.0","16:16:02","c2274d67-3f09-44a5-aad4-7fcc2525a407","8dc248fd-91a3-4d71-a023-290ab134ce14","NOT_SET"
"6cfdaf02-b1b7-4ada-a365-de99ebcdcd8b","TURN","","SKYWAVE_PHASE_4_5","-6.0","19:31:04","165231d9-d09f-4eb5-a30d-ba4a21a3f9cb","","","MessagingEndUser","0PAg8000000ZP6nGAG","-6.0","19:31:00","9bd034fe-fdd9-4ee4-a6a1-3935caaf368d","7a741894-b61f-405f-a769-6bb865795378","flight_management"
"6cfdaf02-b1b7-4ada-a365-de99ebcdcd8b","TURN","","SKYWAVE_PHASE_4_5","-6.0","19:35:10","32dfd454-8c34-48a2-a6a9-c3c62902aca5","","","MessagingEndUser","0PAg8000000ZP6nGAG","-6.0","19:35:08","01d5e270-a816-4373-adac-ce3392ad4838","f7ea6709-315d-4f9f-af12-4cb8bc487a5b","flight_management"
"6cfdaf02-b1b7-4ada-a365-de99ebcdcd8b","SESSION_END","","SKYWAVE_PHASE_4_5","-6.0","19:35:10","0e0e6efa-b5a1-47e0-a539-8737b882e6c0","","","","","-6.0","19:35:10","67ed05ff-d8dc-41cb-ac39-2a3fc9cfdee6","5605c655-b6ac-41fb-adbd-258bea9bc6fd","NOT_SET"
"51c6acfd-5450-4e6f-a48f-60ac26a76878","TURN","","SKYWAVE_PHASE_4_5","-9.0","15:50:03","e9f0318f-3f49-41a8-a0b3-99d5b1f89ee0","","","MessagingEndUser","0PAg8000000ZP8PGAW","-9.0","15:50:00","5d31582f-f002-4c9e-a124-2a5289ed9dc4","604e79c7-c74d-4f2b-a40d-6fd7c09dc2b9","flight_management"
"51c6acfd-5450-4e6f-a48f-60ac26a76878","TURN","","SKYWAVE_PHASE_4_5","-9.0","15:53:40","7d2ccccc-6a88-4e7e-a3db-f1d89b942946","","","MessagingEndUser","0PAg8000000ZP8PGAW","-9.0","15:53:38","3cbfd7aa-c3e9-4238-a47b-a2a6e1be3f4e","145fc0d1-6f99-4b3a-a7a3-8536762be739","flight_management"
"51c6acfd-5450-4e6f-a48f-60ac26a76878","SESSION_END","","SKYWAVE_PHASE_4_5","-9.0","15:53:40","c9db514d-7e42-4b9c-ac8c-303040bb1c67","","","","","-9.0","15:53:40","5bcf1ef0-cd50-4fb2-aee8-f36341c131cb","564b9d7b-e1e4-4e07-af1d-3f5afbe4098d","NOT_SET"
"c0a9863a-c3ca-4367-ae4a-6cc75f46844b","TURN","","SKYWAVE_PHASE_4_5","-8.0","11:18:03","ee0bd900-057f-4635-afe2-5d38f5e6a6ac","","","MessagingEndUser","0PAg8000000ZPd3GAG","-8.0","11:18:00","b7a8ad60-0ae2-44c4-a642-a48d9b135c16","79c666ef-20c7-4f34-a90c-69cdfcc4d7b7","case_management"
"c0a9863a-c3ca-4367-ae4a-6cc75f46844b","TURN","","SKYWAVE_PHASE_4_5","-8.0","11:19:37","42242fe2-9077-49e7-a4f6-654e5acd83b2","","","MessagingEndUser","0PAg8000000ZPd3GAG","-8.0","11:19:34","5e27ecc4-c988-4bcb-a3f3-c74f7962aef7","70eb803f-79c4-4f06-a123-0a0a82c0fb58","case_management"
"c0a9863a-c3ca-4367-ae4a-6cc75f46844b","TURN","","SKYWAVE_PHASE_4_5","-8.0","11:21:21","c65a081b-58c0-466a-adea-3391c843defe","","","MessagingEndUser","0PAg8000000ZPd3GAG","-8.0","11:21:19","dd2dfb48-1b57-4402-a414-8bdd0684f501","c70517f5-cf81-4a30-a50c-ab49d93f2f1d","mileage_account"
"c0a9863a-c3ca-4367-ae4a-6cc75f46844b","TURN","","SKYWAVE_PHASE_4_5","-8.0","11:22:33","7aa94132-1b35-4541-af0f-24a42354f121","","","MessagingEndUser","0PAg8000000ZPd3GAG","-8.0","11:22:31","66f1bbbb-316a-4ccf-a3c7-dc9af56bf09d","2bcc9cce-7585-4804-a424-3833580c0b5a","mileage_account"
"c0a9863a-c3ca-4367-ae4a-6cc75f46844b","TURN","","SKYWAVE_PHASE_4_5","-8.0","11:24:43","b6f0f82b-701b-40f1-afb2-60f40ac2cbdb","","","MessagingEndUser","0PAg8000000ZPd3GAG","-8.0","11:24:39","ad30baef-1d04-4633-a7ac-277ac9a4ecaa","aca2a234-fd77-46a0-a589-b9c3a0392f59","name_change"
"c0a9863a-c3ca-4367-ae4a-6cc75f46844b","TURN","","SKYWAVE_PHASE_4_5","-8.0","11:25:17","007a043f-a71e-4fa0-a9f5-f39f79ba1e42","","","MessagingEndUser","0PAg8000000ZPd3GAG","-8.0","11:25:15","3d9bfeaa-8096-4f85-a364-8ab313f47b37","ed5fcc2e-ec87-4ec3-acff-993f01ea6984","name_change"
"c0a9863a-c3ca-4367-ae4a-6cc75f46844b","SESSION_END","","SKYWAVE_PHASE_4_5","-8.0","11:25:17","1c62c11d-5c95-4689-a8ed-edb93a36d2a5","","","","","-8.0","11:25:17","3725da39-4a12-46e1-a1af-7431b70e0621","18d8117d-c8c2-44d5-a922-9e48926eada6","NOT_SET"
"d406c0c5-b9c3-42d7-a982-27f97e8f8981","TURN","","SKYWAVE_PHASE_4_5","-7.0","15:42:04","1d4e7531-57a1-4a57-a80e-940dfc05abef","","","MessagingEndUser","0PAg8000000ZPtBGAW","-7.0","15:42:00","4cbe86bd-4524-46e9-a05e-813135d7278e","b6eaab47-ab4e-4786-a1d1-8cd1717f9b4c","flight_management"
"d406c0c5-b9c3-42d7-a982-27f97e8f8981","TURN","","SKYWAVE_PHASE_4_5","-7.0","15:42:51","c1b9b0ae-c667-42ba-afd6-61cdaea756d1","","","MessagingEndUser","0PAg8000000ZPtBGAW","-7.0","15:42:49","da133311-a852-4c65-a8e5-4b2628240c6c","d1bf7197-5d04-4e58-a745-2138ab25103b","flight_management"
"d406c0c5-b9c3-42d7-a982-27f97e8f8981","SESSION_END","","SKYWAVE_PHASE_4_5","-7.0","15:42:51","b2de5fd8-0d2b-41c3-a91e-d9d4526ffc37","","","","","-7.0","15:42:51","44d76102-36fd-4867-aa09-03a2ab2db8b4","450d6a9d-a571-48ee-a22e-be045fd1c06f","NOT_SET"
"22c9eaf1-7169-4021-a628-0b9fcc03bfc5","TURN","","SKYWAVE_PHASE_4_5","-7.0","19:34:03","83620876-df1e-462d-a5d1-382e8addc4a9","","","MessagingEndUser","0PAg8000000ZRgTGAW","-7.0","19:34:00","0ee06c3a-dca5-4348-a745-1dde00b1facf","ec444b9d-067b-4a20-a996-de659e5f1213","mileage_account"
"22c9eaf1-7169-4021-a628-0b9fcc03bfc5","TURN","","SKYWAVE_PHASE_4_5","-7.0","19:35:10","f6d7a900-8e5c-4065-a443-51c53687b37b","","","MessagingEndUser","0PAg8000000ZRgTGAW","-7.0","19:35:06","c56fb449-0e85-4c61-abb7-01bf37218571","9fbb4351-605b-4487-a7f4-a9402598d1b7","mileage_account"
"22c9eaf1-7169-4021-a628-0b9fcc03bfc5","TURN","","SKYWAVE_PHASE_4_5","-7.0","19:36:09","60c6f624-24db-423f-a808-976410ebca12","","","MessagingEndUser","0PAg8000000ZRgTGAW","-7.0","19:36:07","2dba8597-dd04-4493-a907-fb5d98206f2f","e4e62194-b09f-4805-ac42-fd91ffe3fef1","flight_management"
"22c9eaf1-7169-4021-a628-0b9fcc03bfc5","TURN","","SKYWAVE_PHASE_4_5","-7.0","19:37:15","a1068d3d-6b80-4ec8-ae4d-41f909921c3f","","","MessagingEndUser","0PAg8000000ZRgTGAW","-7.0","19:37:13","1877c8a9-56fc-4c62-a982-d4261671c92a","19ac26c2-04fc-403b-a58a-388da2aa9fca","flight_management"
"22c9eaf1-7169-4021-a628-0b9fcc03bfc5","SESSION_END","","SKYWAVE_PHASE_4_5","-7.0","19:37:15","b4384eb5-d185-4b95-a32b-5f203dfb4c1d","","","","","-7.0","19:37:15","86e19afc-22db-4547-a40f-99ccda6c2a99","490bfc37-526a-4d7a-ac86-c6e3d116127d","NOT_SET"
"03b36bf4-723a-40bd-a27b-2edf20077787","TURN","","SKYWAVE_PHASE_4_5","-14.0","14:40:04","eaadc728-73b9-4f21-a9fd-50c4d148eeef","","","MessagingEndUser","0PAg8000000ZSRFGA4","-14.0","14:40:00","644476ad-a129-4ac4-aa9e-a11b102615f5","0556c404-ae85-40ec-ad3f-2edd53d44af1","name_change"
"03b36bf4-723a-40bd-a27b-2edf20077787","TURN","","SKYWAVE_PHASE_4_5","-14.0","14:40:59","6f8ca71a-adcd-4fcd-a471-d1b1b6312493","","","MessagingEndUser","0PAg8000000ZSRFGA4","-14.0","14:40:57","9055cc3e-0bd6-4df1-af90-55fb2ca71aaf","2525de00-81bd-40f2-a3f1-df6ada366935","name_change"
"03b36bf4-723a-40bd-a27b-2edf20077787","TURN","","SKYWAVE_PHASE_4_5","-14.0","14:41:59","b3ae5e28-d9c4-4dab-a341-b0de3ffdabe2","","","MessagingEndUser","0PAg8000000ZSRFGA4","-14.0","14:41:57","020bda7d-0673-4cc9-aa4d-310dc030b16e","88e79f07-4844-45eb-ac99-8dd04e28b3b7","flight_management"
"03b36bf4-723a-40bd-a27b-2edf20077787","TURN","","SKYWAVE_PHASE_4_5","-14.0","14:42:16","8eacf8dc-bc87-4a69-a58d-b280a5b9f6b7","","","MessagingEndUser","0PAg8000000ZSRFGA4","-14.0","14:42:14","7e3f4263-36d5-4547-a70d-14c2d240053c","6b320231-0f88-4c8a-a956-5e35b9617be4","flight_management"
"03b36bf4-723a-40bd-a27b-2edf20077787","SESSION_END","","SKYWAVE_PHASE_4_5","-14.0","14:42:16","f018c966-4569-48c7-af4f-4e184259d69a","","","","","-14.0","14:42:16","e8675606-b77b-427c-a700-77f91c5c3562","089d0056-1c9c-4e9a-ac9c-c87fd79fc39b","NOT_SET"
"8dfc1584-23be-4122-acc1-3819c2b16c86","TURN","","SKYWAVE_PHASE_4_5","-3.0","11:35:04","d734cc65-a253-434f-a0c7-427cda2338f2","","","MessagingEndUser","0PAg8000000ZSXhGAO","-3.0","11:35:00","4f5c8bd3-15c1-4931-a95f-ae98f3c7fcea","cf3fa72e-6fb2-4119-affb-1648e49518f3","flight_management"
"8dfc1584-23be-4122-acc1-3819c2b16c86","TURN","","SKYWAVE_PHASE_4_5","-3.0","11:35:49","808166e8-3fd3-433d-aed9-674543b8ff7f","","","MessagingEndUser","0PAg8000000ZSXhGAO","-3.0","11:35:47","23dc246c-83e6-4737-aa72-72152d3dbe3a","43c2b8f3-ed3e-4095-a20c-485e02b2f756","flight_management"
"8dfc1584-23be-4122-acc1-3819c2b16c86","TURN","","SKYWAVE_PHASE_4_5","-3.0","11:36:29","6db3ed7e-3f57-4917-a9c1-6dcc9ba42d30","","","MessagingEndUser","0PAg8000000ZSXhGAO","-3.0","11:36:26","db0eae6b-9162-4412-a420-912bf486aec1","bf5dc92f-66c7-40ea-ae8f-edf2ebc0ed67","flight_management"
"8dfc1584-23be-4122-acc1-3819c2b16c86","TURN","","SKYWAVE_PHASE_4_5","-3.0","11:37:06","8148f376-0179-4303-a38c-f3b8a6207087","","","MessagingEndUser","0PAg8000000ZSXhGAO","-3.0","11:37:02","5dcde7d4-760a-45b8-a3af-fe6cf16740b1","733e7a32-fcbf-4b3e-ad85-eaefc198c606","flight_management"
"8dfc1584-23be-4122-acc1-3819c2b16c86","SESSION_END","","SKYWAVE_PHASE_4_5","-3.0","11:37:06","ae20c545-77a1-4a0d-af8f-dc04c72b07c7","","","","","-3.0","11:37:06","3699361c-48f1-4e44-a014-eeedb486d526","561ac576-dda9-4d2f-acf8-15b5358d98a4","NOT_SET"
"0babac34-9cfa-4d90-acc6-56fc5a85cf2f","TURN","","SKYWAVE_PHASE_4_5","-7.0","16:19:03","dec263fa-0def-4701-a90c-705a7aedea3c","","","MessagingEndUser","0PAg8000000ZTNJGA4","-7.0","16:19:00","cfa0cbe6-4136-4c9d-a0d3-5034dc286018","bbd03aa8-8ba3-4e15-a5cd-9256d089f689","flight_management"
"0babac34-9cfa-4d90-acc6-56fc5a85cf2f","TURN","","SKYWAVE_PHASE_4_5","-7.0","16:20:01","36d035ac-69c7-443a-a836-48497b7c4323","","","MessagingEndUser","0PAg8000000ZTNJGA4","-7.0","16:19:57","ee9c2316-c841-4687-a531-35e357e85c29","43d247e7-eec3-4699-a186-b8f53c8c9620","flight_management"
"0babac34-9cfa-4d90-acc6-56fc5a85cf2f","TURN","","SKYWAVE_PHASE_4_5","-7.0","16:21:00","0d671f41-0bfd-41dd-ac91-1659516fc5a0","","","MessagingEndUser","0PAg8000000ZTNJGA4","-7.0","16:20:58","1377203c-0953-469f-a174-4cf7c827f262","ee16412b-75de-4800-a85d-a637087d0b29","flight_management"
"0babac34-9cfa-4d90-acc6-56fc5a85cf2f","TURN","","SKYWAVE_PHASE_4_5","-7.0","16:23:50","11eed51e-2942-45f9-addd-2e32a9ca73cb","","","MessagingEndUser","0PAg8000000ZTNJGA4","-7.0","16:23:47","654461d9-a603-43a0-a615-2f63182f68e8","14df9120-dfec-410b-a48a-b413bcba5c83","flight_management"
"0babac34-9cfa-4d90-acc6-56fc5a85cf2f","TURN","","SKYWAVE_PHASE_4_5","-7.0","16:25:58","d85982bd-1d26-4019-affb-a2f9ce65582f","","","MessagingEndUser","0PAg8000000ZTNJGA4","-7.0","16:25:56","9ca9fa24-ac90-4bc7-aac2-44a4ef840bf2","f07df948-2840-412a-a2a6-e667f89e70cb","case_management"
"0babac34-9cfa-4d90-acc6-56fc5a85cf2f","TURN","","SKYWAVE_PHASE_4_5","-7.0","16:28:54","4539cc75-0cb9-4899-acf4-60fa2461b95d","","","MessagingEndUser","0PAg8000000ZTNJGA4","-7.0","16:28:51","ae106e9f-572f-46a8-a8f7-191908604a77","ec77c9bd-821e-4cfc-a028-2db346f12f4e","case_management"
"0babac34-9cfa-4d90-acc6-56fc5a85cf2f","SESSION_END","","SKYWAVE_PHASE_4_5","-7.0","16:28:54","2a6e15fa-0d0c-4d3d-a4b5-f28736cb86a5","","","","","-7.0","16:28:54","96e1fbdc-23bf-4517-aede-dc9eddd61d25","2c05989e-51f5-415e-a178-5b8e4f95dbd9","NOT_SET"
"f3c8055d-ba6b-4909-a4c8-a874aaa406b0","TURN","","SKYWAVE_PHASE_4_5","-10.0","12:07:04","efd9dd4b-127a-4d93-a662-2f12e1670640","","","MessagingEndUser","0PAg8000000ZUsrGAG","-10.0","12:07:00","799c2b37-5039-4e90-a24c-642a315bdcc9","5a7f2751-c678-4401-a0a5-ccd513b7e146","off_topic"
"f3c8055d-ba6b-4909-a4c8-a874aaa406b0","TURN","","SKYWAVE_PHASE_4_5","-10.0","12:11:01","fae2df92-fa58-453e-ad50-aebe08614aff","","","MessagingEndUser","0PAg8000000ZUsrGAG","-10.0","12:10:59","334701ce-03db-4e28-ae37-3856ef1c563f","12836ea4-9cb8-42c0-aa94-cdc87b8c86bd","off_topic"
"f3c8055d-ba6b-4909-a4c8-a874aaa406b0","TURN","","SKYWAVE_PHASE_4_5","-10.0","12:11:28","8ac28920-1b32-4bee-a3f4-54d5a272b640","","","MessagingEndUser","0PAg8000000ZUsrGAG","-10.0","12:11:25","dfd876d1-f6e4-430a-a726-ddfdbcce7cc5","4f3da6c3-caf4-4a87-ac12-63f197e44bea","mileage_account"
"f3c8055d-ba6b-4909-a4c8-a874aaa406b0","TURN","","SKYWAVE_PHASE_4_5","-10.0","12:12:34","876a3d74-aa46-4bb0-a766-8758dbdb429b","","","MessagingEndUser","0PAg8000000ZUsrGAG","-10.0","12:12:32","75694a22-defb-4790-a381-253d2f7a0c43","3f3bbe46-2785-4ae5-aace-c2eaf6dc794c","mileage_account"
"f3c8055d-ba6b-4909-a4c8-a874aaa406b0","SESSION_END","","SKYWAVE_PHASE_4_5","-10.0","12:12:34","6ebf6cbe-8aab-4b80-a191-a620fee25510","","","","","-10.0","12:12:34","1a607b70-ce9a-4107-ab16-a94c6f38f3a2","7c13e913-cefd-4224-a79a-9698576239e2","NOT_SET"
"1553f4a9-45fd-4033-a3c4-06d6994fb6ed","TURN","","SKYWAVE_PHASE_4_5","-1.0","16:41:02","00fc2057-703b-4945-a10d-8bba2334ccd5","","","MessagingEndUser","0PAg8000000ZVDpGAO","-1.0","16:41:00","00437274-6845-4e13-a4e5-bc15479a25ae","cccd2d81-1e6c-4406-a467-37f1db84696e","flight_management"
"1553f4a9-45fd-4033-a3c4-06d6994fb6ed","TURN","","SKYWAVE_PHASE_4_5","-1.0","16:42:53","0f171d71-aa98-40a7-a217-97e015963846","","","MessagingEndUser","0PAg8000000ZVDpGAO","-1.0","16:42:50","fa751617-bd71-401d-a0c9-88382abf86f1","f37c3994-974f-4c8c-a88e-776922382d71","flight_management"
"1553f4a9-45fd-4033-a3c4-06d6994fb6ed","SESSION_END","","SKYWAVE_PHASE_4_5","-1.0","16:42:53","21844828-0fc8-4fa8-a656-a1e9c2bfe37d","","","","","-1.0","16:42:53","4d22b3a5-e7a6-45fa-ac04-f254dc92a1a8","b8ce355d-fb41-478a-ace5-16fc32447939","NOT_SET"
"9b1ae7e9-04eb-4ed3-ad83-f9b6da5b90c6","TURN","","SKYWAVE_PHASE_4_5","-10.0","12:52:03","aa0a65c9-649e-4777-abe9-883ea30c50af","","","MessagingEndUser","0PAg8000000ZfMrGAK","-10.0","12:52:00","47190f8c-4262-44c5-a83e-0427b84dc902","7edbd2e6-52e1-4d98-a63d-a3ea0726807e","mileage_account"
"9b1ae7e9-04eb-4ed3-ad83-f9b6da5b90c6","TURN","","SKYWAVE_PHASE_4_5","-10.0","12:52:37","8deb0587-70b6-4f26-a909-7b7be5564a03","","","MessagingEndUser","0PAg8000000ZfMrGAK","-10.0","12:52:34","13a357a4-ca11-4eac-a74b-52eb7bdf3a66","9261659a-bdfa-4a18-a5c0-79ef422ff609","mileage_account"
"9b1ae7e9-04eb-4ed3-ad83-f9b6da5b90c6","SESSION_END","","SKYWAVE_PHASE_4_5","-10.0","12:52:37","79f6861a-49b0-497b-a9d7-2b38466261f4","","","","","-10.0","12:52:37","b526aded-eace-4e4a-a0ff-4b3976ded964","817bf6bd-1266-41b6-a6e2-77599b7db65b","NOT_SET"
"e68773ce-4fb5-4661-a263-564d8aaa3d9e","TURN","","SKYWAVE_PHASE_4_5","-6.0","17:47:02","c131fbe1-56dc-4230-a458-f2c9eb61ba60","","","MessagingEndUser","0PAg8000000Zim9GAC","-6.0","17:47:00","1305b9b6-8b5e-49c1-a0f4-74b6ac028adb","c690afaf-4700-4d4c-a42b-ed3ffebd7eb8","flight_management"
"e68773ce-4fb5-4661-a263-564d8aaa3d9e","TURN","","SKYWAVE_PHASE_4_5","-6.0","17:50:45","cbcbc23d-3b83-4610-a487-61bb133665c5","","","MessagingEndUser","0PAg8000000Zim9GAC","-6.0","17:50:42","2403d791-32eb-46fb-a8cf-b43132e40878","a222e806-1a3e-4350-a64b-2b992b88b72b","flight_management"
"e68773ce-4fb5-4661-a263-564d8aaa3d9e","SESSION_END","","SKYWAVE_PHASE_4_5","-6.0","17:50:45","aef5c315-4d92-4e2e-a06e-281057ba3c98","","","","","-6.0","17:50:45","e6489443-2115-4dd7-a3ad-8c1923dbba8d","de2dd651-b0a8-4e62-a0c3-132e29db6f1d","NOT_SET"
"bdfdbeed-6de0-4ddc-aafe-4a4f2d8aa63e","TURN","","SKYWAVE_PHASE_4_5","-3.0","12:13:03","8b667eaf-5eac-4c98-a160-66abf64cebbb","","","MessagingEndUser","0PAg8000000ZjblGAC","-3.0","12:13:00","9be43f0c-292d-4c25-a1fc-9b886e7f55ca","be10d1e4-46a6-498e-ab9b-fc8fbf28e319","flight_management"
"bdfdbeed-6de0-4ddc-aafe-4a4f2d8aa63e","TURN","","SKYWAVE_PHASE_4_5","-3.0","12:13:44","5f3232b9-544e-4d90-afb7-be2f8e4de3f2","","","MessagingEndUser","0PAg8000000ZjblGAC","-3.0","12:13:42","92a95ff8-2dfd-4f70-a40f-f5b34d435df7","9c9d1a71-6d3f-45f7-a105-e1a77a00502e","flight_management"
"bdfdbeed-6de0-4ddc-aafe-4a4f2d8aa63e","SESSION_END","","SKYWAVE_PHASE_4_5","-3.0","12:13:44","1ee1229c-6ed2-4571-abe0-f15884ffa9c1","","","","","-3.0","12:13:44","c5a71530-fb70-4633-a58c-a5a60277e620","5cc2eb0c-104c-438b-a17f-7bb8e347caf7","NOT_SET"
"5453c639-d287-422b-a7c7-a5c65faac08b","TURN","","SKYWAVE_PHASE_4_5","-3.0","14:53:03","91e5fad1-325b-45d5-a21c-79c64cf1573f","","","MessagingEndUser","0PAg8000000Zl5hGAC","-3.0","14:53:00","0a79a942-cb46-4fe4-a526-4100eebcf8e9","0538258f-5e8f-4013-a04c-0ad4baeeef3e","flight_management"
"5453c639-d287-422b-a7c7-a5c65faac08b","TURN","","SKYWAVE_PHASE_4_5","-3.0","14:53:35","bfab582e-32ca-4aef-ae72-876f83acaae2","","","MessagingEndUser","0PAg8000000Zl5hGAC","-3.0","14:53:31","a0ce5325-fcce-4a59-a3bf-1619852e20f7","340022fa-9364-45d0-aafd-c70231e53d3b","flight_management"
"5453c639-d287-422b-a7c7-a5c65faac08b","SESSION_END","","SKYWAVE_PHASE_4_5","-3.0","14:53:35","3b2e46c7-651b-48aa-aefa-2a5fed64851e","","","","","-3.0","14:53:35","9e03d399-9ff0-4dae-a3d5-a3a616b2e91f","90d87a56-ca11-4cea-a54e-475ff5c89631","NOT_SET"
"1f700f7f-c8a2-4e23-a319-5a57f5f32d92","TURN","","SKYWAVE_PHASE_4_5","-14.0","17:48:03","aba08b15-19cc-427c-aa2f-0ba9f3e9fd50","","","MessagingEndUser","0PAg8000000ZlTtGAK","-14.0","17:48:00","fdd03c6c-bca6-4fc5-ab6c-c6757f8746ae","054a3e76-3b22-432d-a349-b1116b4ea5c4","case_management"
"1f700f7f-c8a2-4e23-a319-5a57f5f32d92","TURN","","SKYWAVE_PHASE_4_5","-14.0","17:49:01","174bca95-c501-4b65-a7f9-bb11ac35cab2","","","MessagingEndUser","0PAg8000000ZlTtGAK","-14.0","17:48:59","024a8ab1-528e-4c69-aabe-9cbabeeec1e4","9284124b-37a5-4a67-a471-8f7af22f5a74","case_management"
"1f700f7f-c8a2-4e23-a319-5a57f5f32d92","SESSION_END","","SKYWAVE_PHASE_4_5","-14.0","17:49:01","f3cbe75e-8379-48c4-a5ff-021e67967ffe","","","","","-14.0","17:49:01","9f3abd69-2ab5-44a0-af75-749246264095","1ea615e3-9faf-452d-ae7f-f9c169cf422d","NOT_SET"
"98bf763a-1e0c-4e61-a9ac-5cf30fe2daad","TURN","","SKYWAVE_PHASE_4_5","-14.0","10:20:04","c5691206-90f5-4b8a-ae30-9677ba147704","","","MessagingEndUser","0PAg8000000ZpBpGAK","-14.0","10:20:00","e49c1a41-f402-4c0b-a32d-f455f1ebbe86","8e87d15b-0021-424d-ad9c-55c57534fbd3","flight_management"
"98bf763a-1e0c-4e61-a9ac-5cf30fe2daad","TURN","","SKYWAVE_PHASE_4_5","-14.0","10:22:39","0be26ad2-444c-4d2d-aeae-7352f8a2b768","","","MessagingEndUser","0PAg8000000ZpBpGAK","-14.0","10:22:35","39be7d92-449e-4fee-af46-b4bc9cb93c51","1b2c498c-2252-4760-a604-06561ceb0f76","flight_management"
"98bf763a-1e0c-4e61-a9ac-5cf30fe2daad","SESSION_END","","SKYWAVE_PHASE_4_5","-14.0","10:22:39","499cc8e9-d3f5-4a62-a183-dc406dfaf848","","","","","-14.0","10:22:39","06165a3f-01fc-4142-a0ac-3d144ed79974","0086a85b-ec21-42fb-ac51-6a1939777452","NOT_SET"
"a58e0850-4f18-479a-a2f8-a82137419625","TURN","","SKYWAVE_PHASE_4_5","-9.0","09:21:03","9cb1ad08-d5e4-4418-a715-c34a37a9f428","","","MessagingEndUser","0PAg8000000ZqYPGA0","-9.0","09:21:00","1822d98e-7be3-4139-a332-9edfd974bc12","389fece8-9aca-4c9d-a491-2e8f200454d2","mileage_account"
"a58e0850-4f18-479a-a2f8-a82137419625","TURN","","SKYWAVE_PHASE_4_5","-9.0","09:21:35","f1a80e6b-80aa-4485-a9c0-413dfd03782d","","","MessagingEndUser","0PAg8000000ZqYPGA0","-9.0","09:21:32","bd62038b-11b8-4cf6-a5bd-43546cc56877","87ef07fb-e1e5-4c57-a802-2a49056a6c3e","mileage_account"
"a58e0850-4f18-479a-a2f8-a82137419625","TURN","","SKYWAVE_PHASE_4_5","-9.0","09:24:01","4942d91f-f21c-4451-a5be-a21be53d0d2e","","","MessagingEndUser","0PAg8000000ZqYPGA0","-9.0","09:23:57","e3183f18-8963-4a5c-a707-471589cae406","cf88bc00-ec9c-4efe-a9bf-39f4d64b3d04","case_management"
"a58e0850-4f18-479a-a2f8-a82137419625","TURN","","SKYWAVE_PHASE_4_5","-9.0","09:24:53","9892fa5c-a822-47ac-a5b1-66e14bd5dbb0","","","MessagingEndUser","0PAg8000000ZqYPGA0","-9.0","09:24:50","175c2906-8005-4f56-aaf4-cf031daad70d","d628e091-208f-4b61-a6f0-4b84b9500667","case_management"
"a58e0850-4f18-479a-a2f8-a82137419625","TURN","","SKYWAVE_PHASE_4_5","-9.0","09:25:54","0dcdce32-655a-4995-aff5-84a5b5b41875","","","MessagingEndUser","0PAg8000000ZqYPGA0","-9.0","09:25:50","a471cdd8-f8da-4bac-a5b4-d71e9f83c6c0","abf1ac7c-b4f9-434c-aa13-d708c7cc809e","flight_management"
"a58e0850-4f18-479a-a2f8-a82137419625","TURN","","SKYWAVE_PHASE_4_5","-9.0","09:26:57","224d7a28-6857-48ba-add3-dd79950d5730","","","MessagingEndUser","0PAg8000000ZqYPGA0","-9.0","09:26:55","8fce4a8c-c1b5-4e7c-aa43-1a22aea14048","2060e2b4-26fa-45d1-ad9f-75ac4a0cf201","flight_management"
"a58e0850-4f18-479a-a2f8-a82137419625","SESSION_END","","SKYWAVE_PHASE_4_5","-9.0","09:26:57","8bad324f-e911-460a-ae2c-246dc61674ca","","","","","-9.0","09:26:57","8ad20065-f5ba-403d-a88d-560e9dbd53b9","d42f8d7f-5ca9-4cb9-a7fc-341fd7eb4918","NOT_SET"
"bc7f3478-bdad-4d59-ae53-70c9c3e4e53d","TURN","","SKYWAVE_PHASE_4_5","-5.0","13:26:02","ce4e3c13-fb80-4334-a4b3-f507cc18ac12","","","MessagingEndUser","0PAg8000000Zqa1GAC","-5.0","13:26:00","a9bc15cc-1fad-4ef0-aec3-f3c213cf6909","773d4c45-9374-4a2d-ad91-4b1a6ea8f5e4","off_topic"
"bc7f3478-bdad-4d59-ae53-70c9c3e4e53d","TURN","","SKYWAVE_PHASE_4_5","-5.0","13:26:41","77e2e49e-21c7-46b2-ae34-ac4c010872a2","","","MessagingEndUser","0PAg8000000Zqa1GAC","-5.0","13:26:38","2c60dea7-1a3e-4589-a07d-cac27ef70987","0004e938-60eb-44ef-a662-d97a08081a97","off_topic"
"bc7f3478-bdad-4d59-ae53-70c9c3e4e53d","SESSION_END","","SKYWAVE_PHASE_4_5","-5.0","13:26:41","60d7bfe5-4ab1-478f-ab86-87d33f72a211","","","","","-5.0","13:26:41","33912c1a-b78e-46b7-a104-280d113f73c4","e6c61241-b8e2-47cd-ad2d-0f83dd04a056","NOT_SET"
"c7c6ac4a-5b4e-4474-aed5-583f03b4653e","TURN","","SKYWAVE_PHASE_4_5","-14.0","12:56:02","724b8f94-da02-430e-a0cd-e3d4c2b5edf8","","","MessagingEndUser","0PAg8000000Zr1RGAS","-14.0","12:56:00","932b83e1-fab1-4d92-a957-02d2be88116b","4b327245-2117-46ef-aabf-db58aaac8dba","case_management"
"c7c6ac4a-5b4e-4474-aed5-583f03b4653e","TURN","","SKYWAVE_PHASE_4_5","-14.0","12:57:00","078479c4-4871-45a2-aa5d-874f96528910","","","MessagingEndUser","0PAg8000000Zr1RGAS","-14.0","12:56:58","e5c046b2-a040-4349-ac04-846286d0d547","fae1d3de-c00a-472d-a84e-49ac2e128946","case_management"
"c7c6ac4a-5b4e-4474-aed5-583f03b4653e","TURN","","SKYWAVE_PHASE_4_5","-14.0","12:57:55","8eb23339-1420-424e-adca-faf0af3a368e","","","MessagingEndUser","0PAg8000000Zr1RGAS","-14.0","12:57:52","8097a721-6e17-4baf-a254-2c1fbc674470","f3d035be-4c2d-4b05-a140-ad289675442b","flight_management"
"c7c6ac4a-5b4e-4474-aed5-583f03b4653e","TURN","","SKYWAVE_PHASE_4_5","-14.0","12:58:34","6774dfad-1bcb-4d82-a58c-abb42c1052a2","","","MessagingEndUser","0PAg8000000Zr1RGAS","-14.0","12:58:32","4f7ffd2d-75db-455b-ad57-e7a7c224f29b","d9d6b2e4-1871-4df7-ab1a-b3b9f3289130","flight_management"
"c7c6ac4a-5b4e-4474-aed5-583f03b4653e","SESSION_END","","SKYWAVE_PHASE_4_5","-14.0","12:58:34","c8294e27-c916-4a5c-a437-9c8dca4676f9","","","","","-14.0","12:58:34","6f5ae908-58b8-46d4-a44d-a9d29b6419b1","5a0d4abf-4cfd-42fd-a1dc-07897d550aad","NOT_SET"
"43fe0c2b-657e-42be-a0e5-d96d6fce0408","TURN","","SKYWAVE_PHASE_4_5","-14.0","18:44:02","37731913-f6d5-42e4-a5c5-adf467db12fa","","","MessagingEndUser","0PAg8000000ZrCjGAK","-14.0","18:44:00","687e91f6-bbc7-4472-ac90-65b62c2385fc","b112812d-ed3f-4c32-a3c9-4092df504ce3","case_management"
"43fe0c2b-657e-42be-a0e5-d96d6fce0408","TURN","","SKYWAVE_PHASE_4_5","-14.0","18:45:02","8b8ec65f-1baf-4d27-a577-aecaf83eb62b","","","MessagingEndUser","0PAg8000000ZrCjGAK","-14.0","18:44:58","82af88a2-f1f6-4304-a83e-e5b5708d3821","f81ceaa9-6c74-48d3-a82c-016ec0646b34","case_management"
"43fe0c2b-657e-42be-a0e5-d96d6fce0408","SESSION_END","","SKYWAVE_PHASE_4_5","-14.0","18:45:02","d999dc52-daea-449e-a916-4e5409ab87e6","","","","","-14.0","18:45:02","7a32fa54-583d-42d7-af91-af5e0f73412c","f73eeeb3-c8a5-441e-a7e5-52f2a0ec13c9","NOT_SET"
