"AI_Agent_Interaction_Message_Type__c","AI_Agent_Interaction__c","AI_Agent_Session_Participant__c","AI_Agent_Session__c","Ai_Agent_Interaction_Msg_Content_Type__c","Content__c","Demo_Identifier__c","External_ID__c","Individual__c","Message_Sent_Days__c","Message_Sent_Time__c","Parent_Message__c","Session_Owner_Object__c","Session_Owner__c"
"Input","a5d1a5a1-afd2-4aaa-a76b-5ed43a1f338f","ucf1fc74-d2e4-419d-a70d-26ea7e964a84","5cf1fc74-d2e4-419d-a70d-26ea7e964a84","text/plain","Whats the weather like in Tokyo?","SKYWAVE_PHASE_4_5","e7b9e8d8-61b6-4fb8-a0c9-275d2bbb36b5","","-6.0","18:01:00","","",""
"Output","a5d1a5a1-afd2-4aaa-a76b-5ed43a1f338f","acf1fc74-d2e4-419d-a70d-26ea7e964a84","5cf1fc74-d2e4-419d-a70d-26ea7e964a84","text/plain","I can only help with flight bookings and Skywave loyalty questions.","SKYWAVE_PHASE_4_5","0d57341c-0571-42a1-a3a6-b60ce2776bac","","-6.0","18:01:04","","",""
"Input","7f8e0c6a-cdd1-4c8a-a7ac-26269b25655c","ucf1fc74-d2e4-419d-a70d-26ea7e964a84","5cf1fc74-d2e4-419d-a70d-26ea7e964a84","text/plain","This still is not working, I am frustrated.","SKYWAVE_PHASE_4_5","c97e46bf-3626-4d21-a919-9a17419bc24a","","-6.0","18:01:51","","",""
"Output","7f8e0c6a-cdd1-4c8a-a7ac-26269b25655c","acf1fc74-d2e4-419d-a70d-26ea7e964a84","5cf1fc74-d2e4-419d-a70d-26ea7e964a84","text/plain","I am sorry for the inconvenience. I was unable to resolve this for you.","SKYWAVE_PHASE_4_5","00db8a24-f1de-42e6-a4a7-b20d1ec05fc1","","-6.0","18:01:53","","",""
"Input","e2074bd2-b8ce-44d9-a24d-8eca827749cd","u19da89a-c5cd-4fdf-a612-b98d244a5bcb","219da89a-c5cd-4fdf-a612-b98d244a5bcb","text/plain","What is my tier status?","SKYWAVE_PHASE_4_5","16451f80-17e8-4da6-af57-fbe43ee478c4","","-4.0","08:24:00","","",""
"Output","e2074bd2-b8ce-44d9-a24d-8eca827749cd","a19da89a-c5cd-4fdf-a612-b98d244a5bcb","219da89a-c5cd-4fdf-a612-b98d244a5bcb","text/plain","You are Gold tier with 14,200 qualifying points this year.","SKYWAVE_PHASE_4_5","118eb75b-ff91-4147-a571-6df30c792b93","","-4.0","08:24:03","","",""
"Input","75690e61-d8ac-4eb6-a52e-b306ea8573ed","u19da89a-c5cd-4fdf-a612-b98d244a5bcb","219da89a-c5cd-4fdf-a612-b98d244a5bcb","text/plain","Great, thank you!","SKYWAVE_PHASE_4_5","3faae7b6-9586-4e11-aad5-7b55b20dc8e8","","-4.0","08:26:08","","",""
"Output","75690e61-d8ac-4eb6-a52e-b306ea8573ed","a19da89a-c5cd-4fdf-a612-b98d244a5bcb","219da89a-c5cd-4fdf-a612-b98d244a5bcb","text/plain","You are welcome. Is there anything else I can help with?","SKYWAVE_PHASE_4_5","f3b395bd-6d7a-4a0b-a298-5532f802f4e7","","-4.0","08:26:12","","",""
"Input","99344dd8-6b00-4196-a053-d4930fb42516","ua68f314-dc0e-48d1-aed7-44af7c2479c9","9a68f314-dc0e-48d1-aed7-44af7c2479c9","text/plain","I want to change my seat to a window seat","SKYWAVE_PHASE_4_5","fac0c5ff-a59c-4736-af7a-967f32e251f7","","-5.0","10:00:00","","",""
"Output","99344dd8-6b00-4196-a053-d4930fb42516","aa68f314-dc0e-48d1-aed7-44af7c2479c9","9a68f314-dc0e-48d1-aed7-44af7c2479c9","text/plain","Sorry, I am unable to change your seat right now. Please try again later.","SKYWAVE_PHASE_4_5","61fcd2fb-a8e5-4325-a854-c8bd10221549","","-5.0","10:00:04","","",""
"Input","9ccf136f-b2da-423f-a2b0-d5d369aa1d14","ua68f314-dc0e-48d1-aed7-44af7c2479c9","9a68f314-dc0e-48d1-aed7-44af7c2479c9","text/plain","This still is not working, I am frustrated.","SKYWAVE_PHASE_4_5","d767f5a5-ac5c-4306-a1d4-932c5fe5e1fd","","-5.0","10:00:53","","",""
"Output","9ccf136f-b2da-423f-a2b0-d5d369aa1d14","aa68f314-dc0e-48d1-aed7-44af7c2479c9","9a68f314-dc0e-48d1-aed7-44af7c2479c9","text/plain","I am sorry for the inconvenience. I was unable to resolve this for you.","SKYWAVE_PHASE_4_5","3897c2f1-04b1-496f-a9ff-4fae7d815e6c","","-5.0","10:00:57","","",""
"Input","c226328e-9622-427e-ac45-ba42fd4e9f20","udd36b0a-d270-41be-a9ef-93ffb2daaa6b","5dd36b0a-d270-41be-a9ef-93ffb2daaa6b","text/plain","Find flights from JFK to HND tomorrow","SKYWAVE_PHASE_4_5","55c2c4a3-609d-4306-a273-1159fa8e63d7","","-3.0","19:45:00","","",""
"Output","c226328e-9622-427e-ac45-ba42fd4e9f20","add36b0a-d270-41be-a9ef-93ffb2daaa6b","5dd36b0a-d270-41be-a9ef-93ffb2daaa6b","text/plain","I found 4 flights for that route. The cheapest is SW1200 at 1pm for $1,280.","SKYWAVE_PHASE_4_5","31e6a5fa-aea1-4e12-a517-1d6bf5084a4b","","-3.0","19:45:02","","",""
"Input","980f766b-3c39-474a-a383-3dfee2d7e98f","udd36b0a-d270-41be-a9ef-93ffb2daaa6b","5dd36b0a-d270-41be-a9ef-93ffb2daaa6b","text/plain","Great, thank you!","SKYWAVE_PHASE_4_5","661f09bb-f3d5-4efa-a062-6fcda0997d91","","-3.0","19:45:30","","",""
"Output","980f766b-3c39-474a-a383-3dfee2d7e98f","add36b0a-d270-41be-a9ef-93ffb2daaa6b","5dd36b0a-d270-41be-a9ef-93ffb2daaa6b","text/plain","You are welcome. Is there anything else I can help with?","SKYWAVE_PHASE_4_5","9de5880a-f601-4693-a5ec-89387b766caf","","-3.0","19:45:32","","",""
"Input","ffac429f-ea59-4b18-a1da-85c009a37b2f","udd36b0a-d270-41be-a9ef-93ffb2daaa6b","5dd36b0a-d270-41be-a9ef-93ffb2daaa6b","text/plain","Show me my upcoming bookings","SKYWAVE_PHASE_4_5","ccf3c83e-1f93-46fc-aac8-955b72e363f9","","-3.0","19:46:13","","",""
"Output","ffac429f-ea59-4b18-a1da-85c009a37b2f","add36b0a-d270-41be-a9ef-93ffb2daaa6b","5dd36b0a-d270-41be-a9ef-93ffb2daaa6b","text/plain","You have one upcoming booking — LH 1927 BER-MUC-SFO, confirmed.","SKYWAVE_PHASE_4_5","2b5c641b-b6dd-4f28-ae3d-be568eb6aa2e","","-3.0","19:46:15","","",""
"Input","2845e3a9-f275-4c15-a065-f76875a9f374","udd36b0a-d270-41be-a9ef-93ffb2daaa6b","5dd36b0a-d270-41be-a9ef-93ffb2daaa6b","text/plain","Great, thank you!","SKYWAVE_PHASE_4_5","5f8e62a3-eba5-4fd8-a6a1-7112e59b3442","","-3.0","19:46:32","","",""
"Output","2845e3a9-f275-4c15-a065-f76875a9f374","add36b0a-d270-41be-a9ef-93ffb2daaa6b","5dd36b0a-d270-41be-a9ef-93ffb2daaa6b","text/plain","You are welcome. Is there anything else I can help with?","SKYWAVE_PHASE_4_5","586c2245-3158-47b3-a12b-dddab3a56914","","-3.0","19:46:34","","",""
"Input","dd61101d-630b-41a2-a09e-a13a41883910","udd36b0a-d270-41be-a9ef-93ffb2daaa6b","5dd36b0a-d270-41be-a9ef-93ffb2daaa6b","text/plain","I want to select seat 1A for my flight","SKYWAVE_PHASE_4_5","a36cd837-1df6-461f-a019-80f91cc393cf","","-3.0","19:49:54","","",""
"Output","dd61101d-630b-41a2-a09e-a13a41883910","add36b0a-d270-41be-a9ef-93ffb2daaa6b","5dd36b0a-d270-41be-a9ef-93ffb2daaa6b","text/plain","I was unable to retrieve the seat map automatically and could not assign the seat.","SKYWAVE_PHASE_4_5","92c289f7-282c-4abb-a3fb-273701895f4f","","-3.0","19:49:56","","",""
"Input","10cb7614-59b4-4faf-a401-7a711f946515","udd36b0a-d270-41be-a9ef-93ffb2daaa6b","5dd36b0a-d270-41be-a9ef-93ffb2daaa6b","text/plain","This still is not working, I am frustrated.","SKYWAVE_PHASE_4_5","05cb3781-2b44-46b6-a45e-bd360ae705ae","","-3.0","19:51:10","","",""
"Output","10cb7614-59b4-4faf-a401-7a711f946515","add36b0a-d270-41be-a9ef-93ffb2daaa6b","5dd36b0a-d270-41be-a9ef-93ffb2daaa6b","text/plain","I am sorry for the inconvenience. I was unable to resolve this for you.","SKYWAVE_PHASE_4_5","17ccb9b7-2b9f-4fef-ad86-dbac29c4a25b","","-3.0","19:51:12","","",""
"Input","213d38b5-93dc-4863-a754-4b5ef585bd1b","u3013d9c-2301-4a5a-a6cd-274731e8af2e","a3013d9c-2301-4a5a-a6cd-274731e8af2e","text/plain","I want to change my seat to a window seat","SKYWAVE_PHASE_4_5","7f2cdf9b-3a1a-42d5-a8c1-37724dbe7563","","-13.0","14:59:00","","",""
"Output","213d38b5-93dc-4863-a754-4b5ef585bd1b","a3013d9c-2301-4a5a-a6cd-274731e8af2e","a3013d9c-2301-4a5a-a6cd-274731e8af2e","text/plain","Sorry, I am unable to change your seat right now. Please try again later.","SKYWAVE_PHASE_4_5","19f5bf50-8396-44b6-a41e-f88048e73665","","-13.0","14:59:03","","",""
"Input","2149739f-38ec-4b70-acfb-3c3483407cc4","u3013d9c-2301-4a5a-a6cd-274731e8af2e","a3013d9c-2301-4a5a-a6cd-274731e8af2e","text/plain","This still is not working, I am frustrated.","SKYWAVE_PHASE_4_5","d2b41327-4dcb-4ff6-ae1a-a6719f6837d9","","-13.0","14:59:50","","",""
"Output","2149739f-38ec-4b70-acfb-3c3483407cc4","a3013d9c-2301-4a5a-a6cd-274731e8af2e","a3013d9c-2301-4a5a-a6cd-274731e8af2e","text/plain","I am sorry for the inconvenience. I was unable to resolve this for you.","SKYWAVE_PHASE_4_5","9aa674d3-2f70-42e6-a538-9631e44e5e14","","-13.0","14:59:52","","",""
"Input","2fb90de6-f412-4856-a289-2233b8d6db9f","u3013d9c-2301-4a5a-a6cd-274731e8af2e","a3013d9c-2301-4a5a-a6cd-274731e8af2e","text/plain","What is my tier status?","SKYWAVE_PHASE_4_5","1767c22d-94a7-406c-aff1-c8b06c33dcbd","","-13.0","15:00:58","","",""
"Output","2fb90de6-f412-4856-a289-2233b8d6db9f","a3013d9c-2301-4a5a-a6cd-274731e8af2e","a3013d9c-2301-4a5a-a6cd-274731e8af2e","text/plain","You are Gold tier with 14,200 qualifying points this year.","SKYWAVE_PHASE_4_5","d5dd21ef-0b35-4b7e-ac58-4149aee81a74","","-13.0","15:01:01","","",""
"Input","a06d89d5-9e35-4cf8-a526-8f74107f9478","u3013d9c-2301-4a5a-a6cd-274731e8af2e","a3013d9c-2301-4a5a-a6cd-274731e8af2e","text/plain","Great, thank you!","SKYWAVE_PHASE_4_5","dde35389-383c-4fbc-a9a6-ab0458bd480d","","-13.0","15:05:14","","",""
"Output","a06d89d5-9e35-4cf8-a526-8f74107f9478","a3013d9c-2301-4a5a-a6cd-274731e8af2e","a3013d9c-2301-4a5a-a6cd-274731e8af2e","text/plain","You are welcome. Is there anything else I can help with?","SKYWAVE_PHASE_4_5","6948446c-12fb-4da1-ac3b-2d6c1c93b804","","-13.0","15:05:16","","",""
"Input","7cf4928b-4eaf-4795-a4c5-80d53a266824","u2137894-6f0f-4506-ac2b-52fa3776ad99","92137894-6f0f-4506-ac2b-52fa3776ad99","text/plain","Can I move from 23B to an aisle seat?","SKYWAVE_PHASE_4_5","f43fe83e-e613-4de3-a4f0-3ddf10b3460e","","-5.0","10:07:00","","",""
"Output","7cf4928b-4eaf-4795-a4c5-80d53a266824","a2137894-6f0f-4506-ac2b-52fa3776ad99","92137894-6f0f-4506-ac2b-52fa3776ad99","text/plain","I could not update your seat assignment. Please contact a service agent.","SKYWAVE_PHASE_4_5","921bf2ba-b77a-4342-a023-9379b4be3001","","-5.0","10:07:04","","",""
"Input","f8262dea-e5d2-4534-a96e-8733818c4f7f","u2137894-6f0f-4506-ac2b-52fa3776ad99","92137894-6f0f-4506-ac2b-52fa3776ad99","text/plain","This still is not working, I am frustrated.","SKYWAVE_PHASE_4_5","1b8a5594-ea79-44bd-aed4-27237652e2f1","","-5.0","10:07:25","","",""
"Output","f8262dea-e5d2-4534-a96e-8733818c4f7f","a2137894-6f0f-4506-ac2b-52fa3776ad99","92137894-6f0f-4506-ac2b-52fa3776ad99","text/plain","I am sorry for the inconvenience. I was unable to resolve this for you.","SKYWAVE_PHASE_4_5","055c73ee-f4d6-4869-a441-2c0a89c3c2e6","","-5.0","10:07:27","","",""
"Input","0b26a445-d1ee-4d6b-ad92-534f315e696b","u0c20992-72e7-4c38-af22-3c49576d4458","80c20992-72e7-4c38-af22-3c49576d4458","text/plain","How many miles do I have?","SKYWAVE_PHASE_4_5","52a43467-12c2-4936-a692-b3b86e340678","","-7.0","17:20:00","","",""
"Output","0b26a445-d1ee-4d6b-ad92-534f315e696b","a0c20992-72e7-4c38-af22-3c49576d4458","80c20992-72e7-4c38-af22-3c49576d4458","text/plain","You currently have 18,450 SkyWave miles. You are at Premier tier.","SKYWAVE_PHASE_4_5","94a50682-d1f5-44c4-a4ed-c74a2e7bb5b5","","-7.0","17:20:03","","",""
"Input","cdfa1811-409b-482f-afd1-288715a7cb41","u0c20992-72e7-4c38-af22-3c49576d4458","80c20992-72e7-4c38-af22-3c49576d4458","text/plain","Great, thank you!","SKYWAVE_PHASE_4_5","3b1a4c36-b9f6-4700-a4df-6acd3361eec0","","-7.0","17:22:25","","",""
"Output","cdfa1811-409b-482f-afd1-288715a7cb41","a0c20992-72e7-4c38-af22-3c49576d4458","80c20992-72e7-4c38-af22-3c49576d4458","text/plain","You are welcome. Is there anything else I can help with?","SKYWAVE_PHASE_4_5","b6b4458c-9cb4-4a6a-a522-8421ea28038c","","-7.0","17:22:29","","",""
"Input","fdbeef0d-9d9a-498e-a2be-d8d4cb4d861f","u08e224e-6b5e-47fc-a054-a8f16b3a8263","008e224e-6b5e-47fc-a054-a8f16b3a8263","text/plain","What is my tier status?","SKYWAVE_PHASE_4_5","3a5adfb3-69c7-443d-a3ac-85fc434a8e14","","-7.0","18:27:00","","",""
"Output","fdbeef0d-9d9a-498e-a2be-d8d4cb4d861f","a08e224e-6b5e-47fc-a054-a8f16b3a8263","008e224e-6b5e-47fc-a054-a8f16b3a8263","text/plain","You are Gold tier with 14,200 qualifying points this year.","SKYWAVE_PHASE_4_5","5de8c13a-fec2-4663-a0e6-0777e24e299e","","-7.0","18:27:03","","",""
"Input","e1644883-aa3f-48d2-a64a-ab15cd086323","u08e224e-6b5e-47fc-a054-a8f16b3a8263","008e224e-6b5e-47fc-a054-a8f16b3a8263","text/plain","Great, thank you!","SKYWAVE_PHASE_4_5","66505ed9-58ca-4c34-a6d6-1006b4d581a0","","-7.0","18:27:25","","",""
"Output","e1644883-aa3f-48d2-a64a-ab15cd086323","a08e224e-6b5e-47fc-a054-a8f16b3a8263","008e224e-6b5e-47fc-a054-a8f16b3a8263","text/plain","You are welcome. Is there anything else I can help with?","SKYWAVE_PHASE_4_5","ad1c941f-70db-44e1-ac7c-7e5ce03b58d2","","-7.0","18:27:28","","",""
"Input","7c285f38-6e92-4c9b-a482-c19b9cbf8882","ubcc7729-5fbe-4bd5-a16c-63248ea1247f","4bcc7729-5fbe-4bd5-a16c-63248ea1247f","text/plain","Can I move from 23B to an aisle seat?","SKYWAVE_PHASE_4_5","aaa4bf14-193c-45bb-a6d5-b11405201f1d","","-11.0","15:54:00","","",""
"Output","7c285f38-6e92-4c9b-a482-c19b9cbf8882","abcc7729-5fbe-4bd5-a16c-63248ea1247f","4bcc7729-5fbe-4bd5-a16c-63248ea1247f","text/plain","I could not update your seat assignment. Please contact a service agent.","SKYWAVE_PHASE_4_5","503e6b44-fe4e-45c8-abdd-e4762fda468b","","-11.0","15:54:04","","",""
"Input","4a309082-6881-449f-ae99-65455a6b6171","ubcc7729-5fbe-4bd5-a16c-63248ea1247f","4bcc7729-5fbe-4bd5-a16c-63248ea1247f","text/plain","This still is not working, I am frustrated.","SKYWAVE_PHASE_4_5","6761c794-5350-455a-a0a5-68d12dc5cee7","","-11.0","15:55:53","","",""
"Output","4a309082-6881-449f-ae99-65455a6b6171","abcc7729-5fbe-4bd5-a16c-63248ea1247f","4bcc7729-5fbe-4bd5-a16c-63248ea1247f","text/plain","I am sorry for the inconvenience. I was unable to resolve this for you.","SKYWAVE_PHASE_4_5","8e18585e-c05a-4a50-a101-fcff56028896","","-11.0","15:55:55","","",""
"Input","f840e24f-08ad-4db0-ae3c-9bc04524b1f7","ub72b6e7-d7b7-463d-ad6a-72cc999124a9","9b72b6e7-d7b7-463d-ad6a-72cc999124a9","text/plain","Show me my upcoming bookings","SKYWAVE_PHASE_4_5","6173a774-1ea8-4445-a4de-29b7e1c80692","","-9.0","19:06:00","","",""
"Output","f840e24f-08ad-4db0-ae3c-9bc04524b1f7","ab72b6e7-d7b7-463d-ad6a-72cc999124a9","9b72b6e7-d7b7-463d-ad6a-72cc999124a9","text/plain","You have one upcoming booking — LH 1927 BER-MUC-SFO, confirmed.","SKYWAVE_PHASE_4_5","fd3e0a56-bb15-4b5a-ab6f-06a2d6c9041a","","-9.0","19:06:02","","",""
"Input","2b269d05-075c-4a6b-a1b3-d705c9d4e87c","ub72b6e7-d7b7-463d-ad6a-72cc999124a9","9b72b6e7-d7b7-463d-ad6a-72cc999124a9","text/plain","Great, thank you!","SKYWAVE_PHASE_4_5","8e301fa2-217f-4bd1-a930-db283bcf7b54","","-9.0","19:07:07","","",""
"Output","2b269d05-075c-4a6b-a1b3-d705c9d4e87c","ab72b6e7-d7b7-463d-ad6a-72cc999124a9","9b72b6e7-d7b7-463d-ad6a-72cc999124a9","text/plain","You are welcome. Is there anything else I can help with?","SKYWAVE_PHASE_4_5","24f3585a-25de-497c-a6e3-74b8cee11acd","","-9.0","19:07:09","","",""
"Input","8d5aeaff-2ee4-41bd-af26-1cdc444192a7","ub72b6e7-d7b7-463d-ad6a-72cc999124a9","9b72b6e7-d7b7-463d-ad6a-72cc999124a9","text/plain","I want to select seat 1A for my flight","SKYWAVE_PHASE_4_5","444cd604-1f9c-4e0b-aeb8-8dc2c5b689a0","","-9.0","19:09:11","","",""
"Output","8d5aeaff-2ee4-41bd-af26-1cdc444192a7","ab72b6e7-d7b7-463d-ad6a-72cc999124a9","9b72b6e7-d7b7-463d-ad6a-72cc999124a9","text/plain","I was unable to retrieve the seat map automatically and could not assign the seat.","SKYWAVE_PHASE_4_5","aa0a3e7d-6213-41f6-a1bc-5f3a90c9c1ad","","-9.0","19:09:14","","",""
"Input","f5785530-8551-4b8e-acdb-7f375351a4bc","ub72b6e7-d7b7-463d-ad6a-72cc999124a9","9b72b6e7-d7b7-463d-ad6a-72cc999124a9","text/plain","This still is not working, I am frustrated.","SKYWAVE_PHASE_4_5","619aea0b-5c95-4b86-a1e0-98bb4e0f6e9f","","-9.0","19:11:38","","",""
"Output","f5785530-8551-4b8e-acdb-7f375351a4bc","ab72b6e7-d7b7-463d-ad6a-72cc999124a9","9b72b6e7-d7b7-463d-ad6a-72cc999124a9","text/plain","I am sorry for the inconvenience. I was unable to resolve this for you.","SKYWAVE_PHASE_4_5","87879670-860b-45e6-a6c4-a7df7dd3b213","","-9.0","19:11:42","","",""
"Input","53d72815-19f6-46e7-a67a-9134e5967e32","u9529b76-dfaf-4818-a202-fd6381395f50","49529b76-dfaf-4818-a202-fd6381395f50","text/plain","How many miles do I have?","SKYWAVE_PHASE_4_5","e2e94797-478e-44e7-aae0-c50a60d12a77","","-13.0","12:12:00","","",""
"Output","53d72815-19f6-46e7-a67a-9134e5967e32","a9529b76-dfaf-4818-a202-fd6381395f50","49529b76-dfaf-4818-a202-fd6381395f50","text/plain","You currently have 18,450 SkyWave miles. You are at Premier tier.","SKYWAVE_PHASE_4_5","31e20014-6757-4d61-aa69-73f4045a3526","","-13.0","12:12:03","","",""
"Input","91107d0f-e8c6-4ac3-a198-da423bc8b4c9","u9529b76-dfaf-4818-a202-fd6381395f50","49529b76-dfaf-4818-a202-fd6381395f50","text/plain","Great, thank you!","SKYWAVE_PHASE_4_5","dc3d721e-4f83-45bf-aeab-f70b7b70a6fe","","-13.0","12:13:09","","",""
"Output","91107d0f-e8c6-4ac3-a198-da423bc8b4c9","a9529b76-dfaf-4818-a202-fd6381395f50","49529b76-dfaf-4818-a202-fd6381395f50","text/plain","You are welcome. Is there anything else I can help with?","SKYWAVE_PHASE_4_5","d7876781-e9d6-48e0-a793-ba9144ed5436","","-13.0","12:13:13","","",""
"Input","939baabf-d02b-48cf-a9be-bcc30441fec9","u9529b76-dfaf-4818-a202-fd6381395f50","49529b76-dfaf-4818-a202-fd6381395f50","text/plain","My in-flight wifi did not work, I want a refund","SKYWAVE_PHASE_4_5","15d890c1-3b63-4065-a928-09168377e395","","-13.0","12:15:22","","",""
"Output","939baabf-d02b-48cf-a9be-bcc30441fec9","a9529b76-dfaf-4818-a202-fd6381395f50","49529b76-dfaf-4818-a202-fd6381395f50","text/plain","I have logged your complaint as case 00012346. A refund will be processed.","SKYWAVE_PHASE_4_5","3a49f39a-3588-414e-a119-0e4abe85e597","","-13.0","12:15:24","","",""
"Input","40695782-3a13-429c-aba6-6b16fc0cbb5c","u9529b76-dfaf-4818-a202-fd6381395f50","49529b76-dfaf-4818-a202-fd6381395f50","text/plain","Okay.","SKYWAVE_PHASE_4_5","faf3d48f-8b6b-4883-a5d8-0830763d3e6b","","-13.0","12:16:13","","",""
"Output","40695782-3a13-429c-aba6-6b16fc0cbb5c","a9529b76-dfaf-4818-a202-fd6381395f50","49529b76-dfaf-4818-a202-fd6381395f50","text/plain","Understood. Anything else I can help with?","SKYWAVE_PHASE_4_5","93341565-4378-42ca-a2a7-51ef2b5e11af","","-13.0","12:16:17","","",""
"Input","972ca142-8262-44e7-a660-c1654e934808","u9529b76-dfaf-4818-a202-fd6381395f50","49529b76-dfaf-4818-a202-fd6381395f50","text/plain","I want to select seat 1A for my flight","SKYWAVE_PHASE_4_5","0127d755-6fdc-4ad1-aaed-993204a7faf5","","-13.0","12:21:10","","",""
"Output","972ca142-8262-44e7-a660-c1654e934808","a9529b76-dfaf-4818-a202-fd6381395f50","49529b76-dfaf-4818-a202-fd6381395f50","text/plain","I was unable to retrieve the seat map automatically and could not assign the seat.","SKYWAVE_PHASE_4_5","ac5b2d4a-2be7-4e00-aee8-eede4a6d46b1","","-13.0","12:21:13","","",""
"Input","190d2981-4a9b-4962-acd0-5a1e49ab447f","u9529b76-dfaf-4818-a202-fd6381395f50","49529b76-dfaf-4818-a202-fd6381395f50","text/plain","This still is not working, I am frustrated.","SKYWAVE_PHASE_4_5","a33937f2-f971-4aab-a7af-79543f3636d9","","-13.0","12:21:49","","",""
"Output","190d2981-4a9b-4962-acd0-5a1e49ab447f","a9529b76-dfaf-4818-a202-fd6381395f50","49529b76-dfaf-4818-a202-fd6381395f50","text/plain","I am sorry for the inconvenience. I was unable to resolve this for you.","SKYWAVE_PHASE_4_5","e5264aae-17b3-4bec-a7a3-368ae3df8874","","-13.0","12:21:53","","",""
"Input","dd4f83ba-3b35-4bf4-a28c-b824287d6d41","uf60af3c-9304-46e8-a7e2-f8aec150ad99","7f60af3c-9304-46e8-a7e2-f8aec150ad99","text/plain","Cancel my booking ABC123","SKYWAVE_PHASE_4_5","2c3b1dd2-28f0-4b03-a1bf-c1ed2ac9dd2d","","-11.0","18:08:00","","",""
"Output","dd4f83ba-3b35-4bf4-a28c-b824287d6d41","af60af3c-9304-46e8-a7e2-f8aec150ad99","7f60af3c-9304-46e8-a7e2-f8aec150ad99","text/plain","I have cancelled booking ABC123. A refund of $480 will be issued.","SKYWAVE_PHASE_4_5","46ad13d4-ad41-4e30-ae12-953b452b2f80","","-11.0","18:08:04","","",""
"Input","eb8ac24d-c707-4223-a1b6-175df9d1364f","uf60af3c-9304-46e8-a7e2-f8aec150ad99","7f60af3c-9304-46e8-a7e2-f8aec150ad99","text/plain","Great, thank you!","SKYWAVE_PHASE_4_5","a40e3e05-22a6-47f7-aa24-5759aaa0f1f2","","-11.0","18:11:31","","",""
"Output","eb8ac24d-c707-4223-a1b6-175df9d1364f","af60af3c-9304-46e8-a7e2-f8aec150ad99","7f60af3c-9304-46e8-a7e2-f8aec150ad99","text/plain","You are welcome. Is there anything else I can help with?","SKYWAVE_PHASE_4_5","c4e6eb15-52f5-4f21-afff-b1ac80ccbca6","","-11.0","18:11:35","","",""
"Input","d745e297-7ead-48ef-a389-68fb9814f53c","uf60af3c-9304-46e8-a7e2-f8aec150ad99","7f60af3c-9304-46e8-a7e2-f8aec150ad99","text/plain","Can I move from 23B to an aisle seat?","SKYWAVE_PHASE_4_5","f2ffa6d4-ef57-48d5-a88a-aed0601c7ddd","","-11.0","18:13:43","","",""
"Output","d745e297-7ead-48ef-a389-68fb9814f53c","af60af3c-9304-46e8-a7e2-f8aec150ad99","7f60af3c-9304-46e8-a7e2-f8aec150ad99","text/plain","I could not update your seat assignment. Please contact a service agent.","SKYWAVE_PHASE_4_5","5316b651-a884-4613-a04b-b2fa4bb85e07","","-11.0","18:13:46","","",""
"Input","8e257473-518e-45c7-a1c2-f5c138d84a09","uf60af3c-9304-46e8-a7e2-f8aec150ad99","7f60af3c-9304-46e8-a7e2-f8aec150ad99","text/plain","This still is not working, I am frustrated.","SKYWAVE_PHASE_4_5","9f202d28-c622-462c-ac6e-9022762db71e","","-11.0","18:14:42","","",""
"Output","8e257473-518e-45c7-a1c2-f5c138d84a09","af60af3c-9304-46e8-a7e2-f8aec150ad99","7f60af3c-9304-46e8-a7e2-f8aec150ad99","text/plain","I am sorry for the inconvenience. I was unable to resolve this for you.","SKYWAVE_PHASE_4_5","786922a5-dcbc-45bd-ad15-85610e8a5286","","-11.0","18:14:44","","",""
"Input","2674e620-b596-49b8-a9ad-b90662973e51","u8ebdf6a-afac-4695-ab24-7f206ccb7cf2","f8ebdf6a-afac-4695-ab24-7f206ccb7cf2","text/plain","Cancel my booking ABC123","SKYWAVE_PHASE_4_5","8763167b-3104-41be-a6fc-0a1c3f0f874d","","-3.0","10:23:00","","",""
"Output","2674e620-b596-49b8-a9ad-b90662973e51","a8ebdf6a-afac-4695-ab24-7f206ccb7cf2","f8ebdf6a-afac-4695-ab24-7f206ccb7cf2","text/plain","I have cancelled booking ABC123. A refund of $480 will be issued.","SKYWAVE_PHASE_4_5","22c20d90-d73f-450a-a683-66e88d65fee4","","-3.0","10:23:02","","",""
"Input","f0bbdf98-ad2d-433d-a70a-cbec16cc189c","u8ebdf6a-afac-4695-ab24-7f206ccb7cf2","f8ebdf6a-afac-4695-ab24-7f206ccb7cf2","text/plain","Great, thank you!","SKYWAVE_PHASE_4_5","0e5eaefe-7fb1-4262-a26d-e833531e4e6f","","-3.0","10:23:25","","",""
"Output","f0bbdf98-ad2d-433d-a70a-cbec16cc189c","a8ebdf6a-afac-4695-ab24-7f206ccb7cf2","f8ebdf6a-afac-4695-ab24-7f206ccb7cf2","text/plain","You are welcome. Is there anything else I can help with?","SKYWAVE_PHASE_4_5","dda9dfdf-215f-4dfb-a063-0c012b576c6b","","-3.0","10:23:29","","",""
"Input","528890eb-98ed-4662-af6d-b80ad976d2d5","u8ebdf6a-afac-4695-ab24-7f206ccb7cf2","f8ebdf6a-afac-4695-ab24-7f206ccb7cf2","text/plain","I want to change my seat to a window seat","SKYWAVE_PHASE_4_5","10cf6aca-959f-481b-a99b-8807d530a35a","","-3.0","10:25:50","","",""
"Output","528890eb-98ed-4662-af6d-b80ad976d2d5","a8ebdf6a-afac-4695-ab24-7f206ccb7cf2","f8ebdf6a-afac-4695-ab24-7f206ccb7cf2","text/plain","Sorry, I am unable to change your seat right now. Please try again later.","SKYWAVE_PHASE_4_5","bbd1b20f-1e98-4cfc-ab94-31bb708a1c01","","-3.0","10:25:53","","",""
"Input","e95123e7-6b94-4f2e-a262-534c16b930d6","u8ebdf6a-afac-4695-ab24-7f206ccb7cf2","f8ebdf6a-afac-4695-ab24-7f206ccb7cf2","text/plain","This still is not working, I am frustrated.","SKYWAVE_PHASE_4_5","2ec688a1-6b1b-467f-ae4f-a24cb8b45edc","","-3.0","10:27:00","","",""
"Output","e95123e7-6b94-4f2e-a262-534c16b930d6","a8ebdf6a-afac-4695-ab24-7f206ccb7cf2","f8ebdf6a-afac-4695-ab24-7f206ccb7cf2","text/plain","I am sorry for the inconvenience. I was unable to resolve this for you.","SKYWAVE_PHASE_4_5","49165206-5b07-4192-a3bb-aeaa104ed699","","-3.0","10:27:03","","",""
"Input","39f65344-ceec-40c1-adaa-fbc6dbf147b6","ucec9cab-1cae-4ac7-a385-4bcefe645804","2cec9cab-1cae-4ac7-a385-4bcefe645804","text/plain","Show me my upcoming bookings","SKYWAVE_PHASE_4_5","ab069158-a74b-4c32-aad2-700a6164d167","","-8.0","13:15:00","","",""
"Output","39f65344-ceec-40c1-adaa-fbc6dbf147b6","acec9cab-1cae-4ac7-a385-4bcefe645804","2cec9cab-1cae-4ac7-a385-4bcefe645804","text/plain","You have one upcoming booking — LH 1927 BER-MUC-SFO, confirmed.","SKYWAVE_PHASE_4_5","3237c4a0-feb2-4c29-ab12-430c0801d83e","","-8.0","13:15:03","","",""
"Input","b2d16823-46ff-4b65-a03a-270f6cc713e1","ucec9cab-1cae-4ac7-a385-4bcefe645804","2cec9cab-1cae-4ac7-a385-4bcefe645804","text/plain","Great, thank you!","SKYWAVE_PHASE_4_5","a448896f-ca91-4017-ab68-88504ce0dff9","","-8.0","13:16:01","","",""
"Output","b2d16823-46ff-4b65-a03a-270f6cc713e1","acec9cab-1cae-4ac7-a385-4bcefe645804","2cec9cab-1cae-4ac7-a385-4bcefe645804","text/plain","You are welcome. Is there anything else I can help with?","SKYWAVE_PHASE_4_5","999e48bb-1456-454e-a0ed-9592a0058bc1","","-8.0","13:16:05","","",""
"Input","983c87b6-d024-482a-aaf6-9ad87cbd579e","u7b778a3-ea97-4809-a1a9-819d99bd0074","17b778a3-ea97-4809-a1a9-819d99bd0074","text/plain","I want to change my seat to a window seat","SKYWAVE_PHASE_4_5","463fdccd-0664-4831-a8d7-355b6d96133a","","-3.0","16:18:00","","",""
"Output","983c87b6-d024-482a-aaf6-9ad87cbd579e","a7b778a3-ea97-4809-a1a9-819d99bd0074","17b778a3-ea97-4809-a1a9-819d99bd0074","text/plain","Sorry, I am unable to change your seat right now. Please try again later.","SKYWAVE_PHASE_4_5","7aca2d84-4d2f-4086-a8df-bdaf9f8a6f15","","-3.0","16:18:03","","",""
"Input","49b633ba-f538-465d-ad43-cad6de1c4797","u7b778a3-ea97-4809-a1a9-819d99bd0074","17b778a3-ea97-4809-a1a9-819d99bd0074","text/plain","This still is not working, I am frustrated.","SKYWAVE_PHASE_4_5","76addaf2-53b9-48b5-a4d6-e56b7e475b16","","-3.0","16:18:44","","",""
"Output","49b633ba-f538-465d-ad43-cad6de1c4797","a7b778a3-ea97-4809-a1a9-819d99bd0074","17b778a3-ea97-4809-a1a9-819d99bd0074","text/plain","I am sorry for the inconvenience. I was unable to resolve this for you.","SKYWAVE_PHASE_4_5","d4a1024d-d389-45ec-a0ae-1da3ce3b1237","","-3.0","16:18:48","","",""
"Input","da4c258f-162d-4c28-a114-26fc004cb897","u96c9eb2-0ce5-41a6-acfd-7f5f144b9f20","e96c9eb2-0ce5-41a6-acfd-7f5f144b9f20","text/plain","I want to change my seat to a window seat","SKYWAVE_PHASE_4_5","ba274b73-9e53-4781-a96d-b4a310b7ec70","","-3.0","19:25:00","","",""
"Output","da4c258f-162d-4c28-a114-26fc004cb897","a96c9eb2-0ce5-41a6-acfd-7f5f144b9f20","e96c9eb2-0ce5-41a6-acfd-7f5f144b9f20","text/plain","Sorry, I am unable to change your seat right now. Please try again later.","SKYWAVE_PHASE_4_5","83442cc0-6959-4aa9-a832-58a6b5567c25","","-3.0","19:25:02","","",""
"Input","398b5414-87c9-4cba-ae06-b009aa70630b","u96c9eb2-0ce5-41a6-acfd-7f5f144b9f20","e96c9eb2-0ce5-41a6-acfd-7f5f144b9f20","text/plain","This still is not working, I am frustrated.","SKYWAVE_PHASE_4_5","18491a56-6ccf-4c8c-afe7-9d3fd967402a","","-3.0","19:27:57","","",""
"Output","398b5414-87c9-4cba-ae06-b009aa70630b","a96c9eb2-0ce5-41a6-acfd-7f5f144b9f20","e96c9eb2-0ce5-41a6-acfd-7f5f144b9f20","text/plain","I am sorry for the inconvenience. I was unable to resolve this for you.","SKYWAVE_PHASE_4_5","ca5512f5-55cf-43aa-a813-9a25b344384e","","-3.0","19:28:01","","",""
"Input","2d01a1b2-35f2-4b63-a5ef-e933a40deb7e","u96c9eb2-0ce5-41a6-acfd-7f5f144b9f20","e96c9eb2-0ce5-41a6-acfd-7f5f144b9f20","text/plain","I lost my luggage in Munich last week, can you help?","SKYWAVE_PHASE_4_5","5e3d71fb-9e2c-4084-ab08-71e97daba2cc","","-3.0","19:29:32","","",""
"Output","2d01a1b2-35f2-4b63-a5ef-e933a40deb7e","a96c9eb2-0ce5-41a6-acfd-7f5f144b9f20","e96c9eb2-0ce5-41a6-acfd-7f5f144b9f20","text/plain","I have created case 00012345 for your lost luggage. We will contact you within 24 hours.","SKYWAVE_PHASE_4_5","63b97b35-98c6-457a-af36-6f11e1379567","","-3.0","19:29:36","","",""
"Input","731833b7-e1f6-40f8-ad4d-5da7269487c7","u96c9eb2-0ce5-41a6-acfd-7f5f144b9f20","e96c9eb2-0ce5-41a6-acfd-7f5f144b9f20","text/plain","Great, thank you!","SKYWAVE_PHASE_4_5","a01bfb81-fd3b-40a5-ae81-2ce410c105be","","-3.0","19:33:12","","",""
"Output","731833b7-e1f6-40f8-ad4d-5da7269487c7","a96c9eb2-0ce5-41a6-acfd-7f5f144b9f20","e96c9eb2-0ce5-41a6-acfd-7f5f144b9f20","text/plain","You are welcome. Is there anything else I can help with?","SKYWAVE_PHASE_4_5","979d4ba8-2590-4d9f-a6d9-6cdfc60c4a4c","","-3.0","19:33:15","","",""
"Input","41f3f5d8-9ce3-44f5-ac20-23be2c94c3ec","u96c9eb2-0ce5-41a6-acfd-7f5f144b9f20","e96c9eb2-0ce5-41a6-acfd-7f5f144b9f20","text/plain","I want to change my seat to a window seat","SKYWAVE_PHASE_4_5","2c1fec10-100d-4167-a10c-5caf29759648","","-3.0","19:35:13","","",""
"Output","41f3f5d8-9ce3-44f5-ac20-23be2c94c3ec","a96c9eb2-0ce5-41a6-acfd-7f5f144b9f20","e96c9eb2-0ce5-41a6-acfd-7f5f144b9f20","text/plain","Sorry, I am unable to change your seat right now. Please try again later.","SKYWAVE_PHASE_4_5","bbfd4cce-ef35-4991-ab11-ce02b72b36a2","","-3.0","19:35:17","","",""
"Input","942b50d6-cff1-4c5a-af6f-ccc37e9a6be2","u96c9eb2-0ce5-41a6-acfd-7f5f144b9f20","e96c9eb2-0ce5-41a6-acfd-7f5f144b9f20","text/plain","This still is not working, I am frustrated.","SKYWAVE_PHASE_4_5","3e17be29-ba50-40aa-a00f-d9ece542c07a","","-3.0","19:35:54","","",""
"Output","942b50d6-cff1-4c5a-af6f-ccc37e9a6be2","a96c9eb2-0ce5-41a6-acfd-7f5f144b9f20","e96c9eb2-0ce5-41a6-acfd-7f5f144b9f20","text/plain","I am sorry for the inconvenience. I was unable to resolve this for you.","SKYWAVE_PHASE_4_5","f17a4b36-7687-45e5-ae14-3bc102437382","","-3.0","19:35:57","","",""
"Input","ff6ad063-8e17-4adb-a7fc-0692dce2064c","ude69977-6d3b-4b2c-afcb-0c119a26ae38","9de69977-6d3b-4b2c-afcb-0c119a26ae38","text/plain","How many miles do I have?","SKYWAVE_PHASE_4_5","f50f63ee-081d-492f-a99f-435b181be9aa","","-9.0","19:11:00","","",""
"Output","ff6ad063-8e17-4adb-a7fc-0692dce2064c","ade69977-6d3b-4b2c-afcb-0c119a26ae38","9de69977-6d3b-4b2c-afcb-0c119a26ae38","text/plain","You currently have 18,450 SkyWave miles. You are at Premier tier.","SKYWAVE_PHASE_4_5","5609c175-f1ee-4123-aef9-0a5a0c997eff","","-9.0","19:11:03","","",""
"Input","9429c2c8-c10a-40b0-a3ab-929216ca4d28","ude69977-6d3b-4b2c-afcb-0c119a26ae38","9de69977-6d3b-4b2c-afcb-0c119a26ae38","text/plain","Great, thank you!","SKYWAVE_PHASE_4_5","a92ae920-b6ef-4a42-a19c-aa689aa71733","","-9.0","19:12:01","","",""
"Output","9429c2c8-c10a-40b0-a3ab-929216ca4d28","ade69977-6d3b-4b2c-afcb-0c119a26ae38","9de69977-6d3b-4b2c-afcb-0c119a26ae38","text/plain","You are welcome. Is there anything else I can help with?","SKYWAVE_PHASE_4_5","be0eab55-36e3-4e03-adc2-9abd72c1fec7","","-9.0","19:12:05","","",""
"Input","930ba0b4-59c8-4621-aacf-eaf9c3110410","ud98dda4-aa43-43af-af0f-ef10bfe99442","7d98dda4-aa43-43af-af0f-ef10bfe99442","text/plain","How many miles do I have?","SKYWAVE_PHASE_4_5","12228e90-3af9-49ca-a2d8-9f1cb41de35b","","-10.0","12:19:00","","",""
"Output","930ba0b4-59c8-4621-aacf-eaf9c3110410","ad98dda4-aa43-43af-af0f-ef10bfe99442","7d98dda4-aa43-43af-af0f-ef10bfe99442","text/plain","You currently have 18,450 SkyWave miles. You are at Premier tier.","SKYWAVE_PHASE_4_5","217100bb-d3d2-4495-a1b1-a2c9203eca5a","","-10.0","12:19:03","","",""
"Input","5dd87239-9fc7-42aa-a985-e02fc4572f5a","ud98dda4-aa43-43af-af0f-ef10bfe99442","7d98dda4-aa43-43af-af0f-ef10bfe99442","text/plain","Great, thank you!","SKYWAVE_PHASE_4_5","a263e7df-f674-445c-a292-85b173d038fd","","-10.0","12:19:46","","",""
"Output","5dd87239-9fc7-42aa-a985-e02fc4572f5a","ad98dda4-aa43-43af-af0f-ef10bfe99442","7d98dda4-aa43-43af-af0f-ef10bfe99442","text/plain","You are welcome. Is there anything else I can help with?","SKYWAVE_PHASE_4_5","cc6ec859-b7d7-45ff-a5f4-ac4b73c359a9","","-10.0","12:19:49","","",""
"Input","25403249-d417-4f23-ab9e-84741eea2e99","ud98dda4-aa43-43af-af0f-ef10bfe99442","7d98dda4-aa43-43af-af0f-ef10bfe99442","text/plain","I want to change my seat to a window seat","SKYWAVE_PHASE_4_5","24aa59a9-ff7a-48c2-a44f-870ea7de6cdd","","-10.0","12:20:38","","",""
"Output","25403249-d417-4f23-ab9e-84741eea2e99","ad98dda4-aa43-43af-af0f-ef10bfe99442","7d98dda4-aa43-43af-af0f-ef10bfe99442","text/plain","Sorry, I am unable to change your seat right now. Please try again later.","SKYWAVE_PHASE_4_5","a9889ec5-79e6-40d8-afb3-e472856dc3fb","","-10.0","12:20:40","","",""
"Input","5f1e8ee4-9d4f-4871-afd2-1b1231c21de3","ud98dda4-aa43-43af-af0f-ef10bfe99442","7d98dda4-aa43-43af-af0f-ef10bfe99442","text/plain","This still is not working, I am frustrated.","SKYWAVE_PHASE_4_5","18eb36a2-ba4f-4acb-ac07-886a402a15e9","","-10.0","12:23:13","","",""
"Output","5f1e8ee4-9d4f-4871-afd2-1b1231c21de3","ad98dda4-aa43-43af-af0f-ef10bfe99442","7d98dda4-aa43-43af-af0f-ef10bfe99442","text/plain","I am sorry for the inconvenience. I was unable to resolve this for you.","SKYWAVE_PHASE_4_5","ed7196c6-1c89-4f73-ab0b-f5de54502927","","-10.0","12:23:16","","",""
"Input","39a7b891-31f6-4b62-add4-2be870f8d94d","u8024bc0-7a86-4886-a8f4-013b34c15244","68024bc0-7a86-4886-a8f4-013b34c15244","text/plain","Find flights from JFK to HND tomorrow","SKYWAVE_PHASE_4_5","300cd8e0-0fce-4c6f-a44e-a20c6799d488","","-2.0","18:55:00","","",""
"Output","39a7b891-31f6-4b62-add4-2be870f8d94d","a8024bc0-7a86-4886-a8f4-013b34c15244","68024bc0-7a86-4886-a8f4-013b34c15244","text/plain","I found 4 flights for that route. The cheapest is SW1200 at 1pm for $1,280.","SKYWAVE_PHASE_4_5","153022f0-9f2c-42cf-ae2b-5dce6957f91c","","-2.0","18:55:02","","",""
"Input","c3a9e928-59a1-4214-a4fa-e5dc3c8cc0b4","u8024bc0-7a86-4886-a8f4-013b34c15244","68024bc0-7a86-4886-a8f4-013b34c15244","text/plain","Great, thank you!","SKYWAVE_PHASE_4_5","04573135-8c46-47a8-a8da-a7fa5c87f250","","-2.0","18:55:53","","",""
"Output","c3a9e928-59a1-4214-a4fa-e5dc3c8cc0b4","a8024bc0-7a86-4886-a8f4-013b34c15244","68024bc0-7a86-4886-a8f4-013b34c15244","text/plain","You are welcome. Is there anything else I can help with?","SKYWAVE_PHASE_4_5","95db1066-790b-4965-ad7e-2a7480e70bad","","-2.0","18:55:55","","",""
"Input","e23e62f2-28ef-43d5-a65c-adf7e3b95fa9","u8024bc0-7a86-4886-a8f4-013b34c15244","68024bc0-7a86-4886-a8f4-013b34c15244","text/plain","I want to select seat 1A for my flight","SKYWAVE_PHASE_4_5","46414f8f-ac30-4616-a032-80443f92dfd0","","-2.0","18:56:17","","",""
"Output","e23e62f2-28ef-43d5-a65c-adf7e3b95fa9","a8024bc0-7a86-4886-a8f4-013b34c15244","68024bc0-7a86-4886-a8f4-013b34c15244","text/plain","I was unable to retrieve the seat map automatically and could not assign the seat.","SKYWAVE_PHASE_4_5","9b3c7496-ddc0-4147-a82e-1232765ba774","","-2.0","18:56:20","","",""
"Input","7d6bfdd7-7aed-4cd4-ad4a-49c0bd505b43","u8024bc0-7a86-4886-a8f4-013b34c15244","68024bc0-7a86-4886-a8f4-013b34c15244","text/plain","This still is not working, I am frustrated.","SKYWAVE_PHASE_4_5","d70fae22-bc19-49ff-a55d-b9c553db008b","","-2.0","18:57:21","","",""
"Output","7d6bfdd7-7aed-4cd4-ad4a-49c0bd505b43","a8024bc0-7a86-4886-a8f4-013b34c15244","68024bc0-7a86-4886-a8f4-013b34c15244","text/plain","I am sorry for the inconvenience. I was unable to resolve this for you.","SKYWAVE_PHASE_4_5","d40c380e-2512-477b-addc-93b1da0617d3","","-2.0","18:57:23","","",""
"Input","73f98462-eeeb-4b83-a866-c6500779f601","u8742c64-7e9d-4e5d-a264-6e0973b015db","18742c64-7e9d-4e5d-a264-6e0973b015db","text/plain","What is my tier status?","SKYWAVE_PHASE_4_5","e4099d84-f2f1-43e2-a7ce-e6f8638a7a42","","-4.0","16:25:00","","",""
"Output","73f98462-eeeb-4b83-a866-c6500779f601","a8742c64-7e9d-4e5d-a264-6e0973b015db","18742c64-7e9d-4e5d-a264-6e0973b015db","text/plain","You are Gold tier with 14,200 qualifying points this year.","SKYWAVE_PHASE_4_5","246a5caf-a15e-4840-a480-12bac4f4d2fc","","-4.0","16:25:02","","",""
"Input","8dd702e1-6028-46d6-a26e-a6ebfc7bb1c4","u8742c64-7e9d-4e5d-a264-6e0973b015db","18742c64-7e9d-4e5d-a264-6e0973b015db","text/plain","Great, thank you!","SKYWAVE_PHASE_4_5","01f3f69d-77c4-4073-a85f-7438c112c6a3","","-4.0","16:26:13","","",""
"Output","8dd702e1-6028-46d6-a26e-a6ebfc7bb1c4","a8742c64-7e9d-4e5d-a264-6e0973b015db","18742c64-7e9d-4e5d-a264-6e0973b015db","text/plain","You are welcome. Is there anything else I can help with?","SKYWAVE_PHASE_4_5","d2e508db-a621-4e9b-ab5e-dd3ef0137477","","-4.0","16:26:15","","",""
"Input","b16a745c-0690-4119-a110-90af4cd1ff82","uc817ceb-5459-4a6c-a5d6-07c3e96dfb35","bc817ceb-5459-4a6c-a5d6-07c3e96dfb35","text/plain","I want to select seat 1A for my flight","SKYWAVE_PHASE_4_5","50d6d6c0-d2e1-49f5-a011-19ea95b5d503","","-2.0","19:00:00","","",""
"Output","b16a745c-0690-4119-a110-90af4cd1ff82","ac817ceb-5459-4a6c-a5d6-07c3e96dfb35","bc817ceb-5459-4a6c-a5d6-07c3e96dfb35","text/plain","I was unable to retrieve the seat map automatically and could not assign the seat.","SKYWAVE_PHASE_4_5","f13eab24-38e0-47c0-ae9f-babc1fa3bf29","","-2.0","19:00:02","","",""
"Input","ae64f304-ff12-4df7-a282-616308e5d7e6","uc817ceb-5459-4a6c-a5d6-07c3e96dfb35","bc817ceb-5459-4a6c-a5d6-07c3e96dfb35","text/plain","This still is not working, I am frustrated.","SKYWAVE_PHASE_4_5","84792185-8f24-4a54-a005-0b4076b355f1","","-2.0","19:00:26","","",""
"Output","ae64f304-ff12-4df7-a282-616308e5d7e6","ac817ceb-5459-4a6c-a5d6-07c3e96dfb35","bc817ceb-5459-4a6c-a5d6-07c3e96dfb35","text/plain","I am sorry for the inconvenience. I was unable to resolve this for you.","SKYWAVE_PHASE_4_5","727aa17d-51e4-4843-ac9f-39d3927716f3","","-2.0","19:00:28","","",""
"Input","163bb50c-2f9c-4728-afaf-d09e433bd835","u6b0021b-6913-41b3-aa8f-d5217ac0e4fe","f6b0021b-6913-41b3-aa8f-d5217ac0e4fe","text/plain","I want to select seat 1A for my flight","SKYWAVE_PHASE_4_5","5b87450f-54c0-4d9e-a89e-aaa936d57144","","-5.0","11:15:00","","",""
"Output","163bb50c-2f9c-4728-afaf-d09e433bd835","a6b0021b-6913-41b3-aa8f-d5217ac0e4fe","f6b0021b-6913-41b3-aa8f-d5217ac0e4fe","text/plain","I was unable to retrieve the seat map automatically and could not assign the seat.","SKYWAVE_PHASE_4_5","f74ad24b-046a-4f86-a88a-a980ee439aba","","-5.0","11:15:03","","",""
"Input","5645a4ee-98a2-4b08-ad95-945bfb128c3a","u6b0021b-6913-41b3-aa8f-d5217ac0e4fe","f6b0021b-6913-41b3-aa8f-d5217ac0e4fe","text/plain","This still is not working, I am frustrated.","SKYWAVE_PHASE_4_5","4cf6b4a4-8412-4bae-a6c7-5c3e40d0403a","","-5.0","11:19:05","","",""
"Output","5645a4ee-98a2-4b08-ad95-945bfb128c3a","a6b0021b-6913-41b3-aa8f-d5217ac0e4fe","f6b0021b-6913-41b3-aa8f-d5217ac0e4fe","text/plain","I am sorry for the inconvenience. I was unable to resolve this for you.","SKYWAVE_PHASE_4_5","bb054c70-6993-447f-a329-df8907a53633","","-5.0","11:19:08","","",""
"Input","6e75b663-2632-4d87-a19b-829ffc329bae","u6b4541a-2de5-4311-aa6a-a1734b0fb27f","a6b4541a-2de5-4311-aa6a-a1734b0fb27f","text/plain","Tell me a joke","SKYWAVE_PHASE_4_5","ed08f4e2-34ae-4e8d-ab94-f3024f9e8279","","-2.0","11:54:00","","",""
"Output","6e75b663-2632-4d87-a19b-829ffc329bae","a6b4541a-2de5-4311-aa6a-a1734b0fb27f","a6b4541a-2de5-4311-aa6a-a1734b0fb27f","text/plain","I am a Skywave booking assistant. How can I help with your travel?","SKYWAVE_PHASE_4_5","d69de00f-f20f-451f-aa93-a26188b0b31f","","-2.0","11:54:04","","",""
"Input","9075c635-d6d3-4dd4-a7a1-675a6bb274a6","u6b4541a-2de5-4311-aa6a-a1734b0fb27f","a6b4541a-2de5-4311-aa6a-a1734b0fb27f","text/plain","Okay.","SKYWAVE_PHASE_4_5","31def465-2e44-4511-aecf-ce732df45b87","","-2.0","11:57:37","","",""
"Output","9075c635-d6d3-4dd4-a7a1-675a6bb274a6","a6b4541a-2de5-4311-aa6a-a1734b0fb27f","a6b4541a-2de5-4311-aa6a-a1734b0fb27f","text/plain","Understood. Anything else I can help with?","SKYWAVE_PHASE_4_5","6e50d786-886d-49ed-ae04-49cdbb4ba977","","-2.0","11:57:40","","",""
"Input","b0d1c698-c5b9-4921-a79a-a69f0e077764","u6cce24b-d2b4-4e40-a007-c9e280109e0c","16cce24b-d2b4-4e40-a007-c9e280109e0c","text/plain","I lost my luggage in Munich last week, can you help?","SKYWAVE_PHASE_4_5","9fb5bb93-27d9-4d46-af89-afbd135d1059","","-2.0","14:48:00","","",""
"Output","b0d1c698-c5b9-4921-a79a-a69f0e077764","a6cce24b-d2b4-4e40-a007-c9e280109e0c","16cce24b-d2b4-4e40-a007-c9e280109e0c","text/plain","I have created case 00012345 for your lost luggage. We will contact you within 24 hours.","SKYWAVE_PHASE_4_5","846a5d15-f696-4b6a-a62e-7c508e6e2a8a","","-2.0","14:48:03","","",""
"Input","c0aa55f7-0c72-4504-a211-e1972550a362","u6cce24b-d2b4-4e40-a007-c9e280109e0c","16cce24b-d2b4-4e40-a007-c9e280109e0c","text/plain","Great, thank you!","SKYWAVE_PHASE_4_5","3345c4d0-36f0-4a46-a3fe-5e066e120a3f","","-2.0","14:49:09","","",""
"Output","c0aa55f7-0c72-4504-a211-e1972550a362","a6cce24b-d2b4-4e40-a007-c9e280109e0c","16cce24b-d2b4-4e40-a007-c9e280109e0c","text/plain","You are welcome. Is there anything else I can help with?","SKYWAVE_PHASE_4_5","223029f7-5b0c-4e1a-a514-ac933016f945","","-2.0","14:49:12","","",""
"Input","919080aa-9bd5-4fe1-afdf-9aabcbd45a3a","u6cce24b-d2b4-4e40-a007-c9e280109e0c","16cce24b-d2b4-4e40-a007-c9e280109e0c","text/plain","Find flights from JFK to HND tomorrow","SKYWAVE_PHASE_4_5","7f211268-09bd-4084-a5e0-c895fe887874","","-2.0","14:50:23","","",""
"Output","919080aa-9bd5-4fe1-afdf-9aabcbd45a3a","a6cce24b-d2b4-4e40-a007-c9e280109e0c","16cce24b-d2b4-4e40-a007-c9e280109e0c","text/plain","I found 4 flights for that route. The cheapest is SW1200 at 1pm for $1,280.","SKYWAVE_PHASE_4_5","bd91a08a-3e57-4515-ad26-608111eaf55f","","-2.0","14:50:27","","",""
"Input","61023e00-b41f-4000-aa49-08a4cb6834db","u6cce24b-d2b4-4e40-a007-c9e280109e0c","16cce24b-d2b4-4e40-a007-c9e280109e0c","text/plain","Great, thank you!","SKYWAVE_PHASE_4_5","baa2e829-69f2-41bf-ac5b-158007911b83","","-2.0","14:53:12","","",""
"Output","61023e00-b41f-4000-aa49-08a4cb6834db","a6cce24b-d2b4-4e40-a007-c9e280109e0c","16cce24b-d2b4-4e40-a007-c9e280109e0c","text/plain","You are welcome. Is there anything else I can help with?","SKYWAVE_PHASE_4_5","55134d5e-8883-429a-a3bc-0866bbe78d6a","","-2.0","14:53:14","","",""
"Input","6668eeef-e955-4b48-a2cc-5005ada3e60c","u1a998a2-e14c-45ad-a12e-b457d7efcff8","71a998a2-e14c-45ad-a12e-b457d7efcff8","text/plain","Whats the weather like in Tokyo?","SKYWAVE_PHASE_4_5","72645115-b9f8-4b55-abb6-27d3cde2c72b","","-3.0","10:48:00","","",""
"Output","6668eeef-e955-4b48-a2cc-5005ada3e60c","a1a998a2-e14c-45ad-a12e-b457d7efcff8","71a998a2-e14c-45ad-a12e-b457d7efcff8","text/plain","I can only help with flight bookings and Skywave loyalty questions.","SKYWAVE_PHASE_4_5","a0aa9f6c-9fb6-4063-a162-f1168064a245","","-3.0","10:48:04","","",""
"Input","aa29fded-7771-479b-aace-24c6002af8ee","u1a998a2-e14c-45ad-a12e-b457d7efcff8","71a998a2-e14c-45ad-a12e-b457d7efcff8","text/plain","This still is not working, I am frustrated.","SKYWAVE_PHASE_4_5","42be929a-22ca-4ac2-ae34-f7f27055d61f","","-3.0","10:52:25","","",""
"Output","aa29fded-7771-479b-aace-24c6002af8ee","a1a998a2-e14c-45ad-a12e-b457d7efcff8","71a998a2-e14c-45ad-a12e-b457d7efcff8","text/plain","I am sorry for the inconvenience. I was unable to resolve this for you.","SKYWAVE_PHASE_4_5","8838cd51-872f-4b8d-aeb2-6cf0a5b971b8","","-3.0","10:52:27","","",""
"Input","aaaf0145-64a0-4e78-a258-9a6a2e261c1e","ubaea545-b2dc-460f-aa08-7b5eb3dd7a1b","0baea545-b2dc-460f-aa08-7b5eb3dd7a1b","text/plain","Can I move from 23B to an aisle seat?","SKYWAVE_PHASE_4_5","90dc82c1-e8ae-46b9-a0e3-27fe1518e752","","-10.0","16:55:00","","",""
"Output","aaaf0145-64a0-4e78-a258-9a6a2e261c1e","abaea545-b2dc-460f-aa08-7b5eb3dd7a1b","0baea545-b2dc-460f-aa08-7b5eb3dd7a1b","text/plain","I could not update your seat assignment. Please contact a service agent.","SKYWAVE_PHASE_4_5","1e73de37-7568-4403-a879-a166592db13f","","-10.0","16:55:02","","",""
"Input","f077401f-d964-4704-ab5f-94906c549265","ubaea545-b2dc-460f-aa08-7b5eb3dd7a1b","0baea545-b2dc-460f-aa08-7b5eb3dd7a1b","text/plain","This still is not working, I am frustrated.","SKYWAVE_PHASE_4_5","de54ee03-2679-4d85-a1bb-41162cb4b86b","","-10.0","16:55:44","","",""
"Output","f077401f-d964-4704-ab5f-94906c549265","abaea545-b2dc-460f-aa08-7b5eb3dd7a1b","0baea545-b2dc-460f-aa08-7b5eb3dd7a1b","text/plain","I am sorry for the inconvenience. I was unable to resolve this for you.","SKYWAVE_PHASE_4_5","88081115-e72b-4176-a604-b3d0460dd5f5","","-10.0","16:55:47","","",""
"Input","6f8b04e2-20ac-4560-ab40-a579ce23cf4e","ud1e575e-35d2-4b05-a655-9c10eca5507d","fd1e575e-35d2-4b05-a655-9c10eca5507d","text/plain","Whats the weather like in Tokyo?","SKYWAVE_PHASE_4_5","c140f176-c68f-4840-a027-ada2a6574cc6","","-10.0","16:09:00","","",""
"Output","6f8b04e2-20ac-4560-ab40-a579ce23cf4e","ad1e575e-35d2-4b05-a655-9c10eca5507d","fd1e575e-35d2-4b05-a655-9c10eca5507d","text/plain","I can only help with flight bookings and Skywave loyalty questions.","SKYWAVE_PHASE_4_5","98b3860f-9fe1-4185-ae41-501d3b773282","","-10.0","16:09:02","","",""
"Input","388e849f-282b-4c87-ab37-d3e5c2f10e7a","ud1e575e-35d2-4b05-a655-9c10eca5507d","fd1e575e-35d2-4b05-a655-9c10eca5507d","text/plain","This still is not working, I am frustrated.","SKYWAVE_PHASE_4_5","13b54777-f82d-43b5-a82b-944c57dfc5d8","","-10.0","16:09:36","","",""
"Output","388e849f-282b-4c87-ab37-d3e5c2f10e7a","ad1e575e-35d2-4b05-a655-9c10eca5507d","fd1e575e-35d2-4b05-a655-9c10eca5507d","text/plain","I am sorry for the inconvenience. I was unable to resolve this for you.","SKYWAVE_PHASE_4_5","0fc97143-7e9c-4beb-a2e5-ea2f3f8a4e6d","","-10.0","16:09:38","","",""
"Input","94f4cf80-b100-4a0d-a202-9f1d9a97b95e","ud1e575e-35d2-4b05-a655-9c10eca5507d","fd1e575e-35d2-4b05-a655-9c10eca5507d","text/plain","How many miles do I have?","SKYWAVE_PHASE_4_5","ea73f1c8-df50-4f6e-a896-d79d0e2d97fc","","-10.0","16:14:05","","",""
"Output","94f4cf80-b100-4a0d-a202-9f1d9a97b95e","ad1e575e-35d2-4b05-a655-9c10eca5507d","fd1e575e-35d2-4b05-a655-9c10eca5507d","text/plain","You currently have 18,450 SkyWave miles. You are at Premier tier.","SKYWAVE_PHASE_4_5","0dbeb5c9-7442-45bb-a6c4-a56ba6532f83","","-10.0","16:14:08","","",""
"Input","b675d2bc-a991-408e-a020-f86a86fef5bc","ud1e575e-35d2-4b05-a655-9c10eca5507d","fd1e575e-35d2-4b05-a655-9c10eca5507d","text/plain","Great, thank you!","SKYWAVE_PHASE_4_5","59d2348b-4948-4cb9-ab84-36e8d7076173","","-10.0","16:14:30","","",""
"Output","b675d2bc-a991-408e-a020-f86a86fef5bc","ad1e575e-35d2-4b05-a655-9c10eca5507d","fd1e575e-35d2-4b05-a655-9c10eca5507d","text/plain","You are welcome. Is there anything else I can help with?","SKYWAVE_PHASE_4_5","82c8ec18-c3ab-4641-aee0-da483159f816","","-10.0","16:14:32","","",""
"Input","b2f69432-3d73-4114-a0bf-1022cefa057c","u4a2c710-3ab0-447f-a8b2-b6072dd759b2","74a2c710-3ab0-447f-a8b2-b6072dd759b2","text/plain","Can I move from 23B to an aisle seat?","SKYWAVE_PHASE_4_5","1a4115ed-bab9-458a-a3af-b9b920a08a79","","-12.0","18:21:00","","",""
"Output","b2f69432-3d73-4114-a0bf-1022cefa057c","a4a2c710-3ab0-447f-a8b2-b6072dd759b2","74a2c710-3ab0-447f-a8b2-b6072dd759b2","text/plain","I could not update your seat assignment. Please contact a service agent.","SKYWAVE_PHASE_4_5","644aadba-5638-45c9-a2df-adc28a38cf8b","","-12.0","18:21:03","","",""
"Input","dd2ec8a7-a678-4b18-a868-be04824bfdf9","u4a2c710-3ab0-447f-a8b2-b6072dd759b2","74a2c710-3ab0-447f-a8b2-b6072dd759b2","text/plain","This still is not working, I am frustrated.","SKYWAVE_PHASE_4_5","50298b21-561a-4b2c-ae12-5719bf25a49e","","-12.0","18:22:11","","",""
"Output","dd2ec8a7-a678-4b18-a868-be04824bfdf9","a4a2c710-3ab0-447f-a8b2-b6072dd759b2","74a2c710-3ab0-447f-a8b2-b6072dd759b2","text/plain","I am sorry for the inconvenience. I was unable to resolve this for you.","SKYWAVE_PHASE_4_5","3249a44f-328f-4222-a6d9-2bab4920e86a","","-12.0","18:22:15","","",""
"Input","1b45bf81-a194-4795-a656-680d6e08d09c","u4a2c710-3ab0-447f-a8b2-b6072dd759b2","74a2c710-3ab0-447f-a8b2-b6072dd759b2","text/plain","Show me my upcoming bookings","SKYWAVE_PHASE_4_5","9908682e-5fc0-4deb-a41e-c5a88083367e","","-12.0","18:22:43","","",""
"Output","1b45bf81-a194-4795-a656-680d6e08d09c","a4a2c710-3ab0-447f-a8b2-b6072dd759b2","74a2c710-3ab0-447f-a8b2-b6072dd759b2","text/plain","You have one upcoming booking — LH 1927 BER-MUC-SFO, confirmed.","SKYWAVE_PHASE_4_5","71b892ab-8545-4c01-a05f-c3a331cf4f4b","","-12.0","18:22:47","","",""
"Input","0108459c-b866-4151-aa52-ca398635c6f2","u4a2c710-3ab0-447f-a8b2-b6072dd759b2","74a2c710-3ab0-447f-a8b2-b6072dd759b2","text/plain","Great, thank you!","SKYWAVE_PHASE_4_5","acf92c61-a8c3-43cd-a479-832f21e9d3d3","","-12.0","18:23:44","","",""
"Output","0108459c-b866-4151-aa52-ca398635c6f2","a4a2c710-3ab0-447f-a8b2-b6072dd759b2","74a2c710-3ab0-447f-a8b2-b6072dd759b2","text/plain","You are welcome. Is there anything else I can help with?","SKYWAVE_PHASE_4_5","fd0c1354-360c-4cfd-ae08-b39103f2ef16","","-12.0","18:23:47","","",""
"Input","1eb6b8f3-5c15-4ae3-a76e-2823e7b73d99","udce345a-4d85-41ef-a29d-f6b83e38bc90","9dce345a-4d85-41ef-a29d-f6b83e38bc90","text/plain","Whats the weather like in Tokyo?","SKYWAVE_PHASE_4_5","da8b2d51-23b8-4e52-acba-0fd98affa293","","-1.0","16:09:00","","",""
"Output","1eb6b8f3-5c15-4ae3-a76e-2823e7b73d99","adce345a-4d85-41ef-a29d-f6b83e38bc90","9dce345a-4d85-41ef-a29d-f6b83e38bc90","text/plain","I can only help with flight bookings and Skywave loyalty questions.","SKYWAVE_PHASE_4_5","cfbcb5aa-75cd-40fb-ae65-614a4af04faa","","-1.0","16:09:02","","",""
"Input","0362a637-8acb-4c54-ae87-01627ec0d4b2","udce345a-4d85-41ef-a29d-f6b83e38bc90","9dce345a-4d85-41ef-a29d-f6b83e38bc90","text/plain","Okay.","SKYWAVE_PHASE_4_5","de528145-7d66-4428-a1ed-c0dc9670719d","","-1.0","16:09:29","","",""
"Output","0362a637-8acb-4c54-ae87-01627ec0d4b2","adce345a-4d85-41ef-a29d-f6b83e38bc90","9dce345a-4d85-41ef-a29d-f6b83e38bc90","text/plain","Understood. Anything else I can help with?","SKYWAVE_PHASE_4_5","6c6b3df4-cf96-4e52-a481-194d4daf065f","","-1.0","16:09:31","","",""
"Input","348582d3-8cf3-4053-a44a-3704617451b8","uaa6b65f-9560-4405-a4ea-480fd3b83864","8aa6b65f-9560-4405-a4ea-480fd3b83864","text/plain","Tell me a joke","SKYWAVE_PHASE_4_5","e57b9be8-2be5-49ce-aaa0-3ae5f91023e1","","-13.0","19:18:00","","",""
"Output","348582d3-8cf3-4053-a44a-3704617451b8","aaa6b65f-9560-4405-a4ea-480fd3b83864","8aa6b65f-9560-4405-a4ea-480fd3b83864","text/plain","I am a Skywave booking assistant. How can I help with your travel?","SKYWAVE_PHASE_4_5","8d1e37da-21cc-465b-af3d-079220a98442","","-13.0","19:18:03","","",""
"Input","49a11879-d278-462a-a0d2-6aa31e32b35b","uaa6b65f-9560-4405-a4ea-480fd3b83864","8aa6b65f-9560-4405-a4ea-480fd3b83864","text/plain","This still is not working, I am frustrated.","SKYWAVE_PHASE_4_5","27f4be99-f66e-4b2a-a44b-3656e6b010e3","","-13.0","19:21:55","","",""
"Output","49a11879-d278-462a-a0d2-6aa31e32b35b","aaa6b65f-9560-4405-a4ea-480fd3b83864","8aa6b65f-9560-4405-a4ea-480fd3b83864","text/plain","I am sorry for the inconvenience. I was unable to resolve this for you.","SKYWAVE_PHASE_4_5","09330040-e652-46bf-a41f-9f9424e452ba","","-13.0","19:21:57","","",""
"Input","911b76fd-b86a-4376-a028-0c2528549632","u564a0f8-7090-40b7-a251-2b6e1bb76d72","9564a0f8-7090-40b7-a251-2b6e1bb76d72","text/plain","What is my tier status?","SKYWAVE_PHASE_4_5","fbb26974-82d9-430b-a19f-9a698fcb4e22","","-1.0","16:01:00","","",""
"Output","911b76fd-b86a-4376-a028-0c2528549632","a564a0f8-7090-40b7-a251-2b6e1bb76d72","9564a0f8-7090-40b7-a251-2b6e1bb76d72","text/plain","You are Gold tier with 14,200 qualifying points this year.","SKYWAVE_PHASE_4_5","4ac4652e-e976-45b1-a95d-20d0ac059cc1","","-1.0","16:01:02","","",""
"Input","bee77148-14ae-4948-a129-81f37b634218","u564a0f8-7090-40b7-a251-2b6e1bb76d72","9564a0f8-7090-40b7-a251-2b6e1bb76d72","text/plain","Great, thank you!","SKYWAVE_PHASE_4_5","176df7b8-ddc2-42eb-a223-711b6c70c181","","-1.0","16:03:11","","",""
"Output","bee77148-14ae-4948-a129-81f37b634218","a564a0f8-7090-40b7-a251-2b6e1bb76d72","9564a0f8-7090-40b7-a251-2b6e1bb76d72","text/plain","You are welcome. Is there anything else I can help with?","SKYWAVE_PHASE_4_5","d57ba9fe-6c5a-4dfe-aa81-c58c1841f720","","-1.0","16:03:15","","",""
"Input","04fb4edf-e67f-409c-adf7-b02a5c32ff7c","u564a0f8-7090-40b7-a251-2b6e1bb76d72","9564a0f8-7090-40b7-a251-2b6e1bb76d72","text/plain","My in-flight wifi did not work, I want a refund","SKYWAVE_PHASE_4_5","a005598e-393b-44c7-a130-47dd1319015f","","-1.0","16:05:03","","",""
"Output","04fb4edf-e67f-409c-adf7-b02a5c32ff7c","a564a0f8-7090-40b7-a251-2b6e1bb76d72","9564a0f8-7090-40b7-a251-2b6e1bb76d72","text/plain","I have logged your complaint as case 00012346. A refund will be processed.","SKYWAVE_PHASE_4_5","8102e93d-6552-4d9b-ab0f-44bd8157d415","","-1.0","16:05:05","","",""
"Input","f96525b4-5bf8-4dc2-ae4c-a6aeba27cc70","u564a0f8-7090-40b7-a251-2b6e1bb76d72","9564a0f8-7090-40b7-a251-2b6e1bb76d72","text/plain","Great, thank you!","SKYWAVE_PHASE_4_5","7cd49112-a778-4fd5-a651-a8ade2038fef","","-1.0","16:06:16","","",""
"Output","f96525b4-5bf8-4dc2-ae4c-a6aeba27cc70","a564a0f8-7090-40b7-a251-2b6e1bb76d72","9564a0f8-7090-40b7-a251-2b6e1bb76d72","text/plain","You are welcome. Is there anything else I can help with?","SKYWAVE_PHASE_4_5","0b9b264d-e1e5-46f3-a174-baa0fba66a7f","","-1.0","16:06:20","","",""
"Input","0f02cdb0-5928-40fa-a747-edf3c3887ff5","ue0e05c6-98f0-4732-a25b-ceb4d3c0ae6d","7e0e05c6-98f0-4732-a25b-ceb4d3c0ae6d","text/plain","My first name is misspelled on my ticket","SKYWAVE_PHASE_4_5","abb6ffbd-2c07-4e53-a6d0-6072dd228ffd","","-9.0","18:51:00","","",""
"Output","0f02cdb0-5928-40fa-a747-edf3c3887ff5","ae0e05c6-98f0-4732-a25b-ceb4d3c0ae6d","7e0e05c6-98f0-4732-a25b-ceb4d3c0ae6d","text/plain","I have corrected the spelling on your ticket. Please review the updated itinerary.","SKYWAVE_PHASE_4_5","88ca7aa9-9c8d-41e9-ab13-506af3b9f6b6","","-9.0","18:51:02","","",""
"Input","946651dd-3372-4443-aa22-2125f02833e1","ue0e05c6-98f0-4732-a25b-ceb4d3c0ae6d","7e0e05c6-98f0-4732-a25b-ceb4d3c0ae6d","text/plain","Great, thank you!","SKYWAVE_PHASE_4_5","624d1eab-aff3-471c-a8a8-b0fc11ecc24a","","-9.0","18:51:30","","",""
"Output","946651dd-3372-4443-aa22-2125f02833e1","ae0e05c6-98f0-4732-a25b-ceb4d3c0ae6d","7e0e05c6-98f0-4732-a25b-ceb4d3c0ae6d","text/plain","You are welcome. Is there anything else I can help with?","SKYWAVE_PHASE_4_5","06499898-deb2-4215-ab9a-0dd53176206d","","-9.0","18:51:33","","",""
"Input","483ca3e9-d895-4594-aaf9-db2eb1c0b4ef","ue0e05c6-98f0-4732-a25b-ceb4d3c0ae6d","7e0e05c6-98f0-4732-a25b-ceb4d3c0ae6d","text/plain","I want to select seat 1A for my flight","SKYWAVE_PHASE_4_5","edf05ea3-d3da-4628-a39d-7a5406a61ce8","","-9.0","18:52:25","","",""
"Output","483ca3e9-d895-4594-aaf9-db2eb1c0b4ef","ae0e05c6-98f0-4732-a25b-ceb4d3c0ae6d","7e0e05c6-98f0-4732-a25b-ceb4d3c0ae6d","text/plain","I was unable to retrieve the seat map automatically and could not assign the seat.","SKYWAVE_PHASE_4_5","10f902b3-58d7-4cf4-a3e7-fcd17b9f7de7","","-9.0","18:52:27","","",""
"Input","e6bc0006-4994-47e8-a89a-9bd2d26ee0ca","ue0e05c6-98f0-4732-a25b-ceb4d3c0ae6d","7e0e05c6-98f0-4732-a25b-ceb4d3c0ae6d","text/plain","This still is not working, I am frustrated.","SKYWAVE_PHASE_4_5","c79e6048-78f9-443e-a2ea-74cef0019cad","","-9.0","18:52:48","","",""
"Output","e6bc0006-4994-47e8-a89a-9bd2d26ee0ca","ae0e05c6-98f0-4732-a25b-ceb4d3c0ae6d","7e0e05c6-98f0-4732-a25b-ceb4d3c0ae6d","text/plain","I am sorry for the inconvenience. I was unable to resolve this for you.","SKYWAVE_PHASE_4_5","e4d31a46-7787-42be-a86d-10c9664c80a3","","-9.0","18:52:52","","",""
"Input","0a7cd7e2-710d-4b90-a7ae-cd094bae87b1","ud3ba60d-dcd1-4d4f-a2c8-b8325a420e1f","6d3ba60d-dcd1-4d4f-a2c8-b8325a420e1f","text/plain","I want to select seat 1A for my flight","SKYWAVE_PHASE_4_5","13ae7b22-6898-45a7-ad72-62626c10da26","","-2.0","12:19:00","","",""
"Output","0a7cd7e2-710d-4b90-a7ae-cd094bae87b1","ad3ba60d-dcd1-4d4f-a2c8-b8325a420e1f","6d3ba60d-dcd1-4d4f-a2c8-b8325a420e1f","text/plain","I was unable to retrieve the seat map automatically and could not assign the seat.","SKYWAVE_PHASE_4_5","2966947e-f7ef-43e3-a352-76b93b72d309","","-2.0","12:19:04","","",""
"Input","39617c11-194d-4be6-abea-d765e13d11c4","ud3ba60d-dcd1-4d4f-a2c8-b8325a420e1f","6d3ba60d-dcd1-4d4f-a2c8-b8325a420e1f","text/plain","This still is not working, I am frustrated.","SKYWAVE_PHASE_4_5","e8c5330a-f62f-4427-ab2e-2a9eb11905c8","","-2.0","12:19:43","","",""
"Output","39617c11-194d-4be6-abea-d765e13d11c4","ad3ba60d-dcd1-4d4f-a2c8-b8325a420e1f","6d3ba60d-dcd1-4d4f-a2c8-b8325a420e1f","text/plain","I am sorry for the inconvenience. I was unable to resolve this for you.","SKYWAVE_PHASE_4_5","3f0ec3a7-dcfc-4a49-a1c8-d3022bf34d16","","-2.0","12:19:46","","",""
"Input","54ced2ad-714a-4583-a2ab-5d54d5f53dcf","ud3ba60d-dcd1-4d4f-a2c8-b8325a420e1f","6d3ba60d-dcd1-4d4f-a2c8-b8325a420e1f","text/plain","Show me my upcoming bookings","SKYWAVE_PHASE_4_5","d9011f6b-ad13-4d1e-afbd-5db6f319aa55","","-2.0","12:21:54","","",""
"Output","54ced2ad-714a-4583-a2ab-5d54d5f53dcf","ad3ba60d-dcd1-4d4f-a2c8-b8325a420e1f","6d3ba60d-dcd1-4d4f-a2c8-b8325a420e1f","text/plain","You have one upcoming booking — LH 1927 BER-MUC-SFO, confirmed.","SKYWAVE_PHASE_4_5","b5cbd37f-665f-4c34-ae21-8cf2b88060c3","","-2.0","12:21:58","","",""
"Input","12f08eb8-af24-491b-aafb-6bec1aa56abb","ud3ba60d-dcd1-4d4f-a2c8-b8325a420e1f","6d3ba60d-dcd1-4d4f-a2c8-b8325a420e1f","text/plain","Great, thank you!","SKYWAVE_PHASE_4_5","43212313-e638-4d71-a499-bb7e9cd37c21","","-2.0","12:22:39","","",""
"Output","12f08eb8-af24-491b-aafb-6bec1aa56abb","ad3ba60d-dcd1-4d4f-a2c8-b8325a420e1f","6d3ba60d-dcd1-4d4f-a2c8-b8325a420e1f","text/plain","You are welcome. Is there anything else I can help with?","SKYWAVE_PHASE_4_5","45050794-a623-4461-ad39-afa6c92ec95e","","-2.0","12:22:43","","",""
"Input","c938859e-0e6f-4cdd-ae64-f9fc49033305","u2c1b1c7-40b5-48fc-aa2c-b8af97c32f15","42c1b1c7-40b5-48fc-aa2c-b8af97c32f15","text/plain","I want to select seat 1A for my flight","SKYWAVE_PHASE_4_5","870386ca-ecde-439a-a476-21f14b1c54a4","","-1.0","17:48:00","","",""
"Output","c938859e-0e6f-4cdd-ae64-f9fc49033305","a2c1b1c7-40b5-48fc-aa2c-b8af97c32f15","42c1b1c7-40b5-48fc-aa2c-b8af97c32f15","text/plain","I was unable to retrieve the seat map automatically and could not assign the seat.","SKYWAVE_PHASE_4_5","aa94bc5e-1d75-4469-afff-80f2b41cc112","","-1.0","17:48:04","","",""
"Input","f1749896-1b08-4269-aa2d-025305acde2e","u2c1b1c7-40b5-48fc-aa2c-b8af97c32f15","42c1b1c7-40b5-48fc-aa2c-b8af97c32f15","text/plain","This still is not working, I am frustrated.","SKYWAVE_PHASE_4_5","30028f86-843b-435c-a0ce-d7fdc610256c","","-1.0","17:49:02","","",""
"Output","f1749896-1b08-4269-aa2d-025305acde2e","a2c1b1c7-40b5-48fc-aa2c-b8af97c32f15","42c1b1c7-40b5-48fc-aa2c-b8af97c32f15","text/plain","I am sorry for the inconvenience. I was unable to resolve this for you.","SKYWAVE_PHASE_4_5","922e9165-72ad-430d-a773-cbd8d48a3ee3","","-1.0","17:49:06","","",""
"Input","e4576abb-06e8-4c47-ae2e-e9904f94e812","u2ffa8cf-179e-43bd-aa79-46141990e949","a2ffa8cf-179e-43bd-aa79-46141990e949","text/plain","Show me my upcoming bookings","SKYWAVE_PHASE_4_5","21fc0e8f-50cd-45c8-a5eb-a98cbe8546d6","","-8.0","13:02:00","","",""
"Output","e4576abb-06e8-4c47-ae2e-e9904f94e812","a2ffa8cf-179e-43bd-aa79-46141990e949","a2ffa8cf-179e-43bd-aa79-46141990e949","text/plain","You have one upcoming booking — LH 1927 BER-MUC-SFO, confirmed.","SKYWAVE_PHASE_4_5","566e4cdc-2787-4aee-a4f7-a07f4518f136","","-8.0","13:02:02","","",""
"Input","19d10227-2045-487b-a8f4-db1d7c8ff396","u2ffa8cf-179e-43bd-aa79-46141990e949","a2ffa8cf-179e-43bd-aa79-46141990e949","text/plain","Great, thank you!","SKYWAVE_PHASE_4_5","48a06037-1110-4fd3-a9e0-95d52a66eb2e","","-8.0","13:02:41","","",""
"Output","19d10227-2045-487b-a8f4-db1d7c8ff396","a2ffa8cf-179e-43bd-aa79-46141990e949","a2ffa8cf-179e-43bd-aa79-46141990e949","text/plain","You are welcome. Is there anything else I can help with?","SKYWAVE_PHASE_4_5","a654f618-d4af-4548-a673-ebe0675f9050","","-8.0","13:02:43","","",""
"Input","b3c5ef29-b6ae-4f8f-ac51-c3d5d616d300","udfbe3e6-fba8-4f49-a81c-7523ecad0a47","3dfbe3e6-fba8-4f49-a81c-7523ecad0a47","text/plain","My first name is misspelled on my ticket","SKYWAVE_PHASE_4_5","32bccb32-798d-40e0-acda-5afe6ae7f555","","-8.0","17:37:00","","",""
"Output","b3c5ef29-b6ae-4f8f-ac51-c3d5d616d300","adfbe3e6-fba8-4f49-a81c-7523ecad0a47","3dfbe3e6-fba8-4f49-a81c-7523ecad0a47","text/plain","I have corrected the spelling on your ticket. Please review the updated itinerary.","SKYWAVE_PHASE_4_5","3080124d-86b1-4767-a842-a28e6d6d242c","","-8.0","17:37:03","","",""
"Input","271a2ce9-a50f-4eae-a6e0-82deef4569bd","udfbe3e6-fba8-4f49-a81c-7523ecad0a47","3dfbe3e6-fba8-4f49-a81c-7523ecad0a47","text/plain","Great, thank you!","SKYWAVE_PHASE_4_5","ca6c0bf8-aaf6-4bb2-a2c7-6bd09ae6a3c2","","-8.0","17:41:30","","",""
"Output","271a2ce9-a50f-4eae-a6e0-82deef4569bd","adfbe3e6-fba8-4f49-a81c-7523ecad0a47","3dfbe3e6-fba8-4f49-a81c-7523ecad0a47","text/plain","You are welcome. Is there anything else I can help with?","SKYWAVE_PHASE_4_5","a0b412a4-3a58-4261-ab53-b2cefab6c0f9","","-8.0","17:41:32","","",""
"Input","e49f267a-0d67-4d06-ae9c-c1e4de7074ec","u296eb06-56ac-4e77-ace6-87ecf8bbc226","d296eb06-56ac-4e77-ace6-87ecf8bbc226","text/plain","Can I move from 23B to an aisle seat?","SKYWAVE_PHASE_4_5","ca46d96f-bea2-4773-aff8-c208639db30d","","-7.0","17:10:00","","",""
"Output","e49f267a-0d67-4d06-ae9c-c1e4de7074ec","a296eb06-56ac-4e77-ace6-87ecf8bbc226","d296eb06-56ac-4e77-ace6-87ecf8bbc226","text/plain","I could not update your seat assignment. Please contact a service agent.","SKYWAVE_PHASE_4_5","402076f8-f1c7-4e3d-a3cc-97548973c3c7","","-7.0","17:10:04","","",""
"Input","66e88d95-cd3b-4268-a7f9-6603f4ec94f9","u296eb06-56ac-4e77-ace6-87ecf8bbc226","d296eb06-56ac-4e77-ace6-87ecf8bbc226","text/plain","This still is not working, I am frustrated.","SKYWAVE_PHASE_4_5","571ce76c-4bff-4613-a2d1-6f8e3a6032f9","","-7.0","17:12:46","","",""
"Output","66e88d95-cd3b-4268-a7f9-6603f4ec94f9","a296eb06-56ac-4e77-ace6-87ecf8bbc226","d296eb06-56ac-4e77-ace6-87ecf8bbc226","text/plain","I am sorry for the inconvenience. I was unable to resolve this for you.","SKYWAVE_PHASE_4_5","6aac16ae-4590-46d7-a133-282a29ac3187","","-7.0","17:12:50","","",""
"Input","7bcd64c9-74be-4e4a-a50a-72978c38a51c","u296eb06-56ac-4e77-ace6-87ecf8bbc226","d296eb06-56ac-4e77-ace6-87ecf8bbc226","text/plain","What is my tier status?","SKYWAVE_PHASE_4_5","3edff856-3e25-418d-a6ec-094aa36b2113","","-7.0","17:13:52","","",""
"Output","7bcd64c9-74be-4e4a-a50a-72978c38a51c","a296eb06-56ac-4e77-ace6-87ecf8bbc226","d296eb06-56ac-4e77-ace6-87ecf8bbc226","text/plain","You are Gold tier with 14,200 qualifying points this year.","SKYWAVE_PHASE_4_5","44778879-de39-4516-a2e9-c0175031f007","","-7.0","17:13:54","","",""
"Input","ff3715be-c9f3-45e3-aeda-e03a2af6febb","u296eb06-56ac-4e77-ace6-87ecf8bbc226","d296eb06-56ac-4e77-ace6-87ecf8bbc226","text/plain","Great, thank you!","SKYWAVE_PHASE_4_5","b4207e7b-ab9a-4aaa-aecc-79e4fb45ed35","","-7.0","17:15:06","","",""
"Output","ff3715be-c9f3-45e3-aeda-e03a2af6febb","a296eb06-56ac-4e77-ace6-87ecf8bbc226","d296eb06-56ac-4e77-ace6-87ecf8bbc226","text/plain","You are welcome. Is there anything else I can help with?","SKYWAVE_PHASE_4_5","9fdd4f78-b2c4-4609-a123-54f9ab97077a","","-7.0","17:15:08","","",""
"Input","2184d19e-2085-4aa8-a41e-bcfbf1626f02","u296eb06-56ac-4e77-ace6-87ecf8bbc226","d296eb06-56ac-4e77-ace6-87ecf8bbc226","text/plain","How many miles do I have?","SKYWAVE_PHASE_4_5","289c7f3b-fb16-4a40-aaa7-17d8db019f29","","-7.0","17:15:42","","",""
"Output","2184d19e-2085-4aa8-a41e-bcfbf1626f02","a296eb06-56ac-4e77-ace6-87ecf8bbc226","d296eb06-56ac-4e77-ace6-87ecf8bbc226","text/plain","You currently have 18,450 SkyWave miles. You are at Premier tier.","SKYWAVE_PHASE_4_5","69e58194-b426-4d42-af83-60d2bbd52517","","-7.0","17:15:44","","",""
"Input","38af1c17-0855-469b-a4bb-7f74a7246bb4","u296eb06-56ac-4e77-ace6-87ecf8bbc226","d296eb06-56ac-4e77-ace6-87ecf8bbc226","text/plain","Great, thank you!","SKYWAVE_PHASE_4_5","f4226ceb-e726-4bb4-a5d3-5f4d9e4a0d0e","","-7.0","17:16:34","","",""
"Output","38af1c17-0855-469b-a4bb-7f74a7246bb4","a296eb06-56ac-4e77-ace6-87ecf8bbc226","d296eb06-56ac-4e77-ace6-87ecf8bbc226","text/plain","You are welcome. Is there anything else I can help with?","SKYWAVE_PHASE_4_5","a7f66891-1bdb-4738-a5c1-b6449bc79907","","-7.0","17:16:37","","",""
"Input","5ca19326-932e-40b4-ab3b-bc6274b45c69","u3986325-4d73-4df2-a23f-4b418945029a","73986325-4d73-4df2-a23f-4b418945029a","text/plain","My in-flight wifi did not work, I want a refund","SKYWAVE_PHASE_4_5","0e259442-ffe6-4d9f-a287-3ab0711a77f7","","-12.0","13:32:00","","",""
"Output","5ca19326-932e-40b4-ab3b-bc6274b45c69","a3986325-4d73-4df2-a23f-4b418945029a","73986325-4d73-4df2-a23f-4b418945029a","text/plain","I have logged your complaint as case 00012346. A refund will be processed.","SKYWAVE_PHASE_4_5","0cad4c99-8523-4fa8-a2a3-e018f8d33a4f","","-12.0","13:32:02","","",""
"Input","ba6dcaba-8477-493c-ae92-c0539df1f0a5","u3986325-4d73-4df2-a23f-4b418945029a","73986325-4d73-4df2-a23f-4b418945029a","text/plain","Great, thank you!","SKYWAVE_PHASE_4_5","05cfbdb3-757d-4cff-acc2-3db51b658cdc","","-12.0","13:32:44","","",""
"Output","ba6dcaba-8477-493c-ae92-c0539df1f0a5","a3986325-4d73-4df2-a23f-4b418945029a","73986325-4d73-4df2-a23f-4b418945029a","text/plain","You are welcome. Is there anything else I can help with?","SKYWAVE_PHASE_4_5","65f571d3-83a9-4e1e-a898-cb710ee06ae3","","-12.0","13:32:46","","",""
"Input","9de53a7a-926e-4c15-a1ea-062fa1ac45c8","u8738406-d9ec-4c67-ac6e-13df75fa62b4","28738406-d9ec-4c67-ac6e-13df75fa62b4","text/plain","Cancel my booking ABC123","SKYWAVE_PHASE_4_5","76d40250-e4c2-450c-a984-a1204faf744e","","-4.0","09:02:00","","",""
"Output","9de53a7a-926e-4c15-a1ea-062fa1ac45c8","a8738406-d9ec-4c67-ac6e-13df75fa62b4","28738406-d9ec-4c67-ac6e-13df75fa62b4","text/plain","I have cancelled booking ABC123. A refund of $480 will be issued.","SKYWAVE_PHASE_4_5","f4748beb-e658-4fd6-a019-f9e684e4807f","","-4.0","09:02:02","","",""
"Input","b50ff7b7-5445-4af8-a36d-3e24d94b7eba","u8738406-d9ec-4c67-ac6e-13df75fa62b4","28738406-d9ec-4c67-ac6e-13df75fa62b4","text/plain","Great, thank you!","SKYWAVE_PHASE_4_5","ad1ee892-abad-4be1-a441-692d3dca3c5d","","-4.0","09:06:19","","",""
"Output","b50ff7b7-5445-4af8-a36d-3e24d94b7eba","a8738406-d9ec-4c67-ac6e-13df75fa62b4","28738406-d9ec-4c67-ac6e-13df75fa62b4","text/plain","You are welcome. Is there anything else I can help with?","SKYWAVE_PHASE_4_5","f6faaa00-7fae-415d-a0cb-a5ed2d0193da","","-4.0","09:06:22","","",""
"Input","623c6e7b-c68b-4074-a791-f999cadb80bf","u8738406-d9ec-4c67-ac6e-13df75fa62b4","28738406-d9ec-4c67-ac6e-13df75fa62b4","text/plain","Whats the weather like in Tokyo?","SKYWAVE_PHASE_4_5","4ed173b5-99b2-45a9-a2e2-10a58cb1ad8c","","-4.0","09:08:00","","",""
"Output","623c6e7b-c68b-4074-a791-f999cadb80bf","a8738406-d9ec-4c67-ac6e-13df75fa62b4","28738406-d9ec-4c67-ac6e-13df75fa62b4","text/plain","I can only help with flight bookings and Skywave loyalty questions.","SKYWAVE_PHASE_4_5","baef6bcb-6e69-4120-ab35-4875ccfad317","","-4.0","09:08:04","","",""
"Input","96736b43-d2ed-4231-ad08-744a66aac080","u8738406-d9ec-4c67-ac6e-13df75fa62b4","28738406-d9ec-4c67-ac6e-13df75fa62b4","text/plain","This still is not working, I am frustrated.","SKYWAVE_PHASE_4_5","378acae0-1d02-45bc-a9d0-412e8d2c3f82","","-4.0","09:11:35","","",""
"Output","96736b43-d2ed-4231-ad08-744a66aac080","a8738406-d9ec-4c67-ac6e-13df75fa62b4","28738406-d9ec-4c67-ac6e-13df75fa62b4","text/plain","I am sorry for the inconvenience. I was unable to resolve this for you.","SKYWAVE_PHASE_4_5","839d9684-f7b7-42d2-ad7b-96414d43488b","","-4.0","09:11:37","","",""
"Input","94f518c1-5c39-4eb8-a61a-75a83cf00d42","u8738406-d9ec-4c67-ac6e-13df75fa62b4","28738406-d9ec-4c67-ac6e-13df75fa62b4","text/plain","I want to select seat 1A for my flight","SKYWAVE_PHASE_4_5","da6a4dcf-129c-467d-a63e-312cc4823e44","","-4.0","09:14:40","","",""
"Output","94f518c1-5c39-4eb8-a61a-75a83cf00d42","a8738406-d9ec-4c67-ac6e-13df75fa62b4","28738406-d9ec-4c67-ac6e-13df75fa62b4","text/plain","I was unable to retrieve the seat map automatically and could not assign the seat.","SKYWAVE_PHASE_4_5","abca47c3-1058-4512-a618-4a7a3c8ff855","","-4.0","09:14:43","","",""
"Input","495e35da-dfc8-4e60-a565-7a186573b057","u8738406-d9ec-4c67-ac6e-13df75fa62b4","28738406-d9ec-4c67-ac6e-13df75fa62b4","text/plain","This still is not working, I am frustrated.","SKYWAVE_PHASE_4_5","7ea689fa-0aa8-4fa6-afdf-eefcb13802e9","","-4.0","09:16:36","","",""
"Output","495e35da-dfc8-4e60-a565-7a186573b057","a8738406-d9ec-4c67-ac6e-13df75fa62b4","28738406-d9ec-4c67-ac6e-13df75fa62b4","text/plain","I am sorry for the inconvenience. I was unable to resolve this for you.","SKYWAVE_PHASE_4_5","2185aa0e-06c0-4a0b-ae0d-3f3144f46b43","","-4.0","09:16:40","","",""
"Input","cd0ff80f-1ed9-4901-a572-21fe3375d6d0","u6c958d8-6db4-4e7e-a92f-663813376e91","e6c958d8-6db4-4e7e-a92f-663813376e91","text/plain","Whats the weather like in Tokyo?","SKYWAVE_PHASE_4_5","9de687de-7c5d-4382-af75-065e026c387a","","-6.0","16:55:00","","",""
"Output","cd0ff80f-1ed9-4901-a572-21fe3375d6d0","a6c958d8-6db4-4e7e-a92f-663813376e91","e6c958d8-6db4-4e7e-a92f-663813376e91","text/plain","I can only help with flight bookings and Skywave loyalty questions.","SKYWAVE_PHASE_4_5","cffede11-3477-443e-a568-3920ddaeed9a","","-6.0","16:55:03","","",""
"Input","cda4be92-ab8c-4123-a3c6-53351e9f09e6","u6c958d8-6db4-4e7e-a92f-663813376e91","e6c958d8-6db4-4e7e-a92f-663813376e91","text/plain","This still is not working, I am frustrated.","SKYWAVE_PHASE_4_5","10fc7429-5717-41da-ad6a-9edc0e1682b6","","-6.0","16:55:40","","",""
"Output","cda4be92-ab8c-4123-a3c6-53351e9f09e6","a6c958d8-6db4-4e7e-a92f-663813376e91","e6c958d8-6db4-4e7e-a92f-663813376e91","text/plain","I am sorry for the inconvenience. I was unable to resolve this for you.","SKYWAVE_PHASE_4_5","958044b5-eca5-4bc7-aa94-05379f619345","","-6.0","16:55:42","","",""
"Input","adf6a619-a46e-4b16-a717-cb9477629417","u6c958d8-6db4-4e7e-a92f-663813376e91","e6c958d8-6db4-4e7e-a92f-663813376e91","text/plain","I want to select seat 1A for my flight","SKYWAVE_PHASE_4_5","ad2e4431-f863-49ea-a6d2-ab630b38d5f9","","-6.0","16:57:38","","",""
"Output","adf6a619-a46e-4b16-a717-cb9477629417","a6c958d8-6db4-4e7e-a92f-663813376e91","e6c958d8-6db4-4e7e-a92f-663813376e91","text/plain","I was unable to retrieve the seat map automatically and could not assign the seat.","SKYWAVE_PHASE_4_5","7082d55a-23ac-49bf-a916-0faac37b3b30","","-6.0","16:57:40","","",""
"Input","f7f77fab-257b-46c9-ae43-8bc489861874","u6c958d8-6db4-4e7e-a92f-663813376e91","e6c958d8-6db4-4e7e-a92f-663813376e91","text/plain","This still is not working, I am frustrated.","SKYWAVE_PHASE_4_5","53070a72-ad79-4798-a20b-0f0136ea8409","","-6.0","16:58:16","","",""
"Output","f7f77fab-257b-46c9-ae43-8bc489861874","a6c958d8-6db4-4e7e-a92f-663813376e91","e6c958d8-6db4-4e7e-a92f-663813376e91","text/plain","I am sorry for the inconvenience. I was unable to resolve this for you.","SKYWAVE_PHASE_4_5","5aca658a-ee84-4a8c-a114-8afb5918800c","","-6.0","16:58:19","","",""
"Input","2ffe3de7-1139-4f29-ac3b-7066081ef0e2","ub8b2235-96e7-4738-a629-22efa69c9817","ab8b2235-96e7-4738-a629-22efa69c9817","text/plain","My in-flight wifi did not work, I want a refund","SKYWAVE_PHASE_4_5","acd8ac4d-0d89-44ad-aa34-6dda7c4e4630","","-8.0","13:23:00","","",""
"Output","2ffe3de7-1139-4f29-ac3b-7066081ef0e2","ab8b2235-96e7-4738-a629-22efa69c9817","ab8b2235-96e7-4738-a629-22efa69c9817","text/plain","I have logged your complaint as case 00012346. A refund will be processed.","SKYWAVE_PHASE_4_5","0d668a16-59b3-44b2-a9b5-7d7ca0f44ee2","","-8.0","13:23:04","","",""
"Input","ddcdeb1e-9dfd-4fc5-a206-88fd4a30768b","ub8b2235-96e7-4738-a629-22efa69c9817","ab8b2235-96e7-4738-a629-22efa69c9817","text/plain","Okay.","SKYWAVE_PHASE_4_5","2b98f261-5389-449e-af04-cbf0dc4ed1f9","","-8.0","13:25:01","","",""
"Output","ddcdeb1e-9dfd-4fc5-a206-88fd4a30768b","ab8b2235-96e7-4738-a629-22efa69c9817","ab8b2235-96e7-4738-a629-22efa69c9817","text/plain","Understood. Anything else I can help with?","SKYWAVE_PHASE_4_5","3623e562-aaec-41b6-ae1e-fa21de63d7b9","","-8.0","13:25:05","","",""
"Input","236550cf-efd3-471e-a750-d72198614d53","ue407bb5-e33d-49d4-a336-6d05c16f6ece","de407bb5-e33d-49d4-a336-6d05c16f6ece","text/plain","Cancel my booking ABC123","SKYWAVE_PHASE_4_5","d860c408-e19d-4351-af08-1057e6282f37","","-5.0","12:42:00","","",""
"Output","236550cf-efd3-471e-a750-d72198614d53","ae407bb5-e33d-49d4-a336-6d05c16f6ece","de407bb5-e33d-49d4-a336-6d05c16f6ece","text/plain","I have cancelled booking ABC123. A refund of $480 will be issued.","SKYWAVE_PHASE_4_5","d59b6c2c-41a8-4838-a235-531609342221","","-5.0","12:42:04","","",""
"Input","133d51ce-fded-465a-ab5a-19d6bf87e762","ue407bb5-e33d-49d4-a336-6d05c16f6ece","de407bb5-e33d-49d4-a336-6d05c16f6ece","text/plain","Great, thank you!","SKYWAVE_PHASE_4_5","5dd10c2e-a5e0-4ffd-adea-41d8a153deb1","","-5.0","12:44:09","","",""
"Output","133d51ce-fded-465a-ab5a-19d6bf87e762","ae407bb5-e33d-49d4-a336-6d05c16f6ece","de407bb5-e33d-49d4-a336-6d05c16f6ece","text/plain","You are welcome. Is there anything else I can help with?","SKYWAVE_PHASE_4_5","6bd60cab-4ca2-47b5-a4c5-f1380801469c","","-5.0","12:44:11","","",""
"Input","3785c6c2-26f4-4e22-ab66-8c84883f81d1","ue407bb5-e33d-49d4-a336-6d05c16f6ece","de407bb5-e33d-49d4-a336-6d05c16f6ece","text/plain","Whats the weather like in Tokyo?","SKYWAVE_PHASE_4_5","0d6f873a-1b5a-4481-aad6-637cba0dcefc","","-5.0","12:44:49","","",""
"Output","3785c6c2-26f4-4e22-ab66-8c84883f81d1","ae407bb5-e33d-49d4-a336-6d05c16f6ece","de407bb5-e33d-49d4-a336-6d05c16f6ece","text/plain","I can only help with flight bookings and Skywave loyalty questions.","SKYWAVE_PHASE_4_5","bb8ad908-beac-45e5-a67d-51eed59f5ee6","","-5.0","12:44:51","","",""
"Input","9ff128c0-f8c6-4abd-a8dc-cd45a79567e3","ue407bb5-e33d-49d4-a336-6d05c16f6ece","de407bb5-e33d-49d4-a336-6d05c16f6ece","text/plain","Okay.","SKYWAVE_PHASE_4_5","665222c1-0144-48b0-aecd-36551c0afe31","","-5.0","12:45:53","","",""
"Output","9ff128c0-f8c6-4abd-a8dc-cd45a79567e3","ae407bb5-e33d-49d4-a336-6d05c16f6ece","de407bb5-e33d-49d4-a336-6d05c16f6ece","text/plain","Understood. Anything else I can help with?","SKYWAVE_PHASE_4_5","e8d1293e-2148-40e5-af99-203479f67b53","","-5.0","12:45:57","","",""
"Input","c3f38f21-cf3a-46df-acca-6ab741fba583","u93fc297-3bfa-4417-a530-3bd9b0934edd","293fc297-3bfa-4417-a530-3bd9b0934edd","text/plain","I lost my luggage in Munich last week, can you help?","SKYWAVE_PHASE_4_5","b348ec50-82cb-48a7-acf5-b1461b51ab95","","-14.0","08:42:00","","",""
"Output","c3f38f21-cf3a-46df-acca-6ab741fba583","a93fc297-3bfa-4417-a530-3bd9b0934edd","293fc297-3bfa-4417-a530-3bd9b0934edd","text/plain","I have created case 00012345 for your lost luggage. We will contact you within 24 hours.","SKYWAVE_PHASE_4_5","bb19202a-254f-4e9a-aa0d-7594f89af0ba","","-14.0","08:42:03","","",""
"Input","f78ed1af-54c6-43bc-a551-9b144e77ac71","u93fc297-3bfa-4417-a530-3bd9b0934edd","293fc297-3bfa-4417-a530-3bd9b0934edd","text/plain","Great, thank you!","SKYWAVE_PHASE_4_5","2aa82cec-f5b8-4444-ace8-6906208dc6e9","","-14.0","08:42:20","","",""
"Output","f78ed1af-54c6-43bc-a551-9b144e77ac71","a93fc297-3bfa-4417-a530-3bd9b0934edd","293fc297-3bfa-4417-a530-3bd9b0934edd","text/plain","You are welcome. Is there anything else I can help with?","SKYWAVE_PHASE_4_5","4b72427a-ddb4-41dd-a04b-cad2e151d75a","","-14.0","08:42:23","","",""
"Input","0d2084c7-a0a1-40e8-ab86-8eca95eb2b3e","ubd4e804-7fdd-461b-a786-83c8d68467ae","cbd4e804-7fdd-461b-a786-83c8d68467ae","text/plain","Please correct my last name on booking ABC123","SKYWAVE_PHASE_4_5","43571753-5ac4-457c-a2d1-06fa87a6bbeb","","-13.0","16:40:00","","",""
"Output","0d2084c7-a0a1-40e8-ab86-8eca95eb2b3e","abd4e804-7fdd-461b-a786-83c8d68467ae","cbd4e804-7fdd-461b-a786-83c8d68467ae","text/plain","I have updated the passenger name on booking ABC123. A confirmation has been sent.","SKYWAVE_PHASE_4_5","9dd9a855-139c-4362-aedb-b3849cf7b78a","","-13.0","16:40:04","","",""
"Input","c1b2b8f4-c0ed-4285-a4ed-03f8790a47c1","ubd4e804-7fdd-461b-a786-83c8d68467ae","cbd4e804-7fdd-461b-a786-83c8d68467ae","text/plain","Great, thank you!","SKYWAVE_PHASE_4_5","4df3489a-6770-4ebb-a279-177a2fe2b51f","","-13.0","16:42:23","","",""
"Output","c1b2b8f4-c0ed-4285-a4ed-03f8790a47c1","abd4e804-7fdd-461b-a786-83c8d68467ae","cbd4e804-7fdd-461b-a786-83c8d68467ae","text/plain","You are welcome. Is there anything else I can help with?","SKYWAVE_PHASE_4_5","ac37b440-9707-4644-a42e-deaf4c2db4ea","","-13.0","16:42:27","","",""
"Input","fae4fe93-6fed-4f18-a357-69a34bd5d175","ubb69671-3e85-43c1-a954-a4505b13f073","8bb69671-3e85-43c1-a954-a4505b13f073","text/plain","I want to select seat 1A for my flight","SKYWAVE_PHASE_4_5","46860b6e-e59c-430e-a01c-a30b643bf3a1","","-7.0","18:54:00","","",""
"Output","fae4fe93-6fed-4f18-a357-69a34bd5d175","abb69671-3e85-43c1-a954-a4505b13f073","8bb69671-3e85-43c1-a954-a4505b13f073","text/plain","I was unable to retrieve the seat map automatically and could not assign the seat.","SKYWAVE_PHASE_4_5","19b9abc1-590a-44df-a281-813d62168999","","-7.0","18:54:04","","",""
"Input","9493e3a8-25cb-49e8-a411-41f5631048ec","ubb69671-3e85-43c1-a954-a4505b13f073","8bb69671-3e85-43c1-a954-a4505b13f073","text/plain","This still is not working, I am frustrated.","SKYWAVE_PHASE_4_5","ff486174-9221-489f-a0fb-ec08527fc4bd","","-7.0","18:54:44","","",""
"Output","9493e3a8-25cb-49e8-a411-41f5631048ec","abb69671-3e85-43c1-a954-a4505b13f073","8bb69671-3e85-43c1-a954-a4505b13f073","text/plain","I am sorry for the inconvenience. I was unable to resolve this for you.","SKYWAVE_PHASE_4_5","83ea1563-97b3-48fb-a79e-cf1bce0fc89c","","-7.0","18:54:47","","",""
"Input","25cf561f-f14c-4d61-a23d-15c687966cf7","ubb69671-3e85-43c1-a954-a4505b13f073","8bb69671-3e85-43c1-a954-a4505b13f073","text/plain","Show me my upcoming bookings","SKYWAVE_PHASE_4_5","131b4931-f642-4656-a696-59c12b4bc340","","-7.0","18:58:41","","",""
"Output","25cf561f-f14c-4d61-a23d-15c687966cf7","abb69671-3e85-43c1-a954-a4505b13f073","8bb69671-3e85-43c1-a954-a4505b13f073","text/plain","You have one upcoming booking — LH 1927 BER-MUC-SFO, confirmed.","SKYWAVE_PHASE_4_5","adfbd865-ec0d-42bc-a292-c47dd4d63125","","-7.0","18:58:45","","",""
"Input","64dafff9-d052-4ff7-a468-fde201f0a2cf","ubb69671-3e85-43c1-a954-a4505b13f073","8bb69671-3e85-43c1-a954-a4505b13f073","text/plain","Great, thank you!","SKYWAVE_PHASE_4_5","42e78009-7774-4ac5-a97e-a3ab77439f70","","-7.0","18:59:25","","",""
"Output","64dafff9-d052-4ff7-a468-fde201f0a2cf","abb69671-3e85-43c1-a954-a4505b13f073","8bb69671-3e85-43c1-a954-a4505b13f073","text/plain","You are welcome. Is there anything else I can help with?","SKYWAVE_PHASE_4_5","378b20c9-0139-48be-a2bf-2491590ba4ee","","-7.0","18:59:27","","",""
"Input","1ddaf3fd-d4bb-4804-a57f-c186b1ecb709","u8ca6435-65ad-4f7a-a1d8-9bc5573f16a0","28ca6435-65ad-4f7a-a1d8-9bc5573f16a0","text/plain","What is my tier status?","SKYWAVE_PHASE_4_5","a4992b06-52e5-4558-a85c-d7b1d21d58e4","","-9.0","08:51:00","","",""
"Output","1ddaf3fd-d4bb-4804-a57f-c186b1ecb709","a8ca6435-65ad-4f7a-a1d8-9bc5573f16a0","28ca6435-65ad-4f7a-a1d8-9bc5573f16a0","text/plain","You are Gold tier with 14,200 qualifying points this year.","SKYWAVE_PHASE_4_5","19333995-fc89-4c5c-a708-638dc78986ce","","-9.0","08:51:03","","",""
"Input","8d6eba87-f89f-4a81-add6-7b625f256ffa","u8ca6435-65ad-4f7a-a1d8-9bc5573f16a0","28ca6435-65ad-4f7a-a1d8-9bc5573f16a0","text/plain","Great, thank you!","SKYWAVE_PHASE_4_5","652d75e8-2c02-4d37-a0e8-5a20d3acdec3","","-9.0","08:55:38","","",""
"Output","8d6eba87-f89f-4a81-add6-7b625f256ffa","a8ca6435-65ad-4f7a-a1d8-9bc5573f16a0","28ca6435-65ad-4f7a-a1d8-9bc5573f16a0","text/plain","You are welcome. Is there anything else I can help with?","SKYWAVE_PHASE_4_5","62d2fcaf-e920-453d-adc7-6dc150488c07","","-9.0","08:55:42","","",""
"Input","31bc57dc-fc03-409f-ab32-eeb1542e7189","u8ca6435-65ad-4f7a-a1d8-9bc5573f16a0","28ca6435-65ad-4f7a-a1d8-9bc5573f16a0","text/plain","My first name is misspelled on my ticket","SKYWAVE_PHASE_4_5","7f478de3-0539-4454-ab9b-0f7c1b13dfe8","","-9.0","08:56:01","","",""
"Output","31bc57dc-fc03-409f-ab32-eeb1542e7189","a8ca6435-65ad-4f7a-a1d8-9bc5573f16a0","28ca6435-65ad-4f7a-a1d8-9bc5573f16a0","text/plain","I have corrected the spelling on your ticket. Please review the updated itinerary.","SKYWAVE_PHASE_4_5","db626144-62a5-42cd-aa93-ddaf26e2ac5f","","-9.0","08:56:05","","",""
"Input","31540c6b-e8b4-4713-a3f5-937c1100d54b","u8ca6435-65ad-4f7a-a1d8-9bc5573f16a0","28ca6435-65ad-4f7a-a1d8-9bc5573f16a0","text/plain","Great, thank you!","SKYWAVE_PHASE_4_5","b55bafe5-219b-46c3-a4af-beddcd7e9dac","","-9.0","08:57:15","","",""
"Output","31540c6b-e8b4-4713-a3f5-937c1100d54b","a8ca6435-65ad-4f7a-a1d8-9bc5573f16a0","28ca6435-65ad-4f7a-a1d8-9bc5573f16a0","text/plain","You are welcome. Is there anything else I can help with?","SKYWAVE_PHASE_4_5","265d14e9-7bf6-4af8-a239-fbc3b7506e1c","","-9.0","08:57:19","","",""
"Input","b384f27e-c572-44d4-a04b-57902d681ddf","u40c8fdf-8bf0-47a4-ae49-a9d266ac7362","a40c8fdf-8bf0-47a4-ae49-a9d266ac7362","text/plain","I want to change my seat to a window seat","SKYWAVE_PHASE_4_5","66bb6810-d94c-484e-ab5b-7dfccf80e9e6","","-14.0","12:50:00","","",""
"Output","b384f27e-c572-44d4-a04b-57902d681ddf","a40c8fdf-8bf0-47a4-ae49-a9d266ac7362","a40c8fdf-8bf0-47a4-ae49-a9d266ac7362","text/plain","Sorry, I am unable to change your seat right now. Please try again later.","SKYWAVE_PHASE_4_5","52cdfb76-4a44-4c0c-a937-2728f9c207b8","","-14.0","12:50:04","","",""
"Input","704132d2-f467-4a21-a947-d5754eb1e4a0","u40c8fdf-8bf0-47a4-ae49-a9d266ac7362","a40c8fdf-8bf0-47a4-ae49-a9d266ac7362","text/plain","This still is not working, I am frustrated.","SKYWAVE_PHASE_4_5","28c4f8d5-1300-4530-aa1b-a5685e80d82f","","-14.0","12:50:47","","",""
"Output","704132d2-f467-4a21-a947-d5754eb1e4a0","a40c8fdf-8bf0-47a4-ae49-a9d266ac7362","a40c8fdf-8bf0-47a4-ae49-a9d266ac7362","text/plain","I am sorry for the inconvenience. I was unable to resolve this for you.","SKYWAVE_PHASE_4_5","6ff228ea-9317-4453-a6f6-f22204237633","","-14.0","12:50:51","","",""
"Input","257e6350-f6f1-44f9-a81b-986efdfe6186","u66e35bc-b781-432b-a362-adb983d35275","566e35bc-b781-432b-a362-adb983d35275","text/plain","My first name is misspelled on my ticket","SKYWAVE_PHASE_4_5","5410d1a7-652d-4651-a270-658a7c80523d","","-12.0","13:18:00","","",""
"Output","257e6350-f6f1-44f9-a81b-986efdfe6186","a66e35bc-b781-432b-a362-adb983d35275","566e35bc-b781-432b-a362-adb983d35275","text/plain","I have corrected the spelling on your ticket. Please review the updated itinerary.","SKYWAVE_PHASE_4_5","20ae5516-c731-40df-a396-9be062fa4354","","-12.0","13:18:02","","",""
"Input","3fc9e4de-3cd3-4b45-ab1c-c3bb7fcc06ec","u66e35bc-b781-432b-a362-adb983d35275","566e35bc-b781-432b-a362-adb983d35275","text/plain","Great, thank you!","SKYWAVE_PHASE_4_5","ac3d158e-ffe7-46ed-a8ab-3cb7e8585171","","-12.0","13:18:46","","",""
"Output","3fc9e4de-3cd3-4b45-ab1c-c3bb7fcc06ec","a66e35bc-b781-432b-a362-adb983d35275","566e35bc-b781-432b-a362-adb983d35275","text/plain","You are welcome. Is there anything else I can help with?","SKYWAVE_PHASE_4_5","30d80cd1-6b07-4415-aecd-fe045b1129cb","","-12.0","13:18:50","","",""
"Input","c3f759be-0280-4fba-a048-c3def95fc251","u66e35bc-b781-432b-a362-adb983d35275","566e35bc-b781-432b-a362-adb983d35275","text/plain","Find flights from JFK to HND tomorrow","SKYWAVE_PHASE_4_5","c891856f-d0a5-45bb-a4df-0cfd83acce02","","-12.0","13:20:03","","",""
"Output","c3f759be-0280-4fba-a048-c3def95fc251","a66e35bc-b781-432b-a362-adb983d35275","566e35bc-b781-432b-a362-adb983d35275","text/plain","I found 4 flights for that route. The cheapest is SW1200 at 1pm for $1,280.","SKYWAVE_PHASE_4_5","b7f69485-b439-4059-a68f-30fde511cf2b","","-12.0","13:20:06","","",""
"Input","bc26e486-17d4-4777-a035-1309031ae068","u66e35bc-b781-432b-a362-adb983d35275","566e35bc-b781-432b-a362-adb983d35275","text/plain","Great, thank you!","SKYWAVE_PHASE_4_5","ea88880c-a075-46e8-a2ed-7261966def3b","","-12.0","13:22:44","","",""
"Output","bc26e486-17d4-4777-a035-1309031ae068","a66e35bc-b781-432b-a362-adb983d35275","566e35bc-b781-432b-a362-adb983d35275","text/plain","You are welcome. Is there anything else I can help with?","SKYWAVE_PHASE_4_5","6d766afb-8f30-4eb7-a5b8-54c532eed4db","","-12.0","13:22:48","","",""
"Input","6eaa66ed-7af4-4597-a181-16af1819a7ce","u9de933d-ed30-46ed-aa36-e424d453b093","c9de933d-ed30-46ed-aa36-e424d453b093","text/plain","Can I move from 23B to an aisle seat?","SKYWAVE_PHASE_4_5","0676efad-892d-4002-a3ca-3ce8b1e50c66","","-1.0","18:22:00","","",""
"Output","6eaa66ed-7af4-4597-a181-16af1819a7ce","a9de933d-ed30-46ed-aa36-e424d453b093","c9de933d-ed30-46ed-aa36-e424d453b093","text/plain","I could not update your seat assignment. Please contact a service agent.","SKYWAVE_PHASE_4_5","8c936aeb-dd99-4de5-a33d-c3583dc67082","","-1.0","18:22:02","","",""
"Input","6bacb187-eefc-4ad4-a13b-7d7aee008fe1","u9de933d-ed30-46ed-aa36-e424d453b093","c9de933d-ed30-46ed-aa36-e424d453b093","text/plain","This still is not working, I am frustrated.","SKYWAVE_PHASE_4_5","cbf5ce25-7a55-4bd4-a84a-9a0a4ebbb2e9","","-1.0","18:26:07","","",""
"Output","6bacb187-eefc-4ad4-a13b-7d7aee008fe1","a9de933d-ed30-46ed-aa36-e424d453b093","c9de933d-ed30-46ed-aa36-e424d453b093","text/plain","I am sorry for the inconvenience. I was unable to resolve this for you.","SKYWAVE_PHASE_4_5","a4abe632-10d5-4b72-a52b-7c25211a51ec","","-1.0","18:26:11","","",""
"Input","a47d345d-4e3c-4090-a095-af7177570756","u9de933d-ed30-46ed-aa36-e424d453b093","c9de933d-ed30-46ed-aa36-e424d453b093","text/plain","Can I move from 23B to an aisle seat?","SKYWAVE_PHASE_4_5","277da24f-2a68-429f-aa13-1b3f4d4e9929","","-1.0","18:27:07","","",""
"Output","a47d345d-4e3c-4090-a095-af7177570756","a9de933d-ed30-46ed-aa36-e424d453b093","c9de933d-ed30-46ed-aa36-e424d453b093","text/plain","I could not update your seat assignment. Please contact a service agent.","SKYWAVE_PHASE_4_5","1d82c2bd-5926-45b5-a327-9fd6c1d240b2","","-1.0","18:27:11","","",""
"Input","a9fa2fed-8fb2-40d5-a6d3-abf77e39946c","u9de933d-ed30-46ed-aa36-e424d453b093","c9de933d-ed30-46ed-aa36-e424d453b093","text/plain","This still is not working, I am frustrated.","SKYWAVE_PHASE_4_5","c2ec100b-b1e2-4c02-a882-6eeb0d17452e","","-1.0","18:27:37","","",""
"Output","a9fa2fed-8fb2-40d5-a6d3-abf77e39946c","a9de933d-ed30-46ed-aa36-e424d453b093","c9de933d-ed30-46ed-aa36-e424d453b093","text/plain","I am sorry for the inconvenience. I was unable to resolve this for you.","SKYWAVE_PHASE_4_5","0642a31b-5984-4c28-a7c5-466c5a1c9be5","","-1.0","18:27:41","","",""
"Input","15605841-3dae-452e-a16c-389811709864","u9de933d-ed30-46ed-aa36-e424d453b093","c9de933d-ed30-46ed-aa36-e424d453b093","text/plain","Can I move from 23B to an aisle seat?","SKYWAVE_PHASE_4_5","e2713eb0-7389-4fd4-afd2-6ff45368faa0","","-1.0","18:30:12","","",""
"Output","15605841-3dae-452e-a16c-389811709864","a9de933d-ed30-46ed-aa36-e424d453b093","c9de933d-ed30-46ed-aa36-e424d453b093","text/plain","I could not update your seat assignment. Please contact a service agent.","SKYWAVE_PHASE_4_5","0517f55f-6af6-40a7-ad81-cdf1af5b3832","","-1.0","18:30:14","","",""
"Input","ff87697a-eac6-4123-a491-8448fe4afbfd","u9de933d-ed30-46ed-aa36-e424d453b093","c9de933d-ed30-46ed-aa36-e424d453b093","text/plain","This still is not working, I am frustrated.","SKYWAVE_PHASE_4_5","19c595ee-7b14-401f-a619-30df4a8980f4","","-1.0","18:31:14","","",""
"Output","ff87697a-eac6-4123-a491-8448fe4afbfd","a9de933d-ed30-46ed-aa36-e424d453b093","c9de933d-ed30-46ed-aa36-e424d453b093","text/plain","I am sorry for the inconvenience. I was unable to resolve this for you.","SKYWAVE_PHASE_4_5","10a60ac9-a925-4204-ae6f-3ecd5b0adc58","","-1.0","18:31:16","","",""
"Input","35aba1e8-c6c8-4992-a025-2449a2681a73","u387fbd4-6401-4ce5-aa4b-15c775e87c5a","f387fbd4-6401-4ce5-aa4b-15c775e87c5a","text/plain","I lost my luggage in Munich last week, can you help?","SKYWAVE_PHASE_4_5","e8dc3e16-fcce-45e0-aa54-1fe0aa67632b","","-1.0","16:07:00","","",""
"Output","35aba1e8-c6c8-4992-a025-2449a2681a73","a387fbd4-6401-4ce5-aa4b-15c775e87c5a","f387fbd4-6401-4ce5-aa4b-15c775e87c5a","text/plain","I have created case 00012345 for your lost luggage. We will contact you within 24 hours.","SKYWAVE_PHASE_4_5","69656cfa-52f0-4cd7-ae74-14e7f120ee55","","-1.0","16:07:04","","",""
"Input","92614c21-7342-47e5-ad40-ce245cc746bb","u387fbd4-6401-4ce5-aa4b-15c775e87c5a","f387fbd4-6401-4ce5-aa4b-15c775e87c5a","text/plain","Great, thank you!","SKYWAVE_PHASE_4_5","dde660e9-172e-4393-a67c-c4adfd164f7d","","-1.0","16:07:20","","",""
"Output","92614c21-7342-47e5-ad40-ce245cc746bb","a387fbd4-6401-4ce5-aa4b-15c775e87c5a","f387fbd4-6401-4ce5-aa4b-15c775e87c5a","text/plain","You are welcome. Is there anything else I can help with?","SKYWAVE_PHASE_4_5","0f5c7a97-2a56-42a9-a58e-a9ea08ac6cbc","","-1.0","16:07:24","","",""
"Input","cbe93813-9b62-4d19-afcf-bd5b351c0839","u44d3f4f-2885-40ea-a023-fdf1fe09e42f","544d3f4f-2885-40ea-a023-fdf1fe09e42f","text/plain","I want to select seat 1A for my flight","SKYWAVE_PHASE_4_5","e82e23df-49e9-4ecc-a7b3-b4edf80e6a42","","-13.0","14:25:00","","",""
"Output","cbe93813-9b62-4d19-afcf-bd5b351c0839","a44d3f4f-2885-40ea-a023-fdf1fe09e42f","544d3f4f-2885-40ea-a023-fdf1fe09e42f","text/plain","I was unable to retrieve the seat map automatically and could not assign the seat.","SKYWAVE_PHASE_4_5","fc770048-1b64-4784-a510-0b8beadc8eec","","-13.0","14:25:03","","",""
"Input","ae3feec1-bb6d-4d16-ad01-739b89035f4c","u44d3f4f-2885-40ea-a023-fdf1fe09e42f","544d3f4f-2885-40ea-a023-fdf1fe09e42f","text/plain","This still is not working, I am frustrated.","SKYWAVE_PHASE_4_5","08da023f-e0cf-459f-af1c-f94a85dde5ac","","-13.0","14:25:25","","",""
"Output","ae3feec1-bb6d-4d16-ad01-739b89035f4c","a44d3f4f-2885-40ea-a023-fdf1fe09e42f","544d3f4f-2885-40ea-a023-fdf1fe09e42f","text/plain","I am sorry for the inconvenience. I was unable to resolve this for you.","SKYWAVE_PHASE_4_5","20dd15f4-881d-4e71-af85-e4f12d314dcd","","-13.0","14:25:27","","",""
"Input","f51fbfc8-4f9b-49d2-a047-bc5fb2de2919","u44d3f4f-2885-40ea-a023-fdf1fe09e42f","544d3f4f-2885-40ea-a023-fdf1fe09e42f","text/plain","Show me my upcoming bookings","SKYWAVE_PHASE_4_5","d8f11159-88ea-4635-a577-b3bb2255f722","","-13.0","14:25:44","","",""
"Output","f51fbfc8-4f9b-49d2-a047-bc5fb2de2919","a44d3f4f-2885-40ea-a023-fdf1fe09e42f","544d3f4f-2885-40ea-a023-fdf1fe09e42f","text/plain","You have one upcoming booking — LH 1927 BER-MUC-SFO, confirmed.","SKYWAVE_PHASE_4_5","713ef5e5-9c12-45d4-acd5-2b55f4c459ae","","-13.0","14:25:47","","",""
"Input","9c1735bc-dac3-4808-a8c4-a3f7b441b418","u44d3f4f-2885-40ea-a023-fdf1fe09e42f","544d3f4f-2885-40ea-a023-fdf1fe09e42f","text/plain","Great, thank you!","SKYWAVE_PHASE_4_5","fe2cf011-df1a-4b75-ab71-f2f55408e3cc","","-13.0","14:27:50","","",""
"Output","9c1735bc-dac3-4808-a8c4-a3f7b441b418","a44d3f4f-2885-40ea-a023-fdf1fe09e42f","544d3f4f-2885-40ea-a023-fdf1fe09e42f","text/plain","You are welcome. Is there anything else I can help with?","SKYWAVE_PHASE_4_5","017bd184-56fe-4fcb-aedd-4c6b6e604507","","-13.0","14:27:52","","",""
"Input","7695b133-f98f-4ef3-a308-ab8ed3e4ba1f","u4922ad9-90b3-4444-acf7-8b645e01f09d","14922ad9-90b3-4444-acf7-8b645e01f09d","text/plain","Find flights from JFK to HND tomorrow","SKYWAVE_PHASE_4_5","02c8f0da-d794-4990-a489-0a7c9acbae77","","-1.0","08:14:00","","",""
"Output","7695b133-f98f-4ef3-a308-ab8ed3e4ba1f","a4922ad9-90b3-4444-acf7-8b645e01f09d","14922ad9-90b3-4444-acf7-8b645e01f09d","text/plain","I found 4 flights for that route. The cheapest is SW1200 at 1pm for $1,280.","SKYWAVE_PHASE_4_5","3c59697d-4ad4-4ec5-a77f-c22e109fdece","","-1.0","08:14:02","","",""
"Input","5bd10e11-53f5-4ed0-a4be-118e5dc6d8cb","u4922ad9-90b3-4444-acf7-8b645e01f09d","14922ad9-90b3-4444-acf7-8b645e01f09d","text/plain","Great, thank you!","SKYWAVE_PHASE_4_5","bd9fb356-16b6-4e21-a5a8-1ae7e16b3e03","","-1.0","08:14:50","","",""
"Output","5bd10e11-53f5-4ed0-a4be-118e5dc6d8cb","a4922ad9-90b3-4444-acf7-8b645e01f09d","14922ad9-90b3-4444-acf7-8b645e01f09d","text/plain","You are welcome. Is there anything else I can help with?","SKYWAVE_PHASE_4_5","6c9d4cb7-5fdb-4afc-a9bf-a4e8b94deb05","","-1.0","08:14:54","","",""
"Input","f44b894d-12af-45bf-a84c-95fdfb0c88a5","u067e117-48f4-4244-a4f5-d9a138cd18eb","d067e117-48f4-4244-a4f5-d9a138cd18eb","text/plain","My in-flight wifi did not work, I want a refund","SKYWAVE_PHASE_4_5","20d3fec6-7807-4b83-a4b5-01fe38aa7e53","","-1.0","13:41:00","","",""
"Output","f44b894d-12af-45bf-a84c-95fdfb0c88a5","a067e117-48f4-4244-a4f5-d9a138cd18eb","d067e117-48f4-4244-a4f5-d9a138cd18eb","text/plain","I have logged your complaint as case 00012346. A refund will be processed.","SKYWAVE_PHASE_4_5","9f4ededd-743d-4976-acb1-2dd815b99f19","","-1.0","13:41:02","","",""
"Input","bfce1eb9-e9a0-4827-acf2-a6cd15845edd","u067e117-48f4-4244-a4f5-d9a138cd18eb","d067e117-48f4-4244-a4f5-d9a138cd18eb","text/plain","Okay.","SKYWAVE_PHASE_4_5","1e25a399-0d7f-4715-ac8e-1ac3d1c47dad","","-1.0","13:42:09","","",""
"Output","bfce1eb9-e9a0-4827-acf2-a6cd15845edd","a067e117-48f4-4244-a4f5-d9a138cd18eb","d067e117-48f4-4244-a4f5-d9a138cd18eb","text/plain","Understood. Anything else I can help with?","SKYWAVE_PHASE_4_5","58c826b7-9357-4008-ab5c-5951b8e484c2","","-1.0","13:42:11","","",""
"Input","96bf7b65-a55a-465f-ac1b-c7d3166eebf5","u067e117-48f4-4244-a4f5-d9a138cd18eb","d067e117-48f4-4244-a4f5-d9a138cd18eb","text/plain","I want to select seat 1A for my flight","SKYWAVE_PHASE_4_5","18804a12-0cba-42c0-a647-036decbc7e69","","-1.0","13:42:56","","",""
"Output","96bf7b65-a55a-465f-ac1b-c7d3166eebf5","a067e117-48f4-4244-a4f5-d9a138cd18eb","d067e117-48f4-4244-a4f5-d9a138cd18eb","text/plain","I was unable to retrieve the seat map automatically and could not assign the seat.","SKYWAVE_PHASE_4_5","fe51e8f7-9da7-41f7-ac1b-dba4b0c9c9d8","","-1.0","13:42:59","","",""
"Input","f3beb5f6-6584-4843-a9cb-ec6493c20994","u067e117-48f4-4244-a4f5-d9a138cd18eb","d067e117-48f4-4244-a4f5-d9a138cd18eb","text/plain","This still is not working, I am frustrated.","SKYWAVE_PHASE_4_5","edad01a6-4c24-40bf-a432-17fbf269ad05","","-1.0","13:43:31","","",""
"Output","f3beb5f6-6584-4843-a9cb-ec6493c20994","a067e117-48f4-4244-a4f5-d9a138cd18eb","d067e117-48f4-4244-a4f5-d9a138cd18eb","text/plain","I am sorry for the inconvenience. I was unable to resolve this for you.","SKYWAVE_PHASE_4_5","c8791721-55a5-44bf-af09-1c65fee4324a","","-1.0","13:43:34","","",""
"Input","fb1aa619-d822-43b0-a247-251d35b05920","u9061720-7ee9-4aa9-a7b9-088a44724ec2","e9061720-7ee9-4aa9-a7b9-088a44724ec2","text/plain","My in-flight wifi did not work, I want a refund","SKYWAVE_PHASE_4_5","d4501ded-4c09-48be-a301-087e47312e46","","-2.0","16:34:00","","",""
"Output","fb1aa619-d822-43b0-a247-251d35b05920","a9061720-7ee9-4aa9-a7b9-088a44724ec2","e9061720-7ee9-4aa9-a7b9-088a44724ec2","text/plain","I have logged your complaint as case 00012346. A refund will be processed.","SKYWAVE_PHASE_4_5","a9601ad4-33f9-45c0-a6a3-eaa80bdeea80","","-2.0","16:34:02","","",""
"Input","43042ce3-12f1-4e4f-aad3-8e73cc37ab8e","u9061720-7ee9-4aa9-a7b9-088a44724ec2","e9061720-7ee9-4aa9-a7b9-088a44724ec2","text/plain","Great, thank you!","SKYWAVE_PHASE_4_5","448fb7ae-ad8a-40a6-affd-4955618d00c2","","-2.0","16:38:20","","",""
"Output","43042ce3-12f1-4e4f-aad3-8e73cc37ab8e","a9061720-7ee9-4aa9-a7b9-088a44724ec2","e9061720-7ee9-4aa9-a7b9-088a44724ec2","text/plain","You are welcome. Is there anything else I can help with?","SKYWAVE_PHASE_4_5","10b63834-5d74-4243-a28e-199166a0ecd4","","-2.0","16:38:23","","",""
"Input","9dee6ed9-4ffe-4004-a72b-a8e39c81e47a","u4148ba5-d821-41f8-ac7b-920ad8825ee9","94148ba5-d821-41f8-ac7b-920ad8825ee9","text/plain","What is my tier status?","SKYWAVE_PHASE_4_5","b5085822-0c0b-4b02-a5d8-26f30f86524c","","-6.0","15:20:00","","",""
"Output","9dee6ed9-4ffe-4004-a72b-a8e39c81e47a","a4148ba5-d821-41f8-ac7b-920ad8825ee9","94148ba5-d821-41f8-ac7b-920ad8825ee9","text/plain","You are Gold tier with 14,200 qualifying points this year.","SKYWAVE_PHASE_4_5","5dcfe89a-c2e8-43f1-add5-6f804b04585f","","-6.0","15:20:03","","",""
"Input","e51190d4-f276-4383-ae3c-3a0fd2d835b3","u4148ba5-d821-41f8-ac7b-920ad8825ee9","94148ba5-d821-41f8-ac7b-920ad8825ee9","text/plain","Great, thank you!","SKYWAVE_PHASE_4_5","e8efe078-c5cb-4857-a0b0-1a5d8b7fa4a9","","-6.0","15:20:49","","",""
"Output","e51190d4-f276-4383-ae3c-3a0fd2d835b3","a4148ba5-d821-41f8-ac7b-920ad8825ee9","94148ba5-d821-41f8-ac7b-920ad8825ee9","text/plain","You are welcome. Is there anything else I can help with?","SKYWAVE_PHASE_4_5","67b1a2a4-fc58-453f-a28e-af44c1bb7623","","-6.0","15:20:53","","",""
"Input","04f03e79-e9cc-46af-a3fe-08fb4a41966a","uecf46e7-fccf-4e3f-a4ed-8f8db12f5279","6ecf46e7-fccf-4e3f-a4ed-8f8db12f5279","text/plain","Show me my upcoming bookings","SKYWAVE_PHASE_4_5","2cda6093-8490-4dae-a097-529094fafb36","","-7.0","13:05:00","","",""
"Output","04f03e79-e9cc-46af-a3fe-08fb4a41966a","aecf46e7-fccf-4e3f-a4ed-8f8db12f5279","6ecf46e7-fccf-4e3f-a4ed-8f8db12f5279","text/plain","You have one upcoming booking — LH 1927 BER-MUC-SFO, confirmed.","SKYWAVE_PHASE_4_5","e5d62712-b16c-4616-a67b-ec69e1a49190","","-7.0","13:05:04","","",""
"Input","e11c341d-a8f0-4d9e-a60c-f756ea0ee59b","uecf46e7-fccf-4e3f-a4ed-8f8db12f5279","6ecf46e7-fccf-4e3f-a4ed-8f8db12f5279","text/plain","Great, thank you!","SKYWAVE_PHASE_4_5","360a32d6-eb11-4a15-a9e3-42984015b8ce","","-7.0","13:05:37","","",""
"Output","e11c341d-a8f0-4d9e-a60c-f756ea0ee59b","aecf46e7-fccf-4e3f-a4ed-8f8db12f5279","6ecf46e7-fccf-4e3f-a4ed-8f8db12f5279","text/plain","You are welcome. Is there anything else I can help with?","SKYWAVE_PHASE_4_5","cff521eb-1652-4d19-a112-cf844074e279","","-7.0","13:05:39","","",""
"Input","58e2fe80-2a87-4078-ab53-9bcc01b7cab1","uecf46e7-fccf-4e3f-a4ed-8f8db12f5279","6ecf46e7-fccf-4e3f-a4ed-8f8db12f5279","text/plain","Show me my upcoming bookings","SKYWAVE_PHASE_4_5","91ecf3ec-fb97-40db-a630-6fd046c06924","","-7.0","13:05:58","","",""
"Output","58e2fe80-2a87-4078-ab53-9bcc01b7cab1","aecf46e7-fccf-4e3f-a4ed-8f8db12f5279","6ecf46e7-fccf-4e3f-a4ed-8f8db12f5279","text/plain","You have one upcoming booking — LH 1927 BER-MUC-SFO, confirmed.","SKYWAVE_PHASE_4_5","49d13335-ddaa-4502-a5b3-ae17e48f8842","","-7.0","13:06:01","","",""
"Input","bea8f807-3dc8-48b6-a7d6-b16c7ccb04b7","uecf46e7-fccf-4e3f-a4ed-8f8db12f5279","6ecf46e7-fccf-4e3f-a4ed-8f8db12f5279","text/plain","Great, thank you!","SKYWAVE_PHASE_4_5","5056f025-b167-4dbb-ae7e-ef28f4fe0207","","-7.0","13:06:16","","",""
"Output","bea8f807-3dc8-48b6-a7d6-b16c7ccb04b7","aecf46e7-fccf-4e3f-a4ed-8f8db12f5279","6ecf46e7-fccf-4e3f-a4ed-8f8db12f5279","text/plain","You are welcome. Is there anything else I can help with?","SKYWAVE_PHASE_4_5","6c895fc1-75ee-48d3-a56c-d54722ab7c4e","","-7.0","13:06:20","","",""
"Input","9b9f53c3-ee45-4d8e-acdb-462aa6cc712b","uddbd2bb-5387-4e84-a06c-19b0eaff1b83","2ddbd2bb-5387-4e84-a06c-19b0eaff1b83","text/plain","I lost my luggage in Munich last week, can you help?","SKYWAVE_PHASE_4_5","83f51379-c948-4bfc-a809-6d498c068d5a","","-12.0","12:55:00","","",""
"Output","9b9f53c3-ee45-4d8e-acdb-462aa6cc712b","addbd2bb-5387-4e84-a06c-19b0eaff1b83","2ddbd2bb-5387-4e84-a06c-19b0eaff1b83","text/plain","I have created case 00012345 for your lost luggage. We will contact you within 24 hours.","SKYWAVE_PHASE_4_5","5941e643-a389-4cb9-a62d-a84f96b0904a","","-12.0","12:55:03","","",""
"Input","d16130c6-fc02-45c8-ae4c-9d9788ee365e","uddbd2bb-5387-4e84-a06c-19b0eaff1b83","2ddbd2bb-5387-4e84-a06c-19b0eaff1b83","text/plain","Okay.","SKYWAVE_PHASE_4_5","dd7c0c0a-9a64-41c7-a784-0711f5b8fc72","","-12.0","12:55:36","","",""
"Output","d16130c6-fc02-45c8-ae4c-9d9788ee365e","addbd2bb-5387-4e84-a06c-19b0eaff1b83","2ddbd2bb-5387-4e84-a06c-19b0eaff1b83","text/plain","Understood. Anything else I can help with?","SKYWAVE_PHASE_4_5","2d51116e-c732-47a3-a708-23ce6f8b65fb","","-12.0","12:55:39","","",""
"Input","0a0ffe2d-3718-44a1-a508-03fa2a15d7e1","u5dd4a66-8a18-4a1e-a0c9-b01f8ab541b5","95dd4a66-8a18-4a1e-a0c9-b01f8ab541b5","text/plain","My in-flight wifi did not work, I want a refund","SKYWAVE_PHASE_4_5","6d8ffd8e-dc04-4c4c-a048-e60cfcc1ecfe","","-7.0","17:16:00","","",""
"Output","0a0ffe2d-3718-44a1-a508-03fa2a15d7e1","a5dd4a66-8a18-4a1e-a0c9-b01f8ab541b5","95dd4a66-8a18-4a1e-a0c9-b01f8ab541b5","text/plain","I have logged your complaint as case 00012346. A refund will be processed.","SKYWAVE_PHASE_4_5","af5c7cba-4633-4842-a15d-6fb9b41f81b6","","-7.0","17:16:04","","",""
"Input","5539428a-abc9-4c1f-af17-63e25e9d98fc","u5dd4a66-8a18-4a1e-a0c9-b01f8ab541b5","95dd4a66-8a18-4a1e-a0c9-b01f8ab541b5","text/plain","Great, thank you!","SKYWAVE_PHASE_4_5","4952f26b-c5d7-4a88-a5af-8f09b19dde6c","","-7.0","17:16:50","","",""
"Output","5539428a-abc9-4c1f-af17-63e25e9d98fc","a5dd4a66-8a18-4a1e-a0c9-b01f8ab541b5","95dd4a66-8a18-4a1e-a0c9-b01f8ab541b5","text/plain","You are welcome. Is there anything else I can help with?","SKYWAVE_PHASE_4_5","6be5485b-906c-4180-a01a-70f1ffd8a28b","","-7.0","17:16:53","","",""
"Input","8a19bf4e-58d4-4414-a868-de60ea4a4580","u5dd4a66-8a18-4a1e-a0c9-b01f8ab541b5","95dd4a66-8a18-4a1e-a0c9-b01f8ab541b5","text/plain","Can I move from 23B to an aisle seat?","SKYWAVE_PHASE_4_5","7423a5a6-943e-40ce-ac1c-6c57ae25294d","","-7.0","17:17:39","","",""
"Output","8a19bf4e-58d4-4414-a868-de60ea4a4580","a5dd4a66-8a18-4a1e-a0c9-b01f8ab541b5","95dd4a66-8a18-4a1e-a0c9-b01f8ab541b5","text/plain","I could not update your seat assignment. Please contact a service agent.","SKYWAVE_PHASE_4_5","5ea3e025-91cc-462e-a0f0-35af0ba23331","","-7.0","17:17:42","","",""
"Input","da328b69-3af7-4ca2-a09b-6fae797c33b3","u5dd4a66-8a18-4a1e-a0c9-b01f8ab541b5","95dd4a66-8a18-4a1e-a0c9-b01f8ab541b5","text/plain","This still is not working, I am frustrated.","SKYWAVE_PHASE_4_5","ecbe14bf-7209-41e0-a07e-cc8e0924597f","","-7.0","17:18:00","","",""
"Output","da328b69-3af7-4ca2-a09b-6fae797c33b3","a5dd4a66-8a18-4a1e-a0c9-b01f8ab541b5","95dd4a66-8a18-4a1e-a0c9-b01f8ab541b5","text/plain","I am sorry for the inconvenience. I was unable to resolve this for you.","SKYWAVE_PHASE_4_5","ad9a0b29-a6bb-41bb-a475-97ba90a41731","","-7.0","17:18:04","","",""
"Input","d2a079b9-8b37-4079-aa61-6badda658336","u5dd4a66-8a18-4a1e-a0c9-b01f8ab541b5","95dd4a66-8a18-4a1e-a0c9-b01f8ab541b5","text/plain","What is my tier status?","SKYWAVE_PHASE_4_5","c50a1925-93e5-4340-a867-9212baf4e2a2","","-7.0","17:19:05","","",""
"Output","d2a079b9-8b37-4079-aa61-6badda658336","a5dd4a66-8a18-4a1e-a0c9-b01f8ab541b5","95dd4a66-8a18-4a1e-a0c9-b01f8ab541b5","text/plain","You are Gold tier with 14,200 qualifying points this year.","SKYWAVE_PHASE_4_5","3a209f78-0e88-4c86-ae36-faa3fc033c94","","-7.0","17:19:09","","",""
"Input","f7d6f860-2163-4455-a6c0-37a255cc981e","u5dd4a66-8a18-4a1e-a0c9-b01f8ab541b5","95dd4a66-8a18-4a1e-a0c9-b01f8ab541b5","text/plain","Great, thank you!","SKYWAVE_PHASE_4_5","7e181d87-5f03-4ad2-a6f4-7f0321a999aa","","-7.0","17:22:10","","",""
"Output","f7d6f860-2163-4455-a6c0-37a255cc981e","a5dd4a66-8a18-4a1e-a0c9-b01f8ab541b5","95dd4a66-8a18-4a1e-a0c9-b01f8ab541b5","text/plain","You are welcome. Is there anything else I can help with?","SKYWAVE_PHASE_4_5","122c8f28-8190-409f-acb2-b7d012ff8c01","","-7.0","17:22:12","","",""
"Input","2bd56f51-26af-4948-ab3b-7fee1a1e8a2d","u987e5e8-c042-4ff9-ac77-c7152a5eb4da","6987e5e8-c042-4ff9-ac77-c7152a5eb4da","text/plain","Cancel my booking ABC123","SKYWAVE_PHASE_4_5","b5c08233-9b9e-4b64-a5aa-2f637ed0da8f","","-9.0","19:37:00","","",""
"Output","2bd56f51-26af-4948-ab3b-7fee1a1e8a2d","a987e5e8-c042-4ff9-ac77-c7152a5eb4da","6987e5e8-c042-4ff9-ac77-c7152a5eb4da","text/plain","I have cancelled booking ABC123. A refund of $480 will be issued.","SKYWAVE_PHASE_4_5","6403901e-0726-4bb3-a47a-87fbc600fa52","","-9.0","19:37:02","","",""
"Input","cfa0a5ea-97d9-4f42-a966-2aac8a51d611","u987e5e8-c042-4ff9-ac77-c7152a5eb4da","6987e5e8-c042-4ff9-ac77-c7152a5eb4da","text/plain","Great, thank you!","SKYWAVE_PHASE_4_5","c86eb5a0-01f8-4629-a048-b2a2ab9c55c2","","-9.0","19:38:57","","",""
"Output","cfa0a5ea-97d9-4f42-a966-2aac8a51d611","a987e5e8-c042-4ff9-ac77-c7152a5eb4da","6987e5e8-c042-4ff9-ac77-c7152a5eb4da","text/plain","You are welcome. Is there anything else I can help with?","SKYWAVE_PHASE_4_5","882cd0c0-b1f4-4955-acad-cd68ff19f47d","","-9.0","19:38:59","","",""
"Input","12a57833-f319-4a34-a543-dd720e9a5ed6","u987e5e8-c042-4ff9-ac77-c7152a5eb4da","6987e5e8-c042-4ff9-ac77-c7152a5eb4da","text/plain","I want to select seat 1A for my flight","SKYWAVE_PHASE_4_5","25ebeba6-2a11-4fb7-a433-c490fa835bb4","","-9.0","19:39:37","","",""
"Output","12a57833-f319-4a34-a543-dd720e9a5ed6","a987e5e8-c042-4ff9-ac77-c7152a5eb4da","6987e5e8-c042-4ff9-ac77-c7152a5eb4da","text/plain","I was unable to retrieve the seat map automatically and could not assign the seat.","SKYWAVE_PHASE_4_5","92687682-3e91-4aff-afc0-b123be1f8683","","-9.0","19:39:39","","",""
"Input","7d98f33d-13be-44a9-adc5-d91a1998985b","u987e5e8-c042-4ff9-ac77-c7152a5eb4da","6987e5e8-c042-4ff9-ac77-c7152a5eb4da","text/plain","This still is not working, I am frustrated.","SKYWAVE_PHASE_4_5","613ac056-0631-406d-acb6-e3f42de34fec","","-9.0","19:39:59","","",""
"Output","7d98f33d-13be-44a9-adc5-d91a1998985b","a987e5e8-c042-4ff9-ac77-c7152a5eb4da","6987e5e8-c042-4ff9-ac77-c7152a5eb4da","text/plain","I am sorry for the inconvenience. I was unable to resolve this for you.","SKYWAVE_PHASE_4_5","4bb99310-9c77-442f-aea6-b986a3523974","","-9.0","19:40:01","","",""
"Input","f7c160fc-1c0c-40bb-a3d4-2da05c7cb6a0","u987e5e8-c042-4ff9-ac77-c7152a5eb4da","6987e5e8-c042-4ff9-ac77-c7152a5eb4da","text/plain","Tell me a joke","SKYWAVE_PHASE_4_5","f29a7ecb-6bd9-49a0-a611-1cdbf387751c","","-9.0","19:40:44","","",""
"Output","f7c160fc-1c0c-40bb-a3d4-2da05c7cb6a0","a987e5e8-c042-4ff9-ac77-c7152a5eb4da","6987e5e8-c042-4ff9-ac77-c7152a5eb4da","text/plain","I am a Skywave booking assistant. How can I help with your travel?","SKYWAVE_PHASE_4_5","584ca63c-bd72-46ff-a58b-2f3e17276c00","","-9.0","19:40:48","","",""
"Input","546ee7d6-8930-4a9b-a728-4263dec85b12","u987e5e8-c042-4ff9-ac77-c7152a5eb4da","6987e5e8-c042-4ff9-ac77-c7152a5eb4da","text/plain","This still is not working, I am frustrated.","SKYWAVE_PHASE_4_5","fc140826-d4e5-4622-aaf2-6cefba21b9cf","","-9.0","19:41:51","","",""
"Output","546ee7d6-8930-4a9b-a728-4263dec85b12","a987e5e8-c042-4ff9-ac77-c7152a5eb4da","6987e5e8-c042-4ff9-ac77-c7152a5eb4da","text/plain","I am sorry for the inconvenience. I was unable to resolve this for you.","SKYWAVE_PHASE_4_5","c68e6720-00c5-4d59-ad9d-08dce14f0cd4","","-9.0","19:41:55","","",""
"Input","d3628f7b-8ff3-4b29-a759-d66861be399b","ub410fd9-097b-4f58-aad0-132aba967735","bb410fd9-097b-4f58-aad0-132aba967735","text/plain","Tell me a joke","SKYWAVE_PHASE_4_5","4514ae5c-68d8-4171-ac51-0a39b1269f0d","","-8.0","11:31:00","","",""
"Output","d3628f7b-8ff3-4b29-a759-d66861be399b","ab410fd9-097b-4f58-aad0-132aba967735","bb410fd9-097b-4f58-aad0-132aba967735","text/plain","I am a Skywave booking assistant. How can I help with your travel?","SKYWAVE_PHASE_4_5","6635234a-343c-4b91-a99c-6b4bc6af0976","","-8.0","11:31:03","","",""
"Input","37d72e61-d466-491c-a772-686cfe937274","ub410fd9-097b-4f58-aad0-132aba967735","bb410fd9-097b-4f58-aad0-132aba967735","text/plain","Okay.","SKYWAVE_PHASE_4_5","e0991e5c-3b09-4d43-adbc-25762fe0a76b","","-8.0","11:31:39","","",""
"Output","37d72e61-d466-491c-a772-686cfe937274","ab410fd9-097b-4f58-aad0-132aba967735","bb410fd9-097b-4f58-aad0-132aba967735","text/plain","Understood. Anything else I can help with?","SKYWAVE_PHASE_4_5","83819046-8858-4e80-a8b4-14753ebf92fd","","-8.0","11:31:42","","",""
"Input","531c3e66-a9f9-42f1-acca-7695938d33e6","ub410fd9-097b-4f58-aad0-132aba967735","bb410fd9-097b-4f58-aad0-132aba967735","text/plain","I lost my luggage in Munich last week, can you help?","SKYWAVE_PHASE_4_5","292a1bab-dd3e-4862-a813-a20bcc8e5c13","","-8.0","11:32:26","","",""
"Output","531c3e66-a9f9-42f1-acca-7695938d33e6","ab410fd9-097b-4f58-aad0-132aba967735","bb410fd9-097b-4f58-aad0-132aba967735","text/plain","I have created case 00012345 for your lost luggage. We will contact you within 24 hours.","SKYWAVE_PHASE_4_5","9f6e82cb-845a-4ace-a852-e07bf6cc5aca","","-8.0","11:32:30","","",""
"Input","146a8646-989c-4bd3-a618-9fb488a0bbeb","ub410fd9-097b-4f58-aad0-132aba967735","bb410fd9-097b-4f58-aad0-132aba967735","text/plain","Okay.","SKYWAVE_PHASE_4_5","305c6e2b-689e-4b3d-a4db-d14e52325286","","-8.0","11:35:20","","",""
"Output","146a8646-989c-4bd3-a618-9fb488a0bbeb","ab410fd9-097b-4f58-aad0-132aba967735","bb410fd9-097b-4f58-aad0-132aba967735","text/plain","Understood. Anything else I can help with?","SKYWAVE_PHASE_4_5","5003e291-cb83-4d50-ac19-06d88afdb747","","-8.0","11:35:22","","",""
"Input","523af3a4-d876-4ca5-a559-e1bc7783513d","u048e5ad-d8c1-4239-ae4a-364810e95cef","4048e5ad-d8c1-4239-ae4a-364810e95cef","text/plain","Cancel my booking ABC123","SKYWAVE_PHASE_4_5","f9f7b43f-7323-4ae5-a38a-be1e5b4df29b","","-14.0","12:27:00","","",""
"Output","523af3a4-d876-4ca5-a559-e1bc7783513d","a048e5ad-d8c1-4239-ae4a-364810e95cef","4048e5ad-d8c1-4239-ae4a-364810e95cef","text/plain","I have cancelled booking ABC123. A refund of $480 will be issued.","SKYWAVE_PHASE_4_5","b9ad0f7e-d3c0-4fe4-a595-452cf9a592d5","","-14.0","12:27:03","","",""
"Input","37db5ac9-8935-45d4-ae94-bdb67f19951e","u048e5ad-d8c1-4239-ae4a-364810e95cef","4048e5ad-d8c1-4239-ae4a-364810e95cef","text/plain","Great, thank you!","SKYWAVE_PHASE_4_5","0c0e5ddd-ee5d-472e-a7e7-abed6fa68aa7","","-14.0","12:29:40","","",""
"Output","37db5ac9-8935-45d4-ae94-bdb67f19951e","a048e5ad-d8c1-4239-ae4a-364810e95cef","4048e5ad-d8c1-4239-ae4a-364810e95cef","text/plain","You are welcome. Is there anything else I can help with?","SKYWAVE_PHASE_4_5","59b9a11f-ff17-44b1-a874-2410f8b7b9db","","-14.0","12:29:43","","",""
"Input","51bfc73f-4548-45dc-aba3-73d6b8ef8b4e","u04d6e62-cf57-43bb-aee5-d75cb369a098","f04d6e62-cf57-43bb-aee5-d75cb369a098","text/plain","Can I move from 23B to an aisle seat?","SKYWAVE_PHASE_4_5","c5f7ac60-b911-457c-aec6-64a6cda71303","","-12.0","15:44:00","","",""
"Output","51bfc73f-4548-45dc-aba3-73d6b8ef8b4e","a04d6e62-cf57-43bb-aee5-d75cb369a098","f04d6e62-cf57-43bb-aee5-d75cb369a098","text/plain","I could not update your seat assignment. Please contact a service agent.","SKYWAVE_PHASE_4_5","ab523271-0a07-4b96-a0f1-992c65a87b91","","-12.0","15:44:03","","",""
"Input","b7a3db97-febd-400e-aeee-d6ba5778a85c","u04d6e62-cf57-43bb-aee5-d75cb369a098","f04d6e62-cf57-43bb-aee5-d75cb369a098","text/plain","This still is not working, I am frustrated.","SKYWAVE_PHASE_4_5","cb81c8b2-797a-4002-abcb-90953ff27742","","-12.0","15:44:21","","",""
"Output","b7a3db97-febd-400e-aeee-d6ba5778a85c","a04d6e62-cf57-43bb-aee5-d75cb369a098","f04d6e62-cf57-43bb-aee5-d75cb369a098","text/plain","I am sorry for the inconvenience. I was unable to resolve this for you.","SKYWAVE_PHASE_4_5","f0cc059c-6258-4769-a6f3-c29ff7dbe275","","-12.0","15:44:23","","",""
"Input","4b407bc8-b2ad-4c27-abc0-8a2f92d90e93","u04d6e62-cf57-43bb-aee5-d75cb369a098","f04d6e62-cf57-43bb-aee5-d75cb369a098","text/plain","I want to select seat 1A for my flight","SKYWAVE_PHASE_4_5","ec032d49-b44f-4626-abf3-f2dc5ca95e5d","","-12.0","15:44:45","","",""
"Output","4b407bc8-b2ad-4c27-abc0-8a2f92d90e93","a04d6e62-cf57-43bb-aee5-d75cb369a098","f04d6e62-cf57-43bb-aee5-d75cb369a098","text/plain","I was unable to retrieve the seat map automatically and could not assign the seat.","SKYWAVE_PHASE_4_5","2f9146a7-1c60-4bd9-a9ee-627d53d5d9c7","","-12.0","15:44:47","","",""
"Input","266a07b9-432b-41c4-ac80-b266689b78d2","u04d6e62-cf57-43bb-aee5-d75cb369a098","f04d6e62-cf57-43bb-aee5-d75cb369a098","text/plain","This still is not working, I am frustrated.","SKYWAVE_PHASE_4_5","d7e286ba-4b0f-4f25-ab8c-620b56569e46","","-12.0","15:45:03","","",""
"Output","266a07b9-432b-41c4-ac80-b266689b78d2","a04d6e62-cf57-43bb-aee5-d75cb369a098","f04d6e62-cf57-43bb-aee5-d75cb369a098","text/plain","I am sorry for the inconvenience. I was unable to resolve this for you.","SKYWAVE_PHASE_4_5","85305bfb-0ba8-48f5-a62c-b59fcd98d690","","-12.0","15:45:06","","",""
"Input","0838afe6-598a-4ccc-aaf2-5b9528d6562c","u04d6e62-cf57-43bb-aee5-d75cb369a098","f04d6e62-cf57-43bb-aee5-d75cb369a098","text/plain","I want to change my seat to a window seat","SKYWAVE_PHASE_4_5","4cf68ae9-5e6f-42a7-a291-9c8c54638f4a","","-12.0","15:45:32","","",""
"Output","0838afe6-598a-4ccc-aaf2-5b9528d6562c","a04d6e62-cf57-43bb-aee5-d75cb369a098","f04d6e62-cf57-43bb-aee5-d75cb369a098","text/plain","Sorry, I am unable to change your seat right now. Please try again later.","SKYWAVE_PHASE_4_5","a882257c-add3-48cb-a6cd-32077a5f5007","","-12.0","15:45:35","","",""
"Input","10304044-604e-4538-afda-b2ae96ad851c","u04d6e62-cf57-43bb-aee5-d75cb369a098","f04d6e62-cf57-43bb-aee5-d75cb369a098","text/plain","This still is not working, I am frustrated.","SKYWAVE_PHASE_4_5","ee753bb0-d658-4834-ae1c-8cfe8f9a625f","","-12.0","15:46:26","","",""
"Output","10304044-604e-4538-afda-b2ae96ad851c","a04d6e62-cf57-43bb-aee5-d75cb369a098","f04d6e62-cf57-43bb-aee5-d75cb369a098","text/plain","I am sorry for the inconvenience. I was unable to resolve this for you.","SKYWAVE_PHASE_4_5","3b4811b6-3073-429f-abc5-9cb1bdd80133","","-12.0","15:46:30","","",""
"Input","fcec7553-01f8-4980-a4aa-20f921fe7ff0","uf3bc141-0187-44af-af6e-7355c68d2cac","4f3bc141-0187-44af-af6e-7355c68d2cac","text/plain","I lost my luggage in Munich last week, can you help?","SKYWAVE_PHASE_4_5","429fb8c2-89ef-4828-aa78-66daa6e9642b","","-7.0","15:01:00","","",""
"Output","fcec7553-01f8-4980-a4aa-20f921fe7ff0","af3bc141-0187-44af-af6e-7355c68d2cac","4f3bc141-0187-44af-af6e-7355c68d2cac","text/plain","I have created case 00012345 for your lost luggage. We will contact you within 24 hours.","SKYWAVE_PHASE_4_5","c5163791-0d12-4ff5-af7d-235d862466ba","","-7.0","15:01:03","","",""
"Input","2671433d-4cf6-491e-a1d0-b36c4433bb8c","uf3bc141-0187-44af-af6e-7355c68d2cac","4f3bc141-0187-44af-af6e-7355c68d2cac","text/plain","Okay.","SKYWAVE_PHASE_4_5","fbdd481a-a139-4261-aad5-427e8d52aba0","","-7.0","15:02:15","","",""
"Output","2671433d-4cf6-491e-a1d0-b36c4433bb8c","af3bc141-0187-44af-af6e-7355c68d2cac","4f3bc141-0187-44af-af6e-7355c68d2cac","text/plain","Understood. Anything else I can help with?","SKYWAVE_PHASE_4_5","b43bdce5-8392-4075-a1b9-3fd9183b6c06","","-7.0","15:02:18","","",""
"Input","08a75050-0b7a-487e-a657-92d767ff65d7","u57da819-0810-4382-a703-09b7ae1fa124","c57da819-0810-4382-a703-09b7ae1fa124","text/plain","I want to select seat 1A for my flight","SKYWAVE_PHASE_4_5","1f20e39b-ce7d-4d3b-abb4-73e28d73d586","","-7.0","14:17:00","","",""
"Output","08a75050-0b7a-487e-a657-92d767ff65d7","a57da819-0810-4382-a703-09b7ae1fa124","c57da819-0810-4382-a703-09b7ae1fa124","text/plain","I was unable to retrieve the seat map automatically and could not assign the seat.","SKYWAVE_PHASE_4_5","e1b8ed08-76eb-42f5-abab-447d36d65533","","-7.0","14:17:02","","",""
"Input","cd47325e-a9a0-4dc3-ac3c-4f7e9670d583","u57da819-0810-4382-a703-09b7ae1fa124","c57da819-0810-4382-a703-09b7ae1fa124","text/plain","This still is not working, I am frustrated.","SKYWAVE_PHASE_4_5","da86feab-2f38-40c7-ae65-00d479550dc1","","-7.0","14:21:33","","",""
"Output","cd47325e-a9a0-4dc3-ac3c-4f7e9670d583","a57da819-0810-4382-a703-09b7ae1fa124","c57da819-0810-4382-a703-09b7ae1fa124","text/plain","I am sorry for the inconvenience. I was unable to resolve this for you.","SKYWAVE_PHASE_4_5","1cdcc8d9-cc3d-4213-ad3d-fe459f3f650b","","-7.0","14:21:37","","",""
"Input","dcd4925d-588b-4fc6-a0b6-20e06fa38255","u57da819-0810-4382-a703-09b7ae1fa124","c57da819-0810-4382-a703-09b7ae1fa124","text/plain","Whats the weather like in Tokyo?","SKYWAVE_PHASE_4_5","23e80461-a7fe-4bf2-a4e5-34bbc17f390a","","-7.0","14:22:47","","",""
"Output","dcd4925d-588b-4fc6-a0b6-20e06fa38255","a57da819-0810-4382-a703-09b7ae1fa124","c57da819-0810-4382-a703-09b7ae1fa124","text/plain","I can only help with flight bookings and Skywave loyalty questions.","SKYWAVE_PHASE_4_5","6807ad12-efb7-4c50-ac26-96f77c68b8b3","","-7.0","14:22:51","","",""
"Input","c59c03b6-efe1-4cfd-aea4-3183c2f89270","u57da819-0810-4382-a703-09b7ae1fa124","c57da819-0810-4382-a703-09b7ae1fa124","text/plain","Okay.","SKYWAVE_PHASE_4_5","3b193d54-f84f-4f92-ae3c-f5be7a91df4b","","-7.0","14:23:48","","",""
"Output","c59c03b6-efe1-4cfd-aea4-3183c2f89270","a57da819-0810-4382-a703-09b7ae1fa124","c57da819-0810-4382-a703-09b7ae1fa124","text/plain","Understood. Anything else I can help with?","SKYWAVE_PHASE_4_5","19eb42f9-ee9f-450f-a5ef-4aedd313d67b","","-7.0","14:23:52","","",""
"Input","60b913f7-da38-45e5-a6d5-adeb3575e7b2","u2934058-8713-4a3d-a92b-22c96be291a0","f2934058-8713-4a3d-a92b-22c96be291a0","text/plain","What is my tier status?","SKYWAVE_PHASE_4_5","174bb723-2543-4c40-a658-259ba2bf8b5a","","-6.0","19:32:00","","",""
"Output","60b913f7-da38-45e5-a6d5-adeb3575e7b2","a2934058-8713-4a3d-a92b-22c96be291a0","f2934058-8713-4a3d-a92b-22c96be291a0","text/plain","You are Gold tier with 14,200 qualifying points this year.","SKYWAVE_PHASE_4_5","f491f550-1376-4681-afbf-c923ebe4f9fc","","-6.0","19:32:02","","",""
"Input","c9a6fec9-443e-425e-aadb-f65024f5773d","u2934058-8713-4a3d-a92b-22c96be291a0","f2934058-8713-4a3d-a92b-22c96be291a0","text/plain","Great, thank you!","SKYWAVE_PHASE_4_5","06d28afe-f667-40c2-a05b-b996aabc60bc","","-6.0","19:33:08","","",""
"Output","c9a6fec9-443e-425e-aadb-f65024f5773d","a2934058-8713-4a3d-a92b-22c96be291a0","f2934058-8713-4a3d-a92b-22c96be291a0","text/plain","You are welcome. Is there anything else I can help with?","SKYWAVE_PHASE_4_5","f5bbb429-7257-4f11-a583-a449b9cbad7e","","-6.0","19:33:11","","",""
"Input","cabd6a95-54ee-4b28-aa71-57a6d4bc1dfb","u2934058-8713-4a3d-a92b-22c96be291a0","f2934058-8713-4a3d-a92b-22c96be291a0","text/plain","What is my tier status?","SKYWAVE_PHASE_4_5","05e0df36-e3bb-4b01-ad43-679f90e1f512","","-6.0","19:33:48","","",""
"Output","cabd6a95-54ee-4b28-aa71-57a6d4bc1dfb","a2934058-8713-4a3d-a92b-22c96be291a0","f2934058-8713-4a3d-a92b-22c96be291a0","text/plain","You are Gold tier with 14,200 qualifying points this year.","SKYWAVE_PHASE_4_5","e6c42fa1-cd28-4751-a31b-7d5fe63f1b5f","","-6.0","19:33:51","","",""
"Input","836ddf4a-01d5-4e55-a4e8-ea01b6401e7d","u2934058-8713-4a3d-a92b-22c96be291a0","f2934058-8713-4a3d-a92b-22c96be291a0","text/plain","Great, thank you!","SKYWAVE_PHASE_4_5","d8825d1c-995c-4a6a-a141-dec7dc0d3ed6","","-6.0","19:34:41","","",""
"Output","836ddf4a-01d5-4e55-a4e8-ea01b6401e7d","a2934058-8713-4a3d-a92b-22c96be291a0","f2934058-8713-4a3d-a92b-22c96be291a0","text/plain","You are welcome. Is there anything else I can help with?","SKYWAVE_PHASE_4_5","5107ca5a-67dc-4a51-a06c-3d3a6562fdc5","","-6.0","19:34:44","","",""
"Input","abeba71c-74f0-4fb5-a91e-0dbf485e29a7","u3c96ed5-006e-4361-a8c2-e901b03f8167","33c96ed5-006e-4361-a8c2-e901b03f8167","text/plain","How many miles do I have?","SKYWAVE_PHASE_4_5","f371dee7-4806-4ba6-ac95-8c88b11cb235","","-7.0","10:33:00","","",""
"Output","abeba71c-74f0-4fb5-a91e-0dbf485e29a7","a3c96ed5-006e-4361-a8c2-e901b03f8167","33c96ed5-006e-4361-a8c2-e901b03f8167","text/plain","You currently have 18,450 SkyWave miles. You are at Premier tier.","SKYWAVE_PHASE_4_5","810e91de-8d7f-4c04-a890-3b83b09e58f4","","-7.0","10:33:02","","",""
"Input","206880b4-1c89-40eb-adf3-08af780903ae","u3c96ed5-006e-4361-a8c2-e901b03f8167","33c96ed5-006e-4361-a8c2-e901b03f8167","text/plain","Great, thank you!","SKYWAVE_PHASE_4_5","12304fa9-88d7-4cee-a381-bcd5424d21f2","","-7.0","10:33:31","","",""
"Output","206880b4-1c89-40eb-adf3-08af780903ae","a3c96ed5-006e-4361-a8c2-e901b03f8167","33c96ed5-006e-4361-a8c2-e901b03f8167","text/plain","You are welcome. Is there anything else I can help with?","SKYWAVE_PHASE_4_5","bf70fd33-9836-44bf-ae02-8e6feb21bbc1","","-7.0","10:33:34","","",""
"Input","d737d535-4503-4804-a3ba-b1fe930ca5a4","u49201da-3ca8-4116-a9b4-8376d96ff55a","a49201da-3ca8-4116-a9b4-8376d96ff55a","text/plain","How many miles do I have?","SKYWAVE_PHASE_4_5","e95c1725-8aa9-4c9e-a125-1ff42943411a","","-7.0","14:44:00","","",""
"Output","d737d535-4503-4804-a3ba-b1fe930ca5a4","a49201da-3ca8-4116-a9b4-8376d96ff55a","a49201da-3ca8-4116-a9b4-8376d96ff55a","text/plain","You currently have 18,450 SkyWave miles. You are at Premier tier.","SKYWAVE_PHASE_4_5","f78473ca-3030-4679-ab4e-dc1c62a7fba2","","-7.0","14:44:03","","",""
"Input","9e38618d-5daa-40d0-aa98-3105778d2d12","u49201da-3ca8-4116-a9b4-8376d96ff55a","a49201da-3ca8-4116-a9b4-8376d96ff55a","text/plain","Great, thank you!","SKYWAVE_PHASE_4_5","48e02f27-317a-4ae5-aec1-75c20867f70d","","-7.0","14:45:17","","",""
"Output","9e38618d-5daa-40d0-aa98-3105778d2d12","a49201da-3ca8-4116-a9b4-8376d96ff55a","a49201da-3ca8-4116-a9b4-8376d96ff55a","text/plain","You are welcome. Is there anything else I can help with?","SKYWAVE_PHASE_4_5","d9798da7-d4ad-4bf1-a9f9-8c2b9f279c7f","","-7.0","14:45:19","","",""
"Input","54ed9035-0778-429b-a3f7-d24232df4337","ueba1b7e-4333-467d-a860-8532e4e63978","ceba1b7e-4333-467d-a860-8532e4e63978","text/plain","Tell me a joke","SKYWAVE_PHASE_4_5","cc74bcc6-2caf-4c26-a645-5ebcae270a50","","-6.0","15:32:00","","",""
"Output","54ed9035-0778-429b-a3f7-d24232df4337","aeba1b7e-4333-467d-a860-8532e4e63978","ceba1b7e-4333-467d-a860-8532e4e63978","text/plain","I am a Skywave booking assistant. How can I help with your travel?","SKYWAVE_PHASE_4_5","0c4fdc37-b346-40cd-a8ae-78894506ec05","","-6.0","15:32:02","","",""
"Input","169624c7-f4d3-45f0-aa7c-5975cec886fe","ueba1b7e-4333-467d-a860-8532e4e63978","ceba1b7e-4333-467d-a860-8532e4e63978","text/plain","Okay.","SKYWAVE_PHASE_4_5","14a3dd45-4468-4fff-a555-6dd489e8f5a2","","-6.0","15:32:57","","",""
"Output","169624c7-f4d3-45f0-aa7c-5975cec886fe","aeba1b7e-4333-467d-a860-8532e4e63978","ceba1b7e-4333-467d-a860-8532e4e63978","text/plain","Understood. Anything else I can help with?","SKYWAVE_PHASE_4_5","3586a641-d76d-49ef-a15d-827a0457cc40","","-6.0","15:33:00","","",""
"Input","5aad53c1-0a21-4f78-a531-82213e4688f7","u566249e-b2a0-4503-aa47-cd4dd18017b5","1566249e-b2a0-4503-aa47-cd4dd18017b5","text/plain","Show me my upcoming bookings","SKYWAVE_PHASE_4_5","1653b1b0-91d2-48bc-ac63-4c40994610d1","","-4.0","10:36:00","","",""
"Output","5aad53c1-0a21-4f78-a531-82213e4688f7","a566249e-b2a0-4503-aa47-cd4dd18017b5","1566249e-b2a0-4503-aa47-cd4dd18017b5","text/plain","You have one upcoming booking — LH 1927 BER-MUC-SFO, confirmed.","SKYWAVE_PHASE_4_5","29efca30-3299-4b6e-aa2f-ce4684108b1f","","-4.0","10:36:03","","",""
"Input","da731ee3-9f61-4d33-a316-917e66249cfd","u566249e-b2a0-4503-aa47-cd4dd18017b5","1566249e-b2a0-4503-aa47-cd4dd18017b5","text/plain","Great, thank you!","SKYWAVE_PHASE_4_5","d08d2ae3-3e22-4466-acb6-de26242390d4","","-4.0","10:38:23","","",""
"Output","da731ee3-9f61-4d33-a316-917e66249cfd","a566249e-b2a0-4503-aa47-cd4dd18017b5","1566249e-b2a0-4503-aa47-cd4dd18017b5","text/plain","You are welcome. Is there anything else I can help with?","SKYWAVE_PHASE_4_5","b4257e35-bdb1-4ab5-abff-c1eccfdd0a64","","-4.0","10:38:25","","",""
"Input","ccadc81e-31ba-4a4e-af02-357a7890d326","u566249e-b2a0-4503-aa47-cd4dd18017b5","1566249e-b2a0-4503-aa47-cd4dd18017b5","text/plain","My in-flight wifi did not work, I want a refund","SKYWAVE_PHASE_4_5","3f532df0-f467-4484-a95c-0d871a16f2b8","","-4.0","10:38:42","","",""
"Output","ccadc81e-31ba-4a4e-af02-357a7890d326","a566249e-b2a0-4503-aa47-cd4dd18017b5","1566249e-b2a0-4503-aa47-cd4dd18017b5","text/plain","I have logged your complaint as case 00012346. A refund will be processed.","SKYWAVE_PHASE_4_5","535a1d21-454c-45c2-a21e-6a56206fac29","","-4.0","10:38:45","","",""
"Input","6f0442bf-3582-4f72-af9f-58804b475762","u566249e-b2a0-4503-aa47-cd4dd18017b5","1566249e-b2a0-4503-aa47-cd4dd18017b5","text/plain","Great, thank you!","SKYWAVE_PHASE_4_5","c796170d-7fc1-479c-aa46-5a7806a49fa2","","-4.0","10:39:30","","",""
"Output","6f0442bf-3582-4f72-af9f-58804b475762","a566249e-b2a0-4503-aa47-cd4dd18017b5","1566249e-b2a0-4503-aa47-cd4dd18017b5","text/plain","You are welcome. Is there anything else I can help with?","SKYWAVE_PHASE_4_5","e839f08b-8048-4336-a086-f29259263e0f","","-4.0","10:39:34","","",""
"Input","69b6ad92-0364-49ab-a9d0-bb59e264218b","uef2fb75-a175-447e-ad83-9fde26e7835f","1ef2fb75-a175-447e-ad83-9fde26e7835f","text/plain","Cancel my booking ABC123","SKYWAVE_PHASE_4_5","061f1f11-e664-4f4a-a0ec-bda8b1a62472","","-2.0","17:19:00","","",""
"Output","69b6ad92-0364-49ab-a9d0-bb59e264218b","aef2fb75-a175-447e-ad83-9fde26e7835f","1ef2fb75-a175-447e-ad83-9fde26e7835f","text/plain","I have cancelled booking ABC123. A refund of $480 will be issued.","SKYWAVE_PHASE_4_5","96e9ba5b-fbe9-4863-a02f-de7b2e094ddc","","-2.0","17:19:02","","",""
"Input","8dc69d00-7a99-4775-af89-a2aeafa4f720","uef2fb75-a175-447e-ad83-9fde26e7835f","1ef2fb75-a175-447e-ad83-9fde26e7835f","text/plain","Great, thank you!","SKYWAVE_PHASE_4_5","f6ece9a2-d6c4-42d8-ac83-23877c880f1a","","-2.0","17:22:22","","",""
"Output","8dc69d00-7a99-4775-af89-a2aeafa4f720","aef2fb75-a175-447e-ad83-9fde26e7835f","1ef2fb75-a175-447e-ad83-9fde26e7835f","text/plain","You are welcome. Is there anything else I can help with?","SKYWAVE_PHASE_4_5","06adfd89-2988-4cec-a1db-8552c8f6a12d","","-2.0","17:22:26","","",""
"Input","80d5cbe2-c777-4346-af38-8b680a33c7cb","uef2fb75-a175-447e-ad83-9fde26e7835f","1ef2fb75-a175-447e-ad83-9fde26e7835f","text/plain","Please correct my last name on booking ABC123","SKYWAVE_PHASE_4_5","a7de8011-3514-42b7-acf0-9e78ba5ad1d1","","-2.0","17:23:05","","",""
"Output","80d5cbe2-c777-4346-af38-8b680a33c7cb","aef2fb75-a175-447e-ad83-9fde26e7835f","1ef2fb75-a175-447e-ad83-9fde26e7835f","text/plain","I have updated the passenger name on booking ABC123. A confirmation has been sent.","SKYWAVE_PHASE_4_5","1e7e3e66-e3d1-49ce-ace5-6efca85aa4bf","","-2.0","17:23:07","","",""
"Input","6905d08b-9d90-4a65-a82f-2db0a47debdb","uef2fb75-a175-447e-ad83-9fde26e7835f","1ef2fb75-a175-447e-ad83-9fde26e7835f","text/plain","Great, thank you!","SKYWAVE_PHASE_4_5","004abb62-bca1-45ea-adc6-c668f592eb00","","-2.0","17:28:06","","",""
"Output","6905d08b-9d90-4a65-a82f-2db0a47debdb","aef2fb75-a175-447e-ad83-9fde26e7835f","1ef2fb75-a175-447e-ad83-9fde26e7835f","text/plain","You are welcome. Is there anything else I can help with?","SKYWAVE_PHASE_4_5","5ba908fe-50c3-4913-a2c5-5e6f49b86640","","-2.0","17:28:08","","",""
"Input","b14a5073-1df1-4a5d-acf5-7b773b751e81","uacff8c0-8643-464a-ae1a-58b590d9579c","9acff8c0-8643-464a-ae1a-58b590d9579c","text/plain","Can I move from 23B to an aisle seat?","SKYWAVE_PHASE_4_5","610146b9-c7c6-43e4-af1c-2ec50c5c7662","","-5.0","12:36:00","","",""
"Output","b14a5073-1df1-4a5d-acf5-7b773b751e81","aacff8c0-8643-464a-ae1a-58b590d9579c","9acff8c0-8643-464a-ae1a-58b590d9579c","text/plain","I could not update your seat assignment. Please contact a service agent.","SKYWAVE_PHASE_4_5","5e7cd994-0b24-447b-ae83-8cedb1bf4c8f","","-5.0","12:36:03","","",""
"Input","acef90f4-edf2-4908-aaf1-c1a423decfb2","uacff8c0-8643-464a-ae1a-58b590d9579c","9acff8c0-8643-464a-ae1a-58b590d9579c","text/plain","This still is not working, I am frustrated.","SKYWAVE_PHASE_4_5","ef185508-0488-4b8f-ad97-de43b7a863e1","","-5.0","12:36:45","","",""
"Output","acef90f4-edf2-4908-aaf1-c1a423decfb2","aacff8c0-8643-464a-ae1a-58b590d9579c","9acff8c0-8643-464a-ae1a-58b590d9579c","text/plain","I am sorry for the inconvenience. I was unable to resolve this for you.","SKYWAVE_PHASE_4_5","43323345-70fa-453e-ab7f-83a02cc179dd","","-5.0","12:36:49","","",""
"Input","7005afcb-1eca-4d10-a57a-1af92d1a9f6c","ubd83069-5419-409e-a6f0-6a55b2995b5c","dbd83069-5419-409e-a6f0-6a55b2995b5c","text/plain","My first name is misspelled on my ticket","SKYWAVE_PHASE_4_5","1be7c5aa-ef6b-4680-a4a9-a42caeca54ee","","-7.0","16:38:00","","",""
"Output","7005afcb-1eca-4d10-a57a-1af92d1a9f6c","abd83069-5419-409e-a6f0-6a55b2995b5c","dbd83069-5419-409e-a6f0-6a55b2995b5c","text/plain","I have corrected the spelling on your ticket. Please review the updated itinerary.","SKYWAVE_PHASE_4_5","59a00c68-a383-4c09-aaed-99c59d1a4d5b","","-7.0","16:38:03","","",""
"Input","6555f540-9b9d-4b4d-a67e-efcfeb3559b7","ubd83069-5419-409e-a6f0-6a55b2995b5c","dbd83069-5419-409e-a6f0-6a55b2995b5c","text/plain","Great, thank you!","SKYWAVE_PHASE_4_5","c2b940e0-5b27-4d3c-a9ad-b5a4fdccedcc","","-7.0","16:41:45","","",""
"Output","6555f540-9b9d-4b4d-a67e-efcfeb3559b7","abd83069-5419-409e-a6f0-6a55b2995b5c","dbd83069-5419-409e-a6f0-6a55b2995b5c","text/plain","You are welcome. Is there anything else I can help with?","SKYWAVE_PHASE_4_5","2b3c8aec-5c73-4bbf-a2a6-c8f60cf92dbd","","-7.0","16:41:48","","",""
"Input","c9a467f3-e89a-475b-a66d-2413a3eb13b0","ubd83069-5419-409e-a6f0-6a55b2995b5c","dbd83069-5419-409e-a6f0-6a55b2995b5c","text/plain","I want to select seat 1A for my flight","SKYWAVE_PHASE_4_5","cc7642dd-7173-4c45-a80a-6fc3c1c0c297","","-7.0","16:42:38","","",""
"Output","c9a467f3-e89a-475b-a66d-2413a3eb13b0","abd83069-5419-409e-a6f0-6a55b2995b5c","dbd83069-5419-409e-a6f0-6a55b2995b5c","text/plain","I was unable to retrieve the seat map automatically and could not assign the seat.","SKYWAVE_PHASE_4_5","7efb95e1-0478-4b9e-a993-e11b4eadc43e","","-7.0","16:42:40","","",""
"Input","23060757-9c27-4a4e-aa73-e57589544bbb","ubd83069-5419-409e-a6f0-6a55b2995b5c","dbd83069-5419-409e-a6f0-6a55b2995b5c","text/plain","This still is not working, I am frustrated.","SKYWAVE_PHASE_4_5","1a1b7823-5afa-414d-a312-87965809980a","","-7.0","16:43:22","","",""
"Output","23060757-9c27-4a4e-aa73-e57589544bbb","abd83069-5419-409e-a6f0-6a55b2995b5c","dbd83069-5419-409e-a6f0-6a55b2995b5c","text/plain","I am sorry for the inconvenience. I was unable to resolve this for you.","SKYWAVE_PHASE_4_5","d4a116e3-494e-468d-a60a-23cb314e0fd6","","-7.0","16:43:25","","",""
"Input","a3135d7c-b2b2-459e-ac0c-278f442e239c","uf45d290-db57-420b-acae-d7d338b17cba","0f45d290-db57-420b-acae-d7d338b17cba","text/plain","Whats the weather like in Tokyo?","SKYWAVE_PHASE_4_5","6bfb2ef3-ee40-45b6-a9a2-77525db82a1a","","-4.0","17:46:00","","",""
"Output","a3135d7c-b2b2-459e-ac0c-278f442e239c","af45d290-db57-420b-acae-d7d338b17cba","0f45d290-db57-420b-acae-d7d338b17cba","text/plain","I can only help with flight bookings and Skywave loyalty questions.","SKYWAVE_PHASE_4_5","d39f98e2-ac8c-4dd3-a7a9-6c70f0e5f200","","-4.0","17:46:02","","",""
"Input","d54df476-dbb3-49f9-a232-f348d962761f","uf45d290-db57-420b-acae-d7d338b17cba","0f45d290-db57-420b-acae-d7d338b17cba","text/plain","This still is not working, I am frustrated.","SKYWAVE_PHASE_4_5","e4ca52ad-332e-4c69-a258-80c39143b2fc","","-4.0","17:47:15","","",""
"Output","d54df476-dbb3-49f9-a232-f348d962761f","af45d290-db57-420b-acae-d7d338b17cba","0f45d290-db57-420b-acae-d7d338b17cba","text/plain","I am sorry for the inconvenience. I was unable to resolve this for you.","SKYWAVE_PHASE_4_5","b860dca0-1124-43de-aec8-74c6815732e3","","-4.0","17:47:18","","",""
"Input","8f28643b-8f7f-4398-a891-d851a3ef35bb","ud84821b-2955-49c4-a1c3-92dd6e0a3d0a","7d84821b-2955-49c4-a1c3-92dd6e0a3d0a","text/plain","Please correct my last name on booking ABC123","SKYWAVE_PHASE_4_5","e3148e50-ecef-4eac-a251-221758cd2ba0","","-3.0","11:33:00","","",""
"Output","8f28643b-8f7f-4398-a891-d851a3ef35bb","ad84821b-2955-49c4-a1c3-92dd6e0a3d0a","7d84821b-2955-49c4-a1c3-92dd6e0a3d0a","text/plain","I have updated the passenger name on booking ABC123. A confirmation has been sent.","SKYWAVE_PHASE_4_5","2008431c-2d13-44ab-a590-9c6812ae6c6b","","-3.0","11:33:03","","",""
"Input","879051e1-e561-412e-a503-ffe5c1f54901","ud84821b-2955-49c4-a1c3-92dd6e0a3d0a","7d84821b-2955-49c4-a1c3-92dd6e0a3d0a","text/plain","Great, thank you!","SKYWAVE_PHASE_4_5","c63abd1c-98e9-44db-ab9f-9e8a2ee792c5","","-3.0","11:33:56","","",""
"Output","879051e1-e561-412e-a503-ffe5c1f54901","ad84821b-2955-49c4-a1c3-92dd6e0a3d0a","7d84821b-2955-49c4-a1c3-92dd6e0a3d0a","text/plain","You are welcome. Is there anything else I can help with?","SKYWAVE_PHASE_4_5","c41a9954-8742-4f41-a561-2bbd390c1696","","-3.0","11:33:59","","",""
"Input","d821867a-21f9-4bca-a9e0-e60fa7ca51e5","ud17a3e7-0a9c-4e69-a5ad-ee865b4a7f6e","0d17a3e7-0a9c-4e69-a5ad-ee865b4a7f6e","text/plain","What is my tier status?","SKYWAVE_PHASE_4_5","ed7f84db-d493-4d03-a92b-a2ec6e35b896","","-2.0","09:42:00","","",""
"Output","d821867a-21f9-4bca-a9e0-e60fa7ca51e5","ad17a3e7-0a9c-4e69-a5ad-ee865b4a7f6e","0d17a3e7-0a9c-4e69-a5ad-ee865b4a7f6e","text/plain","You are Gold tier with 14,200 qualifying points this year.","SKYWAVE_PHASE_4_5","bac64690-8954-4ba2-ac0f-4bde1c0c071b","","-2.0","09:42:03","","",""
"Input","8bf1ffaf-89e1-46da-aa3b-9507756c7b1d","ud17a3e7-0a9c-4e69-a5ad-ee865b4a7f6e","0d17a3e7-0a9c-4e69-a5ad-ee865b4a7f6e","text/plain","Great, thank you!","SKYWAVE_PHASE_4_5","38573929-869e-4211-a09c-3b127dcc47de","","-2.0","09:46:44","","",""
"Output","8bf1ffaf-89e1-46da-aa3b-9507756c7b1d","ad17a3e7-0a9c-4e69-a5ad-ee865b4a7f6e","0d17a3e7-0a9c-4e69-a5ad-ee865b4a7f6e","text/plain","You are welcome. Is there anything else I can help with?","SKYWAVE_PHASE_4_5","6e3b0606-dc48-44f8-a57a-c58400d80f5d","","-2.0","09:46:47","","",""
"Input","075193ee-d477-4ad8-abca-cc84ead4b5a5","ud17a3e7-0a9c-4e69-a5ad-ee865b4a7f6e","0d17a3e7-0a9c-4e69-a5ad-ee865b4a7f6e","text/plain","Tell me a joke","SKYWAVE_PHASE_4_5","e1769734-acee-4f5e-a326-965483854fa8","","-2.0","09:47:43","","",""
"Output","075193ee-d477-4ad8-abca-cc84ead4b5a5","ad17a3e7-0a9c-4e69-a5ad-ee865b4a7f6e","0d17a3e7-0a9c-4e69-a5ad-ee865b4a7f6e","text/plain","I am a Skywave booking assistant. How can I help with your travel?","SKYWAVE_PHASE_4_5","ac38835e-2eb1-4d21-ad53-9a4a428f4227","","-2.0","09:47:46","","",""
"Input","2da071cd-5570-4a75-a40d-9d86bf69e2e9","ud17a3e7-0a9c-4e69-a5ad-ee865b4a7f6e","0d17a3e7-0a9c-4e69-a5ad-ee865b4a7f6e","text/plain","Okay.","SKYWAVE_PHASE_4_5","4f08699d-3afc-499b-a3bc-0470f149b2fc","","-2.0","09:52:04","","",""
"Output","2da071cd-5570-4a75-a40d-9d86bf69e2e9","ad17a3e7-0a9c-4e69-a5ad-ee865b4a7f6e","0d17a3e7-0a9c-4e69-a5ad-ee865b4a7f6e","text/plain","Understood. Anything else I can help with?","SKYWAVE_PHASE_4_5","e901d8ae-eadf-47d7-a47f-f07dcb74b309","","-2.0","09:52:08","","",""
"Input","1d499dcc-4515-4225-a77a-f8d1e85b0b7a","u05161a7-21a1-4478-a3fd-3f3a4d816acb","205161a7-21a1-4478-a3fd-3f3a4d816acb","text/plain","Show me my upcoming bookings","SKYWAVE_PHASE_4_5","7c4e9c5c-f3ff-4a92-a84c-57a033dcf679","","-10.0","19:36:00","","",""
"Output","1d499dcc-4515-4225-a77a-f8d1e85b0b7a","a05161a7-21a1-4478-a3fd-3f3a4d816acb","205161a7-21a1-4478-a3fd-3f3a4d816acb","text/plain","You have one upcoming booking — LH 1927 BER-MUC-SFO, confirmed.","SKYWAVE_PHASE_4_5","50b57f0a-3a72-4618-a26c-42da553e6433","","-10.0","19:36:03","","",""
"Input","a15ac5ea-5dec-4216-acc0-c296de0a6c4d","u05161a7-21a1-4478-a3fd-3f3a4d816acb","205161a7-21a1-4478-a3fd-3f3a4d816acb","text/plain","Great, thank you!","SKYWAVE_PHASE_4_5","216923d5-87a0-4fda-abb9-f13781c819bc","","-10.0","19:40:39","","",""
"Output","a15ac5ea-5dec-4216-acc0-c296de0a6c4d","a05161a7-21a1-4478-a3fd-3f3a4d816acb","205161a7-21a1-4478-a3fd-3f3a4d816acb","text/plain","You are welcome. Is there anything else I can help with?","SKYWAVE_PHASE_4_5","036a2b8f-b1c7-4476-ac65-35a8b31b7019","","-10.0","19:40:41","","",""
"Input","5b0b655c-4e9e-4fc0-a5b4-5b6e9b55b03a","u05161a7-21a1-4478-a3fd-3f3a4d816acb","205161a7-21a1-4478-a3fd-3f3a4d816acb","text/plain","Please correct my last name on booking ABC123","SKYWAVE_PHASE_4_5","e133e401-2772-47f6-a866-3cda62ef957d","","-10.0","19:41:19","","",""
"Output","5b0b655c-4e9e-4fc0-a5b4-5b6e9b55b03a","a05161a7-21a1-4478-a3fd-3f3a4d816acb","205161a7-21a1-4478-a3fd-3f3a4d816acb","text/plain","I have updated the passenger name on booking ABC123. A confirmation has been sent.","SKYWAVE_PHASE_4_5","6c6bc395-c7db-42cd-a803-e73abca06c38","","-10.0","19:41:22","","",""
"Input","8d19da3b-0e26-4d6e-a54e-ff9a42034da5","u05161a7-21a1-4478-a3fd-3f3a4d816acb","205161a7-21a1-4478-a3fd-3f3a4d816acb","text/plain","Great, thank you!","SKYWAVE_PHASE_4_5","1ffed564-3d55-47bb-afac-67b2f6f45149","","-10.0","19:44:35","","",""
"Output","8d19da3b-0e26-4d6e-a54e-ff9a42034da5","a05161a7-21a1-4478-a3fd-3f3a4d816acb","205161a7-21a1-4478-a3fd-3f3a4d816acb","text/plain","You are welcome. Is there anything else I can help with?","SKYWAVE_PHASE_4_5","7e5656c1-7d05-4586-a8c1-fe30fd200e0b","","-10.0","19:44:37","","",""
"Input","2656196c-9931-4525-a507-f0d59fe25215","u31c541b-1a1a-4511-a81d-09595d73a747","131c541b-1a1a-4511-a81d-09595d73a747","text/plain","My in-flight wifi did not work, I want a refund","SKYWAVE_PHASE_4_5","e7d94307-2b85-459a-aa9d-80c66a1f4bd9","","-10.0","18:20:00","","",""
"Output","2656196c-9931-4525-a507-f0d59fe25215","a31c541b-1a1a-4511-a81d-09595d73a747","131c541b-1a1a-4511-a81d-09595d73a747","text/plain","I have logged your complaint as case 00012346. A refund will be processed.","SKYWAVE_PHASE_4_5","f2feb882-7e1d-4ec6-a7bb-ba55e4c5962e","","-10.0","18:20:04","","",""
"Input","64d76e2a-1453-4d16-af4a-e3bbeb6de2f4","u31c541b-1a1a-4511-a81d-09595d73a747","131c541b-1a1a-4511-a81d-09595d73a747","text/plain","Okay.","SKYWAVE_PHASE_4_5","346d26ce-d773-4c79-a9bd-0d4c33b424e0","","-10.0","18:22:17","","",""
"Output","64d76e2a-1453-4d16-af4a-e3bbeb6de2f4","a31c541b-1a1a-4511-a81d-09595d73a747","131c541b-1a1a-4511-a81d-09595d73a747","text/plain","Understood. Anything else I can help with?","SKYWAVE_PHASE_4_5","2a01f462-a092-42e3-a4fb-0046e69bc0c7","","-10.0","18:22:20","","",""
"Input","2ea5ca62-caf1-412d-aa8b-c2a60d566de4","u7c2706f-2037-4f38-aaf4-98531717cd46","77c2706f-2037-4f38-aaf4-98531717cd46","text/plain","Please correct my last name on booking ABC123","SKYWAVE_PHASE_4_5","fc6b4c5c-b71d-49fa-af96-89373664ca18","","-13.0","08:55:00","","",""
"Output","2ea5ca62-caf1-412d-aa8b-c2a60d566de4","a7c2706f-2037-4f38-aaf4-98531717cd46","77c2706f-2037-4f38-aaf4-98531717cd46","text/plain","I have updated the passenger name on booking ABC123. A confirmation has been sent.","SKYWAVE_PHASE_4_5","87dac4b9-4715-4747-a025-610cad39a9cd","","-13.0","08:55:02","","",""
"Input","78392cd2-e682-4574-a18e-98501509859c","u7c2706f-2037-4f38-aaf4-98531717cd46","77c2706f-2037-4f38-aaf4-98531717cd46","text/plain","Great, thank you!","SKYWAVE_PHASE_4_5","4ee3703e-5ca6-461e-aabd-c89f143b654c","","-13.0","08:55:38","","",""
"Output","78392cd2-e682-4574-a18e-98501509859c","a7c2706f-2037-4f38-aaf4-98531717cd46","77c2706f-2037-4f38-aaf4-98531717cd46","text/plain","You are welcome. Is there anything else I can help with?","SKYWAVE_PHASE_4_5","4d4d709d-5677-420b-a7c6-7118abd0836b","","-13.0","08:55:42","","",""
"Input","1f1932c4-1534-47ad-a3ac-9948cd764120","u4256d66-76ef-4adb-a872-1d141ec5691d","d4256d66-76ef-4adb-a872-1d141ec5691d","text/plain","I lost my luggage in Munich last week, can you help?","SKYWAVE_PHASE_4_5","b393a030-b826-4b6d-a547-f8618c91acfd","","-8.0","13:03:00","","",""
"Output","1f1932c4-1534-47ad-a3ac-9948cd764120","a4256d66-76ef-4adb-a872-1d141ec5691d","d4256d66-76ef-4adb-a872-1d141ec5691d","text/plain","I have created case 00012345 for your lost luggage. We will contact you within 24 hours.","SKYWAVE_PHASE_4_5","6ec79ca6-ff27-4803-addb-d31baaf5ae87","","-8.0","13:03:03","","",""
"Input","2de145b1-f5ad-4357-a806-2e2efc28b78f","u4256d66-76ef-4adb-a872-1d141ec5691d","d4256d66-76ef-4adb-a872-1d141ec5691d","text/plain","Okay.","SKYWAVE_PHASE_4_5","555a3f19-4967-4005-a1ce-b66062400fce","","-8.0","13:03:55","","",""
"Output","2de145b1-f5ad-4357-a806-2e2efc28b78f","a4256d66-76ef-4adb-a872-1d141ec5691d","d4256d66-76ef-4adb-a872-1d141ec5691d","text/plain","Understood. Anything else I can help with?","SKYWAVE_PHASE_4_5","a0f3dde7-4691-4c98-a5c3-a678af8a5e87","","-8.0","13:03:59","","",""
"Input","e0b14e43-82f8-4200-a686-4782598e0ba2","ua55a42f-1178-4611-a79a-cdd119ded4fa","5a55a42f-1178-4611-a79a-cdd119ded4fa","text/plain","How many miles do I have?","SKYWAVE_PHASE_4_5","abeb1f25-d17e-4db0-a755-0639586746ac","","-4.0","17:33:00","","",""
"Output","e0b14e43-82f8-4200-a686-4782598e0ba2","aa55a42f-1178-4611-a79a-cdd119ded4fa","5a55a42f-1178-4611-a79a-cdd119ded4fa","text/plain","You currently have 18,450 SkyWave miles. You are at Premier tier.","SKYWAVE_PHASE_4_5","b988c380-2e31-4dc0-a06c-b77407509dc3","","-4.0","17:33:03","","",""
"Input","ef78b928-517a-4413-a5e8-8bad4dae2140","ua55a42f-1178-4611-a79a-cdd119ded4fa","5a55a42f-1178-4611-a79a-cdd119ded4fa","text/plain","Great, thank you!","SKYWAVE_PHASE_4_5","2e1479dd-80d1-42cd-ae3a-37a2a4c589fa","","-4.0","17:33:42","","",""
"Output","ef78b928-517a-4413-a5e8-8bad4dae2140","aa55a42f-1178-4611-a79a-cdd119ded4fa","5a55a42f-1178-4611-a79a-cdd119ded4fa","text/plain","You are welcome. Is there anything else I can help with?","SKYWAVE_PHASE_4_5","cb5d917c-7a1d-4afd-afb2-0c579ac21abf","","-4.0","17:33:44","","",""
"Input","083c0bc1-0edc-4615-a2e2-d640a6371200","ud4cbf05-b7e0-4754-a422-57dd945925c2","7d4cbf05-b7e0-4754-a422-57dd945925c2","text/plain","Tell me a joke","SKYWAVE_PHASE_4_5","299a075b-eb89-4c9a-a87c-b75ddbc14178","","-9.0","11:59:00","","",""
"Output","083c0bc1-0edc-4615-a2e2-d640a6371200","ad4cbf05-b7e0-4754-a422-57dd945925c2","7d4cbf05-b7e0-4754-a422-57dd945925c2","text/plain","I am a Skywave booking assistant. How can I help with your travel?","SKYWAVE_PHASE_4_5","27fa2d7e-428b-4f4f-a837-1331b6ba3367","","-9.0","11:59:02","","",""
"Input","4d4188e0-566e-471d-adf0-ff2d579f0406","ud4cbf05-b7e0-4754-a422-57dd945925c2","7d4cbf05-b7e0-4754-a422-57dd945925c2","text/plain","This still is not working, I am frustrated.","SKYWAVE_PHASE_4_5","c2e2c14a-6927-469d-a0f2-1959bfab1c95","","-9.0","11:59:47","","",""
"Output","4d4188e0-566e-471d-adf0-ff2d579f0406","ad4cbf05-b7e0-4754-a422-57dd945925c2","7d4cbf05-b7e0-4754-a422-57dd945925c2","text/plain","I am sorry for the inconvenience. I was unable to resolve this for you.","SKYWAVE_PHASE_4_5","1e9288c7-21f8-4181-adcb-322685f8ab4b","","-9.0","11:59:50","","",""
"Input","6e433a5a-d01e-42b5-a76a-337238fe78d8","uc6c74d6-66ae-4949-afa9-bc07ffa40b0c","2c6c74d6-66ae-4949-afa9-bc07ffa40b0c","text/plain","I want to change my seat to a window seat","SKYWAVE_PHASE_4_5","b18e79f1-5526-4290-a2f5-49cdf6aae039","","-6.0","08:14:00","","",""
"Output","6e433a5a-d01e-42b5-a76a-337238fe78d8","ac6c74d6-66ae-4949-afa9-bc07ffa40b0c","2c6c74d6-66ae-4949-afa9-bc07ffa40b0c","text/plain","Sorry, I am unable to change your seat right now. Please try again later.","SKYWAVE_PHASE_4_5","e8ac00a4-dbe3-4e87-aaf3-75f364437995","","-6.0","08:14:02","","",""
"Input","82396430-5262-4ae7-a57f-e3d86a73eb30","uc6c74d6-66ae-4949-afa9-bc07ffa40b0c","2c6c74d6-66ae-4949-afa9-bc07ffa40b0c","text/plain","This still is not working, I am frustrated.","SKYWAVE_PHASE_4_5","96b9155e-dd6b-49f4-a4ef-4f52e9594d29","","-6.0","08:15:54","","",""
"Output","82396430-5262-4ae7-a57f-e3d86a73eb30","ac6c74d6-66ae-4949-afa9-bc07ffa40b0c","2c6c74d6-66ae-4949-afa9-bc07ffa40b0c","text/plain","I am sorry for the inconvenience. I was unable to resolve this for you.","SKYWAVE_PHASE_4_5","e4406437-27e1-43ec-aea1-dc123e188758","","-6.0","08:15:57","","",""
"Input","bca3b102-5763-4374-a032-59aadfaba682","u003ec71-0bb2-4641-a0ea-80779452da0e","a003ec71-0bb2-4641-a0ea-80779452da0e","text/plain","What is my tier status?","SKYWAVE_PHASE_4_5","6cf2a2cc-6cfb-4fcb-a3be-b219e85340f1","","-9.0","17:16:00","","",""
"Output","bca3b102-5763-4374-a032-59aadfaba682","a003ec71-0bb2-4641-a0ea-80779452da0e","a003ec71-0bb2-4641-a0ea-80779452da0e","text/plain","You are Gold tier with 14,200 qualifying points this year.","SKYWAVE_PHASE_4_5","4fb44343-cbbb-4ffb-a499-47226573b3aa","","-9.0","17:16:04","","",""
"Input","37d292ff-1a04-4f0a-ab06-68d191107ab1","u003ec71-0bb2-4641-a0ea-80779452da0e","a003ec71-0bb2-4641-a0ea-80779452da0e","text/plain","Great, thank you!","SKYWAVE_PHASE_4_5","b82d1186-661f-4564-ae48-67412b65f144","","-9.0","17:16:35","","",""
"Output","37d292ff-1a04-4f0a-ab06-68d191107ab1","a003ec71-0bb2-4641-a0ea-80779452da0e","a003ec71-0bb2-4641-a0ea-80779452da0e","text/plain","You are welcome. Is there anything else I can help with?","SKYWAVE_PHASE_4_5","c29fc54d-433f-4aaf-a206-7df02bfdbb2a","","-9.0","17:16:39","","",""
"Input","3a5bd216-9131-4241-a85b-6cea48eecd5d","u9c032a8-8b3c-40ab-ab25-dead61a508b0","19c032a8-8b3c-40ab-ab25-dead61a508b0","text/plain","Cancel my booking ABC123","SKYWAVE_PHASE_4_5","b7c027c3-c6e4-44d0-abaa-a5554ea51431","","-8.0","08:37:00","","",""
"Output","3a5bd216-9131-4241-a85b-6cea48eecd5d","a9c032a8-8b3c-40ab-ab25-dead61a508b0","19c032a8-8b3c-40ab-ab25-dead61a508b0","text/plain","I have cancelled booking ABC123. A refund of $480 will be issued.","SKYWAVE_PHASE_4_5","3a74fe09-cc46-42e0-a70d-eddba6ebe167","","-8.0","08:37:02","","",""
"Input","b5962b53-4d65-4c88-a82d-01d5135dd7e9","u9c032a8-8b3c-40ab-ab25-dead61a508b0","19c032a8-8b3c-40ab-ab25-dead61a508b0","text/plain","Great, thank you!","SKYWAVE_PHASE_4_5","42b2a274-b642-4107-ad34-c96ee11155db","","-8.0","08:38:12","","",""
"Output","b5962b53-4d65-4c88-a82d-01d5135dd7e9","a9c032a8-8b3c-40ab-ab25-dead61a508b0","19c032a8-8b3c-40ab-ab25-dead61a508b0","text/plain","You are welcome. Is there anything else I can help with?","SKYWAVE_PHASE_4_5","8696a84a-f623-41d5-a1ed-a7155d7b8470","","-8.0","08:38:14","","",""
"Input","ef4f4c66-162c-413d-a0c2-484f2ca13987","u9c032a8-8b3c-40ab-ab25-dead61a508b0","19c032a8-8b3c-40ab-ab25-dead61a508b0","text/plain","How many miles do I have?","SKYWAVE_PHASE_4_5","d9e86f44-1e79-4d2a-a8d5-004e166c5bc6","","-8.0","08:38:50","","",""
"Output","ef4f4c66-162c-413d-a0c2-484f2ca13987","a9c032a8-8b3c-40ab-ab25-dead61a508b0","19c032a8-8b3c-40ab-ab25-dead61a508b0","text/plain","You currently have 18,450 SkyWave miles. You are at Premier tier.","SKYWAVE_PHASE_4_5","43311b98-e473-4a63-a956-0e906c1b31c5","","-8.0","08:38:53","","",""
"Input","f79fe719-16e9-40ce-a1c1-a370c1ca762b","u9c032a8-8b3c-40ab-ab25-dead61a508b0","19c032a8-8b3c-40ab-ab25-dead61a508b0","text/plain","Great, thank you!","SKYWAVE_PHASE_4_5","b71629d9-ec16-41f1-a5a6-fa5b139886cb","","-8.0","08:39:35","","",""
"Output","f79fe719-16e9-40ce-a1c1-a370c1ca762b","a9c032a8-8b3c-40ab-ab25-dead61a508b0","19c032a8-8b3c-40ab-ab25-dead61a508b0","text/plain","You are welcome. Is there anything else I can help with?","SKYWAVE_PHASE_4_5","8af57521-3448-4901-a60d-979c62bb7997","","-8.0","08:39:38","","",""
"Input","04a2a976-5ac6-4137-ae5b-ecf1ba40fbf2","u9c032a8-8b3c-40ab-ab25-dead61a508b0","19c032a8-8b3c-40ab-ab25-dead61a508b0","text/plain","Find flights from JFK to HND tomorrow","SKYWAVE_PHASE_4_5","1ca0f50e-412c-4fbe-a046-5097577a6074","","-8.0","08:40:44","","",""
"Output","04a2a976-5ac6-4137-ae5b-ecf1ba40fbf2","a9c032a8-8b3c-40ab-ab25-dead61a508b0","19c032a8-8b3c-40ab-ab25-dead61a508b0","text/plain","I found 4 flights for that route. The cheapest is SW1200 at 1pm for $1,280.","SKYWAVE_PHASE_4_5","4e01245f-321f-4a28-acc3-e2824f090ca4","","-8.0","08:40:47","","",""
"Input","82aeda41-3b43-463e-a7a4-f47b6cca5bc6","u9c032a8-8b3c-40ab-ab25-dead61a508b0","19c032a8-8b3c-40ab-ab25-dead61a508b0","text/plain","Great, thank you!","SKYWAVE_PHASE_4_5","1ce07a46-43cf-4ce0-ab41-950a43b18ae8","","-8.0","08:41:39","","",""
"Output","82aeda41-3b43-463e-a7a4-f47b6cca5bc6","a9c032a8-8b3c-40ab-ab25-dead61a508b0","19c032a8-8b3c-40ab-ab25-dead61a508b0","text/plain","You are welcome. Is there anything else I can help with?","SKYWAVE_PHASE_4_5","3ca474c0-8c97-4b85-a19e-8126d9773983","","-8.0","08:41:43","","",""
"Input","88c1cff8-31ca-4bf1-ae1e-5030ee2bf733","udf6cd5e-9de2-4378-a36a-5ef0cb297446","8df6cd5e-9de2-4378-a36a-5ef0cb297446","text/plain","My in-flight wifi did not work, I want a refund","SKYWAVE_PHASE_4_5","375e0cb8-ded1-4a46-a768-131f066fc3ab","","-1.0","08:45:00","","",""
"Output","88c1cff8-31ca-4bf1-ae1e-5030ee2bf733","adf6cd5e-9de2-4378-a36a-5ef0cb297446","8df6cd5e-9de2-4378-a36a-5ef0cb297446","text/plain","I have logged your complaint as case 00012346. A refund will be processed.","SKYWAVE_PHASE_4_5","8e043e05-c9cc-42f3-acb8-836f825bc9d8","","-1.0","08:45:04","","",""
"Input","e881c542-dde2-44dc-abf0-83a8fc5d0d2e","udf6cd5e-9de2-4378-a36a-5ef0cb297446","8df6cd5e-9de2-4378-a36a-5ef0cb297446","text/plain","Okay.","SKYWAVE_PHASE_4_5","c56cfbbd-c3fa-4ccc-a223-b3a5076e99d6","","-1.0","08:49:23","","",""
"Output","e881c542-dde2-44dc-abf0-83a8fc5d0d2e","adf6cd5e-9de2-4378-a36a-5ef0cb297446","8df6cd5e-9de2-4378-a36a-5ef0cb297446","text/plain","Understood. Anything else I can help with?","SKYWAVE_PHASE_4_5","e6ee0733-b365-4132-ac6a-441942b5fda7","","-1.0","08:49:27","","",""
"Input","20aea23c-3839-4130-a8c9-8aee7c8067f8","udf6cd5e-9de2-4378-a36a-5ef0cb297446","8df6cd5e-9de2-4378-a36a-5ef0cb297446","text/plain","Show me my upcoming bookings","SKYWAVE_PHASE_4_5","5ea5c2fb-e8a5-4172-a5f2-90ca09b442ac","","-1.0","08:51:44","","",""
"Output","20aea23c-3839-4130-a8c9-8aee7c8067f8","adf6cd5e-9de2-4378-a36a-5ef0cb297446","8df6cd5e-9de2-4378-a36a-5ef0cb297446","text/plain","You have one upcoming booking — LH 1927 BER-MUC-SFO, confirmed.","SKYWAVE_PHASE_4_5","a158d76e-4e42-4087-a55e-7faa5bcebcb5","","-1.0","08:51:48","","",""
"Input","e6aa291b-34e0-4224-a9c1-c918f30b166b","udf6cd5e-9de2-4378-a36a-5ef0cb297446","8df6cd5e-9de2-4378-a36a-5ef0cb297446","text/plain","Great, thank you!","SKYWAVE_PHASE_4_5","e9982560-3745-414c-ab05-eb939286200b","","-1.0","08:52:55","","",""
"Output","e6aa291b-34e0-4224-a9c1-c918f30b166b","adf6cd5e-9de2-4378-a36a-5ef0cb297446","8df6cd5e-9de2-4378-a36a-5ef0cb297446","text/plain","You are welcome. Is there anything else I can help with?","SKYWAVE_PHASE_4_5","1dbce8fa-1b34-49f5-a0ea-c17b66df4725","","-1.0","08:52:59","","",""
"Input","36291813-861f-461c-a49c-f91a9a5f0936","ub3498f3-a17f-4b9b-a41c-e7f6b08ee50e","3b3498f3-a17f-4b9b-a41c-e7f6b08ee50e","text/plain","I lost my luggage in Munich last week, can you help?","SKYWAVE_PHASE_4_5","c11b5a59-6772-41f1-a86a-8e80b27c25b6","","-8.0","19:11:00","","",""
"Output","36291813-861f-461c-a49c-f91a9a5f0936","ab3498f3-a17f-4b9b-a41c-e7f6b08ee50e","3b3498f3-a17f-4b9b-a41c-e7f6b08ee50e","text/plain","I have created case 00012345 for your lost luggage. We will contact you within 24 hours.","SKYWAVE_PHASE_4_5","77cfea16-5182-408b-ad42-61a848522f9b","","-8.0","19:11:03","","",""
"Input","76f3e656-7d87-4055-a712-de182adb09f4","ub3498f3-a17f-4b9b-a41c-e7f6b08ee50e","3b3498f3-a17f-4b9b-a41c-e7f6b08ee50e","text/plain","Great, thank you!","SKYWAVE_PHASE_4_5","1981df8a-899a-4442-a582-bed513a91ac0","","-8.0","19:11:21","","",""
"Output","76f3e656-7d87-4055-a712-de182adb09f4","ab3498f3-a17f-4b9b-a41c-e7f6b08ee50e","3b3498f3-a17f-4b9b-a41c-e7f6b08ee50e","text/plain","You are welcome. Is there anything else I can help with?","SKYWAVE_PHASE_4_5","f96bc864-84d7-41ef-ad48-d600898638d3","","-8.0","19:11:25","","",""
"Input","7a2fb600-1844-40a4-a4ad-be544e2bc766","ub3498f3-a17f-4b9b-a41c-e7f6b08ee50e","3b3498f3-a17f-4b9b-a41c-e7f6b08ee50e","text/plain","How many miles do I have?","SKYWAVE_PHASE_4_5","bcab2d76-4ac8-495f-ae3d-5d0934418db0","","-8.0","19:12:24","","",""
"Output","7a2fb600-1844-40a4-a4ad-be544e2bc766","ab3498f3-a17f-4b9b-a41c-e7f6b08ee50e","3b3498f3-a17f-4b9b-a41c-e7f6b08ee50e","text/plain","You currently have 18,450 SkyWave miles. You are at Premier tier.","SKYWAVE_PHASE_4_5","e2b58910-f077-4f39-a067-b7a00d6bf49a","","-8.0","19:12:27","","",""
"Input","d422b9ff-ea46-4612-a71d-cd7d4b2585b8","ub3498f3-a17f-4b9b-a41c-e7f6b08ee50e","3b3498f3-a17f-4b9b-a41c-e7f6b08ee50e","text/plain","Great, thank you!","SKYWAVE_PHASE_4_5","834eb2ae-9a53-4bfc-ac6e-a1c881133a7c","","-8.0","19:13:25","","",""
"Output","d422b9ff-ea46-4612-a71d-cd7d4b2585b8","ab3498f3-a17f-4b9b-a41c-e7f6b08ee50e","3b3498f3-a17f-4b9b-a41c-e7f6b08ee50e","text/plain","You are welcome. Is there anything else I can help with?","SKYWAVE_PHASE_4_5","bb9cbcd2-70af-47cd-ab13-38a075ef6185","","-8.0","19:13:27","","",""
"Input","25949e3d-5c5a-488a-af94-60e63fcd8305","u999e94d-e3f1-40b5-a61a-17003a3f0174","4999e94d-e3f1-40b5-a61a-17003a3f0174","text/plain","Tell me a joke","SKYWAVE_PHASE_4_5","ba1f4e5b-b346-40c6-ae08-3fc79755cb34","","-11.0","14:38:00","","",""
"Output","25949e3d-5c5a-488a-af94-60e63fcd8305","a999e94d-e3f1-40b5-a61a-17003a3f0174","4999e94d-e3f1-40b5-a61a-17003a3f0174","text/plain","I am a Skywave booking assistant. How can I help with your travel?","SKYWAVE_PHASE_4_5","aa454adb-aedf-4862-a714-54291f413ec4","","-11.0","14:38:04","","",""
"Input","9af54a9e-78d2-4737-ae68-3a47a4c07c2a","u999e94d-e3f1-40b5-a61a-17003a3f0174","4999e94d-e3f1-40b5-a61a-17003a3f0174","text/plain","Okay.","SKYWAVE_PHASE_4_5","2f050235-de3e-40b3-a121-19bea81a0e90","","-11.0","14:38:24","","",""
"Output","9af54a9e-78d2-4737-ae68-3a47a4c07c2a","a999e94d-e3f1-40b5-a61a-17003a3f0174","4999e94d-e3f1-40b5-a61a-17003a3f0174","text/plain","Understood. Anything else I can help with?","SKYWAVE_PHASE_4_5","c9410e4e-4f48-4bb2-a5e9-10473a139602","","-11.0","14:38:28","","",""
"Input","33996d8b-1879-4092-aaae-2f3435ef6af3","u999e94d-e3f1-40b5-a61a-17003a3f0174","4999e94d-e3f1-40b5-a61a-17003a3f0174","text/plain","How many miles do I have?","SKYWAVE_PHASE_4_5","d50f729f-09fc-4ee8-ab65-92f4a02f9824","","-11.0","14:42:03","","",""
"Output","33996d8b-1879-4092-aaae-2f3435ef6af3","a999e94d-e3f1-40b5-a61a-17003a3f0174","4999e94d-e3f1-40b5-a61a-17003a3f0174","text/plain","You currently have 18,450 SkyWave miles. You are at Premier tier.","SKYWAVE_PHASE_4_5","450dcdcb-b56d-46a4-aa00-ae2fe4eb7a7e","","-11.0","14:42:07","","",""
"Input","c1eaff79-ec1b-4caf-afbb-1717928e0fbd","u999e94d-e3f1-40b5-a61a-17003a3f0174","4999e94d-e3f1-40b5-a61a-17003a3f0174","text/plain","Great, thank you!","SKYWAVE_PHASE_4_5","18354df0-578a-4939-a8b1-0a5beac3ea37","","-11.0","14:43:08","","",""
"Output","c1eaff79-ec1b-4caf-afbb-1717928e0fbd","a999e94d-e3f1-40b5-a61a-17003a3f0174","4999e94d-e3f1-40b5-a61a-17003a3f0174","text/plain","You are welcome. Is there anything else I can help with?","SKYWAVE_PHASE_4_5","34efaa90-9f4b-4c36-a46d-2b67e207e5b2","","-11.0","14:43:11","","",""
"Input","4af55919-4caa-4c03-a050-19514deb912e","u999e94d-e3f1-40b5-a61a-17003a3f0174","4999e94d-e3f1-40b5-a61a-17003a3f0174","text/plain","How many miles do I have?","SKYWAVE_PHASE_4_5","52a5f9e6-4505-40db-aac4-446314901127","","-11.0","14:43:26","","",""
"Output","4af55919-4caa-4c03-a050-19514deb912e","a999e94d-e3f1-40b5-a61a-17003a3f0174","4999e94d-e3f1-40b5-a61a-17003a3f0174","text/plain","You currently have 18,450 SkyWave miles. You are at Premier tier.","SKYWAVE_PHASE_4_5","b2970f67-9125-45f5-a268-e27aa19713db","","-11.0","14:43:28","","",""
"Input","9cd3886c-f4f7-4183-a173-9d55b56f9ef2","u999e94d-e3f1-40b5-a61a-17003a3f0174","4999e94d-e3f1-40b5-a61a-17003a3f0174","text/plain","Great, thank you!","SKYWAVE_PHASE_4_5","eb1c4d8e-b1b1-4a2a-a2d2-f1993f4e5bc1","","-11.0","14:44:33","","",""
"Output","9cd3886c-f4f7-4183-a173-9d55b56f9ef2","a999e94d-e3f1-40b5-a61a-17003a3f0174","4999e94d-e3f1-40b5-a61a-17003a3f0174","text/plain","You are welcome. Is there anything else I can help with?","SKYWAVE_PHASE_4_5","ecd2e1dd-049e-4fa7-aefa-6edc99f53870","","-11.0","14:44:35","","",""
"Input","f018cbbc-900c-4410-ac85-b3006d0fd678","ub4a289d-9184-4dde-a79f-7e3f493fbc34","ab4a289d-9184-4dde-a79f-7e3f493fbc34","text/plain","I want to change my seat to a window seat","SKYWAVE_PHASE_4_5","6f9b7c0d-60f3-4441-a70d-cf2649063488","","-12.0","13:30:00","","",""
"Output","f018cbbc-900c-4410-ac85-b3006d0fd678","ab4a289d-9184-4dde-a79f-7e3f493fbc34","ab4a289d-9184-4dde-a79f-7e3f493fbc34","text/plain","Sorry, I am unable to change your seat right now. Please try again later.","SKYWAVE_PHASE_4_5","e133d4c6-cc91-4280-af5d-1a41d4c4a949","","-12.0","13:30:04","","",""
"Input","c24c55a4-1735-4319-a440-f39c2065d417","ub4a289d-9184-4dde-a79f-7e3f493fbc34","ab4a289d-9184-4dde-a79f-7e3f493fbc34","text/plain","This still is not working, I am frustrated.","SKYWAVE_PHASE_4_5","746bdf12-ad3f-4142-a77b-5623a9467b07","","-12.0","13:30:27","","",""
"Output","c24c55a4-1735-4319-a440-f39c2065d417","ab4a289d-9184-4dde-a79f-7e3f493fbc34","ab4a289d-9184-4dde-a79f-7e3f493fbc34","text/plain","I am sorry for the inconvenience. I was unable to resolve this for you.","SKYWAVE_PHASE_4_5","67586f43-ab37-4901-a469-b421e39dd0be","","-12.0","13:30:29","","",""
"Input","727da5e9-5890-4acb-ab43-038b3e1ac3e0","uec0bea2-49a7-4b25-ae63-30961afe41b1","1ec0bea2-49a7-4b25-ae63-30961afe41b1","text/plain","Find flights from JFK to HND tomorrow","SKYWAVE_PHASE_4_5","74545c6e-e634-466d-adb0-8bcd628b45e9","","-12.0","15:16:00","","",""
"Output","727da5e9-5890-4acb-ab43-038b3e1ac3e0","aec0bea2-49a7-4b25-ae63-30961afe41b1","1ec0bea2-49a7-4b25-ae63-30961afe41b1","text/plain","I found 4 flights for that route. The cheapest is SW1200 at 1pm for $1,280.","SKYWAVE_PHASE_4_5","74383c9b-a8df-44ab-ae2b-ec72dd331f34","","-12.0","15:16:03","","",""
"Input","55dae72a-791e-4f95-ade6-c02c38288e03","uec0bea2-49a7-4b25-ae63-30961afe41b1","1ec0bea2-49a7-4b25-ae63-30961afe41b1","text/plain","Great, thank you!","SKYWAVE_PHASE_4_5","d6ce64e7-f7e8-4ee2-ad2f-524ffcd35fa1","","-12.0","15:17:08","","",""
"Output","55dae72a-791e-4f95-ade6-c02c38288e03","aec0bea2-49a7-4b25-ae63-30961afe41b1","1ec0bea2-49a7-4b25-ae63-30961afe41b1","text/plain","You are welcome. Is there anything else I can help with?","SKYWAVE_PHASE_4_5","b30f4617-7d76-481f-a823-841155078c5d","","-12.0","15:17:11","","",""
"Input","a0c3d96f-4fdd-40eb-a822-64fe11715350","uec0bea2-49a7-4b25-ae63-30961afe41b1","1ec0bea2-49a7-4b25-ae63-30961afe41b1","text/plain","My in-flight wifi did not work, I want a refund","SKYWAVE_PHASE_4_5","4ccb5c67-d1d6-4987-ab7a-890f44989a17","","-12.0","15:17:53","","",""
"Output","a0c3d96f-4fdd-40eb-a822-64fe11715350","aec0bea2-49a7-4b25-ae63-30961afe41b1","1ec0bea2-49a7-4b25-ae63-30961afe41b1","text/plain","I have logged your complaint as case 00012346. A refund will be processed.","SKYWAVE_PHASE_4_5","00122fa4-1ef8-46ce-a83d-69eaf1b59039","","-12.0","15:17:56","","",""
"Input","24b60240-388e-4a53-a729-ddd0a394851a","uec0bea2-49a7-4b25-ae63-30961afe41b1","1ec0bea2-49a7-4b25-ae63-30961afe41b1","text/plain","Great, thank you!","SKYWAVE_PHASE_4_5","fc95bc01-d3ac-4ebb-aa52-886d8c06083f","","-12.0","15:19:08","","",""
"Output","24b60240-388e-4a53-a729-ddd0a394851a","aec0bea2-49a7-4b25-ae63-30961afe41b1","1ec0bea2-49a7-4b25-ae63-30961afe41b1","text/plain","You are welcome. Is there anything else I can help with?","SKYWAVE_PHASE_4_5","c444f90e-0515-4f21-a512-ce5ffb78e521","","-12.0","15:19:11","","",""
"Input","1ce3c869-f0a5-458b-a2be-77b22f7c3be4","u9845648-158a-40ab-a212-f3eafb3da5e3","39845648-158a-40ab-a212-f3eafb3da5e3","text/plain","My first name is misspelled on my ticket","SKYWAVE_PHASE_4_5","b2fc2acd-f89f-4dce-a6c3-9ce10c6a0fcf","","-3.0","19:03:00","","",""
"Output","1ce3c869-f0a5-458b-a2be-77b22f7c3be4","a9845648-158a-40ab-a212-f3eafb3da5e3","39845648-158a-40ab-a212-f3eafb3da5e3","text/plain","I have corrected the spelling on your ticket. Please review the updated itinerary.","SKYWAVE_PHASE_4_5","36b62dc9-ea73-4e85-a4c0-b85bde2d4880","","-3.0","19:03:03","","",""
"Input","32fd5d11-62cd-4603-a549-eed31f0a4ef8","u9845648-158a-40ab-a212-f3eafb3da5e3","39845648-158a-40ab-a212-f3eafb3da5e3","text/plain","Great, thank you!","SKYWAVE_PHASE_4_5","5c58168b-cdbd-4b2e-aeef-fe31ef16ae76","","-3.0","19:04:15","","",""
"Output","32fd5d11-62cd-4603-a549-eed31f0a4ef8","a9845648-158a-40ab-a212-f3eafb3da5e3","39845648-158a-40ab-a212-f3eafb3da5e3","text/plain","You are welcome. Is there anything else I can help with?","SKYWAVE_PHASE_4_5","a678682c-4ef8-4842-af99-3f9288cd7e22","","-3.0","19:04:19","","",""
"Input","e6f47f7a-361f-42ae-acc7-0a2d7e5628bd","u35852a9-7d5c-401c-a6f6-07b183b3f0b0","035852a9-7d5c-401c-a6f6-07b183b3f0b0","text/plain","Tell me a joke","SKYWAVE_PHASE_4_5","14793b46-d4ed-4d7d-a30b-4b677c0c4ad2","","-8.0","09:40:00","","",""
"Output","e6f47f7a-361f-42ae-acc7-0a2d7e5628bd","a35852a9-7d5c-401c-a6f6-07b183b3f0b0","035852a9-7d5c-401c-a6f6-07b183b3f0b0","text/plain","I am a Skywave booking assistant. How can I help with your travel?","SKYWAVE_PHASE_4_5","64bd5e6f-9e90-4996-a1e1-22bbaa032471","","-8.0","09:40:04","","",""
"Input","782043e1-2689-4369-a036-8cf8264ab5ca","u35852a9-7d5c-401c-a6f6-07b183b3f0b0","035852a9-7d5c-401c-a6f6-07b183b3f0b0","text/plain","This still is not working, I am frustrated.","SKYWAVE_PHASE_4_5","7ea160c0-135c-40f5-af32-71ebcc26a510","","-8.0","09:40:23","","",""
"Output","782043e1-2689-4369-a036-8cf8264ab5ca","a35852a9-7d5c-401c-a6f6-07b183b3f0b0","035852a9-7d5c-401c-a6f6-07b183b3f0b0","text/plain","I am sorry for the inconvenience. I was unable to resolve this for you.","SKYWAVE_PHASE_4_5","1a75f754-bd01-4eca-ab1a-ff93202fab12","","-8.0","09:40:25","","",""
"Input","a09c1b4e-bb0a-4848-a9ea-6aca4a399e8e","ub2809df-05d3-4224-a333-523d82d24287","8b2809df-05d3-4224-a333-523d82d24287","text/plain","I lost my luggage in Munich last week, can you help?","SKYWAVE_PHASE_4_5","dabedc2f-86b0-4670-ac5f-e94579a64859","","-11.0","08:57:00","","",""
"Output","a09c1b4e-bb0a-4848-a9ea-6aca4a399e8e","ab2809df-05d3-4224-a333-523d82d24287","8b2809df-05d3-4224-a333-523d82d24287","text/plain","I have created case 00012345 for your lost luggage. We will contact you within 24 hours.","SKYWAVE_PHASE_4_5","c4dfc246-2ce3-4263-a1f2-3caf7b5bd426","","-11.0","08:57:04","","",""
"Input","d2772a31-67de-4e52-a92a-a5beb7a90a79","ub2809df-05d3-4224-a333-523d82d24287","8b2809df-05d3-4224-a333-523d82d24287","text/plain","Great, thank you!","SKYWAVE_PHASE_4_5","bd8673c0-f421-42a2-a8f7-8b9967319497","","-11.0","09:01:59","","",""
"Output","d2772a31-67de-4e52-a92a-a5beb7a90a79","ab2809df-05d3-4224-a333-523d82d24287","8b2809df-05d3-4224-a333-523d82d24287","text/plain","You are welcome. Is there anything else I can help with?","SKYWAVE_PHASE_4_5","410b110b-c750-4178-a0c2-24f5835124da","","-11.0","09:02:03","","",""
"Input","d4cc8e46-ef75-46c9-a897-ed8215f81fdb","ub2809df-05d3-4224-a333-523d82d24287","8b2809df-05d3-4224-a333-523d82d24287","text/plain","My first name is misspelled on my ticket","SKYWAVE_PHASE_4_5","0b219d6e-d3be-4942-a638-5b215c91e0b7","","-11.0","09:03:43","","",""
"Output","d4cc8e46-ef75-46c9-a897-ed8215f81fdb","ab2809df-05d3-4224-a333-523d82d24287","8b2809df-05d3-4224-a333-523d82d24287","text/plain","I have corrected the spelling on your ticket. Please review the updated itinerary.","SKYWAVE_PHASE_4_5","b296dd8f-eea1-4000-a973-42c7f9f02fae","","-11.0","09:03:46","","",""
"Input","368763e5-f8d6-46f2-a6b4-0cf446399526","ub2809df-05d3-4224-a333-523d82d24287","8b2809df-05d3-4224-a333-523d82d24287","text/plain","Great, thank you!","SKYWAVE_PHASE_4_5","8fd13001-c483-46e5-af0e-012bf16cad63","","-11.0","09:04:49","","",""
"Output","368763e5-f8d6-46f2-a6b4-0cf446399526","ab2809df-05d3-4224-a333-523d82d24287","8b2809df-05d3-4224-a333-523d82d24287","text/plain","You are welcome. Is there anything else I can help with?","SKYWAVE_PHASE_4_5","d4b76ac4-d7ba-4c2d-a259-d370388e1d52","","-11.0","09:04:52","","",""
"Input","beba6954-9028-4883-acae-a2ea389f9536","ub2809df-05d3-4224-a333-523d82d24287","8b2809df-05d3-4224-a333-523d82d24287","text/plain","I want to change my seat to a window seat","SKYWAVE_PHASE_4_5","d552991c-07ca-43f6-ab12-d5d49f892ca9","","-11.0","09:05:55","","",""
"Output","beba6954-9028-4883-acae-a2ea389f9536","ab2809df-05d3-4224-a333-523d82d24287","8b2809df-05d3-4224-a333-523d82d24287","text/plain","Sorry, I am unable to change your seat right now. Please try again later.","SKYWAVE_PHASE_4_5","2942f019-815c-4cd5-a364-50e3a133a4d4","","-11.0","09:05:57","","",""
"Input","e0ec56f8-bd68-4525-a183-5d9d0720fc25","ub2809df-05d3-4224-a333-523d82d24287","8b2809df-05d3-4224-a333-523d82d24287","text/plain","This still is not working, I am frustrated.","SKYWAVE_PHASE_4_5","9cd3c10a-6658-45de-a503-d8d42731a798","","-11.0","09:08:30","","",""
"Output","e0ec56f8-bd68-4525-a183-5d9d0720fc25","ab2809df-05d3-4224-a333-523d82d24287","8b2809df-05d3-4224-a333-523d82d24287","text/plain","I am sorry for the inconvenience. I was unable to resolve this for you.","SKYWAVE_PHASE_4_5","5adc9405-ad7f-495e-ac1b-06ce8d05481c","","-11.0","09:08:33","","",""
"Input","44fd3617-25cc-4982-a3a4-52f1bdc266ba","u661de27-9b1a-43a8-ad15-bd945b9d0e91","b661de27-9b1a-43a8-ad15-bd945b9d0e91","text/plain","Tell me a joke","SKYWAVE_PHASE_4_5","ee924d98-6619-4693-a9ec-9d423b23cba6","","-7.0","18:44:00","","",""
"Output","44fd3617-25cc-4982-a3a4-52f1bdc266ba","a661de27-9b1a-43a8-ad15-bd945b9d0e91","b661de27-9b1a-43a8-ad15-bd945b9d0e91","text/plain","I am a Skywave booking assistant. How can I help with your travel?","SKYWAVE_PHASE_4_5","7561c243-bdb4-4525-aaa3-7ae67db6b32e","","-7.0","18:44:04","","",""
"Input","9e9a9029-7079-488d-ad55-1ef2b343473b","u661de27-9b1a-43a8-ad15-bd945b9d0e91","b661de27-9b1a-43a8-ad15-bd945b9d0e91","text/plain","Okay.","SKYWAVE_PHASE_4_5","fb57de0e-4133-4693-af3c-6eab752d07c4","","-7.0","18:44:43","","",""
"Output","9e9a9029-7079-488d-ad55-1ef2b343473b","a661de27-9b1a-43a8-ad15-bd945b9d0e91","b661de27-9b1a-43a8-ad15-bd945b9d0e91","text/plain","Understood. Anything else I can help with?","SKYWAVE_PHASE_4_5","c1324257-7781-4fc0-a5af-c16239d49f98","","-7.0","18:44:46","","",""
"Input","dfeb96a9-d2de-4004-aa17-178e6d0c0ce8","ud48dd62-9d01-4868-aaab-9bcaabb68cd6","4d48dd62-9d01-4868-aaab-9bcaabb68cd6","text/plain","What is my tier status?","SKYWAVE_PHASE_4_5","6359982e-5555-4d78-a9ab-62fde9470cb4","","-6.0","19:10:00","","",""
"Output","dfeb96a9-d2de-4004-aa17-178e6d0c0ce8","ad48dd62-9d01-4868-aaab-9bcaabb68cd6","4d48dd62-9d01-4868-aaab-9bcaabb68cd6","text/plain","You are Gold tier with 14,200 qualifying points this year.","SKYWAVE_PHASE_4_5","9f03c9d2-613e-4c14-abaa-4e2e0e7cfabf","","-6.0","19:10:04","","",""
"Input","9f65838b-d3d9-43aa-acd9-d35d61faf9a2","ud48dd62-9d01-4868-aaab-9bcaabb68cd6","4d48dd62-9d01-4868-aaab-9bcaabb68cd6","text/plain","Great, thank you!","SKYWAVE_PHASE_4_5","c5832455-8c9f-451d-af1b-8e860d1d6f9a","","-6.0","19:13:51","","",""
"Output","9f65838b-d3d9-43aa-acd9-d35d61faf9a2","ad48dd62-9d01-4868-aaab-9bcaabb68cd6","4d48dd62-9d01-4868-aaab-9bcaabb68cd6","text/plain","You are welcome. Is there anything else I can help with?","SKYWAVE_PHASE_4_5","05e80a9d-2431-43ad-ac1e-f78673794317","","-6.0","19:13:53","","",""
"Input","dd1c6452-49ce-4ad0-a585-ded4a829d827","u9f9fc7c-2b3b-414b-ab1d-ad34dfb3897f","29f9fc7c-2b3b-414b-ab1d-ad34dfb3897f","text/plain","Find flights from JFK to HND tomorrow","SKYWAVE_PHASE_4_5","10da2e38-13c2-4764-ab88-e4088ea09e47","","-3.0","12:07:00","","",""
"Output","dd1c6452-49ce-4ad0-a585-ded4a829d827","a9f9fc7c-2b3b-414b-ab1d-ad34dfb3897f","29f9fc7c-2b3b-414b-ab1d-ad34dfb3897f","text/plain","I found 4 flights for that route. The cheapest is SW1200 at 1pm for $1,280.","SKYWAVE_PHASE_4_5","06303377-e50a-43f3-a252-e7114c47f3ff","","-3.0","12:07:03","","",""
"Input","38cf6606-3e83-4188-a946-a5b9a57b3240","u9f9fc7c-2b3b-414b-ab1d-ad34dfb3897f","29f9fc7c-2b3b-414b-ab1d-ad34dfb3897f","text/plain","Great, thank you!","SKYWAVE_PHASE_4_5","07e69662-46f2-432f-a8e1-45a7a39062c8","","-3.0","12:07:34","","",""
"Output","38cf6606-3e83-4188-a946-a5b9a57b3240","a9f9fc7c-2b3b-414b-ab1d-ad34dfb3897f","29f9fc7c-2b3b-414b-ab1d-ad34dfb3897f","text/plain","You are welcome. Is there anything else I can help with?","SKYWAVE_PHASE_4_5","43060c60-ef78-4155-ab6b-173adf0b06bc","","-3.0","12:07:37","","",""
"Input","7dfd9675-5ce9-4fe2-a475-e1f251ac4ec0","uca4d61b-2e93-4dc7-af35-0ef024f9af5e","aca4d61b-2e93-4dc7-af35-0ef024f9af5e","text/plain","I want to change my seat to a window seat","SKYWAVE_PHASE_4_5","2a1687cd-d9cf-4ea6-a687-59465b58f6e0","","-10.0","09:17:00","","",""
"Output","7dfd9675-5ce9-4fe2-a475-e1f251ac4ec0","aca4d61b-2e93-4dc7-af35-0ef024f9af5e","aca4d61b-2e93-4dc7-af35-0ef024f9af5e","text/plain","Sorry, I am unable to change your seat right now. Please try again later.","SKYWAVE_PHASE_4_5","8435f471-4ad4-46ea-a3de-9484049573d9","","-10.0","09:17:02","","",""
"Input","99f7a432-bcbe-4ae5-a2cd-4612ac81e9e4","uca4d61b-2e93-4dc7-af35-0ef024f9af5e","aca4d61b-2e93-4dc7-af35-0ef024f9af5e","text/plain","This still is not working, I am frustrated.","SKYWAVE_PHASE_4_5","b87f4948-6301-44ea-a9fd-a6d5fe2cad27","","-10.0","09:17:58","","",""
"Output","99f7a432-bcbe-4ae5-a2cd-4612ac81e9e4","aca4d61b-2e93-4dc7-af35-0ef024f9af5e","aca4d61b-2e93-4dc7-af35-0ef024f9af5e","text/plain","I am sorry for the inconvenience. I was unable to resolve this for you.","SKYWAVE_PHASE_4_5","85408b4b-ac10-4648-a7db-f87e7721ef85","","-10.0","09:18:01","","",""
"Input","a71cd37f-2890-428c-a136-f9ff23eb7624","u39f934a-144b-48d7-a7ad-160a06547e24","139f934a-144b-48d7-a7ad-160a06547e24","text/plain","What is my tier status?","SKYWAVE_PHASE_4_5","c614634b-376b-4652-a595-042a1aee8e71","","-10.0","15:07:00","","",""
"Output","a71cd37f-2890-428c-a136-f9ff23eb7624","a39f934a-144b-48d7-a7ad-160a06547e24","139f934a-144b-48d7-a7ad-160a06547e24","text/plain","You are Gold tier with 14,200 qualifying points this year.","SKYWAVE_PHASE_4_5","d002e38b-583d-4cb6-ae90-69f60a32cfb1","","-10.0","15:07:04","","",""
"Input","0be8bd3b-53ee-4b0b-a70a-c24b4f77a20b","u39f934a-144b-48d7-a7ad-160a06547e24","139f934a-144b-48d7-a7ad-160a06547e24","text/plain","Great, thank you!","SKYWAVE_PHASE_4_5","4831d5a2-239b-43f6-aa9f-e077d71625ad","","-10.0","15:07:44","","",""
"Output","0be8bd3b-53ee-4b0b-a70a-c24b4f77a20b","a39f934a-144b-48d7-a7ad-160a06547e24","139f934a-144b-48d7-a7ad-160a06547e24","text/plain","You are welcome. Is there anything else I can help with?","SKYWAVE_PHASE_4_5","0a46fd1b-5bea-4a5d-a73b-933e001da10b","","-10.0","15:07:47","","",""
"Input","8ab65b4d-044a-408a-a49b-ccfd319d68e6","u39f934a-144b-48d7-a7ad-160a06547e24","139f934a-144b-48d7-a7ad-160a06547e24","text/plain","My in-flight wifi did not work, I want a refund","SKYWAVE_PHASE_4_5","d81d9271-3a5b-40e3-af47-85122b3f300a","","-10.0","15:11:22","","",""
"Output","8ab65b4d-044a-408a-a49b-ccfd319d68e6","a39f934a-144b-48d7-a7ad-160a06547e24","139f934a-144b-48d7-a7ad-160a06547e24","text/plain","I have logged your complaint as case 00012346. A refund will be processed.","SKYWAVE_PHASE_4_5","8d8c4870-fe8c-402d-a338-4ad57899f1cf","","-10.0","15:11:25","","",""
"Input","fb860ee6-f1e9-4569-a79d-7fe2648a6202","u39f934a-144b-48d7-a7ad-160a06547e24","139f934a-144b-48d7-a7ad-160a06547e24","text/plain","Great, thank you!","SKYWAVE_PHASE_4_5","823637e7-08eb-4c50-a4a5-84ed7b0a0fa0","","-10.0","15:12:38","","",""
"Output","fb860ee6-f1e9-4569-a79d-7fe2648a6202","a39f934a-144b-48d7-a7ad-160a06547e24","139f934a-144b-48d7-a7ad-160a06547e24","text/plain","You are welcome. Is there anything else I can help with?","SKYWAVE_PHASE_4_5","bd7eaf24-453b-4716-a717-98dbcdeae229","","-10.0","15:12:40","","",""
"Input","a4b024d4-33eb-4b13-ad73-b1398516f037","ue3e1249-ade6-4346-a873-0011d348e98f","6e3e1249-ade6-4346-a873-0011d348e98f","text/plain","Please correct my last name on booking ABC123","SKYWAVE_PHASE_4_5","99cc35d8-d93a-4572-a790-6ee31c044949","","-7.0","19:07:00","","",""
"Output","a4b024d4-33eb-4b13-ad73-b1398516f037","ae3e1249-ade6-4346-a873-0011d348e98f","6e3e1249-ade6-4346-a873-0011d348e98f","text/plain","I have updated the passenger name on booking ABC123. A confirmation has been sent.","SKYWAVE_PHASE_4_5","cdca23c9-f7b2-432a-aee4-513dd19d2e50","","-7.0","19:07:04","","",""
"Input","e4dc0aa0-a16e-4f89-a661-b929fd65e96b","ue3e1249-ade6-4346-a873-0011d348e98f","6e3e1249-ade6-4346-a873-0011d348e98f","text/plain","Great, thank you!","SKYWAVE_PHASE_4_5","c71853e8-f85b-49c7-a0b1-3bf81609fe73","","-7.0","19:07:59","","",""
"Output","e4dc0aa0-a16e-4f89-a661-b929fd65e96b","ae3e1249-ade6-4346-a873-0011d348e98f","6e3e1249-ade6-4346-a873-0011d348e98f","text/plain","You are welcome. Is there anything else I can help with?","SKYWAVE_PHASE_4_5","97dd85fe-41de-4d18-a057-e5ab1bdc30f5","","-7.0","19:08:02","","",""
"Input","249c3b9a-4a91-4b28-a697-a37d2c7f5cef","ue3e1249-ade6-4346-a873-0011d348e98f","6e3e1249-ade6-4346-a873-0011d348e98f","text/plain","Cancel my booking ABC123","SKYWAVE_PHASE_4_5","bf20ca0f-ea45-4f1d-aa08-79bc229040d1","","-7.0","19:11:51","","",""
"Output","249c3b9a-4a91-4b28-a697-a37d2c7f5cef","ae3e1249-ade6-4346-a873-0011d348e98f","6e3e1249-ade6-4346-a873-0011d348e98f","text/plain","I have cancelled booking ABC123. A refund of $480 will be issued.","SKYWAVE_PHASE_4_5","52881c80-9903-40c3-a35c-37271e4af88b","","-7.0","19:11:55","","",""
"Input","0ba8e322-9e69-4976-ad5f-0160d96ee340","ue3e1249-ade6-4346-a873-0011d348e98f","6e3e1249-ade6-4346-a873-0011d348e98f","text/plain","Great, thank you!","SKYWAVE_PHASE_4_5","8d922b89-2fbb-4258-acda-2c6ebe507b54","","-7.0","19:16:25","","",""
"Output","0ba8e322-9e69-4976-ad5f-0160d96ee340","ae3e1249-ade6-4346-a873-0011d348e98f","6e3e1249-ade6-4346-a873-0011d348e98f","text/plain","You are welcome. Is there anything else I can help with?","SKYWAVE_PHASE_4_5","13cb3454-d8c3-4baf-ae15-2b4d9dd5c963","","-7.0","19:16:28","","",""
"Input","601880d6-46d5-482b-aa7d-b9beb009226f","ub3a92cf-10f8-459b-a5ad-40f5dd8bfa47","8b3a92cf-10f8-459b-a5ad-40f5dd8bfa47","text/plain","Can I move from 23B to an aisle seat?","SKYWAVE_PHASE_4_5","372263e1-8bc6-4abe-a01d-d7f7c84a2b85","","-11.0","17:31:00","","",""
"Output","601880d6-46d5-482b-aa7d-b9beb009226f","ab3a92cf-10f8-459b-a5ad-40f5dd8bfa47","8b3a92cf-10f8-459b-a5ad-40f5dd8bfa47","text/plain","I could not update your seat assignment. Please contact a service agent.","SKYWAVE_PHASE_4_5","92ad8ff9-15dc-4e74-a714-a7c6075ff288","","-11.0","17:31:02","","",""
"Input","1b15ea70-f5f1-490d-a484-e7ab0f557f34","ub3a92cf-10f8-459b-a5ad-40f5dd8bfa47","8b3a92cf-10f8-459b-a5ad-40f5dd8bfa47","text/plain","This still is not working, I am frustrated.","SKYWAVE_PHASE_4_5","8624d714-5e4d-4205-ad49-0c8442b8f714","","-11.0","17:31:51","","",""
"Output","1b15ea70-f5f1-490d-a484-e7ab0f557f34","ab3a92cf-10f8-459b-a5ad-40f5dd8bfa47","8b3a92cf-10f8-459b-a5ad-40f5dd8bfa47","text/plain","I am sorry for the inconvenience. I was unable to resolve this for you.","SKYWAVE_PHASE_4_5","258a9939-2932-4264-a89c-00105e4791d9","","-11.0","17:31:55","","",""
"Input","10dbc210-699f-4a82-a0a3-1f0b92778bd2","u36654f6-6af9-480d-a017-736a697332dc","736654f6-6af9-480d-a017-736a697332dc","text/plain","Can I move from 23B to an aisle seat?","SKYWAVE_PHASE_4_5","356f978b-8637-401e-a947-ba12e586de6b","","-7.0","18:18:00","","",""
"Output","10dbc210-699f-4a82-a0a3-1f0b92778bd2","a36654f6-6af9-480d-a017-736a697332dc","736654f6-6af9-480d-a017-736a697332dc","text/plain","I could not update your seat assignment. Please contact a service agent.","SKYWAVE_PHASE_4_5","0bf9e2fc-2733-451d-aaca-f36a1500941e","","-7.0","18:18:03","","",""
"Input","19209d1f-4d94-4f2f-a2a9-6cc0635a00bc","u36654f6-6af9-480d-a017-736a697332dc","736654f6-6af9-480d-a017-736a697332dc","text/plain","This still is not working, I am frustrated.","SKYWAVE_PHASE_4_5","193deb10-3641-44d8-a1ed-d18370818a40","","-7.0","18:18:39","","",""
"Output","19209d1f-4d94-4f2f-a2a9-6cc0635a00bc","a36654f6-6af9-480d-a017-736a697332dc","736654f6-6af9-480d-a017-736a697332dc","text/plain","I am sorry for the inconvenience. I was unable to resolve this for you.","SKYWAVE_PHASE_4_5","bb46d59f-cde8-4231-a0ea-66317cdaac38","","-7.0","18:18:43","","",""
"Input","45d65ba0-f5af-437b-a29c-8261bd1efda2","ue73d629-d8ed-47cc-a52d-f67e92978c3e","7e73d629-d8ed-47cc-a52d-f67e92978c3e","text/plain","How many miles do I have?","SKYWAVE_PHASE_4_5","ad8cacbf-721d-4005-a7ae-3cc1a6581250","","-7.0","18:59:00","","",""
"Output","45d65ba0-f5af-437b-a29c-8261bd1efda2","ae73d629-d8ed-47cc-a52d-f67e92978c3e","7e73d629-d8ed-47cc-a52d-f67e92978c3e","text/plain","You currently have 18,450 SkyWave miles. You are at Premier tier.","SKYWAVE_PHASE_4_5","5eca7a13-0342-40ff-a6b6-6cfe10d0f23d","","-7.0","18:59:02","","",""
"Input","d2e2d592-4999-4e28-ac96-7b4f38e6def1","ue73d629-d8ed-47cc-a52d-f67e92978c3e","7e73d629-d8ed-47cc-a52d-f67e92978c3e","text/plain","Great, thank you!","SKYWAVE_PHASE_4_5","727b4956-1fe8-4312-af11-441b027971e6","","-7.0","19:00:02","","",""
"Output","d2e2d592-4999-4e28-ac96-7b4f38e6def1","ae73d629-d8ed-47cc-a52d-f67e92978c3e","7e73d629-d8ed-47cc-a52d-f67e92978c3e","text/plain","You are welcome. Is there anything else I can help with?","SKYWAVE_PHASE_4_5","c7e93826-e8ad-462e-af63-56224c5d6fc2","","-7.0","19:00:06","","",""
"Input","07deb0bd-c8f0-422c-acbc-ebfb204bc1b6","ufca1511-a001-493d-a18e-d900d5c8e35a","6fca1511-a001-493d-a18e-d900d5c8e35a","text/plain","Cancel my booking ABC123","SKYWAVE_PHASE_4_5","95e3116d-c4ea-483e-ab3c-13c51e60e2fd","","-10.0","14:20:00","","",""
"Output","07deb0bd-c8f0-422c-acbc-ebfb204bc1b6","afca1511-a001-493d-a18e-d900d5c8e35a","6fca1511-a001-493d-a18e-d900d5c8e35a","text/plain","I have cancelled booking ABC123. A refund of $480 will be issued.","SKYWAVE_PHASE_4_5","c3526c30-5745-46f1-a7df-12596d6c20d8","","-10.0","14:20:03","","",""
"Input","421fd8eb-5ec0-4418-a89f-4ac6292c575d","ufca1511-a001-493d-a18e-d900d5c8e35a","6fca1511-a001-493d-a18e-d900d5c8e35a","text/plain","Great, thank you!","SKYWAVE_PHASE_4_5","ee7e7cb9-0585-46c7-a403-cebf167584e8","","-10.0","14:20:54","","",""
"Output","421fd8eb-5ec0-4418-a89f-4ac6292c575d","afca1511-a001-493d-a18e-d900d5c8e35a","6fca1511-a001-493d-a18e-d900d5c8e35a","text/plain","You are welcome. Is there anything else I can help with?","SKYWAVE_PHASE_4_5","b05c1d75-294c-4304-acf6-929d88f3b279","","-10.0","14:20:57","","",""
"Input","21bb3e46-2416-4aad-a418-cd37dd9b2cc8","u1b39ac1-ef27-46f8-a083-1049716257bf","21b39ac1-ef27-46f8-a083-1049716257bf","text/plain","I want to change my seat to a window seat","SKYWAVE_PHASE_4_5","611c3c84-bc48-4b6c-aaa3-8de31756b288","","-8.0","15:22:00","","",""
"Output","21bb3e46-2416-4aad-a418-cd37dd9b2cc8","a1b39ac1-ef27-46f8-a083-1049716257bf","21b39ac1-ef27-46f8-a083-1049716257bf","text/plain","Sorry, I am unable to change your seat right now. Please try again later.","SKYWAVE_PHASE_4_5","f1f1faa3-2863-4411-afd0-765775c1af45","","-8.0","15:22:04","","",""
"Input","b9696556-95c8-42dc-a7af-02560f406278","u1b39ac1-ef27-46f8-a083-1049716257bf","21b39ac1-ef27-46f8-a083-1049716257bf","text/plain","This still is not working, I am frustrated.","SKYWAVE_PHASE_4_5","8810c733-1779-4165-af52-66e354e32cd4","","-8.0","15:22:43","","",""
"Output","b9696556-95c8-42dc-a7af-02560f406278","a1b39ac1-ef27-46f8-a083-1049716257bf","21b39ac1-ef27-46f8-a083-1049716257bf","text/plain","I am sorry for the inconvenience. I was unable to resolve this for you.","SKYWAVE_PHASE_4_5","046dba39-84cd-4b83-a921-e9ad16fbd62c","","-8.0","15:22:45","","",""
"Input","bb5aa69d-44d7-4205-ab2d-e16a10eed58c","u1b39ac1-ef27-46f8-a083-1049716257bf","21b39ac1-ef27-46f8-a083-1049716257bf","text/plain","Find flights from JFK to HND tomorrow","SKYWAVE_PHASE_4_5","c1e9dbaa-1b7a-46f5-a974-00f6ead0f0bf","","-8.0","15:23:31","","",""
"Output","bb5aa69d-44d7-4205-ab2d-e16a10eed58c","a1b39ac1-ef27-46f8-a083-1049716257bf","21b39ac1-ef27-46f8-a083-1049716257bf","text/plain","I found 4 flights for that route. The cheapest is SW1200 at 1pm for $1,280.","SKYWAVE_PHASE_4_5","7bec99ab-3034-4d37-a27c-0bdd7aeeb337","","-8.0","15:23:35","","",""
"Input","613027e6-7b11-4090-ac18-5ff4aa3e5562","u1b39ac1-ef27-46f8-a083-1049716257bf","21b39ac1-ef27-46f8-a083-1049716257bf","text/plain","Great, thank you!","SKYWAVE_PHASE_4_5","56daea2e-a37b-4019-a1e7-99625ba92dd7","","-8.0","15:27:05","","",""
"Output","613027e6-7b11-4090-ac18-5ff4aa3e5562","a1b39ac1-ef27-46f8-a083-1049716257bf","21b39ac1-ef27-46f8-a083-1049716257bf","text/plain","You are welcome. Is there anything else I can help with?","SKYWAVE_PHASE_4_5","977ef937-5dc8-408a-aa68-a9a45786a6ad","","-8.0","15:27:08","","",""
"Input","07dccd15-da8a-4269-a799-a8a4f68b177f","uf8a4776-f09f-4eec-a78d-296a0dfb2786","6f8a4776-f09f-4eec-a78d-296a0dfb2786","text/plain","How many miles do I have?","SKYWAVE_PHASE_4_5","0dfea594-f1d3-4fe5-a500-73a4a538ec17","","-5.0","14:45:00","","",""
"Output","07dccd15-da8a-4269-a799-a8a4f68b177f","af8a4776-f09f-4eec-a78d-296a0dfb2786","6f8a4776-f09f-4eec-a78d-296a0dfb2786","text/plain","You currently have 18,450 SkyWave miles. You are at Premier tier.","SKYWAVE_PHASE_4_5","847ac38c-6dd6-418b-a9a5-c5bdc59f5102","","-5.0","14:45:03","","",""
"Input","44670c3e-09c3-4192-a110-f82b664e95a6","uf8a4776-f09f-4eec-a78d-296a0dfb2786","6f8a4776-f09f-4eec-a78d-296a0dfb2786","text/plain","Great, thank you!","SKYWAVE_PHASE_4_5","3849bf94-2d29-4685-ae2b-fea58f47f0ce","","-5.0","14:48:13","","",""
"Output","44670c3e-09c3-4192-a110-f82b664e95a6","af8a4776-f09f-4eec-a78d-296a0dfb2786","6f8a4776-f09f-4eec-a78d-296a0dfb2786","text/plain","You are welcome. Is there anything else I can help with?","SKYWAVE_PHASE_4_5","12c1abeb-88a5-43ad-a16a-b38e0d263b65","","-5.0","14:48:15","","",""
"Input","21ba206b-887a-4561-a882-c25a347413dd","uf8a4776-f09f-4eec-a78d-296a0dfb2786","6f8a4776-f09f-4eec-a78d-296a0dfb2786","text/plain","What is my tier status?","SKYWAVE_PHASE_4_5","58ba1e95-c14d-4f2f-a276-f10fa1da5257","","-5.0","14:52:13","","",""
"Output","21ba206b-887a-4561-a882-c25a347413dd","af8a4776-f09f-4eec-a78d-296a0dfb2786","6f8a4776-f09f-4eec-a78d-296a0dfb2786","text/plain","You are Gold tier with 14,200 qualifying points this year.","SKYWAVE_PHASE_4_5","5e256434-79a0-4342-aff4-3fdc6eeff283","","-5.0","14:52:17","","",""
"Input","d72dd892-e43a-4591-a891-98a877e53812","uf8a4776-f09f-4eec-a78d-296a0dfb2786","6f8a4776-f09f-4eec-a78d-296a0dfb2786","text/plain","Great, thank you!","SKYWAVE_PHASE_4_5","55f891f9-a4dc-47cf-a726-424f045949c7","","-5.0","14:53:04","","",""
"Output","d72dd892-e43a-4591-a891-98a877e53812","af8a4776-f09f-4eec-a78d-296a0dfb2786","6f8a4776-f09f-4eec-a78d-296a0dfb2786","text/plain","You are welcome. Is there anything else I can help with?","SKYWAVE_PHASE_4_5","4ee3b0ae-dd5b-4750-aa48-f8bb0a8d3fda","","-5.0","14:53:06","","",""
"Input","2c725959-53ae-4352-aa4a-2f29b82a5ea4","u3e4f2ed-19eb-4356-a669-55109b437c94","73e4f2ed-19eb-4356-a669-55109b437c94","text/plain","Can I move from 23B to an aisle seat?","SKYWAVE_PHASE_4_5","2dc0bcfb-1467-49c5-a6fb-42a060f97e46","","-8.0","18:38:00","","",""
"Output","2c725959-53ae-4352-aa4a-2f29b82a5ea4","a3e4f2ed-19eb-4356-a669-55109b437c94","73e4f2ed-19eb-4356-a669-55109b437c94","text/plain","I could not update your seat assignment. Please contact a service agent.","SKYWAVE_PHASE_4_5","d284e7b3-17d4-44a2-a5a6-846abf58cf76","","-8.0","18:38:03","","",""
"Input","d5e0aaf9-3336-4dde-a720-33eb4be0dde9","u3e4f2ed-19eb-4356-a669-55109b437c94","73e4f2ed-19eb-4356-a669-55109b437c94","text/plain","This still is not working, I am frustrated.","SKYWAVE_PHASE_4_5","338d7f99-038d-4dcc-ab8f-234fede586a8","","-8.0","18:41:52","","",""
"Output","d5e0aaf9-3336-4dde-a720-33eb4be0dde9","a3e4f2ed-19eb-4356-a669-55109b437c94","73e4f2ed-19eb-4356-a669-55109b437c94","text/plain","I am sorry for the inconvenience. I was unable to resolve this for you.","SKYWAVE_PHASE_4_5","9d5a1a4d-54e7-442b-a76b-e4924d69968d","","-8.0","18:41:56","","",""
"Input","edf9d5f1-99c7-4503-ae1c-8e80dcd48635","ua56d848-cdc7-4125-abcd-71e979196093","ca56d848-cdc7-4125-abcd-71e979196093","text/plain","Show me my upcoming bookings","SKYWAVE_PHASE_4_5","32c4c7ba-289b-458c-a0a4-a275792f81e0","","-2.0","10:40:00","","",""
"Output","edf9d5f1-99c7-4503-ae1c-8e80dcd48635","aa56d848-cdc7-4125-abcd-71e979196093","ca56d848-cdc7-4125-abcd-71e979196093","text/plain","You have one upcoming booking — LH 1927 BER-MUC-SFO, confirmed.","SKYWAVE_PHASE_4_5","f97b2747-a58d-40f2-aaec-f6a485f64f7c","","-2.0","10:40:03","","",""
"Input","6af8cd8d-83cc-45dc-aaf6-b0deed083cc4","ua56d848-cdc7-4125-abcd-71e979196093","ca56d848-cdc7-4125-abcd-71e979196093","text/plain","Great, thank you!","SKYWAVE_PHASE_4_5","2a4fbeef-9402-4200-a609-96556a229566","","-2.0","10:40:21","","",""
"Output","6af8cd8d-83cc-45dc-aaf6-b0deed083cc4","aa56d848-cdc7-4125-abcd-71e979196093","ca56d848-cdc7-4125-abcd-71e979196093","text/plain","You are welcome. Is there anything else I can help with?","SKYWAVE_PHASE_4_5","7bc4150b-20a3-4c1f-a448-317f55e63354","","-2.0","10:40:24","","",""
"Input","92f702a2-af47-494c-a08e-224cbb4f0218","ua56d848-cdc7-4125-abcd-71e979196093","ca56d848-cdc7-4125-abcd-71e979196093","text/plain","Cancel my booking ABC123","SKYWAVE_PHASE_4_5","d8bd28fb-cf89-43f7-a118-d7b2758f7889","","-2.0","10:41:06","","",""
"Output","92f702a2-af47-494c-a08e-224cbb4f0218","aa56d848-cdc7-4125-abcd-71e979196093","ca56d848-cdc7-4125-abcd-71e979196093","text/plain","I have cancelled booking ABC123. A refund of $480 will be issued.","SKYWAVE_PHASE_4_5","4cfe18d8-82af-493c-a871-05a7848d83d9","","-2.0","10:41:08","","",""
"Input","fe42be72-7fb3-499d-af0c-72811612f7fd","ua56d848-cdc7-4125-abcd-71e979196093","ca56d848-cdc7-4125-abcd-71e979196093","text/plain","Great, thank you!","SKYWAVE_PHASE_4_5","8f2ee72f-1461-455a-a4fb-7412717fba36","","-2.0","10:41:24","","",""
"Output","fe42be72-7fb3-499d-af0c-72811612f7fd","aa56d848-cdc7-4125-abcd-71e979196093","ca56d848-cdc7-4125-abcd-71e979196093","text/plain","You are welcome. Is there anything else I can help with?","SKYWAVE_PHASE_4_5","ddf0002e-c4ec-4de1-ad10-a65cef8e78c4","","-2.0","10:41:26","","",""
"Input","f6883ae2-6510-4d06-a08d-00c5487eea91","uc4ac7b5-8fda-4aa6-a0ae-11a628fab688","7c4ac7b5-8fda-4aa6-a0ae-11a628fab688","text/plain","I lost my luggage in Munich last week, can you help?","SKYWAVE_PHASE_4_5","a7143ca7-7219-4e78-a35c-0d7ceefc7f33","","-1.0","14:24:00","","",""
"Output","f6883ae2-6510-4d06-a08d-00c5487eea91","ac4ac7b5-8fda-4aa6-a0ae-11a628fab688","7c4ac7b5-8fda-4aa6-a0ae-11a628fab688","text/plain","I have created case 00012345 for your lost luggage. We will contact you within 24 hours.","SKYWAVE_PHASE_4_5","ff2da258-34de-4c8f-a0ed-a4ec8d33c63b","","-1.0","14:24:03","","",""
"Input","4d7c9e4f-c1d7-4494-a59a-2317fb6a7c1d","uc4ac7b5-8fda-4aa6-a0ae-11a628fab688","7c4ac7b5-8fda-4aa6-a0ae-11a628fab688","text/plain","Okay.","SKYWAVE_PHASE_4_5","2f9d4dcd-737d-4dba-a8b1-7cbf02ef97ae","","-1.0","14:28:25","","",""
"Output","4d7c9e4f-c1d7-4494-a59a-2317fb6a7c1d","ac4ac7b5-8fda-4aa6-a0ae-11a628fab688","7c4ac7b5-8fda-4aa6-a0ae-11a628fab688","text/plain","Understood. Anything else I can help with?","SKYWAVE_PHASE_4_5","26d98b2f-e5c9-4050-a76a-c36521bf0088","","-1.0","14:28:27","","",""
"Input","b703b9b9-fdf7-4394-a0b4-4c9256a55dae","uc4ac7b5-8fda-4aa6-a0ae-11a628fab688","7c4ac7b5-8fda-4aa6-a0ae-11a628fab688","text/plain","Find flights from JFK to HND tomorrow","SKYWAVE_PHASE_4_5","7bcfd784-c297-4516-ae0d-428041d62555","","-1.0","14:29:14","","",""
"Output","b703b9b9-fdf7-4394-a0b4-4c9256a55dae","ac4ac7b5-8fda-4aa6-a0ae-11a628fab688","7c4ac7b5-8fda-4aa6-a0ae-11a628fab688","text/plain","I found 4 flights for that route. The cheapest is SW1200 at 1pm for $1,280.","SKYWAVE_PHASE_4_5","c16aa620-4873-4c5f-a075-816dc2b6f56e","","-1.0","14:29:17","","",""
"Input","dd454a23-3865-40c6-af67-822ee82b1f8a","uc4ac7b5-8fda-4aa6-a0ae-11a628fab688","7c4ac7b5-8fda-4aa6-a0ae-11a628fab688","text/plain","Great, thank you!","SKYWAVE_PHASE_4_5","9c600d4c-1142-43a2-a4b0-0fa860b63203","","-1.0","14:30:14","","",""
"Output","dd454a23-3865-40c6-af67-822ee82b1f8a","ac4ac7b5-8fda-4aa6-a0ae-11a628fab688","7c4ac7b5-8fda-4aa6-a0ae-11a628fab688","text/plain","You are welcome. Is there anything else I can help with?","SKYWAVE_PHASE_4_5","e96a366a-77b6-40c4-a04f-a2abda6376e4","","-1.0","14:30:18","","",""
"Input","084f801a-728c-4bf5-a13c-70b425ec1a42","u3b41a51-9fec-4279-a37b-d6995ae387ec","03b41a51-9fec-4279-a37b-d6995ae387ec","text/plain","I want to select seat 1A for my flight","SKYWAVE_PHASE_4_5","be3c2e4f-d658-4478-a585-3ff836423a2f","","-3.0","11:25:00","","",""
"Output","084f801a-728c-4bf5-a13c-70b425ec1a42","a3b41a51-9fec-4279-a37b-d6995ae387ec","03b41a51-9fec-4279-a37b-d6995ae387ec","text/plain","I was unable to retrieve the seat map automatically and could not assign the seat.","SKYWAVE_PHASE_4_5","044878fe-0528-4ea4-a0fb-073b6cdea2ed","","-3.0","11:25:04","","",""
"Input","64e84878-4def-4ed1-a45f-d45abc5323ae","u3b41a51-9fec-4279-a37b-d6995ae387ec","03b41a51-9fec-4279-a37b-d6995ae387ec","text/plain","This still is not working, I am frustrated.","SKYWAVE_PHASE_4_5","f65c6a61-36a4-4c0c-a811-4f4648bf8664","","-3.0","11:27:47","","",""
"Output","64e84878-4def-4ed1-a45f-d45abc5323ae","a3b41a51-9fec-4279-a37b-d6995ae387ec","03b41a51-9fec-4279-a37b-d6995ae387ec","text/plain","I am sorry for the inconvenience. I was unable to resolve this for you.","SKYWAVE_PHASE_4_5","b0a10fb7-ea40-4c55-aa13-98554ace2230","","-3.0","11:27:50","","",""
"Input","5ae09648-18da-4c74-ace8-5a9808cd9f38","u3b41a51-9fec-4279-a37b-d6995ae387ec","03b41a51-9fec-4279-a37b-d6995ae387ec","text/plain","Tell me a joke","SKYWAVE_PHASE_4_5","b068cd6b-b060-463d-a63c-6b5e3250206a","","-3.0","11:29:00","","",""
"Output","5ae09648-18da-4c74-ace8-5a9808cd9f38","a3b41a51-9fec-4279-a37b-d6995ae387ec","03b41a51-9fec-4279-a37b-d6995ae387ec","text/plain","I am a Skywave booking assistant. How can I help with your travel?","SKYWAVE_PHASE_4_5","eee3952c-68d1-4019-a037-ab41448eb0ea","","-3.0","11:29:03","","",""
"Input","2f996fe7-ff9f-4a3b-aa1b-19c7698d456a","u3b41a51-9fec-4279-a37b-d6995ae387ec","03b41a51-9fec-4279-a37b-d6995ae387ec","text/plain","This still is not working, I am frustrated.","SKYWAVE_PHASE_4_5","fbe2bb50-6b2c-4aff-a02b-caa6de5de4a9","","-3.0","11:30:36","","",""
"Output","2f996fe7-ff9f-4a3b-aa1b-19c7698d456a","a3b41a51-9fec-4279-a37b-d6995ae387ec","03b41a51-9fec-4279-a37b-d6995ae387ec","text/plain","I am sorry for the inconvenience. I was unable to resolve this for you.","SKYWAVE_PHASE_4_5","47266d09-57c7-4778-adb8-20608916b6f8","","-3.0","11:30:40","","",""
"Input","ba0ac210-033d-465b-a826-4fba385f4ce0","u3b41a51-9fec-4279-a37b-d6995ae387ec","03b41a51-9fec-4279-a37b-d6995ae387ec","text/plain","I want to select seat 1A for my flight","SKYWAVE_PHASE_4_5","874d64af-cd2f-4c5f-a966-d35be2e7af69","","-3.0","11:31:35","","",""
"Output","ba0ac210-033d-465b-a826-4fba385f4ce0","a3b41a51-9fec-4279-a37b-d6995ae387ec","03b41a51-9fec-4279-a37b-d6995ae387ec","text/plain","I was unable to retrieve the seat map automatically and could not assign the seat.","SKYWAVE_PHASE_4_5","ef74c32a-76b8-4082-a222-897c07c1acf7","","-3.0","11:31:37","","",""
"Input","1d4073eb-9668-4b6f-ae80-833748eda011","u3b41a51-9fec-4279-a37b-d6995ae387ec","03b41a51-9fec-4279-a37b-d6995ae387ec","text/plain","This still is not working, I am frustrated.","SKYWAVE_PHASE_4_5","f351db53-a6c3-4185-a97a-42f21f07db3c","","-3.0","11:32:36","","",""
"Output","1d4073eb-9668-4b6f-ae80-833748eda011","a3b41a51-9fec-4279-a37b-d6995ae387ec","03b41a51-9fec-4279-a37b-d6995ae387ec","text/plain","I am sorry for the inconvenience. I was unable to resolve this for you.","SKYWAVE_PHASE_4_5","edb52a17-5f61-404b-a967-d1049995f964","","-3.0","11:32:40","","",""
"Input","e118ac07-dc30-42f8-af15-b1c017c98a8c","u91b856c-4e71-4821-a2a6-e5fe68d84610","f91b856c-4e71-4821-a2a6-e5fe68d84610","text/plain","Can I move from 23B to an aisle seat?","SKYWAVE_PHASE_4_5","7a1fe30d-7e37-490a-a87b-4e52c16331ac","","-2.0","08:10:00","","",""
"Output","e118ac07-dc30-42f8-af15-b1c017c98a8c","a91b856c-4e71-4821-a2a6-e5fe68d84610","f91b856c-4e71-4821-a2a6-e5fe68d84610","text/plain","I could not update your seat assignment. Please contact a service agent.","SKYWAVE_PHASE_4_5","e5a46ccc-2124-4976-a435-a8b06e087044","","-2.0","08:10:02","","",""
"Input","fdb94e74-7b96-4b71-a235-f573a3d1d8d2","u91b856c-4e71-4821-a2a6-e5fe68d84610","f91b856c-4e71-4821-a2a6-e5fe68d84610","text/plain","This still is not working, I am frustrated.","SKYWAVE_PHASE_4_5","d9e54919-bf45-438b-aeda-660f306bb37a","","-2.0","08:11:05","","",""
"Output","fdb94e74-7b96-4b71-a235-f573a3d1d8d2","a91b856c-4e71-4821-a2a6-e5fe68d84610","f91b856c-4e71-4821-a2a6-e5fe68d84610","text/plain","I am sorry for the inconvenience. I was unable to resolve this for you.","SKYWAVE_PHASE_4_5","49276f53-3f95-49f2-a94a-13dd24fd2315","","-2.0","08:11:07","","",""
"Input","0bcfb2bc-9a7d-4237-afe6-d5267bf487de","u06bc0ec-59be-4520-a666-b54b70fa1d1c","206bc0ec-59be-4520-a666-b54b70fa1d1c","text/plain","How many miles do I have?","SKYWAVE_PHASE_4_5","f49c4edb-d5ad-44af-a9af-a8ca82fee1fa","","-10.0","08:12:00","","",""
"Output","0bcfb2bc-9a7d-4237-afe6-d5267bf487de","a06bc0ec-59be-4520-a666-b54b70fa1d1c","206bc0ec-59be-4520-a666-b54b70fa1d1c","text/plain","You currently have 18,450 SkyWave miles. You are at Premier tier.","SKYWAVE_PHASE_4_5","30b93ddd-78a4-4f7f-a34d-06006221046d","","-10.0","08:12:04","","",""
"Input","024df9bf-4a82-4895-a493-8a483c867a17","u06bc0ec-59be-4520-a666-b54b70fa1d1c","206bc0ec-59be-4520-a666-b54b70fa1d1c","text/plain","Great, thank you!","SKYWAVE_PHASE_4_5","f46cb6f7-bfe7-46bc-abbe-a39747ac990f","","-10.0","08:15:15","","",""
"Output","024df9bf-4a82-4895-a493-8a483c867a17","a06bc0ec-59be-4520-a666-b54b70fa1d1c","206bc0ec-59be-4520-a666-b54b70fa1d1c","text/plain","You are welcome. Is there anything else I can help with?","SKYWAVE_PHASE_4_5","bb9b46cb-2d85-4253-a898-e27365dfc521","","-10.0","08:15:19","","",""
"Input","8fd5f36c-cd9e-4912-a69e-6ba580bca4bf","ud839c22-f9f5-4ac6-a322-6e270f3c7684","3d839c22-f9f5-4ac6-a322-6e270f3c7684","text/plain","Please correct my last name on booking ABC123","SKYWAVE_PHASE_4_5","993b01af-0936-4a07-ac0d-cc35d9ed7452","","-9.0","14:33:00","","",""
"Output","8fd5f36c-cd9e-4912-a69e-6ba580bca4bf","ad839c22-f9f5-4ac6-a322-6e270f3c7684","3d839c22-f9f5-4ac6-a322-6e270f3c7684","text/plain","I have updated the passenger name on booking ABC123. A confirmation has been sent.","SKYWAVE_PHASE_4_5","111624e3-5118-4ae1-a550-cc6725121e82","","-9.0","14:33:03","","",""
"Input","f29533cc-2947-4ad6-a88f-1cfbc1f48d93","ud839c22-f9f5-4ac6-a322-6e270f3c7684","3d839c22-f9f5-4ac6-a322-6e270f3c7684","text/plain","Great, thank you!","SKYWAVE_PHASE_4_5","62a1038c-55f3-409c-aa3f-6ae477dbda81","","-9.0","14:34:58","","",""
"Output","f29533cc-2947-4ad6-a88f-1cfbc1f48d93","ad839c22-f9f5-4ac6-a322-6e270f3c7684","3d839c22-f9f5-4ac6-a322-6e270f3c7684","text/plain","You are welcome. Is there anything else I can help with?","SKYWAVE_PHASE_4_5","1b7530bc-3ce2-4ca9-a75e-cf6336de357a","","-9.0","14:35:02","","",""
"Input","b266b096-3b60-4089-aa24-c5aa40dce8e0","u2fa2845-f102-4bf8-a95d-a505f9b38bb9","c2fa2845-f102-4bf8-a95d-a505f9b38bb9","text/plain","Show me my upcoming bookings","SKYWAVE_PHASE_4_5","70baf738-3ca0-4fb9-ab1e-577ca95af86a","","-6.0","08:03:00","","",""
"Output","b266b096-3b60-4089-aa24-c5aa40dce8e0","a2fa2845-f102-4bf8-a95d-a505f9b38bb9","c2fa2845-f102-4bf8-a95d-a505f9b38bb9","text/plain","You have one upcoming booking — LH 1927 BER-MUC-SFO, confirmed.","SKYWAVE_PHASE_4_5","246f5a5c-ac00-4773-aa66-b300de2bd149","","-6.0","08:03:03","","",""
"Input","566e85bf-1ff2-4ce9-aaeb-11ba6ff685b2","u2fa2845-f102-4bf8-a95d-a505f9b38bb9","c2fa2845-f102-4bf8-a95d-a505f9b38bb9","text/plain","Great, thank you!","SKYWAVE_PHASE_4_5","fbf9332a-eff8-4d0c-ac8a-30940c785255","","-6.0","08:03:19","","",""
"Output","566e85bf-1ff2-4ce9-aaeb-11ba6ff685b2","a2fa2845-f102-4bf8-a95d-a505f9b38bb9","c2fa2845-f102-4bf8-a95d-a505f9b38bb9","text/plain","You are welcome. Is there anything else I can help with?","SKYWAVE_PHASE_4_5","cd945c4d-0842-48f3-a858-1aa618679eea","","-6.0","08:03:22","","",""
"Input","f0e93e33-77e0-4f18-a9a9-991b5e281f15","u2fa2845-f102-4bf8-a95d-a505f9b38bb9","c2fa2845-f102-4bf8-a95d-a505f9b38bb9","text/plain","What is my tier status?","SKYWAVE_PHASE_4_5","429f08d7-f8a9-49b0-a34d-c59af23ad822","","-6.0","08:03:56","","",""
"Output","f0e93e33-77e0-4f18-a9a9-991b5e281f15","a2fa2845-f102-4bf8-a95d-a505f9b38bb9","c2fa2845-f102-4bf8-a95d-a505f9b38bb9","text/plain","You are Gold tier with 14,200 qualifying points this year.","SKYWAVE_PHASE_4_5","928fa282-2850-4041-a490-8ed62aac8b37","","-6.0","08:03:58","","",""
"Input","bea55544-93b6-47c3-a7b4-2d8f6351101b","u2fa2845-f102-4bf8-a95d-a505f9b38bb9","c2fa2845-f102-4bf8-a95d-a505f9b38bb9","text/plain","Great, thank you!","SKYWAVE_PHASE_4_5","1718e7ba-68f4-40fa-a2d5-183c9cbcd215","","-6.0","08:04:42","","",""
"Output","bea55544-93b6-47c3-a7b4-2d8f6351101b","a2fa2845-f102-4bf8-a95d-a505f9b38bb9","c2fa2845-f102-4bf8-a95d-a505f9b38bb9","text/plain","You are welcome. Is there anything else I can help with?","SKYWAVE_PHASE_4_5","0af24ffc-c7d9-4a2e-ab2f-02dd6a5af8fa","","-6.0","08:04:46","","",""
"Input","78191d61-7a97-4677-ad11-e9efbd50eae9","uc5bad76-92bc-45c9-aef6-3abf4fa5de9c","0c5bad76-92bc-45c9-aef6-3abf4fa5de9c","text/plain","I want to select seat 1A for my flight","SKYWAVE_PHASE_4_5","848345c0-d408-44a0-a4ab-b21100aade4d","","-10.0","08:13:00","","",""
"Output","78191d61-7a97-4677-ad11-e9efbd50eae9","ac5bad76-92bc-45c9-aef6-3abf4fa5de9c","0c5bad76-92bc-45c9-aef6-3abf4fa5de9c","text/plain","I was unable to retrieve the seat map automatically and could not assign the seat.","SKYWAVE_PHASE_4_5","a60355e4-f228-4006-a79b-d3daad4986c2","","-10.0","08:13:03","","",""
"Input","860e677b-be95-4597-a751-77466b732b57","uc5bad76-92bc-45c9-aef6-3abf4fa5de9c","0c5bad76-92bc-45c9-aef6-3abf4fa5de9c","text/plain","This still is not working, I am frustrated.","SKYWAVE_PHASE_4_5","bfbdaec4-c9b3-4d24-a55e-6e88a519c6b0","","-10.0","08:13:33","","",""
"Output","860e677b-be95-4597-a751-77466b732b57","ac5bad76-92bc-45c9-aef6-3abf4fa5de9c","0c5bad76-92bc-45c9-aef6-3abf4fa5de9c","text/plain","I am sorry for the inconvenience. I was unable to resolve this for you.","SKYWAVE_PHASE_4_5","73554cc2-b372-4320-a486-e21c89f398aa","","-10.0","08:13:37","","",""
"Input","f50997e0-76de-4a95-abee-2991c96cbd4d","uc5bad76-92bc-45c9-aef6-3abf4fa5de9c","0c5bad76-92bc-45c9-aef6-3abf4fa5de9c","text/plain","Please correct my last name on booking ABC123","SKYWAVE_PHASE_4_5","23150bf9-159a-40d0-a08b-2adf5e9bdf7d","","-10.0","08:16:07","","",""
"Output","f50997e0-76de-4a95-abee-2991c96cbd4d","ac5bad76-92bc-45c9-aef6-3abf4fa5de9c","0c5bad76-92bc-45c9-aef6-3abf4fa5de9c","text/plain","I have updated the passenger name on booking ABC123. A confirmation has been sent.","SKYWAVE_PHASE_4_5","5c9b2ccf-bc2b-4064-a9cf-ece51c09e726","","-10.0","08:16:11","","",""
"Input","9a598dc9-b0dc-4184-a413-6f583787d441","uc5bad76-92bc-45c9-aef6-3abf4fa5de9c","0c5bad76-92bc-45c9-aef6-3abf4fa5de9c","text/plain","Great, thank you!","SKYWAVE_PHASE_4_5","27151d33-559c-44a6-a069-79f0180904d7","","-10.0","08:17:11","","",""
"Output","9a598dc9-b0dc-4184-a413-6f583787d441","ac5bad76-92bc-45c9-aef6-3abf4fa5de9c","0c5bad76-92bc-45c9-aef6-3abf4fa5de9c","text/plain","You are welcome. Is there anything else I can help with?","SKYWAVE_PHASE_4_5","35c62593-594a-44ee-a691-6f02fb40c655","","-10.0","08:17:15","","",""
"Input","480f2205-1d44-47ed-a2c1-eab07742c54c","u3db960d-710c-4d96-a58c-11beb9e26fda","e3db960d-710c-4d96-a58c-11beb9e26fda","text/plain","What is my tier status?","SKYWAVE_PHASE_4_5","2ea71e05-81fb-4679-a311-8f8877645464","","-1.0","15:07:00","","",""
"Output","480f2205-1d44-47ed-a2c1-eab07742c54c","a3db960d-710c-4d96-a58c-11beb9e26fda","e3db960d-710c-4d96-a58c-11beb9e26fda","text/plain","You are Gold tier with 14,200 qualifying points this year.","SKYWAVE_PHASE_4_5","e583d9ca-566a-4215-aa8d-0a828de8c926","","-1.0","15:07:02","","",""
"Input","9b4dc30b-68bd-4259-a75d-02a9aa1a53e1","u3db960d-710c-4d96-a58c-11beb9e26fda","e3db960d-710c-4d96-a58c-11beb9e26fda","text/plain","Great, thank you!","SKYWAVE_PHASE_4_5","5aa4df7d-4e4b-4112-ac0c-0fe34fdf2c8c","","-1.0","15:07:25","","",""
"Output","9b4dc30b-68bd-4259-a75d-02a9aa1a53e1","a3db960d-710c-4d96-a58c-11beb9e26fda","e3db960d-710c-4d96-a58c-11beb9e26fda","text/plain","You are welcome. Is there anything else I can help with?","SKYWAVE_PHASE_4_5","3301f129-034b-42cb-aa83-7b0db28a2ec8","","-1.0","15:07:28","","",""
"Input","3755eb80-05f3-4c1b-ad3a-9c2c1523b8f1","u3db960d-710c-4d96-a58c-11beb9e26fda","e3db960d-710c-4d96-a58c-11beb9e26fda","text/plain","Show me my upcoming bookings","SKYWAVE_PHASE_4_5","89520d3c-3666-4184-ac02-54256dde8bba","","-1.0","15:07:53","","",""
"Output","3755eb80-05f3-4c1b-ad3a-9c2c1523b8f1","a3db960d-710c-4d96-a58c-11beb9e26fda","e3db960d-710c-4d96-a58c-11beb9e26fda","text/plain","You have one upcoming booking — LH 1927 BER-MUC-SFO, confirmed.","SKYWAVE_PHASE_4_5","dddfc44d-fc11-40c9-ac27-a33b82237ffd","","-1.0","15:07:55","","",""
"Input","840c75df-efd0-4e89-af4f-2ed8244992a0","u3db960d-710c-4d96-a58c-11beb9e26fda","e3db960d-710c-4d96-a58c-11beb9e26fda","text/plain","Great, thank you!","SKYWAVE_PHASE_4_5","aa473b5f-c597-4ca8-a531-678efad385fc","","-1.0","15:10:58","","",""
"Output","840c75df-efd0-4e89-af4f-2ed8244992a0","a3db960d-710c-4d96-a58c-11beb9e26fda","e3db960d-710c-4d96-a58c-11beb9e26fda","text/plain","You are welcome. Is there anything else I can help with?","SKYWAVE_PHASE_4_5","79f6daa4-5f8b-483d-a0cf-e269054a1830","","-1.0","15:11:01","","",""
"Input","a2515e70-1146-412f-ab3a-75a6d9cd8d9f","u558ee33-c510-4b83-a0f9-cfc4c599b9bc","3558ee33-c510-4b83-a0f9-cfc4c599b9bc","text/plain","I want to select seat 1A for my flight","SKYWAVE_PHASE_4_5","410f54e5-6713-4005-aa1a-b960d2b42aa8","","-13.0","18:02:00","","",""
"Output","a2515e70-1146-412f-ab3a-75a6d9cd8d9f","a558ee33-c510-4b83-a0f9-cfc4c599b9bc","3558ee33-c510-4b83-a0f9-cfc4c599b9bc","text/plain","I was unable to retrieve the seat map automatically and could not assign the seat.","SKYWAVE_PHASE_4_5","1947d6e3-5c17-4f5c-a330-c0cddaf08629","","-13.0","18:02:03","","",""
"Input","ab589783-1026-4f47-aaee-8d1d3a42b41e","u558ee33-c510-4b83-a0f9-cfc4c599b9bc","3558ee33-c510-4b83-a0f9-cfc4c599b9bc","text/plain","This still is not working, I am frustrated.","SKYWAVE_PHASE_4_5","77c47dec-8a18-4467-a205-7e52ff8ffb72","","-13.0","18:02:29","","",""
"Output","ab589783-1026-4f47-aaee-8d1d3a42b41e","a558ee33-c510-4b83-a0f9-cfc4c599b9bc","3558ee33-c510-4b83-a0f9-cfc4c599b9bc","text/plain","I am sorry for the inconvenience. I was unable to resolve this for you.","SKYWAVE_PHASE_4_5","44145abf-dbab-4080-a790-ca30e7f7a813","","-13.0","18:02:32","","",""
"Input","7794ba8c-1e86-44be-a3a5-4361aad8d22e","u558ee33-c510-4b83-a0f9-cfc4c599b9bc","3558ee33-c510-4b83-a0f9-cfc4c599b9bc","text/plain","My in-flight wifi did not work, I want a refund","SKYWAVE_PHASE_4_5","27ba1b49-f2c5-4a11-a8de-c819ab5c7e93","","-13.0","18:03:42","","",""
"Output","7794ba8c-1e86-44be-a3a5-4361aad8d22e","a558ee33-c510-4b83-a0f9-cfc4c599b9bc","3558ee33-c510-4b83-a0f9-cfc4c599b9bc","text/plain","I have logged your complaint as case 00012346. A refund will be processed.","SKYWAVE_PHASE_4_5","b73733e9-38cd-4fd1-a6ac-806787298720","","-13.0","18:03:46","","",""
"Input","237c0bd1-6ca5-4cbe-a83d-db65eb18d087","u558ee33-c510-4b83-a0f9-cfc4c599b9bc","3558ee33-c510-4b83-a0f9-cfc4c599b9bc","text/plain","Great, thank you!","SKYWAVE_PHASE_4_5","a9649d4f-51ca-4284-ab19-5929046735bf","","-13.0","18:04:19","","",""
"Output","237c0bd1-6ca5-4cbe-a83d-db65eb18d087","a558ee33-c510-4b83-a0f9-cfc4c599b9bc","3558ee33-c510-4b83-a0f9-cfc4c599b9bc","text/plain","You are welcome. Is there anything else I can help with?","SKYWAVE_PHASE_4_5","6b54a336-16ed-4a3e-a607-4d7c992aff3e","","-13.0","18:04:22","","",""
"Input","c8b4527f-faf6-4b4b-a2da-83bdae6cfab4","u5a98ac2-95a9-43a8-a4ab-76b613cf9ffe","25a98ac2-95a9-43a8-a4ab-76b613cf9ffe","text/plain","Can I move from 23B to an aisle seat?","SKYWAVE_PHASE_4_5","c8d3f04e-3cfe-480c-a949-a2027ada2373","","-3.0","09:04:00","","",""
"Output","c8b4527f-faf6-4b4b-a2da-83bdae6cfab4","a5a98ac2-95a9-43a8-a4ab-76b613cf9ffe","25a98ac2-95a9-43a8-a4ab-76b613cf9ffe","text/plain","I could not update your seat assignment. Please contact a service agent.","SKYWAVE_PHASE_4_5","c296c203-f507-4b6e-ac4b-7befc0249f5b","","-3.0","09:04:03","","",""
"Input","bc4e3e10-f32c-46cb-a305-2a30c5181dc8","u5a98ac2-95a9-43a8-a4ab-76b613cf9ffe","25a98ac2-95a9-43a8-a4ab-76b613cf9ffe","text/plain","This still is not working, I am frustrated.","SKYWAVE_PHASE_4_5","d9ae9269-0224-490f-aca7-08a1417bbdbd","","-3.0","09:04:51","","",""
"Output","bc4e3e10-f32c-46cb-a305-2a30c5181dc8","a5a98ac2-95a9-43a8-a4ab-76b613cf9ffe","25a98ac2-95a9-43a8-a4ab-76b613cf9ffe","text/plain","I am sorry for the inconvenience. I was unable to resolve this for you.","SKYWAVE_PHASE_4_5","3030b217-ecbe-4fda-a4a5-abea06e8686a","","-3.0","09:04:54","","",""
"Input","2a6602c0-8bcc-42a7-a806-f4ea940cbc3e","u5a98ac2-95a9-43a8-a4ab-76b613cf9ffe","25a98ac2-95a9-43a8-a4ab-76b613cf9ffe","text/plain","How many miles do I have?","SKYWAVE_PHASE_4_5","eb381747-4158-461f-aece-fb62031c2691","","-3.0","09:06:25","","",""
"Output","2a6602c0-8bcc-42a7-a806-f4ea940cbc3e","a5a98ac2-95a9-43a8-a4ab-76b613cf9ffe","25a98ac2-95a9-43a8-a4ab-76b613cf9ffe","text/plain","You currently have 18,450 SkyWave miles. You are at Premier tier.","SKYWAVE_PHASE_4_5","a2106fca-650d-4fad-a5e0-0056b6764fdb","","-3.0","09:06:27","","",""
"Input","3a89dc5c-65c5-4e08-a59f-4f0390f4360a","u5a98ac2-95a9-43a8-a4ab-76b613cf9ffe","25a98ac2-95a9-43a8-a4ab-76b613cf9ffe","text/plain","Great, thank you!","SKYWAVE_PHASE_4_5","9979fa96-3be6-4589-a346-766d77948e02","","-3.0","09:06:45","","",""
"Output","3a89dc5c-65c5-4e08-a59f-4f0390f4360a","a5a98ac2-95a9-43a8-a4ab-76b613cf9ffe","25a98ac2-95a9-43a8-a4ab-76b613cf9ffe","text/plain","You are welcome. Is there anything else I can help with?","SKYWAVE_PHASE_4_5","a1f4bb61-aa15-4432-a281-efc87ed36d15","","-3.0","09:06:49","","",""
"Input","f0f69c3c-76a9-4e13-afd8-584924a12ccc","u5a98ac2-95a9-43a8-a4ab-76b613cf9ffe","25a98ac2-95a9-43a8-a4ab-76b613cf9ffe","text/plain","I want to select seat 1A for my flight","SKYWAVE_PHASE_4_5","b76bd93c-ae52-447c-aa74-9cb3e7535d40","","-3.0","09:07:27","","",""
"Output","f0f69c3c-76a9-4e13-afd8-584924a12ccc","a5a98ac2-95a9-43a8-a4ab-76b613cf9ffe","25a98ac2-95a9-43a8-a4ab-76b613cf9ffe","text/plain","I was unable to retrieve the seat map automatically and could not assign the seat.","SKYWAVE_PHASE_4_5","04a0d4d3-e8df-42a6-a437-9419771a0edd","","-3.0","09:07:29","","",""
"Input","54f2fdaf-db0a-4a26-a8df-89b5f8e257ef","u5a98ac2-95a9-43a8-a4ab-76b613cf9ffe","25a98ac2-95a9-43a8-a4ab-76b613cf9ffe","text/plain","This still is not working, I am frustrated.","SKYWAVE_PHASE_4_5","aefb0ba7-97f5-4ee4-af96-cdf1949c95d2","","-3.0","09:08:04","","",""
"Output","54f2fdaf-db0a-4a26-a8df-89b5f8e257ef","a5a98ac2-95a9-43a8-a4ab-76b613cf9ffe","25a98ac2-95a9-43a8-a4ab-76b613cf9ffe","text/plain","I am sorry for the inconvenience. I was unable to resolve this for you.","SKYWAVE_PHASE_4_5","076a574d-cc1d-4d92-a532-b5d2f4dd829d","","-3.0","09:08:06","","",""
"Input","8e08d5a2-e662-4835-a212-821f07c89228","uac584e0-9e70-4a2e-abec-25caa6f3146e","cac584e0-9e70-4a2e-abec-25caa6f3146e","text/plain","Can I move from 23B to an aisle seat?","SKYWAVE_PHASE_4_5","50232f63-bc21-4372-a8b2-ec54c5d6303b","","-9.0","14:16:00","","",""
"Output","8e08d5a2-e662-4835-a212-821f07c89228","aac584e0-9e70-4a2e-abec-25caa6f3146e","cac584e0-9e70-4a2e-abec-25caa6f3146e","text/plain","I could not update your seat assignment. Please contact a service agent.","SKYWAVE_PHASE_4_5","df04788c-1b24-46fa-ab5e-a626c4e6ba80","","-9.0","14:16:03","","",""
"Input","47f079d2-a9c5-4ef8-ab85-a39a6407dcd4","uac584e0-9e70-4a2e-abec-25caa6f3146e","cac584e0-9e70-4a2e-abec-25caa6f3146e","text/plain","This still is not working, I am frustrated.","SKYWAVE_PHASE_4_5","bbc3b2e2-eca9-44a7-a8e9-5ff25bd1ade9","","-9.0","14:16:31","","",""
"Output","47f079d2-a9c5-4ef8-ab85-a39a6407dcd4","aac584e0-9e70-4a2e-abec-25caa6f3146e","cac584e0-9e70-4a2e-abec-25caa6f3146e","text/plain","I am sorry for the inconvenience. I was unable to resolve this for you.","SKYWAVE_PHASE_4_5","b6f7653d-221c-4c94-ac16-c03ca15d12d1","","-9.0","14:16:33","","",""
"Input","5ad243a1-cbd2-4b23-a273-d82d2c2fadf8","uac584e0-9e70-4a2e-abec-25caa6f3146e","cac584e0-9e70-4a2e-abec-25caa6f3146e","text/plain","Please correct my last name on booking ABC123","SKYWAVE_PHASE_4_5","05306b26-2585-4cfb-a876-bca137f2e00f","","-9.0","14:19:59","","",""
"Output","5ad243a1-cbd2-4b23-a273-d82d2c2fadf8","aac584e0-9e70-4a2e-abec-25caa6f3146e","cac584e0-9e70-4a2e-abec-25caa6f3146e","text/plain","I have updated the passenger name on booking ABC123. A confirmation has been sent.","SKYWAVE_PHASE_4_5","542838da-c081-4131-ac1f-ee0ed2fdc23f","","-9.0","14:20:01","","",""
"Input","e82321c6-db2c-4713-a8d8-7bfaa1a7476c","uac584e0-9e70-4a2e-abec-25caa6f3146e","cac584e0-9e70-4a2e-abec-25caa6f3146e","text/plain","Great, thank you!","SKYWAVE_PHASE_4_5","4d5d1b19-e77e-454f-a073-84a78e13434c","","-9.0","14:21:06","","",""
"Output","e82321c6-db2c-4713-a8d8-7bfaa1a7476c","aac584e0-9e70-4a2e-abec-25caa6f3146e","cac584e0-9e70-4a2e-abec-25caa6f3146e","text/plain","You are welcome. Is there anything else I can help with?","SKYWAVE_PHASE_4_5","edeaa8ce-fc96-4126-a7fe-b09c3859766a","","-9.0","14:21:10","","",""
"Input","f54a96c9-da1c-4880-ae79-faa4293f6efe","uac584e0-9e70-4a2e-abec-25caa6f3146e","cac584e0-9e70-4a2e-abec-25caa6f3146e","text/plain","Please correct my last name on booking ABC123","SKYWAVE_PHASE_4_5","7aef0d40-9f63-4614-a6c3-050ef2ca4cb2","","-9.0","14:21:27","","",""
"Output","f54a96c9-da1c-4880-ae79-faa4293f6efe","aac584e0-9e70-4a2e-abec-25caa6f3146e","cac584e0-9e70-4a2e-abec-25caa6f3146e","text/plain","I have updated the passenger name on booking ABC123. A confirmation has been sent.","SKYWAVE_PHASE_4_5","5ff5db74-573f-4b47-a729-bf7ead03086d","","-9.0","14:21:31","","",""
"Input","b8bf9596-f72d-436c-a1f4-9af48c4ad037","uac584e0-9e70-4a2e-abec-25caa6f3146e","cac584e0-9e70-4a2e-abec-25caa6f3146e","text/plain","Great, thank you!","SKYWAVE_PHASE_4_5","fa180c2f-9c9a-4bd7-a3c9-17bba2f92037","","-9.0","14:24:48","","",""
"Output","b8bf9596-f72d-436c-a1f4-9af48c4ad037","aac584e0-9e70-4a2e-abec-25caa6f3146e","cac584e0-9e70-4a2e-abec-25caa6f3146e","text/plain","You are welcome. Is there anything else I can help with?","SKYWAVE_PHASE_4_5","b22c8dba-7d09-4b70-a285-978c8614c362","","-9.0","14:24:50","","",""
"Input","4512dc9b-6df1-44e0-a80b-591b1124d86f","ue367453-c31e-452b-a42c-a40c64adfdf5","8e367453-c31e-452b-a42c-a40c64adfdf5","text/plain","Find flights from JFK to HND tomorrow","SKYWAVE_PHASE_4_5","294edabc-827b-47b3-aee3-1c2536af61bc","","-1.0","19:39:00","","",""
"Output","4512dc9b-6df1-44e0-a80b-591b1124d86f","ae367453-c31e-452b-a42c-a40c64adfdf5","8e367453-c31e-452b-a42c-a40c64adfdf5","text/plain","I found 4 flights for that route. The cheapest is SW1200 at 1pm for $1,280.","SKYWAVE_PHASE_4_5","ade0c820-f8d6-4ae0-ac15-b68da08b527d","","-1.0","19:39:03","","",""
"Input","6247c325-5900-4a2f-ae88-725ed3fe46b9","ue367453-c31e-452b-a42c-a40c64adfdf5","8e367453-c31e-452b-a42c-a40c64adfdf5","text/plain","Great, thank you!","SKYWAVE_PHASE_4_5","3e05018e-ac79-4b1f-a8d9-079252e4d02a","","-1.0","19:40:11","","",""
"Output","6247c325-5900-4a2f-ae88-725ed3fe46b9","ae367453-c31e-452b-a42c-a40c64adfdf5","8e367453-c31e-452b-a42c-a40c64adfdf5","text/plain","You are welcome. Is there anything else I can help with?","SKYWAVE_PHASE_4_5","c4faf1d3-e595-43de-a4b8-73a3ce9762e8","","-1.0","19:40:14","","",""
"Input","6e5e89c4-5f9d-42c5-a85a-f8a2ca800a48","u648a988-5c8f-4eeb-a5c6-b14d73bd687a","3648a988-5c8f-4eeb-a5c6-b14d73bd687a","text/plain","Whats the weather like in Tokyo?","SKYWAVE_PHASE_4_5","c3f7034d-93cf-400a-a668-d76b704f5114","","-13.0","18:08:00","","",""
"Output","6e5e89c4-5f9d-42c5-a85a-f8a2ca800a48","a648a988-5c8f-4eeb-a5c6-b14d73bd687a","3648a988-5c8f-4eeb-a5c6-b14d73bd687a","text/plain","I can only help with flight bookings and Skywave loyalty questions.","SKYWAVE_PHASE_4_5","6a2878c2-8895-4036-a2e5-dc76128d49c5","","-13.0","18:08:03","","",""
"Input","b168e758-c011-4f80-a8d6-e1982c0c099b","u648a988-5c8f-4eeb-a5c6-b14d73bd687a","3648a988-5c8f-4eeb-a5c6-b14d73bd687a","text/plain","This still is not working, I am frustrated.","SKYWAVE_PHASE_4_5","9a1c004f-5fd6-4263-adfc-0fd3c218ea34","","-13.0","18:10:01","","",""
"Output","b168e758-c011-4f80-a8d6-e1982c0c099b","a648a988-5c8f-4eeb-a5c6-b14d73bd687a","3648a988-5c8f-4eeb-a5c6-b14d73bd687a","text/plain","I am sorry for the inconvenience. I was unable to resolve this for you.","SKYWAVE_PHASE_4_5","395585f2-ac55-4df0-acc1-6d2e829d3370","","-13.0","18:10:05","","",""
"Input","70138f39-68db-4b5a-a323-ad1202fbe590","u648a988-5c8f-4eeb-a5c6-b14d73bd687a","3648a988-5c8f-4eeb-a5c6-b14d73bd687a","text/plain","What is my tier status?","SKYWAVE_PHASE_4_5","fc13044a-9f38-48f3-a86f-743e03f19a7b","","-13.0","18:11:08","","",""
"Output","70138f39-68db-4b5a-a323-ad1202fbe590","a648a988-5c8f-4eeb-a5c6-b14d73bd687a","3648a988-5c8f-4eeb-a5c6-b14d73bd687a","text/plain","You are Gold tier with 14,200 qualifying points this year.","SKYWAVE_PHASE_4_5","5e67f16e-43ed-41d2-a42b-fe4388feb6da","","-13.0","18:11:12","","",""
"Input","f710234c-c804-4c1d-a0e4-cfdbb515690a","u648a988-5c8f-4eeb-a5c6-b14d73bd687a","3648a988-5c8f-4eeb-a5c6-b14d73bd687a","text/plain","Great, thank you!","SKYWAVE_PHASE_4_5","41a5e0de-38db-40cf-af76-465ead108144","","-13.0","18:13:45","","",""
"Output","f710234c-c804-4c1d-a0e4-cfdbb515690a","a648a988-5c8f-4eeb-a5c6-b14d73bd687a","3648a988-5c8f-4eeb-a5c6-b14d73bd687a","text/plain","You are welcome. Is there anything else I can help with?","SKYWAVE_PHASE_4_5","9db07345-1784-465f-a1bd-7f14e03548f1","","-13.0","18:13:49","","",""
"Input","eb4039d4-e4d4-4663-abcd-6c445d584940","u648a988-5c8f-4eeb-a5c6-b14d73bd687a","3648a988-5c8f-4eeb-a5c6-b14d73bd687a","text/plain","My first name is misspelled on my ticket","SKYWAVE_PHASE_4_5","ca4efa9a-a901-42df-a4bf-31bc4374515e","","-13.0","18:14:30","","",""
"Output","eb4039d4-e4d4-4663-abcd-6c445d584940","a648a988-5c8f-4eeb-a5c6-b14d73bd687a","3648a988-5c8f-4eeb-a5c6-b14d73bd687a","text/plain","I have corrected the spelling on your ticket. Please review the updated itinerary.","SKYWAVE_PHASE_4_5","002c0a4a-bd4b-4467-a0ca-53b84ae60c13","","-13.0","18:14:34","","",""
"Input","6b5b09f3-bf8a-4d65-a7dc-bf43974a0fb1","u648a988-5c8f-4eeb-a5c6-b14d73bd687a","3648a988-5c8f-4eeb-a5c6-b14d73bd687a","text/plain","Great, thank you!","SKYWAVE_PHASE_4_5","3a77c590-b4e1-4dc5-a751-60b2cb13cdb2","","-13.0","18:15:37","","",""
"Output","6b5b09f3-bf8a-4d65-a7dc-bf43974a0fb1","a648a988-5c8f-4eeb-a5c6-b14d73bd687a","3648a988-5c8f-4eeb-a5c6-b14d73bd687a","text/plain","You are welcome. Is there anything else I can help with?","SKYWAVE_PHASE_4_5","139c938f-ef03-43c8-aedc-b3ec4a0af179","","-13.0","18:15:40","","",""
"Input","3e8c3875-d221-46e2-afa9-611681020038","u5d1fd02-36b6-487d-a87c-d528a8114087","45d1fd02-36b6-487d-a87c-d528a8114087","text/plain","My first name is misspelled on my ticket","SKYWAVE_PHASE_4_5","49077f31-7d72-4d14-a20e-25c5d2d81d7d","","-10.0","15:04:00","","",""
"Output","3e8c3875-d221-46e2-afa9-611681020038","a5d1fd02-36b6-487d-a87c-d528a8114087","45d1fd02-36b6-487d-a87c-d528a8114087","text/plain","I have corrected the spelling on your ticket. Please review the updated itinerary.","SKYWAVE_PHASE_4_5","530dc8ce-1255-44d2-a197-2c9606c10a11","","-10.0","15:04:02","","",""
"Input","d2732438-e9bd-4ed1-ac3f-64bdb3cae327","u5d1fd02-36b6-487d-a87c-d528a8114087","45d1fd02-36b6-487d-a87c-d528a8114087","text/plain","Great, thank you!","SKYWAVE_PHASE_4_5","e542ce01-a21b-4022-a906-7c7eb09a0a83","","-10.0","15:05:00","","",""
"Output","d2732438-e9bd-4ed1-ac3f-64bdb3cae327","a5d1fd02-36b6-487d-a87c-d528a8114087","45d1fd02-36b6-487d-a87c-d528a8114087","text/plain","You are welcome. Is there anything else I can help with?","SKYWAVE_PHASE_4_5","3ced9e37-252d-44d3-a235-cb3c1438b698","","-10.0","15:05:03","","",""
"Input","5cdb6770-241c-4afc-a150-2a91ceccf295","u4b2d4fa-6cbf-424e-a429-9a7da02e87ec","14b2d4fa-6cbf-424e-a429-9a7da02e87ec","text/plain","What is my tier status?","SKYWAVE_PHASE_4_5","8f92a63e-74fa-4093-a774-a35e86c3f9d4","","-12.0","09:49:00","","",""
"Output","5cdb6770-241c-4afc-a150-2a91ceccf295","a4b2d4fa-6cbf-424e-a429-9a7da02e87ec","14b2d4fa-6cbf-424e-a429-9a7da02e87ec","text/plain","You are Gold tier with 14,200 qualifying points this year.","SKYWAVE_PHASE_4_5","ce21682b-43bd-411f-a618-8fdf4c62b01a","","-12.0","09:49:02","","",""
"Input","8a4d2db4-954f-4ee7-af66-fbb6536ad4f3","u4b2d4fa-6cbf-424e-a429-9a7da02e87ec","14b2d4fa-6cbf-424e-a429-9a7da02e87ec","text/plain","Great, thank you!","SKYWAVE_PHASE_4_5","abbdf17c-cc2b-43d6-a6a3-1ea4e0bde1fb","","-12.0","09:51:18","","",""
"Output","8a4d2db4-954f-4ee7-af66-fbb6536ad4f3","a4b2d4fa-6cbf-424e-a429-9a7da02e87ec","14b2d4fa-6cbf-424e-a429-9a7da02e87ec","text/plain","You are welcome. Is there anything else I can help with?","SKYWAVE_PHASE_4_5","0c662da3-8bf1-4673-a04f-d3518ed177a4","","-12.0","09:51:20","","",""
"Input","9f9da544-6523-4bc9-a7e7-d794b0ef7078","ub1caea2-ad67-4922-af12-83333c219dd7","6b1caea2-ad67-4922-af12-83333c219dd7","text/plain","Tell me a joke","SKYWAVE_PHASE_4_5","5de72f27-50da-4fef-a12a-4ba367688102","","-5.0","16:20:00","","",""
"Output","9f9da544-6523-4bc9-a7e7-d794b0ef7078","ab1caea2-ad67-4922-af12-83333c219dd7","6b1caea2-ad67-4922-af12-83333c219dd7","text/plain","I am a Skywave booking assistant. How can I help with your travel?","SKYWAVE_PHASE_4_5","ec181c70-ef54-4b58-a7c6-0301c0501a3e","","-5.0","16:20:03","","",""
"Input","34d6a226-64b3-42b6-a1e8-34db83e621f4","ub1caea2-ad67-4922-af12-83333c219dd7","6b1caea2-ad67-4922-af12-83333c219dd7","text/plain","Okay.","SKYWAVE_PHASE_4_5","58e7b115-d014-4591-a9e0-411069469582","","-5.0","16:22:55","","",""
"Output","34d6a226-64b3-42b6-a1e8-34db83e621f4","ab1caea2-ad67-4922-af12-83333c219dd7","6b1caea2-ad67-4922-af12-83333c219dd7","text/plain","Understood. Anything else I can help with?","SKYWAVE_PHASE_4_5","a8fef62a-8a9b-43d6-a061-5004c3b5ba78","","-5.0","16:22:58","","",""
"Input","9bb72154-9b25-488f-ab10-5dc91056dfb6","ub1caea2-ad67-4922-af12-83333c219dd7","6b1caea2-ad67-4922-af12-83333c219dd7","text/plain","I want to select seat 1A for my flight","SKYWAVE_PHASE_4_5","41ae5598-fe63-4529-a4c7-aa36de369b76","","-5.0","16:23:17","","",""
"Output","9bb72154-9b25-488f-ab10-5dc91056dfb6","ab1caea2-ad67-4922-af12-83333c219dd7","6b1caea2-ad67-4922-af12-83333c219dd7","text/plain","I was unable to retrieve the seat map automatically and could not assign the seat.","SKYWAVE_PHASE_4_5","f13c850c-7b16-4d94-ae87-c08c3258007b","","-5.0","16:23:21","","",""
"Input","8d13309b-f6a8-4ced-a34c-509841a8d5e6","ub1caea2-ad67-4922-af12-83333c219dd7","6b1caea2-ad67-4922-af12-83333c219dd7","text/plain","This still is not working, I am frustrated.","SKYWAVE_PHASE_4_5","545d2ca0-a83a-4703-a366-de250d44c799","","-5.0","16:24:25","","",""
"Output","8d13309b-f6a8-4ced-a34c-509841a8d5e6","ab1caea2-ad67-4922-af12-83333c219dd7","6b1caea2-ad67-4922-af12-83333c219dd7","text/plain","I am sorry for the inconvenience. I was unable to resolve this for you.","SKYWAVE_PHASE_4_5","237de9a9-9b95-4a19-a767-9b567f124daa","","-5.0","16:24:28","","",""
"Input","d2dbd6ab-80cc-4903-add9-5929e1b1de1c","ub1caea2-ad67-4922-af12-83333c219dd7","6b1caea2-ad67-4922-af12-83333c219dd7","text/plain","Please correct my last name on booking ABC123","SKYWAVE_PHASE_4_5","eafbd56a-966b-4703-a5b1-f9ccc90eb9a4","","-5.0","16:27:12","","",""
"Output","d2dbd6ab-80cc-4903-add9-5929e1b1de1c","ab1caea2-ad67-4922-af12-83333c219dd7","6b1caea2-ad67-4922-af12-83333c219dd7","text/plain","I have updated the passenger name on booking ABC123. A confirmation has been sent.","SKYWAVE_PHASE_4_5","4aa16ca7-be7e-4743-a9a3-a0070386d305","","-5.0","16:27:14","","",""
"Input","cf2fa513-0c96-4a48-a509-94e59348de90","ub1caea2-ad67-4922-af12-83333c219dd7","6b1caea2-ad67-4922-af12-83333c219dd7","text/plain","Great, thank you!","SKYWAVE_PHASE_4_5","68844ae7-1558-4303-a4c1-e33e25e13d9c","","-5.0","16:28:09","","",""
"Output","cf2fa513-0c96-4a48-a509-94e59348de90","ab1caea2-ad67-4922-af12-83333c219dd7","6b1caea2-ad67-4922-af12-83333c219dd7","text/plain","You are welcome. Is there anything else I can help with?","SKYWAVE_PHASE_4_5","b429f850-9703-4cfc-afcc-04aaa27e1efb","","-5.0","16:28:12","","",""
"Input","390164fa-b93f-4aa2-a011-52873bb648ae","ua3c5541-65b0-4bc8-a1ac-6de7f5138679","2a3c5541-65b0-4bc8-a1ac-6de7f5138679","text/plain","Tell me a joke","SKYWAVE_PHASE_4_5","bacb1838-215e-431e-aa74-fe69259a4021","","-10.0","13:44:00","","",""
"Output","390164fa-b93f-4aa2-a011-52873bb648ae","aa3c5541-65b0-4bc8-a1ac-6de7f5138679","2a3c5541-65b0-4bc8-a1ac-6de7f5138679","text/plain","I am a Skywave booking assistant. How can I help with your travel?","SKYWAVE_PHASE_4_5","f936f70a-7053-4ebb-aa8f-772c55b54126","","-10.0","13:44:04","","",""
"Input","3205b77e-f316-4020-a2ed-14886c9ab061","ua3c5541-65b0-4bc8-a1ac-6de7f5138679","2a3c5541-65b0-4bc8-a1ac-6de7f5138679","text/plain","This still is not working, I am frustrated.","SKYWAVE_PHASE_4_5","13d45b6e-71e0-483c-acb8-310394e56cf9","","-10.0","13:44:30","","",""
"Output","3205b77e-f316-4020-a2ed-14886c9ab061","aa3c5541-65b0-4bc8-a1ac-6de7f5138679","2a3c5541-65b0-4bc8-a1ac-6de7f5138679","text/plain","I am sorry for the inconvenience. I was unable to resolve this for you.","SKYWAVE_PHASE_4_5","c62f25b7-5345-4aca-a0f2-9ec469581d14","","-10.0","13:44:34","","",""
"Input","49d49712-5ae9-4588-abac-7cf90d5b19da","ub62c36b-fd29-4e70-a606-6c709dc951d7","fb62c36b-fd29-4e70-a606-6c709dc951d7","text/plain","I want to change my seat to a window seat","SKYWAVE_PHASE_4_5","605dc703-8f87-457a-ac24-0f0ab3e1f9b8","","-1.0","13:51:00","","",""
"Output","49d49712-5ae9-4588-abac-7cf90d5b19da","ab62c36b-fd29-4e70-a606-6c709dc951d7","fb62c36b-fd29-4e70-a606-6c709dc951d7","text/plain","Sorry, I am unable to change your seat right now. Please try again later.","SKYWAVE_PHASE_4_5","3840ec3e-6ba3-4a36-aaa9-4b511469a10d","","-1.0","13:51:03","","",""
"Input","3024b330-463b-4b3a-a5d3-d3282a641cc6","ub62c36b-fd29-4e70-a606-6c709dc951d7","fb62c36b-fd29-4e70-a606-6c709dc951d7","text/plain","This still is not working, I am frustrated.","SKYWAVE_PHASE_4_5","330c6ca6-725e-4fd9-aa9d-92cce3a44fa9","","-1.0","13:52:06","","",""
"Output","3024b330-463b-4b3a-a5d3-d3282a641cc6","ab62c36b-fd29-4e70-a606-6c709dc951d7","fb62c36b-fd29-4e70-a606-6c709dc951d7","text/plain","I am sorry for the inconvenience. I was unable to resolve this for you.","SKYWAVE_PHASE_4_5","eb42f114-4c0e-4eff-a427-1e36514c1e94","","-1.0","13:52:09","","",""
"Input","78c6ad0a-ed4a-4e37-ac41-cf75a3e1ff8a","ub62c36b-fd29-4e70-a606-6c709dc951d7","fb62c36b-fd29-4e70-a606-6c709dc951d7","text/plain","Tell me a joke","SKYWAVE_PHASE_4_5","860b8d1e-b161-460b-ab57-ec7dd54ef1f5","","-1.0","13:52:49","","",""
"Output","78c6ad0a-ed4a-4e37-ac41-cf75a3e1ff8a","ab62c36b-fd29-4e70-a606-6c709dc951d7","fb62c36b-fd29-4e70-a606-6c709dc951d7","text/plain","I am a Skywave booking assistant. How can I help with your travel?","SKYWAVE_PHASE_4_5","22ad7033-a6a5-4ffb-a8bf-93c839fa8fc5","","-1.0","13:52:53","","",""
"Input","bf19615e-4862-48f1-a90b-3991d16f1e1d","ub62c36b-fd29-4e70-a606-6c709dc951d7","fb62c36b-fd29-4e70-a606-6c709dc951d7","text/plain","This still is not working, I am frustrated.","SKYWAVE_PHASE_4_5","681a3c5b-af36-49c7-a3f9-97af16163018","","-1.0","13:56:36","","",""
"Output","bf19615e-4862-48f1-a90b-3991d16f1e1d","ab62c36b-fd29-4e70-a606-6c709dc951d7","fb62c36b-fd29-4e70-a606-6c709dc951d7","text/plain","I am sorry for the inconvenience. I was unable to resolve this for you.","SKYWAVE_PHASE_4_5","9173cf17-b2f0-42c6-acc4-61e7638ba46c","","-1.0","13:56:40","","",""
"Input","2a72545b-0534-46c1-af5b-dd16020b1aea","ud7a7c19-6b2a-4f5b-aab7-2bac527dfd91","2d7a7c19-6b2a-4f5b-aab7-2bac527dfd91","text/plain","Find flights from JFK to HND tomorrow","SKYWAVE_PHASE_4_5","c18d56b8-b1f1-4940-a002-6a01ea550b9f","","-4.0","19:50:00","","",""
"Output","2a72545b-0534-46c1-af5b-dd16020b1aea","ad7a7c19-6b2a-4f5b-aab7-2bac527dfd91","2d7a7c19-6b2a-4f5b-aab7-2bac527dfd91","text/plain","I found 4 flights for that route. The cheapest is SW1200 at 1pm for $1,280.","SKYWAVE_PHASE_4_5","8ee56031-d586-44fa-ac03-52917b373769","","-4.0","19:50:04","","",""
"Input","0f274669-b9bc-46d1-a9f5-a7f5e485f552","ud7a7c19-6b2a-4f5b-aab7-2bac527dfd91","2d7a7c19-6b2a-4f5b-aab7-2bac527dfd91","text/plain","Great, thank you!","SKYWAVE_PHASE_4_5","0b039d66-b81d-4698-a8f1-3e4ad013e6c8","","-4.0","19:50:26","","",""
"Output","0f274669-b9bc-46d1-a9f5-a7f5e485f552","ad7a7c19-6b2a-4f5b-aab7-2bac527dfd91","2d7a7c19-6b2a-4f5b-aab7-2bac527dfd91","text/plain","You are welcome. Is there anything else I can help with?","SKYWAVE_PHASE_4_5","af67cc74-607c-4c23-a9c2-6e127555ed42","","-4.0","19:50:28","","",""
"Input","3ab42500-44c6-4436-a819-ba863514ff75","ue2a4660-a4d7-4bee-a438-d925f4369077","1e2a4660-a4d7-4bee-a438-d925f4369077","text/plain","Can I move from 23B to an aisle seat?","SKYWAVE_PHASE_4_5","9f5a9bfb-f16a-474c-a3fd-baf780df90a9","","-7.0","15:27:00","","",""
"Output","3ab42500-44c6-4436-a819-ba863514ff75","ae2a4660-a4d7-4bee-a438-d925f4369077","1e2a4660-a4d7-4bee-a438-d925f4369077","text/plain","I could not update your seat assignment. Please contact a service agent.","SKYWAVE_PHASE_4_5","ade6748b-8807-4664-ac93-545b5a4f1c3a","","-7.0","15:27:04","","",""
"Input","869487e6-192e-484e-a86c-bc0dd4b0d836","ue2a4660-a4d7-4bee-a438-d925f4369077","1e2a4660-a4d7-4bee-a438-d925f4369077","text/plain","This still is not working, I am frustrated.","SKYWAVE_PHASE_4_5","2ca6655b-6fcb-4692-af05-c5c4dca0852e","","-7.0","15:27:59","","",""
"Output","869487e6-192e-484e-a86c-bc0dd4b0d836","ae2a4660-a4d7-4bee-a438-d925f4369077","1e2a4660-a4d7-4bee-a438-d925f4369077","text/plain","I am sorry for the inconvenience. I was unable to resolve this for you.","SKYWAVE_PHASE_4_5","893a6328-85a9-4f02-a6df-1aee45d9227f","","-7.0","15:28:03","","",""
"Input","cb3ed79c-fa80-4d1e-a926-7518633730a9","u51fc493-e42e-4281-a013-e9233d7a7df0","551fc493-e42e-4281-a013-e9233d7a7df0","text/plain","My first name is misspelled on my ticket","SKYWAVE_PHASE_4_5","91bfa558-9e39-4844-a3f2-efe867fa7616","","-12.0","08:47:00","","",""
"Output","cb3ed79c-fa80-4d1e-a926-7518633730a9","a51fc493-e42e-4281-a013-e9233d7a7df0","551fc493-e42e-4281-a013-e9233d7a7df0","text/plain","I have corrected the spelling on your ticket. Please review the updated itinerary.","SKYWAVE_PHASE_4_5","76f3d987-1359-42dc-a77d-519d7f88a72c","","-12.0","08:47:02","","",""
"Input","cf9882e9-a0da-4c57-a674-d939d35317f4","u51fc493-e42e-4281-a013-e9233d7a7df0","551fc493-e42e-4281-a013-e9233d7a7df0","text/plain","Great, thank you!","SKYWAVE_PHASE_4_5","e6332151-fd76-49ff-a4c5-0443efcc2104","","-12.0","08:49:09","","",""
"Output","cf9882e9-a0da-4c57-a674-d939d35317f4","a51fc493-e42e-4281-a013-e9233d7a7df0","551fc493-e42e-4281-a013-e9233d7a7df0","text/plain","You are welcome. Is there anything else I can help with?","SKYWAVE_PHASE_4_5","ab9d81cf-39de-4fe7-a032-513309599cf1","","-12.0","08:49:11","","",""
"Input","77dd6ed7-32ad-41a8-aefd-1a0e12aee0c4","u51fc493-e42e-4281-a013-e9233d7a7df0","551fc493-e42e-4281-a013-e9233d7a7df0","text/plain","I want to change my seat to a window seat","SKYWAVE_PHASE_4_5","7738306a-eb5f-4620-af7d-e573665b880e","","-12.0","08:50:01","","",""
"Output","77dd6ed7-32ad-41a8-aefd-1a0e12aee0c4","a51fc493-e42e-4281-a013-e9233d7a7df0","551fc493-e42e-4281-a013-e9233d7a7df0","text/plain","Sorry, I am unable to change your seat right now. Please try again later.","SKYWAVE_PHASE_4_5","bd2395fe-d04c-4da9-a34e-9f6159c312b5","","-12.0","08:50:05","","",""
"Input","1aa5dfbf-415a-49ba-a1e3-5df614ca39b9","u51fc493-e42e-4281-a013-e9233d7a7df0","551fc493-e42e-4281-a013-e9233d7a7df0","text/plain","This still is not working, I am frustrated.","SKYWAVE_PHASE_4_5","2d89e399-8df6-423a-ac85-852e0a3740bf","","-12.0","08:50:38","","",""
"Output","1aa5dfbf-415a-49ba-a1e3-5df614ca39b9","a51fc493-e42e-4281-a013-e9233d7a7df0","551fc493-e42e-4281-a013-e9233d7a7df0","text/plain","I am sorry for the inconvenience. I was unable to resolve this for you.","SKYWAVE_PHASE_4_5","c300c370-8193-45bf-a833-cdcef228d0ef","","-12.0","08:50:42","","",""
"Input","e22edae0-e2a5-45c5-acd4-c67776af29a7","u51fc493-e42e-4281-a013-e9233d7a7df0","551fc493-e42e-4281-a013-e9233d7a7df0","text/plain","Cancel my booking ABC123","SKYWAVE_PHASE_4_5","3bfba8a4-942e-4081-a401-d862489e6994","","-12.0","08:51:50","","",""
"Output","e22edae0-e2a5-45c5-acd4-c67776af29a7","a51fc493-e42e-4281-a013-e9233d7a7df0","551fc493-e42e-4281-a013-e9233d7a7df0","text/plain","I have cancelled booking ABC123. A refund of $480 will be issued.","SKYWAVE_PHASE_4_5","0b31207a-e4ea-41ef-af3c-f1b75136eebe","","-12.0","08:51:53","","",""
"Input","58aeb846-370d-4167-a37d-3fc36f43f2aa","u51fc493-e42e-4281-a013-e9233d7a7df0","551fc493-e42e-4281-a013-e9233d7a7df0","text/plain","Great, thank you!","SKYWAVE_PHASE_4_5","6f8e9ed3-d4e9-43aa-ab58-9552ee032ca6","","-12.0","08:52:15","","",""
"Output","58aeb846-370d-4167-a37d-3fc36f43f2aa","a51fc493-e42e-4281-a013-e9233d7a7df0","551fc493-e42e-4281-a013-e9233d7a7df0","text/plain","You are welcome. Is there anything else I can help with?","SKYWAVE_PHASE_4_5","61af4ec4-5c04-4519-a906-c64469dbf6dd","","-12.0","08:52:17","","",""
"Input","05929bfa-49a8-4e6b-a795-089c72596e51","ua028b10-3524-4224-a001-cfea6fbcb3f6","6a028b10-3524-4224-a001-cfea6fbcb3f6","text/plain","My first name is misspelled on my ticket","SKYWAVE_PHASE_4_5","4329ac3e-3e45-48fb-ad30-84bd1ce7f979","","-12.0","18:24:00","","",""
"Output","05929bfa-49a8-4e6b-a795-089c72596e51","aa028b10-3524-4224-a001-cfea6fbcb3f6","6a028b10-3524-4224-a001-cfea6fbcb3f6","text/plain","I have corrected the spelling on your ticket. Please review the updated itinerary.","SKYWAVE_PHASE_4_5","d8991f12-8c25-40c3-af8b-5d2e5f0b1f05","","-12.0","18:24:02","","",""
"Input","48bcde94-4bf5-43dd-ac63-c5037b0114f8","ua028b10-3524-4224-a001-cfea6fbcb3f6","6a028b10-3524-4224-a001-cfea6fbcb3f6","text/plain","Great, thank you!","SKYWAVE_PHASE_4_5","03b8dc86-f830-4ba9-aef6-7d4b53867f02","","-12.0","18:25:16","","",""
"Output","48bcde94-4bf5-43dd-ac63-c5037b0114f8","aa028b10-3524-4224-a001-cfea6fbcb3f6","6a028b10-3524-4224-a001-cfea6fbcb3f6","text/plain","You are welcome. Is there anything else I can help with?","SKYWAVE_PHASE_4_5","b08703fb-6ddf-4bcf-a4a5-49ff119f0493","","-12.0","18:25:18","","",""
"Input","22b4209a-5a3f-4881-a875-7aa31d2ac506","u6c88c4b-90dd-4350-ac31-c63603f4d636","86c88c4b-90dd-4350-ac31-c63603f4d636","text/plain","Find flights from JFK to HND tomorrow","SKYWAVE_PHASE_4_5","c8606e8b-2ed0-4a78-a5ce-46444fa902c9","","-10.0","18:59:00","","",""
"Output","22b4209a-5a3f-4881-a875-7aa31d2ac506","a6c88c4b-90dd-4350-ac31-c63603f4d636","86c88c4b-90dd-4350-ac31-c63603f4d636","text/plain","I found 4 flights for that route. The cheapest is SW1200 at 1pm for $1,280.","SKYWAVE_PHASE_4_5","b3d8af0c-0e28-4b9d-a0d7-f3653b553718","","-10.0","18:59:03","","",""
"Input","f9f2793b-a8fa-497a-a76c-60d86cc1529b","u6c88c4b-90dd-4350-ac31-c63603f4d636","86c88c4b-90dd-4350-ac31-c63603f4d636","text/plain","Great, thank you!","SKYWAVE_PHASE_4_5","b11f85a1-a09d-42d9-acd1-5c700695fb57","","-10.0","19:03:51","","",""
"Output","f9f2793b-a8fa-497a-a76c-60d86cc1529b","a6c88c4b-90dd-4350-ac31-c63603f4d636","86c88c4b-90dd-4350-ac31-c63603f4d636","text/plain","You are welcome. Is there anything else I can help with?","SKYWAVE_PHASE_4_5","189a3a90-2356-46c1-ad35-fea4fc7b8950","","-10.0","19:03:54","","",""
"Input","04155f6d-2418-4f3a-afdf-b8395854bddc","uff5713c-a7a9-4937-a7fc-1a8bd138545e","5ff5713c-a7a9-4937-a7fc-1a8bd138545e","text/plain","Cancel my booking ABC123","SKYWAVE_PHASE_4_5","371e2afc-50ff-4214-a161-f33d7f8b0184","","-13.0","12:42:00","","",""
"Output","04155f6d-2418-4f3a-afdf-b8395854bddc","aff5713c-a7a9-4937-a7fc-1a8bd138545e","5ff5713c-a7a9-4937-a7fc-1a8bd138545e","text/plain","I have cancelled booking ABC123. A refund of $480 will be issued.","SKYWAVE_PHASE_4_5","f3a5c3d1-0d7f-444a-a72d-2cf1948ca9b8","","-13.0","12:42:03","","",""
"Input","14c6aeed-037f-4274-acee-ad6f00f11c8f","uff5713c-a7a9-4937-a7fc-1a8bd138545e","5ff5713c-a7a9-4937-a7fc-1a8bd138545e","text/plain","Great, thank you!","SKYWAVE_PHASE_4_5","25f08d85-c9cc-40f1-a416-f47dcc20bef1","","-13.0","12:44:48","","",""
"Output","14c6aeed-037f-4274-acee-ad6f00f11c8f","aff5713c-a7a9-4937-a7fc-1a8bd138545e","5ff5713c-a7a9-4937-a7fc-1a8bd138545e","text/plain","You are welcome. Is there anything else I can help with?","SKYWAVE_PHASE_4_5","98df1104-5b07-499c-ac8d-a6ea11ba471d","","-13.0","12:44:51","","",""
"Input","b5ae2d4c-f270-4dce-aed3-0d134f3a9e13","uff5713c-a7a9-4937-a7fc-1a8bd138545e","5ff5713c-a7a9-4937-a7fc-1a8bd138545e","text/plain","I want to change my seat to a window seat","SKYWAVE_PHASE_4_5","e1b345d9-ceae-4f1f-af86-f0aeb3b1c148","","-13.0","12:45:51","","",""
"Output","b5ae2d4c-f270-4dce-aed3-0d134f3a9e13","aff5713c-a7a9-4937-a7fc-1a8bd138545e","5ff5713c-a7a9-4937-a7fc-1a8bd138545e","text/plain","Sorry, I am unable to change your seat right now. Please try again later.","SKYWAVE_PHASE_4_5","970c3642-ec37-437b-abf3-9594c62cbb51","","-13.0","12:45:55","","",""
"Input","7cd665eb-7f02-4a6a-acab-579be496a43c","uff5713c-a7a9-4937-a7fc-1a8bd138545e","5ff5713c-a7a9-4937-a7fc-1a8bd138545e","text/plain","This still is not working, I am frustrated.","SKYWAVE_PHASE_4_5","24dbcfcc-e369-4cea-a08b-b23b282914c9","","-13.0","12:46:24","","",""
"Output","7cd665eb-7f02-4a6a-acab-579be496a43c","aff5713c-a7a9-4937-a7fc-1a8bd138545e","5ff5713c-a7a9-4937-a7fc-1a8bd138545e","text/plain","I am sorry for the inconvenience. I was unable to resolve this for you.","SKYWAVE_PHASE_4_5","4894c92e-4785-44f3-ab3c-d8639384df4b","","-13.0","12:46:28","","",""
"Input","432a4fdc-669d-41d9-a6dc-9d6a72547a23","uadde09e-5dbf-4155-ac64-0af353c0a724","badde09e-5dbf-4155-ac64-0af353c0a724","text/plain","Can I move from 23B to an aisle seat?","SKYWAVE_PHASE_4_5","0f5c5b58-ef74-40a3-a37e-5414639d43e6","","-13.0","19:54:00","","",""
"Output","432a4fdc-669d-41d9-a6dc-9d6a72547a23","aadde09e-5dbf-4155-ac64-0af353c0a724","badde09e-5dbf-4155-ac64-0af353c0a724","text/plain","I could not update your seat assignment. Please contact a service agent.","SKYWAVE_PHASE_4_5","49414444-6a6d-4a04-ab02-0f3b4ed5acb5","","-13.0","19:54:02","","",""
"Input","be200337-d72f-45ad-a5c1-c0b651f9a9dd","uadde09e-5dbf-4155-ac64-0af353c0a724","badde09e-5dbf-4155-ac64-0af353c0a724","text/plain","This still is not working, I am frustrated.","SKYWAVE_PHASE_4_5","7f334073-4463-40fe-aea6-1a5ef025f81b","","-13.0","19:54:44","","",""
"Output","be200337-d72f-45ad-a5c1-c0b651f9a9dd","aadde09e-5dbf-4155-ac64-0af353c0a724","badde09e-5dbf-4155-ac64-0af353c0a724","text/plain","I am sorry for the inconvenience. I was unable to resolve this for you.","SKYWAVE_PHASE_4_5","6f5f06e0-768e-4ecf-a529-43c38d12440a","","-13.0","19:54:48","","",""
"Input","fcbd50cd-1814-48d6-a2be-4297745ba016","uadde09e-5dbf-4155-ac64-0af353c0a724","badde09e-5dbf-4155-ac64-0af353c0a724","text/plain","How many miles do I have?","SKYWAVE_PHASE_4_5","f4520af8-4096-4c60-af85-dac03202424f","","-13.0","19:55:54","","",""
"Output","fcbd50cd-1814-48d6-a2be-4297745ba016","aadde09e-5dbf-4155-ac64-0af353c0a724","badde09e-5dbf-4155-ac64-0af353c0a724","text/plain","You currently have 18,450 SkyWave miles. You are at Premier tier.","SKYWAVE_PHASE_4_5","5749aace-7d73-4c90-aa14-5c20a89f7ac2","","-13.0","19:55:57","","",""
"Input","ac836657-543a-4004-ae8d-fafafddcc887","uadde09e-5dbf-4155-ac64-0af353c0a724","badde09e-5dbf-4155-ac64-0af353c0a724","text/plain","Great, thank you!","SKYWAVE_PHASE_4_5","e13b943c-c1e0-4491-a218-28d97968f4c3","","-13.0","19:56:51","","",""
"Output","ac836657-543a-4004-ae8d-fafafddcc887","aadde09e-5dbf-4155-ac64-0af353c0a724","badde09e-5dbf-4155-ac64-0af353c0a724","text/plain","You are welcome. Is there anything else I can help with?","SKYWAVE_PHASE_4_5","b20791b3-8843-47e0-a98f-aa02148f7822","","-13.0","19:56:54","","",""
"Input","1ec082f6-e76f-4544-ab2a-8e14b994f5ec","uadde09e-5dbf-4155-ac64-0af353c0a724","badde09e-5dbf-4155-ac64-0af353c0a724","text/plain","My in-flight wifi did not work, I want a refund","SKYWAVE_PHASE_4_5","a4546efd-c678-4a48-aa67-54c3abb517f6","","-13.0","19:57:39","","",""
"Output","1ec082f6-e76f-4544-ab2a-8e14b994f5ec","aadde09e-5dbf-4155-ac64-0af353c0a724","badde09e-5dbf-4155-ac64-0af353c0a724","text/plain","I have logged your complaint as case 00012346. A refund will be processed.","SKYWAVE_PHASE_4_5","41d7ad2c-803c-47cb-a6dd-b020ada6333b","","-13.0","19:57:41","","",""
"Input","0cfd79ed-230e-46a9-ac05-678adc0ab1da","uadde09e-5dbf-4155-ac64-0af353c0a724","badde09e-5dbf-4155-ac64-0af353c0a724","text/plain","Great, thank you!","SKYWAVE_PHASE_4_5","e63cad2e-eff2-4545-a46f-f22a015b7ec7","","-13.0","19:58:32","","",""
"Output","0cfd79ed-230e-46a9-ac05-678adc0ab1da","aadde09e-5dbf-4155-ac64-0af353c0a724","badde09e-5dbf-4155-ac64-0af353c0a724","text/plain","You are welcome. Is there anything else I can help with?","SKYWAVE_PHASE_4_5","6797e13b-a230-446e-aae7-1a52d46f42f2","","-13.0","19:58:36","","",""
"Input","c3a3a963-ca80-4138-ad11-ba3227c0160f","u58ea171-e9c6-4450-a2c7-c2c0e500b499","458ea171-e9c6-4450-a2c7-c2c0e500b499","text/plain","I want to select seat 1A for my flight","SKYWAVE_PHASE_4_5","465e6ce6-d0dd-47f0-a83c-463dca6a0a2f","","-7.0","13:49:00","","",""
"Output","c3a3a963-ca80-4138-ad11-ba3227c0160f","a58ea171-e9c6-4450-a2c7-c2c0e500b499","458ea171-e9c6-4450-a2c7-c2c0e500b499","text/plain","I was unable to retrieve the seat map automatically and could not assign the seat.","SKYWAVE_PHASE_4_5","563e5e84-0a5a-4d63-a963-869ff353b280","","-7.0","13:49:03","","",""
"Input","a9787d6b-cffb-4fde-a543-8bc76d68198b","u58ea171-e9c6-4450-a2c7-c2c0e500b499","458ea171-e9c6-4450-a2c7-c2c0e500b499","text/plain","This still is not working, I am frustrated.","SKYWAVE_PHASE_4_5","c26eb226-e85c-422b-aacb-d1f43f646853","","-7.0","13:50:07","","",""
"Output","a9787d6b-cffb-4fde-a543-8bc76d68198b","a58ea171-e9c6-4450-a2c7-c2c0e500b499","458ea171-e9c6-4450-a2c7-c2c0e500b499","text/plain","I am sorry for the inconvenience. I was unable to resolve this for you.","SKYWAVE_PHASE_4_5","843e57a7-150d-420a-a356-288dd09ada01","","-7.0","13:50:11","","",""
"Input","1841f7f0-8073-4bae-a943-2f196c5c4fca","u8f532e7-c750-4ed1-aee0-a35571f47700","98f532e7-c750-4ed1-aee0-a35571f47700","text/plain","Cancel my booking ABC123","SKYWAVE_PHASE_4_5","2ce76250-4297-4677-a87f-0b9bdb1dbebf","","-11.0","09:14:00","","",""
"Output","1841f7f0-8073-4bae-a943-2f196c5c4fca","a8f532e7-c750-4ed1-aee0-a35571f47700","98f532e7-c750-4ed1-aee0-a35571f47700","text/plain","I have cancelled booking ABC123. A refund of $480 will be issued.","SKYWAVE_PHASE_4_5","e267e970-7bf8-462f-a503-0b373725b98e","","-11.0","09:14:04","","",""
"Input","f9cc88c4-fcab-47f5-a5ae-063a76cc68fe","u8f532e7-c750-4ed1-aee0-a35571f47700","98f532e7-c750-4ed1-aee0-a35571f47700","text/plain","Great, thank you!","SKYWAVE_PHASE_4_5","5dfd38d6-9c5b-4405-ad36-053abfef9e9c","","-11.0","09:14:59","","",""
"Output","f9cc88c4-fcab-47f5-a5ae-063a76cc68fe","a8f532e7-c750-4ed1-aee0-a35571f47700","98f532e7-c750-4ed1-aee0-a35571f47700","text/plain","You are welcome. Is there anything else I can help with?","SKYWAVE_PHASE_4_5","d41c3ac3-881d-4109-a373-2685d8a15a34","","-11.0","09:15:03","","",""
"Input","a546d30a-096c-4028-aec7-d2a0d1f494ec","u35c4acd-8ae2-4830-ab31-1d287cd61ff4","835c4acd-8ae2-4830-ab31-1d287cd61ff4","text/plain","I want to change my seat to a window seat","SKYWAVE_PHASE_4_5","f1ba402d-1bd4-44d9-a38f-70f4b4b05e81","","-1.0","08:07:00","","",""
"Output","a546d30a-096c-4028-aec7-d2a0d1f494ec","a35c4acd-8ae2-4830-ab31-1d287cd61ff4","835c4acd-8ae2-4830-ab31-1d287cd61ff4","text/plain","Sorry, I am unable to change your seat right now. Please try again later.","SKYWAVE_PHASE_4_5","60f9858c-2a3e-4850-a452-360cd53efc6c","","-1.0","08:07:02","","",""
"Input","c5301998-faa0-4caf-aa8c-8eaf27849e06","u35c4acd-8ae2-4830-ab31-1d287cd61ff4","835c4acd-8ae2-4830-ab31-1d287cd61ff4","text/plain","This still is not working, I am frustrated.","SKYWAVE_PHASE_4_5","fde8daab-faf8-4d7a-af8f-1c87f99d61e1","","-1.0","08:07:19","","",""
"Output","c5301998-faa0-4caf-aa8c-8eaf27849e06","a35c4acd-8ae2-4830-ab31-1d287cd61ff4","835c4acd-8ae2-4830-ab31-1d287cd61ff4","text/plain","I am sorry for the inconvenience. I was unable to resolve this for you.","SKYWAVE_PHASE_4_5","686d2f7c-7a6a-4440-ab64-55641472c313","","-1.0","08:07:22","","",""
"Input","dd792234-e5d9-4093-a741-1c085be7ef1c","u528817f-5027-45a8-ae93-b2a3a0f9d918","2528817f-5027-45a8-ae93-b2a3a0f9d918","text/plain","Find flights from JFK to HND tomorrow","SKYWAVE_PHASE_4_5","4b9f0962-d9be-4ed7-a456-da4d786d00c9","","-14.0","14:02:00","","",""
"Output","dd792234-e5d9-4093-a741-1c085be7ef1c","a528817f-5027-45a8-ae93-b2a3a0f9d918","2528817f-5027-45a8-ae93-b2a3a0f9d918","text/plain","I found 4 flights for that route. The cheapest is SW1200 at 1pm for $1,280.","SKYWAVE_PHASE_4_5","d4d8166d-7c7b-4fdf-aca0-872d5c36f8d4","","-14.0","14:02:02","","",""
"Input","71cbe86d-3ea3-4124-a526-fda41e676e99","u528817f-5027-45a8-ae93-b2a3a0f9d918","2528817f-5027-45a8-ae93-b2a3a0f9d918","text/plain","Great, thank you!","SKYWAVE_PHASE_4_5","619bafb4-47ef-401e-a5ac-715dbaf0226a","","-14.0","14:02:40","","",""
"Output","71cbe86d-3ea3-4124-a526-fda41e676e99","a528817f-5027-45a8-ae93-b2a3a0f9d918","2528817f-5027-45a8-ae93-b2a3a0f9d918","text/plain","You are welcome. Is there anything else I can help with?","SKYWAVE_PHASE_4_5","6283dd8b-0603-4728-a429-a885fba9712a","","-14.0","14:02:42","","",""
"Input","4925a9ce-77c1-4831-abf2-ebeb2ce007a7","ue8c5251-86f7-4996-a2fa-f9b05169799b","4e8c5251-86f7-4996-a2fa-f9b05169799b","text/plain","How many miles do I have?","SKYWAVE_PHASE_4_5","d6aefcb7-b343-49c9-a66c-03caea61affd","","-10.0","16:07:00","","",""
"Output","4925a9ce-77c1-4831-abf2-ebeb2ce007a7","ae8c5251-86f7-4996-a2fa-f9b05169799b","4e8c5251-86f7-4996-a2fa-f9b05169799b","text/plain","You currently have 18,450 SkyWave miles. You are at Premier tier.","SKYWAVE_PHASE_4_5","db12b134-01b7-4cde-a94a-3256175d8ba4","","-10.0","16:07:04","","",""
"Input","efd22c65-e984-4dcd-ae03-f25f032cb963","ue8c5251-86f7-4996-a2fa-f9b05169799b","4e8c5251-86f7-4996-a2fa-f9b05169799b","text/plain","Great, thank you!","SKYWAVE_PHASE_4_5","b55279d5-f9e0-4871-a1be-ff5d6c2764f6","","-10.0","16:08:16","","",""
"Output","efd22c65-e984-4dcd-ae03-f25f032cb963","ae8c5251-86f7-4996-a2fa-f9b05169799b","4e8c5251-86f7-4996-a2fa-f9b05169799b","text/plain","You are welcome. Is there anything else I can help with?","SKYWAVE_PHASE_4_5","28ba21d0-2826-417b-a23c-0f1850af4904","","-10.0","16:08:18","","",""
"Input","2cdb323b-fd29-4ae3-a90c-c72d43332b36","ue8c5251-86f7-4996-a2fa-f9b05169799b","4e8c5251-86f7-4996-a2fa-f9b05169799b","text/plain","Can I move from 23B to an aisle seat?","SKYWAVE_PHASE_4_5","a2e0fc26-220c-46b9-a94c-237db958d048","","-10.0","16:08:50","","",""
"Output","2cdb323b-fd29-4ae3-a90c-c72d43332b36","ae8c5251-86f7-4996-a2fa-f9b05169799b","4e8c5251-86f7-4996-a2fa-f9b05169799b","text/plain","I could not update your seat assignment. Please contact a service agent.","SKYWAVE_PHASE_4_5","57985b95-b0e7-4dd8-aabb-56ee4766164c","","-10.0","16:08:54","","",""
"Input","df5d9e28-0a36-4daa-ade3-f2dd0eac48c3","ue8c5251-86f7-4996-a2fa-f9b05169799b","4e8c5251-86f7-4996-a2fa-f9b05169799b","text/plain","This still is not working, I am frustrated.","SKYWAVE_PHASE_4_5","ef818de0-19b9-44f5-aaac-de61d2d0a186","","-10.0","16:09:44","","",""
"Output","df5d9e28-0a36-4daa-ade3-f2dd0eac48c3","ae8c5251-86f7-4996-a2fa-f9b05169799b","4e8c5251-86f7-4996-a2fa-f9b05169799b","text/plain","I am sorry for the inconvenience. I was unable to resolve this for you.","SKYWAVE_PHASE_4_5","431d7ec8-0df8-4302-a8e0-370c0d791959","","-10.0","16:09:46","","",""
"Input","ac77c889-f6a6-42fc-a618-4c8af5ec8176","u16ecaa3-7a77-44a2-ad74-af6cef306b1b","316ecaa3-7a77-44a2-ad74-af6cef306b1b","text/plain","My in-flight wifi did not work, I want a refund","SKYWAVE_PHASE_4_5","93c7c608-7d65-40d9-aad1-2027ede0e2ab","","-3.0","09:22:00","","",""
"Output","ac77c889-f6a6-42fc-a618-4c8af5ec8176","a16ecaa3-7a77-44a2-ad74-af6cef306b1b","316ecaa3-7a77-44a2-ad74-af6cef306b1b","text/plain","I have logged your complaint as case 00012346. A refund will be processed.","SKYWAVE_PHASE_4_5","084ea2ef-472a-498c-a2cd-ac134571aac2","","-3.0","09:22:03","","",""
"Input","59ea527e-3574-4f8e-ab2a-cde754ce0927","u16ecaa3-7a77-44a2-ad74-af6cef306b1b","316ecaa3-7a77-44a2-ad74-af6cef306b1b","text/plain","Okay.","SKYWAVE_PHASE_4_5","82d46955-ffa8-48fa-a8e3-913f8365a67b","","-3.0","09:23:10","","",""
"Output","59ea527e-3574-4f8e-ab2a-cde754ce0927","a16ecaa3-7a77-44a2-ad74-af6cef306b1b","316ecaa3-7a77-44a2-ad74-af6cef306b1b","text/plain","Understood. Anything else I can help with?","SKYWAVE_PHASE_4_5","7d146c8a-b68a-4d61-a2ef-bea4611cab4c","","-3.0","09:23:13","","",""
"Input","85823f2d-7706-4d2c-a55b-45b4e286c1d7","u9e0fa78-c972-4d91-ad26-6cff9f8884fa","19e0fa78-c972-4d91-ad26-6cff9f8884fa","text/plain","What is my tier status?","SKYWAVE_PHASE_4_5","1847733d-4d61-450e-a849-d9704ea56ced","","-5.0","16:05:00","","",""
"Output","85823f2d-7706-4d2c-a55b-45b4e286c1d7","a9e0fa78-c972-4d91-ad26-6cff9f8884fa","19e0fa78-c972-4d91-ad26-6cff9f8884fa","text/plain","You are Gold tier with 14,200 qualifying points this year.","SKYWAVE_PHASE_4_5","14d46402-9b77-4a2d-a023-23af31292a73","","-5.0","16:05:04","","",""
"Input","abf7f2b2-82a9-4358-a9de-d0c930751de3","u9e0fa78-c972-4d91-ad26-6cff9f8884fa","19e0fa78-c972-4d91-ad26-6cff9f8884fa","text/plain","Great, thank you!","SKYWAVE_PHASE_4_5","8cc3cb69-ab36-40dd-a88c-e41165c254d4","","-5.0","16:08:59","","",""
"Output","abf7f2b2-82a9-4358-a9de-d0c930751de3","a9e0fa78-c972-4d91-ad26-6cff9f8884fa","19e0fa78-c972-4d91-ad26-6cff9f8884fa","text/plain","You are welcome. Is there anything else I can help with?","SKYWAVE_PHASE_4_5","057d44ef-e873-445a-a822-1e2648cae6b8","","-5.0","16:09:03","","",""
"Input","3d0f9c13-e7a7-4ab2-a7c6-1430c2f05f2c","u9e0fa78-c972-4d91-ad26-6cff9f8884fa","19e0fa78-c972-4d91-ad26-6cff9f8884fa","text/plain","Find flights from JFK to HND tomorrow","SKYWAVE_PHASE_4_5","1af6d6f0-7deb-4d81-a8f7-fb3a6e43ce83","","-5.0","16:10:15","","",""
"Output","3d0f9c13-e7a7-4ab2-a7c6-1430c2f05f2c","a9e0fa78-c972-4d91-ad26-6cff9f8884fa","19e0fa78-c972-4d91-ad26-6cff9f8884fa","text/plain","I found 4 flights for that route. The cheapest is SW1200 at 1pm for $1,280.","SKYWAVE_PHASE_4_5","111cb399-1cc6-483e-a967-2d042bdeda35","","-5.0","16:10:17","","",""
"Input","4ec537c4-1742-494b-a9f9-edd1e436d8a5","u9e0fa78-c972-4d91-ad26-6cff9f8884fa","19e0fa78-c972-4d91-ad26-6cff9f8884fa","text/plain","Great, thank you!","SKYWAVE_PHASE_4_5","09609627-00a8-4619-a275-dd3749e04ca8","","-5.0","16:11:13","","",""
"Output","4ec537c4-1742-494b-a9f9-edd1e436d8a5","a9e0fa78-c972-4d91-ad26-6cff9f8884fa","19e0fa78-c972-4d91-ad26-6cff9f8884fa","text/plain","You are welcome. Is there anything else I can help with?","SKYWAVE_PHASE_4_5","e13d7e04-26be-408b-afb7-1d1ab10570df","","-5.0","16:11:17","","",""
"Input","8a19c74c-1fc7-48c2-a7eb-afa7e001964f","ud6797c1-41bb-4ee8-a241-728e445a47fb","4d6797c1-41bb-4ee8-a241-728e445a47fb","text/plain","I lost my luggage in Munich last week, can you help?","SKYWAVE_PHASE_4_5","8891b116-a722-4202-ac51-5af0a704a34e","","-5.0","11:52:00","","",""
"Output","8a19c74c-1fc7-48c2-a7eb-afa7e001964f","ad6797c1-41bb-4ee8-a241-728e445a47fb","4d6797c1-41bb-4ee8-a241-728e445a47fb","text/plain","I have created case 00012345 for your lost luggage. We will contact you within 24 hours.","SKYWAVE_PHASE_4_5","b8fb3514-3601-4b5a-ae77-8d4edaf3e366","","-5.0","11:52:03","","",""
"Input","18806551-382a-4034-a348-391cd161fb0a","ud6797c1-41bb-4ee8-a241-728e445a47fb","4d6797c1-41bb-4ee8-a241-728e445a47fb","text/plain","Okay.","SKYWAVE_PHASE_4_5","89d70854-3154-4ca2-ab9a-fa84090a2469","","-5.0","11:53:03","","",""
"Output","18806551-382a-4034-a348-391cd161fb0a","ad6797c1-41bb-4ee8-a241-728e445a47fb","4d6797c1-41bb-4ee8-a241-728e445a47fb","text/plain","Understood. Anything else I can help with?","SKYWAVE_PHASE_4_5","ffd4dbf3-786e-4f6b-aefb-4bb7dc96ec57","","-5.0","11:53:06","","",""
"Input","a1c8c6bd-e7af-4be7-a4c4-cfe417503939","ud6797c1-41bb-4ee8-a241-728e445a47fb","4d6797c1-41bb-4ee8-a241-728e445a47fb","text/plain","Cancel my booking ABC123","SKYWAVE_PHASE_4_5","8db14d0f-bf55-4d1d-a6fe-84584b282390","","-5.0","11:53:33","","",""
"Output","a1c8c6bd-e7af-4be7-a4c4-cfe417503939","ad6797c1-41bb-4ee8-a241-728e445a47fb","4d6797c1-41bb-4ee8-a241-728e445a47fb","text/plain","I have cancelled booking ABC123. A refund of $480 will be issued.","SKYWAVE_PHASE_4_5","1121385f-bff8-4696-a7cf-5cd9ccdb93dd","","-5.0","11:53:36","","",""
"Input","33cc3041-0af4-4d9a-a4b5-00eff746f558","ud6797c1-41bb-4ee8-a241-728e445a47fb","4d6797c1-41bb-4ee8-a241-728e445a47fb","text/plain","Great, thank you!","SKYWAVE_PHASE_4_5","e577816d-ea96-4b30-ab74-e54f46280087","","-5.0","11:54:00","","",""
"Output","33cc3041-0af4-4d9a-a4b5-00eff746f558","ad6797c1-41bb-4ee8-a241-728e445a47fb","4d6797c1-41bb-4ee8-a241-728e445a47fb","text/plain","You are welcome. Is there anything else I can help with?","SKYWAVE_PHASE_4_5","bdd97699-9081-4912-a0fc-19426253fffc","","-5.0","11:54:03","","",""
"Input","218dba25-db5c-4c00-a0d2-e7fd263bd904","u19436cd-170b-49d9-ae97-ec8bb4c09da2","819436cd-170b-49d9-ae97-ec8bb4c09da2","text/plain","How many miles do I have?","SKYWAVE_PHASE_4_5","a473a513-42c3-4aeb-a7e6-9ec3d16308ac","","-7.0","13:12:00","","",""
"Output","218dba25-db5c-4c00-a0d2-e7fd263bd904","a19436cd-170b-49d9-ae97-ec8bb4c09da2","819436cd-170b-49d9-ae97-ec8bb4c09da2","text/plain","You currently have 18,450 SkyWave miles. You are at Premier tier.","SKYWAVE_PHASE_4_5","c2da2410-14ee-4b3d-a84a-08bde074181e","","-7.0","13:12:02","","",""
"Input","3799cb68-63cf-4166-af43-febfa5a4fe97","u19436cd-170b-49d9-ae97-ec8bb4c09da2","819436cd-170b-49d9-ae97-ec8bb4c09da2","text/plain","Great, thank you!","SKYWAVE_PHASE_4_5","ce46ca2f-3915-472f-a66b-a3a2009d783a","","-7.0","13:13:38","","",""
"Output","3799cb68-63cf-4166-af43-febfa5a4fe97","a19436cd-170b-49d9-ae97-ec8bb4c09da2","819436cd-170b-49d9-ae97-ec8bb4c09da2","text/plain","You are welcome. Is there anything else I can help with?","SKYWAVE_PHASE_4_5","cbf82682-1d7a-4386-acfc-3aa7bca812dd","","-7.0","13:13:42","","",""
"Input","d41e033a-0c0a-4339-a62d-511592c89bc9","u07078b8-8fb7-4d34-af13-a68a82fe164f","707078b8-8fb7-4d34-af13-a68a82fe164f","text/plain","Cancel my booking ABC123","SKYWAVE_PHASE_4_5","c94f2f63-5ad1-4362-adff-3ac7d832adfe","","-1.0","14:16:00","","",""
"Output","d41e033a-0c0a-4339-a62d-511592c89bc9","a07078b8-8fb7-4d34-af13-a68a82fe164f","707078b8-8fb7-4d34-af13-a68a82fe164f","text/plain","I have cancelled booking ABC123. A refund of $480 will be issued.","SKYWAVE_PHASE_4_5","aedc184f-56ee-4419-a29b-e3349ce4b6ba","","-1.0","14:16:03","","",""
"Input","433aa9fa-8836-42b4-afe9-8d43e812989d","u07078b8-8fb7-4d34-af13-a68a82fe164f","707078b8-8fb7-4d34-af13-a68a82fe164f","text/plain","Great, thank you!","SKYWAVE_PHASE_4_5","83331174-de1e-4fee-a5fd-9ef8ac7e2b78","","-1.0","14:19:44","","",""
"Output","433aa9fa-8836-42b4-afe9-8d43e812989d","a07078b8-8fb7-4d34-af13-a68a82fe164f","707078b8-8fb7-4d34-af13-a68a82fe164f","text/plain","You are welcome. Is there anything else I can help with?","SKYWAVE_PHASE_4_5","cb3e3d73-0c2e-4d95-afa0-f1e6f8ec7972","","-1.0","14:19:48","","",""
"Input","4e77d237-c0c7-4c50-ac82-76fec857d519","ub257127-52b3-4b51-a432-a6223a12de55","9b257127-52b3-4b51-a432-a6223a12de55","text/plain","My in-flight wifi did not work, I want a refund","SKYWAVE_PHASE_4_5","cbcd7669-b205-4101-a16a-93dbbd53bbf6","","-14.0","18:07:00","","",""
"Output","4e77d237-c0c7-4c50-ac82-76fec857d519","ab257127-52b3-4b51-a432-a6223a12de55","9b257127-52b3-4b51-a432-a6223a12de55","text/plain","I have logged your complaint as case 00012346. A refund will be processed.","SKYWAVE_PHASE_4_5","38ee6c64-7513-496c-a424-2d375f11c297","","-14.0","18:07:03","","",""
"Input","d12ad135-de08-4cad-a32e-e933ccd66c3e","ub257127-52b3-4b51-a432-a6223a12de55","9b257127-52b3-4b51-a432-a6223a12de55","text/plain","Okay.","SKYWAVE_PHASE_4_5","df3e904a-b3a2-45a5-aa62-22c92de5c42d","","-14.0","18:07:49","","",""
"Output","d12ad135-de08-4cad-a32e-e933ccd66c3e","ab257127-52b3-4b51-a432-a6223a12de55","9b257127-52b3-4b51-a432-a6223a12de55","text/plain","Understood. Anything else I can help with?","SKYWAVE_PHASE_4_5","901ba1a9-90ab-483f-ae22-f88aeadc2923","","-14.0","18:07:52","","",""
"Input","0186add9-253b-4b27-a3d5-5d62d0449584","ub257127-52b3-4b51-a432-a6223a12de55","9b257127-52b3-4b51-a432-a6223a12de55","text/plain","Please correct my last name on booking ABC123","SKYWAVE_PHASE_4_5","3df032e6-ee5e-4829-a313-9b4d417a8868","","-14.0","18:08:22","","",""
"Output","0186add9-253b-4b27-a3d5-5d62d0449584","ab257127-52b3-4b51-a432-a6223a12de55","9b257127-52b3-4b51-a432-a6223a12de55","text/plain","I have updated the passenger name on booking ABC123. A confirmation has been sent.","SKYWAVE_PHASE_4_5","4270fa8d-739a-4265-a144-81c33cc6a7b0","","-14.0","18:08:25","","",""
"Input","567c24ef-5bed-469b-a823-1b23298a93ee","ub257127-52b3-4b51-a432-a6223a12de55","9b257127-52b3-4b51-a432-a6223a12de55","text/plain","Great, thank you!","SKYWAVE_PHASE_4_5","d2d137c8-82d8-44a7-ad28-b3421049dc6e","","-14.0","18:09:21","","",""
"Output","567c24ef-5bed-469b-a823-1b23298a93ee","ab257127-52b3-4b51-a432-a6223a12de55","9b257127-52b3-4b51-a432-a6223a12de55","text/plain","You are welcome. Is there anything else I can help with?","SKYWAVE_PHASE_4_5","e566b11a-7f07-40eb-a6bb-175b8fada5fa","","-14.0","18:09:24","","",""
"Input","2548ea1a-542e-4b7c-a5a6-a8cd7b9b1b35","ufac2bd7-67a0-49b3-a124-2fdb1281c69d","9fac2bd7-67a0-49b3-a124-2fdb1281c69d","text/plain","Cancel my booking ABC123","SKYWAVE_PHASE_4_5","db8b2914-8d85-48e1-a071-12216bcf2f52","","-10.0","12:08:00","","",""
"Output","2548ea1a-542e-4b7c-a5a6-a8cd7b9b1b35","afac2bd7-67a0-49b3-a124-2fdb1281c69d","9fac2bd7-67a0-49b3-a124-2fdb1281c69d","text/plain","I have cancelled booking ABC123. A refund of $480 will be issued.","SKYWAVE_PHASE_4_5","e27334cb-656f-4b80-ab6a-3da9be3acc40","","-10.0","12:08:04","","",""
"Input","efe8e16d-8b2c-43ab-a2f5-8eaf8917b93b","ufac2bd7-67a0-49b3-a124-2fdb1281c69d","9fac2bd7-67a0-49b3-a124-2fdb1281c69d","text/plain","Great, thank you!","SKYWAVE_PHASE_4_5","8694c34a-379c-466f-a151-c78a543763b4","","-10.0","12:09:07","","",""
"Output","efe8e16d-8b2c-43ab-a2f5-8eaf8917b93b","afac2bd7-67a0-49b3-a124-2fdb1281c69d","9fac2bd7-67a0-49b3-a124-2fdb1281c69d","text/plain","You are welcome. Is there anything else I can help with?","SKYWAVE_PHASE_4_5","7e71f5ce-439f-4bbe-abee-d6fee698dd3b","","-10.0","12:09:11","","",""
"Input","26342274-6dc8-4c19-aced-de3c9951a006","u7842372-19ad-4ca1-a978-81b81e5b10d7","47842372-19ad-4ca1-a978-81b81e5b10d7","text/plain","Whats the weather like in Tokyo?","SKYWAVE_PHASE_4_5","d19569bc-e8f9-4fc3-ab0e-946934211b0c","","-7.0","10:09:00","","",""
"Output","26342274-6dc8-4c19-aced-de3c9951a006","a7842372-19ad-4ca1-a978-81b81e5b10d7","47842372-19ad-4ca1-a978-81b81e5b10d7","text/plain","I can only help with flight bookings and Skywave loyalty questions.","SKYWAVE_PHASE_4_5","37b5d63c-671d-41cd-ac7d-f3b70b177a57","","-7.0","10:09:03","","",""
"Input","94734e2b-96f8-4c0d-a4d9-ea1046284db2","u7842372-19ad-4ca1-a978-81b81e5b10d7","47842372-19ad-4ca1-a978-81b81e5b10d7","text/plain","This still is not working, I am frustrated.","SKYWAVE_PHASE_4_5","dd8a5139-4e96-4ce9-a647-983fddb065a9","","-7.0","10:09:28","","",""
"Output","94734e2b-96f8-4c0d-a4d9-ea1046284db2","a7842372-19ad-4ca1-a978-81b81e5b10d7","47842372-19ad-4ca1-a978-81b81e5b10d7","text/plain","I am sorry for the inconvenience. I was unable to resolve this for you.","SKYWAVE_PHASE_4_5","9be8c21e-b028-40f2-af95-b45a492092f8","","-7.0","10:09:31","","",""
"Input","e24156f0-2d4d-41d8-a945-8a0bf6f58365","ueea2b47-6f28-4943-a110-c4a9e6101e23","6eea2b47-6f28-4943-a110-c4a9e6101e23","text/plain","I lost my luggage in Munich last week, can you help?","SKYWAVE_PHASE_4_5","c59f98c5-8750-40ee-ad1f-a6aea68a518b","","-10.0","12:43:00","","",""
"Output","e24156f0-2d4d-41d8-a945-8a0bf6f58365","aeea2b47-6f28-4943-a110-c4a9e6101e23","6eea2b47-6f28-4943-a110-c4a9e6101e23","text/plain","I have created case 00012345 for your lost luggage. We will contact you within 24 hours.","SKYWAVE_PHASE_4_5","f74a808a-ef46-4132-a011-c6a8b40825de","","-10.0","12:43:02","","",""
"Input","663274a4-71e6-4e3b-a538-970cdf899468","ueea2b47-6f28-4943-a110-c4a9e6101e23","6eea2b47-6f28-4943-a110-c4a9e6101e23","text/plain","Okay.","SKYWAVE_PHASE_4_5","60f0c42f-e98f-41bc-a719-216bd608b6e4","","-10.0","12:44:12","","",""
"Output","663274a4-71e6-4e3b-a538-970cdf899468","aeea2b47-6f28-4943-a110-c4a9e6101e23","6eea2b47-6f28-4943-a110-c4a9e6101e23","text/plain","Understood. Anything else I can help with?","SKYWAVE_PHASE_4_5","bbe2e8d7-6b39-4c65-a8a7-94c052302e65","","-10.0","12:44:15","","",""
"Input","a2adce84-d02c-4d91-a943-2da51406acb7","ueea2b47-6f28-4943-a110-c4a9e6101e23","6eea2b47-6f28-4943-a110-c4a9e6101e23","text/plain","My first name is misspelled on my ticket","SKYWAVE_PHASE_4_5","6a1851fd-49ef-401a-a5f5-31efaa70f53a","","-10.0","12:44:36","","",""
"Output","a2adce84-d02c-4d91-a943-2da51406acb7","aeea2b47-6f28-4943-a110-c4a9e6101e23","6eea2b47-6f28-4943-a110-c4a9e6101e23","text/plain","I have corrected the spelling on your ticket. Please review the updated itinerary.","SKYWAVE_PHASE_4_5","c79b430a-49bb-4b3f-a0ff-ecbb121ba1dc","","-10.0","12:44:39","","",""
"Input","4f5875e6-ec0f-4545-a4e1-cee41726836d","ueea2b47-6f28-4943-a110-c4a9e6101e23","6eea2b47-6f28-4943-a110-c4a9e6101e23","text/plain","Great, thank you!","SKYWAVE_PHASE_4_5","5ce1d876-d306-4bfc-a29a-6514f029b93b","","-10.0","12:45:08","","",""
"Output","4f5875e6-ec0f-4545-a4e1-cee41726836d","aeea2b47-6f28-4943-a110-c4a9e6101e23","6eea2b47-6f28-4943-a110-c4a9e6101e23","text/plain","You are welcome. Is there anything else I can help with?","SKYWAVE_PHASE_4_5","e624e4c8-271e-4954-a0d1-8a4051cda780","","-10.0","12:45:12","","",""
"Input","d684cb2d-1323-457b-a0bb-35858d7768eb","ud3ecb44-fdd3-411a-af7e-8b6ec6d3ec39","8d3ecb44-fdd3-411a-af7e-8b6ec6d3ec39","text/plain","Cancel my booking ABC123","SKYWAVE_PHASE_4_5","7e99015b-ddb8-45e9-ab61-d90e7c342fe3","","-7.0","19:52:00","","",""
"Output","d684cb2d-1323-457b-a0bb-35858d7768eb","ad3ecb44-fdd3-411a-af7e-8b6ec6d3ec39","8d3ecb44-fdd3-411a-af7e-8b6ec6d3ec39","text/plain","I have cancelled booking ABC123. A refund of $480 will be issued.","SKYWAVE_PHASE_4_5","cb09754b-9d4d-4830-a50a-be3dc3e5a3dc","","-7.0","19:52:02","","",""
"Input","00f0a3f2-f905-488e-a5b5-018741047530","ud3ecb44-fdd3-411a-af7e-8b6ec6d3ec39","8d3ecb44-fdd3-411a-af7e-8b6ec6d3ec39","text/plain","Great, thank you!","SKYWAVE_PHASE_4_5","d18cadd9-80dd-4f8d-a180-4ca586d78b9d","","-7.0","19:54:30","","",""
"Output","00f0a3f2-f905-488e-a5b5-018741047530","ad3ecb44-fdd3-411a-af7e-8b6ec6d3ec39","8d3ecb44-fdd3-411a-af7e-8b6ec6d3ec39","text/plain","You are welcome. Is there anything else I can help with?","SKYWAVE_PHASE_4_5","c9f52a3d-ada8-48a3-a087-712b8c38057f","","-7.0","19:54:32","","",""
"Input","c6e7f7e5-b747-40ba-a561-ad97bf4d1326","uca74133-6cab-4d06-a0eb-36b1825723ed","0ca74133-6cab-4d06-a0eb-36b1825723ed","text/plain","I want to select seat 1A for my flight","SKYWAVE_PHASE_4_5","ed43aa56-a75f-4f40-a70d-e4f5da0ec439","","-8.0","13:55:00","","",""
"Output","c6e7f7e5-b747-40ba-a561-ad97bf4d1326","aca74133-6cab-4d06-a0eb-36b1825723ed","0ca74133-6cab-4d06-a0eb-36b1825723ed","text/plain","I was unable to retrieve the seat map automatically and could not assign the seat.","SKYWAVE_PHASE_4_5","fcc62c76-1c6a-4c07-aaec-1fb8461feee1","","-8.0","13:55:02","","",""
"Input","32e54e3b-007b-4bed-a3a3-acccf883b33d","uca74133-6cab-4d06-a0eb-36b1825723ed","0ca74133-6cab-4d06-a0eb-36b1825723ed","text/plain","This still is not working, I am frustrated.","SKYWAVE_PHASE_4_5","7bf6e177-4936-4ea4-a87d-3e37b5cb1fef","","-8.0","13:57:19","","",""
"Output","32e54e3b-007b-4bed-a3a3-acccf883b33d","aca74133-6cab-4d06-a0eb-36b1825723ed","0ca74133-6cab-4d06-a0eb-36b1825723ed","text/plain","I am sorry for the inconvenience. I was unable to resolve this for you.","SKYWAVE_PHASE_4_5","25c6d6b9-e92d-41fc-a86e-17817c9a8089","","-8.0","13:57:22","","",""
"Input","461fcecd-af35-496d-afe6-e33799a836e5","uca74133-6cab-4d06-a0eb-36b1825723ed","0ca74133-6cab-4d06-a0eb-36b1825723ed","text/plain","I lost my luggage in Munich last week, can you help?","SKYWAVE_PHASE_4_5","f9d8bca3-8feb-4b87-a3d4-52a144661ed8","","-8.0","14:01:06","","",""
"Output","461fcecd-af35-496d-afe6-e33799a836e5","aca74133-6cab-4d06-a0eb-36b1825723ed","0ca74133-6cab-4d06-a0eb-36b1825723ed","text/plain","I have created case 00012345 for your lost luggage. We will contact you within 24 hours.","SKYWAVE_PHASE_4_5","05c2521f-1117-49f8-a9a4-8109a03792a8","","-8.0","14:01:08","","",""
"Input","ac942208-5871-44e4-a96a-7c3ed46579f5","uca74133-6cab-4d06-a0eb-36b1825723ed","0ca74133-6cab-4d06-a0eb-36b1825723ed","text/plain","Great, thank you!","SKYWAVE_PHASE_4_5","24050efd-7004-4819-ab53-c6f0b14f7c73","","-8.0","14:02:18","","",""
"Output","ac942208-5871-44e4-a96a-7c3ed46579f5","aca74133-6cab-4d06-a0eb-36b1825723ed","0ca74133-6cab-4d06-a0eb-36b1825723ed","text/plain","You are welcome. Is there anything else I can help with?","SKYWAVE_PHASE_4_5","6aa1320d-5c5b-48df-a4f4-7d0f151f235f","","-8.0","14:02:21","","",""
"Input","6136b16c-c113-4ee7-ab24-40ab462ad8e3","u764db21-c10b-40ae-a624-03320ef958c0","f764db21-c10b-40ae-a624-03320ef958c0","text/plain","I lost my luggage in Munich last week, can you help?","SKYWAVE_PHASE_4_5","cec6af25-3b85-4409-a320-4078320c4edd","","-14.0","14:29:00","","",""
"Output","6136b16c-c113-4ee7-ab24-40ab462ad8e3","a764db21-c10b-40ae-a624-03320ef958c0","f764db21-c10b-40ae-a624-03320ef958c0","text/plain","I have created case 00012345 for your lost luggage. We will contact you within 24 hours.","SKYWAVE_PHASE_4_5","62c0cb9b-288c-42f5-a185-e25dde58426a","","-14.0","14:29:03","","",""
"Input","397b5eb0-0f85-45b0-a994-dc088794ca80","u764db21-c10b-40ae-a624-03320ef958c0","f764db21-c10b-40ae-a624-03320ef958c0","text/plain","Okay.","SKYWAVE_PHASE_4_5","4d43766b-157f-4b72-acae-bb50605b9a0f","","-14.0","14:29:39","","",""
"Output","397b5eb0-0f85-45b0-a994-dc088794ca80","a764db21-c10b-40ae-a624-03320ef958c0","f764db21-c10b-40ae-a624-03320ef958c0","text/plain","Understood. Anything else I can help with?","SKYWAVE_PHASE_4_5","1afa2c16-79c5-4aa4-a215-3201021d576b","","-14.0","14:29:42","","",""
"Input","d4a0ea16-70ec-4dc7-a19a-37e8a68cde0c","u8a9eade-fc06-4a4d-a614-723554b90af2","88a9eade-fc06-4a4d-a614-723554b90af2","text/plain","I lost my luggage in Munich last week, can you help?","SKYWAVE_PHASE_4_5","523ebe3d-89fa-4cc0-a9bf-5f881ba3f231","","-6.0","08:02:00","","",""
"Output","d4a0ea16-70ec-4dc7-a19a-37e8a68cde0c","a8a9eade-fc06-4a4d-a614-723554b90af2","88a9eade-fc06-4a4d-a614-723554b90af2","text/plain","I have created case 00012345 for your lost luggage. We will contact you within 24 hours.","SKYWAVE_PHASE_4_5","2f62efb6-c2f0-4727-aa48-8017c980602e","","-6.0","08:02:02","","",""
"Input","e345302f-01d1-4038-ac9b-94af13daa84a","u8a9eade-fc06-4a4d-a614-723554b90af2","88a9eade-fc06-4a4d-a614-723554b90af2","text/plain","Great, thank you!","SKYWAVE_PHASE_4_5","1e2cbeb3-8e2a-4bab-a8c5-f1fb76389f3e","","-6.0","08:02:32","","",""
"Output","e345302f-01d1-4038-ac9b-94af13daa84a","a8a9eade-fc06-4a4d-a614-723554b90af2","88a9eade-fc06-4a4d-a614-723554b90af2","text/plain","You are welcome. Is there anything else I can help with?","SKYWAVE_PHASE_4_5","45845804-952d-49dd-ad5f-8ca183bdea29","","-6.0","08:02:34","","",""
"Input","0dffa12f-b571-4a9c-afaf-92ebdbfabb3d","u8a9eade-fc06-4a4d-a614-723554b90af2","88a9eade-fc06-4a4d-a614-723554b90af2","text/plain","Cancel my booking ABC123","SKYWAVE_PHASE_4_5","ac4ce4d3-3362-417d-a44c-3a47844afe86","","-6.0","08:03:22","","",""
"Output","0dffa12f-b571-4a9c-afaf-92ebdbfabb3d","a8a9eade-fc06-4a4d-a614-723554b90af2","88a9eade-fc06-4a4d-a614-723554b90af2","text/plain","I have cancelled booking ABC123. A refund of $480 will be issued.","SKYWAVE_PHASE_4_5","d0bf4674-e6a0-4289-a91b-03e669442a16","","-6.0","08:03:26","","",""
"Input","7849e8c3-98da-4374-ae31-ed057746785c","u8a9eade-fc06-4a4d-a614-723554b90af2","88a9eade-fc06-4a4d-a614-723554b90af2","text/plain","Great, thank you!","SKYWAVE_PHASE_4_5","d43404e7-9000-44ba-af76-5c444f0b5e00","","-6.0","08:06:32","","",""
"Output","7849e8c3-98da-4374-ae31-ed057746785c","a8a9eade-fc06-4a4d-a614-723554b90af2","88a9eade-fc06-4a4d-a614-723554b90af2","text/plain","You are welcome. Is there anything else I can help with?","SKYWAVE_PHASE_4_5","2d7d5115-8ef4-41af-add8-58c5f08b2c0b","","-6.0","08:06:36","","",""
"Input","a257564e-d0a5-4d34-a28e-42bd0c2c0d69","u3188277-16b4-49dc-ab87-c028c6f9b436","63188277-16b4-49dc-ab87-c028c6f9b436","text/plain","Find flights from JFK to HND tomorrow","SKYWAVE_PHASE_4_5","c5bdd92a-71d4-4aeb-a051-6f2f7f9e88f8","","-9.0","09:05:00","","",""
"Output","a257564e-d0a5-4d34-a28e-42bd0c2c0d69","a3188277-16b4-49dc-ab87-c028c6f9b436","63188277-16b4-49dc-ab87-c028c6f9b436","text/plain","I found 4 flights for that route. The cheapest is SW1200 at 1pm for $1,280.","SKYWAVE_PHASE_4_5","20299d8d-4faf-4e5b-a052-c8a2cc285b3d","","-9.0","09:05:02","","",""
"Input","1f2f44e8-5089-4e12-ab4e-89215964d00e","u3188277-16b4-49dc-ab87-c028c6f9b436","63188277-16b4-49dc-ab87-c028c6f9b436","text/plain","Great, thank you!","SKYWAVE_PHASE_4_5","ec5ba198-d3b0-4537-a3e7-a95833e3db5b","","-9.0","09:08:49","","",""
"Output","1f2f44e8-5089-4e12-ab4e-89215964d00e","a3188277-16b4-49dc-ab87-c028c6f9b436","63188277-16b4-49dc-ab87-c028c6f9b436","text/plain","You are welcome. Is there anything else I can help with?","SKYWAVE_PHASE_4_5","5c793c00-7dbd-4cff-afe4-5531a93517c9","","-9.0","09:08:51","","",""
"Input","9fcb3884-a9a4-4735-a45d-1ea7d47c628f","u3188277-16b4-49dc-ab87-c028c6f9b436","63188277-16b4-49dc-ab87-c028c6f9b436","text/plain","I want to select seat 1A for my flight","SKYWAVE_PHASE_4_5","bfb4d764-d3de-418f-a7ee-4626dde9b1e0","","-9.0","09:09:52","","",""
"Output","9fcb3884-a9a4-4735-a45d-1ea7d47c628f","a3188277-16b4-49dc-ab87-c028c6f9b436","63188277-16b4-49dc-ab87-c028c6f9b436","text/plain","I was unable to retrieve the seat map automatically and could not assign the seat.","SKYWAVE_PHASE_4_5","65ea3f19-792e-4d5f-ab41-9db6c84f307f","","-9.0","09:09:55","","",""
"Input","1d797c4d-0356-422d-a6fb-dd76066ca84a","u3188277-16b4-49dc-ab87-c028c6f9b436","63188277-16b4-49dc-ab87-c028c6f9b436","text/plain","This still is not working, I am frustrated.","SKYWAVE_PHASE_4_5","bf548740-4a7c-4c6d-a815-e7bc1612fa62","","-9.0","09:10:34","","",""
"Output","1d797c4d-0356-422d-a6fb-dd76066ca84a","a3188277-16b4-49dc-ab87-c028c6f9b436","63188277-16b4-49dc-ab87-c028c6f9b436","text/plain","I am sorry for the inconvenience. I was unable to resolve this for you.","SKYWAVE_PHASE_4_5","8baa7eb7-96a5-42e0-ace7-9fe69faa4a15","","-9.0","09:10:37","","",""
"Input","f85bef53-f784-47da-a44f-ff28e8d48a3f","u167672f-b19f-4ce3-ac61-4e41841f4bc1","5167672f-b19f-4ce3-ac61-4e41841f4bc1","text/plain","I want to change my seat to a window seat","SKYWAVE_PHASE_4_5","10188cc1-4ad1-4b9e-af1c-e2303aaf97c7","","-4.0","19:17:00","","",""
"Output","f85bef53-f784-47da-a44f-ff28e8d48a3f","a167672f-b19f-4ce3-ac61-4e41841f4bc1","5167672f-b19f-4ce3-ac61-4e41841f4bc1","text/plain","Sorry, I am unable to change your seat right now. Please try again later.","SKYWAVE_PHASE_4_5","fd7eae56-c1f7-49a0-a3af-d1b04790cc9d","","-4.0","19:17:03","","",""
"Input","1db0a468-1765-4f5a-a7c4-4d07966afb39","u167672f-b19f-4ce3-ac61-4e41841f4bc1","5167672f-b19f-4ce3-ac61-4e41841f4bc1","text/plain","This still is not working, I am frustrated.","SKYWAVE_PHASE_4_5","1f9716a4-32d3-4827-afbd-769ac3221530","","-4.0","19:20:35","","",""
"Output","1db0a468-1765-4f5a-a7c4-4d07966afb39","a167672f-b19f-4ce3-ac61-4e41841f4bc1","5167672f-b19f-4ce3-ac61-4e41841f4bc1","text/plain","I am sorry for the inconvenience. I was unable to resolve this for you.","SKYWAVE_PHASE_4_5","757438c2-3a1e-4c81-a96f-f8b0673e30ac","","-4.0","19:20:38","","",""
"Input","770321a4-2863-47f2-a228-c4c9c78c4518","u167672f-b19f-4ce3-ac61-4e41841f4bc1","5167672f-b19f-4ce3-ac61-4e41841f4bc1","text/plain","Find flights from JFK to HND tomorrow","SKYWAVE_PHASE_4_5","0a9c895a-3bbf-454d-a7ac-d646a0815506","","-4.0","19:21:00","","",""
"Output","770321a4-2863-47f2-a228-c4c9c78c4518","a167672f-b19f-4ce3-ac61-4e41841f4bc1","5167672f-b19f-4ce3-ac61-4e41841f4bc1","text/plain","I found 4 flights for that route. The cheapest is SW1200 at 1pm for $1,280.","SKYWAVE_PHASE_4_5","e8b5aaa2-6004-46af-ab29-42b3cee2683f","","-4.0","19:21:02","","",""
"Input","b8da34eb-c0d4-48a0-af5f-7dba77cde90f","u167672f-b19f-4ce3-ac61-4e41841f4bc1","5167672f-b19f-4ce3-ac61-4e41841f4bc1","text/plain","Great, thank you!","SKYWAVE_PHASE_4_5","962c63a2-659d-4f2c-ade1-9d29bb241983","","-4.0","19:21:49","","",""
"Output","b8da34eb-c0d4-48a0-af5f-7dba77cde90f","a167672f-b19f-4ce3-ac61-4e41841f4bc1","5167672f-b19f-4ce3-ac61-4e41841f4bc1","text/plain","You are welcome. Is there anything else I can help with?","SKYWAVE_PHASE_4_5","943d9578-f017-4508-ac5b-151333e3d77f","","-4.0","19:21:53","","",""
"Input","1b5bc7e3-009d-488e-aa65-b97b2f399737","uf218353-2e3a-43b9-a651-94c5f0889f6a","4f218353-2e3a-43b9-a651-94c5f0889f6a","text/plain","Whats the weather like in Tokyo?","SKYWAVE_PHASE_4_5","89e6e912-9df3-4677-a2ea-58d1413dd0f0","","-14.0","17:53:00","","",""
"Output","1b5bc7e3-009d-488e-aa65-b97b2f399737","af218353-2e3a-43b9-a651-94c5f0889f6a","4f218353-2e3a-43b9-a651-94c5f0889f6a","text/plain","I can only help with flight bookings and Skywave loyalty questions.","SKYWAVE_PHASE_4_5","8da6b003-83ea-470c-a894-4991999e9643","","-14.0","17:53:03","","",""
"Input","6674f601-3069-4cd3-ad53-e9a53fbda5d4","uf218353-2e3a-43b9-a651-94c5f0889f6a","4f218353-2e3a-43b9-a651-94c5f0889f6a","text/plain","This still is not working, I am frustrated.","SKYWAVE_PHASE_4_5","9be0f1ae-306e-4a4b-aae0-f6f9ca1a247c","","-14.0","17:54:04","","",""
"Output","6674f601-3069-4cd3-ad53-e9a53fbda5d4","af218353-2e3a-43b9-a651-94c5f0889f6a","4f218353-2e3a-43b9-a651-94c5f0889f6a","text/plain","I am sorry for the inconvenience. I was unable to resolve this for you.","SKYWAVE_PHASE_4_5","fd965ad1-9663-4927-a020-6fec4602014c","","-14.0","17:54:08","","",""
"Input","02bc5131-b24c-41f7-a26c-ef4de9538944","uf218353-2e3a-43b9-a651-94c5f0889f6a","4f218353-2e3a-43b9-a651-94c5f0889f6a","text/plain","I lost my luggage in Munich last week, can you help?","SKYWAVE_PHASE_4_5","614e6585-85df-4584-a0bf-491263d43042","","-14.0","17:59:04","","",""
"Output","02bc5131-b24c-41f7-a26c-ef4de9538944","af218353-2e3a-43b9-a651-94c5f0889f6a","4f218353-2e3a-43b9-a651-94c5f0889f6a","text/plain","I have created case 00012345 for your lost luggage. We will contact you within 24 hours.","SKYWAVE_PHASE_4_5","7f025cf1-37c2-4d43-afc8-5e5b198f1e67","","-14.0","17:59:06","","",""
"Input","7dd0fa37-3549-41f6-a3b0-454a68b03798","uf218353-2e3a-43b9-a651-94c5f0889f6a","4f218353-2e3a-43b9-a651-94c5f0889f6a","text/plain","Okay.","SKYWAVE_PHASE_4_5","b63171db-e986-45ae-acb4-0220ad9a1861","","-14.0","17:59:28","","",""
"Output","7dd0fa37-3549-41f6-a3b0-454a68b03798","af218353-2e3a-43b9-a651-94c5f0889f6a","4f218353-2e3a-43b9-a651-94c5f0889f6a","text/plain","Understood. Anything else I can help with?","SKYWAVE_PHASE_4_5","ff4cccf9-bdf9-4fe8-a743-f929f2048580","","-14.0","17:59:32","","",""
"Input","4d6db97a-7b45-4895-a98e-812479619894","uf218353-2e3a-43b9-a651-94c5f0889f6a","4f218353-2e3a-43b9-a651-94c5f0889f6a","text/plain","My in-flight wifi did not work, I want a refund","SKYWAVE_PHASE_4_5","cb7ea025-9fb4-4037-ab93-22f47083f56f","","-14.0","18:02:16","","",""
"Output","4d6db97a-7b45-4895-a98e-812479619894","af218353-2e3a-43b9-a651-94c5f0889f6a","4f218353-2e3a-43b9-a651-94c5f0889f6a","text/plain","I have logged your complaint as case 00012346. A refund will be processed.","SKYWAVE_PHASE_4_5","10422b21-68f1-4122-a112-70517a8c2fca","","-14.0","18:02:20","","",""
"Input","9e959ad0-f3a9-422e-a6ef-2c62a575c355","uf218353-2e3a-43b9-a651-94c5f0889f6a","4f218353-2e3a-43b9-a651-94c5f0889f6a","text/plain","Okay.","SKYWAVE_PHASE_4_5","92afe0b7-dca1-4f9a-a4a4-4cd0fa6974ef","","-14.0","18:03:29","","",""
"Output","9e959ad0-f3a9-422e-a6ef-2c62a575c355","af218353-2e3a-43b9-a651-94c5f0889f6a","4f218353-2e3a-43b9-a651-94c5f0889f6a","text/plain","Understood. Anything else I can help with?","SKYWAVE_PHASE_4_5","04077e15-9164-43cf-afa7-ea04f0177639","","-14.0","18:03:33","","",""
"Input","7c80996c-410d-415d-a210-ddcb4025166e","u81d8c21-ab81-4799-ac97-2c2d7080907e","481d8c21-ab81-4799-ac97-2c2d7080907e","text/plain","Can I move from 23B to an aisle seat?","SKYWAVE_PHASE_4_5","d7797395-976f-4dbf-aa85-109a2e63411d","","-10.0","19:11:00","","",""
"Output","7c80996c-410d-415d-a210-ddcb4025166e","a81d8c21-ab81-4799-ac97-2c2d7080907e","481d8c21-ab81-4799-ac97-2c2d7080907e","text/plain","I could not update your seat assignment. Please contact a service agent.","SKYWAVE_PHASE_4_5","595ab9bb-c531-4583-acbf-b52d669d3394","","-10.0","19:11:03","","",""
"Input","8b74a57e-0109-4e23-a78f-11a1a64352de","u81d8c21-ab81-4799-ac97-2c2d7080907e","481d8c21-ab81-4799-ac97-2c2d7080907e","text/plain","This still is not working, I am frustrated.","SKYWAVE_PHASE_4_5","4f373148-705e-48aa-acd2-33a0603dc755","","-10.0","19:12:48","","",""
"Output","8b74a57e-0109-4e23-a78f-11a1a64352de","a81d8c21-ab81-4799-ac97-2c2d7080907e","481d8c21-ab81-4799-ac97-2c2d7080907e","text/plain","I am sorry for the inconvenience. I was unable to resolve this for you.","SKYWAVE_PHASE_4_5","e8af24a4-021d-43a6-ac91-82ccea229545","","-10.0","19:12:52","","",""
"Input","6a43c4c3-e0e1-4079-a0f6-a3683fbb548d","u27bf0c4-d631-4e88-a540-86a1425fb9d6","427bf0c4-d631-4e88-a540-86a1425fb9d6","text/plain","Show me my upcoming bookings","SKYWAVE_PHASE_4_5","38cb5d21-ac3c-44b4-a364-507659b9cc9d","","-14.0","19:38:00","","",""
"Output","6a43c4c3-e0e1-4079-a0f6-a3683fbb548d","a27bf0c4-d631-4e88-a540-86a1425fb9d6","427bf0c4-d631-4e88-a540-86a1425fb9d6","text/plain","You have one upcoming booking — LH 1927 BER-MUC-SFO, confirmed.","SKYWAVE_PHASE_4_5","830e63a6-0520-41d4-a477-c9644684e671","","-14.0","19:38:04","","",""
"Input","cc471b1b-a64a-4815-a067-1476b94c7f18","u27bf0c4-d631-4e88-a540-86a1425fb9d6","427bf0c4-d631-4e88-a540-86a1425fb9d6","text/plain","Great, thank you!","SKYWAVE_PHASE_4_5","fd3643eb-295c-4ee4-ab21-1ff2958adba4","","-14.0","19:38:26","","",""
"Output","cc471b1b-a64a-4815-a067-1476b94c7f18","a27bf0c4-d631-4e88-a540-86a1425fb9d6","427bf0c4-d631-4e88-a540-86a1425fb9d6","text/plain","You are welcome. Is there anything else I can help with?","SKYWAVE_PHASE_4_5","2a6824e8-3149-4838-ac99-d816e97082da","","-14.0","19:38:30","","",""
"Input","a75b4813-a709-4046-a8fc-5fbe32d78959","ua4a996f-8d80-4d4f-af86-311f53621ebd","ea4a996f-8d80-4d4f-af86-311f53621ebd","text/plain","My first name is misspelled on my ticket","SKYWAVE_PHASE_4_5","73efe1eb-113e-41e8-a736-b75dddb47f5f","","-1.0","10:00:00","","",""
"Output","a75b4813-a709-4046-a8fc-5fbe32d78959","aa4a996f-8d80-4d4f-af86-311f53621ebd","ea4a996f-8d80-4d4f-af86-311f53621ebd","text/plain","I have corrected the spelling on your ticket. Please review the updated itinerary.","SKYWAVE_PHASE_4_5","891de558-f568-47ba-a9e0-215d97ea1c06","","-1.0","10:00:04","","",""
"Input","457c2d6e-e61a-45dd-a6a0-2b2168c982ca","ua4a996f-8d80-4d4f-af86-311f53621ebd","ea4a996f-8d80-4d4f-af86-311f53621ebd","text/plain","Great, thank you!","SKYWAVE_PHASE_4_5","76e6f9d9-2123-4f4b-aa6a-1b2a70944811","","-1.0","10:02:59","","",""
"Output","457c2d6e-e61a-45dd-a6a0-2b2168c982ca","aa4a996f-8d80-4d4f-af86-311f53621ebd","ea4a996f-8d80-4d4f-af86-311f53621ebd","text/plain","You are welcome. Is there anything else I can help with?","SKYWAVE_PHASE_4_5","681094dd-bb1a-4d89-a649-2bea401901ce","","-1.0","10:03:03","","",""
"Input","5fb225a0-cda4-41d3-af7b-a9135776f896","u9c7198c-93d7-40f4-a028-ed21d30f9cf3","89c7198c-93d7-40f4-a028-ed21d30f9cf3","text/plain","How many miles do I have?","SKYWAVE_PHASE_4_5","5e0ea684-2cee-4242-a3c1-3151762ef17e","","-8.0","14:01:00","","",""
"Output","5fb225a0-cda4-41d3-af7b-a9135776f896","a9c7198c-93d7-40f4-a028-ed21d30f9cf3","89c7198c-93d7-40f4-a028-ed21d30f9cf3","text/plain","You currently have 18,450 SkyWave miles. You are at Premier tier.","SKYWAVE_PHASE_4_5","fea7c266-8f54-4552-a159-0dbad64ec32b","","-8.0","14:01:02","","",""
"Input","e6e07efd-e814-4c46-a712-09ec761fa935","u9c7198c-93d7-40f4-a028-ed21d30f9cf3","89c7198c-93d7-40f4-a028-ed21d30f9cf3","text/plain","Great, thank you!","SKYWAVE_PHASE_4_5","c114d45b-af08-41e2-a3fd-6f2ce305a732","","-8.0","14:02:04","","",""
"Output","e6e07efd-e814-4c46-a712-09ec761fa935","a9c7198c-93d7-40f4-a028-ed21d30f9cf3","89c7198c-93d7-40f4-a028-ed21d30f9cf3","text/plain","You are welcome. Is there anything else I can help with?","SKYWAVE_PHASE_4_5","53027cd5-fae7-4393-a71b-668ff3abdf7a","","-8.0","14:02:08","","",""
"Input","50b7cf02-da65-4210-a52f-824c0ce79d58","u9c7198c-93d7-40f4-a028-ed21d30f9cf3","89c7198c-93d7-40f4-a028-ed21d30f9cf3","text/plain","How many miles do I have?","SKYWAVE_PHASE_4_5","e909cc85-0512-469d-a7a0-7598aa51b70a","","-8.0","14:03:06","","",""
"Output","50b7cf02-da65-4210-a52f-824c0ce79d58","a9c7198c-93d7-40f4-a028-ed21d30f9cf3","89c7198c-93d7-40f4-a028-ed21d30f9cf3","text/plain","You currently have 18,450 SkyWave miles. You are at Premier tier.","SKYWAVE_PHASE_4_5","c8ae7387-4973-4296-a1c6-5e31167e72f9","","-8.0","14:03:09","","",""
"Input","9d9f26d9-22ad-40ea-aac5-5a68230acf91","u9c7198c-93d7-40f4-a028-ed21d30f9cf3","89c7198c-93d7-40f4-a028-ed21d30f9cf3","text/plain","Great, thank you!","SKYWAVE_PHASE_4_5","2ceec3d4-c68b-4bfb-afb2-970e761f7ee0","","-8.0","14:03:56","","",""
"Output","9d9f26d9-22ad-40ea-aac5-5a68230acf91","a9c7198c-93d7-40f4-a028-ed21d30f9cf3","89c7198c-93d7-40f4-a028-ed21d30f9cf3","text/plain","You are welcome. Is there anything else I can help with?","SKYWAVE_PHASE_4_5","28e4daec-351d-4d20-a609-ebca8c3a1e19","","-8.0","14:03:59","","",""
"Input","a87f3241-c21c-4669-a2e1-9d3c90406dd9","u9c7198c-93d7-40f4-a028-ed21d30f9cf3","89c7198c-93d7-40f4-a028-ed21d30f9cf3","text/plain","I lost my luggage in Munich last week, can you help?","SKYWAVE_PHASE_4_5","12b4d489-4923-4d73-ad97-223b5046ae33","","-8.0","14:08:45","","",""
"Output","a87f3241-c21c-4669-a2e1-9d3c90406dd9","a9c7198c-93d7-40f4-a028-ed21d30f9cf3","89c7198c-93d7-40f4-a028-ed21d30f9cf3","text/plain","I have created case 00012345 for your lost luggage. We will contact you within 24 hours.","SKYWAVE_PHASE_4_5","30151877-edba-4577-ab16-8b662c723971","","-8.0","14:08:48","","",""
"Input","53f31425-ed0d-430e-a975-ff5128ddb66d","u9c7198c-93d7-40f4-a028-ed21d30f9cf3","89c7198c-93d7-40f4-a028-ed21d30f9cf3","text/plain","Okay.","SKYWAVE_PHASE_4_5","bbdb577d-bfd3-4700-acf5-6f7b840fa986","","-8.0","14:09:09","","",""
"Output","53f31425-ed0d-430e-a975-ff5128ddb66d","a9c7198c-93d7-40f4-a028-ed21d30f9cf3","89c7198c-93d7-40f4-a028-ed21d30f9cf3","text/plain","Understood. Anything else I can help with?","SKYWAVE_PHASE_4_5","3a75cab8-3875-48b9-a069-d9bc7ba80bb9","","-8.0","14:09:12","","",""
"Input","4bb5be6e-e0d8-47bf-aecb-6ff2bfc21341","u9b4038e-ca84-4bc0-a6cb-236289b5b4f7","c9b4038e-ca84-4bc0-a6cb-236289b5b4f7","text/plain","Whats the weather like in Tokyo?","SKYWAVE_PHASE_4_5","7f439dbc-c61c-42f6-af37-469349533e7d","","-13.0","11:52:00","","",""
"Output","4bb5be6e-e0d8-47bf-aecb-6ff2bfc21341","a9b4038e-ca84-4bc0-a6cb-236289b5b4f7","c9b4038e-ca84-4bc0-a6cb-236289b5b4f7","text/plain","I can only help with flight bookings and Skywave loyalty questions.","SKYWAVE_PHASE_4_5","277c9537-0afb-42b6-a228-0554bd3698fa","","-13.0","11:52:02","","",""
"Input","b65a98c5-9665-49e6-ab16-43068d6e8463","u9b4038e-ca84-4bc0-a6cb-236289b5b4f7","c9b4038e-ca84-4bc0-a6cb-236289b5b4f7","text/plain","This still is not working, I am frustrated.","SKYWAVE_PHASE_4_5","a2c05910-6ea2-4306-a241-f845c4d32afe","","-13.0","11:53:01","","",""
"Output","b65a98c5-9665-49e6-ab16-43068d6e8463","a9b4038e-ca84-4bc0-a6cb-236289b5b4f7","c9b4038e-ca84-4bc0-a6cb-236289b5b4f7","text/plain","I am sorry for the inconvenience. I was unable to resolve this for you.","SKYWAVE_PHASE_4_5","f05ec4b1-a83f-459e-a8b1-aa5f1849979a","","-13.0","11:53:03","","",""
"Input","423a5125-8145-4e1a-a365-9fabb79e6081","u44eb279-2fde-43c3-a694-a73087fd50d6","244eb279-2fde-43c3-a694-a73087fd50d6","text/plain","Show me my upcoming bookings","SKYWAVE_PHASE_4_5","be345219-88e5-4b08-a05e-e4d1510bf4e1","","-8.0","17:13:00","","",""
"Output","423a5125-8145-4e1a-a365-9fabb79e6081","a44eb279-2fde-43c3-a694-a73087fd50d6","244eb279-2fde-43c3-a694-a73087fd50d6","text/plain","You have one upcoming booking — LH 1927 BER-MUC-SFO, confirmed.","SKYWAVE_PHASE_4_5","44bedf31-105b-4220-ab3a-6d859ccebb95","","-8.0","17:13:04","","",""
"Input","065e517b-20de-417b-a77e-8da50366e1d4","u44eb279-2fde-43c3-a694-a73087fd50d6","244eb279-2fde-43c3-a694-a73087fd50d6","text/plain","Great, thank you!","SKYWAVE_PHASE_4_5","834bbbc1-0b00-4493-a1cc-c481a96b6eee","","-8.0","17:13:28","","",""
"Output","065e517b-20de-417b-a77e-8da50366e1d4","a44eb279-2fde-43c3-a694-a73087fd50d6","244eb279-2fde-43c3-a694-a73087fd50d6","text/plain","You are welcome. Is there anything else I can help with?","SKYWAVE_PHASE_4_5","0e748f92-3c88-4128-a534-e05d1c4b84b4","","-8.0","17:13:32","","",""
"Input","ee423bf5-3b3a-4fd6-ac96-a956aabfd12f","u541ac12-55df-4732-ac1a-dc7afcf66b6e","a541ac12-55df-4732-ac1a-dc7afcf66b6e","text/plain","Find flights from JFK to HND tomorrow","SKYWAVE_PHASE_4_5","444ecb06-ac66-4b96-abdf-70801f81d70a","","-4.0","15:20:00","","",""
"Output","ee423bf5-3b3a-4fd6-ac96-a956aabfd12f","a541ac12-55df-4732-ac1a-dc7afcf66b6e","a541ac12-55df-4732-ac1a-dc7afcf66b6e","text/plain","I found 4 flights for that route. The cheapest is SW1200 at 1pm for $1,280.","SKYWAVE_PHASE_4_5","22e5dc75-291c-4901-ab19-5ff73ff24ae3","","-4.0","15:20:02","","",""
"Input","2cb74aa0-0226-4882-aa1a-6d72b57b09b8","u541ac12-55df-4732-ac1a-dc7afcf66b6e","a541ac12-55df-4732-ac1a-dc7afcf66b6e","text/plain","Great, thank you!","SKYWAVE_PHASE_4_5","cc713211-d702-44ee-acf6-94128c3ab5f8","","-4.0","15:21:10","","",""
"Output","2cb74aa0-0226-4882-aa1a-6d72b57b09b8","a541ac12-55df-4732-ac1a-dc7afcf66b6e","a541ac12-55df-4732-ac1a-dc7afcf66b6e","text/plain","You are welcome. Is there anything else I can help with?","SKYWAVE_PHASE_4_5","5fc746be-130b-4b23-ab91-87c7a48c96fb","","-4.0","15:21:12","","",""
"Input","a8d6026e-db2d-481c-a166-388b57cf4235","u541ac12-55df-4732-ac1a-dc7afcf66b6e","a541ac12-55df-4732-ac1a-dc7afcf66b6e","text/plain","Find flights from JFK to HND tomorrow","SKYWAVE_PHASE_4_5","489e0151-4301-4a13-a162-9e27a69a1788","","-4.0","15:22:06","","",""
"Output","a8d6026e-db2d-481c-a166-388b57cf4235","a541ac12-55df-4732-ac1a-dc7afcf66b6e","a541ac12-55df-4732-ac1a-dc7afcf66b6e","text/plain","I found 4 flights for that route. The cheapest is SW1200 at 1pm for $1,280.","SKYWAVE_PHASE_4_5","3fb9dac4-3577-4f4c-ae81-809d18d51072","","-4.0","15:22:09","","",""
"Input","c601aec0-106d-4745-a4e1-8817afb741ed","u541ac12-55df-4732-ac1a-dc7afcf66b6e","a541ac12-55df-4732-ac1a-dc7afcf66b6e","text/plain","Great, thank you!","SKYWAVE_PHASE_4_5","c2c462d5-99ce-489a-ae70-b28f5e0f6462","","-4.0","15:25:03","","",""
"Output","c601aec0-106d-4745-a4e1-8817afb741ed","a541ac12-55df-4732-ac1a-dc7afcf66b6e","a541ac12-55df-4732-ac1a-dc7afcf66b6e","text/plain","You are welcome. Is there anything else I can help with?","SKYWAVE_PHASE_4_5","d67d4d98-516f-4ee7-a11c-62769799b098","","-4.0","15:25:06","","",""
"Input","6f16ab0c-3ac3-41ed-a460-12d4acfa407f","u541ac12-55df-4732-ac1a-dc7afcf66b6e","a541ac12-55df-4732-ac1a-dc7afcf66b6e","text/plain","I want to change my seat to a window seat","SKYWAVE_PHASE_4_5","4b9b48a0-7704-4b20-a242-956e1940fa00","","-4.0","15:26:12","","",""
"Output","6f16ab0c-3ac3-41ed-a460-12d4acfa407f","a541ac12-55df-4732-ac1a-dc7afcf66b6e","a541ac12-55df-4732-ac1a-dc7afcf66b6e","text/plain","Sorry, I am unable to change your seat right now. Please try again later.","SKYWAVE_PHASE_4_5","d08f1f51-42be-4e8b-a47f-6065e10ad4af","","-4.0","15:26:15","","",""
"Input","1ab1b9c6-afc5-4975-a7cc-6ba62fd6e888","u541ac12-55df-4732-ac1a-dc7afcf66b6e","a541ac12-55df-4732-ac1a-dc7afcf66b6e","text/plain","This still is not working, I am frustrated.","SKYWAVE_PHASE_4_5","ab1d45b4-23b1-4e4c-ac02-765e2acf85f5","","-4.0","15:27:02","","",""
"Output","1ab1b9c6-afc5-4975-a7cc-6ba62fd6e888","a541ac12-55df-4732-ac1a-dc7afcf66b6e","a541ac12-55df-4732-ac1a-dc7afcf66b6e","text/plain","I am sorry for the inconvenience. I was unable to resolve this for you.","SKYWAVE_PHASE_4_5","f9444958-1187-456e-a781-8bf6bb01bc4a","","-4.0","15:27:05","","",""
"Input","36722f33-5099-4c2c-a039-32066685b89b","u5c3ba54-9910-4fde-a0cf-b2fefc8a6051","f5c3ba54-9910-4fde-a0cf-b2fefc8a6051","text/plain","Please correct my last name on booking ABC123","SKYWAVE_PHASE_4_5","8ada837a-a29d-4b31-aaf7-681649006197","","-3.0","12:10:00","","",""
"Output","36722f33-5099-4c2c-a039-32066685b89b","a5c3ba54-9910-4fde-a0cf-b2fefc8a6051","f5c3ba54-9910-4fde-a0cf-b2fefc8a6051","text/plain","I have updated the passenger name on booking ABC123. A confirmation has been sent.","SKYWAVE_PHASE_4_5","ff78c2a5-f88a-41b1-a033-2e46a47e22b4","","-3.0","12:10:02","","",""
"Input","c89277d3-dbbd-4d20-a5d2-88ef251a0111","u5c3ba54-9910-4fde-a0cf-b2fefc8a6051","f5c3ba54-9910-4fde-a0cf-b2fefc8a6051","text/plain","Great, thank you!","SKYWAVE_PHASE_4_5","36f3f02c-aed7-4484-aa29-e0f093446f0d","","-3.0","12:13:45","","",""
"Output","c89277d3-dbbd-4d20-a5d2-88ef251a0111","a5c3ba54-9910-4fde-a0cf-b2fefc8a6051","f5c3ba54-9910-4fde-a0cf-b2fefc8a6051","text/plain","You are welcome. Is there anything else I can help with?","SKYWAVE_PHASE_4_5","1c6587ba-516a-4426-a84b-1c07262e9843","","-3.0","12:13:47","","",""
"Input","6b607f7e-097f-4317-aae2-8b770dce32d8","u7c37d76-81dc-4982-adaa-6552526b047c","97c37d76-81dc-4982-adaa-6552526b047c","text/plain","Show me my upcoming bookings","SKYWAVE_PHASE_4_5","fe68b95b-de43-4702-a176-1907c630013d","","-12.0","18:40:00","","",""
"Output","6b607f7e-097f-4317-aae2-8b770dce32d8","a7c37d76-81dc-4982-adaa-6552526b047c","97c37d76-81dc-4982-adaa-6552526b047c","text/plain","You have one upcoming booking — LH 1927 BER-MUC-SFO, confirmed.","SKYWAVE_PHASE_4_5","909196c7-6c2c-4a6c-a55a-905d5a1d79bb","","-12.0","18:40:03","","",""
"Input","872cdd04-0e8e-4562-a52e-7445dc101891","u7c37d76-81dc-4982-adaa-6552526b047c","97c37d76-81dc-4982-adaa-6552526b047c","text/plain","Great, thank you!","SKYWAVE_PHASE_4_5","2154a63f-12cf-4bea-ae1a-8433f376dacc","","-12.0","18:40:37","","",""
"Output","872cdd04-0e8e-4562-a52e-7445dc101891","a7c37d76-81dc-4982-adaa-6552526b047c","97c37d76-81dc-4982-adaa-6552526b047c","text/plain","You are welcome. Is there anything else I can help with?","SKYWAVE_PHASE_4_5","924ff2d7-859b-414e-a1e5-ce41e6c4eca9","","-12.0","18:40:39","","",""
"Input","22a0a091-a959-4f99-a23a-f5e9dde3043d","u13b5885-470e-4aeb-aa5f-d236c6b16764","613b5885-470e-4aeb-aa5f-d236c6b16764","text/plain","Cancel my booking ABC123","SKYWAVE_PHASE_4_5","a1f6c743-0268-4511-a4de-932ef100215e","","-4.0","16:41:00","","",""
"Output","22a0a091-a959-4f99-a23a-f5e9dde3043d","a13b5885-470e-4aeb-aa5f-d236c6b16764","613b5885-470e-4aeb-aa5f-d236c6b16764","text/plain","I have cancelled booking ABC123. A refund of $480 will be issued.","SKYWAVE_PHASE_4_5","01118427-a931-415b-a529-108e5707b367","","-4.0","16:41:03","","",""
"Input","089b536d-c4cd-4cb2-aa69-915bb68fd8a0","u13b5885-470e-4aeb-aa5f-d236c6b16764","613b5885-470e-4aeb-aa5f-d236c6b16764","text/plain","Great, thank you!","SKYWAVE_PHASE_4_5","72be810d-5553-4435-a8fc-524922ccad14","","-4.0","16:45:58","","",""
"Output","089b536d-c4cd-4cb2-aa69-915bb68fd8a0","a13b5885-470e-4aeb-aa5f-d236c6b16764","613b5885-470e-4aeb-aa5f-d236c6b16764","text/plain","You are welcome. Is there anything else I can help with?","SKYWAVE_PHASE_4_5","ebf16d22-c18e-4411-ab3f-f77af83ca7b7","","-4.0","16:46:02","","",""
"Input","b0d2057c-d417-48e9-a0b4-da161ec94a41","u13b5885-470e-4aeb-aa5f-d236c6b16764","613b5885-470e-4aeb-aa5f-d236c6b16764","text/plain","I lost my luggage in Munich last week, can you help?","SKYWAVE_PHASE_4_5","40518f82-1f44-4ae4-abf4-eb652d5e3049","","-4.0","16:49:06","","",""
"Output","b0d2057c-d417-48e9-a0b4-da161ec94a41","a13b5885-470e-4aeb-aa5f-d236c6b16764","613b5885-470e-4aeb-aa5f-d236c6b16764","text/plain","I have created case 00012345 for your lost luggage. We will contact you within 24 hours.","SKYWAVE_PHASE_4_5","de8ffd68-7c3e-41c4-a90e-8b45d65b98b5","","-4.0","16:49:09","","",""
"Input","4f4212d9-ea88-45df-a962-1fdfadf59a3e","u13b5885-470e-4aeb-aa5f-d236c6b16764","613b5885-470e-4aeb-aa5f-d236c6b16764","text/plain","Okay.","SKYWAVE_PHASE_4_5","287740ab-ad01-4628-a6a5-0b1f64e873bb","","-4.0","16:50:09","","",""
"Output","4f4212d9-ea88-45df-a962-1fdfadf59a3e","a13b5885-470e-4aeb-aa5f-d236c6b16764","613b5885-470e-4aeb-aa5f-d236c6b16764","text/plain","Understood. Anything else I can help with?","SKYWAVE_PHASE_4_5","a8da6ce8-e872-4c45-a9df-b99988c3850c","","-4.0","16:50:13","","",""
"Input","97f24005-09aa-429e-a250-2ac4f7a6fdb0","ub667c0b-94b1-4814-a601-84e8f1fa47bb","eb667c0b-94b1-4814-a601-84e8f1fa47bb","text/plain","What is my tier status?","SKYWAVE_PHASE_4_5","454e1743-1294-4b9c-ab38-98fc9ed637bd","","-12.0","14:08:00","","",""
"Output","97f24005-09aa-429e-a250-2ac4f7a6fdb0","ab667c0b-94b1-4814-a601-84e8f1fa47bb","eb667c0b-94b1-4814-a601-84e8f1fa47bb","text/plain","You are Gold tier with 14,200 qualifying points this year.","SKYWAVE_PHASE_4_5","44a9db3b-00eb-4780-a5cb-faba2d4ea0eb","","-12.0","14:08:04","","",""
"Input","e5e31386-5eb9-40b8-a8a3-43b3811e1638","ub667c0b-94b1-4814-a601-84e8f1fa47bb","eb667c0b-94b1-4814-a601-84e8f1fa47bb","text/plain","Great, thank you!","SKYWAVE_PHASE_4_5","7c2f43fa-a030-4efb-acc0-ccc3bdfc9b47","","-12.0","14:08:34","","",""
"Output","e5e31386-5eb9-40b8-a8a3-43b3811e1638","ab667c0b-94b1-4814-a601-84e8f1fa47bb","eb667c0b-94b1-4814-a601-84e8f1fa47bb","text/plain","You are welcome. Is there anything else I can help with?","SKYWAVE_PHASE_4_5","52559c8f-a5cf-4694-aa94-ee93be9c67e7","","-12.0","14:08:36","","",""
"Input","e81d19a0-427d-4e54-af23-2472b8cb1e5e","ud7a21b6-8cd1-4106-a1a5-ad823089fb7c","3d7a21b6-8cd1-4106-a1a5-ad823089fb7c","text/plain","I want to change my seat to a window seat","SKYWAVE_PHASE_4_5","088087d5-f07d-453d-a296-0eda8c52fb59","","-3.0","12:54:00","","",""
"Output","e81d19a0-427d-4e54-af23-2472b8cb1e5e","ad7a21b6-8cd1-4106-a1a5-ad823089fb7c","3d7a21b6-8cd1-4106-a1a5-ad823089fb7c","text/plain","Sorry, I am unable to change your seat right now. Please try again later.","SKYWAVE_PHASE_4_5","d988e30a-244a-4348-ac05-5f4592502b11","","-3.0","12:54:04","","",""
"Input","eaecde34-730e-4b0a-a7ad-5bfabe55347e","ud7a21b6-8cd1-4106-a1a5-ad823089fb7c","3d7a21b6-8cd1-4106-a1a5-ad823089fb7c","text/plain","This still is not working, I am frustrated.","SKYWAVE_PHASE_4_5","de43f5da-3c7d-4968-ab9e-63500799f618","","-3.0","12:54:50","","",""
"Output","eaecde34-730e-4b0a-a7ad-5bfabe55347e","ad7a21b6-8cd1-4106-a1a5-ad823089fb7c","3d7a21b6-8cd1-4106-a1a5-ad823089fb7c","text/plain","I am sorry for the inconvenience. I was unable to resolve this for you.","SKYWAVE_PHASE_4_5","71a9e3be-bfcb-413c-a1c3-4568445ddea4","","-3.0","12:54:52","","",""
"Input","a8c80924-2540-4fb0-a39a-380d333065e8","ud7a21b6-8cd1-4106-a1a5-ad823089fb7c","3d7a21b6-8cd1-4106-a1a5-ad823089fb7c","text/plain","How many miles do I have?","SKYWAVE_PHASE_4_5","5f210b66-e72b-49de-ab49-98c7493efdc9","","-3.0","12:55:25","","",""
"Output","a8c80924-2540-4fb0-a39a-380d333065e8","ad7a21b6-8cd1-4106-a1a5-ad823089fb7c","3d7a21b6-8cd1-4106-a1a5-ad823089fb7c","text/plain","You currently have 18,450 SkyWave miles. You are at Premier tier.","SKYWAVE_PHASE_4_5","d60c316b-c20d-4fbf-a4ee-4fe2cf0b91ea","","-3.0","12:55:29","","",""
"Input","d0ae5251-e743-4d59-abdf-1593f39b01e2","ud7a21b6-8cd1-4106-a1a5-ad823089fb7c","3d7a21b6-8cd1-4106-a1a5-ad823089fb7c","text/plain","Great, thank you!","SKYWAVE_PHASE_4_5","ca5d2b1c-fd1b-4930-ae6d-d5d5baf9ecfd","","-3.0","12:56:33","","",""
"Output","d0ae5251-e743-4d59-abdf-1593f39b01e2","ad7a21b6-8cd1-4106-a1a5-ad823089fb7c","3d7a21b6-8cd1-4106-a1a5-ad823089fb7c","text/plain","You are welcome. Is there anything else I can help with?","SKYWAVE_PHASE_4_5","f6f40cc6-2848-40f4-a6aa-49e55b827695","","-3.0","12:56:35","","",""
"Input","1f0ba4a8-ec77-46bd-a573-7debe3b72b81","u573935b-c3a3-4bce-aedf-759581de0868","6573935b-c3a3-4bce-aedf-759581de0868","text/plain","I want to select seat 1A for my flight","SKYWAVE_PHASE_4_5","5e618a8e-b942-43c7-af59-c895c5fc315f","","-2.0","08:59:00","","",""
"Output","1f0ba4a8-ec77-46bd-a573-7debe3b72b81","a573935b-c3a3-4bce-aedf-759581de0868","6573935b-c3a3-4bce-aedf-759581de0868","text/plain","I was unable to retrieve the seat map automatically and could not assign the seat.","SKYWAVE_PHASE_4_5","14e16ba4-77dd-446f-a8ac-65844420c973","","-2.0","08:59:03","","",""
"Input","e87b0ef6-c145-4ece-a48b-615b4112ec57","u573935b-c3a3-4bce-aedf-759581de0868","6573935b-c3a3-4bce-aedf-759581de0868","text/plain","This still is not working, I am frustrated.","SKYWAVE_PHASE_4_5","cbccaf93-082c-49ed-ae78-395b241fa565","","-2.0","08:59:59","","",""
"Output","e87b0ef6-c145-4ece-a48b-615b4112ec57","a573935b-c3a3-4bce-aedf-759581de0868","6573935b-c3a3-4bce-aedf-759581de0868","text/plain","I am sorry for the inconvenience. I was unable to resolve this for you.","SKYWAVE_PHASE_4_5","76d0516c-6dd0-4aa1-a87a-c6525f69c3a7","","-2.0","09:00:01","","",""
"Input","fd9eb47d-52aa-4127-aafa-96763d9a12df","ueb34650-5a82-49c1-a085-88c212c04861","7eb34650-5a82-49c1-a085-88c212c04861","text/plain","Please correct my last name on booking ABC123","SKYWAVE_PHASE_4_5","b8a9c448-55dd-4cec-a350-5761511b00ae","","-10.0","09:21:00","","",""
"Output","fd9eb47d-52aa-4127-aafa-96763d9a12df","aeb34650-5a82-49c1-a085-88c212c04861","7eb34650-5a82-49c1-a085-88c212c04861","text/plain","I have updated the passenger name on booking ABC123. A confirmation has been sent.","SKYWAVE_PHASE_4_5","b66ea39e-0918-4244-aa2d-8f6550947214","","-10.0","09:21:02","","",""
"Input","deb5a42c-b8f0-46e0-a004-90f793fd1e31","ueb34650-5a82-49c1-a085-88c212c04861","7eb34650-5a82-49c1-a085-88c212c04861","text/plain","Great, thank you!","SKYWAVE_PHASE_4_5","5be823e2-4a7c-4c3d-a42e-6d9ec2f58c7b","","-10.0","09:22:07","","",""
"Output","deb5a42c-b8f0-46e0-a004-90f793fd1e31","aeb34650-5a82-49c1-a085-88c212c04861","7eb34650-5a82-49c1-a085-88c212c04861","text/plain","You are welcome. Is there anything else I can help with?","SKYWAVE_PHASE_4_5","c5f50032-65b8-453e-acc2-0808e2537e06","","-10.0","09:22:10","","",""
"Input","996a7058-123d-4f9a-ac10-482ea5efd94f","ueb34650-5a82-49c1-a085-88c212c04861","7eb34650-5a82-49c1-a085-88c212c04861","text/plain","I want to change my seat to a window seat","SKYWAVE_PHASE_4_5","88b40b35-dc69-46f1-a1a5-9a49e8ec94b7","","-10.0","09:22:43","","",""
"Output","996a7058-123d-4f9a-ac10-482ea5efd94f","aeb34650-5a82-49c1-a085-88c212c04861","7eb34650-5a82-49c1-a085-88c212c04861","text/plain","Sorry, I am unable to change your seat right now. Please try again later.","SKYWAVE_PHASE_4_5","e37a815b-920d-4c0d-ac2c-a557168685bb","","-10.0","09:22:47","","",""
"Input","aba0394b-a231-4927-a1ad-5471d0b3d006","ueb34650-5a82-49c1-a085-88c212c04861","7eb34650-5a82-49c1-a085-88c212c04861","text/plain","This still is not working, I am frustrated.","SKYWAVE_PHASE_4_5","0f748689-2f90-4956-a9c4-4e072af07238","","-10.0","09:23:04","","",""
"Output","aba0394b-a231-4927-a1ad-5471d0b3d006","aeb34650-5a82-49c1-a085-88c212c04861","7eb34650-5a82-49c1-a085-88c212c04861","text/plain","I am sorry for the inconvenience. I was unable to resolve this for you.","SKYWAVE_PHASE_4_5","a13a3196-770b-4681-a2f5-bca3ee09a902","","-10.0","09:23:06","","",""
"Input","616891b5-4390-4ce6-ad66-248bfc5a2e00","u1ba6983-a7e1-4051-a6ee-dce2b6c0ef6b","31ba6983-a7e1-4051-a6ee-dce2b6c0ef6b","text/plain","Can I move from 23B to an aisle seat?","SKYWAVE_PHASE_4_5","467012df-0e7c-426d-a5ee-24a858f6cb29","","-12.0","09:22:00","","",""
"Output","616891b5-4390-4ce6-ad66-248bfc5a2e00","a1ba6983-a7e1-4051-a6ee-dce2b6c0ef6b","31ba6983-a7e1-4051-a6ee-dce2b6c0ef6b","text/plain","I could not update your seat assignment. Please contact a service agent.","SKYWAVE_PHASE_4_5","d894bd05-ced6-4a67-ad0d-c42059cc0d02","","-12.0","09:22:03","","",""
"Input","5804bd06-2284-4307-a30f-8a27ea5db1e9","u1ba6983-a7e1-4051-a6ee-dce2b6c0ef6b","31ba6983-a7e1-4051-a6ee-dce2b6c0ef6b","text/plain","This still is not working, I am frustrated.","SKYWAVE_PHASE_4_5","68522526-41ad-4bd3-a4c0-39515333ad7c","","-12.0","09:22:47","","",""
"Output","5804bd06-2284-4307-a30f-8a27ea5db1e9","a1ba6983-a7e1-4051-a6ee-dce2b6c0ef6b","31ba6983-a7e1-4051-a6ee-dce2b6c0ef6b","text/plain","I am sorry for the inconvenience. I was unable to resolve this for you.","SKYWAVE_PHASE_4_5","f53edcad-5f18-40f9-ae72-afbd67be4ead","","-12.0","09:22:51","","",""
"Input","7f274c24-24c8-4717-a75d-6d0369790665","u3731351-0c9e-4ef5-a879-2dbe07135d90","73731351-0c9e-4ef5-a879-2dbe07135d90","text/plain","Cancel my booking ABC123","SKYWAVE_PHASE_4_5","ec12adb4-5ae8-4e55-a912-bb1de2f5c151","","-6.0","10:56:00","","",""
"Output","7f274c24-24c8-4717-a75d-6d0369790665","a3731351-0c9e-4ef5-a879-2dbe07135d90","73731351-0c9e-4ef5-a879-2dbe07135d90","text/plain","I have cancelled booking ABC123. A refund of $480 will be issued.","SKYWAVE_PHASE_4_5","7aaf788c-03de-49ab-afef-01181d133999","","-6.0","10:56:03","","",""
"Input","3b8b9686-6665-4667-ad0a-387089d6b627","u3731351-0c9e-4ef5-a879-2dbe07135d90","73731351-0c9e-4ef5-a879-2dbe07135d90","text/plain","Great, thank you!","SKYWAVE_PHASE_4_5","ad1eb7ed-75e7-48b1-a1d0-bf9750135ffa","","-6.0","10:56:43","","",""
"Output","3b8b9686-6665-4667-ad0a-387089d6b627","a3731351-0c9e-4ef5-a879-2dbe07135d90","73731351-0c9e-4ef5-a879-2dbe07135d90","text/plain","You are welcome. Is there anything else I can help with?","SKYWAVE_PHASE_4_5","de739b88-66f1-4cb9-a629-37404fcc5135","","-6.0","10:56:46","","",""
"Input","61299ca8-7828-481e-a16d-90f8f731b241","u7c6a79c-d59f-42ad-ad01-a89520fe1c23","07c6a79c-d59f-42ad-ad01-a89520fe1c23","text/plain","Find flights from JFK to HND tomorrow","SKYWAVE_PHASE_4_5","d0cbb272-9fc7-4f6d-a7b6-b2b941c67243","","-7.0","08:28:00","","",""
"Output","61299ca8-7828-481e-a16d-90f8f731b241","a7c6a79c-d59f-42ad-ad01-a89520fe1c23","07c6a79c-d59f-42ad-ad01-a89520fe1c23","text/plain","I found 4 flights for that route. The cheapest is SW1200 at 1pm for $1,280.","SKYWAVE_PHASE_4_5","be906d17-0bda-4bfb-a5d1-00fd88c4f0ad","","-7.0","08:28:04","","",""
"Input","3c421fd4-4f34-4a85-a125-f540063d677f","u7c6a79c-d59f-42ad-ad01-a89520fe1c23","07c6a79c-d59f-42ad-ad01-a89520fe1c23","text/plain","Great, thank you!","SKYWAVE_PHASE_4_5","a0e64b84-a50f-4642-a3fc-f4b4f257fc48","","-7.0","08:29:09","","",""
"Output","3c421fd4-4f34-4a85-a125-f540063d677f","a7c6a79c-d59f-42ad-ad01-a89520fe1c23","07c6a79c-d59f-42ad-ad01-a89520fe1c23","text/plain","You are welcome. Is there anything else I can help with?","SKYWAVE_PHASE_4_5","b3b8294b-b629-4d43-a6a0-5c79c6c5e828","","-7.0","08:29:13","","",""
"Input","f5d69d3d-662d-4aa5-a669-25a492956ee1","u8c0c818-c539-490a-a92c-7d792ac03808","58c0c818-c539-490a-a92c-7d792ac03808","text/plain","How many miles do I have?","SKYWAVE_PHASE_4_5","8f8d1f53-82ae-43ed-ac23-d5c64f223bf1","","-3.0","10:47:00","","",""
"Output","f5d69d3d-662d-4aa5-a669-25a492956ee1","a8c0c818-c539-490a-a92c-7d792ac03808","58c0c818-c539-490a-a92c-7d792ac03808","text/plain","You currently have 18,450 SkyWave miles. You are at Premier tier.","SKYWAVE_PHASE_4_5","057c32fa-790c-4f34-a010-f46bd5118a8a","","-3.0","10:47:03","","",""
"Input","0b151c3d-51f0-4f87-a61c-9ff5ee4a6e7c","u8c0c818-c539-490a-a92c-7d792ac03808","58c0c818-c539-490a-a92c-7d792ac03808","text/plain","Great, thank you!","SKYWAVE_PHASE_4_5","65890124-d7b1-4d1d-a9ad-28d17a3c0e1e","","-3.0","10:50:32","","",""
"Output","0b151c3d-51f0-4f87-a61c-9ff5ee4a6e7c","a8c0c818-c539-490a-a92c-7d792ac03808","58c0c818-c539-490a-a92c-7d792ac03808","text/plain","You are welcome. Is there anything else I can help with?","SKYWAVE_PHASE_4_5","0027c4c5-ecc3-4c71-a0c1-00fdf7bd55e4","","-3.0","10:50:35","","",""
"Input","0f11262b-8d28-4ba1-a0bb-24cd7af82524","u8c0c818-c539-490a-a92c-7d792ac03808","58c0c818-c539-490a-a92c-7d792ac03808","text/plain","How many miles do I have?","SKYWAVE_PHASE_4_5","fff76c9a-2aa8-4d2f-a8f5-ec5d6f88a43b","","-3.0","10:50:59","","",""
"Output","0f11262b-8d28-4ba1-a0bb-24cd7af82524","a8c0c818-c539-490a-a92c-7d792ac03808","58c0c818-c539-490a-a92c-7d792ac03808","text/plain","You currently have 18,450 SkyWave miles. You are at Premier tier.","SKYWAVE_PHASE_4_5","2284ebfd-4296-44ac-a6fc-d341357291f5","","-3.0","10:51:01","","",""
"Input","b0aa5211-2814-4771-add6-2c2a03ab959c","u8c0c818-c539-490a-a92c-7d792ac03808","58c0c818-c539-490a-a92c-7d792ac03808","text/plain","Great, thank you!","SKYWAVE_PHASE_4_5","0d3c4709-4f10-4810-ac22-e22ad2ca9fc2","","-3.0","10:51:57","","",""
"Output","b0aa5211-2814-4771-add6-2c2a03ab959c","a8c0c818-c539-490a-a92c-7d792ac03808","58c0c818-c539-490a-a92c-7d792ac03808","text/plain","You are welcome. Is there anything else I can help with?","SKYWAVE_PHASE_4_5","a76c7be3-8e19-4ad9-a199-0678ea58aa02","","-3.0","10:52:01","","",""
"Input","7b40f8c3-d8f3-4e05-a4d4-b9b47cb48cf8","u8c0c818-c539-490a-a92c-7d792ac03808","58c0c818-c539-490a-a92c-7d792ac03808","text/plain","I want to change my seat to a window seat","SKYWAVE_PHASE_4_5","58c70ab1-f2ee-4263-af06-fca659e5793f","","-3.0","10:53:13","","",""
"Output","7b40f8c3-d8f3-4e05-a4d4-b9b47cb48cf8","a8c0c818-c539-490a-a92c-7d792ac03808","58c0c818-c539-490a-a92c-7d792ac03808","text/plain","Sorry, I am unable to change your seat right now. Please try again later.","SKYWAVE_PHASE_4_5","c6c25188-2995-4d72-a1b7-f934d1fe7b9c","","-3.0","10:53:15","","",""
"Input","6b69e358-260b-4395-a5d2-563ae8af9682","u8c0c818-c539-490a-a92c-7d792ac03808","58c0c818-c539-490a-a92c-7d792ac03808","text/plain","This still is not working, I am frustrated.","SKYWAVE_PHASE_4_5","40ac6150-2c25-476f-a51b-30d7d7df5359","","-3.0","10:57:42","","",""
"Output","6b69e358-260b-4395-a5d2-563ae8af9682","a8c0c818-c539-490a-a92c-7d792ac03808","58c0c818-c539-490a-a92c-7d792ac03808","text/plain","I am sorry for the inconvenience. I was unable to resolve this for you.","SKYWAVE_PHASE_4_5","abcd4cde-2c44-4950-aad2-95d5019375be","","-3.0","10:57:45","","",""
"Input","f082d7cf-48bf-4f7b-a31b-db9c06aa7f87","u2280af3-fd2f-407e-a3b2-de90428b6cdf","02280af3-fd2f-407e-a3b2-de90428b6cdf","text/plain","Can I move from 23B to an aisle seat?","SKYWAVE_PHASE_4_5","fdefcd94-89f1-4583-ad05-546ec47f87d8","","-14.0","13:41:00","","",""
"Output","f082d7cf-48bf-4f7b-a31b-db9c06aa7f87","a2280af3-fd2f-407e-a3b2-de90428b6cdf","02280af3-fd2f-407e-a3b2-de90428b6cdf","text/plain","I could not update your seat assignment. Please contact a service agent.","SKYWAVE_PHASE_4_5","7246d5fa-6661-4070-ab8a-dc3684bf0e3d","","-14.0","13:41:03","","",""
"Input","75038fdc-cc87-4660-a727-68c70ab3ed6c","u2280af3-fd2f-407e-a3b2-de90428b6cdf","02280af3-fd2f-407e-a3b2-de90428b6cdf","text/plain","This still is not working, I am frustrated.","SKYWAVE_PHASE_4_5","46112cae-050c-4645-a6fd-03c06fc17fe4","","-14.0","13:42:00","","",""
"Output","75038fdc-cc87-4660-a727-68c70ab3ed6c","a2280af3-fd2f-407e-a3b2-de90428b6cdf","02280af3-fd2f-407e-a3b2-de90428b6cdf","text/plain","I am sorry for the inconvenience. I was unable to resolve this for you.","SKYWAVE_PHASE_4_5","9b637aae-c5be-4c90-ac47-be229387e579","","-14.0","13:42:04","","",""
"Input","3a32d093-b354-456e-a7df-33a7279e51ef","u2280af3-fd2f-407e-a3b2-de90428b6cdf","02280af3-fd2f-407e-a3b2-de90428b6cdf","text/plain","Can I move from 23B to an aisle seat?","SKYWAVE_PHASE_4_5","691ee467-7df0-4103-a4d3-d7903c571dc8","","-14.0","13:44:39","","",""
"Output","3a32d093-b354-456e-a7df-33a7279e51ef","a2280af3-fd2f-407e-a3b2-de90428b6cdf","02280af3-fd2f-407e-a3b2-de90428b6cdf","text/plain","I could not update your seat assignment. Please contact a service agent.","SKYWAVE_PHASE_4_5","fc6f5d4e-d45d-4266-a3ec-608622ca34b9","","-14.0","13:44:42","","",""
"Input","2293a008-b9e6-42e4-a3bb-1064a07f6a38","u2280af3-fd2f-407e-a3b2-de90428b6cdf","02280af3-fd2f-407e-a3b2-de90428b6cdf","text/plain","This still is not working, I am frustrated.","SKYWAVE_PHASE_4_5","dcab23da-a62f-4d6d-a544-defbcdc8f9a2","","-14.0","13:45:18","","",""
"Output","2293a008-b9e6-42e4-a3bb-1064a07f6a38","a2280af3-fd2f-407e-a3b2-de90428b6cdf","02280af3-fd2f-407e-a3b2-de90428b6cdf","text/plain","I am sorry for the inconvenience. I was unable to resolve this for you.","SKYWAVE_PHASE_4_5","587a44c3-8d41-41cc-a69b-84d1b0bf0bd1","","-14.0","13:45:22","","",""
"Input","b59c2e5c-a8aa-454a-ae69-7446709b1d2f","u4fdb351-5019-4e06-a3ad-b65984fca5db","b4fdb351-5019-4e06-a3ad-b65984fca5db","text/plain","Show me my upcoming bookings","SKYWAVE_PHASE_4_5","7b4a2b1e-279e-420a-ad52-a4be97599f69","","-3.0","12:55:00","","",""
"Output","b59c2e5c-a8aa-454a-ae69-7446709b1d2f","a4fdb351-5019-4e06-a3ad-b65984fca5db","b4fdb351-5019-4e06-a3ad-b65984fca5db","text/plain","You have one upcoming booking — LH 1927 BER-MUC-SFO, confirmed.","SKYWAVE_PHASE_4_5","f6d0b24a-acb3-4d6d-af6d-68447d9015bf","","-3.0","12:55:02","","",""
"Input","472af0eb-feb8-43dd-a2f7-435811fe92ac","u4fdb351-5019-4e06-a3ad-b65984fca5db","b4fdb351-5019-4e06-a3ad-b65984fca5db","text/plain","Great, thank you!","SKYWAVE_PHASE_4_5","baf0535c-b307-4db6-af39-5d73e28aad71","","-3.0","12:58:22","","",""
"Output","472af0eb-feb8-43dd-a2f7-435811fe92ac","a4fdb351-5019-4e06-a3ad-b65984fca5db","b4fdb351-5019-4e06-a3ad-b65984fca5db","text/plain","You are welcome. Is there anything else I can help with?","SKYWAVE_PHASE_4_5","6973f7d1-b240-458e-a726-166e1596b7a1","","-3.0","12:58:24","","",""
"Input","46e68df9-8cd5-487f-a6a9-210c4e7509a7","u4fdb351-5019-4e06-a3ad-b65984fca5db","b4fdb351-5019-4e06-a3ad-b65984fca5db","text/plain","I lost my luggage in Munich last week, can you help?","SKYWAVE_PHASE_4_5","20154f48-568f-4588-a75b-9dad592820cd","","-3.0","13:00:13","","",""
"Output","46e68df9-8cd5-487f-a6a9-210c4e7509a7","a4fdb351-5019-4e06-a3ad-b65984fca5db","b4fdb351-5019-4e06-a3ad-b65984fca5db","text/plain","I have created case 00012345 for your lost luggage. We will contact you within 24 hours.","SKYWAVE_PHASE_4_5","261946f9-af29-4735-a1e9-3e43ccbc93d2","","-3.0","13:00:17","","",""
"Input","f74a9495-1447-479a-a1fa-b59a6026dbd1","u4fdb351-5019-4e06-a3ad-b65984fca5db","b4fdb351-5019-4e06-a3ad-b65984fca5db","text/plain","Okay.","SKYWAVE_PHASE_4_5","899ef1dc-8688-4778-afc0-c7f61ad5e2ed","","-3.0","13:02:35","","",""
"Output","f74a9495-1447-479a-a1fa-b59a6026dbd1","a4fdb351-5019-4e06-a3ad-b65984fca5db","b4fdb351-5019-4e06-a3ad-b65984fca5db","text/plain","Understood. Anything else I can help with?","SKYWAVE_PHASE_4_5","497a5be2-3f00-443b-aa2c-c8aac81df37c","","-3.0","13:02:37","","",""
"Input","74f1e031-a89f-44af-a1e8-802a3653e663","u2ce0776-4d5e-49fd-a5e5-567acdfeb10e","d2ce0776-4d5e-49fd-a5e5-567acdfeb10e","text/plain","What is my tier status?","SKYWAVE_PHASE_4_5","f9d3d4a5-fb3e-4941-a44c-76123ae47bc6","","-11.0","14:30:00","","",""
"Output","74f1e031-a89f-44af-a1e8-802a3653e663","a2ce0776-4d5e-49fd-a5e5-567acdfeb10e","d2ce0776-4d5e-49fd-a5e5-567acdfeb10e","text/plain","You are Gold tier with 14,200 qualifying points this year.","SKYWAVE_PHASE_4_5","8fc3a969-6f88-423b-a1e6-d4da131127a7","","-11.0","14:30:02","","",""
"Input","1075ec8b-0800-4c7e-a77d-79246e2dbcf5","u2ce0776-4d5e-49fd-a5e5-567acdfeb10e","d2ce0776-4d5e-49fd-a5e5-567acdfeb10e","text/plain","Great, thank you!","SKYWAVE_PHASE_4_5","ffb1e7b3-20a6-4f7d-a55f-6f8a2e3d4251","","-11.0","14:30:47","","",""
"Output","1075ec8b-0800-4c7e-a77d-79246e2dbcf5","a2ce0776-4d5e-49fd-a5e5-567acdfeb10e","d2ce0776-4d5e-49fd-a5e5-567acdfeb10e","text/plain","You are welcome. Is there anything else I can help with?","SKYWAVE_PHASE_4_5","355aa5a5-08c4-42c1-a1b5-ef66ef0d5088","","-11.0","14:30:49","","",""
"Input","a287e8fd-49b4-48fa-aad8-cd03940412c0","u2ce0776-4d5e-49fd-a5e5-567acdfeb10e","d2ce0776-4d5e-49fd-a5e5-567acdfeb10e","text/plain","I want to change my seat to a window seat","SKYWAVE_PHASE_4_5","5e00e089-ddfb-44ed-ac07-12a9c580aa73","","-11.0","14:31:11","","",""
"Output","a287e8fd-49b4-48fa-aad8-cd03940412c0","a2ce0776-4d5e-49fd-a5e5-567acdfeb10e","d2ce0776-4d5e-49fd-a5e5-567acdfeb10e","text/plain","Sorry, I am unable to change your seat right now. Please try again later.","SKYWAVE_PHASE_4_5","3f6652cf-e547-498c-ad15-28541fa29ddc","","-11.0","14:31:13","","",""
"Input","3c9049a8-6caa-4c5c-a195-d6c7609471a3","u2ce0776-4d5e-49fd-a5e5-567acdfeb10e","d2ce0776-4d5e-49fd-a5e5-567acdfeb10e","text/plain","This still is not working, I am frustrated.","SKYWAVE_PHASE_4_5","084e6f70-01e9-4435-a54c-a973bfaaa9cc","","-11.0","14:34:02","","",""
"Output","3c9049a8-6caa-4c5c-a195-d6c7609471a3","a2ce0776-4d5e-49fd-a5e5-567acdfeb10e","d2ce0776-4d5e-49fd-a5e5-567acdfeb10e","text/plain","I am sorry for the inconvenience. I was unable to resolve this for you.","SKYWAVE_PHASE_4_5","e334eedd-f26c-40c5-aad4-b68883bc26ff","","-11.0","14:34:05","","",""
"Input","00ebcfeb-2fb9-4601-abce-f0b817854cef","ud0adb63-3c3e-4c08-a8b2-6827b21d8f14","cd0adb63-3c3e-4c08-a8b2-6827b21d8f14","text/plain","Cancel my booking ABC123","SKYWAVE_PHASE_4_5","36a96c46-f521-45da-aa59-156dbfac4e02","","-11.0","17:57:00","","",""
"Output","00ebcfeb-2fb9-4601-abce-f0b817854cef","ad0adb63-3c3e-4c08-a8b2-6827b21d8f14","cd0adb63-3c3e-4c08-a8b2-6827b21d8f14","text/plain","I have cancelled booking ABC123. A refund of $480 will be issued.","SKYWAVE_PHASE_4_5","6f375ec9-744a-4af9-a1f8-5e05689e8794","","-11.0","17:57:03","","",""
"Input","f0c79f79-e98d-4840-ab9d-7b5899d31d16","ud0adb63-3c3e-4c08-a8b2-6827b21d8f14","cd0adb63-3c3e-4c08-a8b2-6827b21d8f14","text/plain","Great, thank you!","SKYWAVE_PHASE_4_5","50909985-4151-41ec-aa3a-a1a0afbc92b5","","-11.0","18:01:44","","",""
"Output","f0c79f79-e98d-4840-ab9d-7b5899d31d16","ad0adb63-3c3e-4c08-a8b2-6827b21d8f14","cd0adb63-3c3e-4c08-a8b2-6827b21d8f14","text/plain","You are welcome. Is there anything else I can help with?","SKYWAVE_PHASE_4_5","63a2a326-1663-4ddd-ad94-51d402b07543","","-11.0","18:01:46","","",""
"Input","0537c7b1-77bf-4e2b-af47-03c6b7ea1789","u7d6ad5f-9e1a-4adc-a665-e2b24e7836c8","67d6ad5f-9e1a-4adc-a665-e2b24e7836c8","text/plain","I lost my luggage in Munich last week, can you help?","SKYWAVE_PHASE_4_5","d45ed4cd-fad3-4b7d-ae50-87d03984fd18","","-7.0","13:40:00","","",""
"Output","0537c7b1-77bf-4e2b-af47-03c6b7ea1789","a7d6ad5f-9e1a-4adc-a665-e2b24e7836c8","67d6ad5f-9e1a-4adc-a665-e2b24e7836c8","text/plain","I have created case 00012345 for your lost luggage. We will contact you within 24 hours.","SKYWAVE_PHASE_4_5","a598a093-768c-42a7-ae35-c6318c191952","","-7.0","13:40:03","","",""
"Input","0a2229c0-982b-49a3-a780-e739e24af21d","u7d6ad5f-9e1a-4adc-a665-e2b24e7836c8","67d6ad5f-9e1a-4adc-a665-e2b24e7836c8","text/plain","Great, thank you!","SKYWAVE_PHASE_4_5","0902ce46-04ed-42fb-aee2-de38df7ff7aa","","-7.0","13:40:24","","",""
"Output","0a2229c0-982b-49a3-a780-e739e24af21d","a7d6ad5f-9e1a-4adc-a665-e2b24e7836c8","67d6ad5f-9e1a-4adc-a665-e2b24e7836c8","text/plain","You are welcome. Is there anything else I can help with?","SKYWAVE_PHASE_4_5","616aa4b3-5c22-4684-a8c0-dd43e2bcf82f","","-7.0","13:40:27","","",""
"Input","b64126ce-e818-404f-a5d6-e6e0c8b27c99","u72b84eb-f0ed-49c8-a1b2-a3097ee416cd","972b84eb-f0ed-49c8-a1b2-a3097ee416cd","text/plain","Can I move from 23B to an aisle seat?","SKYWAVE_PHASE_4_5","e0246ba9-e498-4787-adae-1823558b92dd","","-2.0","13:08:00","","",""
"Output","b64126ce-e818-404f-a5d6-e6e0c8b27c99","a72b84eb-f0ed-49c8-a1b2-a3097ee416cd","972b84eb-f0ed-49c8-a1b2-a3097ee416cd","text/plain","I could not update your seat assignment. Please contact a service agent.","SKYWAVE_PHASE_4_5","7d50fc5b-8303-4c56-a677-1db2edad76f8","","-2.0","13:08:04","","",""
"Input","9aa76b04-1ac1-42af-a911-0dd75975e4da","u72b84eb-f0ed-49c8-a1b2-a3097ee416cd","972b84eb-f0ed-49c8-a1b2-a3097ee416cd","text/plain","This still is not working, I am frustrated.","SKYWAVE_PHASE_4_5","864250cb-d0dd-40f6-ad38-bbeca3077b6b","","-2.0","13:08:55","","",""
"Output","9aa76b04-1ac1-42af-a911-0dd75975e4da","a72b84eb-f0ed-49c8-a1b2-a3097ee416cd","972b84eb-f0ed-49c8-a1b2-a3097ee416cd","text/plain","I am sorry for the inconvenience. I was unable to resolve this for you.","SKYWAVE_PHASE_4_5","960ac80d-9436-4bb7-ae19-5f53b5c96385","","-2.0","13:08:59","","",""
"Input","b9ff2437-28d1-48ac-a59e-b4cf5c70fe74","u80cc0bc-3434-455e-afaa-7eb1fd869998","680cc0bc-3434-455e-afaa-7eb1fd869998","text/plain","Please correct my last name on booking ABC123","SKYWAVE_PHASE_4_5","8b41b95d-cc64-4dd9-aee6-020cb75b3b15","","-12.0","13:33:00","","",""
"Output","b9ff2437-28d1-48ac-a59e-b4cf5c70fe74","a80cc0bc-3434-455e-afaa-7eb1fd869998","680cc0bc-3434-455e-afaa-7eb1fd869998","text/plain","I have updated the passenger name on booking ABC123. A confirmation has been sent.","SKYWAVE_PHASE_4_5","b6386843-4956-405e-a0a1-aea8d168994c","","-12.0","13:33:04","","",""
"Input","a9378504-4e76-497d-aaf1-f428808a88c9","u80cc0bc-3434-455e-afaa-7eb1fd869998","680cc0bc-3434-455e-afaa-7eb1fd869998","text/plain","Great, thank you!","SKYWAVE_PHASE_4_5","dfa9ce20-6552-46ee-a108-493719cab876","","-12.0","13:33:19","","",""
"Output","a9378504-4e76-497d-aaf1-f428808a88c9","a80cc0bc-3434-455e-afaa-7eb1fd869998","680cc0bc-3434-455e-afaa-7eb1fd869998","text/plain","You are welcome. Is there anything else I can help with?","SKYWAVE_PHASE_4_5","2ee7c0ce-ff9f-4698-a3e0-b54a16029f1b","","-12.0","13:33:23","","",""
"Input","b4da20cb-9554-4ba1-a591-60e9e1ac9619","u4d4259f-7b20-4f60-a358-864aaade7044","c4d4259f-7b20-4f60-a358-864aaade7044","text/plain","My first name is misspelled on my ticket","SKYWAVE_PHASE_4_5","eaebb154-979d-48bb-afd3-c140629474a6","","-2.0","15:03:00","","",""
"Output","b4da20cb-9554-4ba1-a591-60e9e1ac9619","a4d4259f-7b20-4f60-a358-864aaade7044","c4d4259f-7b20-4f60-a358-864aaade7044","text/plain","I have corrected the spelling on your ticket. Please review the updated itinerary.","SKYWAVE_PHASE_4_5","a9ea98c2-d73a-480e-a549-96923bf563ca","","-2.0","15:03:02","","",""
"Input","f5f161b6-e3c1-4221-a86b-636fb2ee59b8","u4d4259f-7b20-4f60-a358-864aaade7044","c4d4259f-7b20-4f60-a358-864aaade7044","text/plain","Great, thank you!","SKYWAVE_PHASE_4_5","8ead5274-0dce-4dde-a254-defda1c852a9","","-2.0","15:07:23","","",""
"Output","f5f161b6-e3c1-4221-a86b-636fb2ee59b8","a4d4259f-7b20-4f60-a358-864aaade7044","c4d4259f-7b20-4f60-a358-864aaade7044","text/plain","You are welcome. Is there anything else I can help with?","SKYWAVE_PHASE_4_5","70ae882c-3c9b-4c3a-a127-e84c31adf597","","-2.0","15:07:27","","",""
"Input","6a0ed7eb-c7bf-45fe-a842-6dd84f7ee70b","u4d4259f-7b20-4f60-a358-864aaade7044","c4d4259f-7b20-4f60-a358-864aaade7044","text/plain","Cancel my booking ABC123","SKYWAVE_PHASE_4_5","324ee538-3b94-403d-a736-a5fb127dcfcc","","-2.0","15:09:09","","",""
"Output","6a0ed7eb-c7bf-45fe-a842-6dd84f7ee70b","a4d4259f-7b20-4f60-a358-864aaade7044","c4d4259f-7b20-4f60-a358-864aaade7044","text/plain","I have cancelled booking ABC123. A refund of $480 will be issued.","SKYWAVE_PHASE_4_5","4d1026db-5bf6-4691-a7f5-215b03cdebf7","","-2.0","15:09:11","","",""
"Input","ff7a8a66-2fc9-404d-a290-49c075c34d44","u4d4259f-7b20-4f60-a358-864aaade7044","c4d4259f-7b20-4f60-a358-864aaade7044","text/plain","Great, thank you!","SKYWAVE_PHASE_4_5","2c1ed5c6-3228-445a-ab5a-73dfbe2ca32f","","-2.0","15:10:45","","",""
"Output","ff7a8a66-2fc9-404d-a290-49c075c34d44","a4d4259f-7b20-4f60-a358-864aaade7044","c4d4259f-7b20-4f60-a358-864aaade7044","text/plain","You are welcome. Is there anything else I can help with?","SKYWAVE_PHASE_4_5","0fe839e0-03bb-4c6f-a0b0-341dddbfcfdf","","-2.0","15:10:47","","",""
"Input","5a82fa09-01e4-456b-a9ee-6009fa8ad17e","u1cfc869-1266-4c13-a39d-031dbeef5cbb","c1cfc869-1266-4c13-a39d-031dbeef5cbb","text/plain","Can I move from 23B to an aisle seat?","SKYWAVE_PHASE_4_5","d6f8cadd-a61c-46fe-a10b-c87289dab643","","-10.0","11:30:00","","",""
"Output","5a82fa09-01e4-456b-a9ee-6009fa8ad17e","a1cfc869-1266-4c13-a39d-031dbeef5cbb","c1cfc869-1266-4c13-a39d-031dbeef5cbb","text/plain","I could not update your seat assignment. Please contact a service agent.","SKYWAVE_PHASE_4_5","b46976bc-c9a6-4500-a4ad-576e58bfc070","","-10.0","11:30:02","","",""
"Input","4c8bc227-305f-4621-afa6-83692cf665f1","u1cfc869-1266-4c13-a39d-031dbeef5cbb","c1cfc869-1266-4c13-a39d-031dbeef5cbb","text/plain","This still is not working, I am frustrated.","SKYWAVE_PHASE_4_5","952d647f-f500-4e55-a608-ea6c58df3513","","-10.0","11:32:48","","",""
"Output","4c8bc227-305f-4621-afa6-83692cf665f1","a1cfc869-1266-4c13-a39d-031dbeef5cbb","c1cfc869-1266-4c13-a39d-031dbeef5cbb","text/plain","I am sorry for the inconvenience. I was unable to resolve this for you.","SKYWAVE_PHASE_4_5","f1a1e429-5fc8-4f6a-adbe-d193588ef672","","-10.0","11:32:52","","",""
"Input","faee4d7c-a7d5-492f-a1cb-e3d3647bb69d","u69d222c-beb5-411f-a5d1-9cac1be610ba","269d222c-beb5-411f-a5d1-9cac1be610ba","text/plain","Can I move from 23B to an aisle seat?","SKYWAVE_PHASE_4_5","16088ef1-0f09-479a-a787-93dfc9a91b0a","","-9.0","19:32:00","","",""
"Output","faee4d7c-a7d5-492f-a1cb-e3d3647bb69d","a69d222c-beb5-411f-a5d1-9cac1be610ba","269d222c-beb5-411f-a5d1-9cac1be610ba","text/plain","I could not update your seat assignment. Please contact a service agent.","SKYWAVE_PHASE_4_5","51d44b5b-8806-46a6-a581-ff96ea6ade5b","","-9.0","19:32:03","","",""
"Input","980771d4-b891-4472-ad55-66fdf2a8eb16","u69d222c-beb5-411f-a5d1-9cac1be610ba","269d222c-beb5-411f-a5d1-9cac1be610ba","text/plain","This still is not working, I am frustrated.","SKYWAVE_PHASE_4_5","d8c6dc89-4cd8-4978-a9bc-83c1c35751fb","","-9.0","19:32:29","","",""
"Output","980771d4-b891-4472-ad55-66fdf2a8eb16","a69d222c-beb5-411f-a5d1-9cac1be610ba","269d222c-beb5-411f-a5d1-9cac1be610ba","text/plain","I am sorry for the inconvenience. I was unable to resolve this for you.","SKYWAVE_PHASE_4_5","a3ad7244-6985-4a4c-a3e8-c2905c539890","","-9.0","19:32:33","","",""
"Input","7a2eed37-4e64-454d-a1ab-7c7d4e08fb81","ud26ab1b-429c-435d-a6f0-69a5f90e0b92","fd26ab1b-429c-435d-a6f0-69a5f90e0b92","text/plain","Cancel my booking ABC123","SKYWAVE_PHASE_4_5","f8bdd448-ccba-4fb5-ab62-68680ba8d9aa","","-3.0","11:47:00","","",""
"Output","7a2eed37-4e64-454d-a1ab-7c7d4e08fb81","ad26ab1b-429c-435d-a6f0-69a5f90e0b92","fd26ab1b-429c-435d-a6f0-69a5f90e0b92","text/plain","I have cancelled booking ABC123. A refund of $480 will be issued.","SKYWAVE_PHASE_4_5","e7127e71-c0e3-47da-a01c-8b238ce4ce3e","","-3.0","11:47:03","","",""
"Input","e5c213ba-a5da-44ef-a21f-b6f22c295662","ud26ab1b-429c-435d-a6f0-69a5f90e0b92","fd26ab1b-429c-435d-a6f0-69a5f90e0b92","text/plain","Great, thank you!","SKYWAVE_PHASE_4_5","14d63679-9604-4b06-a69b-8a62f14a55f9","","-3.0","11:47:46","","",""
"Output","e5c213ba-a5da-44ef-a21f-b6f22c295662","ad26ab1b-429c-435d-a6f0-69a5f90e0b92","fd26ab1b-429c-435d-a6f0-69a5f90e0b92","text/plain","You are welcome. Is there anything else I can help with?","SKYWAVE_PHASE_4_5","31a877ba-d34a-4f36-aaad-83f1cfdbcea2","","-3.0","11:47:49","","",""
"Input","8ef08546-c0b4-41a3-a7a9-9dc3e0c52d74","u1de6a80-5e0a-4205-af64-4bc1f90f9757","f1de6a80-5e0a-4205-af64-4bc1f90f9757","text/plain","Can I move from 23B to an aisle seat?","SKYWAVE_PHASE_4_5","846e8a13-700f-48ad-a6b0-d8f004753d2d","","-9.0","10:29:00","","",""
"Output","8ef08546-c0b4-41a3-a7a9-9dc3e0c52d74","a1de6a80-5e0a-4205-af64-4bc1f90f9757","f1de6a80-5e0a-4205-af64-4bc1f90f9757","text/plain","I could not update your seat assignment. Please contact a service agent.","SKYWAVE_PHASE_4_5","751b06ea-45a5-401c-ab26-ad8b03ac5a6a","","-9.0","10:29:03","","",""
"Input","937dcc7b-0768-4b82-a7a8-12a17a4a5895","u1de6a80-5e0a-4205-af64-4bc1f90f9757","f1de6a80-5e0a-4205-af64-4bc1f90f9757","text/plain","This still is not working, I am frustrated.","SKYWAVE_PHASE_4_5","27f42872-60f1-4362-a996-f672f648c431","","-9.0","10:29:37","","",""
"Output","937dcc7b-0768-4b82-a7a8-12a17a4a5895","a1de6a80-5e0a-4205-af64-4bc1f90f9757","f1de6a80-5e0a-4205-af64-4bc1f90f9757","text/plain","I am sorry for the inconvenience. I was unable to resolve this for you.","SKYWAVE_PHASE_4_5","65fd3359-49d6-4267-a774-d74714b83fba","","-9.0","10:29:40","","",""
"Input","52b5101b-80dd-47c2-af97-a98500412be9","u0c831a4-c098-4996-a99a-bff00844a2aa","30c831a4-c098-4996-a99a-bff00844a2aa","text/plain","What is my tier status?","SKYWAVE_PHASE_4_5","2a90215d-59bb-4e6c-a0ce-23b07232b932","","-8.0","17:42:00","","",""
"Output","52b5101b-80dd-47c2-af97-a98500412be9","a0c831a4-c098-4996-a99a-bff00844a2aa","30c831a4-c098-4996-a99a-bff00844a2aa","text/plain","You are Gold tier with 14,200 qualifying points this year.","SKYWAVE_PHASE_4_5","2ca85b3b-fec1-46c1-a978-6f11edf89bd7","","-8.0","17:42:04","","",""
"Input","c439e8fa-7c41-4466-a728-89d18eadf013","u0c831a4-c098-4996-a99a-bff00844a2aa","30c831a4-c098-4996-a99a-bff00844a2aa","text/plain","Great, thank you!","SKYWAVE_PHASE_4_5","4fca4ca0-bebb-4888-af6b-748e1778efb6","","-8.0","17:42:50","","",""
"Output","c439e8fa-7c41-4466-a728-89d18eadf013","a0c831a4-c098-4996-a99a-bff00844a2aa","30c831a4-c098-4996-a99a-bff00844a2aa","text/plain","You are welcome. Is there anything else I can help with?","SKYWAVE_PHASE_4_5","360fda08-d2b8-4651-a37a-03fdb5087b65","","-8.0","17:42:54","","",""
"Input","2982f2f6-2215-4b98-a193-e33c56684b8b","u0c831a4-c098-4996-a99a-bff00844a2aa","30c831a4-c098-4996-a99a-bff00844a2aa","text/plain","What is my tier status?","SKYWAVE_PHASE_4_5","719c6f48-b839-48ff-a709-0fdb2f9c0776","","-8.0","17:44:05","","",""
"Output","2982f2f6-2215-4b98-a193-e33c56684b8b","a0c831a4-c098-4996-a99a-bff00844a2aa","30c831a4-c098-4996-a99a-bff00844a2aa","text/plain","You are Gold tier with 14,200 qualifying points this year.","SKYWAVE_PHASE_4_5","3b3e26be-2631-4e89-a9ba-3eb9bdd9e337","","-8.0","17:44:07","","",""
"Input","7c6c89f0-3023-4136-a362-3b84ffa30dc3","u0c831a4-c098-4996-a99a-bff00844a2aa","30c831a4-c098-4996-a99a-bff00844a2aa","text/plain","Great, thank you!","SKYWAVE_PHASE_4_5","dabbf406-9b79-4e4d-a00a-2dade8eca1fe","","-8.0","17:44:43","","",""
"Output","7c6c89f0-3023-4136-a362-3b84ffa30dc3","a0c831a4-c098-4996-a99a-bff00844a2aa","30c831a4-c098-4996-a99a-bff00844a2aa","text/plain","You are welcome. Is there anything else I can help with?","SKYWAVE_PHASE_4_5","4e3394a1-a1a3-4491-abc5-ce05d7e027bf","","-8.0","17:44:46","","",""
"Input","25383ba9-5491-45b9-a368-5880a46f978d","u0c831a4-c098-4996-a99a-bff00844a2aa","30c831a4-c098-4996-a99a-bff00844a2aa","text/plain","I want to change my seat to a window seat","SKYWAVE_PHASE_4_5","7d229ac0-8c3b-472a-a0f0-6cfaaa392125","","-8.0","17:45:39","","",""
"Output","25383ba9-5491-45b9-a368-5880a46f978d","a0c831a4-c098-4996-a99a-bff00844a2aa","30c831a4-c098-4996-a99a-bff00844a2aa","text/plain","Sorry, I am unable to change your seat right now. Please try again later.","SKYWAVE_PHASE_4_5","4b819e8e-3b6b-4852-a397-45677d23831a","","-8.0","17:45:43","","",""
"Input","1928081c-32e5-4d68-ada2-256070b1d418","u0c831a4-c098-4996-a99a-bff00844a2aa","30c831a4-c098-4996-a99a-bff00844a2aa","text/plain","This still is not working, I am frustrated.","SKYWAVE_PHASE_4_5","f5d27753-f8c7-47a9-acc8-6a69ac6cc6a9","","-8.0","17:48:39","","",""
"Output","1928081c-32e5-4d68-ada2-256070b1d418","a0c831a4-c098-4996-a99a-bff00844a2aa","30c831a4-c098-4996-a99a-bff00844a2aa","text/plain","I am sorry for the inconvenience. I was unable to resolve this for you.","SKYWAVE_PHASE_4_5","77f855e6-ed5b-42dc-a960-dcbcc2521f94","","-8.0","17:48:43","","",""
"Input","ac25fcd9-8d38-49a1-ae04-8e60a1832bd1","ub3dc4a5-56d8-4197-a61e-a2315c408b96","2b3dc4a5-56d8-4197-a61e-a2315c408b96","text/plain","Whats the weather like in Tokyo?","SKYWAVE_PHASE_4_5","09715794-105f-4ccb-af2a-05f4e42403f4","","-2.0","10:38:00","","",""
"Output","ac25fcd9-8d38-49a1-ae04-8e60a1832bd1","ab3dc4a5-56d8-4197-a61e-a2315c408b96","2b3dc4a5-56d8-4197-a61e-a2315c408b96","text/plain","I can only help with flight bookings and Skywave loyalty questions.","SKYWAVE_PHASE_4_5","69bb7568-98e9-4945-a4f2-8fb546bcb320","","-2.0","10:38:02","","",""
"Input","ea3bde0f-5000-4c81-a35d-78d11167b5cd","ub3dc4a5-56d8-4197-a61e-a2315c408b96","2b3dc4a5-56d8-4197-a61e-a2315c408b96","text/plain","This still is not working, I am frustrated.","SKYWAVE_PHASE_4_5","7f08e86b-ebff-4eb3-a38a-f2ac64f473a9","","-2.0","10:39:04","","",""
"Output","ea3bde0f-5000-4c81-a35d-78d11167b5cd","ab3dc4a5-56d8-4197-a61e-a2315c408b96","2b3dc4a5-56d8-4197-a61e-a2315c408b96","text/plain","I am sorry for the inconvenience. I was unable to resolve this for you.","SKYWAVE_PHASE_4_5","3b84ab24-f794-472c-a67f-e7a829aa2db3","","-2.0","10:39:07","","",""
"Input","8042f219-8f50-4d0a-a4af-2d6eec8dda7b","u8e49dca-8c1e-40ac-a392-9eb6dc9f3249","18e49dca-8c1e-40ac-a392-9eb6dc9f3249","text/plain","I want to select seat 1A for my flight","SKYWAVE_PHASE_4_5","e4045ab2-cb46-41e0-af78-1edbd67109c2","","-7.0","13:18:00","","",""
"Output","8042f219-8f50-4d0a-a4af-2d6eec8dda7b","a8e49dca-8c1e-40ac-a392-9eb6dc9f3249","18e49dca-8c1e-40ac-a392-9eb6dc9f3249","text/plain","I was unable to retrieve the seat map automatically and could not assign the seat.","SKYWAVE_PHASE_4_5","c4df704d-df16-416c-a5a9-761bfd63990f","","-7.0","13:18:02","","",""
"Input","a525f506-6108-4b74-aac0-94b96bbbb67a","u8e49dca-8c1e-40ac-a392-9eb6dc9f3249","18e49dca-8c1e-40ac-a392-9eb6dc9f3249","text/plain","This still is not working, I am frustrated.","SKYWAVE_PHASE_4_5","a6a882e8-bb7e-4d94-a77e-e82e5b78be3f","","-7.0","13:22:50","","",""
"Output","a525f506-6108-4b74-aac0-94b96bbbb67a","a8e49dca-8c1e-40ac-a392-9eb6dc9f3249","18e49dca-8c1e-40ac-a392-9eb6dc9f3249","text/plain","I am sorry for the inconvenience. I was unable to resolve this for you.","SKYWAVE_PHASE_4_5","801ca0c1-54c6-49a6-aefb-8367fa3c5c35","","-7.0","13:22:52","","",""
"Input","624aa46b-9226-422d-a31b-5297a3195689","u8e49dca-8c1e-40ac-a392-9eb6dc9f3249","18e49dca-8c1e-40ac-a392-9eb6dc9f3249","text/plain","Find flights from JFK to HND tomorrow","SKYWAVE_PHASE_4_5","4bc1ecc1-1a5d-4903-a459-e9bfcc51d032","","-7.0","13:27:44","","",""
"Output","624aa46b-9226-422d-a31b-5297a3195689","a8e49dca-8c1e-40ac-a392-9eb6dc9f3249","18e49dca-8c1e-40ac-a392-9eb6dc9f3249","text/plain","I found 4 flights for that route. The cheapest is SW1200 at 1pm for $1,280.","SKYWAVE_PHASE_4_5","a53c0bd6-8669-4d66-aa8c-e3dfead0d1ad","","-7.0","13:27:47","","",""
"Input","529b0699-5e0d-4bbc-a089-fca7e1c7ac9d","u8e49dca-8c1e-40ac-a392-9eb6dc9f3249","18e49dca-8c1e-40ac-a392-9eb6dc9f3249","text/plain","Great, thank you!","SKYWAVE_PHASE_4_5","553d4b31-d593-40c9-a402-64710c5a274e","","-7.0","13:28:55","","",""
"Output","529b0699-5e0d-4bbc-a089-fca7e1c7ac9d","a8e49dca-8c1e-40ac-a392-9eb6dc9f3249","18e49dca-8c1e-40ac-a392-9eb6dc9f3249","text/plain","You are welcome. Is there anything else I can help with?","SKYWAVE_PHASE_4_5","6d088166-48df-402c-afef-f2b007dc64b7","","-7.0","13:28:57","","",""
"Input","57ea1800-357b-4209-a888-c0718e894b8c","u5895352-924b-4684-af99-60adbf3fa920","a5895352-924b-4684-af99-60adbf3fa920","text/plain","Tell me a joke","SKYWAVE_PHASE_4_5","bdd1774c-3e0c-45bd-a159-847c7ae29585","","-1.0","19:16:00","","",""
"Output","57ea1800-357b-4209-a888-c0718e894b8c","a5895352-924b-4684-af99-60adbf3fa920","a5895352-924b-4684-af99-60adbf3fa920","text/plain","I am a Skywave booking assistant. How can I help with your travel?","SKYWAVE_PHASE_4_5","7d4d54cd-5088-449b-ac2b-db84b4f2be00","","-1.0","19:16:04","","",""
"Input","97ad1b95-295e-4600-ae32-2f83ef73ae64","u5895352-924b-4684-af99-60adbf3fa920","a5895352-924b-4684-af99-60adbf3fa920","text/plain","This still is not working, I am frustrated.","SKYWAVE_PHASE_4_5","82e52c60-8bff-454a-a98a-ded0c7012285","","-1.0","19:16:41","","",""
"Output","97ad1b95-295e-4600-ae32-2f83ef73ae64","a5895352-924b-4684-af99-60adbf3fa920","a5895352-924b-4684-af99-60adbf3fa920","text/plain","I am sorry for the inconvenience. I was unable to resolve this for you.","SKYWAVE_PHASE_4_5","1c5af295-7039-4adb-a6b8-2a0afadac958","","-1.0","19:16:45","","",""
"Input","54444748-2514-40d7-aec3-63e9cf12e919","u5895352-924b-4684-af99-60adbf3fa920","a5895352-924b-4684-af99-60adbf3fa920","text/plain","I want to select seat 1A for my flight","SKYWAVE_PHASE_4_5","6467bcbd-29fa-40f3-a479-1c639ae1b92a","","-1.0","19:18:44","","",""
"Output","54444748-2514-40d7-aec3-63e9cf12e919","a5895352-924b-4684-af99-60adbf3fa920","a5895352-924b-4684-af99-60adbf3fa920","text/plain","I was unable to retrieve the seat map automatically and could not assign the seat.","SKYWAVE_PHASE_4_5","26d1c0ba-9cd2-47fd-a725-e768866134ad","","-1.0","19:18:47","","",""
"Input","f8041da2-9cbb-4260-aff0-e15a8d76075c","u5895352-924b-4684-af99-60adbf3fa920","a5895352-924b-4684-af99-60adbf3fa920","text/plain","This still is not working, I am frustrated.","SKYWAVE_PHASE_4_5","d67068fb-c155-43ee-a9f8-282733555fe7","","-1.0","19:19:10","","",""
"Output","f8041da2-9cbb-4260-aff0-e15a8d76075c","a5895352-924b-4684-af99-60adbf3fa920","a5895352-924b-4684-af99-60adbf3fa920","text/plain","I am sorry for the inconvenience. I was unable to resolve this for you.","SKYWAVE_PHASE_4_5","7527fad1-d3e7-4818-a06a-b24ea44f27b6","","-1.0","19:19:13","","",""
"Input","191c0b70-24f6-4b2c-af2a-07cc0c567092","u227f6d7-5a56-482b-ad7f-39e74d6cb872","2227f6d7-5a56-482b-ad7f-39e74d6cb872","text/plain","I lost my luggage in Munich last week, can you help?","SKYWAVE_PHASE_4_5","3eb7f310-f3f4-4885-a7b9-00cec43d57d7","","-6.0","12:02:00","","",""
"Output","191c0b70-24f6-4b2c-af2a-07cc0c567092","a227f6d7-5a56-482b-ad7f-39e74d6cb872","2227f6d7-5a56-482b-ad7f-39e74d6cb872","text/plain","I have created case 00012345 for your lost luggage. We will contact you within 24 hours.","SKYWAVE_PHASE_4_5","3de2ab8e-06ca-485a-a601-f2b9e83923b3","","-6.0","12:02:03","","",""
"Input","5843901e-dea1-4360-ae77-beb5981ce805","u227f6d7-5a56-482b-ad7f-39e74d6cb872","2227f6d7-5a56-482b-ad7f-39e74d6cb872","text/plain","Great, thank you!","SKYWAVE_PHASE_4_5","ccde3694-aa15-4815-a768-d5f00b88adb7","","-6.0","12:02:19","","",""
"Output","5843901e-dea1-4360-ae77-beb5981ce805","a227f6d7-5a56-482b-ad7f-39e74d6cb872","2227f6d7-5a56-482b-ad7f-39e74d6cb872","text/plain","You are welcome. Is there anything else I can help with?","SKYWAVE_PHASE_4_5","63f35bda-9bab-4331-a678-8df9cb01d8f2","","-6.0","12:02:23","","",""
"Input","8fb3aee0-d7d7-440e-a172-cdc500ca972b","u227f6d7-5a56-482b-ad7f-39e74d6cb872","2227f6d7-5a56-482b-ad7f-39e74d6cb872","text/plain","My in-flight wifi did not work, I want a refund","SKYWAVE_PHASE_4_5","460f12b4-647e-41e6-a3af-5e19b0c6a1c7","","-6.0","12:04:21","","",""
"Output","8fb3aee0-d7d7-440e-a172-cdc500ca972b","a227f6d7-5a56-482b-ad7f-39e74d6cb872","2227f6d7-5a56-482b-ad7f-39e74d6cb872","text/plain","I have logged your complaint as case 00012346. A refund will be processed.","SKYWAVE_PHASE_4_5","7496a8e6-8268-43ef-a778-a7024998dd7a","","-6.0","12:04:23","","",""
"Input","18b16f67-4822-4b2a-ac4f-538c25a0db11","u227f6d7-5a56-482b-ad7f-39e74d6cb872","2227f6d7-5a56-482b-ad7f-39e74d6cb872","text/plain","Okay.","SKYWAVE_PHASE_4_5","de8e7f85-1010-40c3-a9ce-9ab658edc639","","-6.0","12:04:40","","",""
"Output","18b16f67-4822-4b2a-ac4f-538c25a0db11","a227f6d7-5a56-482b-ad7f-39e74d6cb872","2227f6d7-5a56-482b-ad7f-39e74d6cb872","text/plain","Understood. Anything else I can help with?","SKYWAVE_PHASE_4_5","fe7a786c-450e-4f25-a02b-23c0f7979c2f","","-6.0","12:04:42","","",""
"Input","a3d0067c-07f0-4f6f-ae67-41139d01f26d","u227f6d7-5a56-482b-ad7f-39e74d6cb872","2227f6d7-5a56-482b-ad7f-39e74d6cb872","text/plain","What is my tier status?","SKYWAVE_PHASE_4_5","3e098a47-a749-47b5-a200-0354c5b7c564","","-6.0","12:08:11","","",""
"Output","a3d0067c-07f0-4f6f-ae67-41139d01f26d","a227f6d7-5a56-482b-ad7f-39e74d6cb872","2227f6d7-5a56-482b-ad7f-39e74d6cb872","text/plain","You are Gold tier with 14,200 qualifying points this year.","SKYWAVE_PHASE_4_5","bed9cc7e-0832-4122-aa06-8f9f2b5c9230","","-6.0","12:08:15","","",""
"Input","314c8929-0609-464d-a3c0-bf3955093f12","u227f6d7-5a56-482b-ad7f-39e74d6cb872","2227f6d7-5a56-482b-ad7f-39e74d6cb872","text/plain","Great, thank you!","SKYWAVE_PHASE_4_5","283f04b5-9b87-4efb-acd7-8bf233d4142a","","-6.0","12:08:56","","",""
"Output","314c8929-0609-464d-a3c0-bf3955093f12","a227f6d7-5a56-482b-ad7f-39e74d6cb872","2227f6d7-5a56-482b-ad7f-39e74d6cb872","text/plain","You are welcome. Is there anything else I can help with?","SKYWAVE_PHASE_4_5","3e7b316c-dd31-4592-a916-4222b8c44c81","","-6.0","12:09:00","","",""
"Input","ff46a495-a901-40a5-a441-5d8dad175320","u998d371-29ff-4850-a891-b069b030eb83","6998d371-29ff-4850-a891-b069b030eb83","text/plain","Can I move from 23B to an aisle seat?","SKYWAVE_PHASE_4_5","9dce1d48-8648-4d1e-a582-672d0478705d","","-1.0","15:57:00","","",""
"Output","ff46a495-a901-40a5-a441-5d8dad175320","a998d371-29ff-4850-a891-b069b030eb83","6998d371-29ff-4850-a891-b069b030eb83","text/plain","I could not update your seat assignment. Please contact a service agent.","SKYWAVE_PHASE_4_5","6b3a5594-ba65-42ca-aaaa-abf9127c9264","","-1.0","15:57:03","","",""
"Input","1da92cd8-1931-4892-a757-2d72a8339fb8","u998d371-29ff-4850-a891-b069b030eb83","6998d371-29ff-4850-a891-b069b030eb83","text/plain","This still is not working, I am frustrated.","SKYWAVE_PHASE_4_5","b82e1dc0-b632-4452-afe8-cff7f581c97e","","-1.0","15:58:02","","",""
"Output","1da92cd8-1931-4892-a757-2d72a8339fb8","a998d371-29ff-4850-a891-b069b030eb83","6998d371-29ff-4850-a891-b069b030eb83","text/plain","I am sorry for the inconvenience. I was unable to resolve this for you.","SKYWAVE_PHASE_4_5","0eaee202-1bbf-4b3c-a627-c4030af6a9e8","","-1.0","15:58:05","","",""
"Input","b9fc48f2-03c0-45cb-ae9c-0f313ca56678","u998d371-29ff-4850-a891-b069b030eb83","6998d371-29ff-4850-a891-b069b030eb83","text/plain","I want to select seat 1A for my flight","SKYWAVE_PHASE_4_5","aa206731-7c35-4fa4-a92f-179b98d72a36","","-1.0","15:59:17","","",""
"Output","b9fc48f2-03c0-45cb-ae9c-0f313ca56678","a998d371-29ff-4850-a891-b069b030eb83","6998d371-29ff-4850-a891-b069b030eb83","text/plain","I was unable to retrieve the seat map automatically and could not assign the seat.","SKYWAVE_PHASE_4_5","47bae2c9-aea0-4106-a268-72e55a808219","","-1.0","15:59:20","","",""
"Input","d614f0bf-0456-4b5d-a7c3-61fe854799bc","u998d371-29ff-4850-a891-b069b030eb83","6998d371-29ff-4850-a891-b069b030eb83","text/plain","This still is not working, I am frustrated.","SKYWAVE_PHASE_4_5","f67664fa-60ea-4f45-a0fe-b11b5cc641aa","","-1.0","16:00:22","","",""
"Output","d614f0bf-0456-4b5d-a7c3-61fe854799bc","a998d371-29ff-4850-a891-b069b030eb83","6998d371-29ff-4850-a891-b069b030eb83","text/plain","I am sorry for the inconvenience. I was unable to resolve this for you.","SKYWAVE_PHASE_4_5","dd8de164-bd71-4877-a63b-c07c68b6e8ce","","-1.0","16:00:26","","",""
"Input","02625666-6c93-4c7c-ad9d-d58e0171a1db","ue221a66-d292-4c44-a629-9c0d4f4afcfb","1e221a66-d292-4c44-a629-9c0d4f4afcfb","text/plain","Find flights from JFK to HND tomorrow","SKYWAVE_PHASE_4_5","3297fcbe-d598-450f-a939-ec6c88a793c8","","-9.0","08:31:00","","",""
"Output","02625666-6c93-4c7c-ad9d-d58e0171a1db","ae221a66-d292-4c44-a629-9c0d4f4afcfb","1e221a66-d292-4c44-a629-9c0d4f4afcfb","text/plain","I found 4 flights for that route. The cheapest is SW1200 at 1pm for $1,280.","SKYWAVE_PHASE_4_5","c073ba11-2185-43bc-a529-09a1eaf3ca9a","","-9.0","08:31:04","","",""
"Input","ec461e91-b8f4-4216-a429-db7312b070ce","ue221a66-d292-4c44-a629-9c0d4f4afcfb","1e221a66-d292-4c44-a629-9c0d4f4afcfb","text/plain","Great, thank you!","SKYWAVE_PHASE_4_5","7ff93f6a-96ab-4058-a0ec-9922d4a309f0","","-9.0","08:32:13","","",""
"Output","ec461e91-b8f4-4216-a429-db7312b070ce","ae221a66-d292-4c44-a629-9c0d4f4afcfb","1e221a66-d292-4c44-a629-9c0d4f4afcfb","text/plain","You are welcome. Is there anything else I can help with?","SKYWAVE_PHASE_4_5","460a1227-8919-484c-a8cf-e03c4fb6addc","","-9.0","08:32:16","","",""
"Input","8191775b-8c27-4e50-a376-93cae9e4a104","u558aeba-0169-45a5-a863-15192945e7ea","0558aeba-0169-45a5-a863-15192945e7ea","text/plain","What is my tier status?","SKYWAVE_PHASE_4_5","87c78761-8157-4a93-aefe-724c9b098a9a","","-3.0","15:33:00","","",""
"Output","8191775b-8c27-4e50-a376-93cae9e4a104","a558aeba-0169-45a5-a863-15192945e7ea","0558aeba-0169-45a5-a863-15192945e7ea","text/plain","You are Gold tier with 14,200 qualifying points this year.","SKYWAVE_PHASE_4_5","1de68dcd-d605-4403-a985-9389ad5c3f54","","-3.0","15:33:02","","",""
"Input","56cacb6e-9219-4fa0-a59a-1bf13a8d9f68","u558aeba-0169-45a5-a863-15192945e7ea","0558aeba-0169-45a5-a863-15192945e7ea","text/plain","Great, thank you!","SKYWAVE_PHASE_4_5","0b4d8439-c4fd-4ca0-a00b-1f8bc2c80696","","-3.0","15:36:42","","",""
"Output","56cacb6e-9219-4fa0-a59a-1bf13a8d9f68","a558aeba-0169-45a5-a863-15192945e7ea","0558aeba-0169-45a5-a863-15192945e7ea","text/plain","You are welcome. Is there anything else I can help with?","SKYWAVE_PHASE_4_5","683e0415-3402-46b8-ad31-ffcc604cf4ea","","-3.0","15:36:46","","",""
"Input","868c65d3-e613-4a06-a40c-fe7b57e5a6bd","u558aeba-0169-45a5-a863-15192945e7ea","0558aeba-0169-45a5-a863-15192945e7ea","text/plain","I want to change my seat to a window seat","SKYWAVE_PHASE_4_5","8305c9fa-913d-46ce-a93a-843c4e581ded","","-3.0","15:37:32","","",""
"Output","868c65d3-e613-4a06-a40c-fe7b57e5a6bd","a558aeba-0169-45a5-a863-15192945e7ea","0558aeba-0169-45a5-a863-15192945e7ea","text/plain","Sorry, I am unable to change your seat right now. Please try again later.","SKYWAVE_PHASE_4_5","8086433e-b129-4cb6-a12c-e658f98f269f","","-3.0","15:37:35","","",""
"Input","9e774d1d-d6cb-4ed9-aee2-6077ae689285","u558aeba-0169-45a5-a863-15192945e7ea","0558aeba-0169-45a5-a863-15192945e7ea","text/plain","This still is not working, I am frustrated.","SKYWAVE_PHASE_4_5","68c84a28-ca1d-44d9-a2b3-8bbfae9124c6","","-3.0","15:38:08","","",""
"Output","9e774d1d-d6cb-4ed9-aee2-6077ae689285","a558aeba-0169-45a5-a863-15192945e7ea","0558aeba-0169-45a5-a863-15192945e7ea","text/plain","I am sorry for the inconvenience. I was unable to resolve this for you.","SKYWAVE_PHASE_4_5","3c036dfb-1fab-435e-a4c2-bcc64a970ce2","","-3.0","15:38:11","","",""
"Input","71a9d296-11af-46c3-af46-f6f91a232643","uee0936b-6772-44fc-aef7-062a7afac5fb","cee0936b-6772-44fc-aef7-062a7afac5fb","text/plain","Whats the weather like in Tokyo?","SKYWAVE_PHASE_4_5","317430ee-97eb-4e28-ad02-110effedf9c7","","-13.0","14:07:00","","",""
"Output","71a9d296-11af-46c3-af46-f6f91a232643","aee0936b-6772-44fc-aef7-062a7afac5fb","cee0936b-6772-44fc-aef7-062a7afac5fb","text/plain","I can only help with flight bookings and Skywave loyalty questions.","SKYWAVE_PHASE_4_5","0b31e7b3-2fd2-4e15-ad3d-45ac0f932421","","-13.0","14:07:02","","",""
"Input","d45688e7-773d-4ecb-a91f-95576baf22d6","uee0936b-6772-44fc-aef7-062a7afac5fb","cee0936b-6772-44fc-aef7-062a7afac5fb","text/plain","Okay.","SKYWAVE_PHASE_4_5","f5a16280-23d8-4b1e-a3ea-e6f5dd25c7d4","","-13.0","14:07:39","","",""
"Output","d45688e7-773d-4ecb-a91f-95576baf22d6","aee0936b-6772-44fc-aef7-062a7afac5fb","cee0936b-6772-44fc-aef7-062a7afac5fb","text/plain","Understood. Anything else I can help with?","SKYWAVE_PHASE_4_5","19a3d9fb-c503-472e-a84d-69e76f694186","","-13.0","14:07:41","","",""
"Input","f78f149d-655d-4c1d-a3ff-20905860cb3f","ua6a4440-d5d1-4c54-accf-942154a88da9","0a6a4440-d5d1-4c54-accf-942154a88da9","text/plain","Cancel my booking ABC123","SKYWAVE_PHASE_4_5","c11d27e3-69ad-4ab7-a136-cc8ee81b48ae","","-4.0","09:06:00","","",""
"Output","f78f149d-655d-4c1d-a3ff-20905860cb3f","aa6a4440-d5d1-4c54-accf-942154a88da9","0a6a4440-d5d1-4c54-accf-942154a88da9","text/plain","I have cancelled booking ABC123. A refund of $480 will be issued.","SKYWAVE_PHASE_4_5","6c43af9a-be48-4d1e-a373-9a406d4b8bad","","-4.0","09:06:03","","",""
"Input","e5f71b85-c327-44ea-a633-41f81be0faae","ua6a4440-d5d1-4c54-accf-942154a88da9","0a6a4440-d5d1-4c54-accf-942154a88da9","text/plain","Great, thank you!","SKYWAVE_PHASE_4_5","87a6af50-a7d4-4df8-a3af-9d2f3c28d261","","-4.0","09:06:55","","",""
"Output","e5f71b85-c327-44ea-a633-41f81be0faae","aa6a4440-d5d1-4c54-accf-942154a88da9","0a6a4440-d5d1-4c54-accf-942154a88da9","text/plain","You are welcome. Is there anything else I can help with?","SKYWAVE_PHASE_4_5","f795eb98-4543-43a4-a236-d46586baadf9","","-4.0","09:06:58","","",""
"Input","46fec467-a280-4af4-a5f8-b37e9c521101","ua0ce76c-2f75-4e7f-a570-20f9617d59da","7a0ce76c-2f75-4e7f-a570-20f9617d59da","text/plain","I want to select seat 1A for my flight","SKYWAVE_PHASE_4_5","7ceba5a2-36ac-49d8-ad55-23c885a48609","","-7.0","13:38:00","","",""
"Output","46fec467-a280-4af4-a5f8-b37e9c521101","aa0ce76c-2f75-4e7f-a570-20f9617d59da","7a0ce76c-2f75-4e7f-a570-20f9617d59da","text/plain","I was unable to retrieve the seat map automatically and could not assign the seat.","SKYWAVE_PHASE_4_5","be9a8803-f320-4f0a-a201-443da8d288f5","","-7.0","13:38:03","","",""
"Input","01b1b910-c11c-4141-a38d-62460402ae77","ua0ce76c-2f75-4e7f-a570-20f9617d59da","7a0ce76c-2f75-4e7f-a570-20f9617d59da","text/plain","This still is not working, I am frustrated.","SKYWAVE_PHASE_4_5","839645cf-d67e-4294-a5c8-8b6216f7ba06","","-7.0","13:39:15","","",""
"Output","01b1b910-c11c-4141-a38d-62460402ae77","aa0ce76c-2f75-4e7f-a570-20f9617d59da","7a0ce76c-2f75-4e7f-a570-20f9617d59da","text/plain","I am sorry for the inconvenience. I was unable to resolve this for you.","SKYWAVE_PHASE_4_5","31d9f2f9-8ba6-4578-a69b-f251fbfb7b5a","","-7.0","13:39:19","","",""
"Input","b175b624-7a68-4cf6-acfb-ba24298c346a","ua0ce76c-2f75-4e7f-a570-20f9617d59da","7a0ce76c-2f75-4e7f-a570-20f9617d59da","text/plain","How many miles do I have?","SKYWAVE_PHASE_4_5","9df08564-b520-4662-a334-dc574b1b36b3","","-7.0","13:39:55","","",""
"Output","b175b624-7a68-4cf6-acfb-ba24298c346a","aa0ce76c-2f75-4e7f-a570-20f9617d59da","7a0ce76c-2f75-4e7f-a570-20f9617d59da","text/plain","You currently have 18,450 SkyWave miles. You are at Premier tier.","SKYWAVE_PHASE_4_5","ae360997-7115-44c4-a6cd-2250c5f5ddd1","","-7.0","13:39:57","","",""
"Input","55bd87b1-0586-4452-a3fc-ead2b6f31a7b","ua0ce76c-2f75-4e7f-a570-20f9617d59da","7a0ce76c-2f75-4e7f-a570-20f9617d59da","text/plain","Great, thank you!","SKYWAVE_PHASE_4_5","d987f35b-491f-49d9-a901-ff17925b42fc","","-7.0","13:41:06","","",""
"Output","55bd87b1-0586-4452-a3fc-ead2b6f31a7b","aa0ce76c-2f75-4e7f-a570-20f9617d59da","7a0ce76c-2f75-4e7f-a570-20f9617d59da","text/plain","You are welcome. Is there anything else I can help with?","SKYWAVE_PHASE_4_5","7b8a285e-0b85-423f-acc7-aa230357284f","","-7.0","13:41:10","","",""
"Input","b1f43d8d-1cf9-4402-a0e4-ebb89ab99366","ud363ce9-c3ec-4b71-ac25-5b6a175d035c","8d363ce9-c3ec-4b71-ac25-5b6a175d035c","text/plain","Show me my upcoming bookings","SKYWAVE_PHASE_4_5","bd4fa984-ac75-4e9a-aa7b-493d37be7d6b","","-7.0","15:05:00","","",""
"Output","b1f43d8d-1cf9-4402-a0e4-ebb89ab99366","ad363ce9-c3ec-4b71-ac25-5b6a175d035c","8d363ce9-c3ec-4b71-ac25-5b6a175d035c","text/plain","You have one upcoming booking — LH 1927 BER-MUC-SFO, confirmed.","SKYWAVE_PHASE_4_5","e1c129bb-53e7-45ea-a0c9-019c30cb68c9","","-7.0","15:05:02","","",""
"Input","8e877f10-ea64-41b8-aa13-22a2e674b84f","ud363ce9-c3ec-4b71-ac25-5b6a175d035c","8d363ce9-c3ec-4b71-ac25-5b6a175d035c","text/plain","Great, thank you!","SKYWAVE_PHASE_4_5","72cc66c8-6b5a-424e-a41f-c453d45457e5","","-7.0","15:06:15","","",""
"Output","8e877f10-ea64-41b8-aa13-22a2e674b84f","ad363ce9-c3ec-4b71-ac25-5b6a175d035c","8d363ce9-c3ec-4b71-ac25-5b6a175d035c","text/plain","You are welcome. Is there anything else I can help with?","SKYWAVE_PHASE_4_5","b056e160-8c97-47b2-a348-85e2fc840143","","-7.0","15:06:17","","",""
"Input","a309e253-c12a-4488-ae7b-ffbca0d837c5","u4ebad70-293d-43a5-a0d0-8f887cb87097","34ebad70-293d-43a5-a0d0-8f887cb87097","text/plain","What is my tier status?","SKYWAVE_PHASE_4_5","237e1292-e336-49d0-a627-e2f65f2ab25a","","-6.0","18:19:00","","",""
"Output","a309e253-c12a-4488-ae7b-ffbca0d837c5","a4ebad70-293d-43a5-a0d0-8f887cb87097","34ebad70-293d-43a5-a0d0-8f887cb87097","text/plain","You are Gold tier with 14,200 qualifying points this year.","SKYWAVE_PHASE_4_5","b1c72574-cc6f-4e83-a587-b7fc07767356","","-6.0","18:19:03","","",""
"Input","95f6b81d-6a6a-4a6e-ac29-c015e15c9668","u4ebad70-293d-43a5-a0d0-8f887cb87097","34ebad70-293d-43a5-a0d0-8f887cb87097","text/plain","Great, thank you!","SKYWAVE_PHASE_4_5","f0349549-a6b5-400f-a5c1-70537306ece1","","-6.0","18:22:34","","",""
"Output","95f6b81d-6a6a-4a6e-ac29-c015e15c9668","a4ebad70-293d-43a5-a0d0-8f887cb87097","34ebad70-293d-43a5-a0d0-8f887cb87097","text/plain","You are welcome. Is there anything else I can help with?","SKYWAVE_PHASE_4_5","906882c8-f28d-42cd-a937-ac41ebd68ba9","","-6.0","18:22:36","","",""
"Input","14c401ed-11b9-4b43-acff-70130ff28cc5","u4ebad70-293d-43a5-a0d0-8f887cb87097","34ebad70-293d-43a5-a0d0-8f887cb87097","text/plain","Please correct my last name on booking ABC123","SKYWAVE_PHASE_4_5","edaccc31-55e7-45c6-a709-9092c4362c25","","-6.0","18:23:13","","",""
"Output","14c401ed-11b9-4b43-acff-70130ff28cc5","a4ebad70-293d-43a5-a0d0-8f887cb87097","34ebad70-293d-43a5-a0d0-8f887cb87097","text/plain","I have updated the passenger name on booking ABC123. A confirmation has been sent.","SKYWAVE_PHASE_4_5","bcd0f93a-4107-4b87-ab89-ba87e543205e","","-6.0","18:23:17","","",""
"Input","0b88ab6c-e1e4-4240-a73e-43e78e0bf4ff","u4ebad70-293d-43a5-a0d0-8f887cb87097","34ebad70-293d-43a5-a0d0-8f887cb87097","text/plain","Great, thank you!","SKYWAVE_PHASE_4_5","91666988-0561-4227-a745-fce2a5c447fa","","-6.0","18:25:48","","",""
"Output","0b88ab6c-e1e4-4240-a73e-43e78e0bf4ff","a4ebad70-293d-43a5-a0d0-8f887cb87097","34ebad70-293d-43a5-a0d0-8f887cb87097","text/plain","You are welcome. Is there anything else I can help with?","SKYWAVE_PHASE_4_5","962c5346-75ac-4578-a556-0420cbfc1cac","","-6.0","18:25:52","","",""
"Input","9d78e8ac-3533-481c-ab1e-02a198141aee","u6f70a93-2bc9-4def-aea9-8657a68bd12e","66f70a93-2bc9-4def-aea9-8657a68bd12e","text/plain","I want to select seat 1A for my flight","SKYWAVE_PHASE_4_5","abcfae68-7c8c-445e-a4b1-f2063385f515","","-3.0","09:34:00","","",""
"Output","9d78e8ac-3533-481c-ab1e-02a198141aee","a6f70a93-2bc9-4def-aea9-8657a68bd12e","66f70a93-2bc9-4def-aea9-8657a68bd12e","text/plain","I was unable to retrieve the seat map automatically and could not assign the seat.","SKYWAVE_PHASE_4_5","4adf0695-2b8e-41f5-af12-052b3a45a7ac","","-3.0","09:34:03","","",""
"Input","cec5172e-2909-4ac3-a417-6241c59eb856","u6f70a93-2bc9-4def-aea9-8657a68bd12e","66f70a93-2bc9-4def-aea9-8657a68bd12e","text/plain","This still is not working, I am frustrated.","SKYWAVE_PHASE_4_5","ad0765fe-308d-4184-ab6c-6d44dae66805","","-3.0","09:36:31","","",""
"Output","cec5172e-2909-4ac3-a417-6241c59eb856","a6f70a93-2bc9-4def-aea9-8657a68bd12e","66f70a93-2bc9-4def-aea9-8657a68bd12e","text/plain","I am sorry for the inconvenience. I was unable to resolve this for you.","SKYWAVE_PHASE_4_5","ca9ddb3e-06f9-4455-a145-7ca549afda80","","-3.0","09:36:34","","",""
"Input","9c7c3812-cfe5-4a5c-af74-ed70773e6247","u20ba675-49ee-4a70-af69-21bccf6bb7d4","a20ba675-49ee-4a70-af69-21bccf6bb7d4","text/plain","Tell me a joke","SKYWAVE_PHASE_4_5","a028feab-2fac-4415-af93-6f3a0d65141b","","-4.0","08:26:00","","",""
"Output","9c7c3812-cfe5-4a5c-af74-ed70773e6247","a20ba675-49ee-4a70-af69-21bccf6bb7d4","a20ba675-49ee-4a70-af69-21bccf6bb7d4","text/plain","I am a Skywave booking assistant. How can I help with your travel?","SKYWAVE_PHASE_4_5","444a7dee-259c-4959-adea-31027d866090","","-4.0","08:26:04","","",""
"Input","8e9b8ac0-5643-4303-ac73-0874e1f88322","u20ba675-49ee-4a70-af69-21bccf6bb7d4","a20ba675-49ee-4a70-af69-21bccf6bb7d4","text/plain","This still is not working, I am frustrated.","SKYWAVE_PHASE_4_5","561fd1b9-8f9f-4b0d-a2cc-ff14bd9df75a","","-4.0","08:27:54","","",""
"Output","8e9b8ac0-5643-4303-ac73-0874e1f88322","a20ba675-49ee-4a70-af69-21bccf6bb7d4","a20ba675-49ee-4a70-af69-21bccf6bb7d4","text/plain","I am sorry for the inconvenience. I was unable to resolve this for you.","SKYWAVE_PHASE_4_5","abeb883e-cb7d-4762-a488-9ce11e4066ae","","-4.0","08:27:58","","",""
"Input","af042bcf-1f7b-445e-a18d-4e155758648d","u45617bd-f7d5-424d-a37b-2cc54d99cdad","145617bd-f7d5-424d-a37b-2cc54d99cdad","text/plain","I want to change my seat to a window seat","SKYWAVE_PHASE_4_5","c264d50e-8723-4365-a9e3-2a567d6c6f4f","","-12.0","09:00:00","","",""
"Output","af042bcf-1f7b-445e-a18d-4e155758648d","a45617bd-f7d5-424d-a37b-2cc54d99cdad","145617bd-f7d5-424d-a37b-2cc54d99cdad","text/plain","Sorry, I am unable to change your seat right now. Please try again later.","SKYWAVE_PHASE_4_5","6c63defa-c880-4435-aa9e-c0681853d780","","-12.0","09:00:04","","",""
"Input","049c40f6-bda6-493d-a79d-8e53ceb6ec0d","u45617bd-f7d5-424d-a37b-2cc54d99cdad","145617bd-f7d5-424d-a37b-2cc54d99cdad","text/plain","This still is not working, I am frustrated.","SKYWAVE_PHASE_4_5","fe01ffe0-2ed4-4686-aa8f-3b42d480d282","","-12.0","09:01:07","","",""
"Output","049c40f6-bda6-493d-a79d-8e53ceb6ec0d","a45617bd-f7d5-424d-a37b-2cc54d99cdad","145617bd-f7d5-424d-a37b-2cc54d99cdad","text/plain","I am sorry for the inconvenience. I was unable to resolve this for you.","SKYWAVE_PHASE_4_5","1c735412-f37f-4cda-a6c3-1b0f56a80ab8","","-12.0","09:01:10","","",""
"Input","6adc1f08-700b-4d9c-ae7d-5fa7eb26e163","u45617bd-f7d5-424d-a37b-2cc54d99cdad","145617bd-f7d5-424d-a37b-2cc54d99cdad","text/plain","Can I move from 23B to an aisle seat?","SKYWAVE_PHASE_4_5","8ba8dbc7-55e9-4b16-a249-d2a4d2069d0e","","-12.0","09:04:22","","",""
"Output","6adc1f08-700b-4d9c-ae7d-5fa7eb26e163","a45617bd-f7d5-424d-a37b-2cc54d99cdad","145617bd-f7d5-424d-a37b-2cc54d99cdad","text/plain","I could not update your seat assignment. Please contact a service agent.","SKYWAVE_PHASE_4_5","13067c91-08b9-46d6-acb0-69d2cad717ce","","-12.0","09:04:25","","",""
"Input","a9342b48-2c6b-4ec4-af56-4f48ee0111ec","u45617bd-f7d5-424d-a37b-2cc54d99cdad","145617bd-f7d5-424d-a37b-2cc54d99cdad","text/plain","This still is not working, I am frustrated.","SKYWAVE_PHASE_4_5","408784f5-a2e8-4405-a072-f512e9e40570","","-12.0","09:05:36","","",""
"Output","a9342b48-2c6b-4ec4-af56-4f48ee0111ec","a45617bd-f7d5-424d-a37b-2cc54d99cdad","145617bd-f7d5-424d-a37b-2cc54d99cdad","text/plain","I am sorry for the inconvenience. I was unable to resolve this for you.","SKYWAVE_PHASE_4_5","e517703f-d34f-4794-ad0c-99b303f9fc78","","-12.0","09:05:39","","",""
"Input","a507931e-e419-48b4-aa7e-d6ce2b7fde14","udb350ac-b724-4424-ae6c-a3ae4e58879d","4db350ac-b724-4424-ae6c-a3ae4e58879d","text/plain","Cancel my booking ABC123","SKYWAVE_PHASE_4_5","354cdd62-8e9f-4227-a657-ab21a3a32cd5","","-10.0","10:40:00","","",""
"Output","a507931e-e419-48b4-aa7e-d6ce2b7fde14","adb350ac-b724-4424-ae6c-a3ae4e58879d","4db350ac-b724-4424-ae6c-a3ae4e58879d","text/plain","I have cancelled booking ABC123. A refund of $480 will be issued.","SKYWAVE_PHASE_4_5","926e053d-1b62-40cb-a7a8-92d487923ee2","","-10.0","10:40:04","","",""
"Input","86b9b360-b03d-4b15-a30f-c49fbce0752c","udb350ac-b724-4424-ae6c-a3ae4e58879d","4db350ac-b724-4424-ae6c-a3ae4e58879d","text/plain","Great, thank you!","SKYWAVE_PHASE_4_5","1affb494-92b1-4565-adf3-bb26225d4fae","","-10.0","10:40:29","","",""
"Output","86b9b360-b03d-4b15-a30f-c49fbce0752c","adb350ac-b724-4424-ae6c-a3ae4e58879d","4db350ac-b724-4424-ae6c-a3ae4e58879d","text/plain","You are welcome. Is there anything else I can help with?","SKYWAVE_PHASE_4_5","3e90ff8e-a981-436f-ad7b-6cd95688efa1","","-10.0","10:40:31","","",""
"Input","2a1ee837-18e0-41d5-a046-4fa355c97618","udb350ac-b724-4424-ae6c-a3ae4e58879d","4db350ac-b724-4424-ae6c-a3ae4e58879d","text/plain","I lost my luggage in Munich last week, can you help?","SKYWAVE_PHASE_4_5","7be0fc83-2071-4254-aa1f-42834a589945","","-10.0","10:41:13","","",""
"Output","2a1ee837-18e0-41d5-a046-4fa355c97618","adb350ac-b724-4424-ae6c-a3ae4e58879d","4db350ac-b724-4424-ae6c-a3ae4e58879d","text/plain","I have created case 00012345 for your lost luggage. We will contact you within 24 hours.","SKYWAVE_PHASE_4_5","1ab2c72f-a8e9-4729-aae6-d035dbc6cc82","","-10.0","10:41:16","","",""
"Input","9bca2ee1-f5b0-4ea9-a61b-8f3a3aca3150","udb350ac-b724-4424-ae6c-a3ae4e58879d","4db350ac-b724-4424-ae6c-a3ae4e58879d","text/plain","Great, thank you!","SKYWAVE_PHASE_4_5","23ab8f17-4c69-4745-ae1a-57881c397829","","-10.0","10:42:05","","",""
"Output","9bca2ee1-f5b0-4ea9-a61b-8f3a3aca3150","adb350ac-b724-4424-ae6c-a3ae4e58879d","4db350ac-b724-4424-ae6c-a3ae4e58879d","text/plain","You are welcome. Is there anything else I can help with?","SKYWAVE_PHASE_4_5","582dc564-e263-467b-af57-4e8f88f84165","","-10.0","10:42:08","","",""
"Input","310fca8d-c05f-4b6c-a6e7-a120f60adf83","udb350ac-b724-4424-ae6c-a3ae4e58879d","4db350ac-b724-4424-ae6c-a3ae4e58879d","text/plain","Show me my upcoming bookings","SKYWAVE_PHASE_4_5","da217b0c-f4cf-456c-ab44-33edff974c1f","","-10.0","10:44:24","","",""
"Output","310fca8d-c05f-4b6c-a6e7-a120f60adf83","adb350ac-b724-4424-ae6c-a3ae4e58879d","4db350ac-b724-4424-ae6c-a3ae4e58879d","text/plain","You have one upcoming booking — LH 1927 BER-MUC-SFO, confirmed.","SKYWAVE_PHASE_4_5","17bd9ccb-d3ab-449d-aac4-3808f378ca1b","","-10.0","10:44:26","","",""
"Input","c3bdc0e5-18a9-4d0c-afd7-e4328df12759","udb350ac-b724-4424-ae6c-a3ae4e58879d","4db350ac-b724-4424-ae6c-a3ae4e58879d","text/plain","Great, thank you!","SKYWAVE_PHASE_4_5","8b229f25-6e1e-42d8-a93c-e00463c7147b","","-10.0","10:47:41","","",""
"Output","c3bdc0e5-18a9-4d0c-afd7-e4328df12759","adb350ac-b724-4424-ae6c-a3ae4e58879d","4db350ac-b724-4424-ae6c-a3ae4e58879d","text/plain","You are welcome. Is there anything else I can help with?","SKYWAVE_PHASE_4_5","d15a548a-6816-4e5d-aa15-db1eaa329127","","-10.0","10:47:44","","",""
"Input","e0458874-1274-4b64-a621-30e5a972bd9b","u52c34b2-df40-4027-aef4-8a0b9013ea4d","752c34b2-df40-4027-aef4-8a0b9013ea4d","text/plain","My in-flight wifi did not work, I want a refund","SKYWAVE_PHASE_4_5","eb05d7fa-32f3-4306-a9c1-2f8d6424c2a7","","-8.0","11:48:00","","",""
"Output","e0458874-1274-4b64-a621-30e5a972bd9b","a52c34b2-df40-4027-aef4-8a0b9013ea4d","752c34b2-df40-4027-aef4-8a0b9013ea4d","text/plain","I have logged your complaint as case 00012346. A refund will be processed.","SKYWAVE_PHASE_4_5","9634eb38-e92b-4ba9-a16a-8254d1e53c45","","-8.0","11:48:03","","",""
"Input","4eca774e-c7d4-4c09-a49e-386de4c04a05","u52c34b2-df40-4027-aef4-8a0b9013ea4d","752c34b2-df40-4027-aef4-8a0b9013ea4d","text/plain","Great, thank you!","SKYWAVE_PHASE_4_5","32252146-e8e5-472b-ad59-33d9242f049f","","-8.0","11:52:18","","",""
"Output","4eca774e-c7d4-4c09-a49e-386de4c04a05","a52c34b2-df40-4027-aef4-8a0b9013ea4d","752c34b2-df40-4027-aef4-8a0b9013ea4d","text/plain","You are welcome. Is there anything else I can help with?","SKYWAVE_PHASE_4_5","b3c68ce7-b3f5-4c70-aa33-66fc8d1f9cc0","","-8.0","11:52:22","","",""
"Input","6795ac14-f826-4ea5-a15d-6fef070f62ca","u52c34b2-df40-4027-aef4-8a0b9013ea4d","752c34b2-df40-4027-aef4-8a0b9013ea4d","text/plain","Tell me a joke","SKYWAVE_PHASE_4_5","301ab3c1-eaa1-4db7-a994-2fa1c6097486","","-8.0","11:53:29","","",""
"Output","6795ac14-f826-4ea5-a15d-6fef070f62ca","a52c34b2-df40-4027-aef4-8a0b9013ea4d","752c34b2-df40-4027-aef4-8a0b9013ea4d","text/plain","I am a Skywave booking assistant. How can I help with your travel?","SKYWAVE_PHASE_4_5","54f9f24e-8004-4f7b-a9c9-b0b1e209baff","","-8.0","11:53:31","","",""
"Input","8c5edc68-7818-4a79-abb4-5fbc9944b8ac","u52c34b2-df40-4027-aef4-8a0b9013ea4d","752c34b2-df40-4027-aef4-8a0b9013ea4d","text/plain","Okay.","SKYWAVE_PHASE_4_5","4fbeddff-40c1-4f21-a7a9-fb9150c54888","","-8.0","11:58:11","","",""
"Output","8c5edc68-7818-4a79-abb4-5fbc9944b8ac","a52c34b2-df40-4027-aef4-8a0b9013ea4d","752c34b2-df40-4027-aef4-8a0b9013ea4d","text/plain","Understood. Anything else I can help with?","SKYWAVE_PHASE_4_5","91163cd7-84d7-4e45-ac70-3fc5c23939b6","","-8.0","11:58:13","","",""
"Input","6c43efd4-2824-4e36-abda-371305c51fa3","ud70bbac-c9f9-4a3a-a36b-5f12f2cab33e","7d70bbac-c9f9-4a3a-a36b-5f12f2cab33e","text/plain","Can I move from 23B to an aisle seat?","SKYWAVE_PHASE_4_5","a1fac2fb-ce08-43bb-a752-a2279177efdf","","-13.0","08:28:00","","",""
"Output","6c43efd4-2824-4e36-abda-371305c51fa3","ad70bbac-c9f9-4a3a-a36b-5f12f2cab33e","7d70bbac-c9f9-4a3a-a36b-5f12f2cab33e","text/plain","I could not update your seat assignment. Please contact a service agent.","SKYWAVE_PHASE_4_5","a0c51414-46a7-4ebc-ae3b-36d140769584","","-13.0","08:28:04","","",""
"Input","908f08be-fdc5-4e95-a195-8a4b3d9c871c","ud70bbac-c9f9-4a3a-a36b-5f12f2cab33e","7d70bbac-c9f9-4a3a-a36b-5f12f2cab33e","text/plain","This still is not working, I am frustrated.","SKYWAVE_PHASE_4_5","db3021ec-d01f-4dba-a12e-8536fdbe1b4a","","-13.0","08:28:49","","",""
"Output","908f08be-fdc5-4e95-a195-8a4b3d9c871c","ad70bbac-c9f9-4a3a-a36b-5f12f2cab33e","7d70bbac-c9f9-4a3a-a36b-5f12f2cab33e","text/plain","I am sorry for the inconvenience. I was unable to resolve this for you.","SKYWAVE_PHASE_4_5","60ee2d4a-749c-4072-ad01-9e926ad38845","","-13.0","08:28:51","","",""
"Input","746b36bd-452c-4dc4-a8e6-a56063028f65","uc4e836a-1f12-48e8-a0a7-354059f6d31a","3c4e836a-1f12-48e8-a0a7-354059f6d31a","text/plain","Can I move from 23B to an aisle seat?","SKYWAVE_PHASE_4_5","8ad41203-6d67-4694-ae2a-b60a33e74114","","-11.0","16:41:00","","",""
"Output","746b36bd-452c-4dc4-a8e6-a56063028f65","ac4e836a-1f12-48e8-a0a7-354059f6d31a","3c4e836a-1f12-48e8-a0a7-354059f6d31a","text/plain","I could not update your seat assignment. Please contact a service agent.","SKYWAVE_PHASE_4_5","8a60ba43-1cf0-475e-a06b-119c13c78695","","-11.0","16:41:03","","",""
"Input","d4ee7e77-867a-427d-a7b7-4b8b01345b81","uc4e836a-1f12-48e8-a0a7-354059f6d31a","3c4e836a-1f12-48e8-a0a7-354059f6d31a","text/plain","This still is not working, I am frustrated.","SKYWAVE_PHASE_4_5","89e89d0f-6b4a-4520-afb5-3ae691f90d0d","","-11.0","16:41:43","","",""
"Output","d4ee7e77-867a-427d-a7b7-4b8b01345b81","ac4e836a-1f12-48e8-a0a7-354059f6d31a","3c4e836a-1f12-48e8-a0a7-354059f6d31a","text/plain","I am sorry for the inconvenience. I was unable to resolve this for you.","SKYWAVE_PHASE_4_5","c51b3ddd-aaf0-4248-a581-51b98676bae7","","-11.0","16:41:46","","",""
"Input","d30d2dc9-6ab5-4a95-a6e2-1f22981d2e1c","u6a80598-a7da-46dd-ac8c-87fe5b910d51","46a80598-a7da-46dd-ac8c-87fe5b910d51","text/plain","Can I move from 23B to an aisle seat?","SKYWAVE_PHASE_4_5","38c08a1a-58b7-45a0-ac4c-4ebf9d0d7abc","","-12.0","14:26:00","","",""
"Output","d30d2dc9-6ab5-4a95-a6e2-1f22981d2e1c","a6a80598-a7da-46dd-ac8c-87fe5b910d51","46a80598-a7da-46dd-ac8c-87fe5b910d51","text/plain","I could not update your seat assignment. Please contact a service agent.","SKYWAVE_PHASE_4_5","8b04d703-2853-41dc-a378-0f2f2ad9b729","","-12.0","14:26:02","","",""
"Input","031c518f-deaf-421b-a160-5c826fded6a9","u6a80598-a7da-46dd-ac8c-87fe5b910d51","46a80598-a7da-46dd-ac8c-87fe5b910d51","text/plain","This still is not working, I am frustrated.","SKYWAVE_PHASE_4_5","27a5d301-9fd1-42d7-adf8-1691a6d6d755","","-12.0","14:27:06","","",""
"Output","031c518f-deaf-421b-a160-5c826fded6a9","a6a80598-a7da-46dd-ac8c-87fe5b910d51","46a80598-a7da-46dd-ac8c-87fe5b910d51","text/plain","I am sorry for the inconvenience. I was unable to resolve this for you.","SKYWAVE_PHASE_4_5","dc97cc9d-7645-4ae0-a76f-d5ea9c0fcce6","","-12.0","14:27:10","","",""
"Input","e9a0157c-3af7-4369-a3e9-350f40b61667","u6a80598-a7da-46dd-ac8c-87fe5b910d51","46a80598-a7da-46dd-ac8c-87fe5b910d51","text/plain","Please correct my last name on booking ABC123","SKYWAVE_PHASE_4_5","d3eb29a3-aa6e-400a-af60-95aa9aa21a94","","-12.0","14:30:08","","",""
"Output","e9a0157c-3af7-4369-a3e9-350f40b61667","a6a80598-a7da-46dd-ac8c-87fe5b910d51","46a80598-a7da-46dd-ac8c-87fe5b910d51","text/plain","I have updated the passenger name on booking ABC123. A confirmation has been sent.","SKYWAVE_PHASE_4_5","76c13118-5e85-4306-a33d-285607870ddc","","-12.0","14:30:12","","",""
"Input","b5b8d677-e595-406f-ac03-cc575078254c","u6a80598-a7da-46dd-ac8c-87fe5b910d51","46a80598-a7da-46dd-ac8c-87fe5b910d51","text/plain","Great, thank you!","SKYWAVE_PHASE_4_5","f56a1d05-96e8-43ff-a20c-fb32b04497db","","-12.0","14:30:31","","",""
"Output","b5b8d677-e595-406f-ac03-cc575078254c","a6a80598-a7da-46dd-ac8c-87fe5b910d51","46a80598-a7da-46dd-ac8c-87fe5b910d51","text/plain","You are welcome. Is there anything else I can help with?","SKYWAVE_PHASE_4_5","eba94951-40f9-431c-a4b8-9e31d4ba39d1","","-12.0","14:30:35","","",""
"Input","016f6f42-8ca6-4f13-add6-f0c59854382e","u896aff9-6e3f-47e5-aa62-254a49a02a30","7896aff9-6e3f-47e5-aa62-254a49a02a30","text/plain","I want to select seat 1A for my flight","SKYWAVE_PHASE_4_5","2d10fae9-a261-401e-af28-ca25d9017f1a","","-2.0","13:26:00","","",""
"Output","016f6f42-8ca6-4f13-add6-f0c59854382e","a896aff9-6e3f-47e5-aa62-254a49a02a30","7896aff9-6e3f-47e5-aa62-254a49a02a30","text/plain","I was unable to retrieve the seat map automatically and could not assign the seat.","SKYWAVE_PHASE_4_5","8c718c11-970c-4e72-afe0-9e87bc93f29f","","-2.0","13:26:03","","",""
"Input","64a0d2f3-98a2-43db-a31b-9b2b6f034951","u896aff9-6e3f-47e5-aa62-254a49a02a30","7896aff9-6e3f-47e5-aa62-254a49a02a30","text/plain","This still is not working, I am frustrated.","SKYWAVE_PHASE_4_5","ca5c01b3-e626-4a54-a159-4198ce1192d1","","-2.0","13:26:24","","",""
"Output","64a0d2f3-98a2-43db-a31b-9b2b6f034951","a896aff9-6e3f-47e5-aa62-254a49a02a30","7896aff9-6e3f-47e5-aa62-254a49a02a30","text/plain","I am sorry for the inconvenience. I was unable to resolve this for you.","SKYWAVE_PHASE_4_5","50f43f9a-1a4b-4a8a-afce-868e83fe809d","","-2.0","13:26:28","","",""
"Input","d8dac585-601b-43ce-a3cd-f4253eb9c4bb","u896aff9-6e3f-47e5-aa62-254a49a02a30","7896aff9-6e3f-47e5-aa62-254a49a02a30","text/plain","Please correct my last name on booking ABC123","SKYWAVE_PHASE_4_5","15c90b14-194a-4fbf-aaf4-05498e8e3eff","","-2.0","13:27:42","","",""
"Output","d8dac585-601b-43ce-a3cd-f4253eb9c4bb","a896aff9-6e3f-47e5-aa62-254a49a02a30","7896aff9-6e3f-47e5-aa62-254a49a02a30","text/plain","I have updated the passenger name on booking ABC123. A confirmation has been sent.","SKYWAVE_PHASE_4_5","d20f61c8-b565-42f6-a600-96610f3e6f23","","-2.0","13:27:46","","",""
"Input","8e70dbf4-d743-45bd-a369-904c879f166e","u896aff9-6e3f-47e5-aa62-254a49a02a30","7896aff9-6e3f-47e5-aa62-254a49a02a30","text/plain","Great, thank you!","SKYWAVE_PHASE_4_5","6c73e16f-d80b-4362-a9ae-661597275667","","-2.0","13:29:52","","",""
"Output","8e70dbf4-d743-45bd-a369-904c879f166e","a896aff9-6e3f-47e5-aa62-254a49a02a30","7896aff9-6e3f-47e5-aa62-254a49a02a30","text/plain","You are welcome. Is there anything else I can help with?","SKYWAVE_PHASE_4_5","e8ee2a4c-116d-4110-a08d-3c7f8759d10a","","-2.0","13:29:55","","",""
"Input","750e81c5-b91d-48fe-a700-87f469130c17","ud2bf299-355e-48ec-a68e-60e40e68bd86","bd2bf299-355e-48ec-a68e-60e40e68bd86","text/plain","What is my tier status?","SKYWAVE_PHASE_4_5","47098bb4-2e8f-4e35-ab58-2c0afe7067dd","","-6.0","15:24:00","","",""
"Output","750e81c5-b91d-48fe-a700-87f469130c17","ad2bf299-355e-48ec-a68e-60e40e68bd86","bd2bf299-355e-48ec-a68e-60e40e68bd86","text/plain","You are Gold tier with 14,200 qualifying points this year.","SKYWAVE_PHASE_4_5","f2224dd6-98f9-4da4-aff7-5a019acaf623","","-6.0","15:24:03","","",""
"Input","fad2def7-979f-490d-aa64-ebaac1fccfa9","ud2bf299-355e-48ec-a68e-60e40e68bd86","bd2bf299-355e-48ec-a68e-60e40e68bd86","text/plain","Great, thank you!","SKYWAVE_PHASE_4_5","e945126c-639e-48b8-a660-9300e344b78e","","-6.0","15:25:05","","",""
"Output","fad2def7-979f-490d-aa64-ebaac1fccfa9","ad2bf299-355e-48ec-a68e-60e40e68bd86","bd2bf299-355e-48ec-a68e-60e40e68bd86","text/plain","You are welcome. Is there anything else I can help with?","SKYWAVE_PHASE_4_5","eaed578b-bc65-473a-a50f-a3d349342fb5","","-6.0","15:25:08","","",""
"Input","8be980cf-06ba-4f0e-a5d9-f468104ee6cc","u80e9180-c191-4442-a167-154e5071518f","480e9180-c191-4442-a167-154e5071518f","text/plain","I want to select seat 1A for my flight","SKYWAVE_PHASE_4_5","cd73c58b-83f8-4caf-aa4c-fbfd448cd47b","","-10.0","12:42:00","","",""
"Output","8be980cf-06ba-4f0e-a5d9-f468104ee6cc","a80e9180-c191-4442-a167-154e5071518f","480e9180-c191-4442-a167-154e5071518f","text/plain","I was unable to retrieve the seat map automatically and could not assign the seat.","SKYWAVE_PHASE_4_5","298be291-153c-4b87-a26d-ff388d499c9f","","-10.0","12:42:02","","",""
"Input","372294e0-3bfc-403f-a2da-df73c97b81c3","u80e9180-c191-4442-a167-154e5071518f","480e9180-c191-4442-a167-154e5071518f","text/plain","This still is not working, I am frustrated.","SKYWAVE_PHASE_4_5","5bcfec2d-5d73-4cf7-a992-8ca3e4e02b0d","","-10.0","12:42:56","","",""
"Output","372294e0-3bfc-403f-a2da-df73c97b81c3","a80e9180-c191-4442-a167-154e5071518f","480e9180-c191-4442-a167-154e5071518f","text/plain","I am sorry for the inconvenience. I was unable to resolve this for you.","SKYWAVE_PHASE_4_5","21160ac4-bebf-465b-a91b-71624478adbb","","-10.0","12:42:58","","",""
"Input","a1e44b78-2a64-42dd-a13f-8fbf499fb3ec","u043ae46-0689-42ce-a21f-8a31e2fbd980","c043ae46-0689-42ce-a21f-8a31e2fbd980","text/plain","My first name is misspelled on my ticket","SKYWAVE_PHASE_4_5","f0aa530b-6f57-499c-ac17-e2a943adf788","","-4.0","18:22:00","","",""
"Output","a1e44b78-2a64-42dd-a13f-8fbf499fb3ec","a043ae46-0689-42ce-a21f-8a31e2fbd980","c043ae46-0689-42ce-a21f-8a31e2fbd980","text/plain","I have corrected the spelling on your ticket. Please review the updated itinerary.","SKYWAVE_PHASE_4_5","b6d8899c-cd58-47c3-a1e2-b691a17cef83","","-4.0","18:22:03","","",""
"Input","e04b8f28-962e-47c6-ac22-645d0f0260b4","u043ae46-0689-42ce-a21f-8a31e2fbd980","c043ae46-0689-42ce-a21f-8a31e2fbd980","text/plain","Great, thank you!","SKYWAVE_PHASE_4_5","b8006499-20b8-4217-af9d-1ddf62074af3","","-4.0","18:24:01","","",""
"Output","e04b8f28-962e-47c6-ac22-645d0f0260b4","a043ae46-0689-42ce-a21f-8a31e2fbd980","c043ae46-0689-42ce-a21f-8a31e2fbd980","text/plain","You are welcome. Is there anything else I can help with?","SKYWAVE_PHASE_4_5","d79991ef-bf1f-4801-ad75-344ccfc7b125","","-4.0","18:24:05","","",""
"Input","ffdfa13a-5603-4a77-a42f-13d96ea1ccad","u24f525b-d0f0-4d78-a695-56d09f356a84","a24f525b-d0f0-4d78-a695-56d09f356a84","text/plain","What is my tier status?","SKYWAVE_PHASE_4_5","71ce9d3e-3eda-42ec-a00c-2891e97905a6","","-14.0","08:27:00","","",""
"Output","ffdfa13a-5603-4a77-a42f-13d96ea1ccad","a24f525b-d0f0-4d78-a695-56d09f356a84","a24f525b-d0f0-4d78-a695-56d09f356a84","text/plain","You are Gold tier with 14,200 qualifying points this year.","SKYWAVE_PHASE_4_5","d1281145-e7c1-428b-a350-716b70744d68","","-14.0","08:27:04","","",""
"Input","f4111e62-d575-4f68-a300-2017567d62db","u24f525b-d0f0-4d78-a695-56d09f356a84","a24f525b-d0f0-4d78-a695-56d09f356a84","text/plain","Great, thank you!","SKYWAVE_PHASE_4_5","ff2800f4-e353-4e4c-a556-67c98b5c3025","","-14.0","08:27:24","","",""
"Output","f4111e62-d575-4f68-a300-2017567d62db","a24f525b-d0f0-4d78-a695-56d09f356a84","a24f525b-d0f0-4d78-a695-56d09f356a84","text/plain","You are welcome. Is there anything else I can help with?","SKYWAVE_PHASE_4_5","f77146dc-4279-4df3-a0ac-29e6cb3dbd33","","-14.0","08:27:28","","",""
"Input","7ac835a2-e1d4-49c6-a10e-b34d080f7fbc","u697d7cf-8bde-4810-aee5-3b07dc88636b","7697d7cf-8bde-4810-aee5-3b07dc88636b","text/plain","How many miles do I have?","SKYWAVE_PHASE_4_5","2015acac-9a88-4749-acac-3404b16bcc91","","-3.0","14:29:00","","",""
"Output","7ac835a2-e1d4-49c6-a10e-b34d080f7fbc","a697d7cf-8bde-4810-aee5-3b07dc88636b","7697d7cf-8bde-4810-aee5-3b07dc88636b","text/plain","You currently have 18,450 SkyWave miles. You are at Premier tier.","SKYWAVE_PHASE_4_5","d9e439b7-d842-4940-a010-fb82db301396","","-3.0","14:29:03","","",""
"Input","cd3349d4-1767-4f01-a7cb-bba6b222e163","u697d7cf-8bde-4810-aee5-3b07dc88636b","7697d7cf-8bde-4810-aee5-3b07dc88636b","text/plain","Great, thank you!","SKYWAVE_PHASE_4_5","151ec3c5-a637-4806-a394-0153cb7f5a37","","-3.0","14:33:34","","",""
"Output","cd3349d4-1767-4f01-a7cb-bba6b222e163","a697d7cf-8bde-4810-aee5-3b07dc88636b","7697d7cf-8bde-4810-aee5-3b07dc88636b","text/plain","You are welcome. Is there anything else I can help with?","SKYWAVE_PHASE_4_5","3baad02f-a550-467c-ab01-4f2a4fd07878","","-3.0","14:33:38","","",""
"Input","e0d8defd-3035-433d-a440-6f9fee95ffc9","u697d7cf-8bde-4810-aee5-3b07dc88636b","7697d7cf-8bde-4810-aee5-3b07dc88636b","text/plain","I want to select seat 1A for my flight","SKYWAVE_PHASE_4_5","4c548888-a0e8-4a2d-ac8b-40d838ac9dfb","","-3.0","14:34:47","","",""
"Output","e0d8defd-3035-433d-a440-6f9fee95ffc9","a697d7cf-8bde-4810-aee5-3b07dc88636b","7697d7cf-8bde-4810-aee5-3b07dc88636b","text/plain","I was unable to retrieve the seat map automatically and could not assign the seat.","SKYWAVE_PHASE_4_5","54bba981-9ab5-4e6e-a531-e960ed3e6283","","-3.0","14:34:49","","",""
"Input","6da2150b-6003-4d36-ab0d-d36f18ec2632","u697d7cf-8bde-4810-aee5-3b07dc88636b","7697d7cf-8bde-4810-aee5-3b07dc88636b","text/plain","This still is not working, I am frustrated.","SKYWAVE_PHASE_4_5","c6c4e122-a796-4177-a44c-340d65929617","","-3.0","14:35:04","","",""
"Output","6da2150b-6003-4d36-ab0d-d36f18ec2632","a697d7cf-8bde-4810-aee5-3b07dc88636b","7697d7cf-8bde-4810-aee5-3b07dc88636b","text/plain","I am sorry for the inconvenience. I was unable to resolve this for you.","SKYWAVE_PHASE_4_5","f0fce9c9-6cdd-46fe-abc2-dd1d6c64469e","","-3.0","14:35:08","","",""
"Input","9b7b247a-a0b6-41e2-aec1-10367f76dafc","ub2a38e1-500c-457d-a088-520f6ac0b6a6","cb2a38e1-500c-457d-a088-520f6ac0b6a6","text/plain","What is my tier status?","SKYWAVE_PHASE_4_5","56357a7c-4026-4761-acc3-2d053da8d552","","-2.0","15:10:00","","",""
"Output","9b7b247a-a0b6-41e2-aec1-10367f76dafc","ab2a38e1-500c-457d-a088-520f6ac0b6a6","cb2a38e1-500c-457d-a088-520f6ac0b6a6","text/plain","You are Gold tier with 14,200 qualifying points this year.","SKYWAVE_PHASE_4_5","2da62700-317d-484d-ac9e-c82251020f39","","-2.0","15:10:02","","",""
"Input","58c4c6d3-0b07-4b9d-a064-382581b0221f","ub2a38e1-500c-457d-a088-520f6ac0b6a6","cb2a38e1-500c-457d-a088-520f6ac0b6a6","text/plain","Great, thank you!","SKYWAVE_PHASE_4_5","d9b0e201-f87e-4867-a368-928515c995d2","","-2.0","15:10:36","","",""
"Output","58c4c6d3-0b07-4b9d-a064-382581b0221f","ab2a38e1-500c-457d-a088-520f6ac0b6a6","cb2a38e1-500c-457d-a088-520f6ac0b6a6","text/plain","You are welcome. Is there anything else I can help with?","SKYWAVE_PHASE_4_5","6c330d7a-25e5-4bf6-a19d-dcac14f92f97","","-2.0","15:10:39","","",""
"Input","d7a4d61f-8738-4952-a136-78666b56647b","uc687b10-1990-4ddd-a8d1-80dd5b759693","9c687b10-1990-4ddd-a8d1-80dd5b759693","text/plain","I want to change my seat to a window seat","SKYWAVE_PHASE_4_5","1a85d85a-f76f-4542-aa16-4bd4153481a7","","-8.0","17:14:00","","",""
"Output","d7a4d61f-8738-4952-a136-78666b56647b","ac687b10-1990-4ddd-a8d1-80dd5b759693","9c687b10-1990-4ddd-a8d1-80dd5b759693","text/plain","Sorry, I am unable to change your seat right now. Please try again later.","SKYWAVE_PHASE_4_5","0006adac-bcde-4eac-aa23-912eaac18e6c","","-8.0","17:14:02","","",""
"Input","4d3add6e-1d42-45cf-a20d-b3ccf9994ef5","uc687b10-1990-4ddd-a8d1-80dd5b759693","9c687b10-1990-4ddd-a8d1-80dd5b759693","text/plain","This still is not working, I am frustrated.","SKYWAVE_PHASE_4_5","eadabcf5-950c-4a95-a14f-52c8bd27ec23","","-8.0","17:14:29","","",""
"Output","4d3add6e-1d42-45cf-a20d-b3ccf9994ef5","ac687b10-1990-4ddd-a8d1-80dd5b759693","9c687b10-1990-4ddd-a8d1-80dd5b759693","text/plain","I am sorry for the inconvenience. I was unable to resolve this for you.","SKYWAVE_PHASE_4_5","0c2c95dc-bdac-4764-a5f3-d82cd0756068","","-8.0","17:14:32","","",""
"Input","82ec42c2-b684-47fb-a618-29d9b3681d4f","uc687b10-1990-4ddd-a8d1-80dd5b759693","9c687b10-1990-4ddd-a8d1-80dd5b759693","text/plain","I want to change my seat to a window seat","SKYWAVE_PHASE_4_5","a50408cc-a2f4-4713-a5e2-5784f9e62b6f","","-8.0","17:15:29","","",""
"Output","82ec42c2-b684-47fb-a618-29d9b3681d4f","ac687b10-1990-4ddd-a8d1-80dd5b759693","9c687b10-1990-4ddd-a8d1-80dd5b759693","text/plain","Sorry, I am unable to change your seat right now. Please try again later.","SKYWAVE_PHASE_4_5","bc968e37-2238-4677-a0c1-fa2f15d89012","","-8.0","17:15:32","","",""
"Input","aa847594-ca8b-448c-a551-d3c4f53691f5","uc687b10-1990-4ddd-a8d1-80dd5b759693","9c687b10-1990-4ddd-a8d1-80dd5b759693","text/plain","This still is not working, I am frustrated.","SKYWAVE_PHASE_4_5","12153102-a6ba-416c-a95a-83db97855653","","-8.0","17:16:29","","",""
"Output","aa847594-ca8b-448c-a551-d3c4f53691f5","ac687b10-1990-4ddd-a8d1-80dd5b759693","9c687b10-1990-4ddd-a8d1-80dd5b759693","text/plain","I am sorry for the inconvenience. I was unable to resolve this for you.","SKYWAVE_PHASE_4_5","e9a4a723-6d44-4d40-ab17-ac3856bbe65f","","-8.0","17:16:31","","",""
"Input","1676d3e7-55b8-4c98-aa63-9adb4007d2b3","uc687b10-1990-4ddd-a8d1-80dd5b759693","9c687b10-1990-4ddd-a8d1-80dd5b759693","text/plain","I want to change my seat to a window seat","SKYWAVE_PHASE_4_5","3cfca182-acf4-4519-abee-2481b4388d13","","-8.0","17:17:28","","",""
"Output","1676d3e7-55b8-4c98-aa63-9adb4007d2b3","ac687b10-1990-4ddd-a8d1-80dd5b759693","9c687b10-1990-4ddd-a8d1-80dd5b759693","text/plain","Sorry, I am unable to change your seat right now. Please try again later.","SKYWAVE_PHASE_4_5","203fe353-67f9-4aae-ac12-0cca8ff0e64e","","-8.0","17:17:31","","",""
"Input","9ab98af4-78d9-473c-a0d3-5b74054e4842","uc687b10-1990-4ddd-a8d1-80dd5b759693","9c687b10-1990-4ddd-a8d1-80dd5b759693","text/plain","This still is not working, I am frustrated.","SKYWAVE_PHASE_4_5","4d681057-767d-4cd2-ad1d-cd688884e452","","-8.0","17:18:10","","",""
"Output","9ab98af4-78d9-473c-a0d3-5b74054e4842","ac687b10-1990-4ddd-a8d1-80dd5b759693","9c687b10-1990-4ddd-a8d1-80dd5b759693","text/plain","I am sorry for the inconvenience. I was unable to resolve this for you.","SKYWAVE_PHASE_4_5","27e86175-257f-426f-a042-2acccca535ac","","-8.0","17:18:14","","",""
"Input","138154d2-3054-4dd8-a6e7-b19a4c76d296","ua7dd6fd-df5b-4202-a34b-3b437c23dd41","2a7dd6fd-df5b-4202-a34b-3b437c23dd41","text/plain","Cancel my booking ABC123","SKYWAVE_PHASE_4_5","ff5514ba-2f28-4178-af1e-b765e13355ef","","-1.0","09:56:00","","",""
"Output","138154d2-3054-4dd8-a6e7-b19a4c76d296","aa7dd6fd-df5b-4202-a34b-3b437c23dd41","2a7dd6fd-df5b-4202-a34b-3b437c23dd41","text/plain","I have cancelled booking ABC123. A refund of $480 will be issued.","SKYWAVE_PHASE_4_5","b80e4dd1-53fb-4323-a7ad-9ffdf9ed665a","","-1.0","09:56:02","","",""
"Input","48fab597-e447-49e6-a694-16b703e12160","ua7dd6fd-df5b-4202-a34b-3b437c23dd41","2a7dd6fd-df5b-4202-a34b-3b437c23dd41","text/plain","Great, thank you!","SKYWAVE_PHASE_4_5","360f37e5-3338-4dc5-a492-02b0d88ef278","","-1.0","09:56:43","","",""
"Output","48fab597-e447-49e6-a694-16b703e12160","aa7dd6fd-df5b-4202-a34b-3b437c23dd41","2a7dd6fd-df5b-4202-a34b-3b437c23dd41","text/plain","You are welcome. Is there anything else I can help with?","SKYWAVE_PHASE_4_5","f47adebe-e235-4373-a3a6-65a3abc69caf","","-1.0","09:56:46","","",""
"Input","8c6abb1a-6588-4bc4-a458-5b1a557022ae","ua7dd6fd-df5b-4202-a34b-3b437c23dd41","2a7dd6fd-df5b-4202-a34b-3b437c23dd41","text/plain","Tell me a joke","SKYWAVE_PHASE_4_5","b95f385a-2e75-4519-a666-dacd190fee53","","-1.0","09:57:11","","",""
"Output","8c6abb1a-6588-4bc4-a458-5b1a557022ae","aa7dd6fd-df5b-4202-a34b-3b437c23dd41","2a7dd6fd-df5b-4202-a34b-3b437c23dd41","text/plain","I am a Skywave booking assistant. How can I help with your travel?","SKYWAVE_PHASE_4_5","654f8f48-8958-459a-ac1d-5ef639b71a63","","-1.0","09:57:14","","",""
"Input","e939f0c5-af43-4b6d-a421-d9dba607d418","ua7dd6fd-df5b-4202-a34b-3b437c23dd41","2a7dd6fd-df5b-4202-a34b-3b437c23dd41","text/plain","This still is not working, I am frustrated.","SKYWAVE_PHASE_4_5","0d0e6b8d-e252-42f0-ab1e-29c0db5bdbad","","-1.0","09:58:10","","",""
"Output","e939f0c5-af43-4b6d-a421-d9dba607d418","aa7dd6fd-df5b-4202-a34b-3b437c23dd41","2a7dd6fd-df5b-4202-a34b-3b437c23dd41","text/plain","I am sorry for the inconvenience. I was unable to resolve this for you.","SKYWAVE_PHASE_4_5","2bd9a7a7-e1d4-499c-a147-3d07730a5327","","-1.0","09:58:14","","",""
"Input","cece7d07-a6f9-4757-a289-f71e1a0d5459","u55eee1d-a6e1-4ab2-ab49-5a29adda8d38","c55eee1d-a6e1-4ab2-ab49-5a29adda8d38","text/plain","My in-flight wifi did not work, I want a refund","SKYWAVE_PHASE_4_5","13982874-a02f-4d73-a57a-ba9b85ba4c72","","-14.0","09:54:00","","",""
"Output","cece7d07-a6f9-4757-a289-f71e1a0d5459","a55eee1d-a6e1-4ab2-ab49-5a29adda8d38","c55eee1d-a6e1-4ab2-ab49-5a29adda8d38","text/plain","I have logged your complaint as case 00012346. A refund will be processed.","SKYWAVE_PHASE_4_5","a1778ea8-da45-4c8b-ac2a-9712dff94ff4","","-14.0","09:54:02","","",""
"Input","a90bf541-bfe0-43fb-af4e-38685e5b0eb9","u55eee1d-a6e1-4ab2-ab49-5a29adda8d38","c55eee1d-a6e1-4ab2-ab49-5a29adda8d38","text/plain","Great, thank you!","SKYWAVE_PHASE_4_5","21f170f1-e52a-47f7-ac30-0c6933576634","","-14.0","09:55:04","","",""
"Output","a90bf541-bfe0-43fb-af4e-38685e5b0eb9","a55eee1d-a6e1-4ab2-ab49-5a29adda8d38","c55eee1d-a6e1-4ab2-ab49-5a29adda8d38","text/plain","You are welcome. Is there anything else I can help with?","SKYWAVE_PHASE_4_5","549e855e-57a0-4ecb-a480-7202383b8f80","","-14.0","09:55:07","","",""
"Input","bf2486c0-38e9-4c06-a036-6e693b7bb9c9","u3a231b5-472e-439d-a567-e37d68fe5204","a3a231b5-472e-439d-a567-e37d68fe5204","text/plain","Cancel my booking ABC123","SKYWAVE_PHASE_4_5","96899a73-0e6b-4488-a124-b3465b2bf271","","-6.0","15:34:00","","",""
"Output","bf2486c0-38e9-4c06-a036-6e693b7bb9c9","a3a231b5-472e-439d-a567-e37d68fe5204","a3a231b5-472e-439d-a567-e37d68fe5204","text/plain","I have cancelled booking ABC123. A refund of $480 will be issued.","SKYWAVE_PHASE_4_5","f5ee1883-c2f2-44fb-ac7e-b13003c67194","","-6.0","15:34:03","","",""
"Input","cbc49ab6-4cef-4a9d-a5cd-17c3c3d6b28b","u3a231b5-472e-439d-a567-e37d68fe5204","a3a231b5-472e-439d-a567-e37d68fe5204","text/plain","Great, thank you!","SKYWAVE_PHASE_4_5","1bf1b236-94ed-46d2-a060-5cbd29bf3977","","-6.0","15:34:54","","",""
"Output","cbc49ab6-4cef-4a9d-a5cd-17c3c3d6b28b","a3a231b5-472e-439d-a567-e37d68fe5204","a3a231b5-472e-439d-a567-e37d68fe5204","text/plain","You are welcome. Is there anything else I can help with?","SKYWAVE_PHASE_4_5","e5a6bfc1-cedd-4807-a025-098be3861dc6","","-6.0","15:34:56","","",""
"Input","873890b6-60c1-4be7-a273-93a7c8891b1f","u3a231b5-472e-439d-a567-e37d68fe5204","a3a231b5-472e-439d-a567-e37d68fe5204","text/plain","My first name is misspelled on my ticket","SKYWAVE_PHASE_4_5","07a0d8d0-54af-41a0-acc7-4589d563a192","","-6.0","15:35:32","","",""
"Output","873890b6-60c1-4be7-a273-93a7c8891b1f","a3a231b5-472e-439d-a567-e37d68fe5204","a3a231b5-472e-439d-a567-e37d68fe5204","text/plain","I have corrected the spelling on your ticket. Please review the updated itinerary.","SKYWAVE_PHASE_4_5","67547421-0db9-4f81-ad12-7bbec070b4f4","","-6.0","15:35:35","","",""
"Input","b8784da9-dbdb-489d-a220-27d1ae74e8e3","u3a231b5-472e-439d-a567-e37d68fe5204","a3a231b5-472e-439d-a567-e37d68fe5204","text/plain","Great, thank you!","SKYWAVE_PHASE_4_5","d79ad4bd-a1cc-4ff2-a871-aa8e1ab73ab6","","-6.0","15:36:17","","",""
"Output","b8784da9-dbdb-489d-a220-27d1ae74e8e3","a3a231b5-472e-439d-a567-e37d68fe5204","a3a231b5-472e-439d-a567-e37d68fe5204","text/plain","You are welcome. Is there anything else I can help with?","SKYWAVE_PHASE_4_5","cdeb6524-1ed3-490a-a570-0c4e6790b588","","-6.0","15:36:20","","",""
"Input","5e89779e-9124-44db-a1c5-0b628103ac5a","u6c4d933-dfa3-475d-a904-70b6e882f394","26c4d933-dfa3-475d-a904-70b6e882f394","text/plain","Show me my upcoming bookings","SKYWAVE_PHASE_4_5","c010bd56-dafa-4fde-aab5-454c1977953f","","-12.0","15:43:00","","",""
"Output","5e89779e-9124-44db-a1c5-0b628103ac5a","a6c4d933-dfa3-475d-a904-70b6e882f394","26c4d933-dfa3-475d-a904-70b6e882f394","text/plain","You have one upcoming booking — LH 1927 BER-MUC-SFO, confirmed.","SKYWAVE_PHASE_4_5","ff88c1b3-063d-41cf-acf7-a34561a1325a","","-12.0","15:43:03","","",""
"Input","37b271b3-94ca-42d5-acd7-69fc113a1aa4","u6c4d933-dfa3-475d-a904-70b6e882f394","26c4d933-dfa3-475d-a904-70b6e882f394","text/plain","Great, thank you!","SKYWAVE_PHASE_4_5","968b872e-8738-4118-af53-12cf733d501e","","-12.0","15:43:40","","",""
"Output","37b271b3-94ca-42d5-acd7-69fc113a1aa4","a6c4d933-dfa3-475d-a904-70b6e882f394","26c4d933-dfa3-475d-a904-70b6e882f394","text/plain","You are welcome. Is there anything else I can help with?","SKYWAVE_PHASE_4_5","c7691940-9565-491a-a5f6-033700d4b003","","-12.0","15:43:42","","",""
"Input","13f2e7e6-32be-4fa5-a80d-7be43c724f1b","u6c4d933-dfa3-475d-a904-70b6e882f394","26c4d933-dfa3-475d-a904-70b6e882f394","text/plain","My in-flight wifi did not work, I want a refund","SKYWAVE_PHASE_4_5","9ee21e62-376a-4e44-a079-111ba10e36df","","-12.0","15:44:45","","",""
"Output","13f2e7e6-32be-4fa5-a80d-7be43c724f1b","a6c4d933-dfa3-475d-a904-70b6e882f394","26c4d933-dfa3-475d-a904-70b6e882f394","text/plain","I have logged your complaint as case 00012346. A refund will be processed.","SKYWAVE_PHASE_4_5","276ef78e-1492-4266-a03b-a8e5632b2d15","","-12.0","15:44:48","","",""
"Input","3bcf0e4a-8771-4f5b-aae8-9485da161fbd","u6c4d933-dfa3-475d-a904-70b6e882f394","26c4d933-dfa3-475d-a904-70b6e882f394","text/plain","Great, thank you!","SKYWAVE_PHASE_4_5","cdbc1001-c642-494a-a066-fbc38ab1f849","","-12.0","15:45:15","","",""
"Output","3bcf0e4a-8771-4f5b-aae8-9485da161fbd","a6c4d933-dfa3-475d-a904-70b6e882f394","26c4d933-dfa3-475d-a904-70b6e882f394","text/plain","You are welcome. Is there anything else I can help with?","SKYWAVE_PHASE_4_5","b2970b3a-46ca-43a3-a62b-4e8a1acda25e","","-12.0","15:45:18","","",""
"Input","19675dcd-f307-44ed-acc3-e0b43e93f925","uc1db1c6-ab06-4b4d-a937-96244a41fb01","5c1db1c6-ab06-4b4d-a937-96244a41fb01","text/plain","Can I move from 23B to an aisle seat?","SKYWAVE_PHASE_4_5","8f37f1de-45f4-4edc-a2ad-2dba78327d74","","-8.0","19:05:00","","",""
"Output","19675dcd-f307-44ed-acc3-e0b43e93f925","ac1db1c6-ab06-4b4d-a937-96244a41fb01","5c1db1c6-ab06-4b4d-a937-96244a41fb01","text/plain","I could not update your seat assignment. Please contact a service agent.","SKYWAVE_PHASE_4_5","8e83c4f1-b13a-4d07-ad0c-6ac27d0b3f34","","-8.0","19:05:03","","",""
"Input","8cb1e241-f517-4770-a9c2-189e76194c27","uc1db1c6-ab06-4b4d-a937-96244a41fb01","5c1db1c6-ab06-4b4d-a937-96244a41fb01","text/plain","This still is not working, I am frustrated.","SKYWAVE_PHASE_4_5","68145ea3-07bb-4e8f-a3fa-071cd6c1b69a","","-8.0","19:06:10","","",""
"Output","8cb1e241-f517-4770-a9c2-189e76194c27","ac1db1c6-ab06-4b4d-a937-96244a41fb01","5c1db1c6-ab06-4b4d-a937-96244a41fb01","text/plain","I am sorry for the inconvenience. I was unable to resolve this for you.","SKYWAVE_PHASE_4_5","5ed39826-8b53-4fdd-aa5f-942b43747400","","-8.0","19:06:14","","",""
"Input","120062bf-e530-4e3b-acde-53f1a8601bd3","uc1db1c6-ab06-4b4d-a937-96244a41fb01","5c1db1c6-ab06-4b4d-a937-96244a41fb01","text/plain","What is my tier status?","SKYWAVE_PHASE_4_5","6d2b8c26-edd3-4a32-a54f-20c60511c8dc","","-8.0","19:07:26","","",""
"Output","120062bf-e530-4e3b-acde-53f1a8601bd3","ac1db1c6-ab06-4b4d-a937-96244a41fb01","5c1db1c6-ab06-4b4d-a937-96244a41fb01","text/plain","You are Gold tier with 14,200 qualifying points this year.","SKYWAVE_PHASE_4_5","1f944280-cdaf-4b66-acdc-027975cf9acb","","-8.0","19:07:30","","",""
"Input","18444197-0c8c-4594-ab94-1ddb81b230a3","uc1db1c6-ab06-4b4d-a937-96244a41fb01","5c1db1c6-ab06-4b4d-a937-96244a41fb01","text/plain","Great, thank you!","SKYWAVE_PHASE_4_5","5e6b58d6-07b7-4476-a65a-4808effe77d8","","-8.0","19:08:29","","",""
"Output","18444197-0c8c-4594-ab94-1ddb81b230a3","ac1db1c6-ab06-4b4d-a937-96244a41fb01","5c1db1c6-ab06-4b4d-a937-96244a41fb01","text/plain","You are welcome. Is there anything else I can help with?","SKYWAVE_PHASE_4_5","9a084cdc-0e94-45a5-a8d4-97046d06db5b","","-8.0","19:08:32","","",""
"Input","796d1b56-eb97-4365-a870-2bc931606e9e","uc1db1c6-ab06-4b4d-a937-96244a41fb01","5c1db1c6-ab06-4b4d-a937-96244a41fb01","text/plain","Cancel my booking ABC123","SKYWAVE_PHASE_4_5","c403ac36-88bf-47cd-ad1e-2a70ba6098c8","","-8.0","19:09:17","","",""
"Output","796d1b56-eb97-4365-a870-2bc931606e9e","ac1db1c6-ab06-4b4d-a937-96244a41fb01","5c1db1c6-ab06-4b4d-a937-96244a41fb01","text/plain","I have cancelled booking ABC123. A refund of $480 will be issued.","SKYWAVE_PHASE_4_5","c457ca1d-f1a5-4072-a88f-68be8666f816","","-8.0","19:09:19","","",""
"Input","d137980e-7e68-461a-abda-c560a1ed1f94","uc1db1c6-ab06-4b4d-a937-96244a41fb01","5c1db1c6-ab06-4b4d-a937-96244a41fb01","text/plain","Great, thank you!","SKYWAVE_PHASE_4_5","408572cd-74b2-4286-ad52-bebd5937f75d","","-8.0","19:10:50","","",""
"Output","d137980e-7e68-461a-abda-c560a1ed1f94","ac1db1c6-ab06-4b4d-a937-96244a41fb01","5c1db1c6-ab06-4b4d-a937-96244a41fb01","text/plain","You are welcome. Is there anything else I can help with?","SKYWAVE_PHASE_4_5","a1d587d0-ea07-446d-a3b5-69b54d171804","","-8.0","19:10:53","","",""
"Input","a49cf9b0-82b4-418a-acec-4b356803d129","ub184498-3c60-4c3e-a3f2-70b4a42ac055","3b184498-3c60-4c3e-a3f2-70b4a42ac055","text/plain","How many miles do I have?","SKYWAVE_PHASE_4_5","80e79e8d-253e-4705-a82a-8e18dadbd75d","","-6.0","16:57:00","","",""
"Output","a49cf9b0-82b4-418a-acec-4b356803d129","ab184498-3c60-4c3e-a3f2-70b4a42ac055","3b184498-3c60-4c3e-a3f2-70b4a42ac055","text/plain","You currently have 18,450 SkyWave miles. You are at Premier tier.","SKYWAVE_PHASE_4_5","4fcf46fb-47bf-4dba-a969-8b78ebb9e466","","-6.0","16:57:02","","",""
"Input","eea382f9-3104-4fdc-abd9-84355cae5952","ub184498-3c60-4c3e-a3f2-70b4a42ac055","3b184498-3c60-4c3e-a3f2-70b4a42ac055","text/plain","Great, thank you!","SKYWAVE_PHASE_4_5","bd80abd8-2cb2-4905-a922-3937d6e1fe32","","-6.0","16:57:47","","",""
"Output","eea382f9-3104-4fdc-abd9-84355cae5952","ab184498-3c60-4c3e-a3f2-70b4a42ac055","3b184498-3c60-4c3e-a3f2-70b4a42ac055","text/plain","You are welcome. Is there anything else I can help with?","SKYWAVE_PHASE_4_5","80441462-409e-4bda-afbd-a55f6b5e4097","","-6.0","16:57:49","","",""
"Input","8747d6ca-78b5-45be-a0e6-c5e0af9234c9","ub184498-3c60-4c3e-a3f2-70b4a42ac055","3b184498-3c60-4c3e-a3f2-70b4a42ac055","text/plain","How many miles do I have?","SKYWAVE_PHASE_4_5","cdd48e3e-987f-4914-acc7-3403bf6baf7e","","-6.0","16:58:32","","",""
"Output","8747d6ca-78b5-45be-a0e6-c5e0af9234c9","ab184498-3c60-4c3e-a3f2-70b4a42ac055","3b184498-3c60-4c3e-a3f2-70b4a42ac055","text/plain","You currently have 18,450 SkyWave miles. You are at Premier tier.","SKYWAVE_PHASE_4_5","ecc1b6e6-5b61-427d-a029-f06ddbab1dae","","-6.0","16:58:34","","",""
"Input","82372e7f-ff77-4a2d-a78d-5459d1c53f1e","ub184498-3c60-4c3e-a3f2-70b4a42ac055","3b184498-3c60-4c3e-a3f2-70b4a42ac055","text/plain","Great, thank you!","SKYWAVE_PHASE_4_5","21614745-a646-4851-a984-5e828c3aff82","","-6.0","16:59:08","","",""
"Output","82372e7f-ff77-4a2d-a78d-5459d1c53f1e","ab184498-3c60-4c3e-a3f2-70b4a42ac055","3b184498-3c60-4c3e-a3f2-70b4a42ac055","text/plain","You are welcome. Is there anything else I can help with?","SKYWAVE_PHASE_4_5","812328d9-3f27-4794-a3f0-224afc9cc839","","-6.0","16:59:10","","",""
"Input","452c5dec-647a-4b10-a164-c743e9f38d36","u4e4ce99-5cc8-4a8c-acd6-182f101fb36b","74e4ce99-5cc8-4a8c-acd6-182f101fb36b","text/plain","Find flights from JFK to HND tomorrow","SKYWAVE_PHASE_4_5","93fe7441-8a70-4a00-aa88-6ea98f5ca03d","","-6.0","12:18:00","","",""
"Output","452c5dec-647a-4b10-a164-c743e9f38d36","a4e4ce99-5cc8-4a8c-acd6-182f101fb36b","74e4ce99-5cc8-4a8c-acd6-182f101fb36b","text/plain","I found 4 flights for that route. The cheapest is SW1200 at 1pm for $1,280.","SKYWAVE_PHASE_4_5","b0eece01-ef00-40b7-a527-2f3590a69dab","","-6.0","12:18:03","","",""
"Input","4644fcf5-e365-4ef4-aa4d-764ece648cdb","u4e4ce99-5cc8-4a8c-acd6-182f101fb36b","74e4ce99-5cc8-4a8c-acd6-182f101fb36b","text/plain","Great, thank you!","SKYWAVE_PHASE_4_5","1c8afb26-9925-4cca-a1bb-dd2b81531389","","-6.0","12:19:12","","",""
"Output","4644fcf5-e365-4ef4-aa4d-764ece648cdb","a4e4ce99-5cc8-4a8c-acd6-182f101fb36b","74e4ce99-5cc8-4a8c-acd6-182f101fb36b","text/plain","You are welcome. Is there anything else I can help with?","SKYWAVE_PHASE_4_5","462bc37a-bc9e-4d7d-a362-1e76dbbf1b2b","","-6.0","12:19:16","","",""
"Input","16dca90e-9025-40a1-aec9-70ec20f6e02c","u4e4ce99-5cc8-4a8c-acd6-182f101fb36b","74e4ce99-5cc8-4a8c-acd6-182f101fb36b","text/plain","I want to change my seat to a window seat","SKYWAVE_PHASE_4_5","f9d470c6-9883-4f38-ab8a-0a6b656867ee","","-6.0","12:19:37","","",""
"Output","16dca90e-9025-40a1-aec9-70ec20f6e02c","a4e4ce99-5cc8-4a8c-acd6-182f101fb36b","74e4ce99-5cc8-4a8c-acd6-182f101fb36b","text/plain","Sorry, I am unable to change your seat right now. Please try again later.","SKYWAVE_PHASE_4_5","eb0e7510-0b65-4efc-aa68-0af84d766043","","-6.0","12:19:40","","",""
"Input","9ef4909c-b85d-464c-abe0-e914de987285","u4e4ce99-5cc8-4a8c-acd6-182f101fb36b","74e4ce99-5cc8-4a8c-acd6-182f101fb36b","text/plain","This still is not working, I am frustrated.","SKYWAVE_PHASE_4_5","3f8b8bb6-9acd-477f-a15b-a3504995deba","","-6.0","12:22:25","","",""
"Output","9ef4909c-b85d-464c-abe0-e914de987285","a4e4ce99-5cc8-4a8c-acd6-182f101fb36b","74e4ce99-5cc8-4a8c-acd6-182f101fb36b","text/plain","I am sorry for the inconvenience. I was unable to resolve this for you.","SKYWAVE_PHASE_4_5","6c0d0bee-6f23-44c8-a16a-1d07c6e8a759","","-6.0","12:22:28","","",""
"Input","e64508c2-b33e-4155-a1e7-8f3612fcbca7","ufc1fdc0-ced9-44eb-a2db-86314a8c4a25","8fc1fdc0-ced9-44eb-a2db-86314a8c4a25","text/plain","I want to change my seat to a window seat","SKYWAVE_PHASE_4_5","d501749b-d32e-4f1c-af0c-9b2140ec50f7","","-5.0","11:36:00","","",""
"Output","e64508c2-b33e-4155-a1e7-8f3612fcbca7","afc1fdc0-ced9-44eb-a2db-86314a8c4a25","8fc1fdc0-ced9-44eb-a2db-86314a8c4a25","text/plain","Sorry, I am unable to change your seat right now. Please try again later.","SKYWAVE_PHASE_4_5","8f2aa3dd-d6e4-49dc-a446-1d97860310a3","","-5.0","11:36:02","","",""
"Input","be5495ef-82cd-4577-a00f-f9797b6c35a0","ufc1fdc0-ced9-44eb-a2db-86314a8c4a25","8fc1fdc0-ced9-44eb-a2db-86314a8c4a25","text/plain","This still is not working, I am frustrated.","SKYWAVE_PHASE_4_5","062078a5-18f8-41d8-a089-aeefefd6fd2b","","-5.0","11:38:10","","",""
"Output","be5495ef-82cd-4577-a00f-f9797b6c35a0","afc1fdc0-ced9-44eb-a2db-86314a8c4a25","8fc1fdc0-ced9-44eb-a2db-86314a8c4a25","text/plain","I am sorry for the inconvenience. I was unable to resolve this for you.","SKYWAVE_PHASE_4_5","6fa5a921-8d45-46c1-ab2d-d661a6f89a98","","-5.0","11:38:14","","",""
"Input","4c799b9c-d995-4bb3-aea2-1f75109520b0","u3952e15-3aeb-4de5-ac86-ae87595144be","f3952e15-3aeb-4de5-ac86-ae87595144be","text/plain","Tell me a joke","SKYWAVE_PHASE_4_5","dc9bd9de-e208-4e02-ac6e-a83015fcc0e3","","-9.0","18:09:00","","",""
"Output","4c799b9c-d995-4bb3-aea2-1f75109520b0","a3952e15-3aeb-4de5-ac86-ae87595144be","f3952e15-3aeb-4de5-ac86-ae87595144be","text/plain","I am a Skywave booking assistant. How can I help with your travel?","SKYWAVE_PHASE_4_5","193d2349-5d2a-4a1c-a2f0-a0bc71046e94","","-9.0","18:09:02","","",""
"Input","b29ba55b-4424-421d-a0be-b07589ce4103","u3952e15-3aeb-4de5-ac86-ae87595144be","f3952e15-3aeb-4de5-ac86-ae87595144be","text/plain","This still is not working, I am frustrated.","SKYWAVE_PHASE_4_5","18c7661a-0709-4495-a79f-98f0e3a05f70","","-9.0","18:09:51","","",""
"Output","b29ba55b-4424-421d-a0be-b07589ce4103","a3952e15-3aeb-4de5-ac86-ae87595144be","f3952e15-3aeb-4de5-ac86-ae87595144be","text/plain","I am sorry for the inconvenience. I was unable to resolve this for you.","SKYWAVE_PHASE_4_5","cb463b11-c7d4-46aa-aa34-d71f259331b4","","-9.0","18:09:54","","",""
"Input","e29ff5a1-990e-474a-ae2b-d9ce56fe1bf6","u633a96e-c3cd-4625-a719-fdf2c0efdad6","1633a96e-c3cd-4625-a719-fdf2c0efdad6","text/plain","Can I move from 23B to an aisle seat?","SKYWAVE_PHASE_4_5","ee866a2c-6486-4daa-ae7b-14b648f93e04","","-6.0","12:13:00","","",""
"Output","e29ff5a1-990e-474a-ae2b-d9ce56fe1bf6","a633a96e-c3cd-4625-a719-fdf2c0efdad6","1633a96e-c3cd-4625-a719-fdf2c0efdad6","text/plain","I could not update your seat assignment. Please contact a service agent.","SKYWAVE_PHASE_4_5","bcb5dfe8-f0ec-4e2a-a088-db2ac47480db","","-6.0","12:13:04","","",""
"Input","e7f3893b-3198-4145-a429-8a73ad30f7ec","u633a96e-c3cd-4625-a719-fdf2c0efdad6","1633a96e-c3cd-4625-a719-fdf2c0efdad6","text/plain","This still is not working, I am frustrated.","SKYWAVE_PHASE_4_5","2f21f59f-f6b4-4a8c-a99a-0cc2352cd850","","-6.0","12:17:07","","",""
"Output","e7f3893b-3198-4145-a429-8a73ad30f7ec","a633a96e-c3cd-4625-a719-fdf2c0efdad6","1633a96e-c3cd-4625-a719-fdf2c0efdad6","text/plain","I am sorry for the inconvenience. I was unable to resolve this for you.","SKYWAVE_PHASE_4_5","401d6c82-ca37-4463-a363-ee512b54f3b1","","-6.0","12:17:11","","",""
"Input","55af6820-e3d9-4ff0-a4ea-c3370a0c904f","u7de51a2-1b06-4114-a251-c83d539d3a5c","07de51a2-1b06-4114-a251-c83d539d3a5c","text/plain","My first name is misspelled on my ticket","SKYWAVE_PHASE_4_5","06ccd91a-31a3-443a-a618-d58ab916d448","","-12.0","18:34:00","","",""
"Output","55af6820-e3d9-4ff0-a4ea-c3370a0c904f","a7de51a2-1b06-4114-a251-c83d539d3a5c","07de51a2-1b06-4114-a251-c83d539d3a5c","text/plain","I have corrected the spelling on your ticket. Please review the updated itinerary.","SKYWAVE_PHASE_4_5","f94fa845-75da-42bf-a7f0-6704e1c04696","","-12.0","18:34:03","","",""
"Input","d9623a38-53bb-446e-ae51-d0e3277f8192","u7de51a2-1b06-4114-a251-c83d539d3a5c","07de51a2-1b06-4114-a251-c83d539d3a5c","text/plain","Great, thank you!","SKYWAVE_PHASE_4_5","3d780f67-d838-4800-a384-283c506aac1b","","-12.0","18:37:18","","",""
"Output","d9623a38-53bb-446e-ae51-d0e3277f8192","a7de51a2-1b06-4114-a251-c83d539d3a5c","07de51a2-1b06-4114-a251-c83d539d3a5c","text/plain","You are welcome. Is there anything else I can help with?","SKYWAVE_PHASE_4_5","5eb836b6-88f0-43ab-a7f7-cbcb7e04fc1b","","-12.0","18:37:20","","",""
"Input","68e3411c-2967-44ec-aea9-e3e9a8980bb0","uebfc0fa-a53c-4b83-a311-35ff708f7f2f","2ebfc0fa-a53c-4b83-a311-35ff708f7f2f","text/plain","Cancel my booking ABC123","SKYWAVE_PHASE_4_5","a2414146-d67e-43b4-a05b-82cd1ebde53f","","-13.0","14:22:00","","",""
"Output","68e3411c-2967-44ec-aea9-e3e9a8980bb0","aebfc0fa-a53c-4b83-a311-35ff708f7f2f","2ebfc0fa-a53c-4b83-a311-35ff708f7f2f","text/plain","I have cancelled booking ABC123. A refund of $480 will be issued.","SKYWAVE_PHASE_4_5","990d6e65-6ec8-402c-a28e-52a5aa6a99e6","","-13.0","14:22:02","","",""
"Input","aa12f0df-a9e9-48fb-a19f-e324bf22ba16","uebfc0fa-a53c-4b83-a311-35ff708f7f2f","2ebfc0fa-a53c-4b83-a311-35ff708f7f2f","text/plain","Great, thank you!","SKYWAVE_PHASE_4_5","34933d77-1fd5-49bb-a5e4-be997a704e8f","","-13.0","14:23:02","","",""
"Output","aa12f0df-a9e9-48fb-a19f-e324bf22ba16","aebfc0fa-a53c-4b83-a311-35ff708f7f2f","2ebfc0fa-a53c-4b83-a311-35ff708f7f2f","text/plain","You are welcome. Is there anything else I can help with?","SKYWAVE_PHASE_4_5","bb69eead-2e0b-456d-aa04-18a6775bb7fd","","-13.0","14:23:04","","",""
"Input","b9af752a-7866-4b87-a904-deaf66e3b73c","u2608da8-4441-4b45-ad04-63928f2bedd4","e2608da8-4441-4b45-ad04-63928f2bedd4","text/plain","Cancel my booking ABC123","SKYWAVE_PHASE_4_5","df4ef746-530c-48a6-ac05-46ca888df612","","-7.0","08:09:00","","",""
"Output","b9af752a-7866-4b87-a904-deaf66e3b73c","a2608da8-4441-4b45-ad04-63928f2bedd4","e2608da8-4441-4b45-ad04-63928f2bedd4","text/plain","I have cancelled booking ABC123. A refund of $480 will be issued.","SKYWAVE_PHASE_4_5","228deb08-b85e-4c31-ad22-2052437f7026","","-7.0","08:09:02","","",""
"Input","58e6e79f-ddec-43f6-a204-cd8a70b1ada9","u2608da8-4441-4b45-ad04-63928f2bedd4","e2608da8-4441-4b45-ad04-63928f2bedd4","text/plain","Great, thank you!","SKYWAVE_PHASE_4_5","470f7da0-c6b0-47a2-a86e-04fc5a931bee","","-7.0","08:09:54","","",""
"Output","58e6e79f-ddec-43f6-a204-cd8a70b1ada9","a2608da8-4441-4b45-ad04-63928f2bedd4","e2608da8-4441-4b45-ad04-63928f2bedd4","text/plain","You are welcome. Is there anything else I can help with?","SKYWAVE_PHASE_4_5","f8c18363-a34e-449d-a699-bf6734739d16","","-7.0","08:09:57","","",""
"Input","b5b5cd36-6390-4ee6-a86f-9aa368d22691","u95c8774-8883-4c85-a8c1-914265d738de","b95c8774-8883-4c85-a8c1-914265d738de","text/plain","What is my tier status?","SKYWAVE_PHASE_4_5","051c1536-4987-422c-a6bc-eada5a4d5cdb","","-9.0","18:22:00","","",""
"Output","b5b5cd36-6390-4ee6-a86f-9aa368d22691","a95c8774-8883-4c85-a8c1-914265d738de","b95c8774-8883-4c85-a8c1-914265d738de","text/plain","You are Gold tier with 14,200 qualifying points this year.","SKYWAVE_PHASE_4_5","7a02d706-0fa5-460d-a604-28315742b091","","-9.0","18:22:03","","",""
"Input","9ca6f901-d7ce-4297-ab2e-4215870ee8ea","u95c8774-8883-4c85-a8c1-914265d738de","b95c8774-8883-4c85-a8c1-914265d738de","text/plain","Great, thank you!","SKYWAVE_PHASE_4_5","45f2f24f-8048-4037-ae9c-baf32b4b54b4","","-9.0","18:25:13","","",""
"Output","9ca6f901-d7ce-4297-ab2e-4215870ee8ea","a95c8774-8883-4c85-a8c1-914265d738de","b95c8774-8883-4c85-a8c1-914265d738de","text/plain","You are welcome. Is there anything else I can help with?","SKYWAVE_PHASE_4_5","9b43663c-fedb-4095-ad06-e095308640bf","","-9.0","18:25:17","","",""
"Input","27b146ca-fae7-4461-a0f4-b215cc56d148","u95c8774-8883-4c85-a8c1-914265d738de","b95c8774-8883-4c85-a8c1-914265d738de","text/plain","I lost my luggage in Munich last week, can you help?","SKYWAVE_PHASE_4_5","3cba4b09-f33c-4813-a8cb-d727e7eebf4d","","-9.0","18:25:55","","",""
"Output","27b146ca-fae7-4461-a0f4-b215cc56d148","a95c8774-8883-4c85-a8c1-914265d738de","b95c8774-8883-4c85-a8c1-914265d738de","text/plain","I have created case 00012345 for your lost luggage. We will contact you within 24 hours.","SKYWAVE_PHASE_4_5","4a30b8ec-2934-4909-a133-1a0dc51d994c","","-9.0","18:25:59","","",""
"Input","5e358994-dd97-40df-a93b-682e1b66530c","u95c8774-8883-4c85-a8c1-914265d738de","b95c8774-8883-4c85-a8c1-914265d738de","text/plain","Okay.","SKYWAVE_PHASE_4_5","7460fbb9-fe96-48dd-aa83-419c54377141","","-9.0","18:30:37","","",""
"Output","5e358994-dd97-40df-a93b-682e1b66530c","a95c8774-8883-4c85-a8c1-914265d738de","b95c8774-8883-4c85-a8c1-914265d738de","text/plain","Understood. Anything else I can help with?","SKYWAVE_PHASE_4_5","603f23a9-c0ac-47e8-a406-22cbe8c7acdb","","-9.0","18:30:40","","",""
"Input","e042e7ac-4924-443c-a823-12a51a9e3479","uc9d42ab-f6e7-48ab-a410-6e362de6b062","5c9d42ab-f6e7-48ab-a410-6e362de6b062","text/plain","Whats the weather like in Tokyo?","SKYWAVE_PHASE_4_5","61d76b48-9603-4cd3-a71c-6959f519ff1c","","-4.0","16:33:00","","",""
"Output","e042e7ac-4924-443c-a823-12a51a9e3479","ac9d42ab-f6e7-48ab-a410-6e362de6b062","5c9d42ab-f6e7-48ab-a410-6e362de6b062","text/plain","I can only help with flight bookings and Skywave loyalty questions.","SKYWAVE_PHASE_4_5","9d46dc12-0869-48ac-a3b2-5239586bcae4","","-4.0","16:33:02","","",""
"Input","0278242e-696f-4c6a-a4af-70737cd42d56","uc9d42ab-f6e7-48ab-a410-6e362de6b062","5c9d42ab-f6e7-48ab-a410-6e362de6b062","text/plain","Okay.","SKYWAVE_PHASE_4_5","993408f0-a481-44ed-aa3e-f8b904381e41","","-4.0","16:37:40","","",""
"Output","0278242e-696f-4c6a-a4af-70737cd42d56","ac9d42ab-f6e7-48ab-a410-6e362de6b062","5c9d42ab-f6e7-48ab-a410-6e362de6b062","text/plain","Understood. Anything else I can help with?","SKYWAVE_PHASE_4_5","e7ebd52b-7fbc-4b75-a524-73ae846d593f","","-4.0","16:37:42","","",""
"Input","577e7163-ce8d-488b-a0f9-0020ce128e0e","u5b08dd8-815b-41a9-aba7-d407161bc273","95b08dd8-815b-41a9-aba7-d407161bc273","text/plain","My in-flight wifi did not work, I want a refund","SKYWAVE_PHASE_4_5","5c7c92d8-781a-4285-a0f5-12a7d37e190d","","-14.0","16:05:00","","",""
"Output","577e7163-ce8d-488b-a0f9-0020ce128e0e","a5b08dd8-815b-41a9-aba7-d407161bc273","95b08dd8-815b-41a9-aba7-d407161bc273","text/plain","I have logged your complaint as case 00012346. A refund will be processed.","SKYWAVE_PHASE_4_5","83f33b79-f965-4126-a682-f1e4fd774397","","-14.0","16:05:02","","",""
"Input","7eac57d2-37dd-40db-a361-53d253bbb359","u5b08dd8-815b-41a9-aba7-d407161bc273","95b08dd8-815b-41a9-aba7-d407161bc273","text/plain","Okay.","SKYWAVE_PHASE_4_5","8bb5fc1a-f1d6-4058-a833-4a66c44a0a8c","","-14.0","16:07:05","","",""
"Output","7eac57d2-37dd-40db-a361-53d253bbb359","a5b08dd8-815b-41a9-aba7-d407161bc273","95b08dd8-815b-41a9-aba7-d407161bc273","text/plain","Understood. Anything else I can help with?","SKYWAVE_PHASE_4_5","0c0a7bf2-dd4f-42a4-a038-c25f73ea57bf","","-14.0","16:07:09","","",""
"Input","07091e15-7c39-4034-a612-edeff606a22d","u5b08dd8-815b-41a9-aba7-d407161bc273","95b08dd8-815b-41a9-aba7-d407161bc273","text/plain","Can I move from 23B to an aisle seat?","SKYWAVE_PHASE_4_5","ce389cb6-6008-4c09-ab67-b3893a40ce85","","-14.0","16:08:03","","",""
"Output","07091e15-7c39-4034-a612-edeff606a22d","a5b08dd8-815b-41a9-aba7-d407161bc273","95b08dd8-815b-41a9-aba7-d407161bc273","text/plain","I could not update your seat assignment. Please contact a service agent.","SKYWAVE_PHASE_4_5","529b1666-47b7-4740-a857-482cd6503cc9","","-14.0","16:08:05","","",""
"Input","ff60829e-c558-4f60-a0dc-564595229a6d","u5b08dd8-815b-41a9-aba7-d407161bc273","95b08dd8-815b-41a9-aba7-d407161bc273","text/plain","This still is not working, I am frustrated.","SKYWAVE_PHASE_4_5","f8ddf7a7-576b-4daf-aa7d-5ba5550ff6b7","","-14.0","16:09:12","","",""
"Output","ff60829e-c558-4f60-a0dc-564595229a6d","a5b08dd8-815b-41a9-aba7-d407161bc273","95b08dd8-815b-41a9-aba7-d407161bc273","text/plain","I am sorry for the inconvenience. I was unable to resolve this for you.","SKYWAVE_PHASE_4_5","1b0e4d71-cd45-4c47-af4d-c297da9dd9e8","","-14.0","16:09:16","","",""
"Input","34edab39-c5b8-437c-aa46-7f7c19ccf37d","ucb9fb7e-4887-46cf-a3e3-22bcc9297266","1cb9fb7e-4887-46cf-a3e3-22bcc9297266","text/plain","I want to change my seat to a window seat","SKYWAVE_PHASE_4_5","93b571aa-b230-4405-a65c-49ede1aaeb8b","","-6.0","12:43:00","","",""
"Output","34edab39-c5b8-437c-aa46-7f7c19ccf37d","acb9fb7e-4887-46cf-a3e3-22bcc9297266","1cb9fb7e-4887-46cf-a3e3-22bcc9297266","text/plain","Sorry, I am unable to change your seat right now. Please try again later.","SKYWAVE_PHASE_4_5","231fe5cc-7fb8-49e5-adaa-6941998c8ad0","","-6.0","12:43:04","","",""
"Input","9a042765-d499-4fd8-a230-70adadeb1c41","ucb9fb7e-4887-46cf-a3e3-22bcc9297266","1cb9fb7e-4887-46cf-a3e3-22bcc9297266","text/plain","This still is not working, I am frustrated.","SKYWAVE_PHASE_4_5","03673ab8-8a54-4c28-a6ce-c9b2b9c74307","","-6.0","12:43:36","","",""
"Output","9a042765-d499-4fd8-a230-70adadeb1c41","acb9fb7e-4887-46cf-a3e3-22bcc9297266","1cb9fb7e-4887-46cf-a3e3-22bcc9297266","text/plain","I am sorry for the inconvenience. I was unable to resolve this for you.","SKYWAVE_PHASE_4_5","6604c20b-7633-4f66-ae63-5596ecc4e55a","","-6.0","12:43:38","","",""
"Input","a2e42140-4456-4dc5-a20e-bad5e08477ac","ucb9fb7e-4887-46cf-a3e3-22bcc9297266","1cb9fb7e-4887-46cf-a3e3-22bcc9297266","text/plain","I lost my luggage in Munich last week, can you help?","SKYWAVE_PHASE_4_5","1462d4a8-4612-4121-afb7-a902a0790566","","-6.0","12:44:22","","",""
"Output","a2e42140-4456-4dc5-a20e-bad5e08477ac","acb9fb7e-4887-46cf-a3e3-22bcc9297266","1cb9fb7e-4887-46cf-a3e3-22bcc9297266","text/plain","I have created case 00012345 for your lost luggage. We will contact you within 24 hours.","SKYWAVE_PHASE_4_5","e5208eaa-30e0-4f9e-a643-49e576d60ea8","","-6.0","12:44:24","","",""
"Input","13b3145d-8ef3-44ea-af21-ffa9660c5d6f","ucb9fb7e-4887-46cf-a3e3-22bcc9297266","1cb9fb7e-4887-46cf-a3e3-22bcc9297266","text/plain","Great, thank you!","SKYWAVE_PHASE_4_5","dc89d09c-8701-4460-abcc-55814df68759","","-6.0","12:49:02","","",""
"Output","13b3145d-8ef3-44ea-af21-ffa9660c5d6f","acb9fb7e-4887-46cf-a3e3-22bcc9297266","1cb9fb7e-4887-46cf-a3e3-22bcc9297266","text/plain","You are welcome. Is there anything else I can help with?","SKYWAVE_PHASE_4_5","32167d92-481c-4644-adea-f84d4a598dee","","-6.0","12:49:04","","",""
"Input","32ad7304-b551-4f01-ad79-43597cee7286","ub07a274-3196-4bab-a1f3-297c4cbb8d0c","5b07a274-3196-4bab-a1f3-297c4cbb8d0c","text/plain","What is my tier status?","SKYWAVE_PHASE_4_5","8da09407-f760-4b3d-a528-438539c6ed1d","","-12.0","11:44:00","","",""
"Output","32ad7304-b551-4f01-ad79-43597cee7286","ab07a274-3196-4bab-a1f3-297c4cbb8d0c","5b07a274-3196-4bab-a1f3-297c4cbb8d0c","text/plain","You are Gold tier with 14,200 qualifying points this year.","SKYWAVE_PHASE_4_5","7e4c02ff-506a-4e0e-aef1-a6909cc2f130","","-12.0","11:44:04","","",""
"Input","b0e2b8ae-fe97-41dc-a57d-dc06562433de","ub07a274-3196-4bab-a1f3-297c4cbb8d0c","5b07a274-3196-4bab-a1f3-297c4cbb8d0c","text/plain","Great, thank you!","SKYWAVE_PHASE_4_5","11dce589-7220-4caf-abd8-1c840ac39f46","","-12.0","11:44:22","","",""
"Output","b0e2b8ae-fe97-41dc-a57d-dc06562433de","ab07a274-3196-4bab-a1f3-297c4cbb8d0c","5b07a274-3196-4bab-a1f3-297c4cbb8d0c","text/plain","You are welcome. Is there anything else I can help with?","SKYWAVE_PHASE_4_5","089cbf47-0e70-434e-ad33-d9804520e8de","","-12.0","11:44:25","","",""
"Input","4e8c6c44-32cd-4c3f-ab35-865f84b4afb5","u8cf3555-c286-4953-a77c-9783da42f349","38cf3555-c286-4953-a77c-9783da42f349","text/plain","Whats the weather like in Tokyo?","SKYWAVE_PHASE_4_5","f150d89d-7449-410e-acf5-214787674cd6","","-10.0","17:37:00","","",""
"Output","4e8c6c44-32cd-4c3f-ab35-865f84b4afb5","a8cf3555-c286-4953-a77c-9783da42f349","38cf3555-c286-4953-a77c-9783da42f349","text/plain","I can only help with flight bookings and Skywave loyalty questions.","SKYWAVE_PHASE_4_5","0b5121f0-c720-4032-ab16-2ee758b0e388","","-10.0","17:37:02","","",""
"Input","db6804b8-c699-4e46-a448-31074980b6bc","u8cf3555-c286-4953-a77c-9783da42f349","38cf3555-c286-4953-a77c-9783da42f349","text/plain","Okay.","SKYWAVE_PHASE_4_5","6cf1459a-1050-4518-a79a-19eec982dfb1","","-10.0","17:38:06","","",""
"Output","db6804b8-c699-4e46-a448-31074980b6bc","a8cf3555-c286-4953-a77c-9783da42f349","38cf3555-c286-4953-a77c-9783da42f349","text/plain","Understood. Anything else I can help with?","SKYWAVE_PHASE_4_5","4b6b2d59-6958-4dd3-ab73-0392bb1f8c16","","-10.0","17:38:08","","",""
"Input","535f4797-41bb-4c40-ab0f-52fcb2dd4117","u970948f-d915-47c8-a1c8-cabb1a6c0301","8970948f-d915-47c8-a1c8-cabb1a6c0301","text/plain","My first name is misspelled on my ticket","SKYWAVE_PHASE_4_5","a1e8b706-8885-48e2-acc1-95cfd0c679c3","","-8.0","11:47:00","","",""
"Output","535f4797-41bb-4c40-ab0f-52fcb2dd4117","a970948f-d915-47c8-a1c8-cabb1a6c0301","8970948f-d915-47c8-a1c8-cabb1a6c0301","text/plain","I have corrected the spelling on your ticket. Please review the updated itinerary.","SKYWAVE_PHASE_4_5","8e671757-7684-4087-aa68-7839c0de20f5","","-8.0","11:47:04","","",""
"Input","326779fd-508e-494c-a0fa-06e0ca02789c","u970948f-d915-47c8-a1c8-cabb1a6c0301","8970948f-d915-47c8-a1c8-cabb1a6c0301","text/plain","Great, thank you!","SKYWAVE_PHASE_4_5","207515c7-d962-4caf-a780-67ea0dc3abfc","","-8.0","11:48:01","","",""
"Output","326779fd-508e-494c-a0fa-06e0ca02789c","a970948f-d915-47c8-a1c8-cabb1a6c0301","8970948f-d915-47c8-a1c8-cabb1a6c0301","text/plain","You are welcome. Is there anything else I can help with?","SKYWAVE_PHASE_4_5","ac6a90e2-1cfe-4041-a132-c75772a8a824","","-8.0","11:48:05","","",""
"Input","bf831655-10f4-41a3-a685-5b8a9608e8b6","u44bf475-0a54-426f-ac45-316a0fe6aaba","b44bf475-0a54-426f-ac45-316a0fe6aaba","text/plain","What is my tier status?","SKYWAVE_PHASE_4_5","27b58d71-d178-4af4-a8d4-c2d96755ccf0","","-2.0","16:09:00","","",""
"Output","bf831655-10f4-41a3-a685-5b8a9608e8b6","a44bf475-0a54-426f-ac45-316a0fe6aaba","b44bf475-0a54-426f-ac45-316a0fe6aaba","text/plain","You are Gold tier with 14,200 qualifying points this year.","SKYWAVE_PHASE_4_5","87a87c74-007f-47d7-ac00-09d7828736f9","","-2.0","16:09:03","","",""
"Input","7bc5cda8-fb53-44c0-a1a0-474a0450cd56","u44bf475-0a54-426f-ac45-316a0fe6aaba","b44bf475-0a54-426f-ac45-316a0fe6aaba","text/plain","Great, thank you!","SKYWAVE_PHASE_4_5","aebd34db-227d-453c-ace1-10b96177010e","","-2.0","16:09:47","","",""
"Output","7bc5cda8-fb53-44c0-a1a0-474a0450cd56","a44bf475-0a54-426f-ac45-316a0fe6aaba","b44bf475-0a54-426f-ac45-316a0fe6aaba","text/plain","You are welcome. Is there anything else I can help with?","SKYWAVE_PHASE_4_5","c14b3dd3-3543-4f0b-a816-bc03da2d7b1f","","-2.0","16:09:51","","",""
"Input","cab3f1a8-8db9-4996-ad53-56547f942092","uf94994b-253c-4be2-a213-aeb15cc2b39d","bf94994b-253c-4be2-a213-aeb15cc2b39d","text/plain","Please correct my last name on booking ABC123","SKYWAVE_PHASE_4_5","83286f4f-1da4-4c5e-ab8c-71e7300fc896","","-4.0","13:26:00","","",""
"Output","cab3f1a8-8db9-4996-ad53-56547f942092","af94994b-253c-4be2-a213-aeb15cc2b39d","bf94994b-253c-4be2-a213-aeb15cc2b39d","text/plain","I have updated the passenger name on booking ABC123. A confirmation has been sent.","SKYWAVE_PHASE_4_5","0d3729fa-768a-4d83-ab39-6cef376218fd","","-4.0","13:26:03","","",""
"Input","f785e27f-1983-42f7-a1c2-7fec5b1f7c38","uf94994b-253c-4be2-a213-aeb15cc2b39d","bf94994b-253c-4be2-a213-aeb15cc2b39d","text/plain","Great, thank you!","SKYWAVE_PHASE_4_5","a05b7926-ef5a-4a28-a237-9d4138f0a7e4","","-4.0","13:27:04","","",""
"Output","f785e27f-1983-42f7-a1c2-7fec5b1f7c38","af94994b-253c-4be2-a213-aeb15cc2b39d","bf94994b-253c-4be2-a213-aeb15cc2b39d","text/plain","You are welcome. Is there anything else I can help with?","SKYWAVE_PHASE_4_5","a3bf52f5-ca89-440a-ac77-6d854c7388fe","","-4.0","13:27:07","","",""
"Input","8acecb80-a5f3-4b0a-a602-be384ba5a885","u1449a30-ca9c-4d5c-a845-37062c6c8f43","71449a30-ca9c-4d5c-a845-37062c6c8f43","text/plain","Show me my upcoming bookings","SKYWAVE_PHASE_4_5","d58d29ef-6bb0-491e-a5c1-3d36c75abcd0","","-9.0","11:56:00","","",""
"Output","8acecb80-a5f3-4b0a-a602-be384ba5a885","a1449a30-ca9c-4d5c-a845-37062c6c8f43","71449a30-ca9c-4d5c-a845-37062c6c8f43","text/plain","You have one upcoming booking — LH 1927 BER-MUC-SFO, confirmed.","SKYWAVE_PHASE_4_5","2d2d0b49-1486-428c-a651-acb376aa6c68","","-9.0","11:56:03","","",""
"Input","01456406-6fee-4d5f-a192-c0d6b121f03d","u1449a30-ca9c-4d5c-a845-37062c6c8f43","71449a30-ca9c-4d5c-a845-37062c6c8f43","text/plain","Great, thank you!","SKYWAVE_PHASE_4_5","677ebb86-8556-469e-a016-3ecaf0ae1fd1","","-9.0","12:00:00","","",""
"Output","01456406-6fee-4d5f-a192-c0d6b121f03d","a1449a30-ca9c-4d5c-a845-37062c6c8f43","71449a30-ca9c-4d5c-a845-37062c6c8f43","text/plain","You are welcome. Is there anything else I can help with?","SKYWAVE_PHASE_4_5","89a38a24-9bec-468f-aaef-1f2c9488498f","","-9.0","12:00:04","","",""
"Input","2487a457-c507-4b0f-a3a0-628b835293a8","ucc73e8d-dd8d-4db8-aa9b-4d0a2158f640","6cc73e8d-dd8d-4db8-aa9b-4d0a2158f640","text/plain","Cancel my booking ABC123","SKYWAVE_PHASE_4_5","d2a43093-cd94-43cf-a717-47ac8fb52fab","","-10.0","16:10:00","","",""
"Output","2487a457-c507-4b0f-a3a0-628b835293a8","acc73e8d-dd8d-4db8-aa9b-4d0a2158f640","6cc73e8d-dd8d-4db8-aa9b-4d0a2158f640","text/plain","I have cancelled booking ABC123. A refund of $480 will be issued.","SKYWAVE_PHASE_4_5","07b9778c-9270-4aec-aed3-cf97dbd5feae","","-10.0","16:10:02","","",""
"Input","f0faa45d-391a-4b1c-acd1-2fb88c87f802","ucc73e8d-dd8d-4db8-aa9b-4d0a2158f640","6cc73e8d-dd8d-4db8-aa9b-4d0a2158f640","text/plain","Great, thank you!","SKYWAVE_PHASE_4_5","bc07924d-1c34-4c09-a723-5d4b33a15cba","","-10.0","16:11:15","","",""
"Output","f0faa45d-391a-4b1c-acd1-2fb88c87f802","acc73e8d-dd8d-4db8-aa9b-4d0a2158f640","6cc73e8d-dd8d-4db8-aa9b-4d0a2158f640","text/plain","You are welcome. Is there anything else I can help with?","SKYWAVE_PHASE_4_5","0846a94f-39df-45b1-a47b-156481039bb5","","-10.0","16:11:17","","",""
"Input","a9921169-2471-42bf-a8e0-e9f9c87b5dd8","u9e81d55-850c-410c-a42b-b9ed6833edf5","a9e81d55-850c-410c-a42b-b9ed6833edf5","text/plain","Can I move from 23B to an aisle seat?","SKYWAVE_PHASE_4_5","cb0e2e40-6be6-4946-a37c-6a4339e1b055","","-6.0","09:17:00","","",""
"Output","a9921169-2471-42bf-a8e0-e9f9c87b5dd8","a9e81d55-850c-410c-a42b-b9ed6833edf5","a9e81d55-850c-410c-a42b-b9ed6833edf5","text/plain","I could not update your seat assignment. Please contact a service agent.","SKYWAVE_PHASE_4_5","381b1770-0d67-4baa-a807-d845585ac2c8","","-6.0","09:17:03","","",""
"Input","4dcc1880-812d-48e9-aa27-a63101406916","u9e81d55-850c-410c-a42b-b9ed6833edf5","a9e81d55-850c-410c-a42b-b9ed6833edf5","text/plain","This still is not working, I am frustrated.","SKYWAVE_PHASE_4_5","25ca5f9d-b9c8-41ee-a1ef-fb78e1e1cba2","","-6.0","09:17:26","","",""
"Output","4dcc1880-812d-48e9-aa27-a63101406916","a9e81d55-850c-410c-a42b-b9ed6833edf5","a9e81d55-850c-410c-a42b-b9ed6833edf5","text/plain","I am sorry for the inconvenience. I was unable to resolve this for you.","SKYWAVE_PHASE_4_5","d79463ee-b0f1-4df3-aec2-45c14db01b61","","-6.0","09:17:30","","",""
"Input","397ee72c-0ba9-4b66-aaaa-2020afd4abdf","u8bc583b-4ae6-404e-ada7-5b064ae900ea","28bc583b-4ae6-404e-ada7-5b064ae900ea","text/plain","I want to change my seat to a window seat","SKYWAVE_PHASE_4_5","84bb8e3a-3597-46cf-abaf-89a2f443f6b1","","-5.0","09:07:00","","",""
"Output","397ee72c-0ba9-4b66-aaaa-2020afd4abdf","a8bc583b-4ae6-404e-ada7-5b064ae900ea","28bc583b-4ae6-404e-ada7-5b064ae900ea","text/plain","Sorry, I am unable to change your seat right now. Please try again later.","SKYWAVE_PHASE_4_5","c4a10b31-9e64-4310-a7ab-a14960f71ec3","","-5.0","09:07:03","","",""
"Input","2dbaa9db-1e2c-42fe-a73b-aeae42631b3e","u8bc583b-4ae6-404e-ada7-5b064ae900ea","28bc583b-4ae6-404e-ada7-5b064ae900ea","text/plain","This still is not working, I am frustrated.","SKYWAVE_PHASE_4_5","1c61b6d0-0fca-4761-ab4c-8338d79c93de","","-5.0","09:07:18","","",""
"Output","2dbaa9db-1e2c-42fe-a73b-aeae42631b3e","a8bc583b-4ae6-404e-ada7-5b064ae900ea","28bc583b-4ae6-404e-ada7-5b064ae900ea","text/plain","I am sorry for the inconvenience. I was unable to resolve this for you.","SKYWAVE_PHASE_4_5","e694a047-5206-4994-addc-1b4efb0b6ef5","","-5.0","09:07:22","","",""
"Input","f7afb34b-64db-4f73-afbf-eb0bab0004ae","u8bc583b-4ae6-404e-ada7-5b064ae900ea","28bc583b-4ae6-404e-ada7-5b064ae900ea","text/plain","What is my tier status?","SKYWAVE_PHASE_4_5","2736205b-48a0-4896-ae42-25af3667a7b2","","-5.0","09:10:53","","",""
"Output","f7afb34b-64db-4f73-afbf-eb0bab0004ae","a8bc583b-4ae6-404e-ada7-5b064ae900ea","28bc583b-4ae6-404e-ada7-5b064ae900ea","text/plain","You are Gold tier with 14,200 qualifying points this year.","SKYWAVE_PHASE_4_5","1df9b4bc-81a4-43a2-ab20-50e5d50cec27","","-5.0","09:10:57","","",""
"Input","2a04f670-2c05-44b4-ac48-da3b4218d693","u8bc583b-4ae6-404e-ada7-5b064ae900ea","28bc583b-4ae6-404e-ada7-5b064ae900ea","text/plain","Great, thank you!","SKYWAVE_PHASE_4_5","54595b37-1be6-415b-aaaa-6a57b78c0529","","-5.0","09:11:17","","",""
"Output","2a04f670-2c05-44b4-ac48-da3b4218d693","a8bc583b-4ae6-404e-ada7-5b064ae900ea","28bc583b-4ae6-404e-ada7-5b064ae900ea","text/plain","You are welcome. Is there anything else I can help with?","SKYWAVE_PHASE_4_5","91589733-00d6-4626-a999-8db25db8d496","","-5.0","09:11:21","","",""
"Input","ea0a2636-7858-4849-a2ae-fe442c1e137d","u2489a7a-d5fd-4061-a433-0ddef5d41cfc","c2489a7a-d5fd-4061-a433-0ddef5d41cfc","text/plain","I lost my luggage in Munich last week, can you help?","SKYWAVE_PHASE_4_5","d6c4f0ca-7485-4c57-a122-6ca3f35ba47a","","-9.0","14:15:00","","",""
"Output","ea0a2636-7858-4849-a2ae-fe442c1e137d","a2489a7a-d5fd-4061-a433-0ddef5d41cfc","c2489a7a-d5fd-4061-a433-0ddef5d41cfc","text/plain","I have created case 00012345 for your lost luggage. We will contact you within 24 hours.","SKYWAVE_PHASE_4_5","453c4f17-b83f-492d-aa3d-eaa0d73e5a3c","","-9.0","14:15:04","","",""
"Input","41067165-4d8b-4a3e-acaa-c906bb35f3c8","u2489a7a-d5fd-4061-a433-0ddef5d41cfc","c2489a7a-d5fd-4061-a433-0ddef5d41cfc","text/plain","Great, thank you!","SKYWAVE_PHASE_4_5","a03e4787-bb96-4261-a16b-96e6c29c46ea","","-9.0","14:16:04","","",""
"Output","41067165-4d8b-4a3e-acaa-c906bb35f3c8","a2489a7a-d5fd-4061-a433-0ddef5d41cfc","c2489a7a-d5fd-4061-a433-0ddef5d41cfc","text/plain","You are welcome. Is there anything else I can help with?","SKYWAVE_PHASE_4_5","0a5ee4c6-35a1-457c-aea5-be85f5c639e2","","-9.0","14:16:06","","",""
"Input","0aa1a406-e802-429f-a0c7-33f51ae7d340","u2489a7a-d5fd-4061-a433-0ddef5d41cfc","c2489a7a-d5fd-4061-a433-0ddef5d41cfc","text/plain","Please correct my last name on booking ABC123","SKYWAVE_PHASE_4_5","cf41c9db-7de9-4071-a6c7-b44700ee8d7c","","-9.0","14:16:46","","",""
"Output","0aa1a406-e802-429f-a0c7-33f51ae7d340","a2489a7a-d5fd-4061-a433-0ddef5d41cfc","c2489a7a-d5fd-4061-a433-0ddef5d41cfc","text/plain","I have updated the passenger name on booking ABC123. A confirmation has been sent.","SKYWAVE_PHASE_4_5","9f0ed80f-8551-4220-a6b0-02b72e9f8787","","-9.0","14:16:48","","",""
"Input","67440288-912a-4477-a895-73a32819ab04","u2489a7a-d5fd-4061-a433-0ddef5d41cfc","c2489a7a-d5fd-4061-a433-0ddef5d41cfc","text/plain","Great, thank you!","SKYWAVE_PHASE_4_5","56c464f9-7dc8-4223-a83c-55e30e767efe","","-9.0","14:20:43","","",""
"Output","67440288-912a-4477-a895-73a32819ab04","a2489a7a-d5fd-4061-a433-0ddef5d41cfc","c2489a7a-d5fd-4061-a433-0ddef5d41cfc","text/plain","You are welcome. Is there anything else I can help with?","SKYWAVE_PHASE_4_5","07a55d22-0714-461a-a415-5a6a3f83c025","","-9.0","14:20:46","","",""
"Input","7cfa7355-693a-494c-a699-b6943a8dd5a1","u2489a7a-d5fd-4061-a433-0ddef5d41cfc","c2489a7a-d5fd-4061-a433-0ddef5d41cfc","text/plain","Find flights from JFK to HND tomorrow","SKYWAVE_PHASE_4_5","5166ce1f-b360-4be7-a3e3-28a41e1c82aa","","-9.0","14:22:20","","",""
"Output","7cfa7355-693a-494c-a699-b6943a8dd5a1","a2489a7a-d5fd-4061-a433-0ddef5d41cfc","c2489a7a-d5fd-4061-a433-0ddef5d41cfc","text/plain","I found 4 flights for that route. The cheapest is SW1200 at 1pm for $1,280.","SKYWAVE_PHASE_4_5","26b1dd9c-d211-4a5f-a4a1-21ae45eacde3","","-9.0","14:22:24","","",""
"Input","79ea1053-4f68-4d66-a253-69e65cc5bc7d","u2489a7a-d5fd-4061-a433-0ddef5d41cfc","c2489a7a-d5fd-4061-a433-0ddef5d41cfc","text/plain","Great, thank you!","SKYWAVE_PHASE_4_5","6c6e8186-99af-484d-a0f4-c1fc3271d5ae","","-9.0","14:26:38","","",""
"Output","79ea1053-4f68-4d66-a253-69e65cc5bc7d","a2489a7a-d5fd-4061-a433-0ddef5d41cfc","c2489a7a-d5fd-4061-a433-0ddef5d41cfc","text/plain","You are welcome. Is there anything else I can help with?","SKYWAVE_PHASE_4_5","c5a6bf32-199c-4221-a041-762ee5420766","","-9.0","14:26:42","","",""
"Input","8dc57e01-9ecd-431c-aa79-e941fb28470b","u8d71c86-221f-4da5-ae06-222cf67c5014","c8d71c86-221f-4da5-ae06-222cf67c5014","text/plain","Can I move from 23B to an aisle seat?","SKYWAVE_PHASE_4_5","850da470-3c3f-4c6a-a945-a40a81daf04b","","-1.0","11:26:00","","",""
"Output","8dc57e01-9ecd-431c-aa79-e941fb28470b","a8d71c86-221f-4da5-ae06-222cf67c5014","c8d71c86-221f-4da5-ae06-222cf67c5014","text/plain","I could not update your seat assignment. Please contact a service agent.","SKYWAVE_PHASE_4_5","1119009a-c33d-4f9c-ae6b-bc35efdba7b2","","-1.0","11:26:04","","",""
"Input","58172fbe-3f92-4735-a1b7-73ef46202a03","u8d71c86-221f-4da5-ae06-222cf67c5014","c8d71c86-221f-4da5-ae06-222cf67c5014","text/plain","This still is not working, I am frustrated.","SKYWAVE_PHASE_4_5","3beb9dc9-f85e-4998-ad69-54783f574aa6","","-1.0","11:26:30","","",""
"Output","58172fbe-3f92-4735-a1b7-73ef46202a03","a8d71c86-221f-4da5-ae06-222cf67c5014","c8d71c86-221f-4da5-ae06-222cf67c5014","text/plain","I am sorry for the inconvenience. I was unable to resolve this for you.","SKYWAVE_PHASE_4_5","f6569067-104d-49ee-aa30-0e2c72b52b0c","","-1.0","11:26:32","","",""
"Input","136f46eb-08c2-42a5-ac24-f4407b8e1676","uee5e9d9-3dfb-4007-a02a-cf9262157223","2ee5e9d9-3dfb-4007-a02a-cf9262157223","text/plain","Find flights from JFK to HND tomorrow","SKYWAVE_PHASE_4_5","effb1242-e23a-45e6-a1ce-3fc1d4636f28","","-9.0","09:00:00","","",""
"Output","136f46eb-08c2-42a5-ac24-f4407b8e1676","aee5e9d9-3dfb-4007-a02a-cf9262157223","2ee5e9d9-3dfb-4007-a02a-cf9262157223","text/plain","I found 4 flights for that route. The cheapest is SW1200 at 1pm for $1,280.","SKYWAVE_PHASE_4_5","3af2e08c-468c-4327-ac61-80da0b32a36c","","-9.0","09:00:03","","",""
"Input","22ddb14b-9af2-4e7c-adb4-c8935ffa8f3c","uee5e9d9-3dfb-4007-a02a-cf9262157223","2ee5e9d9-3dfb-4007-a02a-cf9262157223","text/plain","Great, thank you!","SKYWAVE_PHASE_4_5","fdd0b187-c8e4-49f2-a8f8-ac1580fe969d","","-9.0","09:01:00","","",""
"Output","22ddb14b-9af2-4e7c-adb4-c8935ffa8f3c","aee5e9d9-3dfb-4007-a02a-cf9262157223","2ee5e9d9-3dfb-4007-a02a-cf9262157223","text/plain","You are welcome. Is there anything else I can help with?","SKYWAVE_PHASE_4_5","1e90fb5c-a1ab-49fc-a5ae-9ba7095a6b66","","-9.0","09:01:04","","",""
"Input","ed2fbcb1-842f-4da8-afde-5cdb066f04f9","u9c48ab6-4711-420a-a5c3-4d205cea2e52","59c48ab6-4711-420a-a5c3-4d205cea2e52","text/plain","What is my tier status?","SKYWAVE_PHASE_4_5","6a3dcff4-38ee-440f-a24a-631030bd69b7","","-13.0","17:30:00","","",""
"Output","ed2fbcb1-842f-4da8-afde-5cdb066f04f9","a9c48ab6-4711-420a-a5c3-4d205cea2e52","59c48ab6-4711-420a-a5c3-4d205cea2e52","text/plain","You are Gold tier with 14,200 qualifying points this year.","SKYWAVE_PHASE_4_5","4b6d2869-ffc4-4e1d-a470-4718b9e8b937","","-13.0","17:30:03","","",""
"Input","cb74a4ae-f365-4535-a246-2734b950e6a5","u9c48ab6-4711-420a-a5c3-4d205cea2e52","59c48ab6-4711-420a-a5c3-4d205cea2e52","text/plain","Great, thank you!","SKYWAVE_PHASE_4_5","6cab79df-bb98-4a30-a20a-f0206ca7b5d5","","-13.0","17:34:29","","",""
"Output","cb74a4ae-f365-4535-a246-2734b950e6a5","a9c48ab6-4711-420a-a5c3-4d205cea2e52","59c48ab6-4711-420a-a5c3-4d205cea2e52","text/plain","You are welcome. Is there anything else I can help with?","SKYWAVE_PHASE_4_5","10d75a46-2d1e-4f25-a9f0-718d7f3b5816","","-13.0","17:34:31","","",""
"Input","4fb4c522-ba83-4f06-a79b-75eaeefb9520","u9c48ab6-4711-420a-a5c3-4d205cea2e52","59c48ab6-4711-420a-a5c3-4d205cea2e52","text/plain","Please correct my last name on booking ABC123","SKYWAVE_PHASE_4_5","00519b89-0d93-42e5-ae83-ade83b4b57f5","","-13.0","17:34:50","","",""
"Output","4fb4c522-ba83-4f06-a79b-75eaeefb9520","a9c48ab6-4711-420a-a5c3-4d205cea2e52","59c48ab6-4711-420a-a5c3-4d205cea2e52","text/plain","I have updated the passenger name on booking ABC123. A confirmation has been sent.","SKYWAVE_PHASE_4_5","acaca6c7-fd64-4a3c-a5dc-add0a1a5331f","","-13.0","17:34:53","","",""
"Input","149427fb-694d-4988-a996-48f8969b9543","u9c48ab6-4711-420a-a5c3-4d205cea2e52","59c48ab6-4711-420a-a5c3-4d205cea2e52","text/plain","Great, thank you!","SKYWAVE_PHASE_4_5","ad4de2c9-74c4-448c-aa81-811d205c0ba1","","-13.0","17:37:34","","",""
"Output","149427fb-694d-4988-a996-48f8969b9543","a9c48ab6-4711-420a-a5c3-4d205cea2e52","59c48ab6-4711-420a-a5c3-4d205cea2e52","text/plain","You are welcome. Is there anything else I can help with?","SKYWAVE_PHASE_4_5","e2b83028-5f38-4a53-a7c7-0698c67348e6","","-13.0","17:37:37","","",""
"Input","94f0c9f9-bb50-42ee-a12b-ab51e53799a9","uf765e31-d7fd-47c6-aedd-5fc36a35e61e","4f765e31-d7fd-47c6-aedd-5fc36a35e61e","text/plain","I want to change my seat to a window seat","SKYWAVE_PHASE_4_5","a97bce67-c24d-47e4-a6af-9d32c876460e","","-10.0","08:38:00","","",""
"Output","94f0c9f9-bb50-42ee-a12b-ab51e53799a9","af765e31-d7fd-47c6-aedd-5fc36a35e61e","4f765e31-d7fd-47c6-aedd-5fc36a35e61e","text/plain","Sorry, I am unable to change your seat right now. Please try again later.","SKYWAVE_PHASE_4_5","844a27ae-41e1-4d23-a031-1fd1c2c6bcca","","-10.0","08:38:02","","",""
"Input","b6ab502a-fa29-461f-a83e-6acf9f134de4","uf765e31-d7fd-47c6-aedd-5fc36a35e61e","4f765e31-d7fd-47c6-aedd-5fc36a35e61e","text/plain","This still is not working, I am frustrated.","SKYWAVE_PHASE_4_5","b412ac6f-247b-4930-a6b0-a84eb9e70a28","","-10.0","08:40:22","","",""
"Output","b6ab502a-fa29-461f-a83e-6acf9f134de4","af765e31-d7fd-47c6-aedd-5fc36a35e61e","4f765e31-d7fd-47c6-aedd-5fc36a35e61e","text/plain","I am sorry for the inconvenience. I was unable to resolve this for you.","SKYWAVE_PHASE_4_5","e2e7c4c3-b77b-4ad0-a7f6-6d755fc92fbb","","-10.0","08:40:26","","",""
"Input","1b6dd0ea-6d40-4563-ad61-4c71fd5032b4","udf4a9c6-e973-4dcc-a4bd-a4a083f29b94","7df4a9c6-e973-4dcc-a4bd-a4a083f29b94","text/plain","Can I move from 23B to an aisle seat?","SKYWAVE_PHASE_4_5","cfd80edc-f009-4015-a791-e58a4f336f31","","-1.0","18:28:00","","",""
"Output","1b6dd0ea-6d40-4563-ad61-4c71fd5032b4","adf4a9c6-e973-4dcc-a4bd-a4a083f29b94","7df4a9c6-e973-4dcc-a4bd-a4a083f29b94","text/plain","I could not update your seat assignment. Please contact a service agent.","SKYWAVE_PHASE_4_5","6249ddda-f355-4cc2-ab57-f5966fce6d98","","-1.0","18:28:04","","",""
"Input","2e9ad686-c429-4ee0-a8ed-7f35f36690c4","udf4a9c6-e973-4dcc-a4bd-a4a083f29b94","7df4a9c6-e973-4dcc-a4bd-a4a083f29b94","text/plain","This still is not working, I am frustrated.","SKYWAVE_PHASE_4_5","e37365a8-d07b-4a3b-a841-cbfbfe1bc2ab","","-1.0","18:28:59","","",""
"Output","2e9ad686-c429-4ee0-a8ed-7f35f36690c4","adf4a9c6-e973-4dcc-a4bd-a4a083f29b94","7df4a9c6-e973-4dcc-a4bd-a4a083f29b94","text/plain","I am sorry for the inconvenience. I was unable to resolve this for you.","SKYWAVE_PHASE_4_5","21421776-bf50-4b28-a929-3192a2e999b8","","-1.0","18:29:01","","",""
"Input","442a0ca7-72ac-4c6c-ae02-e8f16a89e0ef","udf4a9c6-e973-4dcc-a4bd-a4a083f29b94","7df4a9c6-e973-4dcc-a4bd-a4a083f29b94","text/plain","My in-flight wifi did not work, I want a refund","SKYWAVE_PHASE_4_5","b1795436-af3e-4126-a9b0-1b8930546148","","-1.0","18:29:17","","",""
"Output","442a0ca7-72ac-4c6c-ae02-e8f16a89e0ef","adf4a9c6-e973-4dcc-a4bd-a4a083f29b94","7df4a9c6-e973-4dcc-a4bd-a4a083f29b94","text/plain","I have logged your complaint as case 00012346. A refund will be processed.","SKYWAVE_PHASE_4_5","cf7516b8-215f-4db7-a67a-6fc5d79acd19","","-1.0","18:29:20","","",""
"Input","fb448afa-6a47-4a9f-a60f-dabac6f57d42","udf4a9c6-e973-4dcc-a4bd-a4a083f29b94","7df4a9c6-e973-4dcc-a4bd-a4a083f29b94","text/plain","Okay.","SKYWAVE_PHASE_4_5","ed19ccec-4d0f-48ce-a300-c66a10ead9f5","","-1.0","18:30:09","","",""
"Output","fb448afa-6a47-4a9f-a60f-dabac6f57d42","adf4a9c6-e973-4dcc-a4bd-a4a083f29b94","7df4a9c6-e973-4dcc-a4bd-a4a083f29b94","text/plain","Understood. Anything else I can help with?","SKYWAVE_PHASE_4_5","da3ca2eb-bbf6-4a3e-ac16-35c064235903","","-1.0","18:30:13","","",""
"Input","de2d907f-d421-45b4-a6ca-357e389a9737","udbddd8b-753e-4324-add9-6b289357b69d","9dbddd8b-753e-4324-add9-6b289357b69d","text/plain","Cancel my booking ABC123","SKYWAVE_PHASE_4_5","16cdc77d-d859-4fac-ad66-0a5eed1a0e86","","-11.0","13:48:00","","",""
"Output","de2d907f-d421-45b4-a6ca-357e389a9737","adbddd8b-753e-4324-add9-6b289357b69d","9dbddd8b-753e-4324-add9-6b289357b69d","text/plain","I have cancelled booking ABC123. A refund of $480 will be issued.","SKYWAVE_PHASE_4_5","eeb920dc-0633-4f1d-aae6-3a47edc12361","","-11.0","13:48:02","","",""
"Input","a3b8f0c7-40a3-4231-ae0b-94a0f539bb0f","udbddd8b-753e-4324-add9-6b289357b69d","9dbddd8b-753e-4324-add9-6b289357b69d","text/plain","Great, thank you!","SKYWAVE_PHASE_4_5","72794f05-d94d-49f7-ad9a-6f1bc56a7f71","","-11.0","13:52:33","","",""
"Output","a3b8f0c7-40a3-4231-ae0b-94a0f539bb0f","adbddd8b-753e-4324-add9-6b289357b69d","9dbddd8b-753e-4324-add9-6b289357b69d","text/plain","You are welcome. Is there anything else I can help with?","SKYWAVE_PHASE_4_5","5067f053-6a1b-48df-a92e-6f060555a26b","","-11.0","13:52:35","","",""
"Input","28a245f7-4ec3-42d4-a8d0-87db0fae62cf","udbddd8b-753e-4324-add9-6b289357b69d","9dbddd8b-753e-4324-add9-6b289357b69d","text/plain","What is my tier status?","SKYWAVE_PHASE_4_5","5038f925-9dde-415c-a1f3-03bb788a954f","","-11.0","13:53:31","","",""
"Output","28a245f7-4ec3-42d4-a8d0-87db0fae62cf","adbddd8b-753e-4324-add9-6b289357b69d","9dbddd8b-753e-4324-add9-6b289357b69d","text/plain","You are Gold tier with 14,200 qualifying points this year.","SKYWAVE_PHASE_4_5","71014027-64dd-409b-acda-d8b6b00d7b5f","","-11.0","13:53:33","","",""
"Input","b3b0058b-9903-4119-ade7-ed9ae26b1167","udbddd8b-753e-4324-add9-6b289357b69d","9dbddd8b-753e-4324-add9-6b289357b69d","text/plain","Great, thank you!","SKYWAVE_PHASE_4_5","0fe1740c-2795-4eb7-a423-40832a264a3a","","-11.0","13:55:31","","",""
"Output","b3b0058b-9903-4119-ade7-ed9ae26b1167","adbddd8b-753e-4324-add9-6b289357b69d","9dbddd8b-753e-4324-add9-6b289357b69d","text/plain","You are welcome. Is there anything else I can help with?","SKYWAVE_PHASE_4_5","3c1b24c0-e4dd-495e-a615-4f4b4f43ecdc","","-11.0","13:55:33","","",""
"Input","81d60bbd-0a07-4fc6-a1a2-ca79e3ba2f55","u166c201-af1d-49ee-aec3-679a308b0957","2166c201-af1d-49ee-aec3-679a308b0957","text/plain","Find flights from JFK to HND tomorrow","SKYWAVE_PHASE_4_5","c3ba99d6-b1b7-4c33-adc2-28529cc21d57","","-7.0","13:04:00","","",""
"Output","81d60bbd-0a07-4fc6-a1a2-ca79e3ba2f55","a166c201-af1d-49ee-aec3-679a308b0957","2166c201-af1d-49ee-aec3-679a308b0957","text/plain","I found 4 flights for that route. The cheapest is SW1200 at 1pm for $1,280.","SKYWAVE_PHASE_4_5","b1393544-db64-49c6-a84b-1617c0cd9786","","-7.0","13:04:04","","",""
"Input","78b1742f-cba8-4103-ad52-59ddace49664","u166c201-af1d-49ee-aec3-679a308b0957","2166c201-af1d-49ee-aec3-679a308b0957","text/plain","Great, thank you!","SKYWAVE_PHASE_4_5","3771378e-c3b0-4685-aff9-2de4272e0928","","-7.0","13:04:19","","",""
"Output","78b1742f-cba8-4103-ad52-59ddace49664","a166c201-af1d-49ee-aec3-679a308b0957","2166c201-af1d-49ee-aec3-679a308b0957","text/plain","You are welcome. Is there anything else I can help with?","SKYWAVE_PHASE_4_5","4c0918c4-722d-4225-adc2-9439f499b88b","","-7.0","13:04:22","","",""
"Input","152fafff-08cc-4408-acc7-7f811bb2b996","u1885aa7-ade7-4e9b-a7c9-8d0498dfb8b9","d1885aa7-ade7-4e9b-a7c9-8d0498dfb8b9","text/plain","How many miles do I have?","SKYWAVE_PHASE_4_5","02336daa-9732-4f14-a372-ac0a77f5fad6","","-14.0","11:59:00","","",""
"Output","152fafff-08cc-4408-acc7-7f811bb2b996","a1885aa7-ade7-4e9b-a7c9-8d0498dfb8b9","d1885aa7-ade7-4e9b-a7c9-8d0498dfb8b9","text/plain","You currently have 18,450 SkyWave miles. You are at Premier tier.","SKYWAVE_PHASE_4_5","053a48de-d8bc-4d13-a0fe-81103e7e8c88","","-14.0","11:59:03","","",""
"Input","fca31b3e-b49c-4df2-a9fc-2c478fa2ee57","u1885aa7-ade7-4e9b-a7c9-8d0498dfb8b9","d1885aa7-ade7-4e9b-a7c9-8d0498dfb8b9","text/plain","Great, thank you!","SKYWAVE_PHASE_4_5","5cce596d-cc8d-40ab-afd9-5107dee175d1","","-14.0","11:59:58","","",""
"Output","fca31b3e-b49c-4df2-a9fc-2c478fa2ee57","a1885aa7-ade7-4e9b-a7c9-8d0498dfb8b9","d1885aa7-ade7-4e9b-a7c9-8d0498dfb8b9","text/plain","You are welcome. Is there anything else I can help with?","SKYWAVE_PHASE_4_5","c8e7a92b-035c-4499-a298-6b70564d4bad","","-14.0","12:00:02","","",""
"Input","12136931-6583-4e4a-aa93-478913467f88","u1885aa7-ade7-4e9b-a7c9-8d0498dfb8b9","d1885aa7-ade7-4e9b-a7c9-8d0498dfb8b9","text/plain","Can I move from 23B to an aisle seat?","SKYWAVE_PHASE_4_5","502dbc29-138f-4de6-af5f-0cfe4fdba5c9","","-14.0","12:03:45","","",""
"Output","12136931-6583-4e4a-aa93-478913467f88","a1885aa7-ade7-4e9b-a7c9-8d0498dfb8b9","d1885aa7-ade7-4e9b-a7c9-8d0498dfb8b9","text/plain","I could not update your seat assignment. Please contact a service agent.","SKYWAVE_PHASE_4_5","70300d43-116a-48a9-a238-0945d10fd82a","","-14.0","12:03:47","","",""
"Input","217db39a-43b4-40b4-ab2c-37ba5da890c8","u1885aa7-ade7-4e9b-a7c9-8d0498dfb8b9","d1885aa7-ade7-4e9b-a7c9-8d0498dfb8b9","text/plain","This still is not working, I am frustrated.","SKYWAVE_PHASE_4_5","f222182f-880d-4f97-ad78-85a90b04e6a2","","-14.0","12:07:12","","",""
"Output","217db39a-43b4-40b4-ab2c-37ba5da890c8","a1885aa7-ade7-4e9b-a7c9-8d0498dfb8b9","d1885aa7-ade7-4e9b-a7c9-8d0498dfb8b9","text/plain","I am sorry for the inconvenience. I was unable to resolve this for you.","SKYWAVE_PHASE_4_5","c01d59b5-dbbc-4bd5-a384-727dfcdf14bc","","-14.0","12:07:15","","",""
"Input","30756f43-b2f7-4a1c-abac-3bcd2f80b5e0","u1885aa7-ade7-4e9b-a7c9-8d0498dfb8b9","d1885aa7-ade7-4e9b-a7c9-8d0498dfb8b9","text/plain","Find flights from JFK to HND tomorrow","SKYWAVE_PHASE_4_5","11f430a4-0c44-4b02-a5c4-5d163f538508","","-14.0","12:07:54","","",""
"Output","30756f43-b2f7-4a1c-abac-3bcd2f80b5e0","a1885aa7-ade7-4e9b-a7c9-8d0498dfb8b9","d1885aa7-ade7-4e9b-a7c9-8d0498dfb8b9","text/plain","I found 4 flights for that route. The cheapest is SW1200 at 1pm for $1,280.","SKYWAVE_PHASE_4_5","4231e215-fb8a-456c-afb2-44bac23ccfad","","-14.0","12:07:56","","",""
"Input","7d30f7ae-9f25-4abc-ab1f-1cc2f6f298c3","u1885aa7-ade7-4e9b-a7c9-8d0498dfb8b9","d1885aa7-ade7-4e9b-a7c9-8d0498dfb8b9","text/plain","Great, thank you!","SKYWAVE_PHASE_4_5","4cdb1457-9e76-4030-a7b2-085076686eb1","","-14.0","12:08:15","","",""
"Output","7d30f7ae-9f25-4abc-ab1f-1cc2f6f298c3","a1885aa7-ade7-4e9b-a7c9-8d0498dfb8b9","d1885aa7-ade7-4e9b-a7c9-8d0498dfb8b9","text/plain","You are welcome. Is there anything else I can help with?","SKYWAVE_PHASE_4_5","612fb6dc-04fa-48a3-a005-d40110200eb7","","-14.0","12:08:18","","",""
"Input","b36d5d50-bff3-4eba-af81-e54966596f5d","u36d8be4-4a32-40e9-a63c-32872f7c039d","236d8be4-4a32-40e9-a63c-32872f7c039d","text/plain","How many miles do I have?","SKYWAVE_PHASE_4_5","851c19db-c340-43c1-a235-82ec198c42bf","","-11.0","08:48:00","","",""
"Output","b36d5d50-bff3-4eba-af81-e54966596f5d","a36d8be4-4a32-40e9-a63c-32872f7c039d","236d8be4-4a32-40e9-a63c-32872f7c039d","text/plain","You currently have 18,450 SkyWave miles. You are at Premier tier.","SKYWAVE_PHASE_4_5","0b1e3626-5fa7-4ff2-ae00-e9895c0ba613","","-11.0","08:48:02","","",""
"Input","ea312851-5d11-4092-a352-776fdef258a5","u36d8be4-4a32-40e9-a63c-32872f7c039d","236d8be4-4a32-40e9-a63c-32872f7c039d","text/plain","Great, thank you!","SKYWAVE_PHASE_4_5","30f7392a-35f3-4725-adff-bc12060d99e4","","-11.0","08:51:05","","",""
"Output","ea312851-5d11-4092-a352-776fdef258a5","a36d8be4-4a32-40e9-a63c-32872f7c039d","236d8be4-4a32-40e9-a63c-32872f7c039d","text/plain","You are welcome. Is there anything else I can help with?","SKYWAVE_PHASE_4_5","c92ba3be-c126-436f-a5d8-099df1c79eeb","","-11.0","08:51:07","","",""
"Input","2faec352-a535-4698-abc9-13cbc2f8d3e6","u36d8be4-4a32-40e9-a63c-32872f7c039d","236d8be4-4a32-40e9-a63c-32872f7c039d","text/plain","Tell me a joke","SKYWAVE_PHASE_4_5","304b0085-de8f-43bc-a4dc-c663bb74a6b3","","-11.0","08:51:44","","",""
"Output","2faec352-a535-4698-abc9-13cbc2f8d3e6","a36d8be4-4a32-40e9-a63c-32872f7c039d","236d8be4-4a32-40e9-a63c-32872f7c039d","text/plain","I am a Skywave booking assistant. How can I help with your travel?","SKYWAVE_PHASE_4_5","86edfc7d-ca76-4858-aba9-c1dc110e8c77","","-11.0","08:51:47","","",""
"Input","a1f391ea-e022-4258-aa71-42f820ad1ab8","u36d8be4-4a32-40e9-a63c-32872f7c039d","236d8be4-4a32-40e9-a63c-32872f7c039d","text/plain","Okay.","SKYWAVE_PHASE_4_5","853327d7-570d-4187-a30d-abc12a435553","","-11.0","08:52:09","","",""
"Output","a1f391ea-e022-4258-aa71-42f820ad1ab8","a36d8be4-4a32-40e9-a63c-32872f7c039d","236d8be4-4a32-40e9-a63c-32872f7c039d","text/plain","Understood. Anything else I can help with?","SKYWAVE_PHASE_4_5","1005f4ea-275e-45f5-a072-7fcbceaa9b41","","-11.0","08:52:13","","",""
"Input","495b4843-6329-4068-a767-f1e2d076d9c3","u735a937-8a14-4ac2-ac10-023a1661bfcd","4735a937-8a14-4ac2-ac10-023a1661bfcd","text/plain","Please correct my last name on booking ABC123","SKYWAVE_PHASE_4_5","042cc986-d953-440e-adce-36e88b96fd17","","-14.0","13:09:00","","",""
"Output","495b4843-6329-4068-a767-f1e2d076d9c3","a735a937-8a14-4ac2-ac10-023a1661bfcd","4735a937-8a14-4ac2-ac10-023a1661bfcd","text/plain","I have updated the passenger name on booking ABC123. A confirmation has been sent.","SKYWAVE_PHASE_4_5","041ab68d-76c1-4373-adbb-cd6ea764860a","","-14.0","13:09:03","","",""
"Input","65fa500d-af64-4f4d-a43b-7447bc39ab4e","u735a937-8a14-4ac2-ac10-023a1661bfcd","4735a937-8a14-4ac2-ac10-023a1661bfcd","text/plain","Great, thank you!","SKYWAVE_PHASE_4_5","028d47f6-5772-42a6-a239-fee2c83f051e","","-14.0","13:10:01","","",""
"Output","65fa500d-af64-4f4d-a43b-7447bc39ab4e","a735a937-8a14-4ac2-ac10-023a1661bfcd","4735a937-8a14-4ac2-ac10-023a1661bfcd","text/plain","You are welcome. Is there anything else I can help with?","SKYWAVE_PHASE_4_5","2f9749d3-565a-4366-ae4c-297a5c234ebe","","-14.0","13:10:03","","",""
"Input","6699db1f-dad8-44a5-a444-9e818c279370","u2ebe055-4bfd-49bd-ae95-1b035c60b704","b2ebe055-4bfd-49bd-ae95-1b035c60b704","text/plain","My in-flight wifi did not work, I want a refund","SKYWAVE_PHASE_4_5","562f2cf8-16b3-4f5f-a24a-0b813f8309da","","-2.0","13:11:00","","",""
"Output","6699db1f-dad8-44a5-a444-9e818c279370","a2ebe055-4bfd-49bd-ae95-1b035c60b704","b2ebe055-4bfd-49bd-ae95-1b035c60b704","text/plain","I have logged your complaint as case 00012346. A refund will be processed.","SKYWAVE_PHASE_4_5","1165504f-3717-434b-a252-c2a3959655aa","","-2.0","13:11:03","","",""
"Input","76feb8e8-eb85-49ff-a975-930c71e5dd4c","u2ebe055-4bfd-49bd-ae95-1b035c60b704","b2ebe055-4bfd-49bd-ae95-1b035c60b704","text/plain","Great, thank you!","SKYWAVE_PHASE_4_5","9d742ff3-42fb-4a98-a084-af9f776a48c6","","-2.0","13:11:24","","",""
"Output","76feb8e8-eb85-49ff-a975-930c71e5dd4c","a2ebe055-4bfd-49bd-ae95-1b035c60b704","b2ebe055-4bfd-49bd-ae95-1b035c60b704","text/plain","You are welcome. Is there anything else I can help with?","SKYWAVE_PHASE_4_5","c465f007-7115-41d1-a3df-7743ccb7c9d3","","-2.0","13:11:27","","",""
"Input","415ef96b-5066-44c5-ade7-7267395883f7","u2ebe055-4bfd-49bd-ae95-1b035c60b704","b2ebe055-4bfd-49bd-ae95-1b035c60b704","text/plain","Show me my upcoming bookings","SKYWAVE_PHASE_4_5","1e9345bc-6eb2-4a9c-a601-486620e6a510","","-2.0","13:12:22","","",""
"Output","415ef96b-5066-44c5-ade7-7267395883f7","a2ebe055-4bfd-49bd-ae95-1b035c60b704","b2ebe055-4bfd-49bd-ae95-1b035c60b704","text/plain","You have one upcoming booking — LH 1927 BER-MUC-SFO, confirmed.","SKYWAVE_PHASE_4_5","67600e6d-3064-4a6d-af6c-b52e620cc8df","","-2.0","13:12:24","","",""
"Input","07faca37-a535-47d3-a926-19ded7792ac9","u2ebe055-4bfd-49bd-ae95-1b035c60b704","b2ebe055-4bfd-49bd-ae95-1b035c60b704","text/plain","Great, thank you!","SKYWAVE_PHASE_4_5","ff014a73-fed9-48d8-a2e4-4ff2a6f7f43b","","-2.0","13:13:07","","",""
"Output","07faca37-a535-47d3-a926-19ded7792ac9","a2ebe055-4bfd-49bd-ae95-1b035c60b704","b2ebe055-4bfd-49bd-ae95-1b035c60b704","text/plain","You are welcome. Is there anything else I can help with?","SKYWAVE_PHASE_4_5","eea37a55-9ccf-440b-ab3a-ad7b6e4bb241","","-2.0","13:13:11","","",""
"Input","86871482-7d23-485c-a517-24c816e4dae4","u3124c95-93d5-4d74-a21c-14a341b07feb","33124c95-93d5-4d74-a21c-14a341b07feb","text/plain","I want to change my seat to a window seat","SKYWAVE_PHASE_4_5","c219f23c-303a-4c76-a1a2-031a9b9326db","","-4.0","08:58:00","","",""
"Output","86871482-7d23-485c-a517-24c816e4dae4","a3124c95-93d5-4d74-a21c-14a341b07feb","33124c95-93d5-4d74-a21c-14a341b07feb","text/plain","Sorry, I am unable to change your seat right now. Please try again later.","SKYWAVE_PHASE_4_5","92b452ba-7e46-473c-a34a-2e6754cd1bd2","","-4.0","08:58:03","","",""
"Input","43fbe3fd-d366-41a8-a006-1d0a94233df9","u3124c95-93d5-4d74-a21c-14a341b07feb","33124c95-93d5-4d74-a21c-14a341b07feb","text/plain","This still is not working, I am frustrated.","SKYWAVE_PHASE_4_5","00900612-3e90-4d80-a732-0bf5ea972219","","-4.0","08:58:30","","",""
"Output","43fbe3fd-d366-41a8-a006-1d0a94233df9","a3124c95-93d5-4d74-a21c-14a341b07feb","33124c95-93d5-4d74-a21c-14a341b07feb","text/plain","I am sorry for the inconvenience. I was unable to resolve this for you.","SKYWAVE_PHASE_4_5","357f37ec-9c30-4c3d-acd4-6164f91fb685","","-4.0","08:58:32","","",""
"Input","61e543f4-f660-439f-a709-747a0c170db6","u3124c95-93d5-4d74-a21c-14a341b07feb","33124c95-93d5-4d74-a21c-14a341b07feb","text/plain","What is my tier status?","SKYWAVE_PHASE_4_5","fea76085-57cf-46e9-ac7b-974bff62ac9c","","-4.0","08:58:55","","",""
"Output","61e543f4-f660-439f-a709-747a0c170db6","a3124c95-93d5-4d74-a21c-14a341b07feb","33124c95-93d5-4d74-a21c-14a341b07feb","text/plain","You are Gold tier with 14,200 qualifying points this year.","SKYWAVE_PHASE_4_5","dbdf5568-eecf-4f07-a9ed-1d3e729d13dc","","-4.0","08:58:57","","",""
"Input","0ca2cdf2-6c61-4154-a2c5-4a7096190aa7","u3124c95-93d5-4d74-a21c-14a341b07feb","33124c95-93d5-4d74-a21c-14a341b07feb","text/plain","Great, thank you!","SKYWAVE_PHASE_4_5","9506b9a1-7574-4daa-a208-8b986e56bcea","","-4.0","09:00:07","","",""
"Output","0ca2cdf2-6c61-4154-a2c5-4a7096190aa7","a3124c95-93d5-4d74-a21c-14a341b07feb","33124c95-93d5-4d74-a21c-14a341b07feb","text/plain","You are welcome. Is there anything else I can help with?","SKYWAVE_PHASE_4_5","fe05fe71-5e34-4a8c-a179-91104385c3af","","-4.0","09:00:10","","",""
"Input","c05dbf79-033b-40ad-a407-6e5421a8ae16","u083c4ec-50a4-444d-aed0-ab375cb8739d","c083c4ec-50a4-444d-aed0-ab375cb8739d","text/plain","I want to select seat 1A for my flight","SKYWAVE_PHASE_4_5","41fc0a96-ce66-4a00-ad65-40caf09df358","","-14.0","15:31:00","","",""
"Output","c05dbf79-033b-40ad-a407-6e5421a8ae16","a083c4ec-50a4-444d-aed0-ab375cb8739d","c083c4ec-50a4-444d-aed0-ab375cb8739d","text/plain","I was unable to retrieve the seat map automatically and could not assign the seat.","SKYWAVE_PHASE_4_5","ff056c75-d656-4402-ac5a-4675d6505714","","-14.0","15:31:03","","",""
"Input","845158c0-861e-45a3-a27a-9aad27917900","u083c4ec-50a4-444d-aed0-ab375cb8739d","c083c4ec-50a4-444d-aed0-ab375cb8739d","text/plain","This still is not working, I am frustrated.","SKYWAVE_PHASE_4_5","7026077f-0fe6-408b-acd8-d988144511ac","","-14.0","15:32:17","","",""
"Output","845158c0-861e-45a3-a27a-9aad27917900","a083c4ec-50a4-444d-aed0-ab375cb8739d","c083c4ec-50a4-444d-aed0-ab375cb8739d","text/plain","I am sorry for the inconvenience. I was unable to resolve this for you.","SKYWAVE_PHASE_4_5","24cd414b-e533-40b8-a6bb-168c6b62cf12","","-14.0","15:32:20","","",""
"Input","bb1dabf7-105a-40c0-a623-42ea3a450b72","u8600216-0e91-4aa4-ae01-4250e6e4d281","68600216-0e91-4aa4-ae01-4250e6e4d281","text/plain","Whats the weather like in Tokyo?","SKYWAVE_PHASE_4_5","9424a1d7-a61d-4c37-a4d3-b2f6d774c3d7","","-14.0","16:25:00","","",""
"Output","bb1dabf7-105a-40c0-a623-42ea3a450b72","a8600216-0e91-4aa4-ae01-4250e6e4d281","68600216-0e91-4aa4-ae01-4250e6e4d281","text/plain","I can only help with flight bookings and Skywave loyalty questions.","SKYWAVE_PHASE_4_5","d1d01f97-6a15-4ab9-ae0a-c14933bbc402","","-14.0","16:25:04","","",""
"Input","cd6534d8-45ea-4f73-aee5-112d50333a75","u8600216-0e91-4aa4-ae01-4250e6e4d281","68600216-0e91-4aa4-ae01-4250e6e4d281","text/plain","Okay.","SKYWAVE_PHASE_4_5","f947321a-8988-44ef-a0c1-d98e2ba690ac","","-14.0","16:28:39","","",""
"Output","cd6534d8-45ea-4f73-aee5-112d50333a75","a8600216-0e91-4aa4-ae01-4250e6e4d281","68600216-0e91-4aa4-ae01-4250e6e4d281","text/plain","Understood. Anything else I can help with?","SKYWAVE_PHASE_4_5","73e01dbc-d674-436c-a17a-4ecbdd332fd3","","-14.0","16:28:43","","",""
"Input","62cff3e1-6d46-4e2b-a14a-66a86d138d09","uf227407-1c41-46e6-afb0-cfdf79b4b263","1f227407-1c41-46e6-afb0-cfdf79b4b263","text/plain","I lost my luggage in Munich last week, can you help?","SKYWAVE_PHASE_4_5","01338114-7426-4876-a1f7-cba06e16708c","","-13.0","15:43:00","","",""
"Output","62cff3e1-6d46-4e2b-a14a-66a86d138d09","af227407-1c41-46e6-afb0-cfdf79b4b263","1f227407-1c41-46e6-afb0-cfdf79b4b263","text/plain","I have created case 00012345 for your lost luggage. We will contact you within 24 hours.","SKYWAVE_PHASE_4_5","69821055-b676-4d43-a5e0-8198d9d0fc83","","-13.0","15:43:03","","",""
"Input","26a8b2a6-661d-493b-a067-2f887a998340","uf227407-1c41-46e6-afb0-cfdf79b4b263","1f227407-1c41-46e6-afb0-cfdf79b4b263","text/plain","Great, thank you!","SKYWAVE_PHASE_4_5","24714cee-b6f0-4f0f-a7c5-8ea3c858bc66","","-13.0","15:43:43","","",""
"Output","26a8b2a6-661d-493b-a067-2f887a998340","af227407-1c41-46e6-afb0-cfdf79b4b263","1f227407-1c41-46e6-afb0-cfdf79b4b263","text/plain","You are welcome. Is there anything else I can help with?","SKYWAVE_PHASE_4_5","2b598291-feb2-4022-ae3a-d402ffbd3a62","","-13.0","15:43:46","","",""
"Input","5f0852b4-dbd4-44f5-a42e-d5ed706a1c9a","uf227407-1c41-46e6-afb0-cfdf79b4b263","1f227407-1c41-46e6-afb0-cfdf79b4b263","text/plain","Find flights from JFK to HND tomorrow","SKYWAVE_PHASE_4_5","0c3a7d71-883d-4e8a-ac67-e9154aea5f57","","-13.0","15:44:48","","",""
"Output","5f0852b4-dbd4-44f5-a42e-d5ed706a1c9a","af227407-1c41-46e6-afb0-cfdf79b4b263","1f227407-1c41-46e6-afb0-cfdf79b4b263","text/plain","I found 4 flights for that route. The cheapest is SW1200 at 1pm for $1,280.","SKYWAVE_PHASE_4_5","dbeeff78-ca14-46b3-a13d-4dc66acf0151","","-13.0","15:44:52","","",""
"Input","9e257ea0-0f18-4511-ac58-1a3910a36bb1","uf227407-1c41-46e6-afb0-cfdf79b4b263","1f227407-1c41-46e6-afb0-cfdf79b4b263","text/plain","Great, thank you!","SKYWAVE_PHASE_4_5","dd046456-d3be-4487-a9d2-85e46cc7123c","","-13.0","15:46:25","","",""
"Output","9e257ea0-0f18-4511-ac58-1a3910a36bb1","af227407-1c41-46e6-afb0-cfdf79b4b263","1f227407-1c41-46e6-afb0-cfdf79b4b263","text/plain","You are welcome. Is there anything else I can help with?","SKYWAVE_PHASE_4_5","72bdd658-e873-48f2-a576-f8fed3c4762c","","-13.0","15:46:28","","",""
"Input","f5a00398-ba9f-44a1-a77c-8016f7106be6","uaff2bb4-ea2a-4edc-a1a7-871bdfd826f1","baff2bb4-ea2a-4edc-a1a7-871bdfd826f1","text/plain","Please correct my last name on booking ABC123","SKYWAVE_PHASE_4_5","9fdd086c-342d-4591-a35f-e287a81a21f1","","-10.0","17:48:00","","",""
"Output","f5a00398-ba9f-44a1-a77c-8016f7106be6","aaff2bb4-ea2a-4edc-a1a7-871bdfd826f1","baff2bb4-ea2a-4edc-a1a7-871bdfd826f1","text/plain","I have updated the passenger name on booking ABC123. A confirmation has been sent.","SKYWAVE_PHASE_4_5","27043ce0-a315-425f-abbd-be12f0a2a4b0","","-10.0","17:48:02","","",""
"Input","aa395caf-595a-4aaf-a3a4-6b6bbeada0fa","uaff2bb4-ea2a-4edc-a1a7-871bdfd826f1","baff2bb4-ea2a-4edc-a1a7-871bdfd826f1","text/plain","Great, thank you!","SKYWAVE_PHASE_4_5","9d3f20e1-1682-4901-a9f5-136c3b21d8d9","","-10.0","17:48:43","","",""
"Output","aa395caf-595a-4aaf-a3a4-6b6bbeada0fa","aaff2bb4-ea2a-4edc-a1a7-871bdfd826f1","baff2bb4-ea2a-4edc-a1a7-871bdfd826f1","text/plain","You are welcome. Is there anything else I can help with?","SKYWAVE_PHASE_4_5","f4826816-50d3-46ee-a40a-2dd97387e0ba","","-10.0","17:48:46","","",""
"Input","c4b0df2f-7c34-47b2-ae77-1dea7adf047b","uaff2bb4-ea2a-4edc-a1a7-871bdfd826f1","baff2bb4-ea2a-4edc-a1a7-871bdfd826f1","text/plain","Show me my upcoming bookings","SKYWAVE_PHASE_4_5","673df62b-bea7-4ec2-a9e3-94ae90494971","","-10.0","17:49:31","","",""
"Output","c4b0df2f-7c34-47b2-ae77-1dea7adf047b","aaff2bb4-ea2a-4edc-a1a7-871bdfd826f1","baff2bb4-ea2a-4edc-a1a7-871bdfd826f1","text/plain","You have one upcoming booking — LH 1927 BER-MUC-SFO, confirmed.","SKYWAVE_PHASE_4_5","3316f5d2-bc73-4c31-adea-6bda16f4d3bd","","-10.0","17:49:33","","",""
"Input","170d996c-da3b-4895-ae50-404f4a87e2f7","uaff2bb4-ea2a-4edc-a1a7-871bdfd826f1","baff2bb4-ea2a-4edc-a1a7-871bdfd826f1","text/plain","Great, thank you!","SKYWAVE_PHASE_4_5","0fd13d05-0aee-4e13-aa22-846ad2cc1f7d","","-10.0","17:50:47","","",""
"Output","170d996c-da3b-4895-ae50-404f4a87e2f7","aaff2bb4-ea2a-4edc-a1a7-871bdfd826f1","baff2bb4-ea2a-4edc-a1a7-871bdfd826f1","text/plain","You are welcome. Is there anything else I can help with?","SKYWAVE_PHASE_4_5","c524a003-88b0-4e83-a415-3c93dd6fd4b6","","-10.0","17:50:50","","",""
"Input","5d53d83d-b545-498d-ada9-005a795f44e9","u26fb0a7-7fb9-433e-a7c4-4d6366f3fca2","826fb0a7-7fb9-433e-a7c4-4d6366f3fca2","text/plain","My first name is misspelled on my ticket","SKYWAVE_PHASE_4_5","26a92d1f-89e8-45b9-ae91-ada6c9512414","","-9.0","13:07:00","","",""
"Output","5d53d83d-b545-498d-ada9-005a795f44e9","a26fb0a7-7fb9-433e-a7c4-4d6366f3fca2","826fb0a7-7fb9-433e-a7c4-4d6366f3fca2","text/plain","I have corrected the spelling on your ticket. Please review the updated itinerary.","SKYWAVE_PHASE_4_5","bfbe0d98-b34f-4756-ab4f-3942a0b2737d","","-9.0","13:07:02","","",""
"Input","03e35142-65cb-4eaa-a6cb-fa68eb295e65","u26fb0a7-7fb9-433e-a7c4-4d6366f3fca2","826fb0a7-7fb9-433e-a7c4-4d6366f3fca2","text/plain","Great, thank you!","SKYWAVE_PHASE_4_5","69190d55-7868-4e00-a755-0df15687b712","","-9.0","13:07:32","","",""
"Output","03e35142-65cb-4eaa-a6cb-fa68eb295e65","a26fb0a7-7fb9-433e-a7c4-4d6366f3fca2","826fb0a7-7fb9-433e-a7c4-4d6366f3fca2","text/plain","You are welcome. Is there anything else I can help with?","SKYWAVE_PHASE_4_5","be0e6efa-5387-4908-ae8e-be0b644306d7","","-9.0","13:07:35","","",""
"Input","d0d30e2a-514c-432e-a7b6-b320387c31a3","u26fb0a7-7fb9-433e-a7c4-4d6366f3fca2","826fb0a7-7fb9-433e-a7c4-4d6366f3fca2","text/plain","My in-flight wifi did not work, I want a refund","SKYWAVE_PHASE_4_5","6d9fd1ea-eeb3-4cd9-aeb6-a22e0c87e787","","-9.0","13:08:10","","",""
"Output","d0d30e2a-514c-432e-a7b6-b320387c31a3","a26fb0a7-7fb9-433e-a7c4-4d6366f3fca2","826fb0a7-7fb9-433e-a7c4-4d6366f3fca2","text/plain","I have logged your complaint as case 00012346. A refund will be processed.","SKYWAVE_PHASE_4_5","e7ee5e21-6522-4d22-a17e-eac43307d548","","-9.0","13:08:13","","",""
"Input","349f1bcd-4886-4185-a983-fe8a835a72c2","u26fb0a7-7fb9-433e-a7c4-4d6366f3fca2","826fb0a7-7fb9-433e-a7c4-4d6366f3fca2","text/plain","Great, thank you!","SKYWAVE_PHASE_4_5","70fb0743-7247-42d7-a6f3-1f0702d172f3","","-9.0","13:08:42","","",""
"Output","349f1bcd-4886-4185-a983-fe8a835a72c2","a26fb0a7-7fb9-433e-a7c4-4d6366f3fca2","826fb0a7-7fb9-433e-a7c4-4d6366f3fca2","text/plain","You are welcome. Is there anything else I can help with?","SKYWAVE_PHASE_4_5","fe4f57d5-14fd-4b43-ad52-a135ad6f7c43","","-9.0","13:08:46","","",""
"Input","af258437-e284-41bc-a5c5-5b28bf373d89","u4ef7554-3beb-465a-a3d1-54c03e52b276","04ef7554-3beb-465a-a3d1-54c03e52b276","text/plain","Please correct my last name on booking ABC123","SKYWAVE_PHASE_4_5","8ed9de99-9eb9-41e6-adca-02e812105ae0","","-13.0","15:58:00","","",""
"Output","af258437-e284-41bc-a5c5-5b28bf373d89","a4ef7554-3beb-465a-a3d1-54c03e52b276","04ef7554-3beb-465a-a3d1-54c03e52b276","text/plain","I have updated the passenger name on booking ABC123. A confirmation has been sent.","SKYWAVE_PHASE_4_5","4660503d-9043-407e-a260-b86e362c1859","","-13.0","15:58:02","","",""
"Input","2aab44d4-6e2f-4f53-a197-5c2983670db4","u4ef7554-3beb-465a-a3d1-54c03e52b276","04ef7554-3beb-465a-a3d1-54c03e52b276","text/plain","Great, thank you!","SKYWAVE_PHASE_4_5","af0dc6d4-e5a7-408d-a4e4-7a85a88aae44","","-13.0","16:00:11","","",""
"Output","2aab44d4-6e2f-4f53-a197-5c2983670db4","a4ef7554-3beb-465a-a3d1-54c03e52b276","04ef7554-3beb-465a-a3d1-54c03e52b276","text/plain","You are welcome. Is there anything else I can help with?","SKYWAVE_PHASE_4_5","6577c31c-a333-4179-a2b9-12a6067a2196","","-13.0","16:00:15","","",""
"Input","aa876bbf-4649-4985-ad1d-4c69b473f232","u4ef7554-3beb-465a-a3d1-54c03e52b276","04ef7554-3beb-465a-a3d1-54c03e52b276","text/plain","Show me my upcoming bookings","SKYWAVE_PHASE_4_5","d53361f5-d0c1-41c2-af8a-d38bae3575e6","","-13.0","16:01:15","","",""
"Output","aa876bbf-4649-4985-ad1d-4c69b473f232","a4ef7554-3beb-465a-a3d1-54c03e52b276","04ef7554-3beb-465a-a3d1-54c03e52b276","text/plain","You have one upcoming booking — LH 1927 BER-MUC-SFO, confirmed.","SKYWAVE_PHASE_4_5","4cf5ccaf-dfca-4409-aca7-6efa1646f90c","","-13.0","16:01:18","","",""
"Input","c1b6470b-e480-4ff6-a040-24078db3b51e","u4ef7554-3beb-465a-a3d1-54c03e52b276","04ef7554-3beb-465a-a3d1-54c03e52b276","text/plain","Great, thank you!","SKYWAVE_PHASE_4_5","c5853a22-cbb7-4cba-a89f-12ff6507bd23","","-13.0","16:01:51","","",""
"Output","c1b6470b-e480-4ff6-a040-24078db3b51e","a4ef7554-3beb-465a-a3d1-54c03e52b276","04ef7554-3beb-465a-a3d1-54c03e52b276","text/plain","You are welcome. Is there anything else I can help with?","SKYWAVE_PHASE_4_5","54802387-a48d-4f53-ac06-2e666023fd12","","-13.0","16:01:53","","",""
"Input","91ea2597-d5a0-4410-adb2-2fcb7bf9186c","u4e75a37-35b9-4b41-a488-4222d9e90532","04e75a37-35b9-4b41-a488-4222d9e90532","text/plain","I want to change my seat to a window seat","SKYWAVE_PHASE_4_5","0d7cfd2d-a8fe-4a94-a86f-2970d3883074","","-12.0","19:36:00","","",""
"Output","91ea2597-d5a0-4410-adb2-2fcb7bf9186c","a4e75a37-35b9-4b41-a488-4222d9e90532","04e75a37-35b9-4b41-a488-4222d9e90532","text/plain","Sorry, I am unable to change your seat right now. Please try again later.","SKYWAVE_PHASE_4_5","e27cce77-dbab-41ed-aed6-b76033130d96","","-12.0","19:36:03","","",""
"Input","acb23f24-d047-4479-a048-4fc504eb82d9","u4e75a37-35b9-4b41-a488-4222d9e90532","04e75a37-35b9-4b41-a488-4222d9e90532","text/plain","This still is not working, I am frustrated.","SKYWAVE_PHASE_4_5","fc03fcc8-f4ec-4796-a181-a5f0f39dd9ee","","-12.0","19:37:15","","",""
"Output","acb23f24-d047-4479-a048-4fc504eb82d9","a4e75a37-35b9-4b41-a488-4222d9e90532","04e75a37-35b9-4b41-a488-4222d9e90532","text/plain","I am sorry for the inconvenience. I was unable to resolve this for you.","SKYWAVE_PHASE_4_5","3d9923d2-0579-4c4d-a6ea-b68d860c19d7","","-12.0","19:37:18","","",""
"Input","066b59d6-fdb8-424b-a7f4-58e211bdbc2c","u4e75a37-35b9-4b41-a488-4222d9e90532","04e75a37-35b9-4b41-a488-4222d9e90532","text/plain","Find flights from JFK to HND tomorrow","SKYWAVE_PHASE_4_5","de8b5f57-38dd-4cff-ac3c-81e7b4182c34","","-12.0","19:37:49","","",""
"Output","066b59d6-fdb8-424b-a7f4-58e211bdbc2c","a4e75a37-35b9-4b41-a488-4222d9e90532","04e75a37-35b9-4b41-a488-4222d9e90532","text/plain","I found 4 flights for that route. The cheapest is SW1200 at 1pm for $1,280.","SKYWAVE_PHASE_4_5","6563a911-bb1b-4e17-ac78-6452561cfbcb","","-12.0","19:37:53","","",""
"Input","1e217c68-ca60-4f4c-a44b-d70286802bba","u4e75a37-35b9-4b41-a488-4222d9e90532","04e75a37-35b9-4b41-a488-4222d9e90532","text/plain","Great, thank you!","SKYWAVE_PHASE_4_5","b2802a34-f981-4d5d-a854-857ada99cc14","","-12.0","19:42:33","","",""
"Output","1e217c68-ca60-4f4c-a44b-d70286802bba","a4e75a37-35b9-4b41-a488-4222d9e90532","04e75a37-35b9-4b41-a488-4222d9e90532","text/plain","You are welcome. Is there anything else I can help with?","SKYWAVE_PHASE_4_5","f9d68cb2-043b-459c-a149-d11ee51439e3","","-12.0","19:42:36","","",""
"Input","a68f5055-27e0-478b-a4c5-a94d052d190d","u4e75a37-35b9-4b41-a488-4222d9e90532","04e75a37-35b9-4b41-a488-4222d9e90532","text/plain","What is my tier status?","SKYWAVE_PHASE_4_5","dffc1736-3c14-4c0a-afa8-56052122fe05","","-12.0","19:43:32","","",""
"Output","a68f5055-27e0-478b-a4c5-a94d052d190d","a4e75a37-35b9-4b41-a488-4222d9e90532","04e75a37-35b9-4b41-a488-4222d9e90532","text/plain","You are Gold tier with 14,200 qualifying points this year.","SKYWAVE_PHASE_4_5","f035d6bf-6336-4998-a01d-5d2fb3631cd6","","-12.0","19:43:36","","",""
"Input","767c7b60-66b5-4820-a9cf-544b2277d0b2","u4e75a37-35b9-4b41-a488-4222d9e90532","04e75a37-35b9-4b41-a488-4222d9e90532","text/plain","Great, thank you!","SKYWAVE_PHASE_4_5","bdcae4e9-26ba-4b58-a6e9-9a97c0c431e7","","-12.0","19:44:47","","",""
"Output","767c7b60-66b5-4820-a9cf-544b2277d0b2","a4e75a37-35b9-4b41-a488-4222d9e90532","04e75a37-35b9-4b41-a488-4222d9e90532","text/plain","You are welcome. Is there anything else I can help with?","SKYWAVE_PHASE_4_5","79eeb8fd-3827-4042-a57c-c4f9a0fecbbc","","-12.0","19:44:51","","",""
"Input","3dc94a19-ef8f-4672-ab13-d7850174b4d3","uf6b6a09-74bb-4dba-ac11-50d87eb337ff","5f6b6a09-74bb-4dba-ac11-50d87eb337ff","text/plain","How many miles do I have?","SKYWAVE_PHASE_4_5","ef17f80f-23df-4e0f-a77c-c0d45adb3619","","-14.0","10:00:00","","",""
"Output","3dc94a19-ef8f-4672-ab13-d7850174b4d3","af6b6a09-74bb-4dba-ac11-50d87eb337ff","5f6b6a09-74bb-4dba-ac11-50d87eb337ff","text/plain","You currently have 18,450 SkyWave miles. You are at Premier tier.","SKYWAVE_PHASE_4_5","fa7fa517-b439-441f-a617-dec42d43b21b","","-14.0","10:00:02","","",""
"Input","33f6e5d8-ba2a-4685-a3ee-fb5ce8d33203","uf6b6a09-74bb-4dba-ac11-50d87eb337ff","5f6b6a09-74bb-4dba-ac11-50d87eb337ff","text/plain","Great, thank you!","SKYWAVE_PHASE_4_5","3688d43e-e9ad-4f19-ae81-31c0b1d133f8","","-14.0","10:00:37","","",""
"Output","33f6e5d8-ba2a-4685-a3ee-fb5ce8d33203","af6b6a09-74bb-4dba-ac11-50d87eb337ff","5f6b6a09-74bb-4dba-ac11-50d87eb337ff","text/plain","You are welcome. Is there anything else I can help with?","SKYWAVE_PHASE_4_5","6faaf6b1-c67d-4e66-a432-84b226a02117","","-14.0","10:00:39","","",""
"Input","bd8b538f-c4e6-4363-aaef-22ab04a071dc","u6de854e-f289-4626-a93c-dd9680a90a27","36de854e-f289-4626-a93c-dd9680a90a27","text/plain","I lost my luggage in Munich last week, can you help?","SKYWAVE_PHASE_4_5","3a32768b-2e1d-4cb1-ae3b-496bc6c76c7f","","-7.0","12:42:00","","",""
"Output","bd8b538f-c4e6-4363-aaef-22ab04a071dc","a6de854e-f289-4626-a93c-dd9680a90a27","36de854e-f289-4626-a93c-dd9680a90a27","text/plain","I have created case 00012345 for your lost luggage. We will contact you within 24 hours.","SKYWAVE_PHASE_4_5","917f0ddd-7a06-4732-a39e-762f6967cc18","","-7.0","12:42:03","","",""
"Input","aa943b5e-69ff-4331-accf-225e36118c71","u6de854e-f289-4626-a93c-dd9680a90a27","36de854e-f289-4626-a93c-dd9680a90a27","text/plain","Great, thank you!","SKYWAVE_PHASE_4_5","d3c04992-0e91-4de4-a961-e732d206c24a","","-7.0","12:42:49","","",""
"Output","aa943b5e-69ff-4331-accf-225e36118c71","a6de854e-f289-4626-a93c-dd9680a90a27","36de854e-f289-4626-a93c-dd9680a90a27","text/plain","You are welcome. Is there anything else I can help with?","SKYWAVE_PHASE_4_5","4c71987d-85e5-4efc-a84d-a2a286803177","","-7.0","12:42:53","","",""
"Input","9a6a4b5b-f11b-4dd8-a08b-fc741c02522f","u6de854e-f289-4626-a93c-dd9680a90a27","36de854e-f289-4626-a93c-dd9680a90a27","text/plain","I want to change my seat to a window seat","SKYWAVE_PHASE_4_5","aab0f169-e736-4472-a04c-40b1bddc535f","","-7.0","12:43:25","","",""
"Output","9a6a4b5b-f11b-4dd8-a08b-fc741c02522f","a6de854e-f289-4626-a93c-dd9680a90a27","36de854e-f289-4626-a93c-dd9680a90a27","text/plain","Sorry, I am unable to change your seat right now. Please try again later.","SKYWAVE_PHASE_4_5","65a92328-9cb5-42ca-a366-98f31f05cfd5","","-7.0","12:43:28","","",""
"Input","af7466e4-b895-41dd-a8a4-cb0eedcee928","u6de854e-f289-4626-a93c-dd9680a90a27","36de854e-f289-4626-a93c-dd9680a90a27","text/plain","This still is not working, I am frustrated.","SKYWAVE_PHASE_4_5","6c0214fb-4d5d-4bfc-a9ce-ca6b41553017","","-7.0","12:44:02","","",""
"Output","af7466e4-b895-41dd-a8a4-cb0eedcee928","a6de854e-f289-4626-a93c-dd9680a90a27","36de854e-f289-4626-a93c-dd9680a90a27","text/plain","I am sorry for the inconvenience. I was unable to resolve this for you.","SKYWAVE_PHASE_4_5","2fced82c-7bd3-4e23-a4db-80964cc9a01e","","-7.0","12:44:04","","",""
"Input","1044a8e9-fa46-4990-ad43-4cb1fe06bf7a","u6de854e-f289-4626-a93c-dd9680a90a27","36de854e-f289-4626-a93c-dd9680a90a27","text/plain","My first name is misspelled on my ticket","SKYWAVE_PHASE_4_5","d9d33bc0-dc0d-4e9c-a8ef-d54863878c43","","-7.0","12:48:39","","",""
"Output","1044a8e9-fa46-4990-ad43-4cb1fe06bf7a","a6de854e-f289-4626-a93c-dd9680a90a27","36de854e-f289-4626-a93c-dd9680a90a27","text/plain","I have corrected the spelling on your ticket. Please review the updated itinerary.","SKYWAVE_PHASE_4_5","ea94a83f-78d2-42c8-a1ca-e18d02add412","","-7.0","12:48:42","","",""
"Input","647250c5-eac8-4607-a235-2b32d674d094","u6de854e-f289-4626-a93c-dd9680a90a27","36de854e-f289-4626-a93c-dd9680a90a27","text/plain","Great, thank you!","SKYWAVE_PHASE_4_5","b0700a54-fe4f-4b11-ad32-80906755c2a1","","-7.0","12:49:39","","",""
"Output","647250c5-eac8-4607-a235-2b32d674d094","a6de854e-f289-4626-a93c-dd9680a90a27","36de854e-f289-4626-a93c-dd9680a90a27","text/plain","You are welcome. Is there anything else I can help with?","SKYWAVE_PHASE_4_5","fe39bb11-18de-4587-ad64-363db2c18817","","-7.0","12:49:41","","",""
"Input","4ca767be-4c29-433e-a9f1-015bde2b1f5c","u180d961-580a-437e-a23e-fe0ce6d8273e","3180d961-580a-437e-a23e-fe0ce6d8273e","text/plain","I want to select seat 1A for my flight","SKYWAVE_PHASE_4_5","aa3ef401-2ad8-431f-aad9-aa66945a4c94","","-9.0","11:17:00","","",""
"Output","4ca767be-4c29-433e-a9f1-015bde2b1f5c","a180d961-580a-437e-a23e-fe0ce6d8273e","3180d961-580a-437e-a23e-fe0ce6d8273e","text/plain","I was unable to retrieve the seat map automatically and could not assign the seat.","SKYWAVE_PHASE_4_5","9a10eaa7-19ca-4b92-aafa-39020450ff37","","-9.0","11:17:04","","",""
"Input","f3ccdd18-71a5-405d-a416-255e46a6e7d7","u180d961-580a-437e-a23e-fe0ce6d8273e","3180d961-580a-437e-a23e-fe0ce6d8273e","text/plain","This still is not working, I am frustrated.","SKYWAVE_PHASE_4_5","ae94c3cd-021f-459f-a6ad-a6e58ec873da","","-9.0","11:18:10","","",""
"Output","f3ccdd18-71a5-405d-a416-255e46a6e7d7","a180d961-580a-437e-a23e-fe0ce6d8273e","3180d961-580a-437e-a23e-fe0ce6d8273e","text/plain","I am sorry for the inconvenience. I was unable to resolve this for you.","SKYWAVE_PHASE_4_5","06b0dd99-30ed-46ec-aa44-95f22a8eacdb","","-9.0","11:18:13","","",""
"Input","7d19a42a-2aaf-41ce-aee4-1f238ca01f63","u51d09b4-674e-412a-ac8a-3bde65e5d8c6","d51d09b4-674e-412a-ac8a-3bde65e5d8c6","text/plain","Whats the weather like in Tokyo?","SKYWAVE_PHASE_4_5","75503502-6602-46d8-ac27-b929acf08dc6","","-11.0","11:07:00","","",""
"Output","7d19a42a-2aaf-41ce-aee4-1f238ca01f63","a51d09b4-674e-412a-ac8a-3bde65e5d8c6","d51d09b4-674e-412a-ac8a-3bde65e5d8c6","text/plain","I can only help with flight bookings and Skywave loyalty questions.","SKYWAVE_PHASE_4_5","85e596f7-f824-49ea-a291-3a0e0c3125fc","","-11.0","11:07:02","","",""
"Input","e97f7eef-ab4d-4c19-aad0-3111ec572b7d","u51d09b4-674e-412a-ac8a-3bde65e5d8c6","d51d09b4-674e-412a-ac8a-3bde65e5d8c6","text/plain","Okay.","SKYWAVE_PHASE_4_5","dcbaec5c-2dd6-41b4-af2c-1d8f8afb86f1","","-11.0","11:07:37","","",""
"Output","e97f7eef-ab4d-4c19-aad0-3111ec572b7d","a51d09b4-674e-412a-ac8a-3bde65e5d8c6","d51d09b4-674e-412a-ac8a-3bde65e5d8c6","text/plain","Understood. Anything else I can help with?","SKYWAVE_PHASE_4_5","ffb2a3b8-f4d4-4a6f-a875-89b23e92da3d","","-11.0","11:07:40","","",""
"Input","eae9ec65-6daa-488f-aee6-628942a79703","u06e17d1-8b09-4bf0-a00f-f7bb594ee616","e06e17d1-8b09-4bf0-a00f-f7bb594ee616","text/plain","Find flights from JFK to HND tomorrow","SKYWAVE_PHASE_4_5","2fd3f37f-8c51-402a-af51-0c24abfeb281","","-7.0","08:59:00","","",""
"Output","eae9ec65-6daa-488f-aee6-628942a79703","a06e17d1-8b09-4bf0-a00f-f7bb594ee616","e06e17d1-8b09-4bf0-a00f-f7bb594ee616","text/plain","I found 4 flights for that route. The cheapest is SW1200 at 1pm for $1,280.","SKYWAVE_PHASE_4_5","d0b8904c-d796-4259-ad37-9cc02aa111d0","","-7.0","08:59:04","","",""
"Input","6ae4ec80-9245-4d49-a51e-bb44ae83ad12","u06e17d1-8b09-4bf0-a00f-f7bb594ee616","e06e17d1-8b09-4bf0-a00f-f7bb594ee616","text/plain","Great, thank you!","SKYWAVE_PHASE_4_5","aaa3a729-8265-4344-a433-349fc8f02190","","-7.0","08:59:36","","",""
"Output","6ae4ec80-9245-4d49-a51e-bb44ae83ad12","a06e17d1-8b09-4bf0-a00f-f7bb594ee616","e06e17d1-8b09-4bf0-a00f-f7bb594ee616","text/plain","You are welcome. Is there anything else I can help with?","SKYWAVE_PHASE_4_5","0f44e553-f5e0-4f52-a23f-5464d9a60f58","","-7.0","08:59:39","","",""
"Input","bee54c16-8978-4b8b-ada0-91fdcb7f163f","u06e17d1-8b09-4bf0-a00f-f7bb594ee616","e06e17d1-8b09-4bf0-a00f-f7bb594ee616","text/plain","Show me my upcoming bookings","SKYWAVE_PHASE_4_5","e84528cf-499b-4915-ad2e-c5806138d824","","-7.0","08:59:54","","",""
"Output","bee54c16-8978-4b8b-ada0-91fdcb7f163f","a06e17d1-8b09-4bf0-a00f-f7bb594ee616","e06e17d1-8b09-4bf0-a00f-f7bb594ee616","text/plain","You have one upcoming booking — LH 1927 BER-MUC-SFO, confirmed.","SKYWAVE_PHASE_4_5","ed2d0987-fcc2-4d9b-a60b-a2b22a56c713","","-7.0","08:59:57","","",""
"Input","9d14ba83-a622-4e29-ac7b-ddc0e54c2e70","u06e17d1-8b09-4bf0-a00f-f7bb594ee616","e06e17d1-8b09-4bf0-a00f-f7bb594ee616","text/plain","Great, thank you!","SKYWAVE_PHASE_4_5","a76c3289-08f2-4c97-aa8c-542e16b58f7f","","-7.0","09:02:07","","",""
"Output","9d14ba83-a622-4e29-ac7b-ddc0e54c2e70","a06e17d1-8b09-4bf0-a00f-f7bb594ee616","e06e17d1-8b09-4bf0-a00f-f7bb594ee616","text/plain","You are welcome. Is there anything else I can help with?","SKYWAVE_PHASE_4_5","07548a74-f038-4418-a6ca-779c8c8dc03b","","-7.0","09:02:09","","",""
"Input","45f762fd-52b5-43c3-a2a1-73eca8eec32a","u5253a0d-5811-4dc4-ad87-1d0c5c182273","25253a0d-5811-4dc4-ad87-1d0c5c182273","text/plain","Find flights from JFK to HND tomorrow","SKYWAVE_PHASE_4_5","1c724fe9-26cf-4a0b-a30d-17ee52e4d0fa","","-13.0","13:25:00","","",""
"Output","45f762fd-52b5-43c3-a2a1-73eca8eec32a","a5253a0d-5811-4dc4-ad87-1d0c5c182273","25253a0d-5811-4dc4-ad87-1d0c5c182273","text/plain","I found 4 flights for that route. The cheapest is SW1200 at 1pm for $1,280.","SKYWAVE_PHASE_4_5","cd31315c-1846-4414-a940-48af420b69d4","","-13.0","13:25:03","","",""
"Input","8e1e6291-2b10-4df8-a645-f45d06036f01","u5253a0d-5811-4dc4-ad87-1d0c5c182273","25253a0d-5811-4dc4-ad87-1d0c5c182273","text/plain","Great, thank you!","SKYWAVE_PHASE_4_5","fbb06cbe-9d19-44d4-aa34-8da89119395c","","-13.0","13:28:03","","",""
"Output","8e1e6291-2b10-4df8-a645-f45d06036f01","a5253a0d-5811-4dc4-ad87-1d0c5c182273","25253a0d-5811-4dc4-ad87-1d0c5c182273","text/plain","You are welcome. Is there anything else I can help with?","SKYWAVE_PHASE_4_5","8e7d645b-c317-40f0-aeb9-4c7d925dc4d4","","-13.0","13:28:06","","",""
"Input","c91f0033-8a56-4def-a828-bf7e62f31b64","u40cd7f6-aca9-4c2d-a602-34adb4bda2dd","940cd7f6-aca9-4c2d-a602-34adb4bda2dd","text/plain","Find flights from JFK to HND tomorrow","SKYWAVE_PHASE_4_5","031fc59f-6b44-4b6b-a23c-aced1f57afd3","","-2.0","11:55:00","","",""
"Output","c91f0033-8a56-4def-a828-bf7e62f31b64","a40cd7f6-aca9-4c2d-a602-34adb4bda2dd","940cd7f6-aca9-4c2d-a602-34adb4bda2dd","text/plain","I found 4 flights for that route. The cheapest is SW1200 at 1pm for $1,280.","SKYWAVE_PHASE_4_5","cf1474ca-c713-4367-aeea-d3f850f95a71","","-2.0","11:55:02","","",""
"Input","03232cf2-853d-4e64-abee-721719f30f62","u40cd7f6-aca9-4c2d-a602-34adb4bda2dd","940cd7f6-aca9-4c2d-a602-34adb4bda2dd","text/plain","Great, thank you!","SKYWAVE_PHASE_4_5","8de35311-985d-4015-ae6c-0bd53ad6395d","","-2.0","11:55:46","","",""
"Output","03232cf2-853d-4e64-abee-721719f30f62","a40cd7f6-aca9-4c2d-a602-34adb4bda2dd","940cd7f6-aca9-4c2d-a602-34adb4bda2dd","text/plain","You are welcome. Is there anything else I can help with?","SKYWAVE_PHASE_4_5","d609e200-e389-48f0-acb0-04a1d9a2825c","","-2.0","11:55:49","","",""
"Input","59aa55b1-54c2-41f5-a433-ab7919f8c52d","ue1110ef-e0bc-409e-aed8-44bfdb77d1b4","1e1110ef-e0bc-409e-aed8-44bfdb77d1b4","text/plain","I want to change my seat to a window seat","SKYWAVE_PHASE_4_5","6ccc259c-d812-46e9-a318-29c429e2ad90","","-14.0","18:23:00","","",""
"Output","59aa55b1-54c2-41f5-a433-ab7919f8c52d","ae1110ef-e0bc-409e-aed8-44bfdb77d1b4","1e1110ef-e0bc-409e-aed8-44bfdb77d1b4","text/plain","Sorry, I am unable to change your seat right now. Please try again later.","SKYWAVE_PHASE_4_5","afd08dbc-947b-4ab6-a55a-e4f6e01a1aac","","-14.0","18:23:04","","",""
"Input","d73fda1b-8233-4180-a98c-3ff1866ed634","ue1110ef-e0bc-409e-aed8-44bfdb77d1b4","1e1110ef-e0bc-409e-aed8-44bfdb77d1b4","text/plain","This still is not working, I am frustrated.","SKYWAVE_PHASE_4_5","39f61a20-8f20-4241-a674-dc8f229d5618","","-14.0","18:24:05","","",""
"Output","d73fda1b-8233-4180-a98c-3ff1866ed634","ae1110ef-e0bc-409e-aed8-44bfdb77d1b4","1e1110ef-e0bc-409e-aed8-44bfdb77d1b4","text/plain","I am sorry for the inconvenience. I was unable to resolve this for you.","SKYWAVE_PHASE_4_5","5f85719d-efdb-4d65-a09d-73be8963fa20","","-14.0","18:24:09","","",""
"Input","03dfce30-8795-4eb7-ac70-cc0917a28130","ue1110ef-e0bc-409e-aed8-44bfdb77d1b4","1e1110ef-e0bc-409e-aed8-44bfdb77d1b4","text/plain","What is my tier status?","SKYWAVE_PHASE_4_5","b892058e-4edb-470b-ac01-42634a8997cc","","-14.0","18:24:58","","",""
"Output","03dfce30-8795-4eb7-ac70-cc0917a28130","ae1110ef-e0bc-409e-aed8-44bfdb77d1b4","1e1110ef-e0bc-409e-aed8-44bfdb77d1b4","text/plain","You are Gold tier with 14,200 qualifying points this year.","SKYWAVE_PHASE_4_5","4df4ea25-92da-4adb-a8a7-525019f11913","","-14.0","18:25:02","","",""
"Input","5e279a0f-7ccc-4425-a96c-b12ce95de19e","ue1110ef-e0bc-409e-aed8-44bfdb77d1b4","1e1110ef-e0bc-409e-aed8-44bfdb77d1b4","text/plain","Great, thank you!","SKYWAVE_PHASE_4_5","fbdf7698-e3cf-4ca4-a9e8-6a11ce5a3dd3","","-14.0","18:29:32","","",""
"Output","5e279a0f-7ccc-4425-a96c-b12ce95de19e","ae1110ef-e0bc-409e-aed8-44bfdb77d1b4","1e1110ef-e0bc-409e-aed8-44bfdb77d1b4","text/plain","You are welcome. Is there anything else I can help with?","SKYWAVE_PHASE_4_5","0b08326c-fee6-42d2-aab9-3e04bfba9d8a","","-14.0","18:29:34","","",""
"Input","4b576a28-5733-4333-a62f-e0c77c71631d","u668243e-1720-4f0a-af2d-8dd435e67119","0668243e-1720-4f0a-af2d-8dd435e67119","text/plain","Find flights from JFK to HND tomorrow","SKYWAVE_PHASE_4_5","b8848768-34ae-4445-a787-5f13a27d278a","","-11.0","19:28:00","","",""
"Output","4b576a28-5733-4333-a62f-e0c77c71631d","a668243e-1720-4f0a-af2d-8dd435e67119","0668243e-1720-4f0a-af2d-8dd435e67119","text/plain","I found 4 flights for that route. The cheapest is SW1200 at 1pm for $1,280.","SKYWAVE_PHASE_4_5","e6b40d16-4367-41dd-a5d2-5e19e114d363","","-11.0","19:28:02","","",""
"Input","aff0a716-c087-4d74-ab3c-182c1ff38009","u668243e-1720-4f0a-af2d-8dd435e67119","0668243e-1720-4f0a-af2d-8dd435e67119","text/plain","Great, thank you!","SKYWAVE_PHASE_4_5","94b0ace1-2803-4c7e-ad9f-8507d56aae9f","","-11.0","19:31:37","","",""
"Output","aff0a716-c087-4d74-ab3c-182c1ff38009","a668243e-1720-4f0a-af2d-8dd435e67119","0668243e-1720-4f0a-af2d-8dd435e67119","text/plain","You are welcome. Is there anything else I can help with?","SKYWAVE_PHASE_4_5","99d2978e-1d0f-4594-a83e-7689ed260a77","","-11.0","19:31:41","","",""
"Input","a04e4651-a3fa-4dd7-a04d-ee6b915ab1b1","u05356e8-9bb1-4e43-aa17-36b12613b6e7","205356e8-9bb1-4e43-aa17-36b12613b6e7","text/plain","Find flights from JFK to HND tomorrow","SKYWAVE_PHASE_4_5","b035e7c4-7697-44e7-a935-352f62f2c590","","-13.0","17:54:00","","",""
"Output","a04e4651-a3fa-4dd7-a04d-ee6b915ab1b1","a05356e8-9bb1-4e43-aa17-36b12613b6e7","205356e8-9bb1-4e43-aa17-36b12613b6e7","text/plain","I found 4 flights for that route. The cheapest is SW1200 at 1pm for $1,280.","SKYWAVE_PHASE_4_5","baf896d0-7c28-401a-a1fc-2394895fc1e5","","-13.0","17:54:02","","",""
"Input","2b585b36-d496-4782-aa3d-ac01c65c7837","u05356e8-9bb1-4e43-aa17-36b12613b6e7","205356e8-9bb1-4e43-aa17-36b12613b6e7","text/plain","Great, thank you!","SKYWAVE_PHASE_4_5","9393f1d3-03cf-44ea-a91e-906f2dd34bcf","","-13.0","17:54:35","","",""
"Output","2b585b36-d496-4782-aa3d-ac01c65c7837","a05356e8-9bb1-4e43-aa17-36b12613b6e7","205356e8-9bb1-4e43-aa17-36b12613b6e7","text/plain","You are welcome. Is there anything else I can help with?","SKYWAVE_PHASE_4_5","0e604117-b8e6-47c8-a265-57b8adb83a53","","-13.0","17:54:38","","",""
"Input","2ca234dd-feef-4e10-a31e-1c7023ca058b","uf4e8a78-19e3-4166-a275-ef5151735d99","2f4e8a78-19e3-4166-a275-ef5151735d99","text/plain","My in-flight wifi did not work, I want a refund","SKYWAVE_PHASE_4_5","09952435-641c-433c-ad70-27f21635cc16","","-6.0","08:17:00","","",""
"Output","2ca234dd-feef-4e10-a31e-1c7023ca058b","af4e8a78-19e3-4166-a275-ef5151735d99","2f4e8a78-19e3-4166-a275-ef5151735d99","text/plain","I have logged your complaint as case 00012346. A refund will be processed.","SKYWAVE_PHASE_4_5","67b9ec68-2ad9-4cbb-abbd-82ec4a446bf7","","-6.0","08:17:04","","",""
"Input","9836aaa3-6ae4-4e03-a634-96b634d6edda","uf4e8a78-19e3-4166-a275-ef5151735d99","2f4e8a78-19e3-4166-a275-ef5151735d99","text/plain","Okay.","SKYWAVE_PHASE_4_5","45c1b379-28af-4064-a4dd-3eccf45cf6cb","","-6.0","08:17:26","","",""
"Output","9836aaa3-6ae4-4e03-a634-96b634d6edda","af4e8a78-19e3-4166-a275-ef5151735d99","2f4e8a78-19e3-4166-a275-ef5151735d99","text/plain","Understood. Anything else I can help with?","SKYWAVE_PHASE_4_5","a903b81c-f285-4c6c-a6a1-1da5e73ff7e3","","-6.0","08:17:29","","",""
"Input","b31d6b38-c9f2-423c-a78f-5cfad22adf22","uf4e8a78-19e3-4166-a275-ef5151735d99","2f4e8a78-19e3-4166-a275-ef5151735d99","text/plain","I want to select seat 1A for my flight","SKYWAVE_PHASE_4_5","7c6e2027-27c5-4638-a23f-e8dfc2276f77","","-6.0","08:18:31","","",""
"Output","b31d6b38-c9f2-423c-a78f-5cfad22adf22","af4e8a78-19e3-4166-a275-ef5151735d99","2f4e8a78-19e3-4166-a275-ef5151735d99","text/plain","I was unable to retrieve the seat map automatically and could not assign the seat.","SKYWAVE_PHASE_4_5","dc2b9721-d4bc-4f71-ac6d-da8742d46af9","","-6.0","08:18:34","","",""
"Input","882786ea-6568-463d-a717-4e71589c8c36","uf4e8a78-19e3-4166-a275-ef5151735d99","2f4e8a78-19e3-4166-a275-ef5151735d99","text/plain","This still is not working, I am frustrated.","SKYWAVE_PHASE_4_5","34f9679f-a555-4475-a815-f488118f8b59","","-6.0","08:21:56","","",""
"Output","882786ea-6568-463d-a717-4e71589c8c36","af4e8a78-19e3-4166-a275-ef5151735d99","2f4e8a78-19e3-4166-a275-ef5151735d99","text/plain","I am sorry for the inconvenience. I was unable to resolve this for you.","SKYWAVE_PHASE_4_5","1c7f84f6-3ebc-4808-aa42-c2fff5c91d16","","-6.0","08:22:00","","",""
"Input","85a039cd-40c9-4dcc-a219-619985880d72","uf4e8a78-19e3-4166-a275-ef5151735d99","2f4e8a78-19e3-4166-a275-ef5151735d99","text/plain","Show me my upcoming bookings","SKYWAVE_PHASE_4_5","3fd19eec-a7e5-4299-ac2c-2f70e037fc12","","-6.0","08:22:51","","",""
"Output","85a039cd-40c9-4dcc-a219-619985880d72","af4e8a78-19e3-4166-a275-ef5151735d99","2f4e8a78-19e3-4166-a275-ef5151735d99","text/plain","You have one upcoming booking — LH 1927 BER-MUC-SFO, confirmed.","SKYWAVE_PHASE_4_5","c161069d-4df5-454d-a3eb-f8712135fb77","","-6.0","08:22:55","","",""
"Input","c45cd101-a596-47a4-a7e5-1ca5b663e6c0","uf4e8a78-19e3-4166-a275-ef5151735d99","2f4e8a78-19e3-4166-a275-ef5151735d99","text/plain","Great, thank you!","SKYWAVE_PHASE_4_5","3817ed38-3c30-4850-aee3-c8495fd26f0c","","-6.0","08:25:17","","",""
"Output","c45cd101-a596-47a4-a7e5-1ca5b663e6c0","af4e8a78-19e3-4166-a275-ef5151735d99","2f4e8a78-19e3-4166-a275-ef5151735d99","text/plain","You are welcome. Is there anything else I can help with?","SKYWAVE_PHASE_4_5","6f34bb58-75f1-4d46-af0f-5eeb9d2cfa99","","-6.0","08:25:19","","",""
"Input","7ef593dc-28af-440a-aed1-e33f94522ee9","uba42436-6c5b-4337-ac3b-08f6b8545eb8","7ba42436-6c5b-4337-ac3b-08f6b8545eb8","text/plain","I want to change my seat to a window seat","SKYWAVE_PHASE_4_5","ef8c12ba-950e-44df-acb4-17c49194518a","","-1.0","14:24:00","","",""
"Output","7ef593dc-28af-440a-aed1-e33f94522ee9","aba42436-6c5b-4337-ac3b-08f6b8545eb8","7ba42436-6c5b-4337-ac3b-08f6b8545eb8","text/plain","Sorry, I am unable to change your seat right now. Please try again later.","SKYWAVE_PHASE_4_5","d77e135c-0e06-4f9c-a3bd-f1ad99feb235","","-1.0","14:24:04","","",""
"Input","0cb07d69-b22f-4606-aa6a-4dde5e650e18","uba42436-6c5b-4337-ac3b-08f6b8545eb8","7ba42436-6c5b-4337-ac3b-08f6b8545eb8","text/plain","This still is not working, I am frustrated.","SKYWAVE_PHASE_4_5","19246da3-23c3-48de-a713-8a3ca989d6b6","","-1.0","14:24:32","","",""
"Output","0cb07d69-b22f-4606-aa6a-4dde5e650e18","aba42436-6c5b-4337-ac3b-08f6b8545eb8","7ba42436-6c5b-4337-ac3b-08f6b8545eb8","text/plain","I am sorry for the inconvenience. I was unable to resolve this for you.","SKYWAVE_PHASE_4_5","dc09e636-0c83-46b6-aee2-e969ed218769","","-1.0","14:24:36","","",""
"Input","fe7042d7-ec32-404c-a920-79b57df23b74","uba42436-6c5b-4337-ac3b-08f6b8545eb8","7ba42436-6c5b-4337-ac3b-08f6b8545eb8","text/plain","My in-flight wifi did not work, I want a refund","SKYWAVE_PHASE_4_5","8a5848db-92c3-47aa-a6c0-e984fdeec0be","","-1.0","14:25:49","","",""
"Output","fe7042d7-ec32-404c-a920-79b57df23b74","aba42436-6c5b-4337-ac3b-08f6b8545eb8","7ba42436-6c5b-4337-ac3b-08f6b8545eb8","text/plain","I have logged your complaint as case 00012346. A refund will be processed.","SKYWAVE_PHASE_4_5","c5ae4b11-dd32-4775-a86e-33aac3bfd39f","","-1.0","14:25:53","","",""
"Input","5a3e0330-bf13-415d-a49a-3742898ceb97","uba42436-6c5b-4337-ac3b-08f6b8545eb8","7ba42436-6c5b-4337-ac3b-08f6b8545eb8","text/plain","Great, thank you!","SKYWAVE_PHASE_4_5","8faa5618-0f0a-4796-ad0f-87198f03791b","","-1.0","14:26:30","","",""
"Output","5a3e0330-bf13-415d-a49a-3742898ceb97","aba42436-6c5b-4337-ac3b-08f6b8545eb8","7ba42436-6c5b-4337-ac3b-08f6b8545eb8","text/plain","You are welcome. Is there anything else I can help with?","SKYWAVE_PHASE_4_5","97b19d1c-97ff-4ddc-a92a-b127850ea1fd","","-1.0","14:26:32","","",""
"Input","b621bfea-c221-44ca-a950-72f08afad6da","uba42436-6c5b-4337-ac3b-08f6b8545eb8","7ba42436-6c5b-4337-ac3b-08f6b8545eb8","text/plain","I want to change my seat to a window seat","SKYWAVE_PHASE_4_5","5cab37fe-320c-48fd-a28e-157e0d051d83","","-1.0","14:27:23","","",""
"Output","b621bfea-c221-44ca-a950-72f08afad6da","aba42436-6c5b-4337-ac3b-08f6b8545eb8","7ba42436-6c5b-4337-ac3b-08f6b8545eb8","text/plain","Sorry, I am unable to change your seat right now. Please try again later.","SKYWAVE_PHASE_4_5","0b206b03-a372-4716-ad51-9072b864c3ef","","-1.0","14:27:26","","",""
"Input","832b1a20-002e-4d2f-a985-3f6a122ac2eb","uba42436-6c5b-4337-ac3b-08f6b8545eb8","7ba42436-6c5b-4337-ac3b-08f6b8545eb8","text/plain","This still is not working, I am frustrated.","SKYWAVE_PHASE_4_5","5645fa9c-f814-48a5-a658-c25d52381691","","-1.0","14:28:10","","",""
"Output","832b1a20-002e-4d2f-a985-3f6a122ac2eb","aba42436-6c5b-4337-ac3b-08f6b8545eb8","7ba42436-6c5b-4337-ac3b-08f6b8545eb8","text/plain","I am sorry for the inconvenience. I was unable to resolve this for you.","SKYWAVE_PHASE_4_5","8492d7a7-a9a9-462f-a732-820358666abe","","-1.0","14:28:12","","",""
"Input","451e377d-947f-4659-a6e5-8f064ff6ba1f","ud9bf8e3-ec8f-4869-a477-ef2bf3c98344","8d9bf8e3-ec8f-4869-a477-ef2bf3c98344","text/plain","I want to change my seat to a window seat","SKYWAVE_PHASE_4_5","161119a7-ec98-4198-a711-60f73199a533","","-4.0","13:33:00","","",""
"Output","451e377d-947f-4659-a6e5-8f064ff6ba1f","ad9bf8e3-ec8f-4869-a477-ef2bf3c98344","8d9bf8e3-ec8f-4869-a477-ef2bf3c98344","text/plain","Sorry, I am unable to change your seat right now. Please try again later.","SKYWAVE_PHASE_4_5","048e84a4-322c-4326-a1f4-8f6955d99d6a","","-4.0","13:33:03","","",""
"Input","a24d249b-89b0-4dea-a82c-4131d38d206f","ud9bf8e3-ec8f-4869-a477-ef2bf3c98344","8d9bf8e3-ec8f-4869-a477-ef2bf3c98344","text/plain","This still is not working, I am frustrated.","SKYWAVE_PHASE_4_5","594144ab-a1b2-4f18-a4d8-66edfb946f9d","","-4.0","13:33:42","","",""
"Output","a24d249b-89b0-4dea-a82c-4131d38d206f","ad9bf8e3-ec8f-4869-a477-ef2bf3c98344","8d9bf8e3-ec8f-4869-a477-ef2bf3c98344","text/plain","I am sorry for the inconvenience. I was unable to resolve this for you.","SKYWAVE_PHASE_4_5","56b8b4e1-6e8f-4c4f-ae25-3fbd765b3242","","-4.0","13:33:46","","",""
"Input","8d557c83-9980-44a6-a56b-5feb28e7b598","ueca7121-c765-4ce7-ae72-8258d2b126ae","5eca7121-c765-4ce7-ae72-8258d2b126ae","text/plain","I want to select seat 1A for my flight","SKYWAVE_PHASE_4_5","e8476b4d-d95c-47d3-a260-f4433fb0c3b8","","-7.0","14:47:00","","",""
"Output","8d557c83-9980-44a6-a56b-5feb28e7b598","aeca7121-c765-4ce7-ae72-8258d2b126ae","5eca7121-c765-4ce7-ae72-8258d2b126ae","text/plain","I was unable to retrieve the seat map automatically and could not assign the seat.","SKYWAVE_PHASE_4_5","7c5a2f29-2947-4cc8-a112-e1ad897e6a60","","-7.0","14:47:03","","",""
"Input","a4f0e937-5c34-45aa-a8c9-c5dbce1f1bbc","ueca7121-c765-4ce7-ae72-8258d2b126ae","5eca7121-c765-4ce7-ae72-8258d2b126ae","text/plain","This still is not working, I am frustrated.","SKYWAVE_PHASE_4_5","4219c76d-bda4-4ab5-a16c-5597d611f9dc","","-7.0","14:49:11","","",""
"Output","a4f0e937-5c34-45aa-a8c9-c5dbce1f1bbc","aeca7121-c765-4ce7-ae72-8258d2b126ae","5eca7121-c765-4ce7-ae72-8258d2b126ae","text/plain","I am sorry for the inconvenience. I was unable to resolve this for you.","SKYWAVE_PHASE_4_5","bf486de3-41d3-4faf-a2c1-7163431dca2e","","-7.0","14:49:13","","",""
"Input","7296682c-6608-4122-a347-e00b0a76dbf6","u6610453-cdbb-4e9b-a7e6-4632419890ba","86610453-cdbb-4e9b-a7e6-4632419890ba","text/plain","I want to change my seat to a window seat","SKYWAVE_PHASE_4_5","131ba478-6c7e-4b30-ab21-070b27061d43","","-6.0","14:29:00","","",""
"Output","7296682c-6608-4122-a347-e00b0a76dbf6","a6610453-cdbb-4e9b-a7e6-4632419890ba","86610453-cdbb-4e9b-a7e6-4632419890ba","text/plain","Sorry, I am unable to change your seat right now. Please try again later.","SKYWAVE_PHASE_4_5","17ccf69f-9058-436a-a8ad-4efed9d2e7ba","","-6.0","14:29:03","","",""
"Input","fd3ae148-95b1-4d45-aedf-9ecb8e37e7bb","u6610453-cdbb-4e9b-a7e6-4632419890ba","86610453-cdbb-4e9b-a7e6-4632419890ba","text/plain","This still is not working, I am frustrated.","SKYWAVE_PHASE_4_5","156f178f-5324-4519-a179-81e4c96aae74","","-6.0","14:30:10","","",""
"Output","fd3ae148-95b1-4d45-aedf-9ecb8e37e7bb","a6610453-cdbb-4e9b-a7e6-4632419890ba","86610453-cdbb-4e9b-a7e6-4632419890ba","text/plain","I am sorry for the inconvenience. I was unable to resolve this for you.","SKYWAVE_PHASE_4_5","980dfa1e-e13f-46e0-a7a1-93d7d497742f","","-6.0","14:30:12","","",""
"Input","b5e98434-7f22-4606-ad37-fd02e9df3d90","uc5938a2-b91b-4fa6-a135-26a3780d53fd","0c5938a2-b91b-4fa6-a135-26a3780d53fd","text/plain","I want to change my seat to a window seat","SKYWAVE_PHASE_4_5","9173ca89-ad5a-41b2-a0ba-d3ab4a41e4df","","-1.0","09:40:00","","",""
"Output","b5e98434-7f22-4606-ad37-fd02e9df3d90","ac5938a2-b91b-4fa6-a135-26a3780d53fd","0c5938a2-b91b-4fa6-a135-26a3780d53fd","text/plain","Sorry, I am unable to change your seat right now. Please try again later.","SKYWAVE_PHASE_4_5","ed8b9aa5-60c6-4908-a9f5-f9b9da6d7405","","-1.0","09:40:02","","",""
"Input","f5408f56-afe2-46ae-a293-10d877ccda57","uc5938a2-b91b-4fa6-a135-26a3780d53fd","0c5938a2-b91b-4fa6-a135-26a3780d53fd","text/plain","This still is not working, I am frustrated.","SKYWAVE_PHASE_4_5","1e1d5db8-8e6d-4e34-a23f-a2947c0d1b15","","-1.0","09:40:17","","",""
"Output","f5408f56-afe2-46ae-a293-10d877ccda57","ac5938a2-b91b-4fa6-a135-26a3780d53fd","0c5938a2-b91b-4fa6-a135-26a3780d53fd","text/plain","I am sorry for the inconvenience. I was unable to resolve this for you.","SKYWAVE_PHASE_4_5","ba4d12ba-b9ea-477e-ad5f-2eb730d97dc3","","-1.0","09:40:19","","",""
"Input","9565e9db-e24a-4fdf-a9b2-324a8a027bf4","u07d5c82-4c2e-4ae2-a9c9-f055506a7bd4","c07d5c82-4c2e-4ae2-a9c9-f055506a7bd4","text/plain","Can I move from 23B to an aisle seat?","SKYWAVE_PHASE_4_5","b3a4380f-f4bc-4af4-a5c0-91260ee71868","","-8.0","10:08:00","","",""
"Output","9565e9db-e24a-4fdf-a9b2-324a8a027bf4","a07d5c82-4c2e-4ae2-a9c9-f055506a7bd4","c07d5c82-4c2e-4ae2-a9c9-f055506a7bd4","text/plain","I could not update your seat assignment. Please contact a service agent.","SKYWAVE_PHASE_4_5","98000f83-ea5f-40d1-afa4-5aceaf93e8ef","","-8.0","10:08:04","","",""
"Input","2370bd21-5f8b-47b5-a0f3-11bcbc189407","u07d5c82-4c2e-4ae2-a9c9-f055506a7bd4","c07d5c82-4c2e-4ae2-a9c9-f055506a7bd4","text/plain","This still is not working, I am frustrated.","SKYWAVE_PHASE_4_5","31e68f68-728c-442e-ad28-e61671b47a78","","-8.0","10:08:39","","",""
"Output","2370bd21-5f8b-47b5-a0f3-11bcbc189407","a07d5c82-4c2e-4ae2-a9c9-f055506a7bd4","c07d5c82-4c2e-4ae2-a9c9-f055506a7bd4","text/plain","I am sorry for the inconvenience. I was unable to resolve this for you.","SKYWAVE_PHASE_4_5","f10813a2-29fa-4c98-a7da-82771ab4e35b","","-8.0","10:08:41","","",""
"Input","adc41687-7989-4a6f-acb8-fdf1b5cabc7b","u07d5c82-4c2e-4ae2-a9c9-f055506a7bd4","c07d5c82-4c2e-4ae2-a9c9-f055506a7bd4","text/plain","I lost my luggage in Munich last week, can you help?","SKYWAVE_PHASE_4_5","af75df98-c711-451c-a1fe-e31309060fd7","","-8.0","10:09:08","","",""
"Output","adc41687-7989-4a6f-acb8-fdf1b5cabc7b","a07d5c82-4c2e-4ae2-a9c9-f055506a7bd4","c07d5c82-4c2e-4ae2-a9c9-f055506a7bd4","text/plain","I have created case 00012345 for your lost luggage. We will contact you within 24 hours.","SKYWAVE_PHASE_4_5","5bb82440-6133-46e4-a2cb-c12357daaaf3","","-8.0","10:09:10","","",""
"Input","f9525d4f-dd99-4c05-a69c-8a1a9acbdc9e","u07d5c82-4c2e-4ae2-a9c9-f055506a7bd4","c07d5c82-4c2e-4ae2-a9c9-f055506a7bd4","text/plain","Great, thank you!","SKYWAVE_PHASE_4_5","291335ee-a4ff-402e-a640-bcde7decf8e9","","-8.0","10:10:24","","",""
"Output","f9525d4f-dd99-4c05-a69c-8a1a9acbdc9e","a07d5c82-4c2e-4ae2-a9c9-f055506a7bd4","c07d5c82-4c2e-4ae2-a9c9-f055506a7bd4","text/plain","You are welcome. Is there anything else I can help with?","SKYWAVE_PHASE_4_5","aea3c094-b08a-404a-a074-0b950a66ca19","","-8.0","10:10:26","","",""
"Input","965c75e3-a17d-4e73-a712-cd888a3d63d1","ubb451e3-4e2e-4bf3-a943-b645a8edaa7a","2bb451e3-4e2e-4bf3-a943-b645a8edaa7a","text/plain","Can I move from 23B to an aisle seat?","SKYWAVE_PHASE_4_5","58ae5eaa-0894-4f63-a6d5-302b5c9e43be","","-9.0","19:41:00","","",""
"Output","965c75e3-a17d-4e73-a712-cd888a3d63d1","abb451e3-4e2e-4bf3-a943-b645a8edaa7a","2bb451e3-4e2e-4bf3-a943-b645a8edaa7a","text/plain","I could not update your seat assignment. Please contact a service agent.","SKYWAVE_PHASE_4_5","ba5d28a7-ca47-4057-a6be-b7c4017c5674","","-9.0","19:41:04","","",""
"Input","0c03eecb-d536-4542-a05d-cc2f0e199026","ubb451e3-4e2e-4bf3-a943-b645a8edaa7a","2bb451e3-4e2e-4bf3-a943-b645a8edaa7a","text/plain","This still is not working, I am frustrated.","SKYWAVE_PHASE_4_5","48d9c723-cd34-4034-aa8a-2dd55f1421a5","","-9.0","19:42:55","","",""
"Output","0c03eecb-d536-4542-a05d-cc2f0e199026","abb451e3-4e2e-4bf3-a943-b645a8edaa7a","2bb451e3-4e2e-4bf3-a943-b645a8edaa7a","text/plain","I am sorry for the inconvenience. I was unable to resolve this for you.","SKYWAVE_PHASE_4_5","369057e3-19bd-46a7-ab04-5d64f151c123","","-9.0","19:42:57","","",""
"Input","da40c736-4e89-4f9c-a319-fd253d563efd","ubdb0338-2a64-4ff4-ac89-012fc6b2d179","2bdb0338-2a64-4ff4-ac89-012fc6b2d179","text/plain","Find flights from JFK to HND tomorrow","SKYWAVE_PHASE_4_5","a616cb6d-2542-40e5-a9f6-035e3b8afc69","","-4.0","10:19:00","","",""
"Output","da40c736-4e89-4f9c-a319-fd253d563efd","abdb0338-2a64-4ff4-ac89-012fc6b2d179","2bdb0338-2a64-4ff4-ac89-012fc6b2d179","text/plain","I found 4 flights for that route. The cheapest is SW1200 at 1pm for $1,280.","SKYWAVE_PHASE_4_5","d4c95244-848a-4574-a20a-6be8f7453c91","","-4.0","10:19:02","","",""
"Input","1686a20d-8761-457a-aa96-5a903bfc3616","ubdb0338-2a64-4ff4-ac89-012fc6b2d179","2bdb0338-2a64-4ff4-ac89-012fc6b2d179","text/plain","Great, thank you!","SKYWAVE_PHASE_4_5","064f85d4-9301-47e9-af0e-4fd14c12346a","","-4.0","10:19:54","","",""
"Output","1686a20d-8761-457a-aa96-5a903bfc3616","abdb0338-2a64-4ff4-ac89-012fc6b2d179","2bdb0338-2a64-4ff4-ac89-012fc6b2d179","text/plain","You are welcome. Is there anything else I can help with?","SKYWAVE_PHASE_4_5","987fa914-0811-4eec-af42-89de240372e3","","-4.0","10:19:58","","",""
"Input","c0b0ed84-fd2d-4745-a4e4-267f992f5172","ubdb0338-2a64-4ff4-ac89-012fc6b2d179","2bdb0338-2a64-4ff4-ac89-012fc6b2d179","text/plain","My in-flight wifi did not work, I want a refund","SKYWAVE_PHASE_4_5","b9dc73b9-1a31-4e9d-aa36-344b35ebfc19","","-4.0","10:20:23","","",""
"Output","c0b0ed84-fd2d-4745-a4e4-267f992f5172","abdb0338-2a64-4ff4-ac89-012fc6b2d179","2bdb0338-2a64-4ff4-ac89-012fc6b2d179","text/plain","I have logged your complaint as case 00012346. A refund will be processed.","SKYWAVE_PHASE_4_5","48b57c2c-d95d-4f08-ae07-a96111590903","","-4.0","10:20:25","","",""
"Input","408e5e04-98da-4b23-a930-e2889a2f89ba","ubdb0338-2a64-4ff4-ac89-012fc6b2d179","2bdb0338-2a64-4ff4-ac89-012fc6b2d179","text/plain","Okay.","SKYWAVE_PHASE_4_5","0eb411fb-f9db-4e9e-ab8d-1b80573a1565","","-4.0","10:20:51","","",""
"Output","408e5e04-98da-4b23-a930-e2889a2f89ba","abdb0338-2a64-4ff4-ac89-012fc6b2d179","2bdb0338-2a64-4ff4-ac89-012fc6b2d179","text/plain","Understood. Anything else I can help with?","SKYWAVE_PHASE_4_5","b2f24625-56ea-42f3-a91c-21c47718905c","","-4.0","10:20:54","","",""
"Input","bd63f948-dd4a-43a1-a2fb-675e900751e9","u59ae471-4a83-4818-ad18-6f8bf14d0f9e","b59ae471-4a83-4818-ad18-6f8bf14d0f9e","text/plain","Please correct my last name on booking ABC123","SKYWAVE_PHASE_4_5","a50b3650-e638-493e-a5bc-6579fa654a7a","","-13.0","15:09:00","","",""
"Output","bd63f948-dd4a-43a1-a2fb-675e900751e9","a59ae471-4a83-4818-ad18-6f8bf14d0f9e","b59ae471-4a83-4818-ad18-6f8bf14d0f9e","text/plain","I have updated the passenger name on booking ABC123. A confirmation has been sent.","SKYWAVE_PHASE_4_5","5054a6b1-1efb-4aac-a872-1a80c7ef6a3e","","-13.0","15:09:04","","",""
"Input","31593693-6dd2-4c87-a751-595bad0217d3","u59ae471-4a83-4818-ad18-6f8bf14d0f9e","b59ae471-4a83-4818-ad18-6f8bf14d0f9e","text/plain","Great, thank you!","SKYWAVE_PHASE_4_5","2f053021-a798-4d75-a82e-c8dd0f7788c2","","-13.0","15:09:35","","",""
"Output","31593693-6dd2-4c87-a751-595bad0217d3","a59ae471-4a83-4818-ad18-6f8bf14d0f9e","b59ae471-4a83-4818-ad18-6f8bf14d0f9e","text/plain","You are welcome. Is there anything else I can help with?","SKYWAVE_PHASE_4_5","4e6f16f7-b652-4a11-ac41-a44fd017a510","","-13.0","15:09:37","","",""
"Input","b824a458-ba6e-4f82-a15f-48773ad3609d","u6b5e753-e315-455f-a9ba-5cb2fb99f4ac","06b5e753-e315-455f-a9ba-5cb2fb99f4ac","text/plain","What is my tier status?","SKYWAVE_PHASE_4_5","77aa166a-2124-4a73-acf0-c3bdaed95f22","","-14.0","19:26:00","","",""
"Output","b824a458-ba6e-4f82-a15f-48773ad3609d","a6b5e753-e315-455f-a9ba-5cb2fb99f4ac","06b5e753-e315-455f-a9ba-5cb2fb99f4ac","text/plain","You are Gold tier with 14,200 qualifying points this year.","SKYWAVE_PHASE_4_5","e0157455-88a9-4fb6-a4db-f0623dd82256","","-14.0","19:26:02","","",""
"Input","3c7750f5-045b-4aa4-a2de-96d57397b63d","u6b5e753-e315-455f-a9ba-5cb2fb99f4ac","06b5e753-e315-455f-a9ba-5cb2fb99f4ac","text/plain","Great, thank you!","SKYWAVE_PHASE_4_5","5c29e751-d245-4567-afca-9992850d615c","","-14.0","19:26:45","","",""
"Output","3c7750f5-045b-4aa4-a2de-96d57397b63d","a6b5e753-e315-455f-a9ba-5cb2fb99f4ac","06b5e753-e315-455f-a9ba-5cb2fb99f4ac","text/plain","You are welcome. Is there anything else I can help with?","SKYWAVE_PHASE_4_5","eea8cded-52ba-4aca-a513-b1dce25f21a4","","-14.0","19:26:48","","",""
"Input","85373c09-8de5-4f9f-ab01-2fdf7984717d","u811202a-d535-4056-a437-b5f47dca624b","c811202a-d535-4056-a437-b5f47dca624b","text/plain","Whats the weather like in Tokyo?","SKYWAVE_PHASE_4_5","b8db872e-2b2e-4c90-ad4f-b725ac6586f5","","-10.0","13:24:00","","",""
"Output","85373c09-8de5-4f9f-ab01-2fdf7984717d","a811202a-d535-4056-a437-b5f47dca624b","c811202a-d535-4056-a437-b5f47dca624b","text/plain","I can only help with flight bookings and Skywave loyalty questions.","SKYWAVE_PHASE_4_5","58c80a8d-63f3-4263-ab61-d1891e7310a8","","-10.0","13:24:04","","",""
"Input","a639dd82-5d58-4a8d-a23c-32baf4cd94a5","u811202a-d535-4056-a437-b5f47dca624b","c811202a-d535-4056-a437-b5f47dca624b","text/plain","This still is not working, I am frustrated.","SKYWAVE_PHASE_4_5","ddb6534e-05ea-43f4-a424-9c9f43a82041","","-10.0","13:25:06","","",""
"Output","a639dd82-5d58-4a8d-a23c-32baf4cd94a5","a811202a-d535-4056-a437-b5f47dca624b","c811202a-d535-4056-a437-b5f47dca624b","text/plain","I am sorry for the inconvenience. I was unable to resolve this for you.","SKYWAVE_PHASE_4_5","d097c16b-1004-4aac-a6da-f6403e46e23d","","-10.0","13:25:08","","",""
"Input","98ae1283-1de8-4c13-a750-5de8d7eedd11","u811202a-d535-4056-a437-b5f47dca624b","c811202a-d535-4056-a437-b5f47dca624b","text/plain","Show me my upcoming bookings","SKYWAVE_PHASE_4_5","b79dd719-832f-4299-a180-b5b039448c39","","-10.0","13:29:19","","",""
"Output","98ae1283-1de8-4c13-a750-5de8d7eedd11","a811202a-d535-4056-a437-b5f47dca624b","c811202a-d535-4056-a437-b5f47dca624b","text/plain","You have one upcoming booking — LH 1927 BER-MUC-SFO, confirmed.","SKYWAVE_PHASE_4_5","63fb10d3-32c9-4959-ab0d-ebc287a822ad","","-10.0","13:29:23","","",""
"Input","de5d0fad-8a02-4d8f-ab46-3a45732b6a7f","u811202a-d535-4056-a437-b5f47dca624b","c811202a-d535-4056-a437-b5f47dca624b","text/plain","Great, thank you!","SKYWAVE_PHASE_4_5","ce3adb72-7202-46b7-ad70-e86b7f687f7e","","-10.0","13:30:24","","",""
"Output","de5d0fad-8a02-4d8f-ab46-3a45732b6a7f","a811202a-d535-4056-a437-b5f47dca624b","c811202a-d535-4056-a437-b5f47dca624b","text/plain","You are welcome. Is there anything else I can help with?","SKYWAVE_PHASE_4_5","40adc8f2-4b9e-4b48-a6ce-54072e00e1ff","","-10.0","13:30:28","","",""
"Input","cb76e36b-0077-4bbe-ac1d-f2e0525ae167","uf554432-4d35-4eaa-a1b7-67242a484107","6f554432-4d35-4eaa-a1b7-67242a484107","text/plain","How many miles do I have?","SKYWAVE_PHASE_4_5","8112155b-f5ef-4a25-a366-e25c7c944694","","-7.0","08:21:00","","",""
"Output","cb76e36b-0077-4bbe-ac1d-f2e0525ae167","af554432-4d35-4eaa-a1b7-67242a484107","6f554432-4d35-4eaa-a1b7-67242a484107","text/plain","You currently have 18,450 SkyWave miles. You are at Premier tier.","SKYWAVE_PHASE_4_5","773f2c33-c11a-46ff-a2d6-b9b31fa772e3","","-7.0","08:21:03","","",""
"Input","2b9a7e69-d430-4b64-a20c-d8312a3d3e37","uf554432-4d35-4eaa-a1b7-67242a484107","6f554432-4d35-4eaa-a1b7-67242a484107","text/plain","Great, thank you!","SKYWAVE_PHASE_4_5","1945ea52-06f7-4e89-a5c4-395a186bfb98","","-7.0","08:24:41","","",""
"Output","2b9a7e69-d430-4b64-a20c-d8312a3d3e37","af554432-4d35-4eaa-a1b7-67242a484107","6f554432-4d35-4eaa-a1b7-67242a484107","text/plain","You are welcome. Is there anything else I can help with?","SKYWAVE_PHASE_4_5","1c1a0719-9544-4e4b-afcb-1178e27ae043","","-7.0","08:24:44","","",""
"Input","683e199d-5567-4c01-aabd-7c626a119e17","u02b09d3-b603-47af-ab5d-b6de7804045e","702b09d3-b603-47af-ab5d-b6de7804045e","text/plain","I want to select seat 1A for my flight","SKYWAVE_PHASE_4_5","4021c4d2-7706-4f70-a9cc-14d965b8f4a5","","-3.0","10:08:00","","",""
"Output","683e199d-5567-4c01-aabd-7c626a119e17","a02b09d3-b603-47af-ab5d-b6de7804045e","702b09d3-b603-47af-ab5d-b6de7804045e","text/plain","I was unable to retrieve the seat map automatically and could not assign the seat.","SKYWAVE_PHASE_4_5","f0689039-cd68-49fd-a3fa-22e2cd1c87e3","","-3.0","10:08:03","","",""
"Input","a588ef78-318b-48a4-a2d7-cacffa8093f3","u02b09d3-b603-47af-ab5d-b6de7804045e","702b09d3-b603-47af-ab5d-b6de7804045e","text/plain","This still is not working, I am frustrated.","SKYWAVE_PHASE_4_5","ae464aa0-d8d0-45c9-ab99-b11d99e9339e","","-3.0","10:08:25","","",""
"Output","a588ef78-318b-48a4-a2d7-cacffa8093f3","a02b09d3-b603-47af-ab5d-b6de7804045e","702b09d3-b603-47af-ab5d-b6de7804045e","text/plain","I am sorry for the inconvenience. I was unable to resolve this for you.","SKYWAVE_PHASE_4_5","c77282df-a8a2-4b85-afb9-8f96dc0a0889","","-3.0","10:08:29","","",""
"Input","a593a7c3-cc0e-48e8-a344-2a1e6c4a9ee2","ubd72a84-87ce-4c85-a25d-16be5dad0d9a","8bd72a84-87ce-4c85-a25d-16be5dad0d9a","text/plain","How many miles do I have?","SKYWAVE_PHASE_4_5","9731135a-03ca-48b8-a44a-41159c0f6020","","-7.0","10:45:00","","",""
"Output","a593a7c3-cc0e-48e8-a344-2a1e6c4a9ee2","abd72a84-87ce-4c85-a25d-16be5dad0d9a","8bd72a84-87ce-4c85-a25d-16be5dad0d9a","text/plain","You currently have 18,450 SkyWave miles. You are at Premier tier.","SKYWAVE_PHASE_4_5","b0c61930-dd2e-4983-a5e5-690fce54d8ab","","-7.0","10:45:04","","",""
"Input","72a689b4-641e-4625-a1a2-321d5364a90d","ubd72a84-87ce-4c85-a25d-16be5dad0d9a","8bd72a84-87ce-4c85-a25d-16be5dad0d9a","text/plain","Great, thank you!","SKYWAVE_PHASE_4_5","0e5a8240-fb01-4440-a0cb-32e0ba3d3f86","","-7.0","10:46:06","","",""
"Output","72a689b4-641e-4625-a1a2-321d5364a90d","abd72a84-87ce-4c85-a25d-16be5dad0d9a","8bd72a84-87ce-4c85-a25d-16be5dad0d9a","text/plain","You are welcome. Is there anything else I can help with?","SKYWAVE_PHASE_4_5","64a80f17-4e40-44a7-ac0b-cd585915f206","","-7.0","10:46:10","","",""
"Input","ca758cd8-2a3a-4192-a9ad-8239039ae66b","uc0551c7-cdf6-4366-a366-3f7257f45e15","dc0551c7-cdf6-4366-a366-3f7257f45e15","text/plain","Whats the weather like in Tokyo?","SKYWAVE_PHASE_4_5","74ae7f54-16d0-4b6f-a590-a0724eb33525","","-1.0","18:47:00","","",""
"Output","ca758cd8-2a3a-4192-a9ad-8239039ae66b","ac0551c7-cdf6-4366-a366-3f7257f45e15","dc0551c7-cdf6-4366-a366-3f7257f45e15","text/plain","I can only help with flight bookings and Skywave loyalty questions.","SKYWAVE_PHASE_4_5","86349115-4dc5-4d49-a177-4ad5f92d7377","","-1.0","18:47:02","","",""
"Input","9621b173-fdaa-461c-a5c3-944c34dbb6ed","uc0551c7-cdf6-4366-a366-3f7257f45e15","dc0551c7-cdf6-4366-a366-3f7257f45e15","text/plain","This still is not working, I am frustrated.","SKYWAVE_PHASE_4_5","4069951b-e877-4c40-a3f4-fd9114290499","","-1.0","18:47:55","","",""
"Output","9621b173-fdaa-461c-a5c3-944c34dbb6ed","ac0551c7-cdf6-4366-a366-3f7257f45e15","dc0551c7-cdf6-4366-a366-3f7257f45e15","text/plain","I am sorry for the inconvenience. I was unable to resolve this for you.","SKYWAVE_PHASE_4_5","25037fd2-9a10-4153-a5d2-77edcf2eeca9","","-1.0","18:47:57","","",""
"Input","aa068671-9e9b-43d2-a66b-8f7fcb77e1a1","u18c727f-7115-47a4-a73b-b67237c3a650","318c727f-7115-47a4-a73b-b67237c3a650","text/plain","Can I move from 23B to an aisle seat?","SKYWAVE_PHASE_4_5","e09373e1-5eb1-4959-a3be-7522f452dff0","","-6.0","11:43:00","","",""
"Output","aa068671-9e9b-43d2-a66b-8f7fcb77e1a1","a18c727f-7115-47a4-a73b-b67237c3a650","318c727f-7115-47a4-a73b-b67237c3a650","text/plain","I could not update your seat assignment. Please contact a service agent.","SKYWAVE_PHASE_4_5","6ea8dfc5-6f56-4138-a880-16a1e1764c2d","","-6.0","11:43:04","","",""
"Input","0cda9a48-5014-4fbf-a980-28a2242dcbd3","u18c727f-7115-47a4-a73b-b67237c3a650","318c727f-7115-47a4-a73b-b67237c3a650","text/plain","This still is not working, I am frustrated.","SKYWAVE_PHASE_4_5","8e3f208a-0e0c-4612-a7b1-a32caef83ad8","","-6.0","11:44:07","","",""
"Output","0cda9a48-5014-4fbf-a980-28a2242dcbd3","a18c727f-7115-47a4-a73b-b67237c3a650","318c727f-7115-47a4-a73b-b67237c3a650","text/plain","I am sorry for the inconvenience. I was unable to resolve this for you.","SKYWAVE_PHASE_4_5","3a63cb6a-ac76-4a83-ac55-e58af0192d2a","","-6.0","11:44:09","","",""
"Input","830b6bb8-f2f7-4539-a0ed-d99e878521bc","u18c727f-7115-47a4-a73b-b67237c3a650","318c727f-7115-47a4-a73b-b67237c3a650","text/plain","Show me my upcoming bookings","SKYWAVE_PHASE_4_5","75d2e4ae-f8e4-4a1f-ac6d-a28c84da3b88","","-6.0","11:44:40","","",""
"Output","830b6bb8-f2f7-4539-a0ed-d99e878521bc","a18c727f-7115-47a4-a73b-b67237c3a650","318c727f-7115-47a4-a73b-b67237c3a650","text/plain","You have one upcoming booking — LH 1927 BER-MUC-SFO, confirmed.","SKYWAVE_PHASE_4_5","ad95a21f-cca9-4c43-ae29-aba978e0c35a","","-6.0","11:44:42","","",""
"Input","c3071580-d2ef-4ff1-aa1e-2ed70f252d2b","u18c727f-7115-47a4-a73b-b67237c3a650","318c727f-7115-47a4-a73b-b67237c3a650","text/plain","Great, thank you!","SKYWAVE_PHASE_4_5","a685a1c1-d225-45fa-ae6e-cafed3993e2a","","-6.0","11:45:34","","",""
"Output","c3071580-d2ef-4ff1-aa1e-2ed70f252d2b","a18c727f-7115-47a4-a73b-b67237c3a650","318c727f-7115-47a4-a73b-b67237c3a650","text/plain","You are welcome. Is there anything else I can help with?","SKYWAVE_PHASE_4_5","c72fe0e9-b481-4a61-adef-dd935111fdd3","","-6.0","11:45:37","","",""
"Input","dab349e1-4f55-4301-a95b-b2d3e6446a10","uba37bdc-d1c3-47e4-ae6d-47c257170ed3","4ba37bdc-d1c3-47e4-ae6d-47c257170ed3","text/plain","Show me my upcoming bookings","SKYWAVE_PHASE_4_5","85f77214-fba2-4d89-a4f3-00931bf10c93","","-3.0","14:55:00","","",""
"Output","dab349e1-4f55-4301-a95b-b2d3e6446a10","aba37bdc-d1c3-47e4-ae6d-47c257170ed3","4ba37bdc-d1c3-47e4-ae6d-47c257170ed3","text/plain","You have one upcoming booking — LH 1927 BER-MUC-SFO, confirmed.","SKYWAVE_PHASE_4_5","a769c1b7-4e1f-4ee7-ad93-b1e1b71786bb","","-3.0","14:55:04","","",""
"Input","c8185f44-cc36-4b27-a04f-2f7dc04c342d","uba37bdc-d1c3-47e4-ae6d-47c257170ed3","4ba37bdc-d1c3-47e4-ae6d-47c257170ed3","text/plain","Great, thank you!","SKYWAVE_PHASE_4_5","c93fb313-49fe-491a-a078-55a419a1ed71","","-3.0","14:55:45","","",""
"Output","c8185f44-cc36-4b27-a04f-2f7dc04c342d","aba37bdc-d1c3-47e4-ae6d-47c257170ed3","4ba37bdc-d1c3-47e4-ae6d-47c257170ed3","text/plain","You are welcome. Is there anything else I can help with?","SKYWAVE_PHASE_4_5","92c59ea0-d0c6-45c8-a44d-31149d686773","","-3.0","14:55:48","","",""
"Input","b2d27b14-7a61-4506-a639-bdaaf0075459","ud620081-8710-40e8-ae28-1e40c1e12368","5d620081-8710-40e8-ae28-1e40c1e12368","text/plain","I want to select seat 1A for my flight","SKYWAVE_PHASE_4_5","147c88cf-dafe-407f-ab6b-83f18b995ea6","","-3.0","13:02:00","","",""
"Output","b2d27b14-7a61-4506-a639-bdaaf0075459","ad620081-8710-40e8-ae28-1e40c1e12368","5d620081-8710-40e8-ae28-1e40c1e12368","text/plain","I was unable to retrieve the seat map automatically and could not assign the seat.","SKYWAVE_PHASE_4_5","6bbbeca9-59b4-470d-af10-e17f1139bf17","","-3.0","13:02:02","","",""
"Input","38cca61f-3229-4754-aef5-e4897f715e48","ud620081-8710-40e8-ae28-1e40c1e12368","5d620081-8710-40e8-ae28-1e40c1e12368","text/plain","This still is not working, I am frustrated.","SKYWAVE_PHASE_4_5","320474b4-4873-459d-ae7a-50a676b7808b","","-3.0","13:05:08","","",""
"Output","38cca61f-3229-4754-aef5-e4897f715e48","ad620081-8710-40e8-ae28-1e40c1e12368","5d620081-8710-40e8-ae28-1e40c1e12368","text/plain","I am sorry for the inconvenience. I was unable to resolve this for you.","SKYWAVE_PHASE_4_5","b79ce901-3f11-42e9-adcd-f6b5ecdacbd0","","-3.0","13:05:12","","",""
"Input","b795def3-e540-4e4f-aa1a-78971021c7e5","u67a0b26-cbeb-4ac0-ab15-1de9174b7326","667a0b26-cbeb-4ac0-ab15-1de9174b7326","text/plain","How many miles do I have?","SKYWAVE_PHASE_4_5","8608fa8f-cbe1-484c-abc9-2f6151dd0c84","","-14.0","12:06:00","","",""
"Output","b795def3-e540-4e4f-aa1a-78971021c7e5","a67a0b26-cbeb-4ac0-ab15-1de9174b7326","667a0b26-cbeb-4ac0-ab15-1de9174b7326","text/plain","You currently have 18,450 SkyWave miles. You are at Premier tier.","SKYWAVE_PHASE_4_5","517e0108-b3e3-4fcc-ae77-094d772c1f13","","-14.0","12:06:02","","",""
"Input","34e13354-f905-4834-a47a-0116ad0b58e1","u67a0b26-cbeb-4ac0-ab15-1de9174b7326","667a0b26-cbeb-4ac0-ab15-1de9174b7326","text/plain","Great, thank you!","SKYWAVE_PHASE_4_5","dbc52352-2be8-4a0a-a29b-0e21d1a47021","","-14.0","12:06:24","","",""
"Output","34e13354-f905-4834-a47a-0116ad0b58e1","a67a0b26-cbeb-4ac0-ab15-1de9174b7326","667a0b26-cbeb-4ac0-ab15-1de9174b7326","text/plain","You are welcome. Is there anything else I can help with?","SKYWAVE_PHASE_4_5","1cd8cc4d-8c37-44a1-a13a-35f472843558","","-14.0","12:06:28","","",""
"Input","73ce9a98-d70f-4197-a250-08ead83cab3e","u085502b-a2f9-40cb-a75e-e559481ea150","3085502b-a2f9-40cb-a75e-e559481ea150","text/plain","I want to select seat 1A for my flight","SKYWAVE_PHASE_4_5","e4942d42-e404-4e01-a557-414e0217a1e9","","-2.0","12:36:00","","",""
"Output","73ce9a98-d70f-4197-a250-08ead83cab3e","a085502b-a2f9-40cb-a75e-e559481ea150","3085502b-a2f9-40cb-a75e-e559481ea150","text/plain","I was unable to retrieve the seat map automatically and could not assign the seat.","SKYWAVE_PHASE_4_5","ea58c106-631d-4a3b-a19a-4577bda88dad","","-2.0","12:36:02","","",""
"Input","979bce1d-19ae-44ca-ae1e-9c08169b0d77","u085502b-a2f9-40cb-a75e-e559481ea150","3085502b-a2f9-40cb-a75e-e559481ea150","text/plain","This still is not working, I am frustrated.","SKYWAVE_PHASE_4_5","7e6d5f9e-9113-4733-a389-0d8657caad81","","-2.0","12:39:22","","",""
"Output","979bce1d-19ae-44ca-ae1e-9c08169b0d77","a085502b-a2f9-40cb-a75e-e559481ea150","3085502b-a2f9-40cb-a75e-e559481ea150","text/plain","I am sorry for the inconvenience. I was unable to resolve this for you.","SKYWAVE_PHASE_4_5","6a2ad8a2-634d-4026-ace9-98ff57abc34b","","-2.0","12:39:24","","",""
"Input","943529ef-2de1-4259-abcf-a252c728b902","u085502b-a2f9-40cb-a75e-e559481ea150","3085502b-a2f9-40cb-a75e-e559481ea150","text/plain","How many miles do I have?","SKYWAVE_PHASE_4_5","aa585dc9-f93c-46c0-ab4c-90ca108882a5","","-2.0","12:40:07","","",""
"Output","943529ef-2de1-4259-abcf-a252c728b902","a085502b-a2f9-40cb-a75e-e559481ea150","3085502b-a2f9-40cb-a75e-e559481ea150","text/plain","You currently have 18,450 SkyWave miles. You are at Premier tier.","SKYWAVE_PHASE_4_5","5b5a1eaf-5e2e-4f72-aef3-56ee7a77b2fd","","-2.0","12:40:09","","",""
"Input","8f579115-380a-4e13-a94b-fa718d848ae8","u085502b-a2f9-40cb-a75e-e559481ea150","3085502b-a2f9-40cb-a75e-e559481ea150","text/plain","Great, thank you!","SKYWAVE_PHASE_4_5","0fac45f0-7b73-40d2-a2ba-1b21e8d64fd9","","-2.0","12:41:13","","",""
"Output","8f579115-380a-4e13-a94b-fa718d848ae8","a085502b-a2f9-40cb-a75e-e559481ea150","3085502b-a2f9-40cb-a75e-e559481ea150","text/plain","You are welcome. Is there anything else I can help with?","SKYWAVE_PHASE_4_5","60f78447-c006-4ce3-a484-6dd654c426b2","","-2.0","12:41:16","","",""
"Input","749e5e55-2720-48b9-a873-5ebae44158c3","ub3f99b4-5c9d-4d64-ad24-4875d6daf10f","bb3f99b4-5c9d-4d64-ad24-4875d6daf10f","text/plain","What is my tier status?","SKYWAVE_PHASE_4_5","aa8b47a8-31ee-423f-aa44-ef4128be1a38","","-11.0","16:49:00","","",""
"Output","749e5e55-2720-48b9-a873-5ebae44158c3","ab3f99b4-5c9d-4d64-ad24-4875d6daf10f","bb3f99b4-5c9d-4d64-ad24-4875d6daf10f","text/plain","You are Gold tier with 14,200 qualifying points this year.","SKYWAVE_PHASE_4_5","eaaf62d2-9d22-40cf-a6b2-c7d5286f3657","","-11.0","16:49:03","","",""
"Input","55aa05e3-7986-4e74-a58c-cba7cf691930","ub3f99b4-5c9d-4d64-ad24-4875d6daf10f","bb3f99b4-5c9d-4d64-ad24-4875d6daf10f","text/plain","Great, thank you!","SKYWAVE_PHASE_4_5","7fc20579-2071-4227-a060-9e1aa7b4a646","","-11.0","16:50:12","","",""
"Output","55aa05e3-7986-4e74-a58c-cba7cf691930","ab3f99b4-5c9d-4d64-ad24-4875d6daf10f","bb3f99b4-5c9d-4d64-ad24-4875d6daf10f","text/plain","You are welcome. Is there anything else I can help with?","SKYWAVE_PHASE_4_5","cc09df61-bdad-450a-a443-74619712e7bc","","-11.0","16:50:14","","",""
"Input","015b24d2-d8d4-4b2c-ad9d-4964dcb4a4ba","ub3f99b4-5c9d-4d64-ad24-4875d6daf10f","bb3f99b4-5c9d-4d64-ad24-4875d6daf10f","text/plain","Tell me a joke","SKYWAVE_PHASE_4_5","5a0d1e05-5c92-4373-a2fd-e1ce331526ac","","-11.0","16:53:04","","",""
"Output","015b24d2-d8d4-4b2c-ad9d-4964dcb4a4ba","ab3f99b4-5c9d-4d64-ad24-4875d6daf10f","bb3f99b4-5c9d-4d64-ad24-4875d6daf10f","text/plain","I am a Skywave booking assistant. How can I help with your travel?","SKYWAVE_PHASE_4_5","89002080-9748-4684-ac53-94bd791bd348","","-11.0","16:53:06","","",""
"Input","759940c1-09a3-470e-a497-5b024f3874db","ub3f99b4-5c9d-4d64-ad24-4875d6daf10f","bb3f99b4-5c9d-4d64-ad24-4875d6daf10f","text/plain","Okay.","SKYWAVE_PHASE_4_5","5e39be75-2938-4bef-adee-5c9a965669cc","","-11.0","16:54:09","","",""
"Output","759940c1-09a3-470e-a497-5b024f3874db","ab3f99b4-5c9d-4d64-ad24-4875d6daf10f","bb3f99b4-5c9d-4d64-ad24-4875d6daf10f","text/plain","Understood. Anything else I can help with?","SKYWAVE_PHASE_4_5","53cf6fb6-bbd7-4f25-a500-2a9ab4c795b3","","-11.0","16:54:11","","",""
"Input","b17eaf02-e993-4674-a964-34f1ed444352","udd62e91-ef0f-47cd-a1b0-faca8bf64b40","7dd62e91-ef0f-47cd-a1b0-faca8bf64b40","text/plain","Can I move from 23B to an aisle seat?","SKYWAVE_PHASE_4_5","3a791672-a40e-4e09-af20-884021d35ccd","","-14.0","17:34:00","","",""
"Output","b17eaf02-e993-4674-a964-34f1ed444352","add62e91-ef0f-47cd-a1b0-faca8bf64b40","7dd62e91-ef0f-47cd-a1b0-faca8bf64b40","text/plain","I could not update your seat assignment. Please contact a service agent.","SKYWAVE_PHASE_4_5","15f53552-b6b6-473f-a749-194369c07cf6","","-14.0","17:34:03","","",""
"Input","3a3e5a4a-71a7-4235-a784-0f0e0aa0556b","udd62e91-ef0f-47cd-a1b0-faca8bf64b40","7dd62e91-ef0f-47cd-a1b0-faca8bf64b40","text/plain","This still is not working, I am frustrated.","SKYWAVE_PHASE_4_5","60645f1f-fe3f-467e-ad95-de7b2680965d","","-14.0","17:34:48","","",""
"Output","3a3e5a4a-71a7-4235-a784-0f0e0aa0556b","add62e91-ef0f-47cd-a1b0-faca8bf64b40","7dd62e91-ef0f-47cd-a1b0-faca8bf64b40","text/plain","I am sorry for the inconvenience. I was unable to resolve this for you.","SKYWAVE_PHASE_4_5","1c771e55-6fff-42e6-a16e-bbc5f126e893","","-14.0","17:34:52","","",""
"Input","430f8b23-5687-4267-adaf-7065b3b5ae2c","uf14238a-6538-4916-a813-1e4bdb8faade","ef14238a-6538-4916-a813-1e4bdb8faade","text/plain","How many miles do I have?","SKYWAVE_PHASE_4_5","be01d066-4ed4-4280-a4af-8d2d132a24eb","","-11.0","08:19:00","","",""
"Output","430f8b23-5687-4267-adaf-7065b3b5ae2c","af14238a-6538-4916-a813-1e4bdb8faade","ef14238a-6538-4916-a813-1e4bdb8faade","text/plain","You currently have 18,450 SkyWave miles. You are at Premier tier.","SKYWAVE_PHASE_4_5","bc4ed5ba-c3c2-42b7-a9fb-86b7ca191af8","","-11.0","08:19:04","","",""
"Input","1ecb41a9-6ce6-4c87-a08f-9f1b0d265a6d","uf14238a-6538-4916-a813-1e4bdb8faade","ef14238a-6538-4916-a813-1e4bdb8faade","text/plain","Great, thank you!","SKYWAVE_PHASE_4_5","f1be7d74-c261-44a4-a255-9089b04483ef","","-11.0","08:20:13","","",""
"Output","1ecb41a9-6ce6-4c87-a08f-9f1b0d265a6d","af14238a-6538-4916-a813-1e4bdb8faade","ef14238a-6538-4916-a813-1e4bdb8faade","text/plain","You are welcome. Is there anything else I can help with?","SKYWAVE_PHASE_4_5","ba035c0e-3d46-4e2e-a459-7cd2bb38435f","","-11.0","08:20:15","","",""
"Input","c1933881-e451-42f0-a230-904b5bcd578f","ub4f1d2a-39d0-4b6c-ae55-d3cdbfc938fb","4b4f1d2a-39d0-4b6c-ae55-d3cdbfc938fb","text/plain","What is my tier status?","SKYWAVE_PHASE_4_5","44d46d8b-6626-438c-a859-620f0cda0531","","-10.0","17:05:00","","",""
"Output","c1933881-e451-42f0-a230-904b5bcd578f","ab4f1d2a-39d0-4b6c-ae55-d3cdbfc938fb","4b4f1d2a-39d0-4b6c-ae55-d3cdbfc938fb","text/plain","You are Gold tier with 14,200 qualifying points this year.","SKYWAVE_PHASE_4_5","da7fb827-cfc9-4025-a8d5-c770afe227dd","","-10.0","17:05:04","","",""
"Input","cb62c195-1331-40c1-a508-69eb3b8d7ec6","ub4f1d2a-39d0-4b6c-ae55-d3cdbfc938fb","4b4f1d2a-39d0-4b6c-ae55-d3cdbfc938fb","text/plain","Great, thank you!","SKYWAVE_PHASE_4_5","6929a0cd-fd46-4fa3-a26f-3200c3f41620","","-10.0","17:06:12","","",""
"Output","cb62c195-1331-40c1-a508-69eb3b8d7ec6","ab4f1d2a-39d0-4b6c-ae55-d3cdbfc938fb","4b4f1d2a-39d0-4b6c-ae55-d3cdbfc938fb","text/plain","You are welcome. Is there anything else I can help with?","SKYWAVE_PHASE_4_5","03d4acc4-bdbc-4280-af08-e950321d9718","","-10.0","17:06:16","","",""
"Input","7aab2c59-8365-4f9e-a754-2f106379dec2","ub4f1d2a-39d0-4b6c-ae55-d3cdbfc938fb","4b4f1d2a-39d0-4b6c-ae55-d3cdbfc938fb","text/plain","Cancel my booking ABC123","SKYWAVE_PHASE_4_5","53a40952-8619-4d2f-a263-754082f5fa73","","-10.0","17:06:36","","",""
"Output","7aab2c59-8365-4f9e-a754-2f106379dec2","ab4f1d2a-39d0-4b6c-ae55-d3cdbfc938fb","4b4f1d2a-39d0-4b6c-ae55-d3cdbfc938fb","text/plain","I have cancelled booking ABC123. A refund of $480 will be issued.","SKYWAVE_PHASE_4_5","b1d50c7b-d19a-47ee-a6c8-9ff71f45874f","","-10.0","17:06:39","","",""
"Input","e60ad8ff-7b27-4c1f-ae65-cd99cae2e1e8","ub4f1d2a-39d0-4b6c-ae55-d3cdbfc938fb","4b4f1d2a-39d0-4b6c-ae55-d3cdbfc938fb","text/plain","Great, thank you!","SKYWAVE_PHASE_4_5","a55b9d96-3244-44dc-a749-8df4c1ecb8a6","","-10.0","17:11:22","","",""
"Output","e60ad8ff-7b27-4c1f-ae65-cd99cae2e1e8","ab4f1d2a-39d0-4b6c-ae55-d3cdbfc938fb","4b4f1d2a-39d0-4b6c-ae55-d3cdbfc938fb","text/plain","You are welcome. Is there anything else I can help with?","SKYWAVE_PHASE_4_5","cfee65d7-c584-4ba7-a2ea-c0a09d3f26a0","","-10.0","17:11:25","","",""
"Input","e712df2d-3833-45d4-a48e-84bf067e7ab9","ufe04cb8-da8f-4f4a-a5cf-8480edb95043","1fe04cb8-da8f-4f4a-a5cf-8480edb95043","text/plain","Show me my upcoming bookings","SKYWAVE_PHASE_4_5","c0180610-4a52-4897-a7a5-1cd3e1b02afa","","-14.0","11:06:00","","",""
"Output","e712df2d-3833-45d4-a48e-84bf067e7ab9","afe04cb8-da8f-4f4a-a5cf-8480edb95043","1fe04cb8-da8f-4f4a-a5cf-8480edb95043","text/plain","You have one upcoming booking — LH 1927 BER-MUC-SFO, confirmed.","SKYWAVE_PHASE_4_5","160487da-df3f-4590-a85f-75cd37670ecf","","-14.0","11:06:02","","",""
"Input","bd79972e-190d-4953-a09b-8ed3b549a3de","ufe04cb8-da8f-4f4a-a5cf-8480edb95043","1fe04cb8-da8f-4f4a-a5cf-8480edb95043","text/plain","Great, thank you!","SKYWAVE_PHASE_4_5","a496e008-5933-4771-adb2-496cae82257f","","-14.0","11:06:20","","",""
"Output","bd79972e-190d-4953-a09b-8ed3b549a3de","afe04cb8-da8f-4f4a-a5cf-8480edb95043","1fe04cb8-da8f-4f4a-a5cf-8480edb95043","text/plain","You are welcome. Is there anything else I can help with?","SKYWAVE_PHASE_4_5","92eb6253-9ba2-4656-aa34-146f76122710","","-14.0","11:06:23","","",""
"Input","8aed026b-5515-4e62-aa5d-08d4a298c5ef","ufe04cb8-da8f-4f4a-a5cf-8480edb95043","1fe04cb8-da8f-4f4a-a5cf-8480edb95043","text/plain","Find flights from JFK to HND tomorrow","SKYWAVE_PHASE_4_5","b16c48ed-a88d-4103-aada-86b023f0be8e","","-14.0","11:06:48","","",""
"Output","8aed026b-5515-4e62-aa5d-08d4a298c5ef","afe04cb8-da8f-4f4a-a5cf-8480edb95043","1fe04cb8-da8f-4f4a-a5cf-8480edb95043","text/plain","I found 4 flights for that route. The cheapest is SW1200 at 1pm for $1,280.","SKYWAVE_PHASE_4_5","aea38654-25bb-49f2-a7e1-e7b5cf562a7c","","-14.0","11:06:50","","",""
"Input","0c6b8ca0-cb3e-4f01-abc6-50d8959e0b8b","ufe04cb8-da8f-4f4a-a5cf-8480edb95043","1fe04cb8-da8f-4f4a-a5cf-8480edb95043","text/plain","Great, thank you!","SKYWAVE_PHASE_4_5","f4211697-61b1-4129-a8f2-3e6afdc2fa32","","-14.0","11:07:23","","",""
"Output","0c6b8ca0-cb3e-4f01-abc6-50d8959e0b8b","afe04cb8-da8f-4f4a-a5cf-8480edb95043","1fe04cb8-da8f-4f4a-a5cf-8480edb95043","text/plain","You are welcome. Is there anything else I can help with?","SKYWAVE_PHASE_4_5","a32867d8-4d2a-4d4d-adf7-5f80b72380b2","","-14.0","11:07:25","","",""
"Input","f46af958-bb74-4ca1-ad3f-bd0f6080451b","ufe04cb8-da8f-4f4a-a5cf-8480edb95043","1fe04cb8-da8f-4f4a-a5cf-8480edb95043","text/plain","My first name is misspelled on my ticket","SKYWAVE_PHASE_4_5","bf56903c-14ff-4c16-a964-d532ac4487c3","","-14.0","11:11:37","","",""
"Output","f46af958-bb74-4ca1-ad3f-bd0f6080451b","afe04cb8-da8f-4f4a-a5cf-8480edb95043","1fe04cb8-da8f-4f4a-a5cf-8480edb95043","text/plain","I have corrected the spelling on your ticket. Please review the updated itinerary.","SKYWAVE_PHASE_4_5","dd7631fe-ecec-4607-a4c1-5353e3de5069","","-14.0","11:11:40","","",""
"Input","788b44bb-02a2-4bfa-a1cb-4ba21a65f6c1","ufe04cb8-da8f-4f4a-a5cf-8480edb95043","1fe04cb8-da8f-4f4a-a5cf-8480edb95043","text/plain","Great, thank you!","SKYWAVE_PHASE_4_5","014d77fd-ff75-4226-a980-2bcc46fa784c","","-14.0","11:15:24","","",""
"Output","788b44bb-02a2-4bfa-a1cb-4ba21a65f6c1","afe04cb8-da8f-4f4a-a5cf-8480edb95043","1fe04cb8-da8f-4f4a-a5cf-8480edb95043","text/plain","You are welcome. Is there anything else I can help with?","SKYWAVE_PHASE_4_5","90885571-fb76-44a7-ae55-c96400bc75fa","","-14.0","11:15:27","","",""
"Input","356db4f4-4c67-47b8-a0ba-536ba0dcaca4","ud514d5c-d8e5-4ec5-a118-7dc2447c5ee8","cd514d5c-d8e5-4ec5-a118-7dc2447c5ee8","text/plain","I want to select seat 1A for my flight","SKYWAVE_PHASE_4_5","9d45543f-680e-4106-add0-54bc026df0a5","","-10.0","17:34:00","","",""
"Output","356db4f4-4c67-47b8-a0ba-536ba0dcaca4","ad514d5c-d8e5-4ec5-a118-7dc2447c5ee8","cd514d5c-d8e5-4ec5-a118-7dc2447c5ee8","text/plain","I was unable to retrieve the seat map automatically and could not assign the seat.","SKYWAVE_PHASE_4_5","11cc8b27-dcd0-4e47-a074-4a1937b34c3b","","-10.0","17:34:04","","",""
"Input","71f60be7-84fa-4970-adb1-4c33b772f8ce","ud514d5c-d8e5-4ec5-a118-7dc2447c5ee8","cd514d5c-d8e5-4ec5-a118-7dc2447c5ee8","text/plain","This still is not working, I am frustrated.","SKYWAVE_PHASE_4_5","46f6a663-e5f6-4901-a2aa-a1e3d488839d","","-10.0","17:35:11","","",""
"Output","71f60be7-84fa-4970-adb1-4c33b772f8ce","ad514d5c-d8e5-4ec5-a118-7dc2447c5ee8","cd514d5c-d8e5-4ec5-a118-7dc2447c5ee8","text/plain","I am sorry for the inconvenience. I was unable to resolve this for you.","SKYWAVE_PHASE_4_5","cd522833-ac96-4084-a386-7e337bae13b2","","-10.0","17:35:14","","",""
"Input","23f1e2bb-7669-42bb-a175-9d9fb80a6a00","ud514d5c-d8e5-4ec5-a118-7dc2447c5ee8","cd514d5c-d8e5-4ec5-a118-7dc2447c5ee8","text/plain","My first name is misspelled on my ticket","SKYWAVE_PHASE_4_5","2ceced32-1d33-4191-af52-0afca497b87e","","-10.0","17:36:08","","",""
"Output","23f1e2bb-7669-42bb-a175-9d9fb80a6a00","ad514d5c-d8e5-4ec5-a118-7dc2447c5ee8","cd514d5c-d8e5-4ec5-a118-7dc2447c5ee8","text/plain","I have corrected the spelling on your ticket. Please review the updated itinerary.","SKYWAVE_PHASE_4_5","34ccc4b5-9f7c-4ff9-a2bd-5ced92e07f4e","","-10.0","17:36:12","","",""
"Input","47d29887-bf68-4576-a6b6-aa47dd2d0a8d","ud514d5c-d8e5-4ec5-a118-7dc2447c5ee8","cd514d5c-d8e5-4ec5-a118-7dc2447c5ee8","text/plain","Great, thank you!","SKYWAVE_PHASE_4_5","445c929e-42e0-4b55-a2e2-321cb481cc55","","-10.0","17:36:55","","",""
"Output","47d29887-bf68-4576-a6b6-aa47dd2d0a8d","ad514d5c-d8e5-4ec5-a118-7dc2447c5ee8","cd514d5c-d8e5-4ec5-a118-7dc2447c5ee8","text/plain","You are welcome. Is there anything else I can help with?","SKYWAVE_PHASE_4_5","658d7c49-29b9-4199-a7ae-e4943ca0b70e","","-10.0","17:36:59","","",""
"Input","459686e3-0011-479f-a874-ca77f17057a9","u345e83a-048a-4411-a007-77356ba72236","f345e83a-048a-4411-a007-77356ba72236","text/plain","I want to change my seat to a window seat","SKYWAVE_PHASE_4_5","05b8f712-fba9-4d83-a1de-c9d40fa11bc9","","-3.0","13:19:00","","",""
"Output","459686e3-0011-479f-a874-ca77f17057a9","a345e83a-048a-4411-a007-77356ba72236","f345e83a-048a-4411-a007-77356ba72236","text/plain","Sorry, I am unable to change your seat right now. Please try again later.","SKYWAVE_PHASE_4_5","44f4a649-d8df-4e0b-a594-1df9a3a61265","","-3.0","13:19:02","","",""
"Input","347af4b8-7453-41cf-aaae-bbf7db9b5f4c","u345e83a-048a-4411-a007-77356ba72236","f345e83a-048a-4411-a007-77356ba72236","text/plain","This still is not working, I am frustrated.","SKYWAVE_PHASE_4_5","835566a4-c2ad-455a-a4ff-a7067ee8519a","","-3.0","13:19:19","","",""
"Output","347af4b8-7453-41cf-aaae-bbf7db9b5f4c","a345e83a-048a-4411-a007-77356ba72236","f345e83a-048a-4411-a007-77356ba72236","text/plain","I am sorry for the inconvenience. I was unable to resolve this for you.","SKYWAVE_PHASE_4_5","23f45e86-2dd9-4865-aaf8-b1bbedcb3558","","-3.0","13:19:21","","",""
"Input","f4762edf-a66f-450c-a7a8-07f79e8418a4","u59897fd-01b6-441d-a705-16a7c560b39a","559897fd-01b6-441d-a705-16a7c560b39a","text/plain","Cancel my booking ABC123","SKYWAVE_PHASE_4_5","b0f0d006-210e-437b-a91f-de16de60e17a","","-9.0","17:12:00","","",""
"Output","f4762edf-a66f-450c-a7a8-07f79e8418a4","a59897fd-01b6-441d-a705-16a7c560b39a","559897fd-01b6-441d-a705-16a7c560b39a","text/plain","I have cancelled booking ABC123. A refund of $480 will be issued.","SKYWAVE_PHASE_4_5","4d7273b1-d316-4765-a332-7bec74a9ccab","","-9.0","17:12:03","","",""
"Input","c75df79b-2900-410a-aa9d-973fc358c2e2","u59897fd-01b6-441d-a705-16a7c560b39a","559897fd-01b6-441d-a705-16a7c560b39a","text/plain","Great, thank you!","SKYWAVE_PHASE_4_5","073ae7e8-772e-4fd1-ab0f-587c118386ac","","-9.0","17:12:33","","",""
"Output","c75df79b-2900-410a-aa9d-973fc358c2e2","a59897fd-01b6-441d-a705-16a7c560b39a","559897fd-01b6-441d-a705-16a7c560b39a","text/plain","You are welcome. Is there anything else I can help with?","SKYWAVE_PHASE_4_5","a3e20a2e-6a32-4bb8-ae55-86fa350ef262","","-9.0","17:12:35","","",""
"Input","d267aae2-b792-4b8c-aae4-817497f292f3","udb9fa46-b920-4ab2-a920-bf518dc784e1","7db9fa46-b920-4ab2-a920-bf518dc784e1","text/plain","Cancel my booking ABC123","SKYWAVE_PHASE_4_5","9c28c7ac-a941-4bab-ac13-ce5ebdbcf4a3","","-2.0","17:39:00","","",""
"Output","d267aae2-b792-4b8c-aae4-817497f292f3","adb9fa46-b920-4ab2-a920-bf518dc784e1","7db9fa46-b920-4ab2-a920-bf518dc784e1","text/plain","I have cancelled booking ABC123. A refund of $480 will be issued.","SKYWAVE_PHASE_4_5","19ee31b2-5780-48d2-a6ef-466514d10883","","-2.0","17:39:04","","",""
"Input","59c5a0d7-1a3c-4633-a638-ff7a7af43a70","udb9fa46-b920-4ab2-a920-bf518dc784e1","7db9fa46-b920-4ab2-a920-bf518dc784e1","text/plain","Great, thank you!","SKYWAVE_PHASE_4_5","23f5a52d-1807-44b4-a454-4b5b768dec84","","-2.0","17:42:07","","",""
"Output","59c5a0d7-1a3c-4633-a638-ff7a7af43a70","adb9fa46-b920-4ab2-a920-bf518dc784e1","7db9fa46-b920-4ab2-a920-bf518dc784e1","text/plain","You are welcome. Is there anything else I can help with?","SKYWAVE_PHASE_4_5","cf58401b-adbb-4d97-a7f2-d79798470769","","-2.0","17:42:10","","",""
"Input","f7e791a5-001e-4cc5-ae5a-d7284307902a","udb9fa46-b920-4ab2-a920-bf518dc784e1","7db9fa46-b920-4ab2-a920-bf518dc784e1","text/plain","Show me my upcoming bookings","SKYWAVE_PHASE_4_5","5e2a2f08-400b-4dec-acda-3dc9ce3afcca","","-2.0","17:44:19","","",""
"Output","f7e791a5-001e-4cc5-ae5a-d7284307902a","adb9fa46-b920-4ab2-a920-bf518dc784e1","7db9fa46-b920-4ab2-a920-bf518dc784e1","text/plain","You have one upcoming booking — LH 1927 BER-MUC-SFO, confirmed.","SKYWAVE_PHASE_4_5","92b74c74-2fed-48ab-a98c-e6d81b987c6d","","-2.0","17:44:23","","",""
"Input","6553f2d0-6a5e-40b4-ae85-77fcf3fcb526","udb9fa46-b920-4ab2-a920-bf518dc784e1","7db9fa46-b920-4ab2-a920-bf518dc784e1","text/plain","Great, thank you!","SKYWAVE_PHASE_4_5","12dd31ff-bc85-47cc-ac2b-a11024963cc4","","-2.0","17:44:45","","",""
"Output","6553f2d0-6a5e-40b4-ae85-77fcf3fcb526","adb9fa46-b920-4ab2-a920-bf518dc784e1","7db9fa46-b920-4ab2-a920-bf518dc784e1","text/plain","You are welcome. Is there anything else I can help with?","SKYWAVE_PHASE_4_5","10865a7b-5e83-4b2b-aac2-b16fedac7eaf","","-2.0","17:44:49","","",""
"Input","df15f878-a078-49f2-acfe-f7edcbf70717","u708ae64-57d0-4f12-a47f-d49502d1bad9","a708ae64-57d0-4f12-a47f-d49502d1bad9","text/plain","How many miles do I have?","SKYWAVE_PHASE_4_5","c4c5f957-f915-43bd-aa71-a8708997092c","","-13.0","17:16:00","","",""
"Output","df15f878-a078-49f2-acfe-f7edcbf70717","a708ae64-57d0-4f12-a47f-d49502d1bad9","a708ae64-57d0-4f12-a47f-d49502d1bad9","text/plain","You currently have 18,450 SkyWave miles. You are at Premier tier.","SKYWAVE_PHASE_4_5","7c63982d-a45a-496d-a8dc-929a3b60036e","","-13.0","17:16:04","","",""
"Input","f4f69902-0634-46ed-afc0-b591e47974e8","u708ae64-57d0-4f12-a47f-d49502d1bad9","a708ae64-57d0-4f12-a47f-d49502d1bad9","text/plain","Great, thank you!","SKYWAVE_PHASE_4_5","03d58ff1-abe1-4ede-af07-ee67bfa4d3bb","","-13.0","17:18:37","","",""
"Output","f4f69902-0634-46ed-afc0-b591e47974e8","a708ae64-57d0-4f12-a47f-d49502d1bad9","a708ae64-57d0-4f12-a47f-d49502d1bad9","text/plain","You are welcome. Is there anything else I can help with?","SKYWAVE_PHASE_4_5","9c23a660-4fec-42f3-a01a-b0078b6e5445","","-13.0","17:18:41","","",""
"Input","895776ae-5eae-422a-a927-1cf26b1efec6","u708ae64-57d0-4f12-a47f-d49502d1bad9","a708ae64-57d0-4f12-a47f-d49502d1bad9","text/plain","I want to change my seat to a window seat","SKYWAVE_PHASE_4_5","34842dfa-ca75-4181-ab2c-76a366648538","","-13.0","17:19:37","","",""
"Output","895776ae-5eae-422a-a927-1cf26b1efec6","a708ae64-57d0-4f12-a47f-d49502d1bad9","a708ae64-57d0-4f12-a47f-d49502d1bad9","text/plain","Sorry, I am unable to change your seat right now. Please try again later.","SKYWAVE_PHASE_4_5","835c5d25-8700-488c-ab4f-c0688318105f","","-13.0","17:19:41","","",""
"Input","4b86882c-20a6-4529-a2b2-1efcf0295e89","u708ae64-57d0-4f12-a47f-d49502d1bad9","a708ae64-57d0-4f12-a47f-d49502d1bad9","text/plain","This still is not working, I am frustrated.","SKYWAVE_PHASE_4_5","f92fe1a5-632d-416b-a0e7-9227972a4346","","-13.0","17:22:51","","",""
"Output","4b86882c-20a6-4529-a2b2-1efcf0295e89","a708ae64-57d0-4f12-a47f-d49502d1bad9","a708ae64-57d0-4f12-a47f-d49502d1bad9","text/plain","I am sorry for the inconvenience. I was unable to resolve this for you.","SKYWAVE_PHASE_4_5","d24b3178-c5b0-43f6-aea7-df4997a05f16","","-13.0","17:22:53","","",""
"Input","8f78c8e3-9e1a-49ff-a4b1-bcbc8cd8f0a6","ue83fe76-bb53-4b29-acf9-358c75aecf3d","be83fe76-bb53-4b29-acf9-358c75aecf3d","text/plain","What is my tier status?","SKYWAVE_PHASE_4_5","32134037-fe56-42c3-ad33-45a012450100","","-2.0","08:50:00","","",""
"Output","8f78c8e3-9e1a-49ff-a4b1-bcbc8cd8f0a6","ae83fe76-bb53-4b29-acf9-358c75aecf3d","be83fe76-bb53-4b29-acf9-358c75aecf3d","text/plain","You are Gold tier with 14,200 qualifying points this year.","SKYWAVE_PHASE_4_5","1f6fbdb1-7841-492f-a757-934ef930c478","","-2.0","08:50:03","","",""
"Input","4a5aa5e9-672e-4ebb-a185-46b7087e3f8d","ue83fe76-bb53-4b29-acf9-358c75aecf3d","be83fe76-bb53-4b29-acf9-358c75aecf3d","text/plain","Great, thank you!","SKYWAVE_PHASE_4_5","825d0acf-b3a0-4e03-ad57-b73765a467d1","","-2.0","08:50:34","","",""
"Output","4a5aa5e9-672e-4ebb-a185-46b7087e3f8d","ae83fe76-bb53-4b29-acf9-358c75aecf3d","be83fe76-bb53-4b29-acf9-358c75aecf3d","text/plain","You are welcome. Is there anything else I can help with?","SKYWAVE_PHASE_4_5","46df4b34-98b5-48e7-a9b9-b286ee5a6572","","-2.0","08:50:38","","",""
"Input","bfc223dd-88e0-4800-a979-fd2c4b92841b","ue83fe76-bb53-4b29-acf9-358c75aecf3d","be83fe76-bb53-4b29-acf9-358c75aecf3d","text/plain","My first name is misspelled on my ticket","SKYWAVE_PHASE_4_5","11d6f119-2c73-4204-a4e1-a30d995b69dd","","-2.0","08:52:40","","",""
"Output","bfc223dd-88e0-4800-a979-fd2c4b92841b","ae83fe76-bb53-4b29-acf9-358c75aecf3d","be83fe76-bb53-4b29-acf9-358c75aecf3d","text/plain","I have corrected the spelling on your ticket. Please review the updated itinerary.","SKYWAVE_PHASE_4_5","2d46b047-6123-4254-a7ce-3f1f1c31048d","","-2.0","08:52:44","","",""
"Input","d1b41690-dd91-47bf-a10c-4682632fda7b","ue83fe76-bb53-4b29-acf9-358c75aecf3d","be83fe76-bb53-4b29-acf9-358c75aecf3d","text/plain","Great, thank you!","SKYWAVE_PHASE_4_5","2576b95e-7887-4dcb-a95c-13612e505895","","-2.0","08:53:06","","",""
"Output","d1b41690-dd91-47bf-a10c-4682632fda7b","ae83fe76-bb53-4b29-acf9-358c75aecf3d","be83fe76-bb53-4b29-acf9-358c75aecf3d","text/plain","You are welcome. Is there anything else I can help with?","SKYWAVE_PHASE_4_5","5c2a20f9-9288-4e46-a72a-6334c84a2b06","","-2.0","08:53:08","","",""
"Input","c48df527-e91e-48b0-ac3e-3b1df036de0c","ucb64231-83f0-4c9d-a558-df043f70845f","4cb64231-83f0-4c9d-a558-df043f70845f","text/plain","What is my tier status?","SKYWAVE_PHASE_4_5","b784c52f-7c36-4078-acbc-37792e7bb0f3","","-3.0","13:10:00","","",""
"Output","c48df527-e91e-48b0-ac3e-3b1df036de0c","acb64231-83f0-4c9d-a558-df043f70845f","4cb64231-83f0-4c9d-a558-df043f70845f","text/plain","You are Gold tier with 14,200 qualifying points this year.","SKYWAVE_PHASE_4_5","a755a7ba-a3ed-4480-abbc-24f5e99b9591","","-3.0","13:10:03","","",""
"Input","4a654f47-7c51-418f-aa24-d404469f639c","ucb64231-83f0-4c9d-a558-df043f70845f","4cb64231-83f0-4c9d-a558-df043f70845f","text/plain","Great, thank you!","SKYWAVE_PHASE_4_5","cab1b843-6293-4587-a4c0-9d03e91770ea","","-3.0","13:12:36","","",""
"Output","4a654f47-7c51-418f-aa24-d404469f639c","acb64231-83f0-4c9d-a558-df043f70845f","4cb64231-83f0-4c9d-a558-df043f70845f","text/plain","You are welcome. Is there anything else I can help with?","SKYWAVE_PHASE_4_5","bb8e5ef0-0e9a-433d-ac71-094bdd1129af","","-3.0","13:12:38","","",""
"Input","b7b58ca0-2cf1-43ee-a065-d2a597985390","ucb64231-83f0-4c9d-a558-df043f70845f","4cb64231-83f0-4c9d-a558-df043f70845f","text/plain","Can I move from 23B to an aisle seat?","SKYWAVE_PHASE_4_5","812f7992-de78-4d7e-a0d1-f5fbe64a84e2","","-3.0","13:16:26","","",""
"Output","b7b58ca0-2cf1-43ee-a065-d2a597985390","acb64231-83f0-4c9d-a558-df043f70845f","4cb64231-83f0-4c9d-a558-df043f70845f","text/plain","I could not update your seat assignment. Please contact a service agent.","SKYWAVE_PHASE_4_5","b434f833-9db8-4ea0-ad63-0640255f3cbd","","-3.0","13:16:30","","",""
"Input","e518e443-ddc6-4e4b-aa31-2e7efb948f00","ucb64231-83f0-4c9d-a558-df043f70845f","4cb64231-83f0-4c9d-a558-df043f70845f","text/plain","This still is not working, I am frustrated.","SKYWAVE_PHASE_4_5","47a9361a-4297-4514-a30a-4cd9c4caa84f","","-3.0","13:20:06","","",""
"Output","e518e443-ddc6-4e4b-aa31-2e7efb948f00","acb64231-83f0-4c9d-a558-df043f70845f","4cb64231-83f0-4c9d-a558-df043f70845f","text/plain","I am sorry for the inconvenience. I was unable to resolve this for you.","SKYWAVE_PHASE_4_5","54b2e0cf-50bf-4f22-a963-56ddec6e4dfd","","-3.0","13:20:08","","",""
"Input","f973f1fa-1dba-4e68-a4d3-676e9bfd94b6","u441d0c5-8529-4582-ac42-e055f32a4c9e","a441d0c5-8529-4582-ac42-e055f32a4c9e","text/plain","I want to select seat 1A for my flight","SKYWAVE_PHASE_4_5","8b1caac6-e3ab-45b2-a503-1e86da34063f","","-7.0","15:38:00","","",""
"Output","f973f1fa-1dba-4e68-a4d3-676e9bfd94b6","a441d0c5-8529-4582-ac42-e055f32a4c9e","a441d0c5-8529-4582-ac42-e055f32a4c9e","text/plain","I was unable to retrieve the seat map automatically and could not assign the seat.","SKYWAVE_PHASE_4_5","cee336ee-ac58-452e-a827-6452aa6b937b","","-7.0","15:38:04","","",""
"Input","537c3cf9-cb89-49fd-a718-73af78363ec7","u441d0c5-8529-4582-ac42-e055f32a4c9e","a441d0c5-8529-4582-ac42-e055f32a4c9e","text/plain","This still is not working, I am frustrated.","SKYWAVE_PHASE_4_5","4375f95a-3626-4853-aaa8-235fdc62f0ff","","-7.0","15:38:45","","",""
"Output","537c3cf9-cb89-49fd-a718-73af78363ec7","a441d0c5-8529-4582-ac42-e055f32a4c9e","a441d0c5-8529-4582-ac42-e055f32a4c9e","text/plain","I am sorry for the inconvenience. I was unable to resolve this for you.","SKYWAVE_PHASE_4_5","b458a26b-ed8f-4428-a0d1-8ac212538048","","-7.0","15:38:47","","",""
"Input","81c6c1a1-8882-4a4c-aff6-ad6e8b37ae1e","u441d0c5-8529-4582-ac42-e055f32a4c9e","a441d0c5-8529-4582-ac42-e055f32a4c9e","text/plain","I want to select seat 1A for my flight","SKYWAVE_PHASE_4_5","70e366b6-e203-4e32-a566-e03e33824411","","-7.0","15:39:52","","",""
"Output","81c6c1a1-8882-4a4c-aff6-ad6e8b37ae1e","a441d0c5-8529-4582-ac42-e055f32a4c9e","a441d0c5-8529-4582-ac42-e055f32a4c9e","text/plain","I was unable to retrieve the seat map automatically and could not assign the seat.","SKYWAVE_PHASE_4_5","0ca81c36-97cf-43f6-abaf-bb042c3c4f48","","-7.0","15:39:55","","",""
"Input","ad83af8f-1bbb-4d5e-a94d-b340502d239c","u441d0c5-8529-4582-ac42-e055f32a4c9e","a441d0c5-8529-4582-ac42-e055f32a4c9e","text/plain","This still is not working, I am frustrated.","SKYWAVE_PHASE_4_5","ad22e4ef-9b0b-40c8-a966-8f7133f1889f","","-7.0","15:40:24","","",""
"Output","ad83af8f-1bbb-4d5e-a94d-b340502d239c","a441d0c5-8529-4582-ac42-e055f32a4c9e","a441d0c5-8529-4582-ac42-e055f32a4c9e","text/plain","I am sorry for the inconvenience. I was unable to resolve this for you.","SKYWAVE_PHASE_4_5","42a9fc6c-83b0-4ea4-afd6-f6bf85b992a2","","-7.0","15:40:26","","",""
"Input","9c86296c-9b1d-4e12-a30e-0d41956cf7de","u05a5c30-650b-4574-aa8e-a525b858ac20","505a5c30-650b-4574-aa8e-a525b858ac20","text/plain","My in-flight wifi did not work, I want a refund","SKYWAVE_PHASE_4_5","a43a1261-19ac-420e-afe8-0848395ed9dd","","-9.0","19:32:00","","",""
"Output","9c86296c-9b1d-4e12-a30e-0d41956cf7de","a05a5c30-650b-4574-aa8e-a525b858ac20","505a5c30-650b-4574-aa8e-a525b858ac20","text/plain","I have logged your complaint as case 00012346. A refund will be processed.","SKYWAVE_PHASE_4_5","2df1b1a1-f37f-4de9-afb2-6ee2191235a7","","-9.0","19:32:02","","",""
"Input","6f6e584d-4ab0-4fbc-a327-de55c19061fa","u05a5c30-650b-4574-aa8e-a525b858ac20","505a5c30-650b-4574-aa8e-a525b858ac20","text/plain","Great, thank you!","SKYWAVE_PHASE_4_5","7af28ea2-a608-4aee-a2f1-818773458b7c","","-9.0","19:32:28","","",""
"Output","6f6e584d-4ab0-4fbc-a327-de55c19061fa","a05a5c30-650b-4574-aa8e-a525b858ac20","505a5c30-650b-4574-aa8e-a525b858ac20","text/plain","You are welcome. Is there anything else I can help with?","SKYWAVE_PHASE_4_5","3acbb3e9-4274-4915-aeda-a6b0533c6338","","-9.0","19:32:30","","",""
"Input","ccf2286b-30c7-45c4-a651-ad7f98da6134","uc862e68-e5e6-46ac-a242-e0cc7cd519d0","fc862e68-e5e6-46ac-a242-e0cc7cd519d0","text/plain","I want to change my seat to a window seat","SKYWAVE_PHASE_4_5","b9ecd3ae-1ebf-4600-aef8-3c6db85b4c31","","-12.0","08:41:00","","",""
"Output","ccf2286b-30c7-45c4-a651-ad7f98da6134","ac862e68-e5e6-46ac-a242-e0cc7cd519d0","fc862e68-e5e6-46ac-a242-e0cc7cd519d0","text/plain","Sorry, I am unable to change your seat right now. Please try again later.","SKYWAVE_PHASE_4_5","d5b8d3c2-a19e-461a-a8e4-df45de8eaf12","","-12.0","08:41:03","","",""
"Input","3446690e-585f-4b85-af0b-97ad3d86e868","uc862e68-e5e6-46ac-a242-e0cc7cd519d0","fc862e68-e5e6-46ac-a242-e0cc7cd519d0","text/plain","This still is not working, I am frustrated.","SKYWAVE_PHASE_4_5","93ef1777-a8d7-4e10-a4de-ff734b3448b6","","-12.0","08:45:22","","",""
"Output","3446690e-585f-4b85-af0b-97ad3d86e868","ac862e68-e5e6-46ac-a242-e0cc7cd519d0","fc862e68-e5e6-46ac-a242-e0cc7cd519d0","text/plain","I am sorry for the inconvenience. I was unable to resolve this for you.","SKYWAVE_PHASE_4_5","44d94902-0549-47ab-a463-00589eb7c0e2","","-12.0","08:45:26","","",""
"Input","a879e7b6-1c8e-48cf-a40b-7235d5e4e0c7","u7f82e71-1e9d-4f52-ae60-ca323c492a11","37f82e71-1e9d-4f52-ae60-ca323c492a11","text/plain","Show me my upcoming bookings","SKYWAVE_PHASE_4_5","1eac4616-503b-4afe-ab6f-698730c91ea5","","-12.0","13:30:00","","",""
"Output","a879e7b6-1c8e-48cf-a40b-7235d5e4e0c7","a7f82e71-1e9d-4f52-ae60-ca323c492a11","37f82e71-1e9d-4f52-ae60-ca323c492a11","text/plain","You have one upcoming booking — LH 1927 BER-MUC-SFO, confirmed.","SKYWAVE_PHASE_4_5","0cb9c3c5-500b-405c-a8a3-4fd0a6754770","","-12.0","13:30:04","","",""
"Input","e26fc834-86d3-43ec-afd4-b88a9226e199","u7f82e71-1e9d-4f52-ae60-ca323c492a11","37f82e71-1e9d-4f52-ae60-ca323c492a11","text/plain","Great, thank you!","SKYWAVE_PHASE_4_5","0ed18391-5d28-46f6-a165-36519ebe153b","","-12.0","13:30:48","","",""
"Output","e26fc834-86d3-43ec-afd4-b88a9226e199","a7f82e71-1e9d-4f52-ae60-ca323c492a11","37f82e71-1e9d-4f52-ae60-ca323c492a11","text/plain","You are welcome. Is there anything else I can help with?","SKYWAVE_PHASE_4_5","bd576d94-27ab-4f98-ac96-f5908243cc76","","-12.0","13:30:52","","",""
"Input","25781291-2519-4da7-a187-3e57255dd6f4","uba91e36-b6e0-4b8e-a148-8cbc3caf3cb6","1ba91e36-b6e0-4b8e-a148-8cbc3caf3cb6","text/plain","Show me my upcoming bookings","SKYWAVE_PHASE_4_5","13b8723c-2e17-468c-a3e5-c461131212c0","","-9.0","11:56:00","","",""
"Output","25781291-2519-4da7-a187-3e57255dd6f4","aba91e36-b6e0-4b8e-a148-8cbc3caf3cb6","1ba91e36-b6e0-4b8e-a148-8cbc3caf3cb6","text/plain","You have one upcoming booking — LH 1927 BER-MUC-SFO, confirmed.","SKYWAVE_PHASE_4_5","951c57b6-96cc-4d28-a2a6-43aa0ac50efd","","-9.0","11:56:02","","",""
"Input","dcf688f1-cb31-4c45-a794-100bb739ec4a","uba91e36-b6e0-4b8e-a148-8cbc3caf3cb6","1ba91e36-b6e0-4b8e-a148-8cbc3caf3cb6","text/plain","Great, thank you!","SKYWAVE_PHASE_4_5","da061c0c-7bca-492d-ab85-71ba7b8c476f","","-9.0","11:56:43","","",""
"Output","dcf688f1-cb31-4c45-a794-100bb739ec4a","aba91e36-b6e0-4b8e-a148-8cbc3caf3cb6","1ba91e36-b6e0-4b8e-a148-8cbc3caf3cb6","text/plain","You are welcome. Is there anything else I can help with?","SKYWAVE_PHASE_4_5","235809d5-99cd-467f-a21f-997f44c6e3db","","-9.0","11:56:46","","",""
"Input","eb974b8e-ee71-4977-af62-158356a8c1d4","uad3ab4d-6a9c-443c-a911-4a564155e427","0ad3ab4d-6a9c-443c-a911-4a564155e427","text/plain","What is my tier status?","SKYWAVE_PHASE_4_5","fa7c7d21-af5f-4078-a0d3-450b0bb0a7fb","","-8.0","14:04:00","","",""
"Output","eb974b8e-ee71-4977-af62-158356a8c1d4","aad3ab4d-6a9c-443c-a911-4a564155e427","0ad3ab4d-6a9c-443c-a911-4a564155e427","text/plain","You are Gold tier with 14,200 qualifying points this year.","SKYWAVE_PHASE_4_5","149a5966-faa9-4ce8-a08d-aa42831d3f5e","","-8.0","14:04:03","","",""
"Input","e91f3f6e-5815-4ac4-a7ed-8122df4cc037","uad3ab4d-6a9c-443c-a911-4a564155e427","0ad3ab4d-6a9c-443c-a911-4a564155e427","text/plain","Great, thank you!","SKYWAVE_PHASE_4_5","bb159b4f-78ea-4380-ade1-0c881297a6de","","-8.0","14:05:10","","",""
"Output","e91f3f6e-5815-4ac4-a7ed-8122df4cc037","aad3ab4d-6a9c-443c-a911-4a564155e427","0ad3ab4d-6a9c-443c-a911-4a564155e427","text/plain","You are welcome. Is there anything else I can help with?","SKYWAVE_PHASE_4_5","842599f0-173b-40fe-a369-0fd8397c6822","","-8.0","14:05:14","","",""
"Input","d503cea8-6210-4155-a43b-14f90901affb","uee8d6f8-e697-4ba4-a9eb-6867b7aca355","2ee8d6f8-e697-4ba4-a9eb-6867b7aca355","text/plain","I want to change my seat to a window seat","SKYWAVE_PHASE_4_5","1bc9e148-8317-4101-afc5-547496c5b0b1","","-9.0","08:37:00","","",""
"Output","d503cea8-6210-4155-a43b-14f90901affb","aee8d6f8-e697-4ba4-a9eb-6867b7aca355","2ee8d6f8-e697-4ba4-a9eb-6867b7aca355","text/plain","Sorry, I am unable to change your seat right now. Please try again later.","SKYWAVE_PHASE_4_5","e16390b1-81e7-49ee-a6a4-654aaec32564","","-9.0","08:37:02","","",""
"Input","220391c2-85a3-4498-a2d4-0adba23df809","uee8d6f8-e697-4ba4-a9eb-6867b7aca355","2ee8d6f8-e697-4ba4-a9eb-6867b7aca355","text/plain","This still is not working, I am frustrated.","SKYWAVE_PHASE_4_5","f194c2cb-7f05-4487-a297-41f9a0796927","","-9.0","08:37:25","","",""
"Output","220391c2-85a3-4498-a2d4-0adba23df809","aee8d6f8-e697-4ba4-a9eb-6867b7aca355","2ee8d6f8-e697-4ba4-a9eb-6867b7aca355","text/plain","I am sorry for the inconvenience. I was unable to resolve this for you.","SKYWAVE_PHASE_4_5","7558bfc7-5b78-4e64-a19e-952099b1802d","","-9.0","08:37:28","","",""
"Input","8be58f77-e6eb-4135-a8e6-859d49046e6b","u2ef76cf-9b64-4e83-ac3c-34973609e041","52ef76cf-9b64-4e83-ac3c-34973609e041","text/plain","I lost my luggage in Munich last week, can you help?","SKYWAVE_PHASE_4_5","e30bdf2d-c6c3-4326-a716-7af8c5e18a10","","-7.0","11:52:00","","",""
"Output","8be58f77-e6eb-4135-a8e6-859d49046e6b","a2ef76cf-9b64-4e83-ac3c-34973609e041","52ef76cf-9b64-4e83-ac3c-34973609e041","text/plain","I have created case 00012345 for your lost luggage. We will contact you within 24 hours.","SKYWAVE_PHASE_4_5","78460c3e-5aeb-4e9f-aa4d-f5987cc1824a","","-7.0","11:52:03","","",""
"Input","5d679afd-57f5-4e34-a0bd-4b66b41e831a","u2ef76cf-9b64-4e83-ac3c-34973609e041","52ef76cf-9b64-4e83-ac3c-34973609e041","text/plain","Great, thank you!","SKYWAVE_PHASE_4_5","6c7f9ab2-105b-4914-abc1-6a2bb3585606","","-7.0","11:53:53","","",""
"Output","5d679afd-57f5-4e34-a0bd-4b66b41e831a","a2ef76cf-9b64-4e83-ac3c-34973609e041","52ef76cf-9b64-4e83-ac3c-34973609e041","text/plain","You are welcome. Is there anything else I can help with?","SKYWAVE_PHASE_4_5","b0644443-8549-40f0-ad93-cb6600045b0f","","-7.0","11:53:56","","",""
"Input","18604809-1e22-441a-aa78-cf3a8bf39b8a","u2ef76cf-9b64-4e83-ac3c-34973609e041","52ef76cf-9b64-4e83-ac3c-34973609e041","text/plain","I want to select seat 1A for my flight","SKYWAVE_PHASE_4_5","6f1111ee-047a-443c-a6f0-62b419cde060","","-7.0","11:57:43","","",""
"Output","18604809-1e22-441a-aa78-cf3a8bf39b8a","a2ef76cf-9b64-4e83-ac3c-34973609e041","52ef76cf-9b64-4e83-ac3c-34973609e041","text/plain","I was unable to retrieve the seat map automatically and could not assign the seat.","SKYWAVE_PHASE_4_5","519954ac-b40a-40b6-a65a-c3d769947f08","","-7.0","11:57:47","","",""
"Input","efab6e86-ede4-4feb-a77e-b1b21d5d9e2c","u2ef76cf-9b64-4e83-ac3c-34973609e041","52ef76cf-9b64-4e83-ac3c-34973609e041","text/plain","This still is not working, I am frustrated.","SKYWAVE_PHASE_4_5","9029cbc4-3df2-4c68-af03-c919fbdaa9c5","","-7.0","11:58:30","","",""
"Output","efab6e86-ede4-4feb-a77e-b1b21d5d9e2c","a2ef76cf-9b64-4e83-ac3c-34973609e041","52ef76cf-9b64-4e83-ac3c-34973609e041","text/plain","I am sorry for the inconvenience. I was unable to resolve this for you.","SKYWAVE_PHASE_4_5","421b8835-6a34-43f8-a506-b7a1aaa06db5","","-7.0","11:58:32","","",""
"Input","ca6e799c-6271-4001-aaaf-cc52f42a4881","u0d46ac0-aaa6-48eb-aec6-6c387069ea41","80d46ac0-aaa6-48eb-aec6-6c387069ea41","text/plain","How many miles do I have?","SKYWAVE_PHASE_4_5","28df97d4-725d-4a69-a789-8045473d401b","","-11.0","18:11:00","","",""
"Output","ca6e799c-6271-4001-aaaf-cc52f42a4881","a0d46ac0-aaa6-48eb-aec6-6c387069ea41","80d46ac0-aaa6-48eb-aec6-6c387069ea41","text/plain","You currently have 18,450 SkyWave miles. You are at Premier tier.","SKYWAVE_PHASE_4_5","d2628fe4-f0ad-4c02-ae1c-4a1f957ad4ed","","-11.0","18:11:02","","",""
"Input","5c90b84c-0eea-4f81-a8c8-e043bb41991c","u0d46ac0-aaa6-48eb-aec6-6c387069ea41","80d46ac0-aaa6-48eb-aec6-6c387069ea41","text/plain","Great, thank you!","SKYWAVE_PHASE_4_5","b2d47d77-5565-48cb-af2c-a6f5b1f9075b","","-11.0","18:11:21","","",""
"Output","5c90b84c-0eea-4f81-a8c8-e043bb41991c","a0d46ac0-aaa6-48eb-aec6-6c387069ea41","80d46ac0-aaa6-48eb-aec6-6c387069ea41","text/plain","You are welcome. Is there anything else I can help with?","SKYWAVE_PHASE_4_5","2479c576-3884-4d08-ad0f-7d8f13a9c485","","-11.0","18:11:24","","",""
"Input","a6e750ee-c1ab-48a8-a081-5d69cdf084df","u0d46ac0-aaa6-48eb-aec6-6c387069ea41","80d46ac0-aaa6-48eb-aec6-6c387069ea41","text/plain","Cancel my booking ABC123","SKYWAVE_PHASE_4_5","750a5cf9-6de8-4d7b-a764-b935d14d7fbc","","-11.0","18:12:09","","",""
"Output","a6e750ee-c1ab-48a8-a081-5d69cdf084df","a0d46ac0-aaa6-48eb-aec6-6c387069ea41","80d46ac0-aaa6-48eb-aec6-6c387069ea41","text/plain","I have cancelled booking ABC123. A refund of $480 will be issued.","SKYWAVE_PHASE_4_5","a89edd56-05b5-486a-ac33-e9f5481b92e2","","-11.0","18:12:13","","",""
"Input","c9b66b9e-4230-47f1-aac5-c8720dda081a","u0d46ac0-aaa6-48eb-aec6-6c387069ea41","80d46ac0-aaa6-48eb-aec6-6c387069ea41","text/plain","Great, thank you!","SKYWAVE_PHASE_4_5","9ba2e660-6cab-4809-ab6f-acc58ccb659d","","-11.0","18:13:02","","",""
"Output","c9b66b9e-4230-47f1-aac5-c8720dda081a","a0d46ac0-aaa6-48eb-aec6-6c387069ea41","80d46ac0-aaa6-48eb-aec6-6c387069ea41","text/plain","You are welcome. Is there anything else I can help with?","SKYWAVE_PHASE_4_5","07c9a012-4346-4c6b-ad2e-74f2c8b28446","","-11.0","18:13:06","","",""
"Input","3ba8e866-6814-4228-a513-ecd80446d548","u0d46ac0-aaa6-48eb-aec6-6c387069ea41","80d46ac0-aaa6-48eb-aec6-6c387069ea41","text/plain","Show me my upcoming bookings","SKYWAVE_PHASE_4_5","e92f31c6-e2bd-4b62-ad2b-c19f0ef81b02","","-11.0","18:13:21","","",""
"Output","3ba8e866-6814-4228-a513-ecd80446d548","a0d46ac0-aaa6-48eb-aec6-6c387069ea41","80d46ac0-aaa6-48eb-aec6-6c387069ea41","text/plain","You have one upcoming booking — LH 1927 BER-MUC-SFO, confirmed.","SKYWAVE_PHASE_4_5","d4a146de-b9f2-47d2-aa98-96cb09e5fd47","","-11.0","18:13:23","","",""
"Input","289f8a43-0d50-4484-ac0e-8413ef140584","u0d46ac0-aaa6-48eb-aec6-6c387069ea41","80d46ac0-aaa6-48eb-aec6-6c387069ea41","text/plain","Great, thank you!","SKYWAVE_PHASE_4_5","9be79923-2bd1-4dfb-aadf-a29647d869f3","","-11.0","18:14:13","","",""
"Output","289f8a43-0d50-4484-ac0e-8413ef140584","a0d46ac0-aaa6-48eb-aec6-6c387069ea41","80d46ac0-aaa6-48eb-aec6-6c387069ea41","text/plain","You are welcome. Is there anything else I can help with?","SKYWAVE_PHASE_4_5","9e9047a6-10c5-4087-af7c-fe033affaa60","","-11.0","18:14:15","","",""
"Input","8b08d42e-0b89-462b-a7e0-b20904b6edcc","uc0c02d3-d69a-419b-affe-d36f75d70d66","5c0c02d3-d69a-419b-affe-d36f75d70d66","text/plain","I want to change my seat to a window seat","SKYWAVE_PHASE_4_5","c7250e7b-b802-4845-ae47-28ac889e9322","","-9.0","18:04:00","","",""
"Output","8b08d42e-0b89-462b-a7e0-b20904b6edcc","ac0c02d3-d69a-419b-affe-d36f75d70d66","5c0c02d3-d69a-419b-affe-d36f75d70d66","text/plain","Sorry, I am unable to change your seat right now. Please try again later.","SKYWAVE_PHASE_4_5","6b82e00a-a724-46a0-a28b-13ef868086a4","","-9.0","18:04:04","","",""
"Input","14b67e13-aef7-4c16-a24e-876bec47f6d3","uc0c02d3-d69a-419b-affe-d36f75d70d66","5c0c02d3-d69a-419b-affe-d36f75d70d66","text/plain","This still is not working, I am frustrated.","SKYWAVE_PHASE_4_5","e1537a74-bb1a-41ef-a418-8cd7080c7f96","","-9.0","18:05:17","","",""
"Output","14b67e13-aef7-4c16-a24e-876bec47f6d3","ac0c02d3-d69a-419b-affe-d36f75d70d66","5c0c02d3-d69a-419b-affe-d36f75d70d66","text/plain","I am sorry for the inconvenience. I was unable to resolve this for you.","SKYWAVE_PHASE_4_5","9c4dd714-e65b-4923-abc3-0e712515d135","","-9.0","18:05:19","","",""
"Input","ecdc1351-1197-41f0-a9d3-4f3e3aca6492","u514ee2d-0b96-4485-a7ac-f724f4422ca4","2514ee2d-0b96-4485-a7ac-f724f4422ca4","text/plain","I want to change my seat to a window seat","SKYWAVE_PHASE_4_5","f091e402-0605-452e-a73d-4c28b45724c5","","-9.0","16:15:00","","",""
"Output","ecdc1351-1197-41f0-a9d3-4f3e3aca6492","a514ee2d-0b96-4485-a7ac-f724f4422ca4","2514ee2d-0b96-4485-a7ac-f724f4422ca4","text/plain","Sorry, I am unable to change your seat right now. Please try again later.","SKYWAVE_PHASE_4_5","69f06941-9b47-4481-adfc-518cbee3e361","","-9.0","16:15:04","","",""
"Input","8808ff32-2655-4e88-aa40-184afa790ed7","u514ee2d-0b96-4485-a7ac-f724f4422ca4","2514ee2d-0b96-4485-a7ac-f724f4422ca4","text/plain","This still is not working, I am frustrated.","SKYWAVE_PHASE_4_5","826c0d08-c54d-4999-a826-b69954e6969b","","-9.0","16:15:28","","",""
"Output","8808ff32-2655-4e88-aa40-184afa790ed7","a514ee2d-0b96-4485-a7ac-f724f4422ca4","2514ee2d-0b96-4485-a7ac-f724f4422ca4","text/plain","I am sorry for the inconvenience. I was unable to resolve this for you.","SKYWAVE_PHASE_4_5","f6bbd21a-21b9-4136-a6ff-7104fd34dd67","","-9.0","16:15:30","","",""
"Input","3a347452-c802-45e6-a61f-cc60595b08f9","u1503140-8e83-48df-a426-259e5e830964","01503140-8e83-48df-a426-259e5e830964","text/plain","How many miles do I have?","SKYWAVE_PHASE_4_5","11e3e1f7-73e8-4a68-aa11-4e977dcfbbb3","","-13.0","14:27:00","","",""
"Output","3a347452-c802-45e6-a61f-cc60595b08f9","a1503140-8e83-48df-a426-259e5e830964","01503140-8e83-48df-a426-259e5e830964","text/plain","You currently have 18,450 SkyWave miles. You are at Premier tier.","SKYWAVE_PHASE_4_5","cc3f0445-b891-4479-a6f1-25ae6fa330a8","","-13.0","14:27:02","","",""
"Input","05e7b901-f820-4cf2-ab16-6df7df918b2d","u1503140-8e83-48df-a426-259e5e830964","01503140-8e83-48df-a426-259e5e830964","text/plain","Great, thank you!","SKYWAVE_PHASE_4_5","f4ea266e-4bac-4288-aa7d-fc060869f4b9","","-13.0","14:28:04","","",""
"Output","05e7b901-f820-4cf2-ab16-6df7df918b2d","a1503140-8e83-48df-a426-259e5e830964","01503140-8e83-48df-a426-259e5e830964","text/plain","You are welcome. Is there anything else I can help with?","SKYWAVE_PHASE_4_5","172f2063-936d-497d-a552-8c612891b512","","-13.0","14:28:07","","",""
"Input","1220a3a8-36ca-4538-a8de-0f572e58b5dc","u719f19b-ffa7-46b0-a389-b18a9f84d158","d719f19b-ffa7-46b0-a389-b18a9f84d158","text/plain","I want to change my seat to a window seat","SKYWAVE_PHASE_4_5","bb9bb763-f574-41be-ad16-acfef532a1e5","","-10.0","19:45:00","","",""
"Output","1220a3a8-36ca-4538-a8de-0f572e58b5dc","a719f19b-ffa7-46b0-a389-b18a9f84d158","d719f19b-ffa7-46b0-a389-b18a9f84d158","text/plain","Sorry, I am unable to change your seat right now. Please try again later.","SKYWAVE_PHASE_4_5","5dd90d02-c0e7-43de-a9fe-33a95635ffb6","","-10.0","19:45:04","","",""
"Input","4c3319d2-5558-45bb-a9d9-815de523966a","u719f19b-ffa7-46b0-a389-b18a9f84d158","d719f19b-ffa7-46b0-a389-b18a9f84d158","text/plain","This still is not working, I am frustrated.","SKYWAVE_PHASE_4_5","3a862cd0-2dc9-47fc-a6a9-b82f2f1f7522","","-10.0","19:45:30","","",""
"Output","4c3319d2-5558-45bb-a9d9-815de523966a","a719f19b-ffa7-46b0-a389-b18a9f84d158","d719f19b-ffa7-46b0-a389-b18a9f84d158","text/plain","I am sorry for the inconvenience. I was unable to resolve this for you.","SKYWAVE_PHASE_4_5","26f18bf9-8ebb-4eea-aecd-df7f8e285a8e","","-10.0","19:45:32","","",""
"Input","75ba72d3-4c8a-446c-aec4-ecf7a228b48b","uf476107-5f7f-44be-aa97-30fc96a32b69","9f476107-5f7f-44be-aa97-30fc96a32b69","text/plain","I lost my luggage in Munich last week, can you help?","SKYWAVE_PHASE_4_5","2d0082e8-0b81-469b-a78b-1dc0d8e0ba8b","","-14.0","17:05:00","","",""
"Output","75ba72d3-4c8a-446c-aec4-ecf7a228b48b","af476107-5f7f-44be-aa97-30fc96a32b69","9f476107-5f7f-44be-aa97-30fc96a32b69","text/plain","I have created case 00012345 for your lost luggage. We will contact you within 24 hours.","SKYWAVE_PHASE_4_5","b6087f26-62f6-46c2-a816-09a558ebcf37","","-14.0","17:05:02","","",""
"Input","e6167125-6115-4b81-a02e-5031739ca0f9","uf476107-5f7f-44be-aa97-30fc96a32b69","9f476107-5f7f-44be-aa97-30fc96a32b69","text/plain","Okay.","SKYWAVE_PHASE_4_5","f2c9737b-97b5-4dae-a061-d5af9c18914f","","-14.0","17:05:59","","",""
"Output","e6167125-6115-4b81-a02e-5031739ca0f9","af476107-5f7f-44be-aa97-30fc96a32b69","9f476107-5f7f-44be-aa97-30fc96a32b69","text/plain","Understood. Anything else I can help with?","SKYWAVE_PHASE_4_5","56ccbfe6-8e38-425a-a9f8-9808877d895c","","-14.0","17:06:03","","",""
"Input","478d3d56-c8f3-4d62-ac6c-39511cbbd701","u6000969-6700-4b57-a58c-afe56cc954c4","b6000969-6700-4b57-a58c-afe56cc954c4","text/plain","Find flights from JFK to HND tomorrow","SKYWAVE_PHASE_4_5","eeeea665-0cd4-4d69-a8a3-31f684035e83","","-7.0","18:03:00","","",""
"Output","478d3d56-c8f3-4d62-ac6c-39511cbbd701","a6000969-6700-4b57-a58c-afe56cc954c4","b6000969-6700-4b57-a58c-afe56cc954c4","text/plain","I found 4 flights for that route. The cheapest is SW1200 at 1pm for $1,280.","SKYWAVE_PHASE_4_5","b94e1d0e-bb4b-44f4-af64-b37d2253b6c8","","-7.0","18:03:02","","",""
"Input","fed412ec-a8d6-416d-a329-bda9f900fea6","u6000969-6700-4b57-a58c-afe56cc954c4","b6000969-6700-4b57-a58c-afe56cc954c4","text/plain","Great, thank you!","SKYWAVE_PHASE_4_5","86b1594e-3b32-4451-aeba-441c88b01b5c","","-7.0","18:04:10","","",""
"Output","fed412ec-a8d6-416d-a329-bda9f900fea6","a6000969-6700-4b57-a58c-afe56cc954c4","b6000969-6700-4b57-a58c-afe56cc954c4","text/plain","You are welcome. Is there anything else I can help with?","SKYWAVE_PHASE_4_5","58f846a6-ff11-42f7-aafb-af41b56d1c7f","","-7.0","18:04:14","","",""
"Input","ae4b38bc-5f12-4a07-af25-d473da5a592f","u0725cc8-9d74-4aab-a2f2-3fe1fa877d2d","a0725cc8-9d74-4aab-a2f2-3fe1fa877d2d","text/plain","Can I move from 23B to an aisle seat?","SKYWAVE_PHASE_4_5","f8cf106c-c2d9-4a6e-a0b7-ae90880e51f9","","-3.0","13:07:00","","",""
"Output","ae4b38bc-5f12-4a07-af25-d473da5a592f","a0725cc8-9d74-4aab-a2f2-3fe1fa877d2d","a0725cc8-9d74-4aab-a2f2-3fe1fa877d2d","text/plain","I could not update your seat assignment. Please contact a service agent.","SKYWAVE_PHASE_4_5","32ac9840-2d60-49cc-a539-fa142b696fa2","","-3.0","13:07:04","","",""
"Input","43f426b1-2946-473f-af3a-0412e04d6309","u0725cc8-9d74-4aab-a2f2-3fe1fa877d2d","a0725cc8-9d74-4aab-a2f2-3fe1fa877d2d","text/plain","This still is not working, I am frustrated.","SKYWAVE_PHASE_4_5","dd49e940-9e72-4999-a674-fa689f4b9ead","","-3.0","13:07:31","","",""
"Output","43f426b1-2946-473f-af3a-0412e04d6309","a0725cc8-9d74-4aab-a2f2-3fe1fa877d2d","a0725cc8-9d74-4aab-a2f2-3fe1fa877d2d","text/plain","I am sorry for the inconvenience. I was unable to resolve this for you.","SKYWAVE_PHASE_4_5","f8beaca6-8691-4fd1-a19c-49704350d287","","-3.0","13:07:34","","",""
"Input","7a717685-98cf-4ae3-aa24-bd4318b2df12","u7dd2938-ac52-4915-aa25-f652dd68696d","57dd2938-ac52-4915-aa25-f652dd68696d","text/plain","I want to select seat 1A for my flight","SKYWAVE_PHASE_4_5","92f756a1-3dec-4133-a114-a17d10361119","","-1.0","17:46:00","","",""
"Output","7a717685-98cf-4ae3-aa24-bd4318b2df12","a7dd2938-ac52-4915-aa25-f652dd68696d","57dd2938-ac52-4915-aa25-f652dd68696d","text/plain","I was unable to retrieve the seat map automatically and could not assign the seat.","SKYWAVE_PHASE_4_5","25df479f-3688-4e66-ab7e-46f30b4d1ad9","","-1.0","17:46:04","","",""
"Input","f24e59de-ba87-4171-a2ea-16983f336052","u7dd2938-ac52-4915-aa25-f652dd68696d","57dd2938-ac52-4915-aa25-f652dd68696d","text/plain","This still is not working, I am frustrated.","SKYWAVE_PHASE_4_5","ab662db3-b2af-4a04-a6e2-00427732de1d","","-1.0","17:48:20","","",""
"Output","f24e59de-ba87-4171-a2ea-16983f336052","a7dd2938-ac52-4915-aa25-f652dd68696d","57dd2938-ac52-4915-aa25-f652dd68696d","text/plain","I am sorry for the inconvenience. I was unable to resolve this for you.","SKYWAVE_PHASE_4_5","cff7a14f-550a-4e91-a9b8-b0cc2c51861d","","-1.0","17:48:23","","",""
"Input","dc3abef5-104b-4e0b-a474-38480cfdad6b","u7dd2938-ac52-4915-aa25-f652dd68696d","57dd2938-ac52-4915-aa25-f652dd68696d","text/plain","I lost my luggage in Munich last week, can you help?","SKYWAVE_PHASE_4_5","f3040f24-bb6e-4939-aa4c-b8dd183e474b","","-1.0","17:49:55","","",""
"Output","dc3abef5-104b-4e0b-a474-38480cfdad6b","a7dd2938-ac52-4915-aa25-f652dd68696d","57dd2938-ac52-4915-aa25-f652dd68696d","text/plain","I have created case 00012345 for your lost luggage. We will contact you within 24 hours.","SKYWAVE_PHASE_4_5","4c3beba9-00e5-4bca-acc3-df6ed07bac17","","-1.0","17:49:57","","",""
"Input","65e832ab-96d3-42e6-a7e1-32e72d27bb33","u7dd2938-ac52-4915-aa25-f652dd68696d","57dd2938-ac52-4915-aa25-f652dd68696d","text/plain","Great, thank you!","SKYWAVE_PHASE_4_5","dc481aba-0fc0-42de-af6f-61104624edbe","","-1.0","17:50:33","","",""
"Output","65e832ab-96d3-42e6-a7e1-32e72d27bb33","a7dd2938-ac52-4915-aa25-f652dd68696d","57dd2938-ac52-4915-aa25-f652dd68696d","text/plain","You are welcome. Is there anything else I can help with?","SKYWAVE_PHASE_4_5","8d12ee2f-cd4f-4c10-a927-07c37f8fc3fc","","-1.0","17:50:36","","",""
"Input","8d6a5e42-ff90-4ee9-a2c4-febb46be8a37","u6b8065c-b509-4f73-a264-d935fc77d6b1","c6b8065c-b509-4f73-a264-d935fc77d6b1","text/plain","My in-flight wifi did not work, I want a refund","SKYWAVE_PHASE_4_5","0ec9d568-5726-4f89-aeb6-4aa546953a2c","","-11.0","17:10:00","","",""
"Output","8d6a5e42-ff90-4ee9-a2c4-febb46be8a37","a6b8065c-b509-4f73-a264-d935fc77d6b1","c6b8065c-b509-4f73-a264-d935fc77d6b1","text/plain","I have logged your complaint as case 00012346. A refund will be processed.","SKYWAVE_PHASE_4_5","fa55f0ce-ef84-46d0-afb8-7fbd007528e8","","-11.0","17:10:03","","",""
"Input","d78b609f-c458-4824-aabf-7ed14009538d","u6b8065c-b509-4f73-a264-d935fc77d6b1","c6b8065c-b509-4f73-a264-d935fc77d6b1","text/plain","Great, thank you!","SKYWAVE_PHASE_4_5","a6a43724-8bf7-4298-ab15-97749a8b7ea5","","-11.0","17:14:52","","",""
"Output","d78b609f-c458-4824-aabf-7ed14009538d","a6b8065c-b509-4f73-a264-d935fc77d6b1","c6b8065c-b509-4f73-a264-d935fc77d6b1","text/plain","You are welcome. Is there anything else I can help with?","SKYWAVE_PHASE_4_5","517ed212-7633-4158-af6c-706846894ba5","","-11.0","17:14:56","","",""
"Input","65d8a70e-f0b0-47cc-aa77-2f95a610b9cb","u6b8065c-b509-4f73-a264-d935fc77d6b1","c6b8065c-b509-4f73-a264-d935fc77d6b1","text/plain","I want to change my seat to a window seat","SKYWAVE_PHASE_4_5","010267d7-aa3e-49e6-a862-837c5b0586b9","","-11.0","17:19:16","","",""
"Output","65d8a70e-f0b0-47cc-aa77-2f95a610b9cb","a6b8065c-b509-4f73-a264-d935fc77d6b1","c6b8065c-b509-4f73-a264-d935fc77d6b1","text/plain","Sorry, I am unable to change your seat right now. Please try again later.","SKYWAVE_PHASE_4_5","a356381c-4011-443b-a620-ff2dd37cdab5","","-11.0","17:19:19","","",""
"Input","e77a5e2f-7a4a-4651-ad81-e112ac8b715e","u6b8065c-b509-4f73-a264-d935fc77d6b1","c6b8065c-b509-4f73-a264-d935fc77d6b1","text/plain","This still is not working, I am frustrated.","SKYWAVE_PHASE_4_5","ceb6ccf1-cb8d-47d4-a6d3-357561f391d9","","-11.0","17:21:50","","",""
"Output","e77a5e2f-7a4a-4651-ad81-e112ac8b715e","a6b8065c-b509-4f73-a264-d935fc77d6b1","c6b8065c-b509-4f73-a264-d935fc77d6b1","text/plain","I am sorry for the inconvenience. I was unable to resolve this for you.","SKYWAVE_PHASE_4_5","a8b49d80-43a4-4a27-a9c0-d5d5f68892fa","","-11.0","17:21:52","","",""
"Input","2773347a-629a-4fa2-ad6c-9a69077d4662","u2beadfa-8d25-49a4-ae19-2856b2fa2e3e","82beadfa-8d25-49a4-ae19-2856b2fa2e3e","text/plain","My in-flight wifi did not work, I want a refund","SKYWAVE_PHASE_4_5","ebc04ded-27e7-4d12-a5f9-dff04c3985d0","","-2.0","11:11:00","","",""
"Output","2773347a-629a-4fa2-ad6c-9a69077d4662","a2beadfa-8d25-49a4-ae19-2856b2fa2e3e","82beadfa-8d25-49a4-ae19-2856b2fa2e3e","text/plain","I have logged your complaint as case 00012346. A refund will be processed.","SKYWAVE_PHASE_4_5","e742a623-7c89-488d-aeb4-22e471a19c06","","-2.0","11:11:02","","",""
"Input","536f75a0-5419-45e2-a26d-4028e852f8b1","u2beadfa-8d25-49a4-ae19-2856b2fa2e3e","82beadfa-8d25-49a4-ae19-2856b2fa2e3e","text/plain","Okay.","SKYWAVE_PHASE_4_5","2ba05553-09b6-4bd6-a4b8-555510fd6cfa","","-2.0","11:11:39","","",""
"Output","536f75a0-5419-45e2-a26d-4028e852f8b1","a2beadfa-8d25-49a4-ae19-2856b2fa2e3e","82beadfa-8d25-49a4-ae19-2856b2fa2e3e","text/plain","Understood. Anything else I can help with?","SKYWAVE_PHASE_4_5","3dc2f365-4bb9-4b1c-a0b7-c91b4aea3d59","","-2.0","11:11:43","","",""
"Input","326dcc7a-6451-4594-ad89-f87c63d0410c","u229b75f-9032-4119-a974-e0c97b7a44bf","9229b75f-9032-4119-a974-e0c97b7a44bf","text/plain","Cancel my booking ABC123","SKYWAVE_PHASE_4_5","e69c3a23-6ba7-41e5-a683-90df022a7ac7","","-10.0","15:39:00","","",""
"Output","326dcc7a-6451-4594-ad89-f87c63d0410c","a229b75f-9032-4119-a974-e0c97b7a44bf","9229b75f-9032-4119-a974-e0c97b7a44bf","text/plain","I have cancelled booking ABC123. A refund of $480 will be issued.","SKYWAVE_PHASE_4_5","d061ebc0-bf11-461e-a6f1-2f590c720a42","","-10.0","15:39:03","","",""
"Input","b9c9714d-6a42-4e6f-a0da-c8a6a996958b","u229b75f-9032-4119-a974-e0c97b7a44bf","9229b75f-9032-4119-a974-e0c97b7a44bf","text/plain","Great, thank you!","SKYWAVE_PHASE_4_5","3a28a284-21e8-4180-a5df-523b61764da1","","-10.0","15:41:47","","",""
"Output","b9c9714d-6a42-4e6f-a0da-c8a6a996958b","a229b75f-9032-4119-a974-e0c97b7a44bf","9229b75f-9032-4119-a974-e0c97b7a44bf","text/plain","You are welcome. Is there anything else I can help with?","SKYWAVE_PHASE_4_5","a3825995-4b03-4846-a7ce-5c529b7c062b","","-10.0","15:41:49","","",""
"Input","766f0fa9-7948-4086-aa66-9622b88b2aea","u8935efc-659c-4d01-a4de-da0d2f7832c0","48935efc-659c-4d01-a4de-da0d2f7832c0","text/plain","My in-flight wifi did not work, I want a refund","SKYWAVE_PHASE_4_5","ba0f0f3e-ee8f-408d-a1ed-f121956acc27","","-11.0","16:17:00","","",""
"Output","766f0fa9-7948-4086-aa66-9622b88b2aea","a8935efc-659c-4d01-a4de-da0d2f7832c0","48935efc-659c-4d01-a4de-da0d2f7832c0","text/plain","I have logged your complaint as case 00012346. A refund will be processed.","SKYWAVE_PHASE_4_5","7d05ff9b-5cb4-47f6-a619-5cc7d5ef079a","","-11.0","16:17:04","","",""
"Input","5f0c5f0e-c72f-4e59-aa43-5ef860cf6379","u8935efc-659c-4d01-a4de-da0d2f7832c0","48935efc-659c-4d01-a4de-da0d2f7832c0","text/plain","Okay.","SKYWAVE_PHASE_4_5","95d2d39b-f5fa-4875-a4e0-b8f0169aff3b","","-11.0","16:19:37","","",""
"Output","5f0c5f0e-c72f-4e59-aa43-5ef860cf6379","a8935efc-659c-4d01-a4de-da0d2f7832c0","48935efc-659c-4d01-a4de-da0d2f7832c0","text/plain","Understood. Anything else I can help with?","SKYWAVE_PHASE_4_5","346e5259-596d-45b4-a392-6fe50902c29e","","-11.0","16:19:39","","",""
"Input","456de40b-fa0f-4560-adbd-2cf5e4390f75","u8935efc-659c-4d01-a4de-da0d2f7832c0","48935efc-659c-4d01-a4de-da0d2f7832c0","text/plain","What is my tier status?","SKYWAVE_PHASE_4_5","ecfddd36-163c-4993-a379-eaef4ac6ec82","","-11.0","16:20:51","","",""
"Output","456de40b-fa0f-4560-adbd-2cf5e4390f75","a8935efc-659c-4d01-a4de-da0d2f7832c0","48935efc-659c-4d01-a4de-da0d2f7832c0","text/plain","You are Gold tier with 14,200 qualifying points this year.","SKYWAVE_PHASE_4_5","5cf40a4f-84d1-4176-a3bf-3ae2b43986f7","","-11.0","16:20:55","","",""
"Input","77e4771e-08fb-4c63-a227-f92cc2901b2e","u8935efc-659c-4d01-a4de-da0d2f7832c0","48935efc-659c-4d01-a4de-da0d2f7832c0","text/plain","Great, thank you!","SKYWAVE_PHASE_4_5","a7ec500e-270f-451d-ae8b-8962c088f9f3","","-11.0","16:21:45","","",""
"Output","77e4771e-08fb-4c63-a227-f92cc2901b2e","a8935efc-659c-4d01-a4de-da0d2f7832c0","48935efc-659c-4d01-a4de-da0d2f7832c0","text/plain","You are welcome. Is there anything else I can help with?","SKYWAVE_PHASE_4_5","3cc7cd50-aa81-48cc-aa0c-cfbae158f8c7","","-11.0","16:21:47","","",""
"Input","828604da-73af-493e-a0af-30cc16b165aa","ue973c68-244d-418a-a220-222009a7b764","9e973c68-244d-418a-a220-222009a7b764","text/plain","My first name is misspelled on my ticket","SKYWAVE_PHASE_4_5","aaae9874-3f55-42bd-a4d4-89faec88f255","","-5.0","11:53:00","","",""
"Output","828604da-73af-493e-a0af-30cc16b165aa","ae973c68-244d-418a-a220-222009a7b764","9e973c68-244d-418a-a220-222009a7b764","text/plain","I have corrected the spelling on your ticket. Please review the updated itinerary.","SKYWAVE_PHASE_4_5","0ef57c4b-902d-4ccc-ad32-ecf0d656da21","","-5.0","11:53:04","","",""
"Input","8911184c-f368-4116-a997-289a58c7d50b","ue973c68-244d-418a-a220-222009a7b764","9e973c68-244d-418a-a220-222009a7b764","text/plain","Great, thank you!","SKYWAVE_PHASE_4_5","41d7e7ab-12b9-498a-acd1-18a07090b50c","","-5.0","11:53:56","","",""
"Output","8911184c-f368-4116-a997-289a58c7d50b","ae973c68-244d-418a-a220-222009a7b764","9e973c68-244d-418a-a220-222009a7b764","text/plain","You are welcome. Is there anything else I can help with?","SKYWAVE_PHASE_4_5","6f41322b-aa45-4b45-a58b-d736439eddd7","","-5.0","11:53:59","","",""
"Input","3f719d5d-cbad-42ed-a304-23df6d3083eb","ue973c68-244d-418a-a220-222009a7b764","9e973c68-244d-418a-a220-222009a7b764","text/plain","Can I move from 23B to an aisle seat?","SKYWAVE_PHASE_4_5","bc3e0b0d-22fe-4318-abf7-84b8441e906f","","-5.0","11:54:35","","",""
"Output","3f719d5d-cbad-42ed-a304-23df6d3083eb","ae973c68-244d-418a-a220-222009a7b764","9e973c68-244d-418a-a220-222009a7b764","text/plain","I could not update your seat assignment. Please contact a service agent.","SKYWAVE_PHASE_4_5","abd93cc9-24db-409c-a02c-003cf892fdda","","-5.0","11:54:38","","",""
"Input","6cf83a17-b13e-430f-a589-8ff9f23313fd","ue973c68-244d-418a-a220-222009a7b764","9e973c68-244d-418a-a220-222009a7b764","text/plain","This still is not working, I am frustrated.","SKYWAVE_PHASE_4_5","ccad5498-6222-4ea7-a0c3-b542acbca168","","-5.0","11:54:54","","",""
"Output","6cf83a17-b13e-430f-a589-8ff9f23313fd","ae973c68-244d-418a-a220-222009a7b764","9e973c68-244d-418a-a220-222009a7b764","text/plain","I am sorry for the inconvenience. I was unable to resolve this for you.","SKYWAVE_PHASE_4_5","8179f958-9847-4951-ae93-e27ad091e4f9","","-5.0","11:54:57","","",""
"Input","b5d519df-4a93-40fa-af3a-5098f9e3c529","u139d101-f681-4663-ab9b-b8c974f233f5","4139d101-f681-4663-ab9b-b8c974f233f5","text/plain","What is my tier status?","SKYWAVE_PHASE_4_5","350855e0-037a-4b9b-aefb-baf72bfe75d4","","-3.0","14:10:00","","",""
"Output","b5d519df-4a93-40fa-af3a-5098f9e3c529","a139d101-f681-4663-ab9b-b8c974f233f5","4139d101-f681-4663-ab9b-b8c974f233f5","text/plain","You are Gold tier with 14,200 qualifying points this year.","SKYWAVE_PHASE_4_5","0c45a495-6518-4e1a-a402-f97015882f91","","-3.0","14:10:03","","",""
"Input","ca03d4ea-ba4b-4d90-aeb2-11cb4147894f","u139d101-f681-4663-ab9b-b8c974f233f5","4139d101-f681-4663-ab9b-b8c974f233f5","text/plain","Great, thank you!","SKYWAVE_PHASE_4_5","fe5cb1a0-160c-4760-abc3-fcee3a8afa02","","-3.0","14:10:45","","",""
"Output","ca03d4ea-ba4b-4d90-aeb2-11cb4147894f","a139d101-f681-4663-ab9b-b8c974f233f5","4139d101-f681-4663-ab9b-b8c974f233f5","text/plain","You are welcome. Is there anything else I can help with?","SKYWAVE_PHASE_4_5","a6f94657-8f08-46ee-a9e3-3c4293f80ea1","","-3.0","14:10:47","","",""
"Input","5ee37c70-32c4-4ed6-a968-668e709db716","ud756d81-3981-43a2-a023-c18563be47f5","3d756d81-3981-43a2-a023-c18563be47f5","text/plain","Find flights from JFK to HND tomorrow","SKYWAVE_PHASE_4_5","93b5a31c-396f-47d6-afa2-2a24103b227f","","-7.0","10:51:00","","",""
"Output","5ee37c70-32c4-4ed6-a968-668e709db716","ad756d81-3981-43a2-a023-c18563be47f5","3d756d81-3981-43a2-a023-c18563be47f5","text/plain","I found 4 flights for that route. The cheapest is SW1200 at 1pm for $1,280.","SKYWAVE_PHASE_4_5","5d8a4efb-b8a5-4039-a52a-1eef284beb74","","-7.0","10:51:04","","",""
"Input","4231b882-d3f6-4f25-a585-efb02d6ee5a5","ud756d81-3981-43a2-a023-c18563be47f5","3d756d81-3981-43a2-a023-c18563be47f5","text/plain","Great, thank you!","SKYWAVE_PHASE_4_5","9a865841-ba15-4e60-a548-952dc7d4859e","","-7.0","10:52:16","","",""
"Output","4231b882-d3f6-4f25-a585-efb02d6ee5a5","ad756d81-3981-43a2-a023-c18563be47f5","3d756d81-3981-43a2-a023-c18563be47f5","text/plain","You are welcome. Is there anything else I can help with?","SKYWAVE_PHASE_4_5","59a0b96c-01c7-4ad4-a220-9501886d13f6","","-7.0","10:52:20","","",""
"Input","55924bb0-81ef-42cb-ac4d-7d350b60e636","ud756d81-3981-43a2-a023-c18563be47f5","3d756d81-3981-43a2-a023-c18563be47f5","text/plain","Find flights from JFK to HND tomorrow","SKYWAVE_PHASE_4_5","9982a22e-c846-45af-ab0f-166025c2df1a","","-7.0","10:53:01","","",""
"Output","55924bb0-81ef-42cb-ac4d-7d350b60e636","ad756d81-3981-43a2-a023-c18563be47f5","3d756d81-3981-43a2-a023-c18563be47f5","text/plain","I found 4 flights for that route. The cheapest is SW1200 at 1pm for $1,280.","SKYWAVE_PHASE_4_5","7fb69cf9-bde0-4a79-a417-e10caeda47ab","","-7.0","10:53:05","","",""
"Input","23c38084-8c3e-4526-a982-8c364aa2292e","ud756d81-3981-43a2-a023-c18563be47f5","3d756d81-3981-43a2-a023-c18563be47f5","text/plain","Great, thank you!","SKYWAVE_PHASE_4_5","5e964474-f3f5-40e7-af36-a33ab84ad0b2","","-7.0","10:57:38","","",""
"Output","23c38084-8c3e-4526-a982-8c364aa2292e","ad756d81-3981-43a2-a023-c18563be47f5","3d756d81-3981-43a2-a023-c18563be47f5","text/plain","You are welcome. Is there anything else I can help with?","SKYWAVE_PHASE_4_5","2f371d10-bcd3-4b11-a4e3-5beaee58b4e6","","-7.0","10:57:41","","",""
"Input","37b6336c-67a3-4b4d-ad36-431aa4968fd5","uf4ba379-485d-41ec-a244-2a85c40e138b","0f4ba379-485d-41ec-a244-2a85c40e138b","text/plain","I want to select seat 1A for my flight","SKYWAVE_PHASE_4_5","498b142c-9ef5-4dc6-a34f-69b080313691","","-14.0","15:48:00","","",""
"Output","37b6336c-67a3-4b4d-ad36-431aa4968fd5","af4ba379-485d-41ec-a244-2a85c40e138b","0f4ba379-485d-41ec-a244-2a85c40e138b","text/plain","I was unable to retrieve the seat map automatically and could not assign the seat.","SKYWAVE_PHASE_4_5","ca95f5a4-7416-4aa2-a103-794366bf3b8c","","-14.0","15:48:02","","",""
"Input","178bd623-ae0f-4e32-af51-726d5d75a5bd","uf4ba379-485d-41ec-a244-2a85c40e138b","0f4ba379-485d-41ec-a244-2a85c40e138b","text/plain","This still is not working, I am frustrated.","SKYWAVE_PHASE_4_5","325c3d38-9e44-45e9-aeb3-ecff020720cc","","-14.0","15:52:03","","",""
"Output","178bd623-ae0f-4e32-af51-726d5d75a5bd","af4ba379-485d-41ec-a244-2a85c40e138b","0f4ba379-485d-41ec-a244-2a85c40e138b","text/plain","I am sorry for the inconvenience. I was unable to resolve this for you.","SKYWAVE_PHASE_4_5","264569ce-1d4e-47ce-a4a5-8b7e4f9321c7","","-14.0","15:52:05","","",""
"Input","eb24735c-0c01-4adf-ae3b-f5f24fbd880c","uf4ba379-485d-41ec-a244-2a85c40e138b","0f4ba379-485d-41ec-a244-2a85c40e138b","text/plain","My first name is misspelled on my ticket","SKYWAVE_PHASE_4_5","5921f9bb-d9eb-4ccf-a91a-531d5e847e5c","","-14.0","15:52:59","","",""
"Output","eb24735c-0c01-4adf-ae3b-f5f24fbd880c","af4ba379-485d-41ec-a244-2a85c40e138b","0f4ba379-485d-41ec-a244-2a85c40e138b","text/plain","I have corrected the spelling on your ticket. Please review the updated itinerary.","SKYWAVE_PHASE_4_5","f01331c8-e4ca-4678-a9ed-c651edabc0f7","","-14.0","15:53:01","","",""
"Input","9341e55a-42cb-419b-a8ca-ff46d9a18d86","uf4ba379-485d-41ec-a244-2a85c40e138b","0f4ba379-485d-41ec-a244-2a85c40e138b","text/plain","Great, thank you!","SKYWAVE_PHASE_4_5","b6e77eea-adbd-40af-a3b8-b76de8dc185f","","-14.0","15:55:49","","",""
"Output","9341e55a-42cb-419b-a8ca-ff46d9a18d86","af4ba379-485d-41ec-a244-2a85c40e138b","0f4ba379-485d-41ec-a244-2a85c40e138b","text/plain","You are welcome. Is there anything else I can help with?","SKYWAVE_PHASE_4_5","8d8011aa-cce2-4458-a63f-7b06b3381968","","-14.0","15:55:53","","",""
"Input","a877ea11-358b-4ab1-a2c8-919ba81eaa95","uf4ba379-485d-41ec-a244-2a85c40e138b","0f4ba379-485d-41ec-a244-2a85c40e138b","text/plain","I want to select seat 1A for my flight","SKYWAVE_PHASE_4_5","d9d10a35-2ac9-47e3-a62d-3720a8d954e3","","-14.0","15:56:14","","",""
"Output","a877ea11-358b-4ab1-a2c8-919ba81eaa95","af4ba379-485d-41ec-a244-2a85c40e138b","0f4ba379-485d-41ec-a244-2a85c40e138b","text/plain","I was unable to retrieve the seat map automatically and could not assign the seat.","SKYWAVE_PHASE_4_5","9f38aa7c-4ca6-4fa1-a867-42ffb4d93e39","","-14.0","15:56:17","","",""
"Input","de90393f-c781-424a-aea5-a8161b32bcd4","uf4ba379-485d-41ec-a244-2a85c40e138b","0f4ba379-485d-41ec-a244-2a85c40e138b","text/plain","This still is not working, I am frustrated.","SKYWAVE_PHASE_4_5","cb1074bf-4199-49ad-aa8d-b0b871f5b5af","","-14.0","15:58:44","","",""
"Output","de90393f-c781-424a-aea5-a8161b32bcd4","af4ba379-485d-41ec-a244-2a85c40e138b","0f4ba379-485d-41ec-a244-2a85c40e138b","text/plain","I am sorry for the inconvenience. I was unable to resolve this for you.","SKYWAVE_PHASE_4_5","2d0f2b31-6837-462a-aafb-c7e9bc444828","","-14.0","15:58:46","","",""
"Input","c389f8b4-65e6-47a3-abc2-79036e5788dc","u1925ae4-e235-467d-a1f1-245823235934","61925ae4-e235-467d-a1f1-245823235934","text/plain","My in-flight wifi did not work, I want a refund","SKYWAVE_PHASE_4_5","0d0d72a8-4529-443b-acfb-9bd994d50217","","-11.0","13:18:00","","",""
"Output","c389f8b4-65e6-47a3-abc2-79036e5788dc","a1925ae4-e235-467d-a1f1-245823235934","61925ae4-e235-467d-a1f1-245823235934","text/plain","I have logged your complaint as case 00012346. A refund will be processed.","SKYWAVE_PHASE_4_5","f62ff890-120b-423c-ae41-d89b3a812f17","","-11.0","13:18:03","","",""
"Input","536fda92-42f7-4424-a1ef-46efb919b18b","u1925ae4-e235-467d-a1f1-245823235934","61925ae4-e235-467d-a1f1-245823235934","text/plain","Okay.","SKYWAVE_PHASE_4_5","669e8e35-576d-4af6-a278-b5109c18079a","","-11.0","13:21:47","","",""
"Output","536fda92-42f7-4424-a1ef-46efb919b18b","a1925ae4-e235-467d-a1f1-245823235934","61925ae4-e235-467d-a1f1-245823235934","text/plain","Understood. Anything else I can help with?","SKYWAVE_PHASE_4_5","b0f75a99-82df-4fa9-ad5f-62abd72fbdc8","","-11.0","13:21:49","","",""
"Input","b5230c6a-c578-4720-a406-257673c09593","u16ce78e-e6f2-48b2-a094-e0ac66f181e2","716ce78e-e6f2-48b2-a094-e0ac66f181e2","text/plain","What is my tier status?","SKYWAVE_PHASE_4_5","69c2b491-730a-497b-ab64-7290110f7b96","","-14.0","17:34:00","","",""
"Output","b5230c6a-c578-4720-a406-257673c09593","a16ce78e-e6f2-48b2-a094-e0ac66f181e2","716ce78e-e6f2-48b2-a094-e0ac66f181e2","text/plain","You are Gold tier with 14,200 qualifying points this year.","SKYWAVE_PHASE_4_5","473ca799-4afd-46d0-a5eb-d3da0274d776","","-14.0","17:34:02","","",""
"Input","f85d04cd-f690-4c91-af55-c703642d2415","u16ce78e-e6f2-48b2-a094-e0ac66f181e2","716ce78e-e6f2-48b2-a094-e0ac66f181e2","text/plain","Great, thank you!","SKYWAVE_PHASE_4_5","d8204f42-eda8-4fb2-a170-a7a41e2c9733","","-14.0","17:34:27","","",""
"Output","f85d04cd-f690-4c91-af55-c703642d2415","a16ce78e-e6f2-48b2-a094-e0ac66f181e2","716ce78e-e6f2-48b2-a094-e0ac66f181e2","text/plain","You are welcome. Is there anything else I can help with?","SKYWAVE_PHASE_4_5","b1253dca-a2d9-43b2-a13e-feac1c6f88fa","","-14.0","17:34:31","","",""
"Input","ce2ec1eb-4560-494b-aee5-430feaa50022","u982fefe-3012-44c7-ab27-abf5f579bfdd","5982fefe-3012-44c7-ab27-abf5f579bfdd","text/plain","I want to select seat 1A for my flight","SKYWAVE_PHASE_4_5","301ff11f-50bd-49d4-ad69-d554e1c3c45b","","-12.0","08:00:00","","",""
"Output","ce2ec1eb-4560-494b-aee5-430feaa50022","a982fefe-3012-44c7-ab27-abf5f579bfdd","5982fefe-3012-44c7-ab27-abf5f579bfdd","text/plain","I was unable to retrieve the seat map automatically and could not assign the seat.","SKYWAVE_PHASE_4_5","102f49dc-10ca-45e3-adbe-07b3aadb3ff6","","-12.0","08:00:03","","",""
"Input","016123bd-54f5-4fa2-a6dc-d171fdc0a5b8","u982fefe-3012-44c7-ab27-abf5f579bfdd","5982fefe-3012-44c7-ab27-abf5f579bfdd","text/plain","This still is not working, I am frustrated.","SKYWAVE_PHASE_4_5","53bbd91f-d31d-4597-ace7-c2d88a46c663","","-12.0","08:00:36","","",""
"Output","016123bd-54f5-4fa2-a6dc-d171fdc0a5b8","a982fefe-3012-44c7-ab27-abf5f579bfdd","5982fefe-3012-44c7-ab27-abf5f579bfdd","text/plain","I am sorry for the inconvenience. I was unable to resolve this for you.","SKYWAVE_PHASE_4_5","ca6affb7-0edb-4aba-a52b-b4cdc51d9aca","","-12.0","08:00:38","","",""
"Input","59da3070-e1c2-47ef-aa43-c2e5862bf3a8","u982fefe-3012-44c7-ab27-abf5f579bfdd","5982fefe-3012-44c7-ab27-abf5f579bfdd","text/plain","My first name is misspelled on my ticket","SKYWAVE_PHASE_4_5","9244b542-4bc9-4868-af4c-53042ebbb536","","-12.0","08:01:19","","",""
"Output","59da3070-e1c2-47ef-aa43-c2e5862bf3a8","a982fefe-3012-44c7-ab27-abf5f579bfdd","5982fefe-3012-44c7-ab27-abf5f579bfdd","text/plain","I have corrected the spelling on your ticket. Please review the updated itinerary.","SKYWAVE_PHASE_4_5","0697248a-c817-446f-a9df-93915f076f5b","","-12.0","08:01:21","","",""
"Input","29cb24ba-63ff-4f1a-a3ec-e48158eff8fd","u982fefe-3012-44c7-ab27-abf5f579bfdd","5982fefe-3012-44c7-ab27-abf5f579bfdd","text/plain","Great, thank you!","SKYWAVE_PHASE_4_5","2645ef6a-ca99-4787-aa67-286427dd41ba","","-12.0","08:04:56","","",""
"Output","29cb24ba-63ff-4f1a-a3ec-e48158eff8fd","a982fefe-3012-44c7-ab27-abf5f579bfdd","5982fefe-3012-44c7-ab27-abf5f579bfdd","text/plain","You are welcome. Is there anything else I can help with?","SKYWAVE_PHASE_4_5","a10b729a-6ae8-4437-a06d-08285c90ce2e","","-12.0","08:04:59","","",""
"Input","9e116d95-15c0-493f-ae30-8108ef6c94dd","u1217da6-f271-47b9-a3c0-7f5f4e7a48a1","a1217da6-f271-47b9-a3c0-7f5f4e7a48a1","text/plain","Show me my upcoming bookings","SKYWAVE_PHASE_4_5","6799ef51-5b76-44bf-ac7d-c32971b7ac7c","","-10.0","19:45:00","","",""
"Output","9e116d95-15c0-493f-ae30-8108ef6c94dd","a1217da6-f271-47b9-a3c0-7f5f4e7a48a1","a1217da6-f271-47b9-a3c0-7f5f4e7a48a1","text/plain","You have one upcoming booking — LH 1927 BER-MUC-SFO, confirmed.","SKYWAVE_PHASE_4_5","9cf3d6b5-cb44-4c14-a1fc-93e6ce5babeb","","-10.0","19:45:02","","",""
"Input","d050373a-24ca-446c-a23f-631a5235cff1","u1217da6-f271-47b9-a3c0-7f5f4e7a48a1","a1217da6-f271-47b9-a3c0-7f5f4e7a48a1","text/plain","Great, thank you!","SKYWAVE_PHASE_4_5","2274a623-4017-45fc-a502-416cd66fa6dc","","-10.0","19:45:21","","",""
"Output","d050373a-24ca-446c-a23f-631a5235cff1","a1217da6-f271-47b9-a3c0-7f5f4e7a48a1","a1217da6-f271-47b9-a3c0-7f5f4e7a48a1","text/plain","You are welcome. Is there anything else I can help with?","SKYWAVE_PHASE_4_5","9bed2214-bc79-4d42-a4b1-e08c20a486b9","","-10.0","19:45:23","","",""
"Input","fa25dadf-f496-4f64-afa5-ce2803b75629","u1217da6-f271-47b9-a3c0-7f5f4e7a48a1","a1217da6-f271-47b9-a3c0-7f5f4e7a48a1","text/plain","I want to change my seat to a window seat","SKYWAVE_PHASE_4_5","17c2f92b-2096-466d-abcf-1fc85820a548","","-10.0","19:45:45","","",""
"Output","fa25dadf-f496-4f64-afa5-ce2803b75629","a1217da6-f271-47b9-a3c0-7f5f4e7a48a1","a1217da6-f271-47b9-a3c0-7f5f4e7a48a1","text/plain","Sorry, I am unable to change your seat right now. Please try again later.","SKYWAVE_PHASE_4_5","15e2e1d5-7a34-498c-aca5-6e337be03103","","-10.0","19:45:48","","",""
"Input","6e5f43c8-bd65-4468-af32-f9af0b1be3f7","u1217da6-f271-47b9-a3c0-7f5f4e7a48a1","a1217da6-f271-47b9-a3c0-7f5f4e7a48a1","text/plain","This still is not working, I am frustrated.","SKYWAVE_PHASE_4_5","5c8f7ebe-fcee-4cd8-a5e4-042ba26a932b","","-10.0","19:48:29","","",""
"Output","6e5f43c8-bd65-4468-af32-f9af0b1be3f7","a1217da6-f271-47b9-a3c0-7f5f4e7a48a1","a1217da6-f271-47b9-a3c0-7f5f4e7a48a1","text/plain","I am sorry for the inconvenience. I was unable to resolve this for you.","SKYWAVE_PHASE_4_5","102225a0-0a53-44ba-ac88-f6ebb8bf8c6d","","-10.0","19:48:32","","",""
"Input","b2c61223-27ba-4049-a734-969102551e5a","u1217da6-f271-47b9-a3c0-7f5f4e7a48a1","a1217da6-f271-47b9-a3c0-7f5f4e7a48a1","text/plain","Please correct my last name on booking ABC123","SKYWAVE_PHASE_4_5","7fd5bab5-1bbe-4f53-a030-1c45bcef6df2","","-10.0","19:49:21","","",""
"Output","b2c61223-27ba-4049-a734-969102551e5a","a1217da6-f271-47b9-a3c0-7f5f4e7a48a1","a1217da6-f271-47b9-a3c0-7f5f4e7a48a1","text/plain","I have updated the passenger name on booking ABC123. A confirmation has been sent.","SKYWAVE_PHASE_4_5","ed6704f8-c8f9-4e90-aece-65facb1e6347","","-10.0","19:49:25","","",""
"Input","26e58001-6e03-4769-a2c7-b91e7d1e73b7","u1217da6-f271-47b9-a3c0-7f5f4e7a48a1","a1217da6-f271-47b9-a3c0-7f5f4e7a48a1","text/plain","Great, thank you!","SKYWAVE_PHASE_4_5","024d94f4-a121-475a-a6f8-7e9438373872","","-10.0","19:50:09","","",""
"Output","26e58001-6e03-4769-a2c7-b91e7d1e73b7","a1217da6-f271-47b9-a3c0-7f5f4e7a48a1","a1217da6-f271-47b9-a3c0-7f5f4e7a48a1","text/plain","You are welcome. Is there anything else I can help with?","SKYWAVE_PHASE_4_5","c90055eb-c0d8-4413-a775-c5f76a7010f3","","-10.0","19:50:13","","",""
"Input","ac241a9c-5a13-45d3-a7c7-741a3843b1c9","u5db2cb1-03c4-49f2-a8b0-235af0a7cb1b","25db2cb1-03c4-49f2-a8b0-235af0a7cb1b","text/plain","I want to select seat 1A for my flight","SKYWAVE_PHASE_4_5","9b9685d2-9280-43ba-a044-ce4540a5dc40","","-9.0","16:43:00","","",""
"Output","ac241a9c-5a13-45d3-a7c7-741a3843b1c9","a5db2cb1-03c4-49f2-a8b0-235af0a7cb1b","25db2cb1-03c4-49f2-a8b0-235af0a7cb1b","text/plain","I was unable to retrieve the seat map automatically and could not assign the seat.","SKYWAVE_PHASE_4_5","f0d710a3-3ef8-43bd-a70e-3cbab11952a1","","-9.0","16:43:02","","",""
"Input","b323c61c-c033-4a50-a11d-715af714c559","u5db2cb1-03c4-49f2-a8b0-235af0a7cb1b","25db2cb1-03c4-49f2-a8b0-235af0a7cb1b","text/plain","This still is not working, I am frustrated.","SKYWAVE_PHASE_4_5","0cadf6f6-248b-4458-acab-d07d658090f5","","-9.0","16:43:45","","",""
"Output","b323c61c-c033-4a50-a11d-715af714c559","a5db2cb1-03c4-49f2-a8b0-235af0a7cb1b","25db2cb1-03c4-49f2-a8b0-235af0a7cb1b","text/plain","I am sorry for the inconvenience. I was unable to resolve this for you.","SKYWAVE_PHASE_4_5","4ae768a4-4b56-40fb-a8fc-b66d918f11fd","","-9.0","16:43:48","","",""
"Input","ec8844a0-c771-435e-a881-3a960c5c64a9","u5564a04-06c1-4412-aaa2-690f1cb6e28f","d5564a04-06c1-4412-aaa2-690f1cb6e28f","text/plain","I want to select seat 1A for my flight","SKYWAVE_PHASE_4_5","2a794689-75cf-4ed7-a3c6-60fcbea5d362","","-4.0","13:49:00","","",""
"Output","ec8844a0-c771-435e-a881-3a960c5c64a9","a5564a04-06c1-4412-aaa2-690f1cb6e28f","d5564a04-06c1-4412-aaa2-690f1cb6e28f","text/plain","I was unable to retrieve the seat map automatically and could not assign the seat.","SKYWAVE_PHASE_4_5","56b7b5bb-1500-4843-a692-9221706ac990","","-4.0","13:49:03","","",""
"Input","5ce28369-3e94-4a98-afd4-ffe55e374a50","u5564a04-06c1-4412-aaa2-690f1cb6e28f","d5564a04-06c1-4412-aaa2-690f1cb6e28f","text/plain","This still is not working, I am frustrated.","SKYWAVE_PHASE_4_5","6727d6eb-df50-440e-aaf4-39505a960c5e","","-4.0","13:53:48","","",""
"Output","5ce28369-3e94-4a98-afd4-ffe55e374a50","a5564a04-06c1-4412-aaa2-690f1cb6e28f","d5564a04-06c1-4412-aaa2-690f1cb6e28f","text/plain","I am sorry for the inconvenience. I was unable to resolve this for you.","SKYWAVE_PHASE_4_5","19113ca8-27f0-4065-a541-5d9f8dde70cd","","-4.0","13:53:50","","",""
"Input","7e8e51cb-4c7f-4cb1-abdb-4c997435f2ed","u5564a04-06c1-4412-aaa2-690f1cb6e28f","d5564a04-06c1-4412-aaa2-690f1cb6e28f","text/plain","How many miles do I have?","SKYWAVE_PHASE_4_5","717d3adc-8fcb-4b6e-a417-359acb63bf37","","-4.0","13:56:35","","",""
"Output","7e8e51cb-4c7f-4cb1-abdb-4c997435f2ed","a5564a04-06c1-4412-aaa2-690f1cb6e28f","d5564a04-06c1-4412-aaa2-690f1cb6e28f","text/plain","You currently have 18,450 SkyWave miles. You are at Premier tier.","SKYWAVE_PHASE_4_5","19b2d80f-6afc-4282-a783-ffe22a3fa888","","-4.0","13:56:38","","",""
"Input","f39acb14-3de7-4443-ae1b-e3850950b20e","u5564a04-06c1-4412-aaa2-690f1cb6e28f","d5564a04-06c1-4412-aaa2-690f1cb6e28f","text/plain","Great, thank you!","SKYWAVE_PHASE_4_5","e922caf1-100f-46ce-ac04-5b3043ad090c","","-4.0","13:57:30","","",""
"Output","f39acb14-3de7-4443-ae1b-e3850950b20e","a5564a04-06c1-4412-aaa2-690f1cb6e28f","d5564a04-06c1-4412-aaa2-690f1cb6e28f","text/plain","You are welcome. Is there anything else I can help with?","SKYWAVE_PHASE_4_5","2a6907a7-b6b7-4bad-adc0-046c6f221a44","","-4.0","13:57:34","","",""
"Input","0468a962-d95f-44cf-a558-309e5b1758ba","u5564a04-06c1-4412-aaa2-690f1cb6e28f","d5564a04-06c1-4412-aaa2-690f1cb6e28f","text/plain","I want to change my seat to a window seat","SKYWAVE_PHASE_4_5","8b60e4ce-26bf-4d92-ab1b-d0126600eb30","","-4.0","14:02:28","","",""
"Output","0468a962-d95f-44cf-a558-309e5b1758ba","a5564a04-06c1-4412-aaa2-690f1cb6e28f","d5564a04-06c1-4412-aaa2-690f1cb6e28f","text/plain","Sorry, I am unable to change your seat right now. Please try again later.","SKYWAVE_PHASE_4_5","bddb2b51-2783-4584-a8ad-b45a34a0abd0","","-4.0","14:02:32","","",""
"Input","ab7521b1-8cad-4831-ac73-03a28c9f7987","u5564a04-06c1-4412-aaa2-690f1cb6e28f","d5564a04-06c1-4412-aaa2-690f1cb6e28f","text/plain","This still is not working, I am frustrated.","SKYWAVE_PHASE_4_5","d4fec2a3-16e1-4774-aab2-a84ea2a9bee9","","-4.0","14:03:37","","",""
"Output","ab7521b1-8cad-4831-ac73-03a28c9f7987","a5564a04-06c1-4412-aaa2-690f1cb6e28f","d5564a04-06c1-4412-aaa2-690f1cb6e28f","text/plain","I am sorry for the inconvenience. I was unable to resolve this for you.","SKYWAVE_PHASE_4_5","6a8c20a4-1f21-41db-aeee-f29abdae129d","","-4.0","14:03:39","","",""
"Input","f76bbb08-d198-4044-a0f4-763af23227b4","ue5653c8-3249-4fe9-a8aa-2e5eaf75d977","1e5653c8-3249-4fe9-a8aa-2e5eaf75d977","text/plain","Can I move from 23B to an aisle seat?","SKYWAVE_PHASE_4_5","9a4876ad-402c-4877-a26f-38e72c63707d","","-3.0","10:06:00","","",""
"Output","f76bbb08-d198-4044-a0f4-763af23227b4","ae5653c8-3249-4fe9-a8aa-2e5eaf75d977","1e5653c8-3249-4fe9-a8aa-2e5eaf75d977","text/plain","I could not update your seat assignment. Please contact a service agent.","SKYWAVE_PHASE_4_5","5b59f97e-386e-4c5d-a38b-332a6d795de5","","-3.0","10:06:02","","",""
"Input","9626456d-6f1c-424b-a9e6-47435192a972","ue5653c8-3249-4fe9-a8aa-2e5eaf75d977","1e5653c8-3249-4fe9-a8aa-2e5eaf75d977","text/plain","This still is not working, I am frustrated.","SKYWAVE_PHASE_4_5","916fa519-a866-418c-a53a-d87a7b8cab64","","-3.0","10:07:04","","",""
"Output","9626456d-6f1c-424b-a9e6-47435192a972","ae5653c8-3249-4fe9-a8aa-2e5eaf75d977","1e5653c8-3249-4fe9-a8aa-2e5eaf75d977","text/plain","I am sorry for the inconvenience. I was unable to resolve this for you.","SKYWAVE_PHASE_4_5","55698d45-e2b4-4943-a907-a75ca0ef600e","","-3.0","10:07:07","","",""
"Input","0c5be4ba-afe7-4a6d-a2ec-34c6a15437be","ud071d00-80fa-4132-a942-a8d6f6d14d7b","bd071d00-80fa-4132-a942-a8d6f6d14d7b","text/plain","I want to change my seat to a window seat","SKYWAVE_PHASE_4_5","8642c86e-a82d-4139-a41a-ee282848bd04","","-9.0","19:38:00","","",""
"Output","0c5be4ba-afe7-4a6d-a2ec-34c6a15437be","ad071d00-80fa-4132-a942-a8d6f6d14d7b","bd071d00-80fa-4132-a942-a8d6f6d14d7b","text/plain","Sorry, I am unable to change your seat right now. Please try again later.","SKYWAVE_PHASE_4_5","0dd149c2-7d3b-41c4-a236-b703215d2671","","-9.0","19:38:02","","",""
"Input","97d135d9-c37a-4258-a375-d80b81266376","ud071d00-80fa-4132-a942-a8d6f6d14d7b","bd071d00-80fa-4132-a942-a8d6f6d14d7b","text/plain","This still is not working, I am frustrated.","SKYWAVE_PHASE_4_5","92791241-9139-4dc0-a6ed-441ff207f37b","","-9.0","19:38:23","","",""
"Output","97d135d9-c37a-4258-a375-d80b81266376","ad071d00-80fa-4132-a942-a8d6f6d14d7b","bd071d00-80fa-4132-a942-a8d6f6d14d7b","text/plain","I am sorry for the inconvenience. I was unable to resolve this for you.","SKYWAVE_PHASE_4_5","70894593-6d46-43d0-acf4-1aaa6fea1d6f","","-9.0","19:38:27","","",""
"Input","28b47969-1e05-45a4-a671-354e2e3540a1","ud071d00-80fa-4132-a942-a8d6f6d14d7b","bd071d00-80fa-4132-a942-a8d6f6d14d7b","text/plain","My in-flight wifi did not work, I want a refund","SKYWAVE_PHASE_4_5","447490c4-f7d6-4b89-a6a8-17a9fb340ced","","-9.0","19:39:21","","",""
"Output","28b47969-1e05-45a4-a671-354e2e3540a1","ad071d00-80fa-4132-a942-a8d6f6d14d7b","bd071d00-80fa-4132-a942-a8d6f6d14d7b","text/plain","I have logged your complaint as case 00012346. A refund will be processed.","SKYWAVE_PHASE_4_5","8ee2407a-5b27-4294-a506-535a0926047b","","-9.0","19:39:25","","",""
"Input","db45c6e3-7b12-4be7-a17e-ab631846d8ad","ud071d00-80fa-4132-a942-a8d6f6d14d7b","bd071d00-80fa-4132-a942-a8d6f6d14d7b","text/plain","Okay.","SKYWAVE_PHASE_4_5","b480d9a5-1ef3-4150-ae61-3e1c2a685f5d","","-9.0","19:40:38","","",""
"Output","db45c6e3-7b12-4be7-a17e-ab631846d8ad","ad071d00-80fa-4132-a942-a8d6f6d14d7b","bd071d00-80fa-4132-a942-a8d6f6d14d7b","text/plain","Understood. Anything else I can help with?","SKYWAVE_PHASE_4_5","0318dd8d-c6f5-40ff-abf1-a4ec3a7fe867","","-9.0","19:40:41","","",""
"Input","85a8bfa4-58d9-4670-a5a6-17cbaffe1517","udb6fcdb-2d85-48c2-af99-5300a726640b","6db6fcdb-2d85-48c2-af99-5300a726640b","text/plain","I want to change my seat to a window seat","SKYWAVE_PHASE_4_5","eda75223-6e1a-44d2-a18f-644d3edaeef1","","-14.0","17:08:00","","",""
"Output","85a8bfa4-58d9-4670-a5a6-17cbaffe1517","adb6fcdb-2d85-48c2-af99-5300a726640b","6db6fcdb-2d85-48c2-af99-5300a726640b","text/plain","Sorry, I am unable to change your seat right now. Please try again later.","SKYWAVE_PHASE_4_5","fd8e689d-b9a5-4198-a0d1-26bfd60d94cd","","-14.0","17:08:04","","",""
"Input","4e6d9e2d-bab4-40d7-a227-26bea6b46f31","udb6fcdb-2d85-48c2-af99-5300a726640b","6db6fcdb-2d85-48c2-af99-5300a726640b","text/plain","This still is not working, I am frustrated.","SKYWAVE_PHASE_4_5","65b60742-e35f-4d84-a84c-bec82c5d9b43","","-14.0","17:08:37","","",""
"Output","4e6d9e2d-bab4-40d7-a227-26bea6b46f31","adb6fcdb-2d85-48c2-af99-5300a726640b","6db6fcdb-2d85-48c2-af99-5300a726640b","text/plain","I am sorry for the inconvenience. I was unable to resolve this for you.","SKYWAVE_PHASE_4_5","da12474d-4f97-4ba2-a8a5-6ea4a707366f","","-14.0","17:08:41","","",""
"Input","aac4a7f2-de81-4a26-a459-91f6f7a80f80","u75d4815-43fc-4c41-a26c-0d32fdcbe7f1","775d4815-43fc-4c41-a26c-0d32fdcbe7f1","text/plain","Cancel my booking ABC123","SKYWAVE_PHASE_4_5","e797b9c6-a9b2-47e5-ac68-c289354ce6f2","","-7.0","18:03:00","","",""
"Output","aac4a7f2-de81-4a26-a459-91f6f7a80f80","a75d4815-43fc-4c41-a26c-0d32fdcbe7f1","775d4815-43fc-4c41-a26c-0d32fdcbe7f1","text/plain","I have cancelled booking ABC123. A refund of $480 will be issued.","SKYWAVE_PHASE_4_5","f20029e6-c027-4761-a11c-c98c628ee2c7","","-7.0","18:03:03","","",""
"Input","502fab68-2c9d-4a5f-ad08-4c69332b1493","u75d4815-43fc-4c41-a26c-0d32fdcbe7f1","775d4815-43fc-4c41-a26c-0d32fdcbe7f1","text/plain","Great, thank you!","SKYWAVE_PHASE_4_5","df72e19f-add0-47ea-a0dd-4ddc6e610756","","-7.0","18:05:54","","",""
"Output","502fab68-2c9d-4a5f-ad08-4c69332b1493","a75d4815-43fc-4c41-a26c-0d32fdcbe7f1","775d4815-43fc-4c41-a26c-0d32fdcbe7f1","text/plain","You are welcome. Is there anything else I can help with?","SKYWAVE_PHASE_4_5","8a8509de-2718-45bf-a88d-09070d89b3bc","","-7.0","18:05:58","","",""
"Input","af636e40-9750-48f1-afbe-6413cc1f5055","u158afc0-6650-454a-acad-b3f4341b8063","5158afc0-6650-454a-acad-b3f4341b8063","text/plain","Find flights from JFK to HND tomorrow","SKYWAVE_PHASE_4_5","60edf459-4edb-425a-af7e-b95265715449","","-1.0","09:51:00","","",""
"Output","af636e40-9750-48f1-afbe-6413cc1f5055","a158afc0-6650-454a-acad-b3f4341b8063","5158afc0-6650-454a-acad-b3f4341b8063","text/plain","I found 4 flights for that route. The cheapest is SW1200 at 1pm for $1,280.","SKYWAVE_PHASE_4_5","4659c10c-a07c-4689-aa3c-947aec982006","","-1.0","09:51:02","","",""
"Input","5b1ad27a-aeb3-451a-a611-63f934a53300","u158afc0-6650-454a-acad-b3f4341b8063","5158afc0-6650-454a-acad-b3f4341b8063","text/plain","Great, thank you!","SKYWAVE_PHASE_4_5","fbd8f519-bd62-405e-a304-9870e7fe4fc7","","-1.0","09:54:33","","",""
"Output","5b1ad27a-aeb3-451a-a611-63f934a53300","a158afc0-6650-454a-acad-b3f4341b8063","5158afc0-6650-454a-acad-b3f4341b8063","text/plain","You are welcome. Is there anything else I can help with?","SKYWAVE_PHASE_4_5","14798afc-8dee-4cd4-a99d-374c13a09758","","-1.0","09:54:35","","",""
"Input","7905790a-4829-4f18-ab75-2fb5c2379233","u158afc0-6650-454a-acad-b3f4341b8063","5158afc0-6650-454a-acad-b3f4341b8063","text/plain","Find flights from JFK to HND tomorrow","SKYWAVE_PHASE_4_5","266a893f-e284-42e8-a586-b1b5638899ce","","-1.0","09:55:44","","",""
"Output","7905790a-4829-4f18-ab75-2fb5c2379233","a158afc0-6650-454a-acad-b3f4341b8063","5158afc0-6650-454a-acad-b3f4341b8063","text/plain","I found 4 flights for that route. The cheapest is SW1200 at 1pm for $1,280.","SKYWAVE_PHASE_4_5","ee716c75-d6a2-4728-a33d-491d326a91a7","","-1.0","09:55:47","","",""
"Input","5aa806c7-feb9-4b28-aa94-549fbce03b6a","u158afc0-6650-454a-acad-b3f4341b8063","5158afc0-6650-454a-acad-b3f4341b8063","text/plain","Great, thank you!","SKYWAVE_PHASE_4_5","5727b050-94a9-449c-a8ea-b69fbc336de2","","-1.0","09:56:51","","",""
"Output","5aa806c7-feb9-4b28-aa94-549fbce03b6a","a158afc0-6650-454a-acad-b3f4341b8063","5158afc0-6650-454a-acad-b3f4341b8063","text/plain","You are welcome. Is there anything else I can help with?","SKYWAVE_PHASE_4_5","1cdfeea9-0c7c-460e-a01e-93d60269b341","","-1.0","09:56:53","","",""
"Input","12f90a5c-d6f4-4dd2-aa70-53a156247b8a","u96feb31-2570-4628-aa4a-1dd29d498db9","c96feb31-2570-4628-aa4a-1dd29d498db9","text/plain","Cancel my booking ABC123","SKYWAVE_PHASE_4_5","4c89ca24-d5f9-4cfb-a1a6-48d14343be44","","-13.0","15:28:00","","",""
"Output","12f90a5c-d6f4-4dd2-aa70-53a156247b8a","a96feb31-2570-4628-aa4a-1dd29d498db9","c96feb31-2570-4628-aa4a-1dd29d498db9","text/plain","I have cancelled booking ABC123. A refund of $480 will be issued.","SKYWAVE_PHASE_4_5","5cd88fd7-27e2-4116-a1c2-b7f656bcddde","","-13.0","15:28:02","","",""
"Input","f4ba525a-6fbe-4b32-abbf-74c81b086cea","u96feb31-2570-4628-aa4a-1dd29d498db9","c96feb31-2570-4628-aa4a-1dd29d498db9","text/plain","Great, thank you!","SKYWAVE_PHASE_4_5","09caf6e4-85e3-4ee9-a497-5ea0f843793f","","-13.0","15:32:04","","",""
"Output","f4ba525a-6fbe-4b32-abbf-74c81b086cea","a96feb31-2570-4628-aa4a-1dd29d498db9","c96feb31-2570-4628-aa4a-1dd29d498db9","text/plain","You are welcome. Is there anything else I can help with?","SKYWAVE_PHASE_4_5","b4ee33fb-8dba-4bc5-a2d7-24854b2c827a","","-13.0","15:32:06","","",""
"Input","ee2c421a-1a10-4f91-a953-50f131cec04c","u96feb31-2570-4628-aa4a-1dd29d498db9","c96feb31-2570-4628-aa4a-1dd29d498db9","text/plain","What is my tier status?","SKYWAVE_PHASE_4_5","d30568d6-bd29-47a2-afa8-74c952301094","","-13.0","15:36:36","","",""
"Output","ee2c421a-1a10-4f91-a953-50f131cec04c","a96feb31-2570-4628-aa4a-1dd29d498db9","c96feb31-2570-4628-aa4a-1dd29d498db9","text/plain","You are Gold tier with 14,200 qualifying points this year.","SKYWAVE_PHASE_4_5","86c04aec-a070-4d86-a394-984e8ef87494","","-13.0","15:36:40","","",""
"Input","4459f6a8-8164-44eb-ac9e-9cb2f76caee1","u96feb31-2570-4628-aa4a-1dd29d498db9","c96feb31-2570-4628-aa4a-1dd29d498db9","text/plain","Great, thank you!","SKYWAVE_PHASE_4_5","3c665f34-7b4b-41ec-ab8c-d2fcc0707385","","-13.0","15:37:54","","",""
"Output","4459f6a8-8164-44eb-ac9e-9cb2f76caee1","a96feb31-2570-4628-aa4a-1dd29d498db9","c96feb31-2570-4628-aa4a-1dd29d498db9","text/plain","You are welcome. Is there anything else I can help with?","SKYWAVE_PHASE_4_5","bd188560-95b4-4504-ad94-c3e5145feabd","","-13.0","15:37:58","","",""
"Input","5de0384b-3a1b-47e4-a990-459cbba6c2f8","u96feb31-2570-4628-aa4a-1dd29d498db9","c96feb31-2570-4628-aa4a-1dd29d498db9","text/plain","How many miles do I have?","SKYWAVE_PHASE_4_5","bf1a295a-2147-46db-a5e1-f2f57a39328e","","-13.0","15:38:15","","",""
"Output","5de0384b-3a1b-47e4-a990-459cbba6c2f8","a96feb31-2570-4628-aa4a-1dd29d498db9","c96feb31-2570-4628-aa4a-1dd29d498db9","text/plain","You currently have 18,450 SkyWave miles. You are at Premier tier.","SKYWAVE_PHASE_4_5","4862e871-fd1a-4ab5-a465-e0ba2d1f9736","","-13.0","15:38:19","","",""
"Input","56853552-a12f-4e3a-aa76-10d0b8f10a8e","u96feb31-2570-4628-aa4a-1dd29d498db9","c96feb31-2570-4628-aa4a-1dd29d498db9","text/plain","Great, thank you!","SKYWAVE_PHASE_4_5","ddd943db-817e-4cad-af0e-8a7031a78d0b","","-13.0","15:38:56","","",""
"Output","56853552-a12f-4e3a-aa76-10d0b8f10a8e","a96feb31-2570-4628-aa4a-1dd29d498db9","c96feb31-2570-4628-aa4a-1dd29d498db9","text/plain","You are welcome. Is there anything else I can help with?","SKYWAVE_PHASE_4_5","e5720afd-08b5-49c9-af8a-881c7481a151","","-13.0","15:39:00","","",""
"Input","cef64d62-2eef-44ad-afb1-0dfe326845a9","uc62034e-1410-46ae-aaf3-fba85f8e1233","7c62034e-1410-46ae-aaf3-fba85f8e1233","text/plain","I want to change my seat to a window seat","SKYWAVE_PHASE_4_5","6edb405f-6f6b-4f84-a60b-3fa97f127c3f","","-4.0","19:59:00","","",""
"Output","cef64d62-2eef-44ad-afb1-0dfe326845a9","ac62034e-1410-46ae-aaf3-fba85f8e1233","7c62034e-1410-46ae-aaf3-fba85f8e1233","text/plain","Sorry, I am unable to change your seat right now. Please try again later.","SKYWAVE_PHASE_4_5","86a35804-7600-46ba-af41-5ed856570bf3","","-4.0","19:59:03","","",""
"Input","66888928-4e5c-4d48-a5c4-8240e672f4bf","uc62034e-1410-46ae-aaf3-fba85f8e1233","7c62034e-1410-46ae-aaf3-fba85f8e1233","text/plain","This still is not working, I am frustrated.","SKYWAVE_PHASE_4_5","a44b8930-076b-437d-a00e-9d84d312881f","","-4.0","20:03:44","","",""
"Output","66888928-4e5c-4d48-a5c4-8240e672f4bf","ac62034e-1410-46ae-aaf3-fba85f8e1233","7c62034e-1410-46ae-aaf3-fba85f8e1233","text/plain","I am sorry for the inconvenience. I was unable to resolve this for you.","SKYWAVE_PHASE_4_5","4904a385-d15a-4669-a2b2-b3a74a921b62","","-4.0","20:03:48","","",""
"Input","25b0a73c-d1f0-4f18-adbf-386734694fdd","ue3dfbe9-502b-419c-acbd-63a55cd45590","1e3dfbe9-502b-419c-acbd-63a55cd45590","text/plain","I want to change my seat to a window seat","SKYWAVE_PHASE_4_5","ec081a24-a67c-4d95-a3ae-03da98360502","","-14.0","17:21:00","","",""
"Output","25b0a73c-d1f0-4f18-adbf-386734694fdd","ae3dfbe9-502b-419c-acbd-63a55cd45590","1e3dfbe9-502b-419c-acbd-63a55cd45590","text/plain","Sorry, I am unable to change your seat right now. Please try again later.","SKYWAVE_PHASE_4_5","a803a54f-f858-44f7-a7e4-965792f355e7","","-14.0","17:21:02","","",""
"Input","d766225c-9da9-48aa-aa32-fc005440c3c6","ue3dfbe9-502b-419c-acbd-63a55cd45590","1e3dfbe9-502b-419c-acbd-63a55cd45590","text/plain","This still is not working, I am frustrated.","SKYWAVE_PHASE_4_5","07080fbf-bb99-4efd-aaaf-c250d9e42332","","-14.0","17:22:07","","",""
"Output","d766225c-9da9-48aa-aa32-fc005440c3c6","ae3dfbe9-502b-419c-acbd-63a55cd45590","1e3dfbe9-502b-419c-acbd-63a55cd45590","text/plain","I am sorry for the inconvenience. I was unable to resolve this for you.","SKYWAVE_PHASE_4_5","248d768a-58ba-41ef-a63e-5727e9e68a2f","","-14.0","17:22:11","","",""
"Input","a84538dc-3d43-47c5-ac9b-04f6a86c2959","ud6937b6-dfc0-4312-aaec-ec96123cf4e4","9d6937b6-dfc0-4312-aaec-ec96123cf4e4","text/plain","I want to change my seat to a window seat","SKYWAVE_PHASE_4_5","f339d5e3-9097-4bd2-ac7b-5a766dd9e045","","-11.0","18:59:00","","",""
"Output","a84538dc-3d43-47c5-ac9b-04f6a86c2959","ad6937b6-dfc0-4312-aaec-ec96123cf4e4","9d6937b6-dfc0-4312-aaec-ec96123cf4e4","text/plain","Sorry, I am unable to change your seat right now. Please try again later.","SKYWAVE_PHASE_4_5","cd65e706-a9ef-4d50-a24e-841a96c5e37d","","-11.0","18:59:02","","",""
"Input","b4489010-30d8-41b5-a609-a925144e6bf2","ud6937b6-dfc0-4312-aaec-ec96123cf4e4","9d6937b6-dfc0-4312-aaec-ec96123cf4e4","text/plain","This still is not working, I am frustrated.","SKYWAVE_PHASE_4_5","dd419ad2-c56f-4515-affd-7d809becb459","","-11.0","18:59:44","","",""
"Output","b4489010-30d8-41b5-a609-a925144e6bf2","ad6937b6-dfc0-4312-aaec-ec96123cf4e4","9d6937b6-dfc0-4312-aaec-ec96123cf4e4","text/plain","I am sorry for the inconvenience. I was unable to resolve this for you.","SKYWAVE_PHASE_4_5","75ac2f3c-6509-4b93-ab1c-0f0761e9be7c","","-11.0","18:59:48","","",""
"Input","a9249c5f-8ce3-4b6f-a6ad-7dc0765ef0f9","ud637b5b-4467-40b5-ae0d-b82e564b4f0b","1d637b5b-4467-40b5-ae0d-b82e564b4f0b","text/plain","Show me my upcoming bookings","SKYWAVE_PHASE_4_5","de346155-91af-4d77-a367-6b74903216c4","","-7.0","14:35:00","","",""
"Output","a9249c5f-8ce3-4b6f-a6ad-7dc0765ef0f9","ad637b5b-4467-40b5-ae0d-b82e564b4f0b","1d637b5b-4467-40b5-ae0d-b82e564b4f0b","text/plain","You have one upcoming booking — LH 1927 BER-MUC-SFO, confirmed.","SKYWAVE_PHASE_4_5","8520bf5a-9c09-44e3-a1f0-82565d61d2a9","","-7.0","14:35:03","","",""
"Input","48892322-1c15-48d5-aa47-531a4b538371","ud637b5b-4467-40b5-ae0d-b82e564b4f0b","1d637b5b-4467-40b5-ae0d-b82e564b4f0b","text/plain","Great, thank you!","SKYWAVE_PHASE_4_5","aafd9ee1-fb5a-4555-a8ea-f3799cceb2b2","","-7.0","14:35:56","","",""
"Output","48892322-1c15-48d5-aa47-531a4b538371","ad637b5b-4467-40b5-ae0d-b82e564b4f0b","1d637b5b-4467-40b5-ae0d-b82e564b4f0b","text/plain","You are welcome. Is there anything else I can help with?","SKYWAVE_PHASE_4_5","542d6e3e-0fa8-4e57-a80c-03aaa4ce2af9","","-7.0","14:35:58","","",""
"Input","fe0fce2a-d0f8-481d-a91b-58e728d3440b","u1b5c4e6-5ae7-4694-a1e0-b3df3c096a74","21b5c4e6-5ae7-4694-a1e0-b3df3c096a74","text/plain","I want to change my seat to a window seat","SKYWAVE_PHASE_4_5","ab66c552-a980-469d-a32d-4eab19216939","","-6.0","14:52:00","","",""
"Output","fe0fce2a-d0f8-481d-a91b-58e728d3440b","a1b5c4e6-5ae7-4694-a1e0-b3df3c096a74","21b5c4e6-5ae7-4694-a1e0-b3df3c096a74","text/plain","Sorry, I am unable to change your seat right now. Please try again later.","SKYWAVE_PHASE_4_5","9ba32121-7790-44a3-a9b5-1d801f472159","","-6.0","14:52:03","","",""
"Input","4ea79d5e-74bd-4a4d-ade2-854c9048e04f","u1b5c4e6-5ae7-4694-a1e0-b3df3c096a74","21b5c4e6-5ae7-4694-a1e0-b3df3c096a74","text/plain","This still is not working, I am frustrated.","SKYWAVE_PHASE_4_5","b8b7d6f1-e2f9-4016-ae3c-911b0fd44821","","-6.0","14:55:54","","",""
"Output","4ea79d5e-74bd-4a4d-ade2-854c9048e04f","a1b5c4e6-5ae7-4694-a1e0-b3df3c096a74","21b5c4e6-5ae7-4694-a1e0-b3df3c096a74","text/plain","I am sorry for the inconvenience. I was unable to resolve this for you.","SKYWAVE_PHASE_4_5","7fe34855-04d4-4f91-a58c-072433253c86","","-6.0","14:55:57","","",""
"Input","c7055b55-7c67-4275-a6d6-4425e05ef02f","u05fb06a-30bf-4cdb-a65d-2a55ca24febe","105fb06a-30bf-4cdb-a65d-2a55ca24febe","text/plain","My in-flight wifi did not work, I want a refund","SKYWAVE_PHASE_4_5","3805a553-c27d-49f3-add2-44ae5d67ae99","","-13.0","08:00:00","","",""
"Output","c7055b55-7c67-4275-a6d6-4425e05ef02f","a05fb06a-30bf-4cdb-a65d-2a55ca24febe","105fb06a-30bf-4cdb-a65d-2a55ca24febe","text/plain","I have logged your complaint as case 00012346. A refund will be processed.","SKYWAVE_PHASE_4_5","184cab94-98f9-4aca-aa39-c0269354f400","","-13.0","08:00:03","","",""
"Input","e71dc9ea-6d8b-4984-af6e-cf6e2f2d1d75","u05fb06a-30bf-4cdb-a65d-2a55ca24febe","105fb06a-30bf-4cdb-a65d-2a55ca24febe","text/plain","Okay.","SKYWAVE_PHASE_4_5","5ecb6ed1-55c5-41be-a522-aebd17bb8e09","","-13.0","08:01:12","","",""
"Output","e71dc9ea-6d8b-4984-af6e-cf6e2f2d1d75","a05fb06a-30bf-4cdb-a65d-2a55ca24febe","105fb06a-30bf-4cdb-a65d-2a55ca24febe","text/plain","Understood. Anything else I can help with?","SKYWAVE_PHASE_4_5","5a8f1f38-2701-416c-a2f9-c27157fb7c23","","-13.0","08:01:16","","",""
"Input","61b37944-ff65-4250-ab50-07bd2be075d6","u05fb06a-30bf-4cdb-a65d-2a55ca24febe","105fb06a-30bf-4cdb-a65d-2a55ca24febe","text/plain","My first name is misspelled on my ticket","SKYWAVE_PHASE_4_5","19fdbc61-8515-46e3-a4db-6a8972b13c46","","-13.0","08:01:50","","",""
"Output","61b37944-ff65-4250-ab50-07bd2be075d6","a05fb06a-30bf-4cdb-a65d-2a55ca24febe","105fb06a-30bf-4cdb-a65d-2a55ca24febe","text/plain","I have corrected the spelling on your ticket. Please review the updated itinerary.","SKYWAVE_PHASE_4_5","e9b7fc0e-2b5c-479b-a8ac-3d565bb3b41f","","-13.0","08:01:52","","",""
"Input","2339379f-cf8b-4858-a7eb-ed36e87c7767","u05fb06a-30bf-4cdb-a65d-2a55ca24febe","105fb06a-30bf-4cdb-a65d-2a55ca24febe","text/plain","Great, thank you!","SKYWAVE_PHASE_4_5","bca23072-4ba0-48bd-a917-6f9aae286f70","","-13.0","08:06:47","","",""
"Output","2339379f-cf8b-4858-a7eb-ed36e87c7767","a05fb06a-30bf-4cdb-a65d-2a55ca24febe","105fb06a-30bf-4cdb-a65d-2a55ca24febe","text/plain","You are welcome. Is there anything else I can help with?","SKYWAVE_PHASE_4_5","3b368c1f-a3f0-4ecb-aa16-f44b1fa33b3c","","-13.0","08:06:50","","",""
"Input","d211604c-34fa-4a7c-a6b3-4fb75e7a2809","uc09238e-bee2-48cf-ab17-35d83babc5f8","4c09238e-bee2-48cf-ab17-35d83babc5f8","text/plain","Please correct my last name on booking ABC123","SKYWAVE_PHASE_4_5","185f0529-370e-4247-a6be-18a6d240c80e","","-14.0","13:45:00","","",""
"Output","d211604c-34fa-4a7c-a6b3-4fb75e7a2809","ac09238e-bee2-48cf-ab17-35d83babc5f8","4c09238e-bee2-48cf-ab17-35d83babc5f8","text/plain","I have updated the passenger name on booking ABC123. A confirmation has been sent.","SKYWAVE_PHASE_4_5","e568429c-1ef5-442e-aacb-2986b2acde80","","-14.0","13:45:03","","",""
"Input","302e7e89-3f36-4d00-a687-29c40f52be59","uc09238e-bee2-48cf-ab17-35d83babc5f8","4c09238e-bee2-48cf-ab17-35d83babc5f8","text/plain","Great, thank you!","SKYWAVE_PHASE_4_5","21d3b0e0-5cc3-4df5-a713-b58e24f3580e","","-14.0","13:45:22","","",""
"Output","302e7e89-3f36-4d00-a687-29c40f52be59","ac09238e-bee2-48cf-ab17-35d83babc5f8","4c09238e-bee2-48cf-ab17-35d83babc5f8","text/plain","You are welcome. Is there anything else I can help with?","SKYWAVE_PHASE_4_5","42901c27-fa1b-4559-aa99-87d193858b4e","","-14.0","13:45:25","","",""
"Input","928e653b-a0d2-44fb-a467-81375ce900cc","uc09238e-bee2-48cf-ab17-35d83babc5f8","4c09238e-bee2-48cf-ab17-35d83babc5f8","text/plain","Tell me a joke","SKYWAVE_PHASE_4_5","a34d5715-5b47-4931-afc7-105cda2f608a","","-14.0","13:47:38","","",""
"Output","928e653b-a0d2-44fb-a467-81375ce900cc","ac09238e-bee2-48cf-ab17-35d83babc5f8","4c09238e-bee2-48cf-ab17-35d83babc5f8","text/plain","I am a Skywave booking assistant. How can I help with your travel?","SKYWAVE_PHASE_4_5","817073f7-4852-4c10-ab59-483b24728d45","","-14.0","13:47:41","","",""
"Input","4e8a51b5-4546-411d-a20f-f10014f5cf15","uc09238e-bee2-48cf-ab17-35d83babc5f8","4c09238e-bee2-48cf-ab17-35d83babc5f8","text/plain","This still is not working, I am frustrated.","SKYWAVE_PHASE_4_5","df18a6a5-9f72-4431-a37d-1637f5f1a5b6","","-14.0","13:48:35","","",""
"Output","4e8a51b5-4546-411d-a20f-f10014f5cf15","ac09238e-bee2-48cf-ab17-35d83babc5f8","4c09238e-bee2-48cf-ab17-35d83babc5f8","text/plain","I am sorry for the inconvenience. I was unable to resolve this for you.","SKYWAVE_PHASE_4_5","9cfc77a0-cd3d-4692-ab8b-792e66a44e36","","-14.0","13:48:38","","",""
"Input","263280b8-4ebd-4434-a4b6-1695ff8fc520","u57015f6-5fa5-476c-ab3e-ff6d746a12c2","457015f6-5fa5-476c-ab3e-ff6d746a12c2","text/plain","Tell me a joke","SKYWAVE_PHASE_4_5","bc4fde51-450e-4404-aa65-71a3c3d5638b","","-1.0","17:55:00","","",""
"Output","263280b8-4ebd-4434-a4b6-1695ff8fc520","a57015f6-5fa5-476c-ab3e-ff6d746a12c2","457015f6-5fa5-476c-ab3e-ff6d746a12c2","text/plain","I am a Skywave booking assistant. How can I help with your travel?","SKYWAVE_PHASE_4_5","3529206f-4391-458e-a6a6-decc4a25b821","","-1.0","17:55:02","","",""
"Input","74538f66-b56d-4f04-accc-e024e3950492","u57015f6-5fa5-476c-ab3e-ff6d746a12c2","457015f6-5fa5-476c-ab3e-ff6d746a12c2","text/plain","Okay.","SKYWAVE_PHASE_4_5","e4951caf-05dd-4175-a1b0-3839689cc234","","-1.0","17:56:10","","",""
"Output","74538f66-b56d-4f04-accc-e024e3950492","a57015f6-5fa5-476c-ab3e-ff6d746a12c2","457015f6-5fa5-476c-ab3e-ff6d746a12c2","text/plain","Understood. Anything else I can help with?","SKYWAVE_PHASE_4_5","ff328745-a8bc-49b0-abcc-253d9d3fb769","","-1.0","17:56:13","","",""
"Input","64642a69-8b79-4a48-a197-3ffb36ecb5bb","u03893d1-1e83-47f2-a700-6186cbea5474","503893d1-1e83-47f2-a700-6186cbea5474","text/plain","Can I move from 23B to an aisle seat?","SKYWAVE_PHASE_4_5","ef29d2c6-7c78-43a9-afb5-780f9e7a7657","","-8.0","08:52:00","","",""
"Output","64642a69-8b79-4a48-a197-3ffb36ecb5bb","a03893d1-1e83-47f2-a700-6186cbea5474","503893d1-1e83-47f2-a700-6186cbea5474","text/plain","I could not update your seat assignment. Please contact a service agent.","SKYWAVE_PHASE_4_5","09e9f859-541a-4b79-a413-9e9e5e434bc2","","-8.0","08:52:03","","",""
"Input","9bb8bb7a-f635-4550-a1b7-561ddb4ad8de","u03893d1-1e83-47f2-a700-6186cbea5474","503893d1-1e83-47f2-a700-6186cbea5474","text/plain","This still is not working, I am frustrated.","SKYWAVE_PHASE_4_5","ccdd6b8e-582b-4b28-ac9e-e417a79033bf","","-8.0","08:52:31","","",""
"Output","9bb8bb7a-f635-4550-a1b7-561ddb4ad8de","a03893d1-1e83-47f2-a700-6186cbea5474","503893d1-1e83-47f2-a700-6186cbea5474","text/plain","I am sorry for the inconvenience. I was unable to resolve this for you.","SKYWAVE_PHASE_4_5","12d78ad0-11df-42bb-afd6-44cae6399080","","-8.0","08:52:34","","",""
"Input","a0c0ddb0-c9e6-4a32-ad25-93361c89ee0d","u03893d1-1e83-47f2-a700-6186cbea5474","503893d1-1e83-47f2-a700-6186cbea5474","text/plain","Whats the weather like in Tokyo?","SKYWAVE_PHASE_4_5","00ffab32-74f6-46d1-ab81-f4c8cd59cf6c","","-8.0","08:55:51","","",""
"Output","a0c0ddb0-c9e6-4a32-ad25-93361c89ee0d","a03893d1-1e83-47f2-a700-6186cbea5474","503893d1-1e83-47f2-a700-6186cbea5474","text/plain","I can only help with flight bookings and Skywave loyalty questions.","SKYWAVE_PHASE_4_5","4a4d8d40-77c5-4111-a437-2ed819d0e64a","","-8.0","08:55:53","","",""
"Input","efdc4e3a-4cc4-4e55-a0d6-ed3bbf343dab","u03893d1-1e83-47f2-a700-6186cbea5474","503893d1-1e83-47f2-a700-6186cbea5474","text/plain","Okay.","SKYWAVE_PHASE_4_5","41ec1b2b-04de-4e76-aec7-2695cd73556c","","-8.0","08:56:41","","",""
"Output","efdc4e3a-4cc4-4e55-a0d6-ed3bbf343dab","a03893d1-1e83-47f2-a700-6186cbea5474","503893d1-1e83-47f2-a700-6186cbea5474","text/plain","Understood. Anything else I can help with?","SKYWAVE_PHASE_4_5","aab23a5b-51e2-440b-adaf-b45b7ed80158","","-8.0","08:56:44","","",""
"Input","447dadee-40a5-4932-ad3a-9c49751b83f9","u171ae1c-6144-42b5-a507-7420b8e0b6d6","0171ae1c-6144-42b5-a507-7420b8e0b6d6","text/plain","My first name is misspelled on my ticket","SKYWAVE_PHASE_4_5","7b2d1771-f304-49ab-acab-6b977eea071f","","-4.0","12:04:00","","",""
"Output","447dadee-40a5-4932-ad3a-9c49751b83f9","a171ae1c-6144-42b5-a507-7420b8e0b6d6","0171ae1c-6144-42b5-a507-7420b8e0b6d6","text/plain","I have corrected the spelling on your ticket. Please review the updated itinerary.","SKYWAVE_PHASE_4_5","e9bc9dbc-45b5-4674-a95e-8c5bd860c41c","","-4.0","12:04:03","","",""
"Input","6a0b8f3b-bd1e-4250-a173-2a5aaeec5bd1","u171ae1c-6144-42b5-a507-7420b8e0b6d6","0171ae1c-6144-42b5-a507-7420b8e0b6d6","text/plain","Great, thank you!","SKYWAVE_PHASE_4_5","5daf896e-9fae-4c40-ac67-f700b759b0f2","","-4.0","12:04:18","","",""
"Output","6a0b8f3b-bd1e-4250-a173-2a5aaeec5bd1","a171ae1c-6144-42b5-a507-7420b8e0b6d6","0171ae1c-6144-42b5-a507-7420b8e0b6d6","text/plain","You are welcome. Is there anything else I can help with?","SKYWAVE_PHASE_4_5","472992df-04a7-497e-adc1-d94c40d22ca9","","-4.0","12:04:21","","",""
"Input","f3546f1a-d395-42ea-a3e9-c7b7bd984b39","u171ae1c-6144-42b5-a507-7420b8e0b6d6","0171ae1c-6144-42b5-a507-7420b8e0b6d6","text/plain","Find flights from JFK to HND tomorrow","SKYWAVE_PHASE_4_5","12733d84-0955-4ce4-a813-c724831c12b5","","-4.0","12:05:29","","",""
"Output","f3546f1a-d395-42ea-a3e9-c7b7bd984b39","a171ae1c-6144-42b5-a507-7420b8e0b6d6","0171ae1c-6144-42b5-a507-7420b8e0b6d6","text/plain","I found 4 flights for that route. The cheapest is SW1200 at 1pm for $1,280.","SKYWAVE_PHASE_4_5","bcecb958-7010-4370-af23-c82f4b2a8b5c","","-4.0","12:05:31","","",""
"Input","f4f7d75b-6f68-4b8c-a937-8aab53bc2090","u171ae1c-6144-42b5-a507-7420b8e0b6d6","0171ae1c-6144-42b5-a507-7420b8e0b6d6","text/plain","Great, thank you!","SKYWAVE_PHASE_4_5","7c4668ce-af99-42a3-a7b6-9d4cf759feb8","","-4.0","12:05:57","","",""
"Output","f4f7d75b-6f68-4b8c-a937-8aab53bc2090","a171ae1c-6144-42b5-a507-7420b8e0b6d6","0171ae1c-6144-42b5-a507-7420b8e0b6d6","text/plain","You are welcome. Is there anything else I can help with?","SKYWAVE_PHASE_4_5","25d0ae6e-30a4-436d-acd4-4bf92387d54b","","-4.0","12:06:00","","",""
"Input","cc3e320a-f7b2-41a3-aa00-7e86fb9778a9","u171ae1c-6144-42b5-a507-7420b8e0b6d6","0171ae1c-6144-42b5-a507-7420b8e0b6d6","text/plain","How many miles do I have?","SKYWAVE_PHASE_4_5","27ceec1c-e42c-48ac-a9c3-fab2694700dd","","-4.0","12:06:47","","",""
"Output","cc3e320a-f7b2-41a3-aa00-7e86fb9778a9","a171ae1c-6144-42b5-a507-7420b8e0b6d6","0171ae1c-6144-42b5-a507-7420b8e0b6d6","text/plain","You currently have 18,450 SkyWave miles. You are at Premier tier.","SKYWAVE_PHASE_4_5","c99c4caa-d4de-466f-af4c-c8f026fecf8d","","-4.0","12:06:51","","",""
"Input","03462722-2bfa-47e9-a97f-1d3663e7ac1c","u171ae1c-6144-42b5-a507-7420b8e0b6d6","0171ae1c-6144-42b5-a507-7420b8e0b6d6","text/plain","Great, thank you!","SKYWAVE_PHASE_4_5","1aa96110-bc1e-4168-a4a2-e407e8474b57","","-4.0","12:09:40","","",""
"Output","03462722-2bfa-47e9-a97f-1d3663e7ac1c","a171ae1c-6144-42b5-a507-7420b8e0b6d6","0171ae1c-6144-42b5-a507-7420b8e0b6d6","text/plain","You are welcome. Is there anything else I can help with?","SKYWAVE_PHASE_4_5","c6af6d7f-5f23-4381-a8f7-5741d9272817","","-4.0","12:09:42","","",""
"Input","22f5b403-1e5e-4591-a12a-f71f9e385974","u5e48c8f-6fc6-4046-ac39-6cdb3f3c65c0","a5e48c8f-6fc6-4046-ac39-6cdb3f3c65c0","text/plain","How many miles do I have?","SKYWAVE_PHASE_4_5","3acbf137-243f-419b-a3e3-d61070a301cb","","-5.0","15:26:00","","",""
"Output","22f5b403-1e5e-4591-a12a-f71f9e385974","a5e48c8f-6fc6-4046-ac39-6cdb3f3c65c0","a5e48c8f-6fc6-4046-ac39-6cdb3f3c65c0","text/plain","You currently have 18,450 SkyWave miles. You are at Premier tier.","SKYWAVE_PHASE_4_5","5a3e3d61-fe10-4b1d-a292-1cf5cfaf306b","","-5.0","15:26:04","","",""
"Input","56e4c6c8-066a-4c9b-a594-39491201e5c0","u5e48c8f-6fc6-4046-ac39-6cdb3f3c65c0","a5e48c8f-6fc6-4046-ac39-6cdb3f3c65c0","text/plain","Great, thank you!","SKYWAVE_PHASE_4_5","bfea7465-7870-433e-a1b8-789d6113aac5","","-5.0","15:30:41","","",""
"Output","56e4c6c8-066a-4c9b-a594-39491201e5c0","a5e48c8f-6fc6-4046-ac39-6cdb3f3c65c0","a5e48c8f-6fc6-4046-ac39-6cdb3f3c65c0","text/plain","You are welcome. Is there anything else I can help with?","SKYWAVE_PHASE_4_5","ba2a2cc8-068d-42aa-a737-571e4bec57b9","","-5.0","15:30:44","","",""
"Input","f6ee7a8b-74dc-4084-a414-6a54c5363643","u827f042-fa4a-423f-a862-8133a4c4eb38","5827f042-fa4a-423f-a862-8133a4c4eb38","text/plain","What is my tier status?","SKYWAVE_PHASE_4_5","68656cba-ba0e-4398-ac2b-66f364bd06f5","","-13.0","18:25:00","","",""
"Output","f6ee7a8b-74dc-4084-a414-6a54c5363643","a827f042-fa4a-423f-a862-8133a4c4eb38","5827f042-fa4a-423f-a862-8133a4c4eb38","text/plain","You are Gold tier with 14,200 qualifying points this year.","SKYWAVE_PHASE_4_5","0c0a2ba5-03bc-48f8-a554-4af4cf5337d8","","-13.0","18:25:02","","",""
"Input","87bb66a5-1817-4d64-aa0c-6a304062aeee","u827f042-fa4a-423f-a862-8133a4c4eb38","5827f042-fa4a-423f-a862-8133a4c4eb38","text/plain","Great, thank you!","SKYWAVE_PHASE_4_5","43dd6c6e-775c-4824-a48c-e4617da3e26a","","-13.0","18:26:06","","",""
"Output","87bb66a5-1817-4d64-aa0c-6a304062aeee","a827f042-fa4a-423f-a862-8133a4c4eb38","5827f042-fa4a-423f-a862-8133a4c4eb38","text/plain","You are welcome. Is there anything else I can help with?","SKYWAVE_PHASE_4_5","02abae18-e7ce-4677-a510-bccf9596bb7a","","-13.0","18:26:09","","",""
"Input","daa53e62-68e4-4afd-a365-f2ca11316484","u827f042-fa4a-423f-a862-8133a4c4eb38","5827f042-fa4a-423f-a862-8133a4c4eb38","text/plain","How many miles do I have?","SKYWAVE_PHASE_4_5","a46cf80e-2b3b-42f9-abc5-4174a0c81339","","-13.0","18:29:32","","",""
"Output","daa53e62-68e4-4afd-a365-f2ca11316484","a827f042-fa4a-423f-a862-8133a4c4eb38","5827f042-fa4a-423f-a862-8133a4c4eb38","text/plain","You currently have 18,450 SkyWave miles. You are at Premier tier.","SKYWAVE_PHASE_4_5","0db531eb-9819-4eb9-ae5d-9bdad24c419a","","-13.0","18:29:36","","",""
"Input","2d70a5cf-b3d2-4417-a0bc-816c0eef1898","u827f042-fa4a-423f-a862-8133a4c4eb38","5827f042-fa4a-423f-a862-8133a4c4eb38","text/plain","Great, thank you!","SKYWAVE_PHASE_4_5","b50f2e79-36ae-4460-aa23-6b33bdd9d477","","-13.0","18:30:07","","",""
"Output","2d70a5cf-b3d2-4417-a0bc-816c0eef1898","a827f042-fa4a-423f-a862-8133a4c4eb38","5827f042-fa4a-423f-a862-8133a4c4eb38","text/plain","You are welcome. Is there anything else I can help with?","SKYWAVE_PHASE_4_5","9f11d354-c7a9-4b34-a4ed-fa8726eb94a1","","-13.0","18:30:10","","",""
"Input","54b6f630-a3f7-4021-afe4-3a130e640a09","u7a039b4-c01c-442c-ac9d-18efd3f1718e","17a039b4-c01c-442c-ac9d-18efd3f1718e","text/plain","Show me my upcoming bookings","SKYWAVE_PHASE_4_5","882c8dbc-e2d9-42c3-a040-f1061617a016","","-5.0","10:44:00","","",""
"Output","54b6f630-a3f7-4021-afe4-3a130e640a09","a7a039b4-c01c-442c-ac9d-18efd3f1718e","17a039b4-c01c-442c-ac9d-18efd3f1718e","text/plain","You have one upcoming booking — LH 1927 BER-MUC-SFO, confirmed.","SKYWAVE_PHASE_4_5","760951b6-5ed1-44dd-a7e9-b44a95f47207","","-5.0","10:44:04","","",""
"Input","d369a1fe-4342-4d20-a40f-56fbe839328d","u7a039b4-c01c-442c-ac9d-18efd3f1718e","17a039b4-c01c-442c-ac9d-18efd3f1718e","text/plain","Great, thank you!","SKYWAVE_PHASE_4_5","273e4513-fcab-4c6f-aea7-e8de8143f4ea","","-5.0","10:46:18","","",""
"Output","d369a1fe-4342-4d20-a40f-56fbe839328d","a7a039b4-c01c-442c-ac9d-18efd3f1718e","17a039b4-c01c-442c-ac9d-18efd3f1718e","text/plain","You are welcome. Is there anything else I can help with?","SKYWAVE_PHASE_4_5","4508d8b4-6b21-4d58-ad69-8e012c21da4d","","-5.0","10:46:21","","",""
"Input","77b4a9bf-5e6d-40b5-a917-58636cd03ce2","uf0fade3-ea2c-4981-a486-9d4697b69363","ff0fade3-ea2c-4981-a486-9d4697b69363","text/plain","Show me my upcoming bookings","SKYWAVE_PHASE_4_5","bc56702a-f1ee-4703-acf4-655b16b80432","","-7.0","17:08:00","","",""
"Output","77b4a9bf-5e6d-40b5-a917-58636cd03ce2","af0fade3-ea2c-4981-a486-9d4697b69363","ff0fade3-ea2c-4981-a486-9d4697b69363","text/plain","You have one upcoming booking — LH 1927 BER-MUC-SFO, confirmed.","SKYWAVE_PHASE_4_5","ca52a274-3bd0-4c30-af11-bb7634704ff4","","-7.0","17:08:04","","",""
"Input","e9695b3e-5bf4-4639-aabb-30d1770cd9ec","uf0fade3-ea2c-4981-a486-9d4697b69363","ff0fade3-ea2c-4981-a486-9d4697b69363","text/plain","Great, thank you!","SKYWAVE_PHASE_4_5","0de1a20c-0e99-43b0-a71a-206beb155578","","-7.0","17:09:16","","",""
"Output","e9695b3e-5bf4-4639-aabb-30d1770cd9ec","af0fade3-ea2c-4981-a486-9d4697b69363","ff0fade3-ea2c-4981-a486-9d4697b69363","text/plain","You are welcome. Is there anything else I can help with?","SKYWAVE_PHASE_4_5","df30b1c3-8720-4ce7-ab65-c8de002faa90","","-7.0","17:09:19","","",""
"Input","a48ff8c6-634f-4718-a599-8e73a6edfc01","u72059f0-6cb5-4850-ab8f-0ea8ced27a2e","972059f0-6cb5-4850-ab8f-0ea8ced27a2e","text/plain","Please correct my last name on booking ABC123","SKYWAVE_PHASE_4_5","ee8652c0-a315-4db9-a7c0-66628f0c6018","","-6.0","08:35:00","","",""
"Output","a48ff8c6-634f-4718-a599-8e73a6edfc01","a72059f0-6cb5-4850-ab8f-0ea8ced27a2e","972059f0-6cb5-4850-ab8f-0ea8ced27a2e","text/plain","I have updated the passenger name on booking ABC123. A confirmation has been sent.","SKYWAVE_PHASE_4_5","2f4dc1fd-c6df-4a37-ae25-a9ad73e0c5c1","","-6.0","08:35:03","","",""
"Input","50b65a75-e176-44f0-aa39-f276ab692071","u72059f0-6cb5-4850-ab8f-0ea8ced27a2e","972059f0-6cb5-4850-ab8f-0ea8ced27a2e","text/plain","Great, thank you!","SKYWAVE_PHASE_4_5","257caab7-ff31-4b72-a60a-8092f996832b","","-6.0","08:35:39","","",""
"Output","50b65a75-e176-44f0-aa39-f276ab692071","a72059f0-6cb5-4850-ab8f-0ea8ced27a2e","972059f0-6cb5-4850-ab8f-0ea8ced27a2e","text/plain","You are welcome. Is there anything else I can help with?","SKYWAVE_PHASE_4_5","d2e0acb2-81a0-4632-a697-ee6f74178b9b","","-6.0","08:35:41","","",""
"Input","ffb80c6b-84f9-4b93-aae5-1bbdcef0340a","u603a673-6c3d-47bc-ae02-f3e9ea89f522","e603a673-6c3d-47bc-ae02-f3e9ea89f522","text/plain","Please correct my last name on booking ABC123","SKYWAVE_PHASE_4_5","4ad7f21d-044c-4cc9-a5e6-a9d8154a3287","","-14.0","12:04:00","","",""
"Output","ffb80c6b-84f9-4b93-aae5-1bbdcef0340a","a603a673-6c3d-47bc-ae02-f3e9ea89f522","e603a673-6c3d-47bc-ae02-f3e9ea89f522","text/plain","I have updated the passenger name on booking ABC123. A confirmation has been sent.","SKYWAVE_PHASE_4_5","00dd88ab-d550-4aad-a995-acf3d2c5c434","","-14.0","12:04:03","","",""
"Input","67e26eeb-16d3-49de-a5ee-01fe05438a31","u603a673-6c3d-47bc-ae02-f3e9ea89f522","e603a673-6c3d-47bc-ae02-f3e9ea89f522","text/plain","Great, thank you!","SKYWAVE_PHASE_4_5","bdce7f4d-b282-4fa8-a3b2-16efb815908c","","-14.0","12:04:59","","",""
"Output","67e26eeb-16d3-49de-a5ee-01fe05438a31","a603a673-6c3d-47bc-ae02-f3e9ea89f522","e603a673-6c3d-47bc-ae02-f3e9ea89f522","text/plain","You are welcome. Is there anything else I can help with?","SKYWAVE_PHASE_4_5","d84e2be7-3762-457d-a931-9ab901081da4","","-14.0","12:05:02","","",""
"Input","da6b7d88-3524-4dc3-a785-0f8b37d5d590","u60c2ba6-cae4-4be0-a1c6-a1807b9d3dd4","a60c2ba6-cae4-4be0-a1c6-a1807b9d3dd4","text/plain","My in-flight wifi did not work, I want a refund","SKYWAVE_PHASE_4_5","88469b33-476a-4c7f-ac9e-505b90125896","","-3.0","15:37:00","","",""
"Output","da6b7d88-3524-4dc3-a785-0f8b37d5d590","a60c2ba6-cae4-4be0-a1c6-a1807b9d3dd4","a60c2ba6-cae4-4be0-a1c6-a1807b9d3dd4","text/plain","I have logged your complaint as case 00012346. A refund will be processed.","SKYWAVE_PHASE_4_5","5d2b6382-1b1a-4788-a80c-de297979ef9d","","-3.0","15:37:04","","",""
"Input","2f13b465-3974-4969-adfd-297922b36d7b","u60c2ba6-cae4-4be0-a1c6-a1807b9d3dd4","a60c2ba6-cae4-4be0-a1c6-a1807b9d3dd4","text/plain","Great, thank you!","SKYWAVE_PHASE_4_5","b23a984c-117b-47d0-a4f2-4d6b229d3913","","-3.0","15:41:46","","",""
"Output","2f13b465-3974-4969-adfd-297922b36d7b","a60c2ba6-cae4-4be0-a1c6-a1807b9d3dd4","a60c2ba6-cae4-4be0-a1c6-a1807b9d3dd4","text/plain","You are welcome. Is there anything else I can help with?","SKYWAVE_PHASE_4_5","ad220b43-5be2-4dc7-a0f1-5646092a4f39","","-3.0","15:41:50","","",""
"Input","3dd6a568-c218-4616-a879-9cb72201a518","uec292a8-82c9-49cb-a8e5-f789ee7f1fda","cec292a8-82c9-49cb-a8e5-f789ee7f1fda","text/plain","What is my tier status?","SKYWAVE_PHASE_4_5","3735f9fe-caf7-4209-a495-11bf7bc4d68d","","-6.0","16:26:00","","",""
"Output","3dd6a568-c218-4616-a879-9cb72201a518","aec292a8-82c9-49cb-a8e5-f789ee7f1fda","cec292a8-82c9-49cb-a8e5-f789ee7f1fda","text/plain","You are Gold tier with 14,200 qualifying points this year.","SKYWAVE_PHASE_4_5","6ef6ddb7-e56a-4c7c-abe2-431bf1300638","","-6.0","16:26:04","","",""
"Input","124161d1-1324-4cd9-a15b-bfce37fad302","uec292a8-82c9-49cb-a8e5-f789ee7f1fda","cec292a8-82c9-49cb-a8e5-f789ee7f1fda","text/plain","Great, thank you!","SKYWAVE_PHASE_4_5","4d8d5e18-b127-4ee0-ac5a-ed0d1549259d","","-6.0","16:26:44","","",""
"Output","124161d1-1324-4cd9-a15b-bfce37fad302","aec292a8-82c9-49cb-a8e5-f789ee7f1fda","cec292a8-82c9-49cb-a8e5-f789ee7f1fda","text/plain","You are welcome. Is there anything else I can help with?","SKYWAVE_PHASE_4_5","67843438-1fdc-41bd-ada9-69b934e6a7cd","","-6.0","16:26:46","","",""
"Input","cf65de5b-4160-49ed-a24e-be10dc087e14","uec292a8-82c9-49cb-a8e5-f789ee7f1fda","cec292a8-82c9-49cb-a8e5-f789ee7f1fda","text/plain","I want to select seat 1A for my flight","SKYWAVE_PHASE_4_5","2ac84583-6c89-4bdf-a8c1-76d5515acc96","","-6.0","16:29:25","","",""
"Output","cf65de5b-4160-49ed-a24e-be10dc087e14","aec292a8-82c9-49cb-a8e5-f789ee7f1fda","cec292a8-82c9-49cb-a8e5-f789ee7f1fda","text/plain","I was unable to retrieve the seat map automatically and could not assign the seat.","SKYWAVE_PHASE_4_5","75635f12-a5cf-46ef-a266-673143a61e03","","-6.0","16:29:29","","",""
"Input","4c2a500c-536f-4a04-ac9c-f110c0be45a5","uec292a8-82c9-49cb-a8e5-f789ee7f1fda","cec292a8-82c9-49cb-a8e5-f789ee7f1fda","text/plain","This still is not working, I am frustrated.","SKYWAVE_PHASE_4_5","61b7ef0f-54e8-4134-a83d-cf77d5cef5fa","","-6.0","16:30:31","","",""
"Output","4c2a500c-536f-4a04-ac9c-f110c0be45a5","aec292a8-82c9-49cb-a8e5-f789ee7f1fda","cec292a8-82c9-49cb-a8e5-f789ee7f1fda","text/plain","I am sorry for the inconvenience. I was unable to resolve this for you.","SKYWAVE_PHASE_4_5","2140ff47-5de3-4347-a440-2e18e07cc561","","-6.0","16:30:33","","",""
"Input","cf290eeb-3b2f-4ad5-a836-5ced90333595","u1bfe05e-20db-464b-a514-534e8df15a7c","21bfe05e-20db-464b-a514-534e8df15a7c","text/plain","I want to change my seat to a window seat","SKYWAVE_PHASE_4_5","f6c7533e-b74f-45d3-a7b9-59c95a2874ea","","-14.0","18:00:00","","",""
"Output","cf290eeb-3b2f-4ad5-a836-5ced90333595","a1bfe05e-20db-464b-a514-534e8df15a7c","21bfe05e-20db-464b-a514-534e8df15a7c","text/plain","Sorry, I am unable to change your seat right now. Please try again later.","SKYWAVE_PHASE_4_5","d4a876da-74f9-4b16-aa82-690920d75dbe","","-14.0","18:00:04","","",""
"Input","2b703ab5-8f45-48f9-ada6-66b63497adec","u1bfe05e-20db-464b-a514-534e8df15a7c","21bfe05e-20db-464b-a514-534e8df15a7c","text/plain","This still is not working, I am frustrated.","SKYWAVE_PHASE_4_5","38bb01a9-297a-4fa6-a5a6-2981ac2ef842","","-14.0","18:00:58","","",""
"Output","2b703ab5-8f45-48f9-ada6-66b63497adec","a1bfe05e-20db-464b-a514-534e8df15a7c","21bfe05e-20db-464b-a514-534e8df15a7c","text/plain","I am sorry for the inconvenience. I was unable to resolve this for you.","SKYWAVE_PHASE_4_5","1e00e96c-2ca5-4be4-a25a-8d9d3817d083","","-14.0","18:01:01","","",""
"Input","29cccf83-55d9-4cc5-a93c-0ff2d5440c32","u59df7af-8bce-4ef4-aefb-decb4eaf7411","459df7af-8bce-4ef4-aefb-decb4eaf7411","text/plain","Find flights from JFK to HND tomorrow","SKYWAVE_PHASE_4_5","29576bf6-f3d3-4a6c-ac11-fac24034e971","","-2.0","17:54:00","","",""
"Output","29cccf83-55d9-4cc5-a93c-0ff2d5440c32","a59df7af-8bce-4ef4-aefb-decb4eaf7411","459df7af-8bce-4ef4-aefb-decb4eaf7411","text/plain","I found 4 flights for that route. The cheapest is SW1200 at 1pm for $1,280.","SKYWAVE_PHASE_4_5","a4771110-cd90-4af2-a4e9-db0e3eec0d99","","-2.0","17:54:04","","",""
"Input","b69eeb72-81d3-44c6-ae20-534a40f61ffd","u59df7af-8bce-4ef4-aefb-decb4eaf7411","459df7af-8bce-4ef4-aefb-decb4eaf7411","text/plain","Great, thank you!","SKYWAVE_PHASE_4_5","547c5eea-a6f4-4a18-ab46-c2258e82400c","","-2.0","17:56:30","","",""
"Output","b69eeb72-81d3-44c6-ae20-534a40f61ffd","a59df7af-8bce-4ef4-aefb-decb4eaf7411","459df7af-8bce-4ef4-aefb-decb4eaf7411","text/plain","You are welcome. Is there anything else I can help with?","SKYWAVE_PHASE_4_5","7b9d56b6-b28f-4b0e-a29d-7ea226ab2a4e","","-2.0","17:56:32","","",""
"Input","6640666d-f929-4eff-abc2-bfda094ccdf0","ue773e2a-cb45-404f-ab4f-78c85ce176c1","7e773e2a-cb45-404f-ab4f-78c85ce176c1","text/plain","I want to change my seat to a window seat","SKYWAVE_PHASE_4_5","08fa41a6-cec6-4104-a936-ed407ea7a9b3","","-2.0","10:59:00","","",""
"Output","6640666d-f929-4eff-abc2-bfda094ccdf0","ae773e2a-cb45-404f-ab4f-78c85ce176c1","7e773e2a-cb45-404f-ab4f-78c85ce176c1","text/plain","Sorry, I am unable to change your seat right now. Please try again later.","SKYWAVE_PHASE_4_5","8102c9f6-11c6-478d-acc3-3a218f19a807","","-2.0","10:59:02","","",""
"Input","964b7cf2-28eb-4189-a1c9-1002f4088372","ue773e2a-cb45-404f-ab4f-78c85ce176c1","7e773e2a-cb45-404f-ab4f-78c85ce176c1","text/plain","This still is not working, I am frustrated.","SKYWAVE_PHASE_4_5","5fd9c49a-be2b-45bb-abd8-220af3e943dc","","-2.0","11:00:10","","",""
"Output","964b7cf2-28eb-4189-a1c9-1002f4088372","ae773e2a-cb45-404f-ab4f-78c85ce176c1","7e773e2a-cb45-404f-ab4f-78c85ce176c1","text/plain","I am sorry for the inconvenience. I was unable to resolve this for you.","SKYWAVE_PHASE_4_5","8292821c-9197-455b-a221-22b172c33b07","","-2.0","11:00:13","","",""
"Input","b6ac7535-8af5-44d3-a059-33fce46b751d","u96f2c32-5eda-4e61-aab1-5c17671f23b8","796f2c32-5eda-4e61-aab1-5c17671f23b8","text/plain","Can I move from 23B to an aisle seat?","SKYWAVE_PHASE_4_5","af52ac47-548c-41df-a474-3428183689ab","","-3.0","08:07:00","","",""
"Output","b6ac7535-8af5-44d3-a059-33fce46b751d","a96f2c32-5eda-4e61-aab1-5c17671f23b8","796f2c32-5eda-4e61-aab1-5c17671f23b8","text/plain","I could not update your seat assignment. Please contact a service agent.","SKYWAVE_PHASE_4_5","b9c61fcd-6973-4eb3-a269-788156a7550a","","-3.0","08:07:04","","",""
"Input","5069bc49-4626-4a8f-a093-baf60b1fe0ba","u96f2c32-5eda-4e61-aab1-5c17671f23b8","796f2c32-5eda-4e61-aab1-5c17671f23b8","text/plain","This still is not working, I am frustrated.","SKYWAVE_PHASE_4_5","bb3f6491-0492-41b2-a9d5-c98212143c2c","","-3.0","08:07:51","","",""
"Output","5069bc49-4626-4a8f-a093-baf60b1fe0ba","a96f2c32-5eda-4e61-aab1-5c17671f23b8","796f2c32-5eda-4e61-aab1-5c17671f23b8","text/plain","I am sorry for the inconvenience. I was unable to resolve this for you.","SKYWAVE_PHASE_4_5","acfb54a3-0399-4dab-ad30-12156ba06e16","","-3.0","08:07:55","","",""
"Input","48a6afb2-def8-4ba4-afa0-509fb8882afd","u96f2c32-5eda-4e61-aab1-5c17671f23b8","796f2c32-5eda-4e61-aab1-5c17671f23b8","text/plain","Tell me a joke","SKYWAVE_PHASE_4_5","a2255495-a812-4fa0-ae00-9743bd54c07e","","-3.0","08:12:40","","",""
"Output","48a6afb2-def8-4ba4-afa0-509fb8882afd","a96f2c32-5eda-4e61-aab1-5c17671f23b8","796f2c32-5eda-4e61-aab1-5c17671f23b8","text/plain","I am a Skywave booking assistant. How can I help with your travel?","SKYWAVE_PHASE_4_5","e70c2fc3-b2b6-4326-a791-e8b11f53ccc4","","-3.0","08:12:43","","",""
"Input","7842374d-7c2a-4150-ab23-c07e10a2c0af","u96f2c32-5eda-4e61-aab1-5c17671f23b8","796f2c32-5eda-4e61-aab1-5c17671f23b8","text/plain","This still is not working, I am frustrated.","SKYWAVE_PHASE_4_5","cd85b342-da24-41c7-a878-d38b42f28bbf","","-3.0","08:13:30","","",""
"Output","7842374d-7c2a-4150-ab23-c07e10a2c0af","a96f2c32-5eda-4e61-aab1-5c17671f23b8","796f2c32-5eda-4e61-aab1-5c17671f23b8","text/plain","I am sorry for the inconvenience. I was unable to resolve this for you.","SKYWAVE_PHASE_4_5","ed38eb85-e854-490a-a66b-b61234e77b28","","-3.0","08:13:32","","",""
"Input","081154bd-c478-4cee-abc1-22c1ee052380","ue68250c-e3b9-4a60-a3bd-dbb801bf3b30","0e68250c-e3b9-4a60-a3bd-dbb801bf3b30","text/plain","Can I move from 23B to an aisle seat?","SKYWAVE_PHASE_4_5","4e38fd4e-c7b8-424d-a62d-f0e9f0f80f70","","-1.0","19:52:00","","",""
"Output","081154bd-c478-4cee-abc1-22c1ee052380","ae68250c-e3b9-4a60-a3bd-dbb801bf3b30","0e68250c-e3b9-4a60-a3bd-dbb801bf3b30","text/plain","I could not update your seat assignment. Please contact a service agent.","SKYWAVE_PHASE_4_5","e6538533-859b-4fb9-a8ba-184db0b51c3f","","-1.0","19:52:04","","",""
"Input","1fff6793-297c-4aac-a371-97008fdb1a00","ue68250c-e3b9-4a60-a3bd-dbb801bf3b30","0e68250c-e3b9-4a60-a3bd-dbb801bf3b30","text/plain","This still is not working, I am frustrated.","SKYWAVE_PHASE_4_5","faeaa27e-884b-400e-ad3f-f4af6618a54b","","-1.0","19:53:13","","",""
"Output","1fff6793-297c-4aac-a371-97008fdb1a00","ae68250c-e3b9-4a60-a3bd-dbb801bf3b30","0e68250c-e3b9-4a60-a3bd-dbb801bf3b30","text/plain","I am sorry for the inconvenience. I was unable to resolve this for you.","SKYWAVE_PHASE_4_5","2116f46b-3ae0-4aca-acb6-00ed60966966","","-1.0","19:53:16","","",""
"Input","4e1f5d31-d50f-4d86-a033-30dda3681742","u2ae9220-8bb1-4042-a9ae-32052aaa7d44","82ae9220-8bb1-4042-a9ae-32052aaa7d44","text/plain","I want to select seat 1A for my flight","SKYWAVE_PHASE_4_5","64679ede-7bad-4dda-a519-310385577958","","-9.0","18:49:00","","",""
"Output","4e1f5d31-d50f-4d86-a033-30dda3681742","a2ae9220-8bb1-4042-a9ae-32052aaa7d44","82ae9220-8bb1-4042-a9ae-32052aaa7d44","text/plain","I was unable to retrieve the seat map automatically and could not assign the seat.","SKYWAVE_PHASE_4_5","01d512ed-169c-4201-ab53-b62f2ec264dc","","-9.0","18:49:03","","",""
"Input","6ded1553-b9d1-4f06-a2c6-1e972b152772","u2ae9220-8bb1-4042-a9ae-32052aaa7d44","82ae9220-8bb1-4042-a9ae-32052aaa7d44","text/plain","This still is not working, I am frustrated.","SKYWAVE_PHASE_4_5","89a44317-8058-4342-a30d-f865e0d82133","","-9.0","18:49:59","","",""
"Output","6ded1553-b9d1-4f06-a2c6-1e972b152772","a2ae9220-8bb1-4042-a9ae-32052aaa7d44","82ae9220-8bb1-4042-a9ae-32052aaa7d44","text/plain","I am sorry for the inconvenience. I was unable to resolve this for you.","SKYWAVE_PHASE_4_5","48f08a68-d856-4bb4-abd0-2194bd2ac235","","-9.0","18:50:01","","",""
"Input","d860a7ed-b749-408c-a767-9f39e5278722","u2ae9220-8bb1-4042-a9ae-32052aaa7d44","82ae9220-8bb1-4042-a9ae-32052aaa7d44","text/plain","I lost my luggage in Munich last week, can you help?","SKYWAVE_PHASE_4_5","334e38a1-45d0-4f1f-a07f-94909b2af816","","-9.0","18:52:50","","",""
"Output","d860a7ed-b749-408c-a767-9f39e5278722","a2ae9220-8bb1-4042-a9ae-32052aaa7d44","82ae9220-8bb1-4042-a9ae-32052aaa7d44","text/plain","I have created case 00012345 for your lost luggage. We will contact you within 24 hours.","SKYWAVE_PHASE_4_5","76129658-dd0b-422c-ab3d-5c99dd3356e0","","-9.0","18:52:52","","",""
"Input","0f8e5cf0-fefa-430d-a8f9-c3b1f7fd6769","u2ae9220-8bb1-4042-a9ae-32052aaa7d44","82ae9220-8bb1-4042-a9ae-32052aaa7d44","text/plain","Okay.","SKYWAVE_PHASE_4_5","ca2496e9-025a-42d3-af67-e9867f37b4dd","","-9.0","18:53:24","","",""
"Output","0f8e5cf0-fefa-430d-a8f9-c3b1f7fd6769","a2ae9220-8bb1-4042-a9ae-32052aaa7d44","82ae9220-8bb1-4042-a9ae-32052aaa7d44","text/plain","Understood. Anything else I can help with?","SKYWAVE_PHASE_4_5","eebf84ac-8605-46a5-a8db-391f22859864","","-9.0","18:53:28","","",""
"Input","90828dae-46c6-4b63-a2af-832d51c799e1","uba11486-1105-418c-af42-199e6664852f","eba11486-1105-418c-af42-199e6664852f","text/plain","I want to select seat 1A for my flight","SKYWAVE_PHASE_4_5","80004e52-76c9-4c98-a924-b0888684c26b","","-12.0","14:59:00","","",""
"Output","90828dae-46c6-4b63-a2af-832d51c799e1","aba11486-1105-418c-af42-199e6664852f","eba11486-1105-418c-af42-199e6664852f","text/plain","I was unable to retrieve the seat map automatically and could not assign the seat.","SKYWAVE_PHASE_4_5","ae5cf091-2720-4fe2-a498-26880f9d90d6","","-12.0","14:59:04","","",""
"Input","8b3bca48-7009-45d0-ad38-9d656f3c67cb","uba11486-1105-418c-af42-199e6664852f","eba11486-1105-418c-af42-199e6664852f","text/plain","This still is not working, I am frustrated.","SKYWAVE_PHASE_4_5","f07b4fff-543f-46d9-aa5a-bba490a2aafa","","-12.0","14:59:42","","",""
"Output","8b3bca48-7009-45d0-ad38-9d656f3c67cb","aba11486-1105-418c-af42-199e6664852f","eba11486-1105-418c-af42-199e6664852f","text/plain","I am sorry for the inconvenience. I was unable to resolve this for you.","SKYWAVE_PHASE_4_5","22fb5c56-a9a9-46ea-a007-9d8e4a52611b","","-12.0","14:59:46","","",""
"Input","a2272799-b2f6-4547-a3e8-32590d14f2f2","uba11486-1105-418c-af42-199e6664852f","eba11486-1105-418c-af42-199e6664852f","text/plain","Can I move from 23B to an aisle seat?","SKYWAVE_PHASE_4_5","912dc705-f887-4da2-adfc-ea9a7ba47528","","-12.0","15:04:27","","",""
"Output","a2272799-b2f6-4547-a3e8-32590d14f2f2","aba11486-1105-418c-af42-199e6664852f","eba11486-1105-418c-af42-199e6664852f","text/plain","I could not update your seat assignment. Please contact a service agent.","SKYWAVE_PHASE_4_5","c9e5953a-8d57-410a-aa87-4f823543fd51","","-12.0","15:04:31","","",""
"Input","198a42cc-d2f5-4e52-a89c-7938ed33a61f","uba11486-1105-418c-af42-199e6664852f","eba11486-1105-418c-af42-199e6664852f","text/plain","This still is not working, I am frustrated.","SKYWAVE_PHASE_4_5","c16c3548-3fb8-4fe2-aa5e-633be301204b","","-12.0","15:04:59","","",""
"Output","198a42cc-d2f5-4e52-a89c-7938ed33a61f","aba11486-1105-418c-af42-199e6664852f","eba11486-1105-418c-af42-199e6664852f","text/plain","I am sorry for the inconvenience. I was unable to resolve this for you.","SKYWAVE_PHASE_4_5","b3b696dd-489c-4705-a5f3-477b505b3bc0","","-12.0","15:05:01","","",""
"Input","ae720d29-a9c7-4d45-a0e5-c7277ce4b414","u4f4fcf7-9e4d-46cc-aaa8-677cdc3d8817","84f4fcf7-9e4d-46cc-aaa8-677cdc3d8817","text/plain","Tell me a joke","SKYWAVE_PHASE_4_5","2185e086-71be-4b27-a1dd-df71436f93a4","","-8.0","12:26:00","","",""
"Output","ae720d29-a9c7-4d45-a0e5-c7277ce4b414","a4f4fcf7-9e4d-46cc-aaa8-677cdc3d8817","84f4fcf7-9e4d-46cc-aaa8-677cdc3d8817","text/plain","I am a Skywave booking assistant. How can I help with your travel?","SKYWAVE_PHASE_4_5","7d2ce3e1-bbe6-4c20-a7a9-dd0c5732081e","","-8.0","12:26:04","","",""
"Input","b55fb440-a0b8-4227-af04-35bd2c013bf1","u4f4fcf7-9e4d-46cc-aaa8-677cdc3d8817","84f4fcf7-9e4d-46cc-aaa8-677cdc3d8817","text/plain","Okay.","SKYWAVE_PHASE_4_5","70b0e9dd-8a98-48ff-a636-89ecc1847612","","-8.0","12:28:10","","",""
"Output","b55fb440-a0b8-4227-af04-35bd2c013bf1","a4f4fcf7-9e4d-46cc-aaa8-677cdc3d8817","84f4fcf7-9e4d-46cc-aaa8-677cdc3d8817","text/plain","Understood. Anything else I can help with?","SKYWAVE_PHASE_4_5","d6821e14-eab0-41ee-ab40-07b85d81d3fd","","-8.0","12:28:13","","",""
"Input","aaecacd3-80c2-4016-a256-ae9ad5a19024","u633a09c-03f8-49d5-a70a-004a308af979","2633a09c-03f8-49d5-a70a-004a308af979","text/plain","I lost my luggage in Munich last week, can you help?","SKYWAVE_PHASE_4_5","7993ba97-bb6a-443f-a2fc-d31fb09ea627","","-12.0","08:44:00","","",""
"Output","aaecacd3-80c2-4016-a256-ae9ad5a19024","a633a09c-03f8-49d5-a70a-004a308af979","2633a09c-03f8-49d5-a70a-004a308af979","text/plain","I have created case 00012345 for your lost luggage. We will contact you within 24 hours.","SKYWAVE_PHASE_4_5","075cb2e0-f6e8-49e1-ac16-d80cc4db34e2","","-12.0","08:44:02","","",""
"Input","a2ed122f-31a3-4ad1-ab27-b04e0a0f4de8","u633a09c-03f8-49d5-a70a-004a308af979","2633a09c-03f8-49d5-a70a-004a308af979","text/plain","Okay.","SKYWAVE_PHASE_4_5","2c629db3-d8d2-4417-a9d1-161ae6ca4921","","-12.0","08:44:36","","",""
"Output","a2ed122f-31a3-4ad1-ab27-b04e0a0f4de8","a633a09c-03f8-49d5-a70a-004a308af979","2633a09c-03f8-49d5-a70a-004a308af979","text/plain","Understood. Anything else I can help with?","SKYWAVE_PHASE_4_5","432d0f7c-a21b-4d37-aaea-b6a6aad86af2","","-12.0","08:44:38","","",""
"Input","bad6afb0-aba2-4836-a829-415647b34cd8","u633a09c-03f8-49d5-a70a-004a308af979","2633a09c-03f8-49d5-a70a-004a308af979","text/plain","I want to select seat 1A for my flight","SKYWAVE_PHASE_4_5","7f540871-bd1f-4858-a6db-addbd6d68499","","-12.0","08:45:16","","",""
"Output","bad6afb0-aba2-4836-a829-415647b34cd8","a633a09c-03f8-49d5-a70a-004a308af979","2633a09c-03f8-49d5-a70a-004a308af979","text/plain","I was unable to retrieve the seat map automatically and could not assign the seat.","SKYWAVE_PHASE_4_5","0ba1a73d-7a0b-49db-a0a4-9c07e2d524fb","","-12.0","08:45:18","","",""
"Input","95ee7945-18c5-421f-aa04-01664cc64031","u633a09c-03f8-49d5-a70a-004a308af979","2633a09c-03f8-49d5-a70a-004a308af979","text/plain","This still is not working, I am frustrated.","SKYWAVE_PHASE_4_5","dc77d6fe-71ca-4f53-ad7e-522e6deb3dfe","","-12.0","08:45:41","","",""
"Output","95ee7945-18c5-421f-aa04-01664cc64031","a633a09c-03f8-49d5-a70a-004a308af979","2633a09c-03f8-49d5-a70a-004a308af979","text/plain","I am sorry for the inconvenience. I was unable to resolve this for you.","SKYWAVE_PHASE_4_5","ef138185-9c8a-46c2-a2ca-f306966becfc","","-12.0","08:45:43","","",""
"Input","0f0ae90e-d4bd-448b-ab58-3ca7381e81d8","u9aeb135-a0a5-4477-a7d3-18417f74f5e9","e9aeb135-a0a5-4477-a7d3-18417f74f5e9","text/plain","Please correct my last name on booking ABC123","SKYWAVE_PHASE_4_5","f46b4132-acb7-4092-ad83-b5a6b3708804","","-2.0","18:41:00","","",""
"Output","0f0ae90e-d4bd-448b-ab58-3ca7381e81d8","a9aeb135-a0a5-4477-a7d3-18417f74f5e9","e9aeb135-a0a5-4477-a7d3-18417f74f5e9","text/plain","I have updated the passenger name on booking ABC123. A confirmation has been sent.","SKYWAVE_PHASE_4_5","edab473b-1083-4eca-a711-0e7d1a2bd1cd","","-2.0","18:41:03","","",""
"Input","a925ae75-3b51-48db-abc1-223637d4967f","u9aeb135-a0a5-4477-a7d3-18417f74f5e9","e9aeb135-a0a5-4477-a7d3-18417f74f5e9","text/plain","Great, thank you!","SKYWAVE_PHASE_4_5","4c2322b1-da1c-4a46-ae7d-91563294b661","","-2.0","18:43:13","","",""
"Output","a925ae75-3b51-48db-abc1-223637d4967f","a9aeb135-a0a5-4477-a7d3-18417f74f5e9","e9aeb135-a0a5-4477-a7d3-18417f74f5e9","text/plain","You are welcome. Is there anything else I can help with?","SKYWAVE_PHASE_4_5","41ed8e4e-8358-4297-a1ce-c39603f977e4","","-2.0","18:43:15","","",""
"Input","9aec0824-2961-4ab3-adc5-e1b278528e75","u9aeb135-a0a5-4477-a7d3-18417f74f5e9","e9aeb135-a0a5-4477-a7d3-18417f74f5e9","text/plain","Cancel my booking ABC123","SKYWAVE_PHASE_4_5","86eefa7e-c530-4d20-afd3-6ff66c07bbaf","","-2.0","18:44:22","","",""
"Output","9aec0824-2961-4ab3-adc5-e1b278528e75","a9aeb135-a0a5-4477-a7d3-18417f74f5e9","e9aeb135-a0a5-4477-a7d3-18417f74f5e9","text/plain","I have cancelled booking ABC123. A refund of $480 will be issued.","SKYWAVE_PHASE_4_5","8383cb84-55eb-420f-a5ad-67fa76cafaa9","","-2.0","18:44:25","","",""
"Input","c724328d-0fa9-4891-a798-9e5936b5cd86","u9aeb135-a0a5-4477-a7d3-18417f74f5e9","e9aeb135-a0a5-4477-a7d3-18417f74f5e9","text/plain","Great, thank you!","SKYWAVE_PHASE_4_5","eef7a0d5-4053-476b-a16d-d969946f2afb","","-2.0","18:45:34","","",""
"Output","c724328d-0fa9-4891-a798-9e5936b5cd86","a9aeb135-a0a5-4477-a7d3-18417f74f5e9","e9aeb135-a0a5-4477-a7d3-18417f74f5e9","text/plain","You are welcome. Is there anything else I can help with?","SKYWAVE_PHASE_4_5","fc9a14be-ad44-4ac3-a51c-81ddd5d6da2c","","-2.0","18:45:38","","",""
"Input","26759b22-f1b7-4d0c-a341-61236f862bd3","u2453943-b670-4482-a678-e9bed243d91d","72453943-b670-4482-a678-e9bed243d91d","text/plain","How many miles do I have?","SKYWAVE_PHASE_4_5","b99fdb31-c19b-45c8-aa6b-e1d2bdebb156","","-8.0","18:07:00","","",""
"Output","26759b22-f1b7-4d0c-a341-61236f862bd3","a2453943-b670-4482-a678-e9bed243d91d","72453943-b670-4482-a678-e9bed243d91d","text/plain","You currently have 18,450 SkyWave miles. You are at Premier tier.","SKYWAVE_PHASE_4_5","43447583-181e-452a-aeaa-ded2da8e9450","","-8.0","18:07:04","","",""
"Input","96cdd865-28b0-486f-a3c1-6909dad98b77","u2453943-b670-4482-a678-e9bed243d91d","72453943-b670-4482-a678-e9bed243d91d","text/plain","Great, thank you!","SKYWAVE_PHASE_4_5","24f2cd74-d14e-45b8-ac08-5ad5a1039352","","-8.0","18:09:51","","",""
"Output","96cdd865-28b0-486f-a3c1-6909dad98b77","a2453943-b670-4482-a678-e9bed243d91d","72453943-b670-4482-a678-e9bed243d91d","text/plain","You are welcome. Is there anything else I can help with?","SKYWAVE_PHASE_4_5","3ecfd367-1b54-464b-a21c-b7c00a61a300","","-8.0","18:09:53","","",""
"Input","d98c1f30-3316-4a05-a513-fa5aa9023211","ue161f8e-8403-4dff-ae96-00c7a6844469","7e161f8e-8403-4dff-ae96-00c7a6844469","text/plain","Can I move from 23B to an aisle seat?","SKYWAVE_PHASE_4_5","57725f60-9073-4e75-a470-3307f5c1703a","","-11.0","15:15:00","","",""
"Output","d98c1f30-3316-4a05-a513-fa5aa9023211","ae161f8e-8403-4dff-ae96-00c7a6844469","7e161f8e-8403-4dff-ae96-00c7a6844469","text/plain","I could not update your seat assignment. Please contact a service agent.","SKYWAVE_PHASE_4_5","38b4766c-630a-468f-adbd-d0ea4cfb1e3f","","-11.0","15:15:04","","",""
"Input","0fe00eef-1dcc-4fae-a495-9c0c056bdb08","ue161f8e-8403-4dff-ae96-00c7a6844469","7e161f8e-8403-4dff-ae96-00c7a6844469","text/plain","This still is not working, I am frustrated.","SKYWAVE_PHASE_4_5","eaa31370-5e2e-4381-a1fa-3313f8f8789e","","-11.0","15:17:37","","",""
"Output","0fe00eef-1dcc-4fae-a495-9c0c056bdb08","ae161f8e-8403-4dff-ae96-00c7a6844469","7e161f8e-8403-4dff-ae96-00c7a6844469","text/plain","I am sorry for the inconvenience. I was unable to resolve this for you.","SKYWAVE_PHASE_4_5","96449415-d279-4882-ac2c-4d581fe8b146","","-11.0","15:17:39","","",""
"Input","be13aaab-dcdc-4dc2-a773-adaa3c4902bd","uabbe353-ef6b-4df8-aa7c-21aeafff2ec4","0abbe353-ef6b-4df8-aa7c-21aeafff2ec4","text/plain","How many miles do I have?","SKYWAVE_PHASE_4_5","3b75c56d-ad33-43d4-ae69-a9d30d74e6f3","","-10.0","18:49:00","","",""
"Output","be13aaab-dcdc-4dc2-a773-adaa3c4902bd","aabbe353-ef6b-4df8-aa7c-21aeafff2ec4","0abbe353-ef6b-4df8-aa7c-21aeafff2ec4","text/plain","You currently have 18,450 SkyWave miles. You are at Premier tier.","SKYWAVE_PHASE_4_5","e17f6fbc-376f-4d48-a9aa-ebde8b4279b7","","-10.0","18:49:02","","",""
"Input","595a2bac-67c1-4694-aab1-c1dd29219958","uabbe353-ef6b-4df8-aa7c-21aeafff2ec4","0abbe353-ef6b-4df8-aa7c-21aeafff2ec4","text/plain","Great, thank you!","SKYWAVE_PHASE_4_5","b99e1565-c0c8-4c96-a84d-bbc42cb3ddca","","-10.0","18:49:57","","",""
"Output","595a2bac-67c1-4694-aab1-c1dd29219958","aabbe353-ef6b-4df8-aa7c-21aeafff2ec4","0abbe353-ef6b-4df8-aa7c-21aeafff2ec4","text/plain","You are welcome. Is there anything else I can help with?","SKYWAVE_PHASE_4_5","0ebfc326-d18f-4c54-a912-3f1fa106730d","","-10.0","18:49:59","","",""
"Input","2f2c4552-da63-40d3-aa21-424627a15400","u1108bc0-47c8-4d9d-a59c-4835e287b070","f1108bc0-47c8-4d9d-a59c-4835e287b070","text/plain","Cancel my booking ABC123","SKYWAVE_PHASE_4_5","5f3bffdd-29df-4cc8-af78-f745cd118951","","-4.0","11:56:00","","",""
"Output","2f2c4552-da63-40d3-aa21-424627a15400","a1108bc0-47c8-4d9d-a59c-4835e287b070","f1108bc0-47c8-4d9d-a59c-4835e287b070","text/plain","I have cancelled booking ABC123. A refund of $480 will be issued.","SKYWAVE_PHASE_4_5","90e6829e-7b4d-4f64-afe5-f0945fb7d953","","-4.0","11:56:04","","",""
"Input","2d4b7ca0-957b-46b6-ae3b-55461ba25dff","u1108bc0-47c8-4d9d-a59c-4835e287b070","f1108bc0-47c8-4d9d-a59c-4835e287b070","text/plain","Great, thank you!","SKYWAVE_PHASE_4_5","04641a44-339c-4059-ad84-d8c8a5e11df0","","-4.0","11:57:17","","",""
"Output","2d4b7ca0-957b-46b6-ae3b-55461ba25dff","a1108bc0-47c8-4d9d-a59c-4835e287b070","f1108bc0-47c8-4d9d-a59c-4835e287b070","text/plain","You are welcome. Is there anything else I can help with?","SKYWAVE_PHASE_4_5","5a629a9a-5db8-40f0-af08-616776b58a2e","","-4.0","11:57:21","","",""
"Input","781f764d-ca53-4b5a-a78f-e4588282134e","u1b7845c-2be4-45aa-ae0f-612d60eb3bff","41b7845c-2be4-45aa-ae0f-612d60eb3bff","text/plain","Cancel my booking ABC123","SKYWAVE_PHASE_4_5","572a0aef-268a-4ab6-a58a-c79361ad66a8","","-9.0","09:20:00","","",""
"Output","781f764d-ca53-4b5a-a78f-e4588282134e","a1b7845c-2be4-45aa-ae0f-612d60eb3bff","41b7845c-2be4-45aa-ae0f-612d60eb3bff","text/plain","I have cancelled booking ABC123. A refund of $480 will be issued.","SKYWAVE_PHASE_4_5","17503d02-e0d2-4227-a9a8-2edb05b71426","","-9.0","09:20:03","","",""
"Input","c6382107-9ec6-49e8-a25e-895fe44eef17","u1b7845c-2be4-45aa-ae0f-612d60eb3bff","41b7845c-2be4-45aa-ae0f-612d60eb3bff","text/plain","Great, thank you!","SKYWAVE_PHASE_4_5","075aad7f-6a74-4744-a261-2b77df0bc942","","-9.0","09:20:35","","",""
"Output","c6382107-9ec6-49e8-a25e-895fe44eef17","a1b7845c-2be4-45aa-ae0f-612d60eb3bff","41b7845c-2be4-45aa-ae0f-612d60eb3bff","text/plain","You are welcome. Is there anything else I can help with?","SKYWAVE_PHASE_4_5","f5658c07-034a-49ec-a341-9bb7656b5a9d","","-9.0","09:20:38","","",""
"Input","0185a33f-3a24-454f-af17-4e4738aa3382","u8f793d5-fd4f-45f8-a61c-761305b93c9d","48f793d5-fd4f-45f8-a61c-761305b93c9d","text/plain","How many miles do I have?","SKYWAVE_PHASE_4_5","d6964c24-0ab3-40c6-a7ee-46eb002dec5c","","-9.0","10:43:00","","",""
"Output","0185a33f-3a24-454f-af17-4e4738aa3382","a8f793d5-fd4f-45f8-a61c-761305b93c9d","48f793d5-fd4f-45f8-a61c-761305b93c9d","text/plain","You currently have 18,450 SkyWave miles. You are at Premier tier.","SKYWAVE_PHASE_4_5","aa8fec33-296d-4592-a65d-266bab43c178","","-9.0","10:43:04","","",""
"Input","a67b0341-4396-49f4-ae98-48dd93feb34a","u8f793d5-fd4f-45f8-a61c-761305b93c9d","48f793d5-fd4f-45f8-a61c-761305b93c9d","text/plain","Great, thank you!","SKYWAVE_PHASE_4_5","3b91ac6f-5583-4b35-a34d-7a5698c8443c","","-9.0","10:44:13","","",""
"Output","a67b0341-4396-49f4-ae98-48dd93feb34a","a8f793d5-fd4f-45f8-a61c-761305b93c9d","48f793d5-fd4f-45f8-a61c-761305b93c9d","text/plain","You are welcome. Is there anything else I can help with?","SKYWAVE_PHASE_4_5","06638cb0-9488-43a8-ae25-92f86172f3c5","","-9.0","10:44:17","","",""
"Input","7c131acf-1325-46a9-a1c8-3a0683513f3f","u8f793d5-fd4f-45f8-a61c-761305b93c9d","48f793d5-fd4f-45f8-a61c-761305b93c9d","text/plain","What is my tier status?","SKYWAVE_PHASE_4_5","d2302689-3985-4759-a821-e3833251eb54","","-9.0","10:45:21","","",""
"Output","7c131acf-1325-46a9-a1c8-3a0683513f3f","a8f793d5-fd4f-45f8-a61c-761305b93c9d","48f793d5-fd4f-45f8-a61c-761305b93c9d","text/plain","You are Gold tier with 14,200 qualifying points this year.","SKYWAVE_PHASE_4_5","63d3e94b-9817-40c6-aba5-24f0df640861","","-9.0","10:45:24","","",""
"Input","9abade4d-a4cf-422f-a8b4-45d5e3ea99d2","u8f793d5-fd4f-45f8-a61c-761305b93c9d","48f793d5-fd4f-45f8-a61c-761305b93c9d","text/plain","Great, thank you!","SKYWAVE_PHASE_4_5","4fa349dc-e993-42d8-ac74-55ec11d19bbe","","-9.0","10:47:19","","",""
"Output","9abade4d-a4cf-422f-a8b4-45d5e3ea99d2","a8f793d5-fd4f-45f8-a61c-761305b93c9d","48f793d5-fd4f-45f8-a61c-761305b93c9d","text/plain","You are welcome. Is there anything else I can help with?","SKYWAVE_PHASE_4_5","2081a21b-6eb8-4ee2-a452-11015da22506","","-9.0","10:47:22","","",""
"Input","7f13ab5d-3385-4a47-a7b8-a12524f12c8b","udd90d86-ef56-4e98-adde-7bbd464fedf9","fdd90d86-ef56-4e98-adde-7bbd464fedf9","text/plain","Show me my upcoming bookings","SKYWAVE_PHASE_4_5","9fdb97d6-bf55-479d-a407-5691c1798594","","-8.0","11:21:00","","",""
"Output","7f13ab5d-3385-4a47-a7b8-a12524f12c8b","add90d86-ef56-4e98-adde-7bbd464fedf9","fdd90d86-ef56-4e98-adde-7bbd464fedf9","text/plain","You have one upcoming booking — LH 1927 BER-MUC-SFO, confirmed.","SKYWAVE_PHASE_4_5","bc003395-0e85-4a1d-a451-5e5a6338f60a","","-8.0","11:21:04","","",""
"Input","9651dad3-2b10-483c-a190-a617340ad382","udd90d86-ef56-4e98-adde-7bbd464fedf9","fdd90d86-ef56-4e98-adde-7bbd464fedf9","text/plain","Great, thank you!","SKYWAVE_PHASE_4_5","e1f25a03-a70d-4de4-a318-bdc5b5178386","","-8.0","11:22:01","","",""
"Output","9651dad3-2b10-483c-a190-a617340ad382","add90d86-ef56-4e98-adde-7bbd464fedf9","fdd90d86-ef56-4e98-adde-7bbd464fedf9","text/plain","You are welcome. Is there anything else I can help with?","SKYWAVE_PHASE_4_5","b800c8ed-aab8-4390-ad3e-180608597de9","","-8.0","11:22:04","","",""
"Input","86c843db-6bf2-4bda-abb7-49c2bb5efe85","u5205238-9f1b-442b-a27e-d0f74827a250","95205238-9f1b-442b-a27e-d0f74827a250","text/plain","Can I move from 23B to an aisle seat?","SKYWAVE_PHASE_4_5","32259961-fb91-4ed9-aa61-22ca5f3e7f72","","-10.0","09:20:00","","",""
"Output","86c843db-6bf2-4bda-abb7-49c2bb5efe85","a5205238-9f1b-442b-a27e-d0f74827a250","95205238-9f1b-442b-a27e-d0f74827a250","text/plain","I could not update your seat assignment. Please contact a service agent.","SKYWAVE_PHASE_4_5","20f5cc88-d70f-4244-a4c2-64b208405f0e","","-10.0","09:20:04","","",""
"Input","45aae516-f21a-4393-adaf-74d949ade225","u5205238-9f1b-442b-a27e-d0f74827a250","95205238-9f1b-442b-a27e-d0f74827a250","text/plain","This still is not working, I am frustrated.","SKYWAVE_PHASE_4_5","14e7481d-b34f-4d95-acc7-cdf0d08f5160","","-10.0","09:20:57","","",""
"Output","45aae516-f21a-4393-adaf-74d949ade225","a5205238-9f1b-442b-a27e-d0f74827a250","95205238-9f1b-442b-a27e-d0f74827a250","text/plain","I am sorry for the inconvenience. I was unable to resolve this for you.","SKYWAVE_PHASE_4_5","6d9c5af9-a8dc-44fa-af38-196e1f26e659","","-10.0","09:21:00","","",""
"Input","a52516c2-0dca-4e6c-ac4e-2e987912fccb","u5205238-9f1b-442b-a27e-d0f74827a250","95205238-9f1b-442b-a27e-d0f74827a250","text/plain","Tell me a joke","SKYWAVE_PHASE_4_5","ab6df29e-3fbf-4ed5-a973-7ec056cb66a7","","-10.0","09:21:53","","",""
"Output","a52516c2-0dca-4e6c-ac4e-2e987912fccb","a5205238-9f1b-442b-a27e-d0f74827a250","95205238-9f1b-442b-a27e-d0f74827a250","text/plain","I am a Skywave booking assistant. How can I help with your travel?","SKYWAVE_PHASE_4_5","bf7d0497-6ffd-4c99-aec3-67df7de2a874","","-10.0","09:21:57","","",""
"Input","87c752e0-d40d-45e0-a650-f2b66d781381","u5205238-9f1b-442b-a27e-d0f74827a250","95205238-9f1b-442b-a27e-d0f74827a250","text/plain","Okay.","SKYWAVE_PHASE_4_5","ecd7707b-311f-4309-a3f4-eddbfbed7dcb","","-10.0","09:25:15","","",""
"Output","87c752e0-d40d-45e0-a650-f2b66d781381","a5205238-9f1b-442b-a27e-d0f74827a250","95205238-9f1b-442b-a27e-d0f74827a250","text/plain","Understood. Anything else I can help with?","SKYWAVE_PHASE_4_5","e8ae919e-37ce-40f2-a2f2-681413d3bbd0","","-10.0","09:25:18","","",""
"Input","ff62ffab-92e7-4ac0-a806-7a09bc1e0ecd","u306547c-2949-435b-a8cf-b5552b219209","a306547c-2949-435b-a8cf-b5552b219209","text/plain","What is my tier status?","SKYWAVE_PHASE_4_5","a7ff1859-3cf7-4953-adf4-891f6e1e6864","","-11.0","09:56:00","","",""
"Output","ff62ffab-92e7-4ac0-a806-7a09bc1e0ecd","a306547c-2949-435b-a8cf-b5552b219209","a306547c-2949-435b-a8cf-b5552b219209","text/plain","You are Gold tier with 14,200 qualifying points this year.","SKYWAVE_PHASE_4_5","e5db6bdc-19a8-4988-a2a7-2dd8869d5a69","","-11.0","09:56:04","","",""
"Input","0de983bd-9f15-4e85-a6ad-edbaa621dc3d","u306547c-2949-435b-a8cf-b5552b219209","a306547c-2949-435b-a8cf-b5552b219209","text/plain","Great, thank you!","SKYWAVE_PHASE_4_5","9716c0c7-ed9d-42c5-aa41-8f712a9f859f","","-11.0","09:57:07","","",""
"Output","0de983bd-9f15-4e85-a6ad-edbaa621dc3d","a306547c-2949-435b-a8cf-b5552b219209","a306547c-2949-435b-a8cf-b5552b219209","text/plain","You are welcome. Is there anything else I can help with?","SKYWAVE_PHASE_4_5","a64c2b15-0893-4ed3-a344-09deb39538c9","","-11.0","09:57:10","","",""
"Input","366031e2-e8ff-4e96-aa0b-d770fb7e32ad","ud6560ba-c0f2-485a-a202-fcfa3e87f0ce","1d6560ba-c0f2-485a-a202-fcfa3e87f0ce","text/plain","I lost my luggage in Munich last week, can you help?","SKYWAVE_PHASE_4_5","e3860bcd-80e6-44bd-a1ea-3732ceeb0d3e","","-1.0","09:19:00","","",""
"Output","366031e2-e8ff-4e96-aa0b-d770fb7e32ad","ad6560ba-c0f2-485a-a202-fcfa3e87f0ce","1d6560ba-c0f2-485a-a202-fcfa3e87f0ce","text/plain","I have created case 00012345 for your lost luggage. We will contact you within 24 hours.","SKYWAVE_PHASE_4_5","1a3549da-8764-413c-a4a2-a838b0c39e8f","","-1.0","09:19:04","","",""
"Input","db15798a-b39d-43bb-ac3b-17e9d6c4a23f","ud6560ba-c0f2-485a-a202-fcfa3e87f0ce","1d6560ba-c0f2-485a-a202-fcfa3e87f0ce","text/plain","Great, thank you!","SKYWAVE_PHASE_4_5","17604e06-aa4e-43f6-a048-3e10b0be5658","","-1.0","09:21:02","","",""
"Output","db15798a-b39d-43bb-ac3b-17e9d6c4a23f","ad6560ba-c0f2-485a-a202-fcfa3e87f0ce","1d6560ba-c0f2-485a-a202-fcfa3e87f0ce","text/plain","You are welcome. Is there anything else I can help with?","SKYWAVE_PHASE_4_5","b75fd23a-8f1e-4f6f-aa56-f5c49a56700e","","-1.0","09:21:06","","",""
"Input","9eba77b1-0c1c-4d03-ad85-650b230632e2","ud6560ba-c0f2-485a-a202-fcfa3e87f0ce","1d6560ba-c0f2-485a-a202-fcfa3e87f0ce","text/plain","Please correct my last name on booking ABC123","SKYWAVE_PHASE_4_5","a470a4c8-0a39-4e2d-a4d5-2a8a273b6f7d","","-1.0","09:21:53","","",""
"Output","9eba77b1-0c1c-4d03-ad85-650b230632e2","ad6560ba-c0f2-485a-a202-fcfa3e87f0ce","1d6560ba-c0f2-485a-a202-fcfa3e87f0ce","text/plain","I have updated the passenger name on booking ABC123. A confirmation has been sent.","SKYWAVE_PHASE_4_5","bbd1de2c-496d-4b57-a50a-25f45f78d0e9","","-1.0","09:21:56","","",""
"Input","60b6d920-c379-4f85-abdc-36c0a3a2975a","ud6560ba-c0f2-485a-a202-fcfa3e87f0ce","1d6560ba-c0f2-485a-a202-fcfa3e87f0ce","text/plain","Great, thank you!","SKYWAVE_PHASE_4_5","50e744a1-aa92-43c5-ac8a-314ee4244697","","-1.0","09:22:33","","",""
"Output","60b6d920-c379-4f85-abdc-36c0a3a2975a","ad6560ba-c0f2-485a-a202-fcfa3e87f0ce","1d6560ba-c0f2-485a-a202-fcfa3e87f0ce","text/plain","You are welcome. Is there anything else I can help with?","SKYWAVE_PHASE_4_5","305d5b8f-3c89-490d-a89f-daba2fb69dc5","","-1.0","09:22:35","","",""
"Input","7b738341-156c-4a72-a4cf-8dbb08c19ed2","u220d083-ee96-4229-a35b-7452a073c163","5220d083-ee96-4229-a35b-7452a073c163","text/plain","Cancel my booking ABC123","SKYWAVE_PHASE_4_5","585617ba-ecc9-47f9-a61b-118068564ce7","","-1.0","19:04:00","","",""
"Output","7b738341-156c-4a72-a4cf-8dbb08c19ed2","a220d083-ee96-4229-a35b-7452a073c163","5220d083-ee96-4229-a35b-7452a073c163","text/plain","I have cancelled booking ABC123. A refund of $480 will be issued.","SKYWAVE_PHASE_4_5","19c2648e-1278-44f2-ad75-31d1bfb164fc","","-1.0","19:04:03","","",""
"Input","e4c07844-aa45-4915-aa34-238ce234e13e","u220d083-ee96-4229-a35b-7452a073c163","5220d083-ee96-4229-a35b-7452a073c163","text/plain","Great, thank you!","SKYWAVE_PHASE_4_5","c72c7a9a-692d-43b1-adbb-a7b5152915e4","","-1.0","19:04:46","","",""
"Output","e4c07844-aa45-4915-aa34-238ce234e13e","a220d083-ee96-4229-a35b-7452a073c163","5220d083-ee96-4229-a35b-7452a073c163","text/plain","You are welcome. Is there anything else I can help with?","SKYWAVE_PHASE_4_5","f65eb9e6-3f70-4354-a46d-c49cf25355ab","","-1.0","19:04:48","","",""
"Input","b39d8e00-e3f4-4288-a3ad-851623fa0fed","u83462a1-030e-4089-a9ac-ae54ca149d2c","183462a1-030e-4089-a9ac-ae54ca149d2c","text/plain","I want to select seat 1A for my flight","SKYWAVE_PHASE_4_5","7111e663-c287-4e16-a384-7be7c030014d","","-12.0","18:25:00","","",""
"Output","b39d8e00-e3f4-4288-a3ad-851623fa0fed","a83462a1-030e-4089-a9ac-ae54ca149d2c","183462a1-030e-4089-a9ac-ae54ca149d2c","text/plain","I was unable to retrieve the seat map automatically and could not assign the seat.","SKYWAVE_PHASE_4_5","777c89e2-491d-4e71-a01e-650ad73cc68e","","-12.0","18:25:02","","",""
"Input","1f944fc5-b7d2-41b7-a345-2558220c97a8","u83462a1-030e-4089-a9ac-ae54ca149d2c","183462a1-030e-4089-a9ac-ae54ca149d2c","text/plain","This still is not working, I am frustrated.","SKYWAVE_PHASE_4_5","d615074a-8718-4377-ae01-4a4b44ec5649","","-12.0","18:27:55","","",""
"Output","1f944fc5-b7d2-41b7-a345-2558220c97a8","a83462a1-030e-4089-a9ac-ae54ca149d2c","183462a1-030e-4089-a9ac-ae54ca149d2c","text/plain","I am sorry for the inconvenience. I was unable to resolve this for you.","SKYWAVE_PHASE_4_5","b9a51176-3ff0-4bbb-a71b-250787f860a9","","-12.0","18:27:59","","",""
"Input","080c2bb6-cf1b-4200-a75e-e1bd238dced3","u0d342d0-b525-4d0e-a10d-b29c77eb5a55","20d342d0-b525-4d0e-a10d-b29c77eb5a55","text/plain","What is my tier status?","SKYWAVE_PHASE_4_5","0c2de30d-d4f8-4b22-a297-6102efc4eba5","","-6.0","08:55:00","","",""
"Output","080c2bb6-cf1b-4200-a75e-e1bd238dced3","a0d342d0-b525-4d0e-a10d-b29c77eb5a55","20d342d0-b525-4d0e-a10d-b29c77eb5a55","text/plain","You are Gold tier with 14,200 qualifying points this year.","SKYWAVE_PHASE_4_5","38aaa3a5-1e2d-4b2e-a01c-f640456119d7","","-6.0","08:55:02","","",""
"Input","753853b7-f73b-430b-abc3-004d6806c10f","u0d342d0-b525-4d0e-a10d-b29c77eb5a55","20d342d0-b525-4d0e-a10d-b29c77eb5a55","text/plain","Great, thank you!","SKYWAVE_PHASE_4_5","338ed385-ee18-49f8-a391-0e30a6a4de3c","","-6.0","08:55:43","","",""
"Output","753853b7-f73b-430b-abc3-004d6806c10f","a0d342d0-b525-4d0e-a10d-b29c77eb5a55","20d342d0-b525-4d0e-a10d-b29c77eb5a55","text/plain","You are welcome. Is there anything else I can help with?","SKYWAVE_PHASE_4_5","4e08a445-4bdc-42e9-a0f0-b3368802786f","","-6.0","08:55:47","","",""
"Input","6f92af4a-4322-4b15-ab66-679336374d4d","u0d342d0-b525-4d0e-a10d-b29c77eb5a55","20d342d0-b525-4d0e-a10d-b29c77eb5a55","text/plain","I want to select seat 1A for my flight","SKYWAVE_PHASE_4_5","feaca1f8-a8f0-4dc5-a04f-f4205cb614a1","","-6.0","08:56:43","","",""
"Output","6f92af4a-4322-4b15-ab66-679336374d4d","a0d342d0-b525-4d0e-a10d-b29c77eb5a55","20d342d0-b525-4d0e-a10d-b29c77eb5a55","text/plain","I was unable to retrieve the seat map automatically and could not assign the seat.","SKYWAVE_PHASE_4_5","5de6ba3c-7ac8-42c9-a62c-12ec2cec8246","","-6.0","08:56:45","","",""
"Input","896031bd-01a4-4c85-a574-6229d18d46da","u0d342d0-b525-4d0e-a10d-b29c77eb5a55","20d342d0-b525-4d0e-a10d-b29c77eb5a55","text/plain","This still is not working, I am frustrated.","SKYWAVE_PHASE_4_5","59acb47d-ac88-4fe4-a545-156bf67320bc","","-6.0","08:57:22","","",""
"Output","896031bd-01a4-4c85-a574-6229d18d46da","a0d342d0-b525-4d0e-a10d-b29c77eb5a55","20d342d0-b525-4d0e-a10d-b29c77eb5a55","text/plain","I am sorry for the inconvenience. I was unable to resolve this for you.","SKYWAVE_PHASE_4_5","0c1c746f-77b7-45df-a058-cf94ef217edc","","-6.0","08:57:24","","",""
"Input","2ebb1767-3467-4caa-aec7-5000b52ef533","ue24334d-9069-4096-a2bf-e47ff28d00ca","2e24334d-9069-4096-a2bf-e47ff28d00ca","text/plain","My in-flight wifi did not work, I want a refund","SKYWAVE_PHASE_4_5","30a273ef-6b44-41b4-aeb3-36672ea96e96","","-7.0","10:36:00","","",""
"Output","2ebb1767-3467-4caa-aec7-5000b52ef533","ae24334d-9069-4096-a2bf-e47ff28d00ca","2e24334d-9069-4096-a2bf-e47ff28d00ca","text/plain","I have logged your complaint as case 00012346. A refund will be processed.","SKYWAVE_PHASE_4_5","24150674-2987-4cca-a536-756538a4432c","","-7.0","10:36:03","","",""
"Input","42daa636-6ef9-4dd0-adb9-275479a66e63","ue24334d-9069-4096-a2bf-e47ff28d00ca","2e24334d-9069-4096-a2bf-e47ff28d00ca","text/plain","Okay.","SKYWAVE_PHASE_4_5","50d6f735-c70c-4afd-ad29-1134d21faad1","","-7.0","10:40:25","","",""
"Output","42daa636-6ef9-4dd0-adb9-275479a66e63","ae24334d-9069-4096-a2bf-e47ff28d00ca","2e24334d-9069-4096-a2bf-e47ff28d00ca","text/plain","Understood. Anything else I can help with?","SKYWAVE_PHASE_4_5","3f667f91-6646-41ac-ae07-1ec801fcd264","","-7.0","10:40:28","","",""
"Input","41e3122b-69d8-4ab8-aa24-92a96f49a9db","ue24334d-9069-4096-a2bf-e47ff28d00ca","2e24334d-9069-4096-a2bf-e47ff28d00ca","text/plain","I want to select seat 1A for my flight","SKYWAVE_PHASE_4_5","21900874-e5a5-411f-a0d4-b2971531b1bc","","-7.0","10:41:02","","",""
"Output","41e3122b-69d8-4ab8-aa24-92a96f49a9db","ae24334d-9069-4096-a2bf-e47ff28d00ca","2e24334d-9069-4096-a2bf-e47ff28d00ca","text/plain","I was unable to retrieve the seat map automatically and could not assign the seat.","SKYWAVE_PHASE_4_5","84a2fefd-8449-49c8-a9ab-1f39170f50d2","","-7.0","10:41:06","","",""
"Input","9c0a92e2-7bd6-400f-ad9a-9a997d917a05","ue24334d-9069-4096-a2bf-e47ff28d00ca","2e24334d-9069-4096-a2bf-e47ff28d00ca","text/plain","This still is not working, I am frustrated.","SKYWAVE_PHASE_4_5","7b6c1d34-4529-4f71-a5d3-71ba34acfc09","","-7.0","10:42:13","","",""
"Output","9c0a92e2-7bd6-400f-ad9a-9a997d917a05","ae24334d-9069-4096-a2bf-e47ff28d00ca","2e24334d-9069-4096-a2bf-e47ff28d00ca","text/plain","I am sorry for the inconvenience. I was unable to resolve this for you.","SKYWAVE_PHASE_4_5","9fad42b3-b4ca-40dc-a780-351eb3c9c140","","-7.0","10:42:17","","",""
"Input","31c256c4-942f-4579-aec1-fae3d9ccb4d9","u5c5b2aa-e0b5-4077-aa71-b7edeb7619d8","b5c5b2aa-e0b5-4077-aa71-b7edeb7619d8","text/plain","Show me my upcoming bookings","SKYWAVE_PHASE_4_5","74cfa758-0e7b-4c5d-a131-7013df5b0d2f","","-8.0","16:09:00","","",""
"Output","31c256c4-942f-4579-aec1-fae3d9ccb4d9","a5c5b2aa-e0b5-4077-aa71-b7edeb7619d8","b5c5b2aa-e0b5-4077-aa71-b7edeb7619d8","text/plain","You have one upcoming booking — LH 1927 BER-MUC-SFO, confirmed.","SKYWAVE_PHASE_4_5","31fed232-1913-4ff9-aa8f-508b3337193f","","-8.0","16:09:03","","",""
"Input","06a58202-dcf3-4084-a545-5e0714691ce0","u5c5b2aa-e0b5-4077-aa71-b7edeb7619d8","b5c5b2aa-e0b5-4077-aa71-b7edeb7619d8","text/plain","Great, thank you!","SKYWAVE_PHASE_4_5","a058dbaf-07a9-4e66-a135-1d9073ee3153","","-8.0","16:09:37","","",""
"Output","06a58202-dcf3-4084-a545-5e0714691ce0","a5c5b2aa-e0b5-4077-aa71-b7edeb7619d8","b5c5b2aa-e0b5-4077-aa71-b7edeb7619d8","text/plain","You are welcome. Is there anything else I can help with?","SKYWAVE_PHASE_4_5","2c515cb8-b9bb-4860-a141-7b732dc6dd3b","","-8.0","16:09:41","","",""
"Input","8bbe9b8a-b171-4ffa-a725-df7d66098bf8","u5c5b2aa-e0b5-4077-aa71-b7edeb7619d8","b5c5b2aa-e0b5-4077-aa71-b7edeb7619d8","text/plain","Find flights from JFK to HND tomorrow","SKYWAVE_PHASE_4_5","0413ddf2-012f-42dd-a3c1-536d26c356e3","","-8.0","16:14:25","","",""
"Output","8bbe9b8a-b171-4ffa-a725-df7d66098bf8","a5c5b2aa-e0b5-4077-aa71-b7edeb7619d8","b5c5b2aa-e0b5-4077-aa71-b7edeb7619d8","text/plain","I found 4 flights for that route. The cheapest is SW1200 at 1pm for $1,280.","SKYWAVE_PHASE_4_5","9ef69926-1957-4c8d-ae49-30fe7d409fa8","","-8.0","16:14:29","","",""
"Input","13fbb254-a7d5-48c8-a513-571f38f822d7","u5c5b2aa-e0b5-4077-aa71-b7edeb7619d8","b5c5b2aa-e0b5-4077-aa71-b7edeb7619d8","text/plain","Great, thank you!","SKYWAVE_PHASE_4_5","d36d40bd-cdc1-481c-ab73-4e622f53bd4f","","-8.0","16:16:00","","",""
"Output","13fbb254-a7d5-48c8-a513-571f38f822d7","a5c5b2aa-e0b5-4077-aa71-b7edeb7619d8","b5c5b2aa-e0b5-4077-aa71-b7edeb7619d8","text/plain","You are welcome. Is there anything else I can help with?","SKYWAVE_PHASE_4_5","85d7a9c9-06ec-4a07-a037-6aa94a8d2cc7","","-8.0","16:16:02","","",""
"Input","165231d9-d09f-4eb5-a30d-ba4a21a3f9cb","ucfdaf02-b1b7-4ada-a365-de99ebcdcd8b","6cfdaf02-b1b7-4ada-a365-de99ebcdcd8b","text/plain","I want to select seat 1A for my flight","SKYWAVE_PHASE_4_5","e8d1d760-d4f0-4fdc-a72a-f412fcb238ed","","-6.0","19:31:00","","",""
"Output","165231d9-d09f-4eb5-a30d-ba4a21a3f9cb","acfdaf02-b1b7-4ada-a365-de99ebcdcd8b","6cfdaf02-b1b7-4ada-a365-de99ebcdcd8b","text/plain","I was unable to retrieve the seat map automatically and could not assign the seat.","SKYWAVE_PHASE_4_5","43ad757f-5de3-4c05-ac1d-f157d23cc634","","-6.0","19:31:04","","",""
"Input","32dfd454-8c34-48a2-a6a9-c3c62902aca5","ucfdaf02-b1b7-4ada-a365-de99ebcdcd8b","6cfdaf02-b1b7-4ada-a365-de99ebcdcd8b","text/plain","This still is not working, I am frustrated.","SKYWAVE_PHASE_4_5","f8b7fa18-b757-4ab8-a792-92700041045b","","-6.0","19:35:08","","",""
"Output","32dfd454-8c34-48a2-a6a9-c3c62902aca5","acfdaf02-b1b7-4ada-a365-de99ebcdcd8b","6cfdaf02-b1b7-4ada-a365-de99ebcdcd8b","text/plain","I am sorry for the inconvenience. I was unable to resolve this for you.","SKYWAVE_PHASE_4_5","15890c06-f02c-4c5e-a8cd-a7a24476e389","","-6.0","19:35:10","","",""
"Input","e9f0318f-3f49-41a8-a0b3-99d5b1f89ee0","u1c6acfd-5450-4e6f-a48f-60ac26a76878","51c6acfd-5450-4e6f-a48f-60ac26a76878","text/plain","Show me my upcoming bookings","SKYWAVE_PHASE_4_5","b65f4c70-47fc-4048-a57b-d51d09164dae","","-9.0","15:50:00","","",""
"Output","e9f0318f-3f49-41a8-a0b3-99d5b1f89ee0","a1c6acfd-5450-4e6f-a48f-60ac26a76878","51c6acfd-5450-4e6f-a48f-60ac26a76878","text/plain","You have one upcoming booking — LH 1927 BER-MUC-SFO, confirmed.","SKYWAVE_PHASE_4_5","69b07332-7f02-4bbe-a2e2-2f53cb3ba8ed","","-9.0","15:50:03","","",""
"Input","7d2ccccc-6a88-4e7e-a3db-f1d89b942946","u1c6acfd-5450-4e6f-a48f-60ac26a76878","51c6acfd-5450-4e6f-a48f-60ac26a76878","text/plain","Great, thank you!","SKYWAVE_PHASE_4_5","4defc35c-944d-4399-a57f-03b6664dc858","","-9.0","15:53:38","","",""
"Output","7d2ccccc-6a88-4e7e-a3db-f1d89b942946","a1c6acfd-5450-4e6f-a48f-60ac26a76878","51c6acfd-5450-4e6f-a48f-60ac26a76878","text/plain","You are welcome. Is there anything else I can help with?","SKYWAVE_PHASE_4_5","ac4fcfbf-7dce-4044-a78d-9f69e6e41542","","-9.0","15:53:40","","",""
"Input","ee0bd900-057f-4635-afe2-5d38f5e6a6ac","u0a9863a-c3ca-4367-ae4a-6cc75f46844b","c0a9863a-c3ca-4367-ae4a-6cc75f46844b","text/plain","My in-flight wifi did not work, I want a refund","SKYWAVE_PHASE_4_5","a2bf239a-da3d-4dcb-ac3a-b7ecc67e2201","","-8.0","11:18:00","","",""
"Output","ee0bd900-057f-4635-afe2-5d38f5e6a6ac","a0a9863a-c3ca-4367-ae4a-6cc75f46844b","c0a9863a-c3ca-4367-ae4a-6cc75f46844b","text/plain","I have logged your complaint as case 00012346. A refund will be processed.","SKYWAVE_PHASE_4_5","aa2815d4-eeba-4aa2-a932-649f8aaf1b4c","","-8.0","11:18:03","","",""
"Input","42242fe2-9077-49e7-a4f6-654e5acd83b2","u0a9863a-c3ca-4367-ae4a-6cc75f46844b","c0a9863a-c3ca-4367-ae4a-6cc75f46844b","text/plain","Great, thank you!","SKYWAVE_PHASE_4_5","1505ce54-4819-4e8f-a3aa-a8a14383c7f7","","-8.0","11:19:34","","",""
"Output","42242fe2-9077-49e7-a4f6-654e5acd83b2","a0a9863a-c3ca-4367-ae4a-6cc75f46844b","c0a9863a-c3ca-4367-ae4a-6cc75f46844b","text/plain","You are welcome. Is there anything else I can help with?","SKYWAVE_PHASE_4_5","40d28b0f-4308-418b-a811-b5da881fa1ea","","-8.0","11:19:37","","",""
"Input","c65a081b-58c0-466a-adea-3391c843defe","u0a9863a-c3ca-4367-ae4a-6cc75f46844b","c0a9863a-c3ca-4367-ae4a-6cc75f46844b","text/plain","How many miles do I have?","SKYWAVE_PHASE_4_5","e21b71d9-72a9-4dfc-a1c0-b732ebbda7b3","","-8.0","11:21:19","","",""
"Output","c65a081b-58c0-466a-adea-3391c843defe","a0a9863a-c3ca-4367-ae4a-6cc75f46844b","c0a9863a-c3ca-4367-ae4a-6cc75f46844b","text/plain","You currently have 18,450 SkyWave miles. You are at Premier tier.","SKYWAVE_PHASE_4_5","0c1595d2-2e1d-4833-a382-29b3384cdf7c","","-8.0","11:21:21","","",""
"Input","7aa94132-1b35-4541-af0f-24a42354f121","u0a9863a-c3ca-4367-ae4a-6cc75f46844b","c0a9863a-c3ca-4367-ae4a-6cc75f46844b","text/plain","Great, thank you!","SKYWAVE_PHASE_4_5","dcea9bbe-0007-4286-ac4b-b6cd22a393fa","","-8.0","11:22:31","","",""
"Output","7aa94132-1b35-4541-af0f-24a42354f121","a0a9863a-c3ca-4367-ae4a-6cc75f46844b","c0a9863a-c3ca-4367-ae4a-6cc75f46844b","text/plain","You are welcome. Is there anything else I can help with?","SKYWAVE_PHASE_4_5","eb96f5d6-b683-432a-a8aa-280dfe15883c","","-8.0","11:22:33","","",""
"Input","b6f0f82b-701b-40f1-afb2-60f40ac2cbdb","u0a9863a-c3ca-4367-ae4a-6cc75f46844b","c0a9863a-c3ca-4367-ae4a-6cc75f46844b","text/plain","Please correct my last name on booking ABC123","SKYWAVE_PHASE_4_5","e901247c-4aaa-48b5-aaa4-23b913a52426","","-8.0","11:24:39","","",""
"Output","b6f0f82b-701b-40f1-afb2-60f40ac2cbdb","a0a9863a-c3ca-4367-ae4a-6cc75f46844b","c0a9863a-c3ca-4367-ae4a-6cc75f46844b","text/plain","I have updated the passenger name on booking ABC123. A confirmation has been sent.","SKYWAVE_PHASE_4_5","a39db8dd-e59b-4046-a186-84e07dea4b71","","-8.0","11:24:43","","",""
"Input","007a043f-a71e-4fa0-a9f5-f39f79ba1e42","u0a9863a-c3ca-4367-ae4a-6cc75f46844b","c0a9863a-c3ca-4367-ae4a-6cc75f46844b","text/plain","Great, thank you!","SKYWAVE_PHASE_4_5","8e16e72b-395e-4336-a797-281039410a1b","","-8.0","11:25:15","","",""
"Output","007a043f-a71e-4fa0-a9f5-f39f79ba1e42","a0a9863a-c3ca-4367-ae4a-6cc75f46844b","c0a9863a-c3ca-4367-ae4a-6cc75f46844b","text/plain","You are welcome. Is there anything else I can help with?","SKYWAVE_PHASE_4_5","6dcf753d-1066-41e3-a8f3-268bb8a6821e","","-8.0","11:25:17","","",""
"Input","1d4e7531-57a1-4a57-a80e-940dfc05abef","u406c0c5-b9c3-42d7-a982-27f97e8f8981","d406c0c5-b9c3-42d7-a982-27f97e8f8981","text/plain","Cancel my booking ABC123","SKYWAVE_PHASE_4_5","d193986c-b205-48fc-aff4-f273a749943f","","-7.0","15:42:00","","",""
"Output","1d4e7531-57a1-4a57-a80e-940dfc05abef","a406c0c5-b9c3-42d7-a982-27f97e8f8981","d406c0c5-b9c3-42d7-a982-27f97e8f8981","text/plain","I have cancelled booking ABC123. A refund of $480 will be issued.","SKYWAVE_PHASE_4_5","701f2cc1-6a1e-4369-a0a5-19ff429233c9","","-7.0","15:42:04","","",""
"Input","c1b9b0ae-c667-42ba-afd6-61cdaea756d1","u406c0c5-b9c3-42d7-a982-27f97e8f8981","d406c0c5-b9c3-42d7-a982-27f97e8f8981","text/plain","Great, thank you!","SKYWAVE_PHASE_4_5","210eedb8-a628-4bf4-a6d7-51206d87bb6e","","-7.0","15:42:49","","",""
"Output","c1b9b0ae-c667-42ba-afd6-61cdaea756d1","a406c0c5-b9c3-42d7-a982-27f97e8f8981","d406c0c5-b9c3-42d7-a982-27f97e8f8981","text/plain","You are welcome. Is there anything else I can help with?","SKYWAVE_PHASE_4_5","1cbd7f30-1e4c-48ec-afa1-f014fbdb86a6","","-7.0","15:42:51","","",""
"Input","83620876-df1e-462d-a5d1-382e8addc4a9","u2c9eaf1-7169-4021-a628-0b9fcc03bfc5","22c9eaf1-7169-4021-a628-0b9fcc03bfc5","text/plain","What is my tier status?","SKYWAVE_PHASE_4_5","45696295-dd47-491f-a89e-3d962944d414","","-7.0","19:34:00","","",""
"Output","83620876-df1e-462d-a5d1-382e8addc4a9","a2c9eaf1-7169-4021-a628-0b9fcc03bfc5","22c9eaf1-7169-4021-a628-0b9fcc03bfc5","text/plain","You are Gold tier with 14,200 qualifying points this year.","SKYWAVE_PHASE_4_5","8926e0ee-3e32-41d7-a239-7ab233f4330e","","-7.0","19:34:03","","",""
"Input","f6d7a900-8e5c-4065-a443-51c53687b37b","u2c9eaf1-7169-4021-a628-0b9fcc03bfc5","22c9eaf1-7169-4021-a628-0b9fcc03bfc5","text/plain","Great, thank you!","SKYWAVE_PHASE_4_5","29a64eb8-ba2f-4540-a10d-865963eac806","","-7.0","19:35:06","","",""
"Output","f6d7a900-8e5c-4065-a443-51c53687b37b","a2c9eaf1-7169-4021-a628-0b9fcc03bfc5","22c9eaf1-7169-4021-a628-0b9fcc03bfc5","text/plain","You are welcome. Is there anything else I can help with?","SKYWAVE_PHASE_4_5","7851b8ae-dea0-42a3-a8a2-b5f59ad0a800","","-7.0","19:35:10","","",""
"Input","60c6f624-24db-423f-a808-976410ebca12","u2c9eaf1-7169-4021-a628-0b9fcc03bfc5","22c9eaf1-7169-4021-a628-0b9fcc03bfc5","text/plain","Find flights from JFK to HND tomorrow","SKYWAVE_PHASE_4_5","97f8b250-6de8-46b7-add8-a02031eab3e9","","-7.0","19:36:07","","",""
"Output","60c6f624-24db-423f-a808-976410ebca12","a2c9eaf1-7169-4021-a628-0b9fcc03bfc5","22c9eaf1-7169-4021-a628-0b9fcc03bfc5","text/plain","I found 4 flights for that route. The cheapest is SW1200 at 1pm for $1,280.","SKYWAVE_PHASE_4_5","6f002fde-60a9-4752-a5b3-4200a90ea263","","-7.0","19:36:09","","",""
"Input","a1068d3d-6b80-4ec8-ae4d-41f909921c3f","u2c9eaf1-7169-4021-a628-0b9fcc03bfc5","22c9eaf1-7169-4021-a628-0b9fcc03bfc5","text/plain","Great, thank you!","SKYWAVE_PHASE_4_5","e0213fed-e245-459d-ab46-fef7a796fa06","","-7.0","19:37:13","","",""
"Output","a1068d3d-6b80-4ec8-ae4d-41f909921c3f","a2c9eaf1-7169-4021-a628-0b9fcc03bfc5","22c9eaf1-7169-4021-a628-0b9fcc03bfc5","text/plain","You are welcome. Is there anything else I can help with?","SKYWAVE_PHASE_4_5","4137e1f6-3ae7-4a51-ad14-84389e29380d","","-7.0","19:37:15","","",""
"Input","eaadc728-73b9-4f21-a9fd-50c4d148eeef","u3b36bf4-723a-40bd-a27b-2edf20077787","03b36bf4-723a-40bd-a27b-2edf20077787","text/plain","My first name is misspelled on my ticket","SKYWAVE_PHASE_4_5","27b1fe49-6c9c-49b1-ac93-567051c2f179","","-14.0","14:40:00","","",""
"Output","eaadc728-73b9-4f21-a9fd-50c4d148eeef","a3b36bf4-723a-40bd-a27b-2edf20077787","03b36bf4-723a-40bd-a27b-2edf20077787","text/plain","I have corrected the spelling on your ticket. Please review the updated itinerary.","SKYWAVE_PHASE_4_5","44454ee4-8ddb-4492-af89-1b3a119a378a","","-14.0","14:40:04","","",""
"Input","6f8ca71a-adcd-4fcd-a471-d1b1b6312493","u3b36bf4-723a-40bd-a27b-2edf20077787","03b36bf4-723a-40bd-a27b-2edf20077787","text/plain","Great, thank you!","SKYWAVE_PHASE_4_5","44531692-b68a-4d6d-a9ab-5f9682c4749a","","-14.0","14:40:57","","",""
"Output","6f8ca71a-adcd-4fcd-a471-d1b1b6312493","a3b36bf4-723a-40bd-a27b-2edf20077787","03b36bf4-723a-40bd-a27b-2edf20077787","text/plain","You are welcome. Is there anything else I can help with?","SKYWAVE_PHASE_4_5","3dd71cf2-70f7-450a-aad4-fb6ceaf24b45","","-14.0","14:40:59","","",""
"Input","b3ae5e28-d9c4-4dab-a341-b0de3ffdabe2","u3b36bf4-723a-40bd-a27b-2edf20077787","03b36bf4-723a-40bd-a27b-2edf20077787","text/plain","I want to change my seat to a window seat","SKYWAVE_PHASE_4_5","2e6515fb-7a18-43fa-a826-9705df6280df","","-14.0","14:41:57","","",""
"Output","b3ae5e28-d9c4-4dab-a341-b0de3ffdabe2","a3b36bf4-723a-40bd-a27b-2edf20077787","03b36bf4-723a-40bd-a27b-2edf20077787","text/plain","Sorry, I am unable to change your seat right now. Please try again later.","SKYWAVE_PHASE_4_5","7c8b8422-85c8-446a-a653-b2294db034c8","","-14.0","14:41:59","","",""
"Input","8eacf8dc-bc87-4a69-a58d-b280a5b9f6b7","u3b36bf4-723a-40bd-a27b-2edf20077787","03b36bf4-723a-40bd-a27b-2edf20077787","text/plain","This still is not working, I am frustrated.","SKYWAVE_PHASE_4_5","5460ff8b-2fe2-4165-a1ba-192ad1591816","","-14.0","14:42:14","","",""
"Output","8eacf8dc-bc87-4a69-a58d-b280a5b9f6b7","a3b36bf4-723a-40bd-a27b-2edf20077787","03b36bf4-723a-40bd-a27b-2edf20077787","text/plain","I am sorry for the inconvenience. I was unable to resolve this for you.","SKYWAVE_PHASE_4_5","8c3cf74c-eca1-404e-aace-1db76a6b39e1","","-14.0","14:42:16","","",""
"Input","d734cc65-a253-434f-a0c7-427cda2338f2","udfc1584-23be-4122-acc1-3819c2b16c86","8dfc1584-23be-4122-acc1-3819c2b16c86","text/plain","I want to change my seat to a window seat","SKYWAVE_PHASE_4_5","bccd38c4-296e-48f1-a5e1-facd22293cbf","","-3.0","11:35:00","","",""
"Output","d734cc65-a253-434f-a0c7-427cda2338f2","adfc1584-23be-4122-acc1-3819c2b16c86","8dfc1584-23be-4122-acc1-3819c2b16c86","text/plain","Sorry, I am unable to change your seat right now. Please try again later.","SKYWAVE_PHASE_4_5","16113537-0206-46a2-a221-6f58adb4a4f4","","-3.0","11:35:04","","",""
"Input","808166e8-3fd3-433d-aed9-674543b8ff7f","udfc1584-23be-4122-acc1-3819c2b16c86","8dfc1584-23be-4122-acc1-3819c2b16c86","text/plain","This still is not working, I am frustrated.","SKYWAVE_PHASE_4_5","a38d6e18-5a19-494e-a5d6-d32ecd34b519","","-3.0","11:35:47","","",""
"Output","808166e8-3fd3-433d-aed9-674543b8ff7f","adfc1584-23be-4122-acc1-3819c2b16c86","8dfc1584-23be-4122-acc1-3819c2b16c86","text/plain","I am sorry for the inconvenience. I was unable to resolve this for you.","SKYWAVE_PHASE_4_5","6f06835a-be20-4c70-a0aa-5a91dfe96d02","","-3.0","11:35:49","","",""
"Input","6db3ed7e-3f57-4917-a9c1-6dcc9ba42d30","udfc1584-23be-4122-acc1-3819c2b16c86","8dfc1584-23be-4122-acc1-3819c2b16c86","text/plain","Show me my upcoming bookings","SKYWAVE_PHASE_4_5","345f6e76-7fa5-4262-a41e-ae25a7992809","","-3.0","11:36:26","","",""
"Output","6db3ed7e-3f57-4917-a9c1-6dcc9ba42d30","adfc1584-23be-4122-acc1-3819c2b16c86","8dfc1584-23be-4122-acc1-3819c2b16c86","text/plain","You have one upcoming booking — LH 1927 BER-MUC-SFO, confirmed.","SKYWAVE_PHASE_4_5","ceeccf5a-990d-44c1-a606-64b4b96e78b4","","-3.0","11:36:29","","",""
"Input","8148f376-0179-4303-a38c-f3b8a6207087","udfc1584-23be-4122-acc1-3819c2b16c86","8dfc1584-23be-4122-acc1-3819c2b16c86","text/plain","Great, thank you!","SKYWAVE_PHASE_4_5","c12409bc-385c-46ab-a4c5-01c796dfe2fe","","-3.0","11:37:02","","",""
"Output","8148f376-0179-4303-a38c-f3b8a6207087","adfc1584-23be-4122-acc1-3819c2b16c86","8dfc1584-23be-4122-acc1-3819c2b16c86","text/plain","You are welcome. Is there anything else I can help with?","SKYWAVE_PHASE_4_5","9d0603f3-11c7-4011-aed0-3a5f15324df0","","-3.0","11:37:06","","",""
"Input","dec263fa-0def-4701-a90c-705a7aedea3c","ubabac34-9cfa-4d90-acc6-56fc5a85cf2f","0babac34-9cfa-4d90-acc6-56fc5a85cf2f","text/plain","I want to change my seat to a window seat","SKYWAVE_PHASE_4_5","028970d0-2ce0-4ff6-a45d-014bd6ed2e6b","","-7.0","16:19:00","","",""
"Output","dec263fa-0def-4701-a90c-705a7aedea3c","ababac34-9cfa-4d90-acc6-56fc5a85cf2f","0babac34-9cfa-4d90-acc6-56fc5a85cf2f","text/plain","Sorry, I am unable to change your seat right now. Please try again later.","SKYWAVE_PHASE_4_5","0d2d4130-82d8-4186-ab74-56be14079429","","-7.0","16:19:03","","",""
"Input","36d035ac-69c7-443a-a836-48497b7c4323","ubabac34-9cfa-4d90-acc6-56fc5a85cf2f","0babac34-9cfa-4d90-acc6-56fc5a85cf2f","text/plain","This still is not working, I am frustrated.","SKYWAVE_PHASE_4_5","b41f04a8-1d0f-49fc-a2f7-4761c8faa80c","","-7.0","16:19:57","","",""
"Output","36d035ac-69c7-443a-a836-48497b7c4323","ababac34-9cfa-4d90-acc6-56fc5a85cf2f","0babac34-9cfa-4d90-acc6-56fc5a85cf2f","text/plain","I am sorry for the inconvenience. I was unable to resolve this for you.","SKYWAVE_PHASE_4_5","e5b7934a-9024-4cd3-a3ae-0d04f87783bb","","-7.0","16:20:01","","",""
"Input","0d671f41-0bfd-41dd-ac91-1659516fc5a0","ubabac34-9cfa-4d90-acc6-56fc5a85cf2f","0babac34-9cfa-4d90-acc6-56fc5a85cf2f","text/plain","Can I move from 23B to an aisle seat?","SKYWAVE_PHASE_4_5","69f4bd4c-787a-4039-a436-03f7cdec1071","","-7.0","16:20:58","","",""
"Output","0d671f41-0bfd-41dd-ac91-1659516fc5a0","ababac34-9cfa-4d90-acc6-56fc5a85cf2f","0babac34-9cfa-4d90-acc6-56fc5a85cf2f","text/plain","I could not update your seat assignment. Please contact a service agent.","SKYWAVE_PHASE_4_5","33860ef4-0dfc-4c6e-a4a5-f552a5714820","","-7.0","16:21:00","","",""
"Input","11eed51e-2942-45f9-addd-2e32a9ca73cb","ubabac34-9cfa-4d90-acc6-56fc5a85cf2f","0babac34-9cfa-4d90-acc6-56fc5a85cf2f","text/plain","This still is not working, I am frustrated.","SKYWAVE_PHASE_4_5","555c195c-2218-453c-a2cf-d71fbe1ef72e","","-7.0","16:23:47","","",""
"Output","11eed51e-2942-45f9-addd-2e32a9ca73cb","ababac34-9cfa-4d90-acc6-56fc5a85cf2f","0babac34-9cfa-4d90-acc6-56fc5a85cf2f","text/plain","I am sorry for the inconvenience. I was unable to resolve this for you.","SKYWAVE_PHASE_4_5","2f8d1dd8-0445-498f-a833-36dd0f7a7191","","-7.0","16:23:50","","",""
"Input","d85982bd-1d26-4019-affb-a2f9ce65582f","ubabac34-9cfa-4d90-acc6-56fc5a85cf2f","0babac34-9cfa-4d90-acc6-56fc5a85cf2f","text/plain","I lost my luggage in Munich last week, can you help?","SKYWAVE_PHASE_4_5","1eb96ba2-b347-4088-afc9-00887a88633d","","-7.0","16:25:56","","",""
"Output","d85982bd-1d26-4019-affb-a2f9ce65582f","ababac34-9cfa-4d90-acc6-56fc5a85cf2f","0babac34-9cfa-4d90-acc6-56fc5a85cf2f","text/plain","I have created case 00012345 for your lost luggage. We will contact you within 24 hours.","SKYWAVE_PHASE_4_5","346ee598-fd83-499d-a40d-b0b15ca64c96","","-7.0","16:25:58","","",""
"Input","4539cc75-0cb9-4899-acf4-60fa2461b95d","ubabac34-9cfa-4d90-acc6-56fc5a85cf2f","0babac34-9cfa-4d90-acc6-56fc5a85cf2f","text/plain","Great, thank you!","SKYWAVE_PHASE_4_5","2359828b-5aa8-4df2-a400-01dd31b34459","","-7.0","16:28:51","","",""
"Output","4539cc75-0cb9-4899-acf4-60fa2461b95d","ababac34-9cfa-4d90-acc6-56fc5a85cf2f","0babac34-9cfa-4d90-acc6-56fc5a85cf2f","text/plain","You are welcome. Is there anything else I can help with?","SKYWAVE_PHASE_4_5","6faa7cbb-9b81-4254-adbf-54e018964030","","-7.0","16:28:54","","",""
"Input","efd9dd4b-127a-4d93-a662-2f12e1670640","u3c8055d-ba6b-4909-a4c8-a874aaa406b0","f3c8055d-ba6b-4909-a4c8-a874aaa406b0","text/plain","Tell me a joke","SKYWAVE_PHASE_4_5","e1ae50dd-a84d-4159-a62d-6799f6829808","","-10.0","12:07:00","","",""
"Output","efd9dd4b-127a-4d93-a662-2f12e1670640","a3c8055d-ba6b-4909-a4c8-a874aaa406b0","f3c8055d-ba6b-4909-a4c8-a874aaa406b0","text/plain","I am a Skywave booking assistant. How can I help with your travel?","SKYWAVE_PHASE_4_5","fdcf4e2e-87c4-4338-a457-b1916be998c7","","-10.0","12:07:04","","",""
"Input","fae2df92-fa58-453e-ad50-aebe08614aff","u3c8055d-ba6b-4909-a4c8-a874aaa406b0","f3c8055d-ba6b-4909-a4c8-a874aaa406b0","text/plain","This still is not working, I am frustrated.","SKYWAVE_PHASE_4_5","5191e888-15e4-4d1f-ae1c-7738244bdb46","","-10.0","12:10:59","","",""
"Output","fae2df92-fa58-453e-ad50-aebe08614aff","a3c8055d-ba6b-4909-a4c8-a874aaa406b0","f3c8055d-ba6b-4909-a4c8-a874aaa406b0","text/plain","I am sorry for the inconvenience. I was unable to resolve this for you.","SKYWAVE_PHASE_4_5","158d7f10-d42c-4cdc-a5c5-7b5e9613e9fb","","-10.0","12:11:01","","",""
"Input","8ac28920-1b32-4bee-a3f4-54d5a272b640","u3c8055d-ba6b-4909-a4c8-a874aaa406b0","f3c8055d-ba6b-4909-a4c8-a874aaa406b0","text/plain","How many miles do I have?","SKYWAVE_PHASE_4_5","031b1c67-120e-429b-a1ef-f342d068d091","","-10.0","12:11:25","","",""
"Output","8ac28920-1b32-4bee-a3f4-54d5a272b640","a3c8055d-ba6b-4909-a4c8-a874aaa406b0","f3c8055d-ba6b-4909-a4c8-a874aaa406b0","text/plain","You currently have 18,450 SkyWave miles. You are at Premier tier.","SKYWAVE_PHASE_4_5","f410fb22-7cdd-4f2f-ae58-d67fe9091452","","-10.0","12:11:28","","",""
"Input","876a3d74-aa46-4bb0-a766-8758dbdb429b","u3c8055d-ba6b-4909-a4c8-a874aaa406b0","f3c8055d-ba6b-4909-a4c8-a874aaa406b0","text/plain","Great, thank you!","SKYWAVE_PHASE_4_5","59ded5db-d921-48e6-a32d-a3a87be51b25","","-10.0","12:12:32","","",""
"Output","876a3d74-aa46-4bb0-a766-8758dbdb429b","a3c8055d-ba6b-4909-a4c8-a874aaa406b0","f3c8055d-ba6b-4909-a4c8-a874aaa406b0","text/plain","You are welcome. Is there anything else I can help with?","SKYWAVE_PHASE_4_5","a93e5608-6131-421e-a394-56195effa481","","-10.0","12:12:34","","",""
"Input","00fc2057-703b-4945-a10d-8bba2334ccd5","u553f4a9-45fd-4033-a3c4-06d6994fb6ed","1553f4a9-45fd-4033-a3c4-06d6994fb6ed","text/plain","Find flights from JFK to HND tomorrow","SKYWAVE_PHASE_4_5","b7f7a6fa-b0fd-4583-a61c-6da8dcb7465e","","-1.0","16:41:00","","",""
"Output","00fc2057-703b-4945-a10d-8bba2334ccd5","a553f4a9-45fd-4033-a3c4-06d6994fb6ed","1553f4a9-45fd-4033-a3c4-06d6994fb6ed","text/plain","I found 4 flights for that route. The cheapest is SW1200 at 1pm for $1,280.","SKYWAVE_PHASE_4_5","26fae727-3b63-4acf-a445-98fe00c79cb1","","-1.0","16:41:02","","",""
"Input","0f171d71-aa98-40a7-a217-97e015963846","u553f4a9-45fd-4033-a3c4-06d6994fb6ed","1553f4a9-45fd-4033-a3c4-06d6994fb6ed","text/plain","Great, thank you!","SKYWAVE_PHASE_4_5","7a74b0d3-ab67-4e13-a03a-90419a5b1b6a","","-1.0","16:42:50","","",""
"Output","0f171d71-aa98-40a7-a217-97e015963846","a553f4a9-45fd-4033-a3c4-06d6994fb6ed","1553f4a9-45fd-4033-a3c4-06d6994fb6ed","text/plain","You are welcome. Is there anything else I can help with?","SKYWAVE_PHASE_4_5","1a207711-33cc-41af-ac74-3c9e0c98c655","","-1.0","16:42:53","","",""
"Input","aa0a65c9-649e-4777-abe9-883ea30c50af","ub1ae7e9-04eb-4ed3-ad83-f9b6da5b90c6","9b1ae7e9-04eb-4ed3-ad83-f9b6da5b90c6","text/plain","What is my tier status?","SKYWAVE_PHASE_4_5","602fba8d-b692-4417-a8af-b020cdf59e1e","","-10.0","12:52:00","","",""
"Output","aa0a65c9-649e-4777-abe9-883ea30c50af","ab1ae7e9-04eb-4ed3-ad83-f9b6da5b90c6","9b1ae7e9-04eb-4ed3-ad83-f9b6da5b90c6","text/plain","You are Gold tier with 14,200 qualifying points this year.","SKYWAVE_PHASE_4_5","3b3ab76a-efd3-4b74-a766-28f759dcc8c7","","-10.0","12:52:03","","",""
"Input","8deb0587-70b6-4f26-a909-7b7be5564a03","ub1ae7e9-04eb-4ed3-ad83-f9b6da5b90c6","9b1ae7e9-04eb-4ed3-ad83-f9b6da5b90c6","text/plain","Great, thank you!","SKYWAVE_PHASE_4_5","2900630b-42f6-4376-aa99-1dfc58502566","","-10.0","12:52:34","","",""
"Output","8deb0587-70b6-4f26-a909-7b7be5564a03","ab1ae7e9-04eb-4ed3-ad83-f9b6da5b90c6","9b1ae7e9-04eb-4ed3-ad83-f9b6da5b90c6","text/plain","You are welcome. Is there anything else I can help with?","SKYWAVE_PHASE_4_5","b9162804-b191-4b36-a03b-c9ae18b5b5f2","","-10.0","12:52:37","","",""
"Input","c131fbe1-56dc-4230-a458-f2c9eb61ba60","u68773ce-4fb5-4661-a263-564d8aaa3d9e","e68773ce-4fb5-4661-a263-564d8aaa3d9e","text/plain","I want to select seat 1A for my flight","SKYWAVE_PHASE_4_5","bda26dc3-2add-4e1b-a5b0-2e02221f3734","","-6.0","17:47:00","","",""
"Output","c131fbe1-56dc-4230-a458-f2c9eb61ba60","a68773ce-4fb5-4661-a263-564d8aaa3d9e","e68773ce-4fb5-4661-a263-564d8aaa3d9e","text/plain","I was unable to retrieve the seat map automatically and could not assign the seat.","SKYWAVE_PHASE_4_5","304832d3-79bf-4d7e-a63b-f394fe6e1be8","","-6.0","17:47:02","","",""
"Input","cbcbc23d-3b83-4610-a487-61bb133665c5","u68773ce-4fb5-4661-a263-564d8aaa3d9e","e68773ce-4fb5-4661-a263-564d8aaa3d9e","text/plain","This still is not working, I am frustrated.","SKYWAVE_PHASE_4_5","17eaeb0d-2730-4d8d-a996-c1de375a0128","","-6.0","17:50:42","","",""
"Output","cbcbc23d-3b83-4610-a487-61bb133665c5","a68773ce-4fb5-4661-a263-564d8aaa3d9e","e68773ce-4fb5-4661-a263-564d8aaa3d9e","text/plain","I am sorry for the inconvenience. I was unable to resolve this for you.","SKYWAVE_PHASE_4_5","71dc51d1-d276-4867-ae0c-797e38c74072","","-6.0","17:50:45","","",""
"Input","8b667eaf-5eac-4c98-a160-66abf64cebbb","udfdbeed-6de0-4ddc-aafe-4a4f2d8aa63e","bdfdbeed-6de0-4ddc-aafe-4a4f2d8aa63e","text/plain","Can I move from 23B to an aisle seat?","SKYWAVE_PHASE_4_5","1859a78b-aa44-4591-ac73-c7951a4aa33b","","-3.0","12:13:00","","",""
"Output","8b667eaf-5eac-4c98-a160-66abf64cebbb","adfdbeed-6de0-4ddc-aafe-4a4f2d8aa63e","bdfdbeed-6de0-4ddc-aafe-4a4f2d8aa63e","text/plain","I could not update your seat assignment. Please contact a service agent.","SKYWAVE_PHASE_4_5","722067be-f24c-4430-a4ee-f6b4069b2d63","","-3.0","12:13:03","","",""
"Input","5f3232b9-544e-4d90-afb7-be2f8e4de3f2","udfdbeed-6de0-4ddc-aafe-4a4f2d8aa63e","bdfdbeed-6de0-4ddc-aafe-4a4f2d8aa63e","text/plain","This still is not working, I am frustrated.","SKYWAVE_PHASE_4_5","a504df59-77af-4b2d-a9d7-e05e515b1283","","-3.0","12:13:42","","",""
"Output","5f3232b9-544e-4d90-afb7-be2f8e4de3f2","adfdbeed-6de0-4ddc-aafe-4a4f2d8aa63e","bdfdbeed-6de0-4ddc-aafe-4a4f2d8aa63e","text/plain","I am sorry for the inconvenience. I was unable to resolve this for you.","SKYWAVE_PHASE_4_5","a2b6c06a-9fc9-48a8-a982-4dba88ecc312","","-3.0","12:13:44","","",""
"Input","91e5fad1-325b-45d5-a21c-79c64cf1573f","u453c639-d287-422b-a7c7-a5c65faac08b","5453c639-d287-422b-a7c7-a5c65faac08b","text/plain","Show me my upcoming bookings","SKYWAVE_PHASE_4_5","c116a701-cc46-4555-a6de-45fd15bc2d33","","-3.0","14:53:00","","",""
"Output","91e5fad1-325b-45d5-a21c-79c64cf1573f","a453c639-d287-422b-a7c7-a5c65faac08b","5453c639-d287-422b-a7c7-a5c65faac08b","text/plain","You have one upcoming booking — LH 1927 BER-MUC-SFO, confirmed.","SKYWAVE_PHASE_4_5","9e8fddc3-8d04-4a63-ab33-9f27be544bc1","","-3.0","14:53:03","","",""
"Input","bfab582e-32ca-4aef-ae72-876f83acaae2","u453c639-d287-422b-a7c7-a5c65faac08b","5453c639-d287-422b-a7c7-a5c65faac08b","text/plain","Great, thank you!","SKYWAVE_PHASE_4_5","1045f362-fedc-4067-a2dc-315fd9dedf13","","-3.0","14:53:31","","",""
"Output","bfab582e-32ca-4aef-ae72-876f83acaae2","a453c639-d287-422b-a7c7-a5c65faac08b","5453c639-d287-422b-a7c7-a5c65faac08b","text/plain","You are welcome. Is there anything else I can help with?","SKYWAVE_PHASE_4_5","62df1012-a175-4659-a9fe-2b61b2fd6c6a","","-3.0","14:53:35","","",""
"Input","aba08b15-19cc-427c-aa2f-0ba9f3e9fd50","uf700f7f-c8a2-4e23-a319-5a57f5f32d92","1f700f7f-c8a2-4e23-a319-5a57f5f32d92","text/plain","I lost my luggage in Munich last week, can you help?","SKYWAVE_PHASE_4_5","26c96a9b-68b0-4980-a4f5-1f0d4946b318","","-14.0","17:48:00","","",""
"Output","aba08b15-19cc-427c-aa2f-0ba9f3e9fd50","af700f7f-c8a2-4e23-a319-5a57f5f32d92","1f700f7f-c8a2-4e23-a319-5a57f5f32d92","text/plain","I have created case 00012345 for your lost luggage. We will contact you within 24 hours.","SKYWAVE_PHASE_4_5","64817d86-e9d9-451c-a688-d49da213b4e0","","-14.0","17:48:03","","",""
"Input","174bca95-c501-4b65-a7f9-bb11ac35cab2","uf700f7f-c8a2-4e23-a319-5a57f5f32d92","1f700f7f-c8a2-4e23-a319-5a57f5f32d92","text/plain","Okay.","SKYWAVE_PHASE_4_5","a6df9b76-0a1b-44cb-a3ce-bd9e3536fae8","","-14.0","17:48:59","","",""
"Output","174bca95-c501-4b65-a7f9-bb11ac35cab2","af700f7f-c8a2-4e23-a319-5a57f5f32d92","1f700f7f-c8a2-4e23-a319-5a57f5f32d92","text/plain","Understood. Anything else I can help with?","SKYWAVE_PHASE_4_5","cb776c9b-f6ee-4cb8-a5c9-aa42ef1e97fd","","-14.0","17:49:01","","",""
"Input","c5691206-90f5-4b8a-ae30-9677ba147704","u8bf763a-1e0c-4e61-a9ac-5cf30fe2daad","98bf763a-1e0c-4e61-a9ac-5cf30fe2daad","text/plain","Show me my upcoming bookings","SKYWAVE_PHASE_4_5","56059845-9a60-4331-a291-f96e47eaf14d","","-14.0","10:20:00","","",""
"Output","c5691206-90f5-4b8a-ae30-9677ba147704","a8bf763a-1e0c-4e61-a9ac-5cf30fe2daad","98bf763a-1e0c-4e61-a9ac-5cf30fe2daad","text/plain","You have one upcoming booking — LH 1927 BER-MUC-SFO, confirmed.","SKYWAVE_PHASE_4_5","5cc0dfb5-8068-4382-a4d7-0bd5b7545913","","-14.0","10:20:04","","",""
"Input","0be26ad2-444c-4d2d-aeae-7352f8a2b768","u8bf763a-1e0c-4e61-a9ac-5cf30fe2daad","98bf763a-1e0c-4e61-a9ac-5cf30fe2daad","text/plain","Great, thank you!","SKYWAVE_PHASE_4_5","b8c522e3-c4d3-408c-a4be-7848a481a92b","","-14.0","10:22:35","","",""
"Output","0be26ad2-444c-4d2d-aeae-7352f8a2b768","a8bf763a-1e0c-4e61-a9ac-5cf30fe2daad","98bf763a-1e0c-4e61-a9ac-5cf30fe2daad","text/plain","You are welcome. Is there anything else I can help with?","SKYWAVE_PHASE_4_5","2ea69478-5884-4d72-afbf-881122310c2c","","-14.0","10:22:39","","",""
"Input","9cb1ad08-d5e4-4418-a715-c34a37a9f428","u58e0850-4f18-479a-a2f8-a82137419625","a58e0850-4f18-479a-a2f8-a82137419625","text/plain","How many miles do I have?","SKYWAVE_PHASE_4_5","fcd1c8fa-39e6-4a67-ac8b-25b5cea855e5","","-9.0","09:21:00","","",""
"Output","9cb1ad08-d5e4-4418-a715-c34a37a9f428","a58e0850-4f18-479a-a2f8-a82137419625","a58e0850-4f18-479a-a2f8-a82137419625","text/plain","You currently have 18,450 SkyWave miles. You are at Premier tier.","SKYWAVE_PHASE_4_5","d40e692b-0cd7-4022-a5ee-1c6663873e18","","-9.0","09:21:03","","",""
"Input","f1a80e6b-80aa-4485-a9c0-413dfd03782d","u58e0850-4f18-479a-a2f8-a82137419625","a58e0850-4f18-479a-a2f8-a82137419625","text/plain","Great, thank you!","SKYWAVE_PHASE_4_5","3cab6609-bf0c-463e-ac67-d16e8613f15f","","-9.0","09:21:32","","",""
"Output","f1a80e6b-80aa-4485-a9c0-413dfd03782d","a58e0850-4f18-479a-a2f8-a82137419625","a58e0850-4f18-479a-a2f8-a82137419625","text/plain","You are welcome. Is there anything else I can help with?","SKYWAVE_PHASE_4_5","ebf7c04a-132e-4c8d-a10b-6909b0418aad","","-9.0","09:21:35","","",""
"Input","4942d91f-f21c-4451-a5be-a21be53d0d2e","u58e0850-4f18-479a-a2f8-a82137419625","a58e0850-4f18-479a-a2f8-a82137419625","text/plain","My in-flight wifi did not work, I want a refund","SKYWAVE_PHASE_4_5","90afbc84-a244-485c-ac5a-a136081f5b2b","","-9.0","09:23:57","","",""
"Output","4942d91f-f21c-4451-a5be-a21be53d0d2e","a58e0850-4f18-479a-a2f8-a82137419625","a58e0850-4f18-479a-a2f8-a82137419625","text/plain","I have logged your complaint as case 00012346. A refund will be processed.","SKYWAVE_PHASE_4_5","891cd7b8-02a8-4e34-a952-94c7a93be9f1","","-9.0","09:24:01","","",""
"Input","9892fa5c-a822-47ac-a5b1-66e14bd5dbb0","u58e0850-4f18-479a-a2f8-a82137419625","a58e0850-4f18-479a-a2f8-a82137419625","text/plain","Okay.","SKYWAVE_PHASE_4_5","28fe77b8-b2e3-4a96-ac3b-de9a0b33ee89","","-9.0","09:24:50","","",""
"Output","9892fa5c-a822-47ac-a5b1-66e14bd5dbb0","a58e0850-4f18-479a-a2f8-a82137419625","a58e0850-4f18-479a-a2f8-a82137419625","text/plain","Understood. Anything else I can help with?","SKYWAVE_PHASE_4_5","eb900b2d-5ee0-4094-abda-b2f8ec0df97d","","-9.0","09:24:53","","",""
"Input","0dcdce32-655a-4995-aff5-84a5b5b41875","u58e0850-4f18-479a-a2f8-a82137419625","a58e0850-4f18-479a-a2f8-a82137419625","text/plain","Find flights from JFK to HND tomorrow","SKYWAVE_PHASE_4_5","5f1ae641-4df7-4d70-aa64-56f5f8ac3822","","-9.0","09:25:50","","",""
"Output","0dcdce32-655a-4995-aff5-84a5b5b41875","a58e0850-4f18-479a-a2f8-a82137419625","a58e0850-4f18-479a-a2f8-a82137419625","text/plain","I found 4 flights for that route. The cheapest is SW1200 at 1pm for $1,280.","SKYWAVE_PHASE_4_5","78767083-a254-4081-a9bc-ed57f014a673","","-9.0","09:25:54","","",""
"Input","224d7a28-6857-48ba-add3-dd79950d5730","u58e0850-4f18-479a-a2f8-a82137419625","a58e0850-4f18-479a-a2f8-a82137419625","text/plain","Great, thank you!","SKYWAVE_PHASE_4_5","85d89b1a-07dd-4c9a-a56d-bb374ca04563","","-9.0","09:26:55","","",""
"Output","224d7a28-6857-48ba-add3-dd79950d5730","a58e0850-4f18-479a-a2f8-a82137419625","a58e0850-4f18-479a-a2f8-a82137419625","text/plain","You are welcome. Is there anything else I can help with?","SKYWAVE_PHASE_4_5","3f42f077-ede9-4343-aa47-279bbbabf465","","-9.0","09:26:57","","",""
"Input","ce4e3c13-fb80-4334-a4b3-f507cc18ac12","uc7f3478-bdad-4d59-ae53-70c9c3e4e53d","bc7f3478-bdad-4d59-ae53-70c9c3e4e53d","text/plain","Whats the weather like in Tokyo?","SKYWAVE_PHASE_4_5","50fdc110-5124-4381-a8b4-cd6e2de8351e","","-5.0","13:26:00","","",""
"Output","ce4e3c13-fb80-4334-a4b3-f507cc18ac12","ac7f3478-bdad-4d59-ae53-70c9c3e4e53d","bc7f3478-bdad-4d59-ae53-70c9c3e4e53d","text/plain","I can only help with flight bookings and Skywave loyalty questions.","SKYWAVE_PHASE_4_5","e796a02d-c761-41d7-ae73-e506f523aa29","","-5.0","13:26:02","","",""
"Input","77e2e49e-21c7-46b2-ae34-ac4c010872a2","uc7f3478-bdad-4d59-ae53-70c9c3e4e53d","bc7f3478-bdad-4d59-ae53-70c9c3e4e53d","text/plain","This still is not working, I am frustrated.","SKYWAVE_PHASE_4_5","9f2c648f-b5bd-45f1-a2b8-7a770399dbb4","","-5.0","13:26:38","","",""
"Output","77e2e49e-21c7-46b2-ae34-ac4c010872a2","ac7f3478-bdad-4d59-ae53-70c9c3e4e53d","bc7f3478-bdad-4d59-ae53-70c9c3e4e53d","text/plain","I am sorry for the inconvenience. I was unable to resolve this for you.","SKYWAVE_PHASE_4_5","a1b73145-2b89-4900-a905-10923a5a966b","","-5.0","13:26:41","","",""
"Input","724b8f94-da02-430e-a0cd-e3d4c2b5edf8","u7c6ac4a-5b4e-4474-aed5-583f03b4653e","c7c6ac4a-5b4e-4474-aed5-583f03b4653e","text/plain","My in-flight wifi did not work, I want a refund","SKYWAVE_PHASE_4_5","19aad5f8-f398-49e5-aecf-07235fd3b483","","-14.0","12:56:00","","",""
"Output","724b8f94-da02-430e-a0cd-e3d4c2b5edf8","a7c6ac4a-5b4e-4474-aed5-583f03b4653e","c7c6ac4a-5b4e-4474-aed5-583f03b4653e","text/plain","I have logged your complaint as case 00012346. A refund will be processed.","SKYWAVE_PHASE_4_5","3e82c62a-8717-4bb6-a0dd-b19d3173e26d","","-14.0","12:56:02","","",""
"Input","078479c4-4871-45a2-aa5d-874f96528910","u7c6ac4a-5b4e-4474-aed5-583f03b4653e","c7c6ac4a-5b4e-4474-aed5-583f03b4653e","text/plain","Okay.","SKYWAVE_PHASE_4_5","5735a371-6bc8-4177-ad73-05b1362a10d7","","-14.0","12:56:58","","",""
"Output","078479c4-4871-45a2-aa5d-874f96528910","a7c6ac4a-5b4e-4474-aed5-583f03b4653e","c7c6ac4a-5b4e-4474-aed5-583f03b4653e","text/plain","Understood. Anything else I can help with?","SKYWAVE_PHASE_4_5","cf321515-e6cc-48db-ad3f-fddf8cdc8e56","","-14.0","12:57:00","","",""
"Input","8eb23339-1420-424e-adca-faf0af3a368e","u7c6ac4a-5b4e-4474-aed5-583f03b4653e","c7c6ac4a-5b4e-4474-aed5-583f03b4653e","text/plain","Can I move from 23B to an aisle seat?","SKYWAVE_PHASE_4_5","314d443e-1d0f-4536-a710-5cac5a3d6c77","","-14.0","12:57:52","","",""
"Output","8eb23339-1420-424e-adca-faf0af3a368e","a7c6ac4a-5b4e-4474-aed5-583f03b4653e","c7c6ac4a-5b4e-4474-aed5-583f03b4653e","text/plain","I could not update your seat assignment. Please contact a service agent.","SKYWAVE_PHASE_4_5","29b034d8-44ac-4b6c-a81e-5bc80ef828c3","","-14.0","12:57:55","","",""
"Input","6774dfad-1bcb-4d82-a58c-abb42c1052a2","u7c6ac4a-5b4e-4474-aed5-583f03b4653e","c7c6ac4a-5b4e-4474-aed5-583f03b4653e","text/plain","This still is not working, I am frustrated.","SKYWAVE_PHASE_4_5","5cde4ccc-7910-44eb-ab75-734c392a7c37","","-14.0","12:58:32","","",""
"Output","6774dfad-1bcb-4d82-a58c-abb42c1052a2","a7c6ac4a-5b4e-4474-aed5-583f03b4653e","c7c6ac4a-5b4e-4474-aed5-583f03b4653e","text/plain","I am sorry for the inconvenience. I was unable to resolve this for you.","SKYWAVE_PHASE_4_5","7fd13480-5f28-4331-a4fe-fe9f3a2dc077","","-14.0","12:58:34","","",""
"Input","37731913-f6d5-42e4-a5c5-adf467db12fa","u3fe0c2b-657e-42be-a0e5-d96d6fce0408","43fe0c2b-657e-42be-a0e5-d96d6fce0408","text/plain","I lost my luggage in Munich last week, can you help?","SKYWAVE_PHASE_4_5","c4066d9d-69f7-4c78-a5b7-aa9cd1eff88c","","-14.0","18:44:00","","",""
"Output","37731913-f6d5-42e4-a5c5-adf467db12fa","a3fe0c2b-657e-42be-a0e5-d96d6fce0408","43fe0c2b-657e-42be-a0e5-d96d6fce0408","text/plain","I have created case 00012345 for your lost luggage. We will contact you within 24 hours.","SKYWAVE_PHASE_4_5","32a0aa2f-6440-4213-ad03-3e25c27fb6e7","","-14.0","18:44:02","","",""
"Input","8b8ec65f-1baf-4d27-a577-aecaf83eb62b","u3fe0c2b-657e-42be-a0e5-d96d6fce0408","43fe0c2b-657e-42be-a0e5-d96d6fce0408","text/plain","Okay.","SKYWAVE_PHASE_4_5","d056f7e7-3e3d-4655-a246-b731eaaf8052","","-14.0","18:44:58","","",""
"Output","8b8ec65f-1baf-4d27-a577-aecaf83eb62b","a3fe0c2b-657e-42be-a0e5-d96d6fce0408","43fe0c2b-657e-42be-a0e5-d96d6fce0408","text/plain","Understood. Anything else I can help with?","SKYWAVE_PHASE_4_5","98257ce1-aec0-42e2-a7bc-006a705e65cd","","-14.0","18:45:02","","",""
