"AI_Agent_Interaction__c","Ai_Agent_Interaction_Step_Type__c","Attribute__c","Demo_Identifier__c","End_Days__c","End_Time__c","Error_Message__c","External_ID__c","Gen_AI_Gateway_Request__c","Gen_AI_Gateway_Response__c","Generation__c","Input_Value__c","Name__c","Output_Value__c","Post_step_Variable__c","Pre_step_Variable__c","Previous_Step__c","Start_Days__c","Start_Time__c","Telemetry_Trace_Span_Id__c"
"a5d1a5a1-afd2-4aaa-a76b-5ed43a1f338f","TOPIC_STEP","","SKYWAVE_PHASE_4_5","-6.0","18:01:02","","537b59e8-090b-4ccb-a69a-d154d103ec81","","","","Whats the weather like in Tokyo?","TOPIC_STEP","I can only help with flight bookings and Skywave loyalty questions.","","","","-6.0","18:01:00","fc2bc6f5-263b-47de-ae91-e967c100b7e2"
"a5d1a5a1-afd2-4aaa-a76b-5ed43a1f338f","LLM_STEP","","SKYWAVE_PHASE_4_5","-6.0","18:01:04","","59afcd28-04a0-44eb-a275-7812925311c3","","","","Whats the weather like in Tokyo?","LLM_STEP","I can only help with flight bookings and Skywave loyalty questions.","","","537b59e8-090b-4ccb-a69a-d154d103ec81","-6.0","18:01:02","fc2bc6f5-263b-47de-ae91-e967c100b7e2"
"7f8e0c6a-cdd1-4c8a-a7ac-26269b25655c","TOPIC_STEP","","SKYWAVE_PHASE_4_5","-6.0","18:01:53","","fe541ddf-539e-4aa1-ac5d-bd659cb09589","","","","This still is not working, I am frustrated.","TOPIC_STEP","I am sorry for the inconvenience. I was unable to resolve this for you.","","","","-6.0","18:01:51","276c310c-c579-4726-a93b-f4ef01c211f6"
"e2074bd2-b8ce-44d9-a24d-8eca827749cd","TOPIC_STEP","","SKYWAVE_PHASE_4_5","-4.0","08:24:02","","5c269736-6785-4e49-a96a-9270a580f3b3","","","","What is my tier status?","TOPIC_STEP","You are Gold tier with 14,200 qualifying points this year.","","","","-4.0","08:24:00","dee7fe03-c648-435a-a22a-be7863244401"
"e2074bd2-b8ce-44d9-a24d-8eca827749cd","LLM_STEP","","SKYWAVE_PHASE_4_5","-4.0","08:24:04","","273ef716-50a6-4932-a074-6769f02542a1","","","","What is my tier status?","LLM_STEP","You are Gold tier with 14,200 qualifying points this year.","","","5c269736-6785-4e49-a96a-9270a580f3b3","-4.0","08:24:02","dee7fe03-c648-435a-a22a-be7863244401"
"75690e61-d8ac-4eb6-a52e-b306ea8573ed","TOPIC_STEP","","SKYWAVE_PHASE_4_5","-4.0","08:26:10","","09513676-0a4a-4e3f-a306-e27b978ea14c","","","","Great, thank you!","TOPIC_STEP","You are welcome. Is there anything else I can help with?","","","","-4.0","08:26:08","6301a3b2-b979-4bcc-a77f-712464bfc09f"
"99344dd8-6b00-4196-a053-d4930fb42516","TOPIC_STEP","","SKYWAVE_PHASE_4_5","-5.0","10:00:02","","74ebe1cf-8a5e-4f0a-a5c2-b3da0c542ee7","","","","I want to change my seat to a window seat","TOPIC_STEP","Sorry, I am unable to change your seat right now. Please try again later.","","","","-5.0","10:00:00","a66ce254-a99d-4a28-abab-c98e779c31a0"
"99344dd8-6b00-4196-a053-d4930fb42516","LLM_STEP","","SKYWAVE_PHASE_4_5","-5.0","10:00:04","","9ef35942-b06d-42e4-aa95-bf981fa68262","","","","I want to change my seat to a window seat","LLM_STEP","Sorry, I am unable to change your seat right now. Please try again later.","","","74ebe1cf-8a5e-4f0a-a5c2-b3da0c542ee7","-5.0","10:00:02","a66ce254-a99d-4a28-abab-c98e779c31a0"
"9ccf136f-b2da-423f-a2b0-d5d369aa1d14","TOPIC_STEP","","SKYWAVE_PHASE_4_5","-5.0","10:00:55","","f9e961bd-6159-49f5-a591-34aef3e4d42b","","","","This still is not working, I am frustrated.","TOPIC_STEP","I am sorry for the inconvenience. I was unable to resolve this for you.","","","","-5.0","10:00:53","597aa515-8bfe-47dd-a840-d714c6a2e1a7"
"c226328e-9622-427e-ac45-ba42fd4e9f20","TOPIC_STEP","","SKYWAVE_PHASE_4_5","-3.0","19:45:02","","a8ca9431-9d40-4a51-a31e-099b783ba333","","","","Find flights from JFK to HND tomorrow","TOPIC_STEP","I found 4 flights for that route. The cheapest is SW1200 at 1pm for $1,280.","","","","-3.0","19:45:00","b90774a5-d747-4e5f-a806-610200988307"
"c226328e-9622-427e-ac45-ba42fd4e9f20","LLM_STEP","","SKYWAVE_PHASE_4_5","-3.0","19:45:04","","66996359-7368-415a-ad85-82cdd75c1bda","","","","Find flights from JFK to HND tomorrow","LLM_STEP","I found 4 flights for that route. The cheapest is SW1200 at 1pm for $1,280.","","","a8ca9431-9d40-4a51-a31e-099b783ba333","-3.0","19:45:02","b90774a5-d747-4e5f-a806-610200988307"
"980f766b-3c39-474a-a383-3dfee2d7e98f","TOPIC_STEP","","SKYWAVE_PHASE_4_5","-3.0","19:45:32","","573f90df-a83c-4fcf-aa7e-d8b53db74c93","","","","Great, thank you!","TOPIC_STEP","You are welcome. Is there anything else I can help with?","","","","-3.0","19:45:30","6794396b-442d-4611-aaf7-dee3b69e0cfb"
"ffac429f-ea59-4b18-a1da-85c009a37b2f","TOPIC_STEP","","SKYWAVE_PHASE_4_5","-3.0","19:46:15","","ac5f13bd-6b34-4847-acff-e355c3ecb4c9","","","","Show me my upcoming bookings","TOPIC_STEP","You have one upcoming booking — LH 1927 BER-MUC-SFO, confirmed.","","","","-3.0","19:46:13","5c6adc9a-daa8-45f0-a90b-7ba372bec3f0"
"ffac429f-ea59-4b18-a1da-85c009a37b2f","LLM_STEP","","SKYWAVE_PHASE_4_5","-3.0","19:46:17","","66a8e835-4946-4896-ae50-2fb01aaeec34","","","","Show me my upcoming bookings","LLM_STEP","You have one upcoming booking — LH 1927 BER-MUC-SFO, confirmed.","","","ac5f13bd-6b34-4847-acff-e355c3ecb4c9","-3.0","19:46:15","5c6adc9a-daa8-45f0-a90b-7ba372bec3f0"
"2845e3a9-f275-4c15-a065-f76875a9f374","TOPIC_STEP","","SKYWAVE_PHASE_4_5","-3.0","19:46:34","","9f19cde6-ec11-4028-a1f5-50e7b265110f","","","","Great, thank you!","TOPIC_STEP","You are welcome. Is there anything else I can help with?","","","","-3.0","19:46:32","0ba562ae-880c-4b19-ade2-aed512dc7ae3"
"dd61101d-630b-41a2-a09e-a13a41883910","TOPIC_STEP","","SKYWAVE_PHASE_4_5","-3.0","19:49:56","","0258af7d-8810-4f03-ae63-37e5d8f8c8f0","","","","I want to select seat 1A for my flight","TOPIC_STEP","I was unable to retrieve the seat map automatically and could not assign the seat.","","","","-3.0","19:49:54","331aef78-fb3a-426e-a2d9-6192894afea1"
"dd61101d-630b-41a2-a09e-a13a41883910","LLM_STEP","","SKYWAVE_PHASE_4_5","-3.0","19:49:58","","08874c0f-21b9-47cf-a8be-6bac8da69c52","","","","I want to select seat 1A for my flight","LLM_STEP","I was unable to retrieve the seat map automatically and could not assign the seat.","","","0258af7d-8810-4f03-ae63-37e5d8f8c8f0","-3.0","19:49:56","331aef78-fb3a-426e-a2d9-6192894afea1"
"10cb7614-59b4-4faf-a401-7a711f946515","TOPIC_STEP","","SKYWAVE_PHASE_4_5","-3.0","19:51:12","","daf24f97-bc63-43ac-a098-b6331124558d","","","","This still is not working, I am frustrated.","TOPIC_STEP","I am sorry for the inconvenience. I was unable to resolve this for you.","","","","-3.0","19:51:10","5350350b-2328-42b7-a009-3770e97ab851"
"213d38b5-93dc-4863-a754-4b5ef585bd1b","TOPIC_STEP","","SKYWAVE_PHASE_4_5","-13.0","14:59:02","","3b96ceae-1aaf-4309-a308-63e6ebe9e319","","","","I want to change my seat to a window seat","TOPIC_STEP","Sorry, I am unable to change your seat right now. Please try again later.","","","","-13.0","14:59:00","e31b9052-8180-4824-a474-7a3801b4f7fa"
"213d38b5-93dc-4863-a754-4b5ef585bd1b","LLM_STEP","","SKYWAVE_PHASE_4_5","-13.0","14:59:04","","9a03150f-feda-45de-ab51-da9c2159433a","","","","I want to change my seat to a window seat","LLM_STEP","Sorry, I am unable to change your seat right now. Please try again later.","","","3b96ceae-1aaf-4309-a308-63e6ebe9e319","-13.0","14:59:02","e31b9052-8180-4824-a474-7a3801b4f7fa"
"2149739f-38ec-4b70-acfb-3c3483407cc4","TOPIC_STEP","","SKYWAVE_PHASE_4_5","-13.0","14:59:52","","1cd4ce69-d13d-40a8-a8d6-b6f7c3cc52d9","","","","This still is not working, I am frustrated.","TOPIC_STEP","I am sorry for the inconvenience. I was unable to resolve this for you.","","","","-13.0","14:59:50","c4f46d20-734f-473d-ab24-8575e8574c6e"
"2fb90de6-f412-4856-a289-2233b8d6db9f","TOPIC_STEP","","SKYWAVE_PHASE_4_5","-13.0","15:01:00","","ccdc34d5-9cac-4af1-ae1c-f32f5bfa0f60","","","","What is my tier status?","TOPIC_STEP","You are Gold tier with 14,200 qualifying points this year.","","","","-13.0","15:00:58","427e2c55-d026-4376-a5df-044d9c4e2f98"
"2fb90de6-f412-4856-a289-2233b8d6db9f","LLM_STEP","","SKYWAVE_PHASE_4_5","-13.0","15:01:02","","a921cced-5d90-4501-a7e8-23288d977698","","","","What is my tier status?","LLM_STEP","You are Gold tier with 14,200 qualifying points this year.","","","ccdc34d5-9cac-4af1-ae1c-f32f5bfa0f60","-13.0","15:01:00","427e2c55-d026-4376-a5df-044d9c4e2f98"
"a06d89d5-9e35-4cf8-a526-8f74107f9478","TOPIC_STEP","","SKYWAVE_PHASE_4_5","-13.0","15:05:16","","414ac1b0-bb72-458b-ab28-de725cbc4580","","","","Great, thank you!","TOPIC_STEP","You are welcome. Is there anything else I can help with?","","","","-13.0","15:05:14","2bdf123a-fb6b-4dc3-a751-812762c47e74"
"7cf4928b-4eaf-4795-a4c5-80d53a266824","TOPIC_STEP","","SKYWAVE_PHASE_4_5","-5.0","10:07:02","","8966193a-bdf4-4f32-ac90-135f3c0efc27","","","","Can I move from 23B to an aisle seat?","TOPIC_STEP","I could not update your seat assignment. Please contact a service agent.","","","","-5.0","10:07:00","ae686570-b957-4008-a364-c15921f4d25b"
"7cf4928b-4eaf-4795-a4c5-80d53a266824","LLM_STEP","","SKYWAVE_PHASE_4_5","-5.0","10:07:04","","31745f18-d011-486a-ab36-c13aeaf6efc5","","","","Can I move from 23B to an aisle seat?","LLM_STEP","I could not update your seat assignment. Please contact a service agent.","","","8966193a-bdf4-4f32-ac90-135f3c0efc27","-5.0","10:07:02","ae686570-b957-4008-a364-c15921f4d25b"
"f8262dea-e5d2-4534-a96e-8733818c4f7f","TOPIC_STEP","","SKYWAVE_PHASE_4_5","-5.0","10:07:27","","856ebd90-7c63-4588-a7f7-c9c81da75505","","","","This still is not working, I am frustrated.","TOPIC_STEP","I am sorry for the inconvenience. I was unable to resolve this for you.","","","","-5.0","10:07:25","fe102170-637a-476d-a95b-5b084c7513e0"
"0b26a445-d1ee-4d6b-ad92-534f315e696b","TOPIC_STEP","","SKYWAVE_PHASE_4_5","-7.0","17:20:02","","58763fbb-979e-4a33-a665-64dd93ac445e","","","","How many miles do I have?","TOPIC_STEP","You currently have 18,450 SkyWave miles. You are at Premier tier.","","","","-7.0","17:20:00","fbbf0974-badf-458d-af52-f6b4276c7299"
"0b26a445-d1ee-4d6b-ad92-534f315e696b","LLM_STEP","","SKYWAVE_PHASE_4_5","-7.0","17:20:04","","5e15b864-c7d4-4957-a03f-46a50ee615b0","","","","How many miles do I have?","LLM_STEP","You currently have 18,450 SkyWave miles. You are at Premier tier.","","","58763fbb-979e-4a33-a665-64dd93ac445e","-7.0","17:20:02","fbbf0974-badf-458d-af52-f6b4276c7299"
"cdfa1811-409b-482f-afd1-288715a7cb41","TOPIC_STEP","","SKYWAVE_PHASE_4_5","-7.0","17:22:27","","7c3708e9-2ba0-4c66-a920-7520450122d5","","","","Great, thank you!","TOPIC_STEP","You are welcome. Is there anything else I can help with?","","","","-7.0","17:22:25","152e866d-d782-4bb5-adf8-548b1acb6972"
"fdbeef0d-9d9a-498e-a2be-d8d4cb4d861f","TOPIC_STEP","","SKYWAVE_PHASE_4_5","-7.0","18:27:02","","56d7e4e0-a317-4f1d-aa3b-d740d7238661","","","","What is my tier status?","TOPIC_STEP","You are Gold tier with 14,200 qualifying points this year.","","","","-7.0","18:27:00","328f3f95-6177-444a-a833-504179585888"
"fdbeef0d-9d9a-498e-a2be-d8d4cb4d861f","LLM_STEP","","SKYWAVE_PHASE_4_5","-7.0","18:27:04","","e3889b63-3105-43a1-a1d5-58e864b38e3a","","","","What is my tier status?","LLM_STEP","You are Gold tier with 14,200 qualifying points this year.","","","56d7e4e0-a317-4f1d-aa3b-d740d7238661","-7.0","18:27:02","328f3f95-6177-444a-a833-504179585888"
"e1644883-aa3f-48d2-a64a-ab15cd086323","TOPIC_STEP","","SKYWAVE_PHASE_4_5","-7.0","18:27:27","","ea0bc844-dcfc-4ffb-a95e-f3246d7d71da","","","","Great, thank you!","TOPIC_STEP","You are welcome. Is there anything else I can help with?","","","","-7.0","18:27:25","577c40f7-73be-4443-af52-2ac895f13382"
"7c285f38-6e92-4c9b-a482-c19b9cbf8882","TOPIC_STEP","","SKYWAVE_PHASE_4_5","-11.0","15:54:02","","ab7b1e5e-61a2-4de2-abbd-be6043f3e304","","","","Can I move from 23B to an aisle seat?","TOPIC_STEP","I could not update your seat assignment. Please contact a service agent.","","","","-11.0","15:54:00","f3dec816-7157-4ebf-a37a-96dddaf33932"
"7c285f38-6e92-4c9b-a482-c19b9cbf8882","LLM_STEP","","SKYWAVE_PHASE_4_5","-11.0","15:54:04","","b41d95a5-e4c5-4ccd-afac-4260dad077a3","","","","Can I move from 23B to an aisle seat?","LLM_STEP","I could not update your seat assignment. Please contact a service agent.","","","ab7b1e5e-61a2-4de2-abbd-be6043f3e304","-11.0","15:54:02","f3dec816-7157-4ebf-a37a-96dddaf33932"
"4a309082-6881-449f-ae99-65455a6b6171","TOPIC_STEP","","SKYWAVE_PHASE_4_5","-11.0","15:55:55","","dd70e0e8-fc72-45d4-a6f6-3169d19cf4bf","","","","This still is not working, I am frustrated.","TOPIC_STEP","I am sorry for the inconvenience. I was unable to resolve this for you.","","","","-11.0","15:55:53","3c86e745-ca68-4c7a-a60b-a19c8c4e902e"
"f840e24f-08ad-4db0-ae3c-9bc04524b1f7","TOPIC_STEP","","SKYWAVE_PHASE_4_5","-9.0","19:06:02","","a9f57757-2ddf-4f41-af16-2b9c1e73642a","","","","Show me my upcoming bookings","TOPIC_STEP","You have one upcoming booking — LH 1927 BER-MUC-SFO, confirmed.","","","","-9.0","19:06:00","de1aa93f-fa38-48e3-a3b5-66397d71e4cc"
"f840e24f-08ad-4db0-ae3c-9bc04524b1f7","LLM_STEP","","SKYWAVE_PHASE_4_5","-9.0","19:06:04","","aea9924b-8f0d-4f74-abae-7df96c9db231","","","","Show me my upcoming bookings","LLM_STEP","You have one upcoming booking — LH 1927 BER-MUC-SFO, confirmed.","","","a9f57757-2ddf-4f41-af16-2b9c1e73642a","-9.0","19:06:02","de1aa93f-fa38-48e3-a3b5-66397d71e4cc"
"2b269d05-075c-4a6b-a1b3-d705c9d4e87c","TOPIC_STEP","","SKYWAVE_PHASE_4_5","-9.0","19:07:09","","ed9a0794-7e1c-4016-adcd-4a38630bc8a9","","","","Great, thank you!","TOPIC_STEP","You are welcome. Is there anything else I can help with?","","","","-9.0","19:07:07","3cd2c6df-b1cf-4288-a39f-d322cb6cb58b"
"8d5aeaff-2ee4-41bd-af26-1cdc444192a7","TOPIC_STEP","","SKYWAVE_PHASE_4_5","-9.0","19:09:13","","4394f981-4a2d-4575-abb6-0d7e277e6a25","","","","I want to select seat 1A for my flight","TOPIC_STEP","I was unable to retrieve the seat map automatically and could not assign the seat.","","","","-9.0","19:09:11","318cfefb-e895-4504-ac85-1acdd7587b7e"
"8d5aeaff-2ee4-41bd-af26-1cdc444192a7","LLM_STEP","","SKYWAVE_PHASE_4_5","-9.0","19:09:15","","8df6edba-f728-433d-a910-79583aff3765","","","","I want to select seat 1A for my flight","LLM_STEP","I was unable to retrieve the seat map automatically and could not assign the seat.","","","4394f981-4a2d-4575-abb6-0d7e277e6a25","-9.0","19:09:13","318cfefb-e895-4504-ac85-1acdd7587b7e"
"f5785530-8551-4b8e-acdb-7f375351a4bc","TOPIC_STEP","","SKYWAVE_PHASE_4_5","-9.0","19:11:40","","598e5080-99de-40fa-abb5-56af52ca631a","","","","This still is not working, I am frustrated.","TOPIC_STEP","I am sorry for the inconvenience. I was unable to resolve this for you.","","","","-9.0","19:11:38","6e6a7cbc-fc7f-495e-aa4f-89449c25f6c7"
"53d72815-19f6-46e7-a67a-9134e5967e32","TOPIC_STEP","","SKYWAVE_PHASE_4_5","-13.0","12:12:02","","0858626c-4acf-4e7c-a4f0-642631c09d21","","","","How many miles do I have?","TOPIC_STEP","You currently have 18,450 SkyWave miles. You are at Premier tier.","","","","-13.0","12:12:00","6f467325-457b-49b4-a03d-9943f2ecde22"
"53d72815-19f6-46e7-a67a-9134e5967e32","LLM_STEP","","SKYWAVE_PHASE_4_5","-13.0","12:12:04","","aeccf73d-a383-4770-a76f-25f4ba0b1124","","","","How many miles do I have?","LLM_STEP","You currently have 18,450 SkyWave miles. You are at Premier tier.","","","0858626c-4acf-4e7c-a4f0-642631c09d21","-13.0","12:12:02","6f467325-457b-49b4-a03d-9943f2ecde22"
"91107d0f-e8c6-4ac3-a198-da423bc8b4c9","TOPIC_STEP","","SKYWAVE_PHASE_4_5","-13.0","12:13:11","","95d9e836-9a0a-426f-a3b6-8fcdcd78e6d3","","","","Great, thank you!","TOPIC_STEP","You are welcome. Is there anything else I can help with?","","","","-13.0","12:13:09","ecdba0a6-fbe2-4eed-af30-45ae9b664209"
"939baabf-d02b-48cf-a9be-bcc30441fec9","TOPIC_STEP","","SKYWAVE_PHASE_4_5","-13.0","12:15:24","","65ade871-f9f8-4114-ae22-c6ca8f4689ed","","","","My in-flight wifi did not work, I want a refund","TOPIC_STEP","I have logged your complaint as case 00012346. A refund will be processed.","","","","-13.0","12:15:22","09c7099d-ff56-480e-a995-30103dba0d34"
"939baabf-d02b-48cf-a9be-bcc30441fec9","LLM_STEP","","SKYWAVE_PHASE_4_5","-13.0","12:15:26","","f51532cb-202a-41fa-ab41-aae930d76af6","","","","My in-flight wifi did not work, I want a refund","LLM_STEP","I have logged your complaint as case 00012346. A refund will be processed.","","","65ade871-f9f8-4114-ae22-c6ca8f4689ed","-13.0","12:15:24","09c7099d-ff56-480e-a995-30103dba0d34"
"40695782-3a13-429c-aba6-6b16fc0cbb5c","TOPIC_STEP","","SKYWAVE_PHASE_4_5","-13.0","12:16:15","","31ff0edf-9f67-4ba3-a3cc-eff082d46e99","","","","Okay.","TOPIC_STEP","Understood. Anything else I can help with?","","","","-13.0","12:16:13","fb23b4dd-df23-4e7f-a830-4c924b89b635"
"972ca142-8262-44e7-a660-c1654e934808","TOPIC_STEP","","SKYWAVE_PHASE_4_5","-13.0","12:21:12","","6f62db5f-c1ca-4702-a1e7-c2f29eac5467","","","","I want to select seat 1A for my flight","TOPIC_STEP","I was unable to retrieve the seat map automatically and could not assign the seat.","","","","-13.0","12:21:10","aa313725-14d9-481b-a30c-ee94be0c85ac"
"972ca142-8262-44e7-a660-c1654e934808","LLM_STEP","","SKYWAVE_PHASE_4_5","-13.0","12:21:14","","174a73e9-706c-44e2-a208-434810449929","","","","I want to select seat 1A for my flight","LLM_STEP","I was unable to retrieve the seat map automatically and could not assign the seat.","","","6f62db5f-c1ca-4702-a1e7-c2f29eac5467","-13.0","12:21:12","aa313725-14d9-481b-a30c-ee94be0c85ac"
"190d2981-4a9b-4962-acd0-5a1e49ab447f","TOPIC_STEP","","SKYWAVE_PHASE_4_5","-13.0","12:21:51","","9ce7535c-099a-4d1c-a7e0-1d1c6c815159","","","","This still is not working, I am frustrated.","TOPIC_STEP","I am sorry for the inconvenience. I was unable to resolve this for you.","","","","-13.0","12:21:49","9c786c7d-29d6-4421-a7f1-91505d44f5e7"
"dd4f83ba-3b35-4bf4-a28c-b824287d6d41","TOPIC_STEP","","SKYWAVE_PHASE_4_5","-11.0","18:08:02","","bc7155e2-6c3e-48f3-a334-a26e6d8e9e1c","","","","Cancel my booking ABC123","TOPIC_STEP","I have cancelled booking ABC123. A refund of $480 will be issued.","","","","-11.0","18:08:00","15c55035-5879-4021-a3a2-cbe28302ebd5"
"dd4f83ba-3b35-4bf4-a28c-b824287d6d41","LLM_STEP","","SKYWAVE_PHASE_4_5","-11.0","18:08:04","","450d5ef6-6202-4f81-a399-8d04c0dadf4c","","","","Cancel my booking ABC123","LLM_STEP","I have cancelled booking ABC123. A refund of $480 will be issued.","","","bc7155e2-6c3e-48f3-a334-a26e6d8e9e1c","-11.0","18:08:02","15c55035-5879-4021-a3a2-cbe28302ebd5"
"eb8ac24d-c707-4223-a1b6-175df9d1364f","TOPIC_STEP","","SKYWAVE_PHASE_4_5","-11.0","18:11:33","","a874f695-42da-4fc9-a2f8-92df1cfafac4","","","","Great, thank you!","TOPIC_STEP","You are welcome. Is there anything else I can help with?","","","","-11.0","18:11:31","e91a20f9-1ad2-4de2-a213-51854cb76380"
"d745e297-7ead-48ef-a389-68fb9814f53c","TOPIC_STEP","","SKYWAVE_PHASE_4_5","-11.0","18:13:45","","addcb123-6a77-48cb-ad7e-c26315450519","","","","Can I move from 23B to an aisle seat?","TOPIC_STEP","I could not update your seat assignment. Please contact a service agent.","","","","-11.0","18:13:43","e1a65c24-c036-4307-a4a3-4002aefc31da"
"d745e297-7ead-48ef-a389-68fb9814f53c","LLM_STEP","","SKYWAVE_PHASE_4_5","-11.0","18:13:47","","7aef252e-59dd-4749-a196-4df74bd8ccb3","","","","Can I move from 23B to an aisle seat?","LLM_STEP","I could not update your seat assignment. Please contact a service agent.","","","addcb123-6a77-48cb-ad7e-c26315450519","-11.0","18:13:45","e1a65c24-c036-4307-a4a3-4002aefc31da"
"8e257473-518e-45c7-a1c2-f5c138d84a09","TOPIC_STEP","","SKYWAVE_PHASE_4_5","-11.0","18:14:44","","cc8b85b3-771d-4644-aeb8-72f4748d7fd5","","","","This still is not working, I am frustrated.","TOPIC_STEP","I am sorry for the inconvenience. I was unable to resolve this for you.","","","","-11.0","18:14:42","122f36c4-bcee-4bba-a768-133a0b0d1c9f"
"2674e620-b596-49b8-a9ad-b90662973e51","TOPIC_STEP","","SKYWAVE_PHASE_4_5","-3.0","10:23:02","","8d42faf2-c615-4537-aebe-a0fb89510127","","","","Cancel my booking ABC123","TOPIC_STEP","I have cancelled booking ABC123. A refund of $480 will be issued.","","","","-3.0","10:23:00","40116a79-1225-4b14-a741-a7f336c7e0f3"
"2674e620-b596-49b8-a9ad-b90662973e51","LLM_STEP","","SKYWAVE_PHASE_4_5","-3.0","10:23:04","","79cede61-61b8-4920-ab3e-f97dd4aa3e06","","","","Cancel my booking ABC123","LLM_STEP","I have cancelled booking ABC123. A refund of $480 will be issued.","","","8d42faf2-c615-4537-aebe-a0fb89510127","-3.0","10:23:02","40116a79-1225-4b14-a741-a7f336c7e0f3"
"f0bbdf98-ad2d-433d-a70a-cbec16cc189c","TOPIC_STEP","","SKYWAVE_PHASE_4_5","-3.0","10:23:27","","e5292ff9-6fac-42f5-a137-eff3fd9e1aeb","","","","Great, thank you!","TOPIC_STEP","You are welcome. Is there anything else I can help with?","","","","-3.0","10:23:25","453310b3-f831-45e5-a14e-f7b896e1b459"
"528890eb-98ed-4662-af6d-b80ad976d2d5","TOPIC_STEP","","SKYWAVE_PHASE_4_5","-3.0","10:25:52","","aefebba7-7ed8-4d0e-a2e7-8f13e7c874bf","","","","I want to change my seat to a window seat","TOPIC_STEP","Sorry, I am unable to change your seat right now. Please try again later.","","","","-3.0","10:25:50","a98a1c56-d0c0-427e-a128-6654a46f80bc"
"528890eb-98ed-4662-af6d-b80ad976d2d5","LLM_STEP","","SKYWAVE_PHASE_4_5","-3.0","10:25:54","","8b82b31d-f965-40bb-a05c-177260b52d8e","","","","I want to change my seat to a window seat","LLM_STEP","Sorry, I am unable to change your seat right now. Please try again later.","","","aefebba7-7ed8-4d0e-a2e7-8f13e7c874bf","-3.0","10:25:52","a98a1c56-d0c0-427e-a128-6654a46f80bc"
"e95123e7-6b94-4f2e-a262-534c16b930d6","TOPIC_STEP","","SKYWAVE_PHASE_4_5","-3.0","10:27:02","","e75521e9-6061-4b1a-aafd-6251f839fce1","","","","This still is not working, I am frustrated.","TOPIC_STEP","I am sorry for the inconvenience. I was unable to resolve this for you.","","","","-3.0","10:27:00","226a36d2-0b23-49f4-a71e-f4871da8d641"
"39f65344-ceec-40c1-adaa-fbc6dbf147b6","TOPIC_STEP","","SKYWAVE_PHASE_4_5","-8.0","13:15:02","","2880fffb-4eee-4e91-ab43-af022cb2df1b","","","","Show me my upcoming bookings","TOPIC_STEP","You have one upcoming booking — LH 1927 BER-MUC-SFO, confirmed.","","","","-8.0","13:15:00","67bbdee8-1785-46f1-a0bf-92e1f18e6b76"
"39f65344-ceec-40c1-adaa-fbc6dbf147b6","LLM_STEP","","SKYWAVE_PHASE_4_5","-8.0","13:15:04","","7f8031d3-fa9c-44c3-a45b-f097ef4706ad","","","","Show me my upcoming bookings","LLM_STEP","You have one upcoming booking — LH 1927 BER-MUC-SFO, confirmed.","","","2880fffb-4eee-4e91-ab43-af022cb2df1b","-8.0","13:15:02","67bbdee8-1785-46f1-a0bf-92e1f18e6b76"
"b2d16823-46ff-4b65-a03a-270f6cc713e1","TOPIC_STEP","","SKYWAVE_PHASE_4_5","-8.0","13:16:03","","3a7c8056-0f15-4e67-aac2-cd2bcd815e60","","","","Great, thank you!","TOPIC_STEP","You are welcome. Is there anything else I can help with?","","","","-8.0","13:16:01","4ed44d6a-44ac-4ab8-a756-75ab780d9575"
"983c87b6-d024-482a-aaf6-9ad87cbd579e","TOPIC_STEP","","SKYWAVE_PHASE_4_5","-3.0","16:18:02","","c0dc3d16-c7ec-4c82-a419-b0506a7bf3b6","","","","I want to change my seat to a window seat","TOPIC_STEP","Sorry, I am unable to change your seat right now. Please try again later.","","","","-3.0","16:18:00","4a5f00c0-a303-4ad5-abb0-35c89be7555a"
"983c87b6-d024-482a-aaf6-9ad87cbd579e","LLM_STEP","","SKYWAVE_PHASE_4_5","-3.0","16:18:04","","873b2374-916c-4f3b-a6ee-9500d1de9dc0","","","","I want to change my seat to a window seat","LLM_STEP","Sorry, I am unable to change your seat right now. Please try again later.","","","c0dc3d16-c7ec-4c82-a419-b0506a7bf3b6","-3.0","16:18:02","4a5f00c0-a303-4ad5-abb0-35c89be7555a"
"49b633ba-f538-465d-ad43-cad6de1c4797","TOPIC_STEP","","SKYWAVE_PHASE_4_5","-3.0","16:18:46","","1c32a14c-5b95-4a18-aaca-262b8e650775","","","","This still is not working, I am frustrated.","TOPIC_STEP","I am sorry for the inconvenience. I was unable to resolve this for you.","","","","-3.0","16:18:44","dc25c376-0bbc-44a1-a8e6-a10e066b447b"
"da4c258f-162d-4c28-a114-26fc004cb897","TOPIC_STEP","","SKYWAVE_PHASE_4_5","-3.0","19:25:02","","064a5abf-8d7c-4198-a5a2-5d82d578329e","","","","I want to change my seat to a window seat","TOPIC_STEP","Sorry, I am unable to change your seat right now. Please try again later.","","","","-3.0","19:25:00","ed19b26b-044a-430f-ae50-69e47ca5314a"
"da4c258f-162d-4c28-a114-26fc004cb897","LLM_STEP","","SKYWAVE_PHASE_4_5","-3.0","19:25:04","","330fecfa-0d73-43af-a1af-ed8615fa0dba","","","","I want to change my seat to a window seat","LLM_STEP","Sorry, I am unable to change your seat right now. Please try again later.","","","064a5abf-8d7c-4198-a5a2-5d82d578329e","-3.0","19:25:02","ed19b26b-044a-430f-ae50-69e47ca5314a"
"398b5414-87c9-4cba-ae06-b009aa70630b","TOPIC_STEP","","SKYWAVE_PHASE_4_5","-3.0","19:27:59","","57418f24-7f1f-4cb7-ac51-ef869c6e936e","","","","This still is not working, I am frustrated.","TOPIC_STEP","I am sorry for the inconvenience. I was unable to resolve this for you.","","","","-3.0","19:27:57","e2e73079-c3c9-4291-aca9-85fb724e63e8"
"2d01a1b2-35f2-4b63-a5ef-e933a40deb7e","TOPIC_STEP","","SKYWAVE_PHASE_4_5","-3.0","19:29:34","","1d52e1f6-c26b-4df3-a01b-d49c11cad345","","","","I lost my luggage in Munich last week, can you help?","TOPIC_STEP","I have created case 00012345 for your lost luggage. We will contact you within 24 hours.","","","","-3.0","19:29:32","e92f2e5e-b8a9-4fad-a9a8-eb1701ddb2e6"
"2d01a1b2-35f2-4b63-a5ef-e933a40deb7e","LLM_STEP","","SKYWAVE_PHASE_4_5","-3.0","19:29:36","","29973bdc-aa74-4c2b-a42c-bd4bc24849f1","","","","I lost my luggage in Munich last week, can you help?","LLM_STEP","I have created case 00012345 for your lost luggage. We will contact you within 24 hours.","","","1d52e1f6-c26b-4df3-a01b-d49c11cad345","-3.0","19:29:34","e92f2e5e-b8a9-4fad-a9a8-eb1701ddb2e6"
"731833b7-e1f6-40f8-ad4d-5da7269487c7","TOPIC_STEP","","SKYWAVE_PHASE_4_5","-3.0","19:33:14","","428946f8-ae98-4a0f-a3a4-ee65f6a99acc","","","","Great, thank you!","TOPIC_STEP","You are welcome. Is there anything else I can help with?","","","","-3.0","19:33:12","0d4bf292-2f35-4523-ac22-6573097118e0"
"41f3f5d8-9ce3-44f5-ac20-23be2c94c3ec","TOPIC_STEP","","SKYWAVE_PHASE_4_5","-3.0","19:35:15","","d6c1e203-bf31-49dc-a305-634ea87bde1a","","","","I want to change my seat to a window seat","TOPIC_STEP","Sorry, I am unable to change your seat right now. Please try again later.","","","","-3.0","19:35:13","14652eff-2534-48f4-aa28-b735bd40b5f8"
"41f3f5d8-9ce3-44f5-ac20-23be2c94c3ec","LLM_STEP","","SKYWAVE_PHASE_4_5","-3.0","19:35:17","","59b104c1-63ce-4a66-a5a0-a1168453f67e","","","","I want to change my seat to a window seat","LLM_STEP","Sorry, I am unable to change your seat right now. Please try again later.","","","d6c1e203-bf31-49dc-a305-634ea87bde1a","-3.0","19:35:15","14652eff-2534-48f4-aa28-b735bd40b5f8"
"942b50d6-cff1-4c5a-af6f-ccc37e9a6be2","TOPIC_STEP","","SKYWAVE_PHASE_4_5","-3.0","19:35:56","","0871510d-f1a4-4ac4-af03-154b877d9cb5","","","","This still is not working, I am frustrated.","TOPIC_STEP","I am sorry for the inconvenience. I was unable to resolve this for you.","","","","-3.0","19:35:54","624b68a3-5d63-45f3-a380-0b3e17857292"
"ff6ad063-8e17-4adb-a7fc-0692dce2064c","TOPIC_STEP","","SKYWAVE_PHASE_4_5","-9.0","19:11:02","","1ad2b3b3-d93b-40d4-a041-32a74a3bd226","","","","How many miles do I have?","TOPIC_STEP","You currently have 18,450 SkyWave miles. You are at Premier tier.","","","","-9.0","19:11:00","b9cb24ff-c96d-4887-a1dc-49862f9122ca"
"ff6ad063-8e17-4adb-a7fc-0692dce2064c","LLM_STEP","","SKYWAVE_PHASE_4_5","-9.0","19:11:04","","cbbf78d9-e643-4882-a1b2-9fe45efb9634","","","","How many miles do I have?","LLM_STEP","You currently have 18,450 SkyWave miles. You are at Premier tier.","","","1ad2b3b3-d93b-40d4-a041-32a74a3bd226","-9.0","19:11:02","b9cb24ff-c96d-4887-a1dc-49862f9122ca"
"9429c2c8-c10a-40b0-a3ab-929216ca4d28","TOPIC_STEP","","SKYWAVE_PHASE_4_5","-9.0","19:12:03","","efcf1cc7-3606-4cea-ac25-b35a3f325add","","","","Great, thank you!","TOPIC_STEP","You are welcome. Is there anything else I can help with?","","","","-9.0","19:12:01","7db55976-b618-4652-af82-e5ff902bb969"
"930ba0b4-59c8-4621-aacf-eaf9c3110410","TOPIC_STEP","","SKYWAVE_PHASE_4_5","-10.0","12:19:02","","71725e3e-6ccc-4ac2-ada4-6e9ec6fc44fd","","","","How many miles do I have?","TOPIC_STEP","You currently have 18,450 SkyWave miles. You are at Premier tier.","","","","-10.0","12:19:00","dc282170-b84d-4f5b-a8cf-e6539a46abcc"
"930ba0b4-59c8-4621-aacf-eaf9c3110410","LLM_STEP","","SKYWAVE_PHASE_4_5","-10.0","12:19:04","","bc61031c-8245-478a-aaad-bb8e765f7cb0","","","","How many miles do I have?","LLM_STEP","You currently have 18,450 SkyWave miles. You are at Premier tier.","","","71725e3e-6ccc-4ac2-ada4-6e9ec6fc44fd","-10.0","12:19:02","dc282170-b84d-4f5b-a8cf-e6539a46abcc"
"5dd87239-9fc7-42aa-a985-e02fc4572f5a","TOPIC_STEP","","SKYWAVE_PHASE_4_5","-10.0","12:19:48","","a03ea3bd-2ad4-47f3-a026-ff4697cc8229","","","","Great, thank you!","TOPIC_STEP","You are welcome. Is there anything else I can help with?","","","","-10.0","12:19:46","ffceceeb-f11d-454b-a8ab-79c515143109"
"25403249-d417-4f23-ab9e-84741eea2e99","TOPIC_STEP","","SKYWAVE_PHASE_4_5","-10.0","12:20:40","","c8b86ad7-4e26-4d5f-a05d-1013916958bc","","","","I want to change my seat to a window seat","TOPIC_STEP","Sorry, I am unable to change your seat right now. Please try again later.","","","","-10.0","12:20:38","fd5354ca-d6bc-4b2d-ada6-76473d725634"
"25403249-d417-4f23-ab9e-84741eea2e99","LLM_STEP","","SKYWAVE_PHASE_4_5","-10.0","12:20:42","","8257fe89-251d-4a9c-a62b-1b5c9787237f","","","","I want to change my seat to a window seat","LLM_STEP","Sorry, I am unable to change your seat right now. Please try again later.","","","c8b86ad7-4e26-4d5f-a05d-1013916958bc","-10.0","12:20:40","fd5354ca-d6bc-4b2d-ada6-76473d725634"
"5f1e8ee4-9d4f-4871-afd2-1b1231c21de3","TOPIC_STEP","","SKYWAVE_PHASE_4_5","-10.0","12:23:15","","86a651ef-e234-40cb-a57d-6e90b1a4285d","","","","This still is not working, I am frustrated.","TOPIC_STEP","I am sorry for the inconvenience. I was unable to resolve this for you.","","","","-10.0","12:23:13","91e6519d-695a-46ee-a5cb-796a585696d5"
"39a7b891-31f6-4b62-add4-2be870f8d94d","TOPIC_STEP","","SKYWAVE_PHASE_4_5","-2.0","18:55:02","","3def9fcb-0bcc-4572-a660-cefda16510a4","","","","Find flights from JFK to HND tomorrow","TOPIC_STEP","I found 4 flights for that route. The cheapest is SW1200 at 1pm for $1,280.","","","","-2.0","18:55:00","593a3e49-e067-4e77-aaf6-6f1171ea3427"
"39a7b891-31f6-4b62-add4-2be870f8d94d","LLM_STEP","","SKYWAVE_PHASE_4_5","-2.0","18:55:04","","7ee0fcd0-fff5-4ee7-a6f5-be896945b5bd","","","","Find flights from JFK to HND tomorrow","LLM_STEP","I found 4 flights for that route. The cheapest is SW1200 at 1pm for $1,280.","","","3def9fcb-0bcc-4572-a660-cefda16510a4","-2.0","18:55:02","593a3e49-e067-4e77-aaf6-6f1171ea3427"
"c3a9e928-59a1-4214-a4fa-e5dc3c8cc0b4","TOPIC_STEP","","SKYWAVE_PHASE_4_5","-2.0","18:55:55","","773b32b0-d90a-43d1-a5a4-2c7e544863de","","","","Great, thank you!","TOPIC_STEP","You are welcome. Is there anything else I can help with?","","","","-2.0","18:55:53","dfedcb20-c918-433d-a97f-122396eda0de"
"e23e62f2-28ef-43d5-a65c-adf7e3b95fa9","TOPIC_STEP","","SKYWAVE_PHASE_4_5","-2.0","18:56:19","","5aa9cce8-fa78-4685-a3da-8f78271edb4e","","","","I want to select seat 1A for my flight","TOPIC_STEP","I was unable to retrieve the seat map automatically and could not assign the seat.","","","","-2.0","18:56:17","9aff0955-3562-4ac8-a488-547613843e9a"
"e23e62f2-28ef-43d5-a65c-adf7e3b95fa9","LLM_STEP","","SKYWAVE_PHASE_4_5","-2.0","18:56:21","","95e610d1-1cf2-43c0-a48a-b740e531693f","","","","I want to select seat 1A for my flight","LLM_STEP","I was unable to retrieve the seat map automatically and could not assign the seat.","","","5aa9cce8-fa78-4685-a3da-8f78271edb4e","-2.0","18:56:19","9aff0955-3562-4ac8-a488-547613843e9a"
"7d6bfdd7-7aed-4cd4-ad4a-49c0bd505b43","TOPIC_STEP","","SKYWAVE_PHASE_4_5","-2.0","18:57:23","","250d03c0-8f76-4299-a885-b0b9b03c2894","","","","This still is not working, I am frustrated.","TOPIC_STEP","I am sorry for the inconvenience. I was unable to resolve this for you.","","","","-2.0","18:57:21","cbebecfe-1c66-4e54-a8e0-59088ffbbd78"
"73f98462-eeeb-4b83-a866-c6500779f601","TOPIC_STEP","","SKYWAVE_PHASE_4_5","-4.0","16:25:02","","5863c376-2247-4012-a348-0d8d5f4395f0","","","","What is my tier status?","TOPIC_STEP","You are Gold tier with 14,200 qualifying points this year.","","","","-4.0","16:25:00","d87e96b3-0ca5-4fac-a5eb-8a19f5af762c"
"73f98462-eeeb-4b83-a866-c6500779f601","LLM_STEP","","SKYWAVE_PHASE_4_5","-4.0","16:25:04","","2149364f-d8f4-4233-a77e-c3aae03f3fc6","","","","What is my tier status?","LLM_STEP","You are Gold tier with 14,200 qualifying points this year.","","","5863c376-2247-4012-a348-0d8d5f4395f0","-4.0","16:25:02","d87e96b3-0ca5-4fac-a5eb-8a19f5af762c"
"8dd702e1-6028-46d6-a26e-a6ebfc7bb1c4","TOPIC_STEP","","SKYWAVE_PHASE_4_5","-4.0","16:26:15","","ee4cab5d-d922-4ba2-a4d9-09dd97cc2626","","","","Great, thank you!","TOPIC_STEP","You are welcome. Is there anything else I can help with?","","","","-4.0","16:26:13","4b409343-8a43-4f28-a772-50649216b36c"
"b16a745c-0690-4119-a110-90af4cd1ff82","TOPIC_STEP","","SKYWAVE_PHASE_4_5","-2.0","19:00:02","","accb4442-a972-4157-a747-e83979cc377d","","","","I want to select seat 1A for my flight","TOPIC_STEP","I was unable to retrieve the seat map automatically and could not assign the seat.","","","","-2.0","19:00:00","655b0812-d50e-4db4-a876-6498e977f8d1"
"b16a745c-0690-4119-a110-90af4cd1ff82","LLM_STEP","","SKYWAVE_PHASE_4_5","-2.0","19:00:04","","c5fdb3ab-7ef5-4df2-a225-eae1e5ba9c07","","","","I want to select seat 1A for my flight","LLM_STEP","I was unable to retrieve the seat map automatically and could not assign the seat.","","","accb4442-a972-4157-a747-e83979cc377d","-2.0","19:00:02","655b0812-d50e-4db4-a876-6498e977f8d1"
"ae64f304-ff12-4df7-a282-616308e5d7e6","TOPIC_STEP","","SKYWAVE_PHASE_4_5","-2.0","19:00:28","","1b6451b1-5bcf-4daf-a0a0-1c786ada3bff","","","","This still is not working, I am frustrated.","TOPIC_STEP","I am sorry for the inconvenience. I was unable to resolve this for you.","","","","-2.0","19:00:26","684df2a2-b9aa-4b91-a238-aa11bedbbcc6"
"163bb50c-2f9c-4728-afaf-d09e433bd835","TOPIC_STEP","","SKYWAVE_PHASE_4_5","-5.0","11:15:02","","11918e3e-9d1e-4b35-a14a-36a024e8d7b7","","","","I want to select seat 1A for my flight","TOPIC_STEP","I was unable to retrieve the seat map automatically and could not assign the seat.","","","","-5.0","11:15:00","c94b8a96-e41f-4dc4-a764-c864ffc2bb02"
"163bb50c-2f9c-4728-afaf-d09e433bd835","LLM_STEP","","SKYWAVE_PHASE_4_5","-5.0","11:15:04","","588fd392-cd6a-46cd-a0d4-7331d72e70af","","","","I want to select seat 1A for my flight","LLM_STEP","I was unable to retrieve the seat map automatically and could not assign the seat.","","","11918e3e-9d1e-4b35-a14a-36a024e8d7b7","-5.0","11:15:02","c94b8a96-e41f-4dc4-a764-c864ffc2bb02"
"5645a4ee-98a2-4b08-ad95-945bfb128c3a","TOPIC_STEP","","SKYWAVE_PHASE_4_5","-5.0","11:19:07","","3c21ecf5-dc4e-43b7-a158-c5fd8f9c8963","","","","This still is not working, I am frustrated.","TOPIC_STEP","I am sorry for the inconvenience. I was unable to resolve this for you.","","","","-5.0","11:19:05","c647135d-e483-4496-ae0a-e8f3635e536b"
"6e75b663-2632-4d87-a19b-829ffc329bae","TOPIC_STEP","","SKYWAVE_PHASE_4_5","-2.0","11:54:02","","b4c674b7-323c-478c-af5d-873794c1f9c1","","","","Tell me a joke","TOPIC_STEP","I am a Skywave booking assistant. How can I help with your travel?","","","","-2.0","11:54:00","4a32ea18-0c16-42a3-a88d-4f2a01aff59c"
"6e75b663-2632-4d87-a19b-829ffc329bae","LLM_STEP","","SKYWAVE_PHASE_4_5","-2.0","11:54:04","","ffb0d601-ca6f-4a34-a1ce-cc90601db749","","","","Tell me a joke","LLM_STEP","I am a Skywave booking assistant. How can I help with your travel?","","","b4c674b7-323c-478c-af5d-873794c1f9c1","-2.0","11:54:02","4a32ea18-0c16-42a3-a88d-4f2a01aff59c"
"9075c635-d6d3-4dd4-a7a1-675a6bb274a6","TOPIC_STEP","","SKYWAVE_PHASE_4_5","-2.0","11:57:39","","27a4a152-3ca1-4204-a55d-85b7e72eafd9","","","","Okay.","TOPIC_STEP","Understood. Anything else I can help with?","","","","-2.0","11:57:37","69b0b6c6-6f67-4bb0-ac91-0a8acc5bfe33"
"b0d1c698-c5b9-4921-a79a-a69f0e077764","TOPIC_STEP","","SKYWAVE_PHASE_4_5","-2.0","14:48:02","","0c345154-d750-4e75-a578-fe36e9fc8714","","","","I lost my luggage in Munich last week, can you help?","TOPIC_STEP","I have created case 00012345 for your lost luggage. We will contact you within 24 hours.","","","","-2.0","14:48:00","7406a3e5-c8d5-4a06-a00c-adace7537238"
"b0d1c698-c5b9-4921-a79a-a69f0e077764","LLM_STEP","","SKYWAVE_PHASE_4_5","-2.0","14:48:04","","4f370763-29a7-4892-a98b-28b17d4fcfee","","","","I lost my luggage in Munich last week, can you help?","LLM_STEP","I have created case 00012345 for your lost luggage. We will contact you within 24 hours.","","","0c345154-d750-4e75-a578-fe36e9fc8714","-2.0","14:48:02","7406a3e5-c8d5-4a06-a00c-adace7537238"
"c0aa55f7-0c72-4504-a211-e1972550a362","TOPIC_STEP","","SKYWAVE_PHASE_4_5","-2.0","14:49:11","","a25e8e4f-2289-40a9-a066-f6cf9e99ca93","","","","Great, thank you!","TOPIC_STEP","You are welcome. Is there anything else I can help with?","","","","-2.0","14:49:09","121fdb1a-9063-4c35-a93c-0475d38fcf2d"
"919080aa-9bd5-4fe1-afdf-9aabcbd45a3a","TOPIC_STEP","","SKYWAVE_PHASE_4_5","-2.0","14:50:25","","b5c07b28-b3d1-4d87-addf-d7ea450b55f3","","","","Find flights from JFK to HND tomorrow","TOPIC_STEP","I found 4 flights for that route. The cheapest is SW1200 at 1pm for $1,280.","","","","-2.0","14:50:23","815a87fe-8d8b-4ec0-a9cd-1b8d61580138"
"919080aa-9bd5-4fe1-afdf-9aabcbd45a3a","LLM_STEP","","SKYWAVE_PHASE_4_5","-2.0","14:50:27","","109a1436-0e0b-4e25-abe8-48b551c40809","","","","Find flights from JFK to HND tomorrow","LLM_STEP","I found 4 flights for that route. The cheapest is SW1200 at 1pm for $1,280.","","","b5c07b28-b3d1-4d87-addf-d7ea450b55f3","-2.0","14:50:25","815a87fe-8d8b-4ec0-a9cd-1b8d61580138"
"61023e00-b41f-4000-aa49-08a4cb6834db","TOPIC_STEP","","SKYWAVE_PHASE_4_5","-2.0","14:53:14","","dcefefb1-6edd-4079-a692-c53cc5ba0acb","","","","Great, thank you!","TOPIC_STEP","You are welcome. Is there anything else I can help with?","","","","-2.0","14:53:12","fa8cbce9-c2ef-4151-a8ea-13e775ec04ed"
"6668eeef-e955-4b48-a2cc-5005ada3e60c","TOPIC_STEP","","SKYWAVE_PHASE_4_5","-3.0","10:48:02","","a0c4b892-b0e5-49e2-a702-86d6c0c78677","","","","Whats the weather like in Tokyo?","TOPIC_STEP","I can only help with flight bookings and Skywave loyalty questions.","","","","-3.0","10:48:00","ef9b95d0-9e63-4b65-a5e1-91b2f3aedfbb"
"6668eeef-e955-4b48-a2cc-5005ada3e60c","LLM_STEP","","SKYWAVE_PHASE_4_5","-3.0","10:48:04","","787832cc-62dc-4b6d-af56-b64532a5c9e8","","","","Whats the weather like in Tokyo?","LLM_STEP","I can only help with flight bookings and Skywave loyalty questions.","","","a0c4b892-b0e5-49e2-a702-86d6c0c78677","-3.0","10:48:02","ef9b95d0-9e63-4b65-a5e1-91b2f3aedfbb"
"aa29fded-7771-479b-aace-24c6002af8ee","TOPIC_STEP","","SKYWAVE_PHASE_4_5","-3.0","10:52:27","","6fc7b4c5-e617-40b7-a896-bfdc0bc8f2fd","","","","This still is not working, I am frustrated.","TOPIC_STEP","I am sorry for the inconvenience. I was unable to resolve this for you.","","","","-3.0","10:52:25","540e6251-cf7a-4fdc-a636-70fc3c4c0af6"
"aaaf0145-64a0-4e78-a258-9a6a2e261c1e","TOPIC_STEP","","SKYWAVE_PHASE_4_5","-10.0","16:55:02","","4ae33fff-394b-4fd9-ae4e-f99a8b39b9dd","","","","Can I move from 23B to an aisle seat?","TOPIC_STEP","I could not update your seat assignment. Please contact a service agent.","","","","-10.0","16:55:00","e1c08ca4-cba9-4560-aa99-243164a5c320"
"aaaf0145-64a0-4e78-a258-9a6a2e261c1e","LLM_STEP","","SKYWAVE_PHASE_4_5","-10.0","16:55:04","","62494866-a394-4e90-af3b-6c0dcfdc4778","","","","Can I move from 23B to an aisle seat?","LLM_STEP","I could not update your seat assignment. Please contact a service agent.","","","4ae33fff-394b-4fd9-ae4e-f99a8b39b9dd","-10.0","16:55:02","e1c08ca4-cba9-4560-aa99-243164a5c320"
"f077401f-d964-4704-ab5f-94906c549265","TOPIC_STEP","","SKYWAVE_PHASE_4_5","-10.0","16:55:46","","110b2895-4747-4d56-af8a-73a57e4c28bb","","","","This still is not working, I am frustrated.","TOPIC_STEP","I am sorry for the inconvenience. I was unable to resolve this for you.","","","","-10.0","16:55:44","576bd4bc-6d3c-4849-a13a-eee550f9f29b"
"6f8b04e2-20ac-4560-ab40-a579ce23cf4e","TOPIC_STEP","","SKYWAVE_PHASE_4_5","-10.0","16:09:02","","7acccefe-d23f-453f-aaaf-71a9a708d23e","","","","Whats the weather like in Tokyo?","TOPIC_STEP","I can only help with flight bookings and Skywave loyalty questions.","","","","-10.0","16:09:00","60e26d36-83c9-4192-afe8-1bddb843b263"
"6f8b04e2-20ac-4560-ab40-a579ce23cf4e","LLM_STEP","","SKYWAVE_PHASE_4_5","-10.0","16:09:04","","8b6afe90-804c-4afc-a414-f614f34ded55","","","","Whats the weather like in Tokyo?","LLM_STEP","I can only help with flight bookings and Skywave loyalty questions.","","","7acccefe-d23f-453f-aaaf-71a9a708d23e","-10.0","16:09:02","60e26d36-83c9-4192-afe8-1bddb843b263"
"388e849f-282b-4c87-ab37-d3e5c2f10e7a","TOPIC_STEP","","SKYWAVE_PHASE_4_5","-10.0","16:09:38","","08c12302-cf34-4a9f-a38e-d37662e2e567","","","","This still is not working, I am frustrated.","TOPIC_STEP","I am sorry for the inconvenience. I was unable to resolve this for you.","","","","-10.0","16:09:36","5ea9cdcf-ff68-4d73-a4d7-69a92297f2bd"
"94f4cf80-b100-4a0d-a202-9f1d9a97b95e","TOPIC_STEP","","SKYWAVE_PHASE_4_5","-10.0","16:14:07","","916f87ca-e9a2-45db-ad74-34b41393a5a6","","","","How many miles do I have?","TOPIC_STEP","You currently have 18,450 SkyWave miles. You are at Premier tier.","","","","-10.0","16:14:05","46bc5d1a-aeca-40e6-a1ea-1922ecc47878"
"94f4cf80-b100-4a0d-a202-9f1d9a97b95e","LLM_STEP","","SKYWAVE_PHASE_4_5","-10.0","16:14:09","","c0c0f9c1-1310-457f-a6a9-72472b82e574","","","","How many miles do I have?","LLM_STEP","You currently have 18,450 SkyWave miles. You are at Premier tier.","","","916f87ca-e9a2-45db-ad74-34b41393a5a6","-10.0","16:14:07","46bc5d1a-aeca-40e6-a1ea-1922ecc47878"
"b675d2bc-a991-408e-a020-f86a86fef5bc","TOPIC_STEP","","SKYWAVE_PHASE_4_5","-10.0","16:14:32","","89e89fce-b965-47fa-ad8f-7b60c0b4a097","","","","Great, thank you!","TOPIC_STEP","You are welcome. Is there anything else I can help with?","","","","-10.0","16:14:30","1b6cc837-863f-495c-a638-71b6a5210151"
"b2f69432-3d73-4114-a0bf-1022cefa057c","TOPIC_STEP","","SKYWAVE_PHASE_4_5","-12.0","18:21:02","","73d4c5d4-45ac-4de3-a3e3-65208bbdba34","","","","Can I move from 23B to an aisle seat?","TOPIC_STEP","I could not update your seat assignment. Please contact a service agent.","","","","-12.0","18:21:00","12511531-848e-4806-a218-4c5e7a5fd898"
"b2f69432-3d73-4114-a0bf-1022cefa057c","LLM_STEP","","SKYWAVE_PHASE_4_5","-12.0","18:21:04","","16be6f64-bf51-400b-a27b-963a9e22693b","","","","Can I move from 23B to an aisle seat?","LLM_STEP","I could not update your seat assignment. Please contact a service agent.","","","73d4c5d4-45ac-4de3-a3e3-65208bbdba34","-12.0","18:21:02","12511531-848e-4806-a218-4c5e7a5fd898"
"dd2ec8a7-a678-4b18-a868-be04824bfdf9","TOPIC_STEP","","SKYWAVE_PHASE_4_5","-12.0","18:22:13","","7bf83599-e296-48a3-adcf-4db003798a44","","","","This still is not working, I am frustrated.","TOPIC_STEP","I am sorry for the inconvenience. I was unable to resolve this for you.","","","","-12.0","18:22:11","8743a677-c5c7-469a-ab91-3cc73e7ab126"
"1b45bf81-a194-4795-a656-680d6e08d09c","TOPIC_STEP","","SKYWAVE_PHASE_4_5","-12.0","18:22:45","","3331a836-c8de-44bc-a406-2f74475e9ed1","","","","Show me my upcoming bookings","TOPIC_STEP","You have one upcoming booking — LH 1927 BER-MUC-SFO, confirmed.","","","","-12.0","18:22:43","4e962351-fdde-4771-ab51-b9179edfe454"
"1b45bf81-a194-4795-a656-680d6e08d09c","LLM_STEP","","SKYWAVE_PHASE_4_5","-12.0","18:22:47","","a058eec9-ed31-48e1-a4f7-db762473e57f","","","","Show me my upcoming bookings","LLM_STEP","You have one upcoming booking — LH 1927 BER-MUC-SFO, confirmed.","","","3331a836-c8de-44bc-a406-2f74475e9ed1","-12.0","18:22:45","4e962351-fdde-4771-ab51-b9179edfe454"
"0108459c-b866-4151-aa52-ca398635c6f2","TOPIC_STEP","","SKYWAVE_PHASE_4_5","-12.0","18:23:46","","c9a87580-4efe-44fa-abd0-834e2bb769c7","","","","Great, thank you!","TOPIC_STEP","You are welcome. Is there anything else I can help with?","","","","-12.0","18:23:44","0cfe13f0-5840-44f4-a544-9405c3a2bbea"
"1eb6b8f3-5c15-4ae3-a76e-2823e7b73d99","TOPIC_STEP","","SKYWAVE_PHASE_4_5","-1.0","16:09:02","","bf625c77-94c9-4977-a027-3d1b339b3c44","","","","Whats the weather like in Tokyo?","TOPIC_STEP","I can only help with flight bookings and Skywave loyalty questions.","","","","-1.0","16:09:00","466a0b12-8154-4084-a6aa-40730a0eb195"
"1eb6b8f3-5c15-4ae3-a76e-2823e7b73d99","LLM_STEP","","SKYWAVE_PHASE_4_5","-1.0","16:09:04","","5a6f601b-87a5-43f9-ab04-f3b79a7a6ed5","","","","Whats the weather like in Tokyo?","LLM_STEP","I can only help with flight bookings and Skywave loyalty questions.","","","bf625c77-94c9-4977-a027-3d1b339b3c44","-1.0","16:09:02","466a0b12-8154-4084-a6aa-40730a0eb195"
"0362a637-8acb-4c54-ae87-01627ec0d4b2","TOPIC_STEP","","SKYWAVE_PHASE_4_5","-1.0","16:09:31","","07545737-9b09-41cc-ad8f-17d9256b41bd","","","","Okay.","TOPIC_STEP","Understood. Anything else I can help with?","","","","-1.0","16:09:29","d2f9173b-14ae-45aa-a558-8542241f3ddf"
"348582d3-8cf3-4053-a44a-3704617451b8","TOPIC_STEP","","SKYWAVE_PHASE_4_5","-13.0","19:18:02","","2fdfdd81-2416-4e64-a679-494275011d23","","","","Tell me a joke","TOPIC_STEP","I am a Skywave booking assistant. How can I help with your travel?","","","","-13.0","19:18:00","83909186-36a7-442a-afbb-25ee751a68fe"
"348582d3-8cf3-4053-a44a-3704617451b8","LLM_STEP","","SKYWAVE_PHASE_4_5","-13.0","19:18:04","","cd0c4152-db67-476b-a5d0-89ce70d82ea9","","","","Tell me a joke","LLM_STEP","I am a Skywave booking assistant. How can I help with your travel?","","","2fdfdd81-2416-4e64-a679-494275011d23","-13.0","19:18:02","83909186-36a7-442a-afbb-25ee751a68fe"
"49a11879-d278-462a-a0d2-6aa31e32b35b","TOPIC_STEP","","SKYWAVE_PHASE_4_5","-13.0","19:21:57","","39521b2f-35f0-493f-a51e-c1f24a4184dd","","","","This still is not working, I am frustrated.","TOPIC_STEP","I am sorry for the inconvenience. I was unable to resolve this for you.","","","","-13.0","19:21:55","7edfef54-7921-4a4d-a547-d8dbfd0ee6cd"
"911b76fd-b86a-4376-a028-0c2528549632","TOPIC_STEP","","SKYWAVE_PHASE_4_5","-1.0","16:01:02","","d32bceb7-f770-4843-a4f2-c449bf64efce","","","","What is my tier status?","TOPIC_STEP","You are Gold tier with 14,200 qualifying points this year.","","","","-1.0","16:01:00","a259f9d8-1d33-4d8b-a0ab-2f7a5132730d"
"911b76fd-b86a-4376-a028-0c2528549632","LLM_STEP","","SKYWAVE_PHASE_4_5","-1.0","16:01:04","","613841f4-d793-4725-a23c-693efa650118","","","","What is my tier status?","LLM_STEP","You are Gold tier with 14,200 qualifying points this year.","","","d32bceb7-f770-4843-a4f2-c449bf64efce","-1.0","16:01:02","a259f9d8-1d33-4d8b-a0ab-2f7a5132730d"
"bee77148-14ae-4948-a129-81f37b634218","TOPIC_STEP","","SKYWAVE_PHASE_4_5","-1.0","16:03:13","","2af616f7-8d89-41d8-aeb5-e6e2290fa1a4","","","","Great, thank you!","TOPIC_STEP","You are welcome. Is there anything else I can help with?","","","","-1.0","16:03:11","f8e5c550-42ab-4804-af4f-69abd6b930c2"
"04fb4edf-e67f-409c-adf7-b02a5c32ff7c","TOPIC_STEP","","SKYWAVE_PHASE_4_5","-1.0","16:05:05","","cd775135-24b2-4ef0-ae3a-55af1f138c0a","","","","My in-flight wifi did not work, I want a refund","TOPIC_STEP","I have logged your complaint as case 00012346. A refund will be processed.","","","","-1.0","16:05:03","a72863b6-51d7-4417-a921-7e94de84fa84"
"04fb4edf-e67f-409c-adf7-b02a5c32ff7c","LLM_STEP","","SKYWAVE_PHASE_4_5","-1.0","16:05:07","","32948b05-1ca8-4833-af6f-2476b30da220","","","","My in-flight wifi did not work, I want a refund","LLM_STEP","I have logged your complaint as case 00012346. A refund will be processed.","","","cd775135-24b2-4ef0-ae3a-55af1f138c0a","-1.0","16:05:05","a72863b6-51d7-4417-a921-7e94de84fa84"
"f96525b4-5bf8-4dc2-ae4c-a6aeba27cc70","TOPIC_STEP","","SKYWAVE_PHASE_4_5","-1.0","16:06:18","","20147ef0-a189-405f-af65-29cce2d33946","","","","Great, thank you!","TOPIC_STEP","You are welcome. Is there anything else I can help with?","","","","-1.0","16:06:16","21d959ce-df2c-4037-ab2b-47f9698a203c"
"0f02cdb0-5928-40fa-a747-edf3c3887ff5","TOPIC_STEP","","SKYWAVE_PHASE_4_5","-9.0","18:51:02","","8312a1a0-6daa-4d68-a8ac-4d30a887553f","","","","My first name is misspelled on my ticket","TOPIC_STEP","I have corrected the spelling on your ticket. Please review the updated itinerary.","","","","-9.0","18:51:00","8e07de12-bae5-495a-a751-1896178488a1"
"0f02cdb0-5928-40fa-a747-edf3c3887ff5","LLM_STEP","","SKYWAVE_PHASE_4_5","-9.0","18:51:04","","bcc00bac-6350-43ac-a0b0-e8db86b2f9b5","","","","My first name is misspelled on my ticket","LLM_STEP","I have corrected the spelling on your ticket. Please review the updated itinerary.","","","8312a1a0-6daa-4d68-a8ac-4d30a887553f","-9.0","18:51:02","8e07de12-bae5-495a-a751-1896178488a1"
"946651dd-3372-4443-aa22-2125f02833e1","TOPIC_STEP","","SKYWAVE_PHASE_4_5","-9.0","18:51:32","","328e9c6f-e2bc-4200-a48e-17e7281b9749","","","","Great, thank you!","TOPIC_STEP","You are welcome. Is there anything else I can help with?","","","","-9.0","18:51:30","4d2155be-b2c4-4581-a8f9-a6a995ecbeb0"
"483ca3e9-d895-4594-aaf9-db2eb1c0b4ef","TOPIC_STEP","","SKYWAVE_PHASE_4_5","-9.0","18:52:27","","531f87bf-c680-4192-af4f-06ddefcbcde2","","","","I want to select seat 1A for my flight","TOPIC_STEP","I was unable to retrieve the seat map automatically and could not assign the seat.","","","","-9.0","18:52:25","e8d2772e-875c-4dda-a27a-6acc0c381b80"
"483ca3e9-d895-4594-aaf9-db2eb1c0b4ef","LLM_STEP","","SKYWAVE_PHASE_4_5","-9.0","18:52:29","","40d73511-230b-49e7-ae89-828ab31c9d39","","","","I want to select seat 1A for my flight","LLM_STEP","I was unable to retrieve the seat map automatically and could not assign the seat.","","","531f87bf-c680-4192-af4f-06ddefcbcde2","-9.0","18:52:27","e8d2772e-875c-4dda-a27a-6acc0c381b80"
"e6bc0006-4994-47e8-a89a-9bd2d26ee0ca","TOPIC_STEP","","SKYWAVE_PHASE_4_5","-9.0","18:52:50","","5ca8da7d-135f-4e68-a041-29dd8fd4e48e","","","","This still is not working, I am frustrated.","TOPIC_STEP","I am sorry for the inconvenience. I was unable to resolve this for you.","","","","-9.0","18:52:48","15c9636f-93fd-46ee-ab15-0eb13dd69a43"
"0a7cd7e2-710d-4b90-a7ae-cd094bae87b1","TOPIC_STEP","","SKYWAVE_PHASE_4_5","-2.0","12:19:02","","283fd709-60af-401f-ac4e-bdded2229ec3","","","","I want to select seat 1A for my flight","TOPIC_STEP","I was unable to retrieve the seat map automatically and could not assign the seat.","","","","-2.0","12:19:00","59230c2d-2976-458a-a4df-421df002876c"
"0a7cd7e2-710d-4b90-a7ae-cd094bae87b1","LLM_STEP","","SKYWAVE_PHASE_4_5","-2.0","12:19:04","","a3f0577e-dca6-45b7-ad53-9b8b9bd1a6fa","","","","I want to select seat 1A for my flight","LLM_STEP","I was unable to retrieve the seat map automatically and could not assign the seat.","","","283fd709-60af-401f-ac4e-bdded2229ec3","-2.0","12:19:02","59230c2d-2976-458a-a4df-421df002876c"
"39617c11-194d-4be6-abea-d765e13d11c4","TOPIC_STEP","","SKYWAVE_PHASE_4_5","-2.0","12:19:45","","da2eb51f-0b3b-46ad-a98d-218aefb300db","","","","This still is not working, I am frustrated.","TOPIC_STEP","I am sorry for the inconvenience. I was unable to resolve this for you.","","","","-2.0","12:19:43","1cb1307b-949c-4f8f-a308-27cd37a19bd7"
"54ced2ad-714a-4583-a2ab-5d54d5f53dcf","TOPIC_STEP","","SKYWAVE_PHASE_4_5","-2.0","12:21:56","","01129f49-0a8a-40c5-a8fd-572379adb2e6","","","","Show me my upcoming bookings","TOPIC_STEP","You have one upcoming booking — LH 1927 BER-MUC-SFO, confirmed.","","","","-2.0","12:21:54","ea575ba2-3782-4dc7-a984-51a478cf25ba"
"54ced2ad-714a-4583-a2ab-5d54d5f53dcf","LLM_STEP","","SKYWAVE_PHASE_4_5","-2.0","12:21:58","","2bf6fe08-652d-4c25-a069-9eba51a24ef0","","","","Show me my upcoming bookings","LLM_STEP","You have one upcoming booking — LH 1927 BER-MUC-SFO, confirmed.","","","01129f49-0a8a-40c5-a8fd-572379adb2e6","-2.0","12:21:56","ea575ba2-3782-4dc7-a984-51a478cf25ba"
"12f08eb8-af24-491b-aafb-6bec1aa56abb","TOPIC_STEP","","SKYWAVE_PHASE_4_5","-2.0","12:22:41","","7da0b801-3378-4874-a811-5f7dac853abf","","","","Great, thank you!","TOPIC_STEP","You are welcome. Is there anything else I can help with?","","","","-2.0","12:22:39","927a58c3-c690-4961-aa09-8c1f3c6653bc"
"c938859e-0e6f-4cdd-ae64-f9fc49033305","TOPIC_STEP","","SKYWAVE_PHASE_4_5","-1.0","17:48:02","","c8098f6f-d196-4fc5-a1d3-1d40de9c8f3b","","","","I want to select seat 1A for my flight","TOPIC_STEP","I was unable to retrieve the seat map automatically and could not assign the seat.","","","","-1.0","17:48:00","2795eb6c-3946-43f0-a5be-ad69083e5c7c"
"c938859e-0e6f-4cdd-ae64-f9fc49033305","LLM_STEP","","SKYWAVE_PHASE_4_5","-1.0","17:48:04","","d22ff4c2-6f0b-4195-a283-fe62bb96d665","","","","I want to select seat 1A for my flight","LLM_STEP","I was unable to retrieve the seat map automatically and could not assign the seat.","","","c8098f6f-d196-4fc5-a1d3-1d40de9c8f3b","-1.0","17:48:02","2795eb6c-3946-43f0-a5be-ad69083e5c7c"
"f1749896-1b08-4269-aa2d-025305acde2e","TOPIC_STEP","","SKYWAVE_PHASE_4_5","-1.0","17:49:04","","816e6f6c-937c-4e4b-a55d-8835fef022c0","","","","This still is not working, I am frustrated.","TOPIC_STEP","I am sorry for the inconvenience. I was unable to resolve this for you.","","","","-1.0","17:49:02","df0bc758-e480-4491-aab0-b0b353eefa7d"
"e4576abb-06e8-4c47-ae2e-e9904f94e812","TOPIC_STEP","","SKYWAVE_PHASE_4_5","-8.0","13:02:02","","f0dd5237-fbe6-41a9-a58c-0e56bd0cab68","","","","Show me my upcoming bookings","TOPIC_STEP","You have one upcoming booking — LH 1927 BER-MUC-SFO, confirmed.","","","","-8.0","13:02:00","dc87b4c7-ac2e-45ef-a59e-cc5b7800deaf"
"e4576abb-06e8-4c47-ae2e-e9904f94e812","LLM_STEP","","SKYWAVE_PHASE_4_5","-8.0","13:02:04","","0674c286-b6f2-4504-a543-5795c767562b","","","","Show me my upcoming bookings","LLM_STEP","You have one upcoming booking — LH 1927 BER-MUC-SFO, confirmed.","","","f0dd5237-fbe6-41a9-a58c-0e56bd0cab68","-8.0","13:02:02","dc87b4c7-ac2e-45ef-a59e-cc5b7800deaf"
"19d10227-2045-487b-a8f4-db1d7c8ff396","TOPIC_STEP","","SKYWAVE_PHASE_4_5","-8.0","13:02:43","","32bbf66f-cc62-40ce-addd-2e16e4bc0f5a","","","","Great, thank you!","TOPIC_STEP","You are welcome. Is there anything else I can help with?","","","","-8.0","13:02:41","377b9de9-02db-410e-a021-ee2ca0872af5"
"b3c5ef29-b6ae-4f8f-ac51-c3d5d616d300","TOPIC_STEP","","SKYWAVE_PHASE_4_5","-8.0","17:37:02","","b8962736-3dc0-449d-ad5f-48fdbccbf5be","","","","My first name is misspelled on my ticket","TOPIC_STEP","I have corrected the spelling on your ticket. Please review the updated itinerary.","","","","-8.0","17:37:00","86341631-d0fd-4b85-a09f-29127608cf5b"
"b3c5ef29-b6ae-4f8f-ac51-c3d5d616d300","LLM_STEP","","SKYWAVE_PHASE_4_5","-8.0","17:37:04","","4ebf60d0-7d54-4668-a095-0d749738f2af","","","","My first name is misspelled on my ticket","LLM_STEP","I have corrected the spelling on your ticket. Please review the updated itinerary.","","","b8962736-3dc0-449d-ad5f-48fdbccbf5be","-8.0","17:37:02","86341631-d0fd-4b85-a09f-29127608cf5b"
"271a2ce9-a50f-4eae-a6e0-82deef4569bd","TOPIC_STEP","","SKYWAVE_PHASE_4_5","-8.0","17:41:32","","1a588b19-c4e2-40ae-a913-5f2dd5c149f4","","","","Great, thank you!","TOPIC_STEP","You are welcome. Is there anything else I can help with?","","","","-8.0","17:41:30","cb0f5077-10aa-40c3-ae9d-61dc01ac6766"
"e49f267a-0d67-4d06-ae9c-c1e4de7074ec","TOPIC_STEP","","SKYWAVE_PHASE_4_5","-7.0","17:10:02","","355fb389-ca34-4553-a0ec-4f9f35450f6f","","","","Can I move from 23B to an aisle seat?","TOPIC_STEP","I could not update your seat assignment. Please contact a service agent.","","","","-7.0","17:10:00","3c7ba34a-fa3f-4a7d-a2a6-88742c43955d"
"e49f267a-0d67-4d06-ae9c-c1e4de7074ec","LLM_STEP","","SKYWAVE_PHASE_4_5","-7.0","17:10:04","","dbe59293-bfa4-4837-a33c-c6c26f68327a","","","","Can I move from 23B to an aisle seat?","LLM_STEP","I could not update your seat assignment. Please contact a service agent.","","","355fb389-ca34-4553-a0ec-4f9f35450f6f","-7.0","17:10:02","3c7ba34a-fa3f-4a7d-a2a6-88742c43955d"
"66e88d95-cd3b-4268-a7f9-6603f4ec94f9","TOPIC_STEP","","SKYWAVE_PHASE_4_5","-7.0","17:12:48","","45f9a992-53d7-4a23-aba1-8a88394e6ada","","","","This still is not working, I am frustrated.","TOPIC_STEP","I am sorry for the inconvenience. I was unable to resolve this for you.","","","","-7.0","17:12:46","925af534-9952-4f5e-a232-ea1baf4d530c"
"7bcd64c9-74be-4e4a-a50a-72978c38a51c","TOPIC_STEP","","SKYWAVE_PHASE_4_5","-7.0","17:13:54","","7130da5f-ec0f-4561-a46a-0bab732aaa90","","","","What is my tier status?","TOPIC_STEP","You are Gold tier with 14,200 qualifying points this year.","","","","-7.0","17:13:52","c27ca685-01e6-4b3c-ad75-de12e2673124"
"7bcd64c9-74be-4e4a-a50a-72978c38a51c","LLM_STEP","","SKYWAVE_PHASE_4_5","-7.0","17:13:56","","3e543c97-0b3c-463d-a861-ca99deaf7155","","","","What is my tier status?","LLM_STEP","You are Gold tier with 14,200 qualifying points this year.","","","7130da5f-ec0f-4561-a46a-0bab732aaa90","-7.0","17:13:54","c27ca685-01e6-4b3c-ad75-de12e2673124"
"ff3715be-c9f3-45e3-aeda-e03a2af6febb","TOPIC_STEP","","SKYWAVE_PHASE_4_5","-7.0","17:15:08","","45378e76-1b26-4c74-a3c4-2c68e5395091","","","","Great, thank you!","TOPIC_STEP","You are welcome. Is there anything else I can help with?","","","","-7.0","17:15:06","84caa33b-cf05-440c-a7a1-3f6026479b13"
"2184d19e-2085-4aa8-a41e-bcfbf1626f02","TOPIC_STEP","","SKYWAVE_PHASE_4_5","-7.0","17:15:44","","4193e31a-6c1e-4e6b-a235-adb853d65cea","","","","How many miles do I have?","TOPIC_STEP","You currently have 18,450 SkyWave miles. You are at Premier tier.","","","","-7.0","17:15:42","426e8939-3b93-4421-aded-3d0703f5ce9b"
"2184d19e-2085-4aa8-a41e-bcfbf1626f02","LLM_STEP","","SKYWAVE_PHASE_4_5","-7.0","17:15:46","","eb9a885c-a14b-4d13-a444-bf6fc7c98c7b","","","","How many miles do I have?","LLM_STEP","You currently have 18,450 SkyWave miles. You are at Premier tier.","","","4193e31a-6c1e-4e6b-a235-adb853d65cea","-7.0","17:15:44","426e8939-3b93-4421-aded-3d0703f5ce9b"
"38af1c17-0855-469b-a4bb-7f74a7246bb4","TOPIC_STEP","","SKYWAVE_PHASE_4_5","-7.0","17:16:36","","5d6b988f-e0bc-4139-ae0b-ac8672d21e56","","","","Great, thank you!","TOPIC_STEP","You are welcome. Is there anything else I can help with?","","","","-7.0","17:16:34","ee0b64cb-da52-48e7-a450-f58e71e5d207"
"5ca19326-932e-40b4-ab3b-bc6274b45c69","TOPIC_STEP","","SKYWAVE_PHASE_4_5","-12.0","13:32:02","","e2f8f5e2-ced0-477e-a800-3a90a89ecf63","","","","My in-flight wifi did not work, I want a refund","TOPIC_STEP","I have logged your complaint as case 00012346. A refund will be processed.","","","","-12.0","13:32:00","cf81ba55-c13e-4f83-abff-08f32e035349"
"5ca19326-932e-40b4-ab3b-bc6274b45c69","LLM_STEP","","SKYWAVE_PHASE_4_5","-12.0","13:32:04","","f1fbbb29-2367-4d09-a6a1-a8ee904f4c6a","","","","My in-flight wifi did not work, I want a refund","LLM_STEP","I have logged your complaint as case 00012346. A refund will be processed.","","","e2f8f5e2-ced0-477e-a800-3a90a89ecf63","-12.0","13:32:02","cf81ba55-c13e-4f83-abff-08f32e035349"
"ba6dcaba-8477-493c-ae92-c0539df1f0a5","TOPIC_STEP","","SKYWAVE_PHASE_4_5","-12.0","13:32:46","","bc97953b-1069-4584-a147-732e1d005d89","","","","Great, thank you!","TOPIC_STEP","You are welcome. Is there anything else I can help with?","","","","-12.0","13:32:44","af5f50f8-37a6-4731-aa50-28d237801c49"
"9de53a7a-926e-4c15-a1ea-062fa1ac45c8","TOPIC_STEP","","SKYWAVE_PHASE_4_5","-4.0","09:02:02","","cc70c6b4-5138-4f46-af02-ea33695473c9","","","","Cancel my booking ABC123","TOPIC_STEP","I have cancelled booking ABC123. A refund of $480 will be issued.","","","","-4.0","09:02:00","26599676-f42c-4199-a043-a61b544a1b17"
"9de53a7a-926e-4c15-a1ea-062fa1ac45c8","LLM_STEP","","SKYWAVE_PHASE_4_5","-4.0","09:02:04","","f6d0ac57-a9d4-41c0-a993-b47902caa686","","","","Cancel my booking ABC123","LLM_STEP","I have cancelled booking ABC123. A refund of $480 will be issued.","","","cc70c6b4-5138-4f46-af02-ea33695473c9","-4.0","09:02:02","26599676-f42c-4199-a043-a61b544a1b17"
"b50ff7b7-5445-4af8-a36d-3e24d94b7eba","TOPIC_STEP","","SKYWAVE_PHASE_4_5","-4.0","09:06:21","","19123c28-0b78-4769-aea5-bd0a65044899","","","","Great, thank you!","TOPIC_STEP","You are welcome. Is there anything else I can help with?","","","","-4.0","09:06:19","4e249fbf-70a2-4388-a7a5-fd33be03ca60"
"623c6e7b-c68b-4074-a791-f999cadb80bf","TOPIC_STEP","","SKYWAVE_PHASE_4_5","-4.0","09:08:02","","5733a0ad-f90f-4d75-aee0-397ae4ccfb45","","","","Whats the weather like in Tokyo?","TOPIC_STEP","I can only help with flight bookings and Skywave loyalty questions.","","","","-4.0","09:08:00","b984a67c-83f9-414d-a560-513fb33560bd"
"623c6e7b-c68b-4074-a791-f999cadb80bf","LLM_STEP","","SKYWAVE_PHASE_4_5","-4.0","09:08:04","","94e06835-a0c9-459c-a28d-b225efe2ec63","","","","Whats the weather like in Tokyo?","LLM_STEP","I can only help with flight bookings and Skywave loyalty questions.","","","5733a0ad-f90f-4d75-aee0-397ae4ccfb45","-4.0","09:08:02","b984a67c-83f9-414d-a560-513fb33560bd"
"96736b43-d2ed-4231-ad08-744a66aac080","TOPIC_STEP","","SKYWAVE_PHASE_4_5","-4.0","09:11:37","","7e74ae3d-5cd5-48f9-a962-67e67364e42e","","","","This still is not working, I am frustrated.","TOPIC_STEP","I am sorry for the inconvenience. I was unable to resolve this for you.","","","","-4.0","09:11:35","f33e0dad-818e-44a9-aa3d-262708e5028a"
"94f518c1-5c39-4eb8-a61a-75a83cf00d42","TOPIC_STEP","","SKYWAVE_PHASE_4_5","-4.0","09:14:42","","b77523d9-eb76-4ab5-a637-8d34a05d9ed1","","","","I want to select seat 1A for my flight","TOPIC_STEP","I was unable to retrieve the seat map automatically and could not assign the seat.","","","","-4.0","09:14:40","562c8aa3-0a69-402d-aa43-eb5c72d7380d"
"94f518c1-5c39-4eb8-a61a-75a83cf00d42","LLM_STEP","","SKYWAVE_PHASE_4_5","-4.0","09:14:44","","7be40a76-0d2f-4230-a922-472dd5e300e3","","","","I want to select seat 1A for my flight","LLM_STEP","I was unable to retrieve the seat map automatically and could not assign the seat.","","","b77523d9-eb76-4ab5-a637-8d34a05d9ed1","-4.0","09:14:42","562c8aa3-0a69-402d-aa43-eb5c72d7380d"
"495e35da-dfc8-4e60-a565-7a186573b057","TOPIC_STEP","","SKYWAVE_PHASE_4_5","-4.0","09:16:38","","23da098d-4d79-46c1-aed5-54d7f5e4676b","","","","This still is not working, I am frustrated.","TOPIC_STEP","I am sorry for the inconvenience. I was unable to resolve this for you.","","","","-4.0","09:16:36","7dc1f05c-3d90-42ba-a2c2-330e29ab0b57"
"cd0ff80f-1ed9-4901-a572-21fe3375d6d0","TOPIC_STEP","","SKYWAVE_PHASE_4_5","-6.0","16:55:02","","4215094e-4c28-43c6-a586-2e3cb1be62e9","","","","Whats the weather like in Tokyo?","TOPIC_STEP","I can only help with flight bookings and Skywave loyalty questions.","","","","-6.0","16:55:00","babcd2a5-0f67-471c-a901-3ea92ba2296d"
"cd0ff80f-1ed9-4901-a572-21fe3375d6d0","LLM_STEP","","SKYWAVE_PHASE_4_5","-6.0","16:55:04","","5e7ad75f-2528-45d7-a153-8cd64129f8eb","","","","Whats the weather like in Tokyo?","LLM_STEP","I can only help with flight bookings and Skywave loyalty questions.","","","4215094e-4c28-43c6-a586-2e3cb1be62e9","-6.0","16:55:02","babcd2a5-0f67-471c-a901-3ea92ba2296d"
"cda4be92-ab8c-4123-a3c6-53351e9f09e6","TOPIC_STEP","","SKYWAVE_PHASE_4_5","-6.0","16:55:42","","7e902d41-95f8-4c79-aede-884ce3fa3b2a","","","","This still is not working, I am frustrated.","TOPIC_STEP","I am sorry for the inconvenience. I was unable to resolve this for you.","","","","-6.0","16:55:40","0d1c03aa-e561-4b11-a84b-711b53d816ee"
"adf6a619-a46e-4b16-a717-cb9477629417","TOPIC_STEP","","SKYWAVE_PHASE_4_5","-6.0","16:57:40","","680670a6-608d-4770-a196-c6886dd1ed69","","","","I want to select seat 1A for my flight","TOPIC_STEP","I was unable to retrieve the seat map automatically and could not assign the seat.","","","","-6.0","16:57:38","783f330f-8d65-4b45-a8fa-16c2cba6bc99"
"adf6a619-a46e-4b16-a717-cb9477629417","LLM_STEP","","SKYWAVE_PHASE_4_5","-6.0","16:57:42","","740cf64d-06f5-4046-abbc-d715344c8579","","","","I want to select seat 1A for my flight","LLM_STEP","I was unable to retrieve the seat map automatically and could not assign the seat.","","","680670a6-608d-4770-a196-c6886dd1ed69","-6.0","16:57:40","783f330f-8d65-4b45-a8fa-16c2cba6bc99"
"f7f77fab-257b-46c9-ae43-8bc489861874","TOPIC_STEP","","SKYWAVE_PHASE_4_5","-6.0","16:58:18","","88c2a3bd-7fb0-4c3b-a812-bf263f48a6ca","","","","This still is not working, I am frustrated.","TOPIC_STEP","I am sorry for the inconvenience. I was unable to resolve this for you.","","","","-6.0","16:58:16","4bf40445-6e28-4cb6-adfb-0c48433cc615"
"2ffe3de7-1139-4f29-ac3b-7066081ef0e2","TOPIC_STEP","","SKYWAVE_PHASE_4_5","-8.0","13:23:02","","5cd72a03-606b-4970-a510-eae75105febe","","","","My in-flight wifi did not work, I want a refund","TOPIC_STEP","I have logged your complaint as case 00012346. A refund will be processed.","","","","-8.0","13:23:00","ec4d1094-8b16-4ad0-a687-dea691edbd09"
"2ffe3de7-1139-4f29-ac3b-7066081ef0e2","LLM_STEP","","SKYWAVE_PHASE_4_5","-8.0","13:23:04","","a6eb09f4-ca07-4dc2-a19d-66146ad01027","","","","My in-flight wifi did not work, I want a refund","LLM_STEP","I have logged your complaint as case 00012346. A refund will be processed.","","","5cd72a03-606b-4970-a510-eae75105febe","-8.0","13:23:02","ec4d1094-8b16-4ad0-a687-dea691edbd09"
"ddcdeb1e-9dfd-4fc5-a206-88fd4a30768b","TOPIC_STEP","","SKYWAVE_PHASE_4_5","-8.0","13:25:03","","159f7026-99eb-4467-aeb0-6264abd4a05d","","","","Okay.","TOPIC_STEP","Understood. Anything else I can help with?","","","","-8.0","13:25:01","70ef1c0f-98e3-466e-abb9-0c696d5e89f3"
"236550cf-efd3-471e-a750-d72198614d53","TOPIC_STEP","","SKYWAVE_PHASE_4_5","-5.0","12:42:02","","fe104e3e-2d24-4c12-ad4e-7f6d7c81bfe5","","","","Cancel my booking ABC123","TOPIC_STEP","I have cancelled booking ABC123. A refund of $480 will be issued.","","","","-5.0","12:42:00","7c8cb27b-c1ed-49a4-ab58-7609b5390aaf"
"236550cf-efd3-471e-a750-d72198614d53","LLM_STEP","","SKYWAVE_PHASE_4_5","-5.0","12:42:04","","9f2effa6-60ba-4680-ae8d-e4c2bc9b2b8f","","","","Cancel my booking ABC123","LLM_STEP","I have cancelled booking ABC123. A refund of $480 will be issued.","","","fe104e3e-2d24-4c12-ad4e-7f6d7c81bfe5","-5.0","12:42:02","7c8cb27b-c1ed-49a4-ab58-7609b5390aaf"
"133d51ce-fded-465a-ab5a-19d6bf87e762","TOPIC_STEP","","SKYWAVE_PHASE_4_5","-5.0","12:44:11","","acdb6599-14c4-40ae-aa07-42e3c6a57084","","","","Great, thank you!","TOPIC_STEP","You are welcome. Is there anything else I can help with?","","","","-5.0","12:44:09","42a13824-75b0-4719-ab3c-5a1af0a1a11a"
"3785c6c2-26f4-4e22-ab66-8c84883f81d1","TOPIC_STEP","","SKYWAVE_PHASE_4_5","-5.0","12:44:51","","4f86de99-c7e0-48b1-a36f-6b10d619c4c2","","","","Whats the weather like in Tokyo?","TOPIC_STEP","I can only help with flight bookings and Skywave loyalty questions.","","","","-5.0","12:44:49","9b8e3621-2939-43d4-a021-ab8f6a40ae85"
"3785c6c2-26f4-4e22-ab66-8c84883f81d1","LLM_STEP","","SKYWAVE_PHASE_4_5","-5.0","12:44:53","","91fcb75b-0f6b-41c9-a879-c6c5711f3c46","","","","Whats the weather like in Tokyo?","LLM_STEP","I can only help with flight bookings and Skywave loyalty questions.","","","4f86de99-c7e0-48b1-a36f-6b10d619c4c2","-5.0","12:44:51","9b8e3621-2939-43d4-a021-ab8f6a40ae85"
"9ff128c0-f8c6-4abd-a8dc-cd45a79567e3","TOPIC_STEP","","SKYWAVE_PHASE_4_5","-5.0","12:45:55","","690beef8-33a9-443b-a11b-d6a8b014ad76","","","","Okay.","TOPIC_STEP","Understood. Anything else I can help with?","","","","-5.0","12:45:53","a42062a0-b1dd-4b34-a70c-72bf7cf5fdc9"
"c3f38f21-cf3a-46df-acca-6ab741fba583","TOPIC_STEP","","SKYWAVE_PHASE_4_5","-14.0","08:42:02","","4d19d5ad-fade-44d3-a807-7bfa7889f13e","","","","I lost my luggage in Munich last week, can you help?","TOPIC_STEP","I have created case 00012345 for your lost luggage. We will contact you within 24 hours.","","","","-14.0","08:42:00","9848390c-01b7-45bd-a4f5-51a6a07a443d"
"c3f38f21-cf3a-46df-acca-6ab741fba583","LLM_STEP","","SKYWAVE_PHASE_4_5","-14.0","08:42:04","","61089d08-4038-42e7-a447-6e1b4c79e7dc","","","","I lost my luggage in Munich last week, can you help?","LLM_STEP","I have created case 00012345 for your lost luggage. We will contact you within 24 hours.","","","4d19d5ad-fade-44d3-a807-7bfa7889f13e","-14.0","08:42:02","9848390c-01b7-45bd-a4f5-51a6a07a443d"
"f78ed1af-54c6-43bc-a551-9b144e77ac71","TOPIC_STEP","","SKYWAVE_PHASE_4_5","-14.0","08:42:22","","8c4e60c4-180b-4cce-af64-9a14ea0d5341","","","","Great, thank you!","TOPIC_STEP","You are welcome. Is there anything else I can help with?","","","","-14.0","08:42:20","034872d5-7e87-4799-a4d1-fa026c79281c"
"0d2084c7-a0a1-40e8-ab86-8eca95eb2b3e","TOPIC_STEP","","SKYWAVE_PHASE_4_5","-13.0","16:40:02","","78c830ac-c9b3-4dab-a2ad-227203fc18f4","","","","Please correct my last name on booking ABC123","TOPIC_STEP","I have updated the passenger name on booking ABC123. A confirmation has been sent.","","","","-13.0","16:40:00","f138b187-955e-48f8-a17c-9a2cb2020df9"
"0d2084c7-a0a1-40e8-ab86-8eca95eb2b3e","LLM_STEP","","SKYWAVE_PHASE_4_5","-13.0","16:40:04","","9db2ade7-b103-4fa3-af04-23d85a5db762","","","","Please correct my last name on booking ABC123","LLM_STEP","I have updated the passenger name on booking ABC123. A confirmation has been sent.","","","78c830ac-c9b3-4dab-a2ad-227203fc18f4","-13.0","16:40:02","f138b187-955e-48f8-a17c-9a2cb2020df9"
"c1b2b8f4-c0ed-4285-a4ed-03f8790a47c1","TOPIC_STEP","","SKYWAVE_PHASE_4_5","-13.0","16:42:25","","1d889304-5b89-4acf-a09b-8669cb784091","","","","Great, thank you!","TOPIC_STEP","You are welcome. Is there anything else I can help with?","","","","-13.0","16:42:23","0ed3b0ac-e8fa-4ce3-afdc-5e7a36202bdb"
"fae4fe93-6fed-4f18-a357-69a34bd5d175","TOPIC_STEP","","SKYWAVE_PHASE_4_5","-7.0","18:54:02","","ab291000-af92-4dd8-ae87-171f44d1c89e","","","","I want to select seat 1A for my flight","TOPIC_STEP","I was unable to retrieve the seat map automatically and could not assign the seat.","","","","-7.0","18:54:00","c6ec55b0-9c09-4355-a9a2-fc277d67aa45"
"fae4fe93-6fed-4f18-a357-69a34bd5d175","LLM_STEP","","SKYWAVE_PHASE_4_5","-7.0","18:54:04","","1111c07c-421c-4723-a274-3c554a0124d3","","","","I want to select seat 1A for my flight","LLM_STEP","I was unable to retrieve the seat map automatically and could not assign the seat.","","","ab291000-af92-4dd8-ae87-171f44d1c89e","-7.0","18:54:02","c6ec55b0-9c09-4355-a9a2-fc277d67aa45"
"9493e3a8-25cb-49e8-a411-41f5631048ec","TOPIC_STEP","","SKYWAVE_PHASE_4_5","-7.0","18:54:46","","6e9b7976-3f82-43a4-ab06-0a95961b9a16","","","","This still is not working, I am frustrated.","TOPIC_STEP","I am sorry for the inconvenience. I was unable to resolve this for you.","","","","-7.0","18:54:44","afa92360-ef06-4835-a97d-86b33f181f5f"
"25cf561f-f14c-4d61-a23d-15c687966cf7","TOPIC_STEP","","SKYWAVE_PHASE_4_5","-7.0","18:58:43","","18116174-299f-4463-a209-50a2257770c8","","","","Show me my upcoming bookings","TOPIC_STEP","You have one upcoming booking — LH 1927 BER-MUC-SFO, confirmed.","","","","-7.0","18:58:41","11440726-02a2-4560-a4e2-86b4b78c9f56"
"25cf561f-f14c-4d61-a23d-15c687966cf7","LLM_STEP","","SKYWAVE_PHASE_4_5","-7.0","18:58:45","","95fec9a2-de57-4fc6-a3f4-bcfe20b31b1a","","","","Show me my upcoming bookings","LLM_STEP","You have one upcoming booking — LH 1927 BER-MUC-SFO, confirmed.","","","18116174-299f-4463-a209-50a2257770c8","-7.0","18:58:43","11440726-02a2-4560-a4e2-86b4b78c9f56"
"64dafff9-d052-4ff7-a468-fde201f0a2cf","TOPIC_STEP","","SKYWAVE_PHASE_4_5","-7.0","18:59:27","","46fb1067-4832-46da-aaf4-5ba986fece6c","","","","Great, thank you!","TOPIC_STEP","You are welcome. Is there anything else I can help with?","","","","-7.0","18:59:25","7577fd80-156b-4b2d-afd7-cf57fa063105"
"1ddaf3fd-d4bb-4804-a57f-c186b1ecb709","TOPIC_STEP","","SKYWAVE_PHASE_4_5","-9.0","08:51:02","","b23231f3-e806-4029-a223-8de188487164","","","","What is my tier status?","TOPIC_STEP","You are Gold tier with 14,200 qualifying points this year.","","","","-9.0","08:51:00","95d31ea9-808b-4d08-ac2d-68ab8134cfd3"
"1ddaf3fd-d4bb-4804-a57f-c186b1ecb709","LLM_STEP","","SKYWAVE_PHASE_4_5","-9.0","08:51:04","","7326c81f-667e-4623-af3b-e54bb80b72f8","","","","What is my tier status?","LLM_STEP","You are Gold tier with 14,200 qualifying points this year.","","","b23231f3-e806-4029-a223-8de188487164","-9.0","08:51:02","95d31ea9-808b-4d08-ac2d-68ab8134cfd3"
"8d6eba87-f89f-4a81-add6-7b625f256ffa","TOPIC_STEP","","SKYWAVE_PHASE_4_5","-9.0","08:55:40","","03a17370-569d-4ab9-ae84-845cb616fc38","","","","Great, thank you!","TOPIC_STEP","You are welcome. Is there anything else I can help with?","","","","-9.0","08:55:38","5d6a1352-9c2f-433b-a3a0-b9869ccc7d5e"
"31bc57dc-fc03-409f-ab32-eeb1542e7189","TOPIC_STEP","","SKYWAVE_PHASE_4_5","-9.0","08:56:03","","d8d1e9b6-de0d-4b80-a821-5f2699beebf1","","","","My first name is misspelled on my ticket","TOPIC_STEP","I have corrected the spelling on your ticket. Please review the updated itinerary.","","","","-9.0","08:56:01","2109b3b9-b8d4-4bc7-a5d5-cdbdc3e3b1f2"
"31bc57dc-fc03-409f-ab32-eeb1542e7189","LLM_STEP","","SKYWAVE_PHASE_4_5","-9.0","08:56:05","","39338411-ee10-4d67-a10e-75d91dec92cb","","","","My first name is misspelled on my ticket","LLM_STEP","I have corrected the spelling on your ticket. Please review the updated itinerary.","","","d8d1e9b6-de0d-4b80-a821-5f2699beebf1","-9.0","08:56:03","2109b3b9-b8d4-4bc7-a5d5-cdbdc3e3b1f2"
"31540c6b-e8b4-4713-a3f5-937c1100d54b","TOPIC_STEP","","SKYWAVE_PHASE_4_5","-9.0","08:57:17","","3c28e593-0da3-4df8-a79f-7de0e4c2f996","","","","Great, thank you!","TOPIC_STEP","You are welcome. Is there anything else I can help with?","","","","-9.0","08:57:15","b81ae657-9dca-41f2-ad6e-4590a397dbae"
"b384f27e-c572-44d4-a04b-57902d681ddf","TOPIC_STEP","","SKYWAVE_PHASE_4_5","-14.0","12:50:02","","65ea537d-0b92-442a-aa7f-1f6bd18e582c","","","","I want to change my seat to a window seat","TOPIC_STEP","Sorry, I am unable to change your seat right now. Please try again later.","","","","-14.0","12:50:00","77d2e793-7c53-44f1-a032-8a80da613697"
"b384f27e-c572-44d4-a04b-57902d681ddf","LLM_STEP","","SKYWAVE_PHASE_4_5","-14.0","12:50:04","","b039947c-3afb-4ead-a405-0684047796f5","","","","I want to change my seat to a window seat","LLM_STEP","Sorry, I am unable to change your seat right now. Please try again later.","","","65ea537d-0b92-442a-aa7f-1f6bd18e582c","-14.0","12:50:02","77d2e793-7c53-44f1-a032-8a80da613697"
"704132d2-f467-4a21-a947-d5754eb1e4a0","TOPIC_STEP","","SKYWAVE_PHASE_4_5","-14.0","12:50:49","","f43fe264-a888-413c-a522-49d75a7dd49c","","","","This still is not working, I am frustrated.","TOPIC_STEP","I am sorry for the inconvenience. I was unable to resolve this for you.","","","","-14.0","12:50:47","59d167a0-6b84-4ec9-ab58-17ff5e49bc4e"
"257e6350-f6f1-44f9-a81b-986efdfe6186","TOPIC_STEP","","SKYWAVE_PHASE_4_5","-12.0","13:18:02","","c32d4c62-2ed5-4262-a679-4fa2f1429938","","","","My first name is misspelled on my ticket","TOPIC_STEP","I have corrected the spelling on your ticket. Please review the updated itinerary.","","","","-12.0","13:18:00","a0c4a6cb-551b-46e2-a7e0-93064088385a"
"257e6350-f6f1-44f9-a81b-986efdfe6186","LLM_STEP","","SKYWAVE_PHASE_4_5","-12.0","13:18:04","","88af76bc-968e-45b2-af4b-31607e2bd103","","","","My first name is misspelled on my ticket","LLM_STEP","I have corrected the spelling on your ticket. Please review the updated itinerary.","","","c32d4c62-2ed5-4262-a679-4fa2f1429938","-12.0","13:18:02","a0c4a6cb-551b-46e2-a7e0-93064088385a"
"3fc9e4de-3cd3-4b45-ab1c-c3bb7fcc06ec","TOPIC_STEP","","SKYWAVE_PHASE_4_5","-12.0","13:18:48","","9df1aa03-6244-4897-a309-7d255b1edd3c","","","","Great, thank you!","TOPIC_STEP","You are welcome. Is there anything else I can help with?","","","","-12.0","13:18:46","b9f3c39d-52fa-451a-a3f6-5076cb5c151e"
"c3f759be-0280-4fba-a048-c3def95fc251","TOPIC_STEP","","SKYWAVE_PHASE_4_5","-12.0","13:20:05","","d4fb20c0-5458-44e8-a063-89de10c11233","","","","Find flights from JFK to HND tomorrow","TOPIC_STEP","I found 4 flights for that route. The cheapest is SW1200 at 1pm for $1,280.","","","","-12.0","13:20:03","eac67ea4-e223-482b-ae8c-e00207668b71"
"c3f759be-0280-4fba-a048-c3def95fc251","LLM_STEP","","SKYWAVE_PHASE_4_5","-12.0","13:20:07","","3873a358-1c55-4244-a513-3debadd7acdd","","","","Find flights from JFK to HND tomorrow","LLM_STEP","I found 4 flights for that route. The cheapest is SW1200 at 1pm for $1,280.","","","d4fb20c0-5458-44e8-a063-89de10c11233","-12.0","13:20:05","eac67ea4-e223-482b-ae8c-e00207668b71"
"bc26e486-17d4-4777-a035-1309031ae068","TOPIC_STEP","","SKYWAVE_PHASE_4_5","-12.0","13:22:46","","3e5dd364-5151-4e2f-a381-86e9ec85945b","","","","Great, thank you!","TOPIC_STEP","You are welcome. Is there anything else I can help with?","","","","-12.0","13:22:44","63d57b2c-702d-4b2c-a197-be9251a89ccd"
"6eaa66ed-7af4-4597-a181-16af1819a7ce","TOPIC_STEP","","SKYWAVE_PHASE_4_5","-1.0","18:22:02","","08232eee-8ea0-4a84-aab7-ff5bd8edf639","","","","Can I move from 23B to an aisle seat?","TOPIC_STEP","I could not update your seat assignment. Please contact a service agent.","","","","-1.0","18:22:00","ff3db17b-2736-4169-a5cd-7c3b3f383c01"
"6eaa66ed-7af4-4597-a181-16af1819a7ce","LLM_STEP","","SKYWAVE_PHASE_4_5","-1.0","18:22:04","","01bbcf5b-4e2c-4ae4-abf2-031946c1cda2","","","","Can I move from 23B to an aisle seat?","LLM_STEP","I could not update your seat assignment. Please contact a service agent.","","","08232eee-8ea0-4a84-aab7-ff5bd8edf639","-1.0","18:22:02","ff3db17b-2736-4169-a5cd-7c3b3f383c01"
"6bacb187-eefc-4ad4-a13b-7d7aee008fe1","TOPIC_STEP","","SKYWAVE_PHASE_4_5","-1.0","18:26:09","","526baba1-ccb2-42e5-aad8-6c41e25ad02b","","","","This still is not working, I am frustrated.","TOPIC_STEP","I am sorry for the inconvenience. I was unable to resolve this for you.","","","","-1.0","18:26:07","f0eb5e35-6891-4313-aeb6-f1d113fa227a"
"a47d345d-4e3c-4090-a095-af7177570756","TOPIC_STEP","","SKYWAVE_PHASE_4_5","-1.0","18:27:09","","2da87d8f-3bcd-4f07-adf0-123fb2f8882d","","","","Can I move from 23B to an aisle seat?","TOPIC_STEP","I could not update your seat assignment. Please contact a service agent.","","","","-1.0","18:27:07","169aea1d-6acf-4c79-a2c0-8f63ed3b9afd"
"a47d345d-4e3c-4090-a095-af7177570756","LLM_STEP","","SKYWAVE_PHASE_4_5","-1.0","18:27:11","","e4955352-07de-4cf8-a3ee-e97bd04982bd","","","","Can I move from 23B to an aisle seat?","LLM_STEP","I could not update your seat assignment. Please contact a service agent.","","","2da87d8f-3bcd-4f07-adf0-123fb2f8882d","-1.0","18:27:09","169aea1d-6acf-4c79-a2c0-8f63ed3b9afd"
"a9fa2fed-8fb2-40d5-a6d3-abf77e39946c","TOPIC_STEP","","SKYWAVE_PHASE_4_5","-1.0","18:27:39","","27b0a3f8-5687-4f4c-aefe-5536dba61c1f","","","","This still is not working, I am frustrated.","TOPIC_STEP","I am sorry for the inconvenience. I was unable to resolve this for you.","","","","-1.0","18:27:37","d15aca8b-a517-45ce-aa27-bff2ebe8bfa3"
"15605841-3dae-452e-a16c-389811709864","TOPIC_STEP","","SKYWAVE_PHASE_4_5","-1.0","18:30:14","","92185807-990a-44e9-a4cb-aef8a780cab2","","","","Can I move from 23B to an aisle seat?","TOPIC_STEP","I could not update your seat assignment. Please contact a service agent.","","","","-1.0","18:30:12","19b29266-26aa-4b6a-aee0-963efb63715e"
"15605841-3dae-452e-a16c-389811709864","LLM_STEP","","SKYWAVE_PHASE_4_5","-1.0","18:30:16","","d2f14479-0879-45cd-ad62-163229eda026","","","","Can I move from 23B to an aisle seat?","LLM_STEP","I could not update your seat assignment. Please contact a service agent.","","","92185807-990a-44e9-a4cb-aef8a780cab2","-1.0","18:30:14","19b29266-26aa-4b6a-aee0-963efb63715e"
"ff87697a-eac6-4123-a491-8448fe4afbfd","TOPIC_STEP","","SKYWAVE_PHASE_4_5","-1.0","18:31:16","","2c7b89e6-94de-458d-ac18-fb66a7d06643","","","","This still is not working, I am frustrated.","TOPIC_STEP","I am sorry for the inconvenience. I was unable to resolve this for you.","","","","-1.0","18:31:14","459e959e-b536-4789-a7d0-1d1174bd32b0"
"35aba1e8-c6c8-4992-a025-2449a2681a73","TOPIC_STEP","","SKYWAVE_PHASE_4_5","-1.0","16:07:02","","6ababf53-25c2-4cdb-a157-0af57d091e70","","","","I lost my luggage in Munich last week, can you help?","TOPIC_STEP","I have created case 00012345 for your lost luggage. We will contact you within 24 hours.","","","","-1.0","16:07:00","a91b5a51-baa3-40eb-a56f-cff3345fd9bc"
"35aba1e8-c6c8-4992-a025-2449a2681a73","LLM_STEP","","SKYWAVE_PHASE_4_5","-1.0","16:07:04","","d4547e50-0954-4c88-a157-d9a97f3cc8bc","","","","I lost my luggage in Munich last week, can you help?","LLM_STEP","I have created case 00012345 for your lost luggage. We will contact you within 24 hours.","","","6ababf53-25c2-4cdb-a157-0af57d091e70","-1.0","16:07:02","a91b5a51-baa3-40eb-a56f-cff3345fd9bc"
"92614c21-7342-47e5-ad40-ce245cc746bb","TOPIC_STEP","","SKYWAVE_PHASE_4_5","-1.0","16:07:22","","50d3c602-0b11-4a37-aabc-db98144b3163","","","","Great, thank you!","TOPIC_STEP","You are welcome. Is there anything else I can help with?","","","","-1.0","16:07:20","cb70fe4f-189e-4efe-a9c9-d15e8ace486f"
"cbe93813-9b62-4d19-afcf-bd5b351c0839","TOPIC_STEP","","SKYWAVE_PHASE_4_5","-13.0","14:25:02","","7025bf6e-718a-4587-acfc-aec694320a89","","","","I want to select seat 1A for my flight","TOPIC_STEP","I was unable to retrieve the seat map automatically and could not assign the seat.","","","","-13.0","14:25:00","6668a0ab-ba9b-452f-ace7-15407f5794ff"
"cbe93813-9b62-4d19-afcf-bd5b351c0839","LLM_STEP","","SKYWAVE_PHASE_4_5","-13.0","14:25:04","","c3785ef1-2c61-4393-a763-9ec8db474605","","","","I want to select seat 1A for my flight","LLM_STEP","I was unable to retrieve the seat map automatically and could not assign the seat.","","","7025bf6e-718a-4587-acfc-aec694320a89","-13.0","14:25:02","6668a0ab-ba9b-452f-ace7-15407f5794ff"
"ae3feec1-bb6d-4d16-ad01-739b89035f4c","TOPIC_STEP","","SKYWAVE_PHASE_4_5","-13.0","14:25:27","","02d4818c-e44b-47b5-a039-dd65ca6d02c2","","","","This still is not working, I am frustrated.","TOPIC_STEP","I am sorry for the inconvenience. I was unable to resolve this for you.","","","","-13.0","14:25:25","bc44116a-1586-4e3e-adfa-74e175259454"
"f51fbfc8-4f9b-49d2-a047-bc5fb2de2919","TOPIC_STEP","","SKYWAVE_PHASE_4_5","-13.0","14:25:46","","f88de4b2-f7b4-4ff9-a8c4-450b947df2d9","","","","Show me my upcoming bookings","TOPIC_STEP","You have one upcoming booking — LH 1927 BER-MUC-SFO, confirmed.","","","","-13.0","14:25:44","20b03f31-6bc7-4776-ac86-f2fec0f8daaa"
"f51fbfc8-4f9b-49d2-a047-bc5fb2de2919","LLM_STEP","","SKYWAVE_PHASE_4_5","-13.0","14:25:48","","8fe332ea-a042-498f-ab28-22848af7ef8c","","","","Show me my upcoming bookings","LLM_STEP","You have one upcoming booking — LH 1927 BER-MUC-SFO, confirmed.","","","f88de4b2-f7b4-4ff9-a8c4-450b947df2d9","-13.0","14:25:46","20b03f31-6bc7-4776-ac86-f2fec0f8daaa"
"9c1735bc-dac3-4808-a8c4-a3f7b441b418","TOPIC_STEP","","SKYWAVE_PHASE_4_5","-13.0","14:27:52","","bd1e8d66-69ea-4345-a3c9-337c1a0fc858","","","","Great, thank you!","TOPIC_STEP","You are welcome. Is there anything else I can help with?","","","","-13.0","14:27:50","b80152cb-d2f2-4371-a334-2aa6884ef1b7"
"7695b133-f98f-4ef3-a308-ab8ed3e4ba1f","TOPIC_STEP","","SKYWAVE_PHASE_4_5","-1.0","08:14:02","","b1c6b363-aa88-4c05-ae22-e4c3380eb4a4","","","","Find flights from JFK to HND tomorrow","TOPIC_STEP","I found 4 flights for that route. The cheapest is SW1200 at 1pm for $1,280.","","","","-1.0","08:14:00","2bb3a309-bd5a-4f60-a0f0-6fa3b68e2b8f"
"7695b133-f98f-4ef3-a308-ab8ed3e4ba1f","LLM_STEP","","SKYWAVE_PHASE_4_5","-1.0","08:14:04","","d90e9e3b-a99c-4dde-a937-7767123e20ee","","","","Find flights from JFK to HND tomorrow","LLM_STEP","I found 4 flights for that route. The cheapest is SW1200 at 1pm for $1,280.","","","b1c6b363-aa88-4c05-ae22-e4c3380eb4a4","-1.0","08:14:02","2bb3a309-bd5a-4f60-a0f0-6fa3b68e2b8f"
"5bd10e11-53f5-4ed0-a4be-118e5dc6d8cb","TOPIC_STEP","","SKYWAVE_PHASE_4_5","-1.0","08:14:52","","aa654a61-9644-44df-ad7b-1ab14d70e68d","","","","Great, thank you!","TOPIC_STEP","You are welcome. Is there anything else I can help with?","","","","-1.0","08:14:50","23de926c-8344-4f4c-a928-05886ab1cbe5"
"f44b894d-12af-45bf-a84c-95fdfb0c88a5","TOPIC_STEP","","SKYWAVE_PHASE_4_5","-1.0","13:41:02","","982476e7-8cd5-4a9c-a1d7-8ffef2b11ffa","","","","My in-flight wifi did not work, I want a refund","TOPIC_STEP","I have logged your complaint as case 00012346. A refund will be processed.","","","","-1.0","13:41:00","4d77c9cf-ab16-4d70-a2cc-da6fa2ea026f"
"f44b894d-12af-45bf-a84c-95fdfb0c88a5","LLM_STEP","","SKYWAVE_PHASE_4_5","-1.0","13:41:04","","0798bcc9-79a2-4aab-a0e5-904e815e9305","","","","My in-flight wifi did not work, I want a refund","LLM_STEP","I have logged your complaint as case 00012346. A refund will be processed.","","","982476e7-8cd5-4a9c-a1d7-8ffef2b11ffa","-1.0","13:41:02","4d77c9cf-ab16-4d70-a2cc-da6fa2ea026f"
"bfce1eb9-e9a0-4827-acf2-a6cd15845edd","TOPIC_STEP","","SKYWAVE_PHASE_4_5","-1.0","13:42:11","","acafcf76-df6c-4c3f-ac06-963505f2a0ce","","","","Okay.","TOPIC_STEP","Understood. Anything else I can help with?","","","","-1.0","13:42:09","30a3f21e-3ffc-4607-a06b-b3ea819bf7e8"
"96bf7b65-a55a-465f-ac1b-c7d3166eebf5","TOPIC_STEP","","SKYWAVE_PHASE_4_5","-1.0","13:42:58","","01d3878e-6247-414e-a361-f7e978ca4864","","","","I want to select seat 1A for my flight","TOPIC_STEP","I was unable to retrieve the seat map automatically and could not assign the seat.","","","","-1.0","13:42:56","b4519a69-be92-44f5-a526-1166230207c1"
"96bf7b65-a55a-465f-ac1b-c7d3166eebf5","LLM_STEP","","SKYWAVE_PHASE_4_5","-1.0","13:43:00","","736cf15d-bc63-4ca2-a3aa-091991407eef","","","","I want to select seat 1A for my flight","LLM_STEP","I was unable to retrieve the seat map automatically and could not assign the seat.","","","01d3878e-6247-414e-a361-f7e978ca4864","-1.0","13:42:58","b4519a69-be92-44f5-a526-1166230207c1"
"f3beb5f6-6584-4843-a9cb-ec6493c20994","TOPIC_STEP","","SKYWAVE_PHASE_4_5","-1.0","13:43:33","","aae69bd2-5c72-4ea5-a9d7-f6a34ef05369","","","","This still is not working, I am frustrated.","TOPIC_STEP","I am sorry for the inconvenience. I was unable to resolve this for you.","","","","-1.0","13:43:31","c5f73130-740e-484d-aa83-426a210fb241"
"fb1aa619-d822-43b0-a247-251d35b05920","TOPIC_STEP","","SKYWAVE_PHASE_4_5","-2.0","16:34:02","","08dd423a-432a-40c9-a16c-9b3c9a8b4d3e","","","","My in-flight wifi did not work, I want a refund","TOPIC_STEP","I have logged your complaint as case 00012346. A refund will be processed.","","","","-2.0","16:34:00","15d5d21c-8f91-4c4a-a531-0cc5a6c4dcde"
"fb1aa619-d822-43b0-a247-251d35b05920","LLM_STEP","","SKYWAVE_PHASE_4_5","-2.0","16:34:04","","be8cfa4a-8bca-4c30-aa91-dc3ab792f768","","","","My in-flight wifi did not work, I want a refund","LLM_STEP","I have logged your complaint as case 00012346. A refund will be processed.","","","08dd423a-432a-40c9-a16c-9b3c9a8b4d3e","-2.0","16:34:02","15d5d21c-8f91-4c4a-a531-0cc5a6c4dcde"
"43042ce3-12f1-4e4f-aad3-8e73cc37ab8e","TOPIC_STEP","","SKYWAVE_PHASE_4_5","-2.0","16:38:22","","91c86f6a-79e0-4738-abcf-64c926e8cf00","","","","Great, thank you!","TOPIC_STEP","You are welcome. Is there anything else I can help with?","","","","-2.0","16:38:20","e20b876a-6bbf-4f1a-a672-78222ce18d0e"
"9dee6ed9-4ffe-4004-a72b-a8e39c81e47a","TOPIC_STEP","","SKYWAVE_PHASE_4_5","-6.0","15:20:02","","7dbe9963-fdb2-4bda-a82e-dcda3ea5ceb5","","","","What is my tier status?","TOPIC_STEP","You are Gold tier with 14,200 qualifying points this year.","","","","-6.0","15:20:00","2104eced-1276-481d-a840-a48e76c05715"
"9dee6ed9-4ffe-4004-a72b-a8e39c81e47a","LLM_STEP","","SKYWAVE_PHASE_4_5","-6.0","15:20:04","","900be462-e767-4e04-acdb-0bc2c836f163","","","","What is my tier status?","LLM_STEP","You are Gold tier with 14,200 qualifying points this year.","","","7dbe9963-fdb2-4bda-a82e-dcda3ea5ceb5","-6.0","15:20:02","2104eced-1276-481d-a840-a48e76c05715"
"e51190d4-f276-4383-ae3c-3a0fd2d835b3","TOPIC_STEP","","SKYWAVE_PHASE_4_5","-6.0","15:20:51","","84a6cda5-ca33-4c8c-ac3c-d4db3b3814bb","","","","Great, thank you!","TOPIC_STEP","You are welcome. Is there anything else I can help with?","","","","-6.0","15:20:49","3b8f69d4-dea4-45ff-a13b-e58662cad1f8"
"04f03e79-e9cc-46af-a3fe-08fb4a41966a","TOPIC_STEP","","SKYWAVE_PHASE_4_5","-7.0","13:05:02","","e98e2ef8-3677-499c-ae41-2d76665e99a9","","","","Show me my upcoming bookings","TOPIC_STEP","You have one upcoming booking — LH 1927 BER-MUC-SFO, confirmed.","","","","-7.0","13:05:00","722d276e-5aa1-47c2-ab9c-08f152f0eaa8"
"04f03e79-e9cc-46af-a3fe-08fb4a41966a","LLM_STEP","","SKYWAVE_PHASE_4_5","-7.0","13:05:04","","c086a66d-3986-47ee-af0e-1a385c3ed7fa","","","","Show me my upcoming bookings","LLM_STEP","You have one upcoming booking — LH 1927 BER-MUC-SFO, confirmed.","","","e98e2ef8-3677-499c-ae41-2d76665e99a9","-7.0","13:05:02","722d276e-5aa1-47c2-ab9c-08f152f0eaa8"
"e11c341d-a8f0-4d9e-a60c-f756ea0ee59b","TOPIC_STEP","","SKYWAVE_PHASE_4_5","-7.0","13:05:39","","17f26182-7eb6-45a8-ac92-d10dd552b1a3","","","","Great, thank you!","TOPIC_STEP","You are welcome. Is there anything else I can help with?","","","","-7.0","13:05:37","3eba06f0-e457-4b3b-a144-fec9cb2fc6cd"
"58e2fe80-2a87-4078-ab53-9bcc01b7cab1","TOPIC_STEP","","SKYWAVE_PHASE_4_5","-7.0","13:06:00","","cb03843a-5fd6-448d-ab54-5f912f7c9555","","","","Show me my upcoming bookings","TOPIC_STEP","You have one upcoming booking — LH 1927 BER-MUC-SFO, confirmed.","","","","-7.0","13:05:58","cd177b58-86c1-44c9-a07f-f2ffdd114c0d"
"58e2fe80-2a87-4078-ab53-9bcc01b7cab1","LLM_STEP","","SKYWAVE_PHASE_4_5","-7.0","13:06:02","","d4692045-4ecb-4334-aeab-b2027e18c536","","","","Show me my upcoming bookings","LLM_STEP","You have one upcoming booking — LH 1927 BER-MUC-SFO, confirmed.","","","cb03843a-5fd6-448d-ab54-5f912f7c9555","-7.0","13:06:00","cd177b58-86c1-44c9-a07f-f2ffdd114c0d"
"bea8f807-3dc8-48b6-a7d6-b16c7ccb04b7","TOPIC_STEP","","SKYWAVE_PHASE_4_5","-7.0","13:06:18","","cb1d8146-123a-4db6-af4f-3d1e66fd277f","","","","Great, thank you!","TOPIC_STEP","You are welcome. Is there anything else I can help with?","","","","-7.0","13:06:16","14562067-5306-404c-a669-cd41e300eb0f"
"9b9f53c3-ee45-4d8e-acdb-462aa6cc712b","TOPIC_STEP","","SKYWAVE_PHASE_4_5","-12.0","12:55:02","","94bae180-04fc-4fa0-a078-8dcc30b615b9","","","","I lost my luggage in Munich last week, can you help?","TOPIC_STEP","I have created case 00012345 for your lost luggage. We will contact you within 24 hours.","","","","-12.0","12:55:00","d7abf0d0-406a-437d-a9db-d5e61f2cb7eb"
"9b9f53c3-ee45-4d8e-acdb-462aa6cc712b","LLM_STEP","","SKYWAVE_PHASE_4_5","-12.0","12:55:04","","067dd140-4399-4ef2-ab0b-32bb53f958c1","","","","I lost my luggage in Munich last week, can you help?","LLM_STEP","I have created case 00012345 for your lost luggage. We will contact you within 24 hours.","","","94bae180-04fc-4fa0-a078-8dcc30b615b9","-12.0","12:55:02","d7abf0d0-406a-437d-a9db-d5e61f2cb7eb"
"d16130c6-fc02-45c8-ae4c-9d9788ee365e","TOPIC_STEP","","SKYWAVE_PHASE_4_5","-12.0","12:55:38","","54e65ec2-3718-4b5d-a001-136298271f46","","","","Okay.","TOPIC_STEP","Understood. Anything else I can help with?","","","","-12.0","12:55:36","72982d1c-39ab-43ea-a4ef-4a1722545ebf"
"0a0ffe2d-3718-44a1-a508-03fa2a15d7e1","TOPIC_STEP","","SKYWAVE_PHASE_4_5","-7.0","17:16:02","","06bf7f02-3fef-400f-a94f-4d63d6eb0712","","","","My in-flight wifi did not work, I want a refund","TOPIC_STEP","I have logged your complaint as case 00012346. A refund will be processed.","","","","-7.0","17:16:00","b4140205-243d-43bd-ae7d-cc0b9769f4be"
"0a0ffe2d-3718-44a1-a508-03fa2a15d7e1","LLM_STEP","","SKYWAVE_PHASE_4_5","-7.0","17:16:04","","afd42150-9468-4740-aeb7-d03d762924c0","","","","My in-flight wifi did not work, I want a refund","LLM_STEP","I have logged your complaint as case 00012346. A refund will be processed.","","","06bf7f02-3fef-400f-a94f-4d63d6eb0712","-7.0","17:16:02","b4140205-243d-43bd-ae7d-cc0b9769f4be"
"5539428a-abc9-4c1f-af17-63e25e9d98fc","TOPIC_STEP","","SKYWAVE_PHASE_4_5","-7.0","17:16:52","","76c6d4fe-1e3e-4f1f-a7b9-4e61a6a626ac","","","","Great, thank you!","TOPIC_STEP","You are welcome. Is there anything else I can help with?","","","","-7.0","17:16:50","8f4c02cb-62e8-42aa-a4d2-4247f14d1cb0"
"8a19bf4e-58d4-4414-a868-de60ea4a4580","TOPIC_STEP","","SKYWAVE_PHASE_4_5","-7.0","17:17:41","","399c1add-67e0-46d3-a213-b921e1426867","","","","Can I move from 23B to an aisle seat?","TOPIC_STEP","I could not update your seat assignment. Please contact a service agent.","","","","-7.0","17:17:39","944b3a71-94af-4c36-aaa5-3b6d26ea4a26"
"8a19bf4e-58d4-4414-a868-de60ea4a4580","LLM_STEP","","SKYWAVE_PHASE_4_5","-7.0","17:17:43","","2582b653-5d62-498a-afae-bbc343860c05","","","","Can I move from 23B to an aisle seat?","LLM_STEP","I could not update your seat assignment. Please contact a service agent.","","","399c1add-67e0-46d3-a213-b921e1426867","-7.0","17:17:41","944b3a71-94af-4c36-aaa5-3b6d26ea4a26"
"da328b69-3af7-4ca2-a09b-6fae797c33b3","TOPIC_STEP","","SKYWAVE_PHASE_4_5","-7.0","17:18:02","","4f14ec32-1e2d-4844-a98a-9ad71304d54f","","","","This still is not working, I am frustrated.","TOPIC_STEP","I am sorry for the inconvenience. I was unable to resolve this for you.","","","","-7.0","17:18:00","ee49345f-ee62-4121-ab4a-918a71e9630f"
"d2a079b9-8b37-4079-aa61-6badda658336","TOPIC_STEP","","SKYWAVE_PHASE_4_5","-7.0","17:19:07","","13c04371-f373-41b1-ab80-45e7df4c3c8c","","","","What is my tier status?","TOPIC_STEP","You are Gold tier with 14,200 qualifying points this year.","","","","-7.0","17:19:05","8a2e9209-056b-4f49-a023-928c06669dce"
"d2a079b9-8b37-4079-aa61-6badda658336","LLM_STEP","","SKYWAVE_PHASE_4_5","-7.0","17:19:09","","2b6d1fed-099a-43ab-a73f-07f4ba7a4456","","","","What is my tier status?","LLM_STEP","You are Gold tier with 14,200 qualifying points this year.","","","13c04371-f373-41b1-ab80-45e7df4c3c8c","-7.0","17:19:07","8a2e9209-056b-4f49-a023-928c06669dce"
"f7d6f860-2163-4455-a6c0-37a255cc981e","TOPIC_STEP","","SKYWAVE_PHASE_4_5","-7.0","17:22:12","","034bc83c-85fd-41a8-ab61-074212d42ff5","","","","Great, thank you!","TOPIC_STEP","You are welcome. Is there anything else I can help with?","","","","-7.0","17:22:10","eedf6f27-7544-4d59-afc7-9c697f548bf6"
"2bd56f51-26af-4948-ab3b-7fee1a1e8a2d","TOPIC_STEP","","SKYWAVE_PHASE_4_5","-9.0","19:37:02","","2c1c69a7-1c4c-4489-a1aa-3a401ac81f54","","","","Cancel my booking ABC123","TOPIC_STEP","I have cancelled booking ABC123. A refund of $480 will be issued.","","","","-9.0","19:37:00","787990b9-6a18-4aeb-ac67-279d21aa1f5e"
"2bd56f51-26af-4948-ab3b-7fee1a1e8a2d","LLM_STEP","","SKYWAVE_PHASE_4_5","-9.0","19:37:04","","c02df3b9-16b2-4bd3-aaee-911466930119","","","","Cancel my booking ABC123","LLM_STEP","I have cancelled booking ABC123. A refund of $480 will be issued.","","","2c1c69a7-1c4c-4489-a1aa-3a401ac81f54","-9.0","19:37:02","787990b9-6a18-4aeb-ac67-279d21aa1f5e"
"cfa0a5ea-97d9-4f42-a966-2aac8a51d611","TOPIC_STEP","","SKYWAVE_PHASE_4_5","-9.0","19:38:59","","a98156d8-4212-491f-a13b-55482e4a1716","","","","Great, thank you!","TOPIC_STEP","You are welcome. Is there anything else I can help with?","","","","-9.0","19:38:57","38ffb32b-04c1-41ad-abef-ebb8104a676c"
"12a57833-f319-4a34-a543-dd720e9a5ed6","TOPIC_STEP","","SKYWAVE_PHASE_4_5","-9.0","19:39:39","","6817bcc6-3d26-4840-acc1-07c4d319d0ae","","","","I want to select seat 1A for my flight","TOPIC_STEP","I was unable to retrieve the seat map automatically and could not assign the seat.","","","","-9.0","19:39:37","9919f7fd-c868-4aab-afd8-5065322256ff"
"12a57833-f319-4a34-a543-dd720e9a5ed6","LLM_STEP","","SKYWAVE_PHASE_4_5","-9.0","19:39:41","","adc27dbe-0f43-4bcc-a5f8-2c86fd09423e","","","","I want to select seat 1A for my flight","LLM_STEP","I was unable to retrieve the seat map automatically and could not assign the seat.","","","6817bcc6-3d26-4840-acc1-07c4d319d0ae","-9.0","19:39:39","9919f7fd-c868-4aab-afd8-5065322256ff"
"7d98f33d-13be-44a9-adc5-d91a1998985b","TOPIC_STEP","","SKYWAVE_PHASE_4_5","-9.0","19:40:01","","3f8df8a7-9de2-44c2-ad2d-4cd60c201c20","","","","This still is not working, I am frustrated.","TOPIC_STEP","I am sorry for the inconvenience. I was unable to resolve this for you.","","","","-9.0","19:39:59","92936112-f9f7-46f3-aea8-12c657af2856"
"f7c160fc-1c0c-40bb-a3d4-2da05c7cb6a0","TOPIC_STEP","","SKYWAVE_PHASE_4_5","-9.0","19:40:46","","296f1294-3797-47e5-a816-cf4e03a86d5d","","","","Tell me a joke","TOPIC_STEP","I am a Skywave booking assistant. How can I help with your travel?","","","","-9.0","19:40:44","d2a518c4-53a5-4793-a49c-954a72fcf1ca"
"f7c160fc-1c0c-40bb-a3d4-2da05c7cb6a0","LLM_STEP","","SKYWAVE_PHASE_4_5","-9.0","19:40:48","","003ff9e6-7de0-410a-a369-21636b1c1555","","","","Tell me a joke","LLM_STEP","I am a Skywave booking assistant. How can I help with your travel?","","","296f1294-3797-47e5-a816-cf4e03a86d5d","-9.0","19:40:46","d2a518c4-53a5-4793-a49c-954a72fcf1ca"
"546ee7d6-8930-4a9b-a728-4263dec85b12","TOPIC_STEP","","SKYWAVE_PHASE_4_5","-9.0","19:41:53","","06ea0985-6907-46db-aafc-0bb4cac9a7bb","","","","This still is not working, I am frustrated.","TOPIC_STEP","I am sorry for the inconvenience. I was unable to resolve this for you.","","","","-9.0","19:41:51","0464ca54-9969-463d-a91c-0e25ee214142"
"d3628f7b-8ff3-4b29-a759-d66861be399b","TOPIC_STEP","","SKYWAVE_PHASE_4_5","-8.0","11:31:02","","76ce7eac-ad1d-4745-a072-8db78f46b916","","","","Tell me a joke","TOPIC_STEP","I am a Skywave booking assistant. How can I help with your travel?","","","","-8.0","11:31:00","db6c7c4d-c0f8-42fd-af07-f4f9d3c24b41"
"d3628f7b-8ff3-4b29-a759-d66861be399b","LLM_STEP","","SKYWAVE_PHASE_4_5","-8.0","11:31:04","","14aa11f5-a7b1-4391-aff2-7f69e07e725b","","","","Tell me a joke","LLM_STEP","I am a Skywave booking assistant. How can I help with your travel?","","","76ce7eac-ad1d-4745-a072-8db78f46b916","-8.0","11:31:02","db6c7c4d-c0f8-42fd-af07-f4f9d3c24b41"
"37d72e61-d466-491c-a772-686cfe937274","TOPIC_STEP","","SKYWAVE_PHASE_4_5","-8.0","11:31:41","","01eb41fb-766a-4654-a8eb-b09b8ce96434","","","","Okay.","TOPIC_STEP","Understood. Anything else I can help with?","","","","-8.0","11:31:39","c49dd53d-4af7-4bc9-a46f-8f4e3ce7bf54"
"531c3e66-a9f9-42f1-acca-7695938d33e6","TOPIC_STEP","","SKYWAVE_PHASE_4_5","-8.0","11:32:28","","26b23165-94b8-4af4-afdc-dd2da0ce759e","","","","I lost my luggage in Munich last week, can you help?","TOPIC_STEP","I have created case 00012345 for your lost luggage. We will contact you within 24 hours.","","","","-8.0","11:32:26","79785c14-c056-46b5-a6ff-4f863f5df8e5"
"531c3e66-a9f9-42f1-acca-7695938d33e6","LLM_STEP","","SKYWAVE_PHASE_4_5","-8.0","11:32:30","","aa182237-0204-419e-af10-f8f326054260","","","","I lost my luggage in Munich last week, can you help?","LLM_STEP","I have created case 00012345 for your lost luggage. We will contact you within 24 hours.","","","26b23165-94b8-4af4-afdc-dd2da0ce759e","-8.0","11:32:28","79785c14-c056-46b5-a6ff-4f863f5df8e5"
"146a8646-989c-4bd3-a618-9fb488a0bbeb","TOPIC_STEP","","SKYWAVE_PHASE_4_5","-8.0","11:35:22","","519f0c10-6ab3-4006-ab93-71b3ba1951cf","","","","Okay.","TOPIC_STEP","Understood. Anything else I can help with?","","","","-8.0","11:35:20","853610af-1643-4fb6-a89f-b3f10627d4b6"
"523af3a4-d876-4ca5-a559-e1bc7783513d","TOPIC_STEP","","SKYWAVE_PHASE_4_5","-14.0","12:27:02","","abca2a58-0b91-4808-aef5-3e0ae3d0c7d6","","","","Cancel my booking ABC123","TOPIC_STEP","I have cancelled booking ABC123. A refund of $480 will be issued.","","","","-14.0","12:27:00","3c58b81a-15e8-4378-ac35-9fd1b13ce94d"
"523af3a4-d876-4ca5-a559-e1bc7783513d","LLM_STEP","","SKYWAVE_PHASE_4_5","-14.0","12:27:04","","6e8d4913-55fe-4eb6-a6a5-a32d00d34c8c","","","","Cancel my booking ABC123","LLM_STEP","I have cancelled booking ABC123. A refund of $480 will be issued.","","","abca2a58-0b91-4808-aef5-3e0ae3d0c7d6","-14.0","12:27:02","3c58b81a-15e8-4378-ac35-9fd1b13ce94d"
"37db5ac9-8935-45d4-ae94-bdb67f19951e","TOPIC_STEP","","SKYWAVE_PHASE_4_5","-14.0","12:29:42","","90f1b675-8228-4c3b-a059-810568b6edc6","","","","Great, thank you!","TOPIC_STEP","You are welcome. Is there anything else I can help with?","","","","-14.0","12:29:40","ec0a60db-bf80-4cf8-a344-9ac7a0851573"
"51bfc73f-4548-45dc-aba3-73d6b8ef8b4e","TOPIC_STEP","","SKYWAVE_PHASE_4_5","-12.0","15:44:02","","02e05fdc-fece-4c73-a1a6-72025fdcd915","","","","Can I move from 23B to an aisle seat?","TOPIC_STEP","I could not update your seat assignment. Please contact a service agent.","","","","-12.0","15:44:00","0c205b00-b5c8-43fd-a969-cd3219d0e922"
"51bfc73f-4548-45dc-aba3-73d6b8ef8b4e","LLM_STEP","","SKYWAVE_PHASE_4_5","-12.0","15:44:04","","0783829c-123b-4d1e-a139-614b4ebd0443","","","","Can I move from 23B to an aisle seat?","LLM_STEP","I could not update your seat assignment. Please contact a service agent.","","","02e05fdc-fece-4c73-a1a6-72025fdcd915","-12.0","15:44:02","0c205b00-b5c8-43fd-a969-cd3219d0e922"
"b7a3db97-febd-400e-aeee-d6ba5778a85c","TOPIC_STEP","","SKYWAVE_PHASE_4_5","-12.0","15:44:23","","df8e46c9-0694-4083-a316-c45dc67c2b56","","","","This still is not working, I am frustrated.","TOPIC_STEP","I am sorry for the inconvenience. I was unable to resolve this for you.","","","","-12.0","15:44:21","25d31fa8-a60f-4a32-af09-af5c60865b08"
"4b407bc8-b2ad-4c27-abc0-8a2f92d90e93","TOPIC_STEP","","SKYWAVE_PHASE_4_5","-12.0","15:44:47","","f6abf51f-3f33-4c24-ab54-21b8635cca57","","","","I want to select seat 1A for my flight","TOPIC_STEP","I was unable to retrieve the seat map automatically and could not assign the seat.","","","","-12.0","15:44:45","ccab7ac0-7516-4eb4-a2f0-a15f9697e0a7"
"4b407bc8-b2ad-4c27-abc0-8a2f92d90e93","LLM_STEP","","SKYWAVE_PHASE_4_5","-12.0","15:44:49","","2fb12b8b-45ee-4619-ac39-c6472c6e3034","","","","I want to select seat 1A for my flight","LLM_STEP","I was unable to retrieve the seat map automatically and could not assign the seat.","","","f6abf51f-3f33-4c24-ab54-21b8635cca57","-12.0","15:44:47","ccab7ac0-7516-4eb4-a2f0-a15f9697e0a7"
"266a07b9-432b-41c4-ac80-b266689b78d2","TOPIC_STEP","","SKYWAVE_PHASE_4_5","-12.0","15:45:05","","c4ce3279-8e67-4046-ab22-6223fa2a9a99","","","","This still is not working, I am frustrated.","TOPIC_STEP","I am sorry for the inconvenience. I was unable to resolve this for you.","","","","-12.0","15:45:03","7ea2b3bc-5eaf-4e77-a283-e91d36cccc58"
"0838afe6-598a-4ccc-aaf2-5b9528d6562c","TOPIC_STEP","","SKYWAVE_PHASE_4_5","-12.0","15:45:34","","9c8f346e-3fcf-430f-a133-d71292bda84e","","","","I want to change my seat to a window seat","TOPIC_STEP","Sorry, I am unable to change your seat right now. Please try again later.","","","","-12.0","15:45:32","f8639f02-e903-490e-a373-c909ca954587"
"0838afe6-598a-4ccc-aaf2-5b9528d6562c","LLM_STEP","","SKYWAVE_PHASE_4_5","-12.0","15:45:36","","26f3f2e2-485d-45eb-a107-147abe5fbb05","","","","I want to change my seat to a window seat","LLM_STEP","Sorry, I am unable to change your seat right now. Please try again later.","","","9c8f346e-3fcf-430f-a133-d71292bda84e","-12.0","15:45:34","f8639f02-e903-490e-a373-c909ca954587"
"10304044-604e-4538-afda-b2ae96ad851c","TOPIC_STEP","","SKYWAVE_PHASE_4_5","-12.0","15:46:28","","bdcb434e-51e8-402b-af06-8356a33ba6e9","","","","This still is not working, I am frustrated.","TOPIC_STEP","I am sorry for the inconvenience. I was unable to resolve this for you.","","","","-12.0","15:46:26","061077b7-4815-4173-a727-2f1a4b6344df"
"fcec7553-01f8-4980-a4aa-20f921fe7ff0","TOPIC_STEP","","SKYWAVE_PHASE_4_5","-7.0","15:01:02","","a44ecc39-3073-4ee9-abb4-c9613cfb5685","","","","I lost my luggage in Munich last week, can you help?","TOPIC_STEP","I have created case 00012345 for your lost luggage. We will contact you within 24 hours.","","","","-7.0","15:01:00","100949c1-6dd3-490a-ae29-688e4066bfb8"
"fcec7553-01f8-4980-a4aa-20f921fe7ff0","LLM_STEP","","SKYWAVE_PHASE_4_5","-7.0","15:01:04","","e1564d9e-368f-455f-aa8a-ffc7d2b93e8f","","","","I lost my luggage in Munich last week, can you help?","LLM_STEP","I have created case 00012345 for your lost luggage. We will contact you within 24 hours.","","","a44ecc39-3073-4ee9-abb4-c9613cfb5685","-7.0","15:01:02","100949c1-6dd3-490a-ae29-688e4066bfb8"
"2671433d-4cf6-491e-a1d0-b36c4433bb8c","TOPIC_STEP","","SKYWAVE_PHASE_4_5","-7.0","15:02:17","","f0cb2e85-9947-487a-a38e-69004e1e8fa1","","","","Okay.","TOPIC_STEP","Understood. Anything else I can help with?","","","","-7.0","15:02:15","6585d75c-c079-4d2e-a68a-6dfd1aa43122"
"08a75050-0b7a-487e-a657-92d767ff65d7","TOPIC_STEP","","SKYWAVE_PHASE_4_5","-7.0","14:17:02","","9ec814a5-628c-45c7-a322-7a7eb2184e80","","","","I want to select seat 1A for my flight","TOPIC_STEP","I was unable to retrieve the seat map automatically and could not assign the seat.","","","","-7.0","14:17:00","8bdddc5a-4a4e-4ec4-a650-ceea8801d36d"
"08a75050-0b7a-487e-a657-92d767ff65d7","LLM_STEP","","SKYWAVE_PHASE_4_5","-7.0","14:17:04","","df143bf1-947a-4ac2-a823-dd0031329e3a","","","","I want to select seat 1A for my flight","LLM_STEP","I was unable to retrieve the seat map automatically and could not assign the seat.","","","9ec814a5-628c-45c7-a322-7a7eb2184e80","-7.0","14:17:02","8bdddc5a-4a4e-4ec4-a650-ceea8801d36d"
"cd47325e-a9a0-4dc3-ac3c-4f7e9670d583","TOPIC_STEP","","SKYWAVE_PHASE_4_5","-7.0","14:21:35","","de2b273c-cfde-4b7b-ae6e-0e472735d9b9","","","","This still is not working, I am frustrated.","TOPIC_STEP","I am sorry for the inconvenience. I was unable to resolve this for you.","","","","-7.0","14:21:33","e32bc3ba-487c-4e2b-adb4-4bec3011d8f5"
"dcd4925d-588b-4fc6-a0b6-20e06fa38255","TOPIC_STEP","","SKYWAVE_PHASE_4_5","-7.0","14:22:49","","80844790-9318-4713-a31f-e219df7ff264","","","","Whats the weather like in Tokyo?","TOPIC_STEP","I can only help with flight bookings and Skywave loyalty questions.","","","","-7.0","14:22:47","9e741ebc-326a-41cb-a7e1-1b63bcb8661f"
"dcd4925d-588b-4fc6-a0b6-20e06fa38255","LLM_STEP","","SKYWAVE_PHASE_4_5","-7.0","14:22:51","","f4abc5cc-3484-4345-ac80-f0f264bed398","","","","Whats the weather like in Tokyo?","LLM_STEP","I can only help with flight bookings and Skywave loyalty questions.","","","80844790-9318-4713-a31f-e219df7ff264","-7.0","14:22:49","9e741ebc-326a-41cb-a7e1-1b63bcb8661f"
"c59c03b6-efe1-4cfd-aea4-3183c2f89270","TOPIC_STEP","","SKYWAVE_PHASE_4_5","-7.0","14:23:50","","0dbc9141-f2af-497c-abb7-57e1a6668738","","","","Okay.","TOPIC_STEP","Understood. Anything else I can help with?","","","","-7.0","14:23:48","6712c479-aed2-4293-a4f6-34c2cdcf2e5f"
"60b913f7-da38-45e5-a6d5-adeb3575e7b2","TOPIC_STEP","","SKYWAVE_PHASE_4_5","-6.0","19:32:02","","f67c848b-29ca-4824-a2c3-b81cdc99caf9","","","","What is my tier status?","TOPIC_STEP","You are Gold tier with 14,200 qualifying points this year.","","","","-6.0","19:32:00","c3b18cb8-e032-44d6-a357-b5bedf5b62d5"
"60b913f7-da38-45e5-a6d5-adeb3575e7b2","LLM_STEP","","SKYWAVE_PHASE_4_5","-6.0","19:32:04","","0c5d8bcb-d1a9-4ae9-a87f-80240a64070e","","","","What is my tier status?","LLM_STEP","You are Gold tier with 14,200 qualifying points this year.","","","f67c848b-29ca-4824-a2c3-b81cdc99caf9","-6.0","19:32:02","c3b18cb8-e032-44d6-a357-b5bedf5b62d5"
"c9a6fec9-443e-425e-aadb-f65024f5773d","TOPIC_STEP","","SKYWAVE_PHASE_4_5","-6.0","19:33:10","","feb7425a-c77f-44f0-ae06-9fdd068aa670","","","","Great, thank you!","TOPIC_STEP","You are welcome. Is there anything else I can help with?","","","","-6.0","19:33:08","008b54dd-fd30-43f9-a48b-61dfea02a672"
"cabd6a95-54ee-4b28-aa71-57a6d4bc1dfb","TOPIC_STEP","","SKYWAVE_PHASE_4_5","-6.0","19:33:50","","38f531c5-3fa7-440c-ac42-b92f39fa970f","","","","What is my tier status?","TOPIC_STEP","You are Gold tier with 14,200 qualifying points this year.","","","","-6.0","19:33:48","cd48f4d9-0a2e-4697-a6eb-19d50a3926ee"
"cabd6a95-54ee-4b28-aa71-57a6d4bc1dfb","LLM_STEP","","SKYWAVE_PHASE_4_5","-6.0","19:33:52","","047a4359-2b3c-47c4-ad34-93b3f18fb818","","","","What is my tier status?","LLM_STEP","You are Gold tier with 14,200 qualifying points this year.","","","38f531c5-3fa7-440c-ac42-b92f39fa970f","-6.0","19:33:50","cd48f4d9-0a2e-4697-a6eb-19d50a3926ee"
"836ddf4a-01d5-4e55-a4e8-ea01b6401e7d","TOPIC_STEP","","SKYWAVE_PHASE_4_5","-6.0","19:34:43","","422e9d45-4752-414e-a120-2a490d3fc636","","","","Great, thank you!","TOPIC_STEP","You are welcome. Is there anything else I can help with?","","","","-6.0","19:34:41","cf69da68-2f77-4b04-a9ac-d2684aad7c43"
"abeba71c-74f0-4fb5-a91e-0dbf485e29a7","TOPIC_STEP","","SKYWAVE_PHASE_4_5","-7.0","10:33:02","","50857d98-0f78-4f73-acbd-071c4dfdb8ae","","","","How many miles do I have?","TOPIC_STEP","You currently have 18,450 SkyWave miles. You are at Premier tier.","","","","-7.0","10:33:00","9fd501e6-a564-4e51-ac22-aa732a26e5cb"
"abeba71c-74f0-4fb5-a91e-0dbf485e29a7","LLM_STEP","","SKYWAVE_PHASE_4_5","-7.0","10:33:04","","59f9f5e9-373d-429b-a8fd-7dd7b4c53393","","","","How many miles do I have?","LLM_STEP","You currently have 18,450 SkyWave miles. You are at Premier tier.","","","50857d98-0f78-4f73-acbd-071c4dfdb8ae","-7.0","10:33:02","9fd501e6-a564-4e51-ac22-aa732a26e5cb"
"206880b4-1c89-40eb-adf3-08af780903ae","TOPIC_STEP","","SKYWAVE_PHASE_4_5","-7.0","10:33:33","","095da39c-05ee-49dd-ad82-7bf68beefc50","","","","Great, thank you!","TOPIC_STEP","You are welcome. Is there anything else I can help with?","","","","-7.0","10:33:31","2c6582a1-c2ed-4f98-a109-a68d378eb86e"
"d737d535-4503-4804-a3ba-b1fe930ca5a4","TOPIC_STEP","","SKYWAVE_PHASE_4_5","-7.0","14:44:02","","02df6fed-e500-4534-a8e0-36392a166a14","","","","How many miles do I have?","TOPIC_STEP","You currently have 18,450 SkyWave miles. You are at Premier tier.","","","","-7.0","14:44:00","808acd56-6134-4c53-a392-501b5ace52a5"
"d737d535-4503-4804-a3ba-b1fe930ca5a4","LLM_STEP","","SKYWAVE_PHASE_4_5","-7.0","14:44:04","","2f1ddbdf-d3e5-4ebc-aa82-6664058e81e0","","","","How many miles do I have?","LLM_STEP","You currently have 18,450 SkyWave miles. You are at Premier tier.","","","02df6fed-e500-4534-a8e0-36392a166a14","-7.0","14:44:02","808acd56-6134-4c53-a392-501b5ace52a5"
"9e38618d-5daa-40d0-aa98-3105778d2d12","TOPIC_STEP","","SKYWAVE_PHASE_4_5","-7.0","14:45:19","","6b37b9a8-61d2-4a0e-af25-fcd0595514d5","","","","Great, thank you!","TOPIC_STEP","You are welcome. Is there anything else I can help with?","","","","-7.0","14:45:17","cf3e477c-804f-4cde-a657-2f99a31141c0"
"54ed9035-0778-429b-a3f7-d24232df4337","TOPIC_STEP","","SKYWAVE_PHASE_4_5","-6.0","15:32:02","","46e24aee-d5e3-47d3-a47c-374a1cf18d97","","","","Tell me a joke","TOPIC_STEP","I am a Skywave booking assistant. How can I help with your travel?","","","","-6.0","15:32:00","45116a8f-5ef8-48aa-a18f-ff6fa6dfea18"
"54ed9035-0778-429b-a3f7-d24232df4337","LLM_STEP","","SKYWAVE_PHASE_4_5","-6.0","15:32:04","","6a9cbf48-468a-4cc0-aad8-f4e793251bd5","","","","Tell me a joke","LLM_STEP","I am a Skywave booking assistant. How can I help with your travel?","","","46e24aee-d5e3-47d3-a47c-374a1cf18d97","-6.0","15:32:02","45116a8f-5ef8-48aa-a18f-ff6fa6dfea18"
"169624c7-f4d3-45f0-aa7c-5975cec886fe","TOPIC_STEP","","SKYWAVE_PHASE_4_5","-6.0","15:32:59","","106095c2-4162-46ff-a277-d584f537c792","","","","Okay.","TOPIC_STEP","Understood. Anything else I can help with?","","","","-6.0","15:32:57","a8eec31c-36e9-43ed-aebe-81dfb94a5cc1"
"5aad53c1-0a21-4f78-a531-82213e4688f7","TOPIC_STEP","","SKYWAVE_PHASE_4_5","-4.0","10:36:02","","78f3fec9-825c-4f83-a0f9-0f2f7cc9c5ea","","","","Show me my upcoming bookings","TOPIC_STEP","You have one upcoming booking — LH 1927 BER-MUC-SFO, confirmed.","","","","-4.0","10:36:00","a316f33c-e0f7-40e0-ad81-99267922bedb"
"5aad53c1-0a21-4f78-a531-82213e4688f7","LLM_STEP","","SKYWAVE_PHASE_4_5","-4.0","10:36:04","","851863df-79d6-4777-a136-129dc18e8998","","","","Show me my upcoming bookings","LLM_STEP","You have one upcoming booking — LH 1927 BER-MUC-SFO, confirmed.","","","78f3fec9-825c-4f83-a0f9-0f2f7cc9c5ea","-4.0","10:36:02","a316f33c-e0f7-40e0-ad81-99267922bedb"
"da731ee3-9f61-4d33-a316-917e66249cfd","TOPIC_STEP","","SKYWAVE_PHASE_4_5","-4.0","10:38:25","","4fea1d0d-b63a-42a3-a0c3-dd3e14afc5da","","","","Great, thank you!","TOPIC_STEP","You are welcome. Is there anything else I can help with?","","","","-4.0","10:38:23","7be34e67-0590-4273-aa4b-12f4156ea62f"
"ccadc81e-31ba-4a4e-af02-357a7890d326","TOPIC_STEP","","SKYWAVE_PHASE_4_5","-4.0","10:38:44","","e375f30e-3ed5-4380-a67c-cf0d44195a5b","","","","My in-flight wifi did not work, I want a refund","TOPIC_STEP","I have logged your complaint as case 00012346. A refund will be processed.","","","","-4.0","10:38:42","6c7c151b-1c83-41bb-afa3-2942beeceedc"
"ccadc81e-31ba-4a4e-af02-357a7890d326","LLM_STEP","","SKYWAVE_PHASE_4_5","-4.0","10:38:46","","b72b8fda-003f-4b9e-a2f9-cc3581bc278d","","","","My in-flight wifi did not work, I want a refund","LLM_STEP","I have logged your complaint as case 00012346. A refund will be processed.","","","e375f30e-3ed5-4380-a67c-cf0d44195a5b","-4.0","10:38:44","6c7c151b-1c83-41bb-afa3-2942beeceedc"
"6f0442bf-3582-4f72-af9f-58804b475762","TOPIC_STEP","","SKYWAVE_PHASE_4_5","-4.0","10:39:32","","e961f36e-6fed-4ca4-a854-8b8de528c182","","","","Great, thank you!","TOPIC_STEP","You are welcome. Is there anything else I can help with?","","","","-4.0","10:39:30","80575443-be55-4b75-aeab-aacf1ca50cee"
"69b6ad92-0364-49ab-a9d0-bb59e264218b","TOPIC_STEP","","SKYWAVE_PHASE_4_5","-2.0","17:19:02","","0592fe50-d16e-4445-a6da-38c54bb927ac","","","","Cancel my booking ABC123","TOPIC_STEP","I have cancelled booking ABC123. A refund of $480 will be issued.","","","","-2.0","17:19:00","19ed1518-3005-4c69-ab4d-d48c519a9939"
"69b6ad92-0364-49ab-a9d0-bb59e264218b","LLM_STEP","","SKYWAVE_PHASE_4_5","-2.0","17:19:04","","2130f860-0d40-479b-a961-bdcee969ac8a","","","","Cancel my booking ABC123","LLM_STEP","I have cancelled booking ABC123. A refund of $480 will be issued.","","","0592fe50-d16e-4445-a6da-38c54bb927ac","-2.0","17:19:02","19ed1518-3005-4c69-ab4d-d48c519a9939"
"8dc69d00-7a99-4775-af89-a2aeafa4f720","TOPIC_STEP","","SKYWAVE_PHASE_4_5","-2.0","17:22:24","","fbce05a5-4432-454f-ab4c-a7d03c74a837","","","","Great, thank you!","TOPIC_STEP","You are welcome. Is there anything else I can help with?","","","","-2.0","17:22:22","8ebf7ee8-f424-439d-a23d-cfb58b5ece9d"
"80d5cbe2-c777-4346-af38-8b680a33c7cb","TOPIC_STEP","","SKYWAVE_PHASE_4_5","-2.0","17:23:07","","a00735aa-f311-40b8-af41-970554ec749f","","","","Please correct my last name on booking ABC123","TOPIC_STEP","I have updated the passenger name on booking ABC123. A confirmation has been sent.","","","","-2.0","17:23:05","7fc012ca-1888-4707-a409-01ba30aa7ff7"
"80d5cbe2-c777-4346-af38-8b680a33c7cb","LLM_STEP","","SKYWAVE_PHASE_4_5","-2.0","17:23:09","","695c902d-baa2-4d26-a41e-2cc73d77767c","","","","Please correct my last name on booking ABC123","LLM_STEP","I have updated the passenger name on booking ABC123. A confirmation has been sent.","","","a00735aa-f311-40b8-af41-970554ec749f","-2.0","17:23:07","7fc012ca-1888-4707-a409-01ba30aa7ff7"
"6905d08b-9d90-4a65-a82f-2db0a47debdb","TOPIC_STEP","","SKYWAVE_PHASE_4_5","-2.0","17:28:08","","74c05ed3-3a22-4a48-a3f3-6b6f0762993e","","","","Great, thank you!","TOPIC_STEP","You are welcome. Is there anything else I can help with?","","","","-2.0","17:28:06","13d9b2ba-89d1-4761-ab0c-66d190510dd3"
"b14a5073-1df1-4a5d-acf5-7b773b751e81","TOPIC_STEP","","SKYWAVE_PHASE_4_5","-5.0","12:36:02","","ec040b97-c83d-408a-a36b-5e2da33345e6","","","","Can I move from 23B to an aisle seat?","TOPIC_STEP","I could not update your seat assignment. Please contact a service agent.","","","","-5.0","12:36:00","d388c3a7-8e35-43ed-ae0b-2eb478f274e1"
"b14a5073-1df1-4a5d-acf5-7b773b751e81","LLM_STEP","","SKYWAVE_PHASE_4_5","-5.0","12:36:04","","3fcf8884-c5c0-4c59-a562-c08abe1f610e","","","","Can I move from 23B to an aisle seat?","LLM_STEP","I could not update your seat assignment. Please contact a service agent.","","","ec040b97-c83d-408a-a36b-5e2da33345e6","-5.0","12:36:02","d388c3a7-8e35-43ed-ae0b-2eb478f274e1"
"acef90f4-edf2-4908-aaf1-c1a423decfb2","TOPIC_STEP","","SKYWAVE_PHASE_4_5","-5.0","12:36:47","","b66699a1-232d-4df8-ae39-61ba132697ba","","","","This still is not working, I am frustrated.","TOPIC_STEP","I am sorry for the inconvenience. I was unable to resolve this for you.","","","","-5.0","12:36:45","f2ee1198-32e0-43f5-ae07-df9efab033ed"
"7005afcb-1eca-4d10-a57a-1af92d1a9f6c","TOPIC_STEP","","SKYWAVE_PHASE_4_5","-7.0","16:38:02","","3bfcb373-15b3-40dc-a237-471e85d14d6a","","","","My first name is misspelled on my ticket","TOPIC_STEP","I have corrected the spelling on your ticket. Please review the updated itinerary.","","","","-7.0","16:38:00","6f4899ef-20e5-48a8-a40c-8950ae9283d6"
"7005afcb-1eca-4d10-a57a-1af92d1a9f6c","LLM_STEP","","SKYWAVE_PHASE_4_5","-7.0","16:38:04","","ec8435ac-f270-4bc9-aa0a-dd9e46360b75","","","","My first name is misspelled on my ticket","LLM_STEP","I have corrected the spelling on your ticket. Please review the updated itinerary.","","","3bfcb373-15b3-40dc-a237-471e85d14d6a","-7.0","16:38:02","6f4899ef-20e5-48a8-a40c-8950ae9283d6"
"6555f540-9b9d-4b4d-a67e-efcfeb3559b7","TOPIC_STEP","","SKYWAVE_PHASE_4_5","-7.0","16:41:47","","336b4982-167f-4055-a6bf-8bfc5d3d8e74","","","","Great, thank you!","TOPIC_STEP","You are welcome. Is there anything else I can help with?","","","","-7.0","16:41:45","91474760-c6fc-4b74-ae8e-116436039e8a"
"c9a467f3-e89a-475b-a66d-2413a3eb13b0","TOPIC_STEP","","SKYWAVE_PHASE_4_5","-7.0","16:42:40","","ca655543-c1da-49ab-a706-8159bc2a1df6","","","","I want to select seat 1A for my flight","TOPIC_STEP","I was unable to retrieve the seat map automatically and could not assign the seat.","","","","-7.0","16:42:38","478d3f46-00d9-49e1-ad51-d68882d86d93"
"c9a467f3-e89a-475b-a66d-2413a3eb13b0","LLM_STEP","","SKYWAVE_PHASE_4_5","-7.0","16:42:42","","4a5662d2-1e82-40b6-a128-e4566504d501","","","","I want to select seat 1A for my flight","LLM_STEP","I was unable to retrieve the seat map automatically and could not assign the seat.","","","ca655543-c1da-49ab-a706-8159bc2a1df6","-7.0","16:42:40","478d3f46-00d9-49e1-ad51-d68882d86d93"
"23060757-9c27-4a4e-aa73-e57589544bbb","TOPIC_STEP","","SKYWAVE_PHASE_4_5","-7.0","16:43:24","","406f035b-5880-4ae5-a147-9fd3b7844304","","","","This still is not working, I am frustrated.","TOPIC_STEP","I am sorry for the inconvenience. I was unable to resolve this for you.","","","","-7.0","16:43:22","b1ee6d93-fa67-40c3-a8d7-506e03a92f44"
"a3135d7c-b2b2-459e-ac0c-278f442e239c","TOPIC_STEP","","SKYWAVE_PHASE_4_5","-4.0","17:46:02","","9a01155d-1690-47e5-a9a1-8a890ea8775a","","","","Whats the weather like in Tokyo?","TOPIC_STEP","I can only help with flight bookings and Skywave loyalty questions.","","","","-4.0","17:46:00","87c12bd4-ae90-40ee-a69c-1e9fe20a81ab"
"a3135d7c-b2b2-459e-ac0c-278f442e239c","LLM_STEP","","SKYWAVE_PHASE_4_5","-4.0","17:46:04","","d685b1cd-4dbe-45b0-a431-3fceccd47cd7","","","","Whats the weather like in Tokyo?","LLM_STEP","I can only help with flight bookings and Skywave loyalty questions.","","","9a01155d-1690-47e5-a9a1-8a890ea8775a","-4.0","17:46:02","87c12bd4-ae90-40ee-a69c-1e9fe20a81ab"
"d54df476-dbb3-49f9-a232-f348d962761f","TOPIC_STEP","","SKYWAVE_PHASE_4_5","-4.0","17:47:17","","c14d486e-84bc-44c5-a4e8-44a994022109","","","","This still is not working, I am frustrated.","TOPIC_STEP","I am sorry for the inconvenience. I was unable to resolve this for you.","","","","-4.0","17:47:15","405f7201-0634-406f-a8f9-f089aaafa4fb"
"8f28643b-8f7f-4398-a891-d851a3ef35bb","TOPIC_STEP","","SKYWAVE_PHASE_4_5","-3.0","11:33:02","","4595173e-6767-40bd-a8e1-944ad7361143","","","","Please correct my last name on booking ABC123","TOPIC_STEP","I have updated the passenger name on booking ABC123. A confirmation has been sent.","","","","-3.0","11:33:00","930e4e76-9c27-4baf-abd9-bfbde96723a8"
"8f28643b-8f7f-4398-a891-d851a3ef35bb","LLM_STEP","","SKYWAVE_PHASE_4_5","-3.0","11:33:04","","47804437-a174-4b57-a06c-c866bc403be0","","","","Please correct my last name on booking ABC123","LLM_STEP","I have updated the passenger name on booking ABC123. A confirmation has been sent.","","","4595173e-6767-40bd-a8e1-944ad7361143","-3.0","11:33:02","930e4e76-9c27-4baf-abd9-bfbde96723a8"
"879051e1-e561-412e-a503-ffe5c1f54901","TOPIC_STEP","","SKYWAVE_PHASE_4_5","-3.0","11:33:58","","60f72a46-9c98-44b4-a2fc-28c263a8c6c6","","","","Great, thank you!","TOPIC_STEP","You are welcome. Is there anything else I can help with?","","","","-3.0","11:33:56","beb2a45b-d2fb-429f-ae11-6aba971f6b2f"
"d821867a-21f9-4bca-a9e0-e60fa7ca51e5","TOPIC_STEP","","SKYWAVE_PHASE_4_5","-2.0","09:42:02","","eef19a0d-cc0f-452d-ac76-6dd6a06b90c1","","","","What is my tier status?","TOPIC_STEP","You are Gold tier with 14,200 qualifying points this year.","","","","-2.0","09:42:00","6765739d-b211-43d2-a6b8-d672d81cbb5e"
"d821867a-21f9-4bca-a9e0-e60fa7ca51e5","LLM_STEP","","SKYWAVE_PHASE_4_5","-2.0","09:42:04","","c0667fcc-3579-408b-aed3-388f069243d9","","","","What is my tier status?","LLM_STEP","You are Gold tier with 14,200 qualifying points this year.","","","eef19a0d-cc0f-452d-ac76-6dd6a06b90c1","-2.0","09:42:02","6765739d-b211-43d2-a6b8-d672d81cbb5e"
"8bf1ffaf-89e1-46da-aa3b-9507756c7b1d","TOPIC_STEP","","SKYWAVE_PHASE_4_5","-2.0","09:46:46","","173b9838-84fc-44ee-ab99-f49aad82dbee","","","","Great, thank you!","TOPIC_STEP","You are welcome. Is there anything else I can help with?","","","","-2.0","09:46:44","cc77ddf3-e68b-4320-abd7-3768a97311bd"
"075193ee-d477-4ad8-abca-cc84ead4b5a5","TOPIC_STEP","","SKYWAVE_PHASE_4_5","-2.0","09:47:45","","23068157-a33d-4850-a303-9cf0751998e0","","","","Tell me a joke","TOPIC_STEP","I am a Skywave booking assistant. How can I help with your travel?","","","","-2.0","09:47:43","bd609224-cbe7-4a6a-a130-35df2be7359a"
"075193ee-d477-4ad8-abca-cc84ead4b5a5","LLM_STEP","","SKYWAVE_PHASE_4_5","-2.0","09:47:47","","dc8fe1ab-9aa3-439d-a20f-3f6aebb3b86f","","","","Tell me a joke","LLM_STEP","I am a Skywave booking assistant. How can I help with your travel?","","","23068157-a33d-4850-a303-9cf0751998e0","-2.0","09:47:45","bd609224-cbe7-4a6a-a130-35df2be7359a"
"2da071cd-5570-4a75-a40d-9d86bf69e2e9","TOPIC_STEP","","SKYWAVE_PHASE_4_5","-2.0","09:52:06","","afd84e80-927d-48dd-a421-167d5e36fd8f","","","","Okay.","TOPIC_STEP","Understood. Anything else I can help with?","","","","-2.0","09:52:04","469500dc-dcf7-4b73-a7c3-e49f55d24f9f"
"1d499dcc-4515-4225-a77a-f8d1e85b0b7a","TOPIC_STEP","","SKYWAVE_PHASE_4_5","-10.0","19:36:02","","e56a164a-d616-4309-a681-2cf5e447772c","","","","Show me my upcoming bookings","TOPIC_STEP","You have one upcoming booking — LH 1927 BER-MUC-SFO, confirmed.","","","","-10.0","19:36:00","f2a3672c-7194-48cb-abb8-005be0120fc8"
"1d499dcc-4515-4225-a77a-f8d1e85b0b7a","LLM_STEP","","SKYWAVE_PHASE_4_5","-10.0","19:36:04","","e19e91ed-aea5-41d5-ae53-3689b0448361","","","","Show me my upcoming bookings","LLM_STEP","You have one upcoming booking — LH 1927 BER-MUC-SFO, confirmed.","","","e56a164a-d616-4309-a681-2cf5e447772c","-10.0","19:36:02","f2a3672c-7194-48cb-abb8-005be0120fc8"
"a15ac5ea-5dec-4216-acc0-c296de0a6c4d","TOPIC_STEP","","SKYWAVE_PHASE_4_5","-10.0","19:40:41","","5aa76f31-b093-439a-ad1c-82a3375c8c1f","","","","Great, thank you!","TOPIC_STEP","You are welcome. Is there anything else I can help with?","","","","-10.0","19:40:39","07ee874b-1125-48eb-a4ca-6094384dd857"
"5b0b655c-4e9e-4fc0-a5b4-5b6e9b55b03a","TOPIC_STEP","","SKYWAVE_PHASE_4_5","-10.0","19:41:21","","0f21e72d-0e01-43ae-a04d-e6400637d424","","","","Please correct my last name on booking ABC123","TOPIC_STEP","I have updated the passenger name on booking ABC123. A confirmation has been sent.","","","","-10.0","19:41:19","0ee6543f-3058-4034-a935-a255e54f8d0d"
"5b0b655c-4e9e-4fc0-a5b4-5b6e9b55b03a","LLM_STEP","","SKYWAVE_PHASE_4_5","-10.0","19:41:23","","5f7a793b-3789-4352-a004-44db90614111","","","","Please correct my last name on booking ABC123","LLM_STEP","I have updated the passenger name on booking ABC123. A confirmation has been sent.","","","0f21e72d-0e01-43ae-a04d-e6400637d424","-10.0","19:41:21","0ee6543f-3058-4034-a935-a255e54f8d0d"
"8d19da3b-0e26-4d6e-a54e-ff9a42034da5","TOPIC_STEP","","SKYWAVE_PHASE_4_5","-10.0","19:44:37","","c980c24f-4824-421e-a910-9acaad015992","","","","Great, thank you!","TOPIC_STEP","You are welcome. Is there anything else I can help with?","","","","-10.0","19:44:35","c093c38d-cab9-4d54-aaa6-3af23df21e22"
"2656196c-9931-4525-a507-f0d59fe25215","TOPIC_STEP","","SKYWAVE_PHASE_4_5","-10.0","18:20:02","","2dcbfbe5-793e-4224-ab94-4cec421411e0","","","","My in-flight wifi did not work, I want a refund","TOPIC_STEP","I have logged your complaint as case 00012346. A refund will be processed.","","","","-10.0","18:20:00","493cc635-2164-40a3-ad65-b78a738fcbe0"
"2656196c-9931-4525-a507-f0d59fe25215","LLM_STEP","","SKYWAVE_PHASE_4_5","-10.0","18:20:04","","e7b96183-0052-4f46-a033-6986cd8b798f","","","","My in-flight wifi did not work, I want a refund","LLM_STEP","I have logged your complaint as case 00012346. A refund will be processed.","","","2dcbfbe5-793e-4224-ab94-4cec421411e0","-10.0","18:20:02","493cc635-2164-40a3-ad65-b78a738fcbe0"
"64d76e2a-1453-4d16-af4a-e3bbeb6de2f4","TOPIC_STEP","","SKYWAVE_PHASE_4_5","-10.0","18:22:19","","226d3305-1db1-4a75-a418-bfbf6e8c55c7","","","","Okay.","TOPIC_STEP","Understood. Anything else I can help with?","","","","-10.0","18:22:17","e8866111-e83c-4b53-a54c-8d9933d448bf"
"2ea5ca62-caf1-412d-aa8b-c2a60d566de4","TOPIC_STEP","","SKYWAVE_PHASE_4_5","-13.0","08:55:02","","f516bbbd-4f4f-4983-a6c8-40b5e37f14e0","","","","Please correct my last name on booking ABC123","TOPIC_STEP","I have updated the passenger name on booking ABC123. A confirmation has been sent.","","","","-13.0","08:55:00","df3125bf-325d-4aef-ac45-56d5e516e32d"
"2ea5ca62-caf1-412d-aa8b-c2a60d566de4","LLM_STEP","","SKYWAVE_PHASE_4_5","-13.0","08:55:04","","813f68ea-a414-4fad-a7cf-2d66c3cdaee5","","","","Please correct my last name on booking ABC123","LLM_STEP","I have updated the passenger name on booking ABC123. A confirmation has been sent.","","","f516bbbd-4f4f-4983-a6c8-40b5e37f14e0","-13.0","08:55:02","df3125bf-325d-4aef-ac45-56d5e516e32d"
"78392cd2-e682-4574-a18e-98501509859c","TOPIC_STEP","","SKYWAVE_PHASE_4_5","-13.0","08:55:40","","47db68e1-f0c0-4bdf-a3b1-3990536ed7af","","","","Great, thank you!","TOPIC_STEP","You are welcome. Is there anything else I can help with?","","","","-13.0","08:55:38","a4c7701e-12e8-409e-a7a7-cbc3b2850df3"
"1f1932c4-1534-47ad-a3ac-9948cd764120","TOPIC_STEP","","SKYWAVE_PHASE_4_5","-8.0","13:03:02","","8178ed07-190d-461c-ac58-724ab7c453c6","","","","I lost my luggage in Munich last week, can you help?","TOPIC_STEP","I have created case 00012345 for your lost luggage. We will contact you within 24 hours.","","","","-8.0","13:03:00","badea7d2-4917-4f2a-a22d-ba2693f35500"
"1f1932c4-1534-47ad-a3ac-9948cd764120","LLM_STEP","","SKYWAVE_PHASE_4_5","-8.0","13:03:04","","f45feb82-55d1-448a-a2f6-898daccc07e3","","","","I lost my luggage in Munich last week, can you help?","LLM_STEP","I have created case 00012345 for your lost luggage. We will contact you within 24 hours.","","","8178ed07-190d-461c-ac58-724ab7c453c6","-8.0","13:03:02","badea7d2-4917-4f2a-a22d-ba2693f35500"
"2de145b1-f5ad-4357-a806-2e2efc28b78f","TOPIC_STEP","","SKYWAVE_PHASE_4_5","-8.0","13:03:57","","bf825ab7-936f-45c0-a5c3-8b374943e918","","","","Okay.","TOPIC_STEP","Understood. Anything else I can help with?","","","","-8.0","13:03:55","e558197e-6fff-41a3-a246-689ff7d65a63"
"e0b14e43-82f8-4200-a686-4782598e0ba2","TOPIC_STEP","","SKYWAVE_PHASE_4_5","-4.0","17:33:02","","a5791867-247b-4484-ac8a-36995da0e140","","","","How many miles do I have?","TOPIC_STEP","You currently have 18,450 SkyWave miles. You are at Premier tier.","","","","-4.0","17:33:00","964f4144-6737-4304-abe3-d74849987af9"
"e0b14e43-82f8-4200-a686-4782598e0ba2","LLM_STEP","","SKYWAVE_PHASE_4_5","-4.0","17:33:04","","009f1bbd-092b-4b31-a066-8fad223b8688","","","","How many miles do I have?","LLM_STEP","You currently have 18,450 SkyWave miles. You are at Premier tier.","","","a5791867-247b-4484-ac8a-36995da0e140","-4.0","17:33:02","964f4144-6737-4304-abe3-d74849987af9"
"ef78b928-517a-4413-a5e8-8bad4dae2140","TOPIC_STEP","","SKYWAVE_PHASE_4_5","-4.0","17:33:44","","5da39f8e-7c3d-457a-a21e-f27178d91bc4","","","","Great, thank you!","TOPIC_STEP","You are welcome. Is there anything else I can help with?","","","","-4.0","17:33:42","622ebe58-70fe-44e9-af75-d74679eb1bd3"
"083c0bc1-0edc-4615-a2e2-d640a6371200","TOPIC_STEP","","SKYWAVE_PHASE_4_5","-9.0","11:59:02","","8467d9be-8c13-4dda-a138-26086f08f201","","","","Tell me a joke","TOPIC_STEP","I am a Skywave booking assistant. How can I help with your travel?","","","","-9.0","11:59:00","58dd3cf2-7a86-4dea-a991-46fa78409037"
"083c0bc1-0edc-4615-a2e2-d640a6371200","LLM_STEP","","SKYWAVE_PHASE_4_5","-9.0","11:59:04","","b1f6dd37-781f-42b6-af5b-e83c50d27cf3","","","","Tell me a joke","LLM_STEP","I am a Skywave booking assistant. How can I help with your travel?","","","8467d9be-8c13-4dda-a138-26086f08f201","-9.0","11:59:02","58dd3cf2-7a86-4dea-a991-46fa78409037"
"4d4188e0-566e-471d-adf0-ff2d579f0406","TOPIC_STEP","","SKYWAVE_PHASE_4_5","-9.0","11:59:49","","c885091f-12d5-462d-a3aa-e2b4f46dd75c","","","","This still is not working, I am frustrated.","TOPIC_STEP","I am sorry for the inconvenience. I was unable to resolve this for you.","","","","-9.0","11:59:47","333c1b51-faa2-4be4-a1a2-0abfe20e36c7"
"6e433a5a-d01e-42b5-a76a-337238fe78d8","TOPIC_STEP","","SKYWAVE_PHASE_4_5","-6.0","08:14:02","","37dd8a00-cdf9-4c08-a7cc-72ddf97871ff","","","","I want to change my seat to a window seat","TOPIC_STEP","Sorry, I am unable to change your seat right now. Please try again later.","","","","-6.0","08:14:00","35aa65fb-081f-4157-a31e-7c44d4169005"
"6e433a5a-d01e-42b5-a76a-337238fe78d8","LLM_STEP","","SKYWAVE_PHASE_4_5","-6.0","08:14:04","","31872816-9cbb-46db-a4de-f578ac32814e","","","","I want to change my seat to a window seat","LLM_STEP","Sorry, I am unable to change your seat right now. Please try again later.","","","37dd8a00-cdf9-4c08-a7cc-72ddf97871ff","-6.0","08:14:02","35aa65fb-081f-4157-a31e-7c44d4169005"
"82396430-5262-4ae7-a57f-e3d86a73eb30","TOPIC_STEP","","SKYWAVE_PHASE_4_5","-6.0","08:15:56","","c577b821-2b09-47c9-a4f9-5cc3f664019f","","","","This still is not working, I am frustrated.","TOPIC_STEP","I am sorry for the inconvenience. I was unable to resolve this for you.","","","","-6.0","08:15:54","dcbd3cf4-afb6-4c33-a527-2917f254dc14"
"bca3b102-5763-4374-a032-59aadfaba682","TOPIC_STEP","","SKYWAVE_PHASE_4_5","-9.0","17:16:02","","2f8b5068-bb05-408e-a8ee-9c23d4f653c9","","","","What is my tier status?","TOPIC_STEP","You are Gold tier with 14,200 qualifying points this year.","","","","-9.0","17:16:00","05b18232-4001-4478-a88d-e3ad13dd4fca"
"bca3b102-5763-4374-a032-59aadfaba682","LLM_STEP","","SKYWAVE_PHASE_4_5","-9.0","17:16:04","","e2c83323-9c33-418a-a1d7-c7fa84d3ea2c","","","","What is my tier status?","LLM_STEP","You are Gold tier with 14,200 qualifying points this year.","","","2f8b5068-bb05-408e-a8ee-9c23d4f653c9","-9.0","17:16:02","05b18232-4001-4478-a88d-e3ad13dd4fca"
"37d292ff-1a04-4f0a-ab06-68d191107ab1","TOPIC_STEP","","SKYWAVE_PHASE_4_5","-9.0","17:16:37","","94673c11-6297-4cde-a722-1b15abfdba03","","","","Great, thank you!","TOPIC_STEP","You are welcome. Is there anything else I can help with?","","","","-9.0","17:16:35","6c30b2bc-c841-4349-a751-c07b406ab552"
"3a5bd216-9131-4241-a85b-6cea48eecd5d","TOPIC_STEP","","SKYWAVE_PHASE_4_5","-8.0","08:37:02","","484f88d3-13c6-4b36-a299-3d9797444374","","","","Cancel my booking ABC123","TOPIC_STEP","I have cancelled booking ABC123. A refund of $480 will be issued.","","","","-8.0","08:37:00","16caa0eb-895a-419d-ad97-5364069003f7"
"3a5bd216-9131-4241-a85b-6cea48eecd5d","LLM_STEP","","SKYWAVE_PHASE_4_5","-8.0","08:37:04","","e448797d-1f13-4003-a89a-c18d260275ff","","","","Cancel my booking ABC123","LLM_STEP","I have cancelled booking ABC123. A refund of $480 will be issued.","","","484f88d3-13c6-4b36-a299-3d9797444374","-8.0","08:37:02","16caa0eb-895a-419d-ad97-5364069003f7"
"b5962b53-4d65-4c88-a82d-01d5135dd7e9","TOPIC_STEP","","SKYWAVE_PHASE_4_5","-8.0","08:38:14","","19d23923-41ff-4ce7-a3da-7bb9a099a33a","","","","Great, thank you!","TOPIC_STEP","You are welcome. Is there anything else I can help with?","","","","-8.0","08:38:12","2b97f5a6-32c9-44ac-ab0e-ea80f46aebe7"
"ef4f4c66-162c-413d-a0c2-484f2ca13987","TOPIC_STEP","","SKYWAVE_PHASE_4_5","-8.0","08:38:52","","8473a8db-dd17-4794-a0db-1d06296d18f1","","","","How many miles do I have?","TOPIC_STEP","You currently have 18,450 SkyWave miles. You are at Premier tier.","","","","-8.0","08:38:50","0adeb8b2-1199-491a-a457-03468636f8af"
"ef4f4c66-162c-413d-a0c2-484f2ca13987","LLM_STEP","","SKYWAVE_PHASE_4_5","-8.0","08:38:54","","4953417d-0dd5-4280-a485-c2df2bf48c2f","","","","How many miles do I have?","LLM_STEP","You currently have 18,450 SkyWave miles. You are at Premier tier.","","","8473a8db-dd17-4794-a0db-1d06296d18f1","-8.0","08:38:52","0adeb8b2-1199-491a-a457-03468636f8af"
"f79fe719-16e9-40ce-a1c1-a370c1ca762b","TOPIC_STEP","","SKYWAVE_PHASE_4_5","-8.0","08:39:37","","fca22702-e1e2-48d9-a740-d33ef37ba913","","","","Great, thank you!","TOPIC_STEP","You are welcome. Is there anything else I can help with?","","","","-8.0","08:39:35","02025e92-3d2a-49fd-a966-e052a37c6ee8"
"04a2a976-5ac6-4137-ae5b-ecf1ba40fbf2","TOPIC_STEP","","SKYWAVE_PHASE_4_5","-8.0","08:40:46","","835fb9d4-e1d8-455e-abb5-753061af63a4","","","","Find flights from JFK to HND tomorrow","TOPIC_STEP","I found 4 flights for that route. The cheapest is SW1200 at 1pm for $1,280.","","","","-8.0","08:40:44","73a2f2a2-eff4-4de5-a305-edc45517896a"
"04a2a976-5ac6-4137-ae5b-ecf1ba40fbf2","LLM_STEP","","SKYWAVE_PHASE_4_5","-8.0","08:40:48","","a6149470-f1a4-405f-a756-b149fe13e88d","","","","Find flights from JFK to HND tomorrow","LLM_STEP","I found 4 flights for that route. The cheapest is SW1200 at 1pm for $1,280.","","","835fb9d4-e1d8-455e-abb5-753061af63a4","-8.0","08:40:46","73a2f2a2-eff4-4de5-a305-edc45517896a"
"82aeda41-3b43-463e-a7a4-f47b6cca5bc6","TOPIC_STEP","","SKYWAVE_PHASE_4_5","-8.0","08:41:41","","775d520a-14f3-4b6c-ad46-b59cafc31393","","","","Great, thank you!","TOPIC_STEP","You are welcome. Is there anything else I can help with?","","","","-8.0","08:41:39","7e305203-f6fb-461e-ab57-242e5ca083b4"
"88c1cff8-31ca-4bf1-ae1e-5030ee2bf733","TOPIC_STEP","","SKYWAVE_PHASE_4_5","-1.0","08:45:02","","2fcdef39-36b6-48ef-aa5b-3160e83cb382","","","","My in-flight wifi did not work, I want a refund","TOPIC_STEP","I have logged your complaint as case 00012346. A refund will be processed.","","","","-1.0","08:45:00","5c88c037-4478-4a5f-aa18-7b7c052d258b"
"88c1cff8-31ca-4bf1-ae1e-5030ee2bf733","LLM_STEP","","SKYWAVE_PHASE_4_5","-1.0","08:45:04","","2c49f399-3fba-48ff-aa60-7e0b197e4952","","","","My in-flight wifi did not work, I want a refund","LLM_STEP","I have logged your complaint as case 00012346. A refund will be processed.","","","2fcdef39-36b6-48ef-aa5b-3160e83cb382","-1.0","08:45:02","5c88c037-4478-4a5f-aa18-7b7c052d258b"
"e881c542-dde2-44dc-abf0-83a8fc5d0d2e","TOPIC_STEP","","SKYWAVE_PHASE_4_5","-1.0","08:49:25","","c2d12dab-f7b8-40db-a8af-412732caa72b","","","","Okay.","TOPIC_STEP","Understood. Anything else I can help with?","","","","-1.0","08:49:23","ee6d72ed-3c86-4375-aa43-185e4e1037d0"
"20aea23c-3839-4130-a8c9-8aee7c8067f8","TOPIC_STEP","","SKYWAVE_PHASE_4_5","-1.0","08:51:46","","fa8c48ed-accc-41b0-a24c-85c7277c6f12","","","","Show me my upcoming bookings","TOPIC_STEP","You have one upcoming booking — LH 1927 BER-MUC-SFO, confirmed.","","","","-1.0","08:51:44","9f47e646-a579-4cfd-a159-d95801247cde"
"20aea23c-3839-4130-a8c9-8aee7c8067f8","LLM_STEP","","SKYWAVE_PHASE_4_5","-1.0","08:51:48","","94cafa28-2e79-4870-adbe-887f3f298e6b","","","","Show me my upcoming bookings","LLM_STEP","You have one upcoming booking — LH 1927 BER-MUC-SFO, confirmed.","","","fa8c48ed-accc-41b0-a24c-85c7277c6f12","-1.0","08:51:46","9f47e646-a579-4cfd-a159-d95801247cde"
"e6aa291b-34e0-4224-a9c1-c918f30b166b","TOPIC_STEP","","SKYWAVE_PHASE_4_5","-1.0","08:52:57","","4f6a296e-8af4-4fa8-aacc-55fb55aff598","","","","Great, thank you!","TOPIC_STEP","You are welcome. Is there anything else I can help with?","","","","-1.0","08:52:55","22489d7d-5ab2-4a39-ac02-362fa1b1dc39"
"36291813-861f-461c-a49c-f91a9a5f0936","TOPIC_STEP","","SKYWAVE_PHASE_4_5","-8.0","19:11:02","","7556cba6-25d0-40d6-a6bd-dc94060df8a1","","","","I lost my luggage in Munich last week, can you help?","TOPIC_STEP","I have created case 00012345 for your lost luggage. We will contact you within 24 hours.","","","","-8.0","19:11:00","cb358a28-bcba-417d-aa16-74a585be27d6"
"36291813-861f-461c-a49c-f91a9a5f0936","LLM_STEP","","SKYWAVE_PHASE_4_5","-8.0","19:11:04","","cd0d6273-4fce-4643-ab03-ef7672abdbaf","","","","I lost my luggage in Munich last week, can you help?","LLM_STEP","I have created case 00012345 for your lost luggage. We will contact you within 24 hours.","","","7556cba6-25d0-40d6-a6bd-dc94060df8a1","-8.0","19:11:02","cb358a28-bcba-417d-aa16-74a585be27d6"
"76f3e656-7d87-4055-a712-de182adb09f4","TOPIC_STEP","","SKYWAVE_PHASE_4_5","-8.0","19:11:23","","3f1cb4b2-2d99-430f-a7c5-cdfa2a9d6b63","","","","Great, thank you!","TOPIC_STEP","You are welcome. Is there anything else I can help with?","","","","-8.0","19:11:21","e609770f-9366-49fc-aae7-a3a9dbe7be0e"
"7a2fb600-1844-40a4-a4ad-be544e2bc766","TOPIC_STEP","","SKYWAVE_PHASE_4_5","-8.0","19:12:26","","8c4177f9-6732-4625-ad53-b8b5ab87014c","","","","How many miles do I have?","TOPIC_STEP","You currently have 18,450 SkyWave miles. You are at Premier tier.","","","","-8.0","19:12:24","b6e9beb9-1f88-407c-aef8-b006e7207bb0"
"7a2fb600-1844-40a4-a4ad-be544e2bc766","LLM_STEP","","SKYWAVE_PHASE_4_5","-8.0","19:12:28","","b6f7e964-29cf-4119-ad43-a57553be706a","","","","How many miles do I have?","LLM_STEP","You currently have 18,450 SkyWave miles. You are at Premier tier.","","","8c4177f9-6732-4625-ad53-b8b5ab87014c","-8.0","19:12:26","b6e9beb9-1f88-407c-aef8-b006e7207bb0"
"d422b9ff-ea46-4612-a71d-cd7d4b2585b8","TOPIC_STEP","","SKYWAVE_PHASE_4_5","-8.0","19:13:27","","835b9ca3-35ae-4cf1-a259-279d44bef5c8","","","","Great, thank you!","TOPIC_STEP","You are welcome. Is there anything else I can help with?","","","","-8.0","19:13:25","37b93976-4231-43ee-a1f8-f74e41fa23e7"
"25949e3d-5c5a-488a-af94-60e63fcd8305","TOPIC_STEP","","SKYWAVE_PHASE_4_5","-11.0","14:38:02","","ab4a02a8-4579-4811-aadc-6ad7865ee8d2","","","","Tell me a joke","TOPIC_STEP","I am a Skywave booking assistant. How can I help with your travel?","","","","-11.0","14:38:00","a19a3bd9-9ff1-4a40-a46b-b1be6d629ea0"
"25949e3d-5c5a-488a-af94-60e63fcd8305","LLM_STEP","","SKYWAVE_PHASE_4_5","-11.0","14:38:04","","12abbde9-8305-48aa-a523-92263818a01f","","","","Tell me a joke","LLM_STEP","I am a Skywave booking assistant. How can I help with your travel?","","","ab4a02a8-4579-4811-aadc-6ad7865ee8d2","-11.0","14:38:02","a19a3bd9-9ff1-4a40-a46b-b1be6d629ea0"
"9af54a9e-78d2-4737-ae68-3a47a4c07c2a","TOPIC_STEP","","SKYWAVE_PHASE_4_5","-11.0","14:38:26","","1b47c1f4-7352-4441-a2a4-2399b1361e61","","","","Okay.","TOPIC_STEP","Understood. Anything else I can help with?","","","","-11.0","14:38:24","dd53ea7e-7d24-4e56-a6f9-4f84ae145bea"
"33996d8b-1879-4092-aaae-2f3435ef6af3","TOPIC_STEP","","SKYWAVE_PHASE_4_5","-11.0","14:42:05","","bd706de8-2a01-4695-a444-8f4ab378d628","","","","How many miles do I have?","TOPIC_STEP","You currently have 18,450 SkyWave miles. You are at Premier tier.","","","","-11.0","14:42:03","d8ce1576-8ab5-4d6f-ab70-7badec0a488d"
"33996d8b-1879-4092-aaae-2f3435ef6af3","LLM_STEP","","SKYWAVE_PHASE_4_5","-11.0","14:42:07","","6a366ccd-bd33-4853-a7de-fa5057490da2","","","","How many miles do I have?","LLM_STEP","You currently have 18,450 SkyWave miles. You are at Premier tier.","","","bd706de8-2a01-4695-a444-8f4ab378d628","-11.0","14:42:05","d8ce1576-8ab5-4d6f-ab70-7badec0a488d"
"c1eaff79-ec1b-4caf-afbb-1717928e0fbd","TOPIC_STEP","","SKYWAVE_PHASE_4_5","-11.0","14:43:10","","58450051-8eb9-41b7-a6c2-df26c5748af9","","","","Great, thank you!","TOPIC_STEP","You are welcome. Is there anything else I can help with?","","","","-11.0","14:43:08","be1c626c-f8ba-4879-abae-7940abe7573a"
"4af55919-4caa-4c03-a050-19514deb912e","TOPIC_STEP","","SKYWAVE_PHASE_4_5","-11.0","14:43:28","","07f4cd75-61d1-4f5c-af6e-d2e0b7f9860a","","","","How many miles do I have?","TOPIC_STEP","You currently have 18,450 SkyWave miles. You are at Premier tier.","","","","-11.0","14:43:26","b6934434-a6a7-40d5-a524-ed4f6f7aa095"
"4af55919-4caa-4c03-a050-19514deb912e","LLM_STEP","","SKYWAVE_PHASE_4_5","-11.0","14:43:30","","c1b695cf-209f-4713-ace9-6fce04479f46","","","","How many miles do I have?","LLM_STEP","You currently have 18,450 SkyWave miles. You are at Premier tier.","","","07f4cd75-61d1-4f5c-af6e-d2e0b7f9860a","-11.0","14:43:28","b6934434-a6a7-40d5-a524-ed4f6f7aa095"
"9cd3886c-f4f7-4183-a173-9d55b56f9ef2","TOPIC_STEP","","SKYWAVE_PHASE_4_5","-11.0","14:44:35","","c5f127ba-28a6-4871-a899-4b99b3f5a1df","","","","Great, thank you!","TOPIC_STEP","You are welcome. Is there anything else I can help with?","","","","-11.0","14:44:33","4134d13b-c63c-4d8f-aebf-c111e2659429"
"f018cbbc-900c-4410-ac85-b3006d0fd678","TOPIC_STEP","","SKYWAVE_PHASE_4_5","-12.0","13:30:02","","a1f8eedb-8f2f-4fe3-ae98-6dd9d0bfbbf5","","","","I want to change my seat to a window seat","TOPIC_STEP","Sorry, I am unable to change your seat right now. Please try again later.","","","","-12.0","13:30:00","df03f548-d4c7-4b56-ab9a-583780e439f9"
"f018cbbc-900c-4410-ac85-b3006d0fd678","LLM_STEP","","SKYWAVE_PHASE_4_5","-12.0","13:30:04","","bd89ac5d-8bd8-42ba-a026-616099ccde8e","","","","I want to change my seat to a window seat","LLM_STEP","Sorry, I am unable to change your seat right now. Please try again later.","","","a1f8eedb-8f2f-4fe3-ae98-6dd9d0bfbbf5","-12.0","13:30:02","df03f548-d4c7-4b56-ab9a-583780e439f9"
"c24c55a4-1735-4319-a440-f39c2065d417","TOPIC_STEP","","SKYWAVE_PHASE_4_5","-12.0","13:30:29","","1fd67558-1e10-4859-a70b-91f29dfed5d8","","","","This still is not working, I am frustrated.","TOPIC_STEP","I am sorry for the inconvenience. I was unable to resolve this for you.","","","","-12.0","13:30:27","2d65f787-ae57-4c02-a5c7-6630858b419e"
"727da5e9-5890-4acb-ab43-038b3e1ac3e0","TOPIC_STEP","","SKYWAVE_PHASE_4_5","-12.0","15:16:02","","4ca9afbd-2fab-4d15-a7f0-9d7d123ea485","","","","Find flights from JFK to HND tomorrow","TOPIC_STEP","I found 4 flights for that route. The cheapest is SW1200 at 1pm for $1,280.","","","","-12.0","15:16:00","3af15c5c-d049-4743-a220-8854294c5f6d"
"727da5e9-5890-4acb-ab43-038b3e1ac3e0","LLM_STEP","","SKYWAVE_PHASE_4_5","-12.0","15:16:04","","e92801b1-89df-42f6-aa95-3695457c2d81","","","","Find flights from JFK to HND tomorrow","LLM_STEP","I found 4 flights for that route. The cheapest is SW1200 at 1pm for $1,280.","","","4ca9afbd-2fab-4d15-a7f0-9d7d123ea485","-12.0","15:16:02","3af15c5c-d049-4743-a220-8854294c5f6d"
"55dae72a-791e-4f95-ade6-c02c38288e03","TOPIC_STEP","","SKYWAVE_PHASE_4_5","-12.0","15:17:10","","9ef83c7d-e866-451f-ae79-cd856209aa92","","","","Great, thank you!","TOPIC_STEP","You are welcome. Is there anything else I can help with?","","","","-12.0","15:17:08","1136cca3-d85a-4865-adef-c70db0093621"
"a0c3d96f-4fdd-40eb-a822-64fe11715350","TOPIC_STEP","","SKYWAVE_PHASE_4_5","-12.0","15:17:55","","047d951e-a5ee-4356-a277-ff5e7330b0a4","","","","My in-flight wifi did not work, I want a refund","TOPIC_STEP","I have logged your complaint as case 00012346. A refund will be processed.","","","","-12.0","15:17:53","8824bdd2-cec3-4dba-a7eb-20d32203fefa"
"a0c3d96f-4fdd-40eb-a822-64fe11715350","LLM_STEP","","SKYWAVE_PHASE_4_5","-12.0","15:17:57","","64df5f22-c27f-4a8f-a76e-c60d7304d706","","","","My in-flight wifi did not work, I want a refund","LLM_STEP","I have logged your complaint as case 00012346. A refund will be processed.","","","047d951e-a5ee-4356-a277-ff5e7330b0a4","-12.0","15:17:55","8824bdd2-cec3-4dba-a7eb-20d32203fefa"
"24b60240-388e-4a53-a729-ddd0a394851a","TOPIC_STEP","","SKYWAVE_PHASE_4_5","-12.0","15:19:10","","3e574dc9-88cf-4419-a526-c19edba356ba","","","","Great, thank you!","TOPIC_STEP","You are welcome. Is there anything else I can help with?","","","","-12.0","15:19:08","577ed6df-79c8-46bf-a31f-1e6affa3c4e6"
"1ce3c869-f0a5-458b-a2be-77b22f7c3be4","TOPIC_STEP","","SKYWAVE_PHASE_4_5","-3.0","19:03:02","","d8d83e39-51b9-43d7-a4b9-b04f1f14a208","","","","My first name is misspelled on my ticket","TOPIC_STEP","I have corrected the spelling on your ticket. Please review the updated itinerary.","","","","-3.0","19:03:00","56bd7f33-b463-4708-a99f-642600e314b5"
"1ce3c869-f0a5-458b-a2be-77b22f7c3be4","LLM_STEP","","SKYWAVE_PHASE_4_5","-3.0","19:03:04","","41a946d8-0e2e-4c4d-ab27-a1d687b68af4","","","","My first name is misspelled on my ticket","LLM_STEP","I have corrected the spelling on your ticket. Please review the updated itinerary.","","","d8d83e39-51b9-43d7-a4b9-b04f1f14a208","-3.0","19:03:02","56bd7f33-b463-4708-a99f-642600e314b5"
"32fd5d11-62cd-4603-a549-eed31f0a4ef8","TOPIC_STEP","","SKYWAVE_PHASE_4_5","-3.0","19:04:17","","f13585ab-ef49-4e66-a851-e6ad923dcd1a","","","","Great, thank you!","TOPIC_STEP","You are welcome. Is there anything else I can help with?","","","","-3.0","19:04:15","783b3ac6-22e9-473a-ad60-19b4fa5f572e"
"e6f47f7a-361f-42ae-acc7-0a2d7e5628bd","TOPIC_STEP","","SKYWAVE_PHASE_4_5","-8.0","09:40:02","","4a596303-f76d-4dcb-ab68-93d3f686bdfd","","","","Tell me a joke","TOPIC_STEP","I am a Skywave booking assistant. How can I help with your travel?","","","","-8.0","09:40:00","28e6f7cc-309c-4d6b-a1a5-7b74b6fd9b74"
"e6f47f7a-361f-42ae-acc7-0a2d7e5628bd","LLM_STEP","","SKYWAVE_PHASE_4_5","-8.0","09:40:04","","1651f948-c7e6-4560-a4ee-d704c128f459","","","","Tell me a joke","LLM_STEP","I am a Skywave booking assistant. How can I help with your travel?","","","4a596303-f76d-4dcb-ab68-93d3f686bdfd","-8.0","09:40:02","28e6f7cc-309c-4d6b-a1a5-7b74b6fd9b74"
"782043e1-2689-4369-a036-8cf8264ab5ca","TOPIC_STEP","","SKYWAVE_PHASE_4_5","-8.0","09:40:25","","b3bc738f-a812-434d-a880-bf68bd7aa023","","","","This still is not working, I am frustrated.","TOPIC_STEP","I am sorry for the inconvenience. I was unable to resolve this for you.","","","","-8.0","09:40:23","4abb0469-9f8e-4793-af16-4f2458583779"
"a09c1b4e-bb0a-4848-a9ea-6aca4a399e8e","TOPIC_STEP","","SKYWAVE_PHASE_4_5","-11.0","08:57:02","","c02c1cac-55e7-4a3d-ab79-6316e9587e24","","","","I lost my luggage in Munich last week, can you help?","TOPIC_STEP","I have created case 00012345 for your lost luggage. We will contact you within 24 hours.","","","","-11.0","08:57:00","7f5692bf-038d-431b-ac8e-59ec08f89488"
"a09c1b4e-bb0a-4848-a9ea-6aca4a399e8e","LLM_STEP","","SKYWAVE_PHASE_4_5","-11.0","08:57:04","","5b8c5093-3121-4c8b-aeac-67730598d223","","","","I lost my luggage in Munich last week, can you help?","LLM_STEP","I have created case 00012345 for your lost luggage. We will contact you within 24 hours.","","","c02c1cac-55e7-4a3d-ab79-6316e9587e24","-11.0","08:57:02","7f5692bf-038d-431b-ac8e-59ec08f89488"
"d2772a31-67de-4e52-a92a-a5beb7a90a79","TOPIC_STEP","","SKYWAVE_PHASE_4_5","-11.0","09:02:01","","7c92f7fa-6e67-4907-a06b-b10984fd8952","","","","Great, thank you!","TOPIC_STEP","You are welcome. Is there anything else I can help with?","","","","-11.0","09:01:59","0c333725-054b-4d6c-a97f-16e5d0224e52"
"d4cc8e46-ef75-46c9-a897-ed8215f81fdb","TOPIC_STEP","","SKYWAVE_PHASE_4_5","-11.0","09:03:45","","6a4911e5-2504-4aed-a9cd-7421240d016c","","","","My first name is misspelled on my ticket","TOPIC_STEP","I have corrected the spelling on your ticket. Please review the updated itinerary.","","","","-11.0","09:03:43","35ac6539-e6e8-4d1f-a03a-4caf4ac770bb"
"d4cc8e46-ef75-46c9-a897-ed8215f81fdb","LLM_STEP","","SKYWAVE_PHASE_4_5","-11.0","09:03:47","","18be8175-e0d3-4b70-a4cc-49e60a301b40","","","","My first name is misspelled on my ticket","LLM_STEP","I have corrected the spelling on your ticket. Please review the updated itinerary.","","","6a4911e5-2504-4aed-a9cd-7421240d016c","-11.0","09:03:45","35ac6539-e6e8-4d1f-a03a-4caf4ac770bb"
"368763e5-f8d6-46f2-a6b4-0cf446399526","TOPIC_STEP","","SKYWAVE_PHASE_4_5","-11.0","09:04:51","","5a21ad55-7ac3-43f1-ab91-7e4c51ab4923","","","","Great, thank you!","TOPIC_STEP","You are welcome. Is there anything else I can help with?","","","","-11.0","09:04:49","4fbc9a23-1b94-4606-a79c-968c1c7b4219"
"beba6954-9028-4883-acae-a2ea389f9536","TOPIC_STEP","","SKYWAVE_PHASE_4_5","-11.0","09:05:57","","4b32b3e6-16ea-4b83-a218-8ab2d945a5f5","","","","I want to change my seat to a window seat","TOPIC_STEP","Sorry, I am unable to change your seat right now. Please try again later.","","","","-11.0","09:05:55","b0ddaac9-1784-4320-a7f0-447559ec5c01"
"beba6954-9028-4883-acae-a2ea389f9536","LLM_STEP","","SKYWAVE_PHASE_4_5","-11.0","09:05:59","","d1c66001-5c79-4745-ac10-4ebcef3b2a8d","","","","I want to change my seat to a window seat","LLM_STEP","Sorry, I am unable to change your seat right now. Please try again later.","","","4b32b3e6-16ea-4b83-a218-8ab2d945a5f5","-11.0","09:05:57","b0ddaac9-1784-4320-a7f0-447559ec5c01"
"e0ec56f8-bd68-4525-a183-5d9d0720fc25","TOPIC_STEP","","SKYWAVE_PHASE_4_5","-11.0","09:08:32","","23cb2ce5-ff9f-49a9-ad18-1f79d15ea950","","","","This still is not working, I am frustrated.","TOPIC_STEP","I am sorry for the inconvenience. I was unable to resolve this for you.","","","","-11.0","09:08:30","06ca84d3-33a6-4a33-ac48-a95c7f45167c"
"44fd3617-25cc-4982-a3a4-52f1bdc266ba","TOPIC_STEP","","SKYWAVE_PHASE_4_5","-7.0","18:44:02","","ddf1eb3f-096f-424c-a64e-9c56abe10ff1","","","","Tell me a joke","TOPIC_STEP","I am a Skywave booking assistant. How can I help with your travel?","","","","-7.0","18:44:00","126725fe-50e1-49a5-a8cf-48728eff65c1"
"44fd3617-25cc-4982-a3a4-52f1bdc266ba","LLM_STEP","","SKYWAVE_PHASE_4_5","-7.0","18:44:04","","ccbb6361-5aa5-465a-ad02-09cdf8d617c6","","","","Tell me a joke","LLM_STEP","I am a Skywave booking assistant. How can I help with your travel?","","","ddf1eb3f-096f-424c-a64e-9c56abe10ff1","-7.0","18:44:02","126725fe-50e1-49a5-a8cf-48728eff65c1"
"9e9a9029-7079-488d-ad55-1ef2b343473b","TOPIC_STEP","","SKYWAVE_PHASE_4_5","-7.0","18:44:45","","05e941aa-6432-4130-a0c2-87cfe140eaf7","","","","Okay.","TOPIC_STEP","Understood. Anything else I can help with?","","","","-7.0","18:44:43","fa2e32eb-c991-4264-a8a4-483f9d38fa3f"
"dfeb96a9-d2de-4004-aa17-178e6d0c0ce8","TOPIC_STEP","","SKYWAVE_PHASE_4_5","-6.0","19:10:02","","8ce1f1a2-9753-4989-aaec-f0a298bf7e35","","","","What is my tier status?","TOPIC_STEP","You are Gold tier with 14,200 qualifying points this year.","","","","-6.0","19:10:00","b1a1a364-bb9a-4a4f-a69d-c6e490df6ce2"
"dfeb96a9-d2de-4004-aa17-178e6d0c0ce8","LLM_STEP","","SKYWAVE_PHASE_4_5","-6.0","19:10:04","","4eb9b233-f752-4062-a2cb-2cac61e46fb0","","","","What is my tier status?","LLM_STEP","You are Gold tier with 14,200 qualifying points this year.","","","8ce1f1a2-9753-4989-aaec-f0a298bf7e35","-6.0","19:10:02","b1a1a364-bb9a-4a4f-a69d-c6e490df6ce2"
"9f65838b-d3d9-43aa-acd9-d35d61faf9a2","TOPIC_STEP","","SKYWAVE_PHASE_4_5","-6.0","19:13:53","","82a99d27-7b15-4369-a14e-f98e19887f41","","","","Great, thank you!","TOPIC_STEP","You are welcome. Is there anything else I can help with?","","","","-6.0","19:13:51","89eddd03-c7fe-4f7c-abcb-c994afe0240e"
"dd1c6452-49ce-4ad0-a585-ded4a829d827","TOPIC_STEP","","SKYWAVE_PHASE_4_5","-3.0","12:07:02","","ddd04f2d-d9ff-4cb4-aa2f-8c5f1b13f085","","","","Find flights from JFK to HND tomorrow","TOPIC_STEP","I found 4 flights for that route. The cheapest is SW1200 at 1pm for $1,280.","","","","-3.0","12:07:00","41ebb771-1f08-42c3-a9ac-ceaa9e88b6ca"
"dd1c6452-49ce-4ad0-a585-ded4a829d827","LLM_STEP","","SKYWAVE_PHASE_4_5","-3.0","12:07:04","","ebbcb386-592a-4fb4-a5f4-83c6d84983b5","","","","Find flights from JFK to HND tomorrow","LLM_STEP","I found 4 flights for that route. The cheapest is SW1200 at 1pm for $1,280.","","","ddd04f2d-d9ff-4cb4-aa2f-8c5f1b13f085","-3.0","12:07:02","41ebb771-1f08-42c3-a9ac-ceaa9e88b6ca"
"38cf6606-3e83-4188-a946-a5b9a57b3240","TOPIC_STEP","","SKYWAVE_PHASE_4_5","-3.0","12:07:36","","9efa002f-40ce-4663-a1bc-d39622af83a0","","","","Great, thank you!","TOPIC_STEP","You are welcome. Is there anything else I can help with?","","","","-3.0","12:07:34","638cabb2-9d40-4c07-a134-dcfdb970f4be"
"7dfd9675-5ce9-4fe2-a475-e1f251ac4ec0","TOPIC_STEP","","SKYWAVE_PHASE_4_5","-10.0","09:17:02","","671b1724-662e-4793-a41a-0771348e5289","","","","I want to change my seat to a window seat","TOPIC_STEP","Sorry, I am unable to change your seat right now. Please try again later.","","","","-10.0","09:17:00","a37dd699-7fdf-4f33-a3f4-1be8f4c8afa1"
"7dfd9675-5ce9-4fe2-a475-e1f251ac4ec0","LLM_STEP","","SKYWAVE_PHASE_4_5","-10.0","09:17:04","","32e0f535-6b61-4e97-a89e-9bdd700947bf","","","","I want to change my seat to a window seat","LLM_STEP","Sorry, I am unable to change your seat right now. Please try again later.","","","671b1724-662e-4793-a41a-0771348e5289","-10.0","09:17:02","a37dd699-7fdf-4f33-a3f4-1be8f4c8afa1"
"99f7a432-bcbe-4ae5-a2cd-4612ac81e9e4","TOPIC_STEP","","SKYWAVE_PHASE_4_5","-10.0","09:18:00","","76762fb6-f2b1-4348-a97b-67977b1ba3be","","","","This still is not working, I am frustrated.","TOPIC_STEP","I am sorry for the inconvenience. I was unable to resolve this for you.","","","","-10.0","09:17:58","4f200bf9-c52a-4503-a23e-4408214da2cc"
"a71cd37f-2890-428c-a136-f9ff23eb7624","TOPIC_STEP","","SKYWAVE_PHASE_4_5","-10.0","15:07:02","","39b9f241-deda-4b3c-a655-412da74ffd93","","","","What is my tier status?","TOPIC_STEP","You are Gold tier with 14,200 qualifying points this year.","","","","-10.0","15:07:00","911b556b-f050-43b6-a80b-c51a7a5885e3"
"a71cd37f-2890-428c-a136-f9ff23eb7624","LLM_STEP","","SKYWAVE_PHASE_4_5","-10.0","15:07:04","","8935f931-f96a-433a-a1f1-5c1181dc6902","","","","What is my tier status?","LLM_STEP","You are Gold tier with 14,200 qualifying points this year.","","","39b9f241-deda-4b3c-a655-412da74ffd93","-10.0","15:07:02","911b556b-f050-43b6-a80b-c51a7a5885e3"
"0be8bd3b-53ee-4b0b-a70a-c24b4f77a20b","TOPIC_STEP","","SKYWAVE_PHASE_4_5","-10.0","15:07:46","","e5d48fc2-7c5e-4ee5-aa0f-28fdc0c30205","","","","Great, thank you!","TOPIC_STEP","You are welcome. Is there anything else I can help with?","","","","-10.0","15:07:44","bd58d93e-a86d-4463-ac03-286938121068"
"8ab65b4d-044a-408a-a49b-ccfd319d68e6","TOPIC_STEP","","SKYWAVE_PHASE_4_5","-10.0","15:11:24","","c59a6089-a0f3-4996-a0e8-76c9796b5f9e","","","","My in-flight wifi did not work, I want a refund","TOPIC_STEP","I have logged your complaint as case 00012346. A refund will be processed.","","","","-10.0","15:11:22","8a5944b2-912b-42b2-a6b5-cfe5f12eaa12"
"8ab65b4d-044a-408a-a49b-ccfd319d68e6","LLM_STEP","","SKYWAVE_PHASE_4_5","-10.0","15:11:26","","1f8c0561-7aaf-4943-af3e-1a589a2b88e6","","","","My in-flight wifi did not work, I want a refund","LLM_STEP","I have logged your complaint as case 00012346. A refund will be processed.","","","c59a6089-a0f3-4996-a0e8-76c9796b5f9e","-10.0","15:11:24","8a5944b2-912b-42b2-a6b5-cfe5f12eaa12"
"fb860ee6-f1e9-4569-a79d-7fe2648a6202","TOPIC_STEP","","SKYWAVE_PHASE_4_5","-10.0","15:12:40","","cf7f1c20-56f8-4c77-a6ef-9a52948c98eb","","","","Great, thank you!","TOPIC_STEP","You are welcome. Is there anything else I can help with?","","","","-10.0","15:12:38","8a088259-8a05-4a2e-aac6-3087ddba3e73"
"a4b024d4-33eb-4b13-ad73-b1398516f037","TOPIC_STEP","","SKYWAVE_PHASE_4_5","-7.0","19:07:02","","9048c1f9-b5f0-4321-a609-464f8d8ee4ba","","","","Please correct my last name on booking ABC123","TOPIC_STEP","I have updated the passenger name on booking ABC123. A confirmation has been sent.","","","","-7.0","19:07:00","8d353f3f-2861-427c-a824-4dd11a2581d1"
"a4b024d4-33eb-4b13-ad73-b1398516f037","LLM_STEP","","SKYWAVE_PHASE_4_5","-7.0","19:07:04","","1e20e4a5-3c21-46f8-a1db-05b32ba52de8","","","","Please correct my last name on booking ABC123","LLM_STEP","I have updated the passenger name on booking ABC123. A confirmation has been sent.","","","9048c1f9-b5f0-4321-a609-464f8d8ee4ba","-7.0","19:07:02","8d353f3f-2861-427c-a824-4dd11a2581d1"
"e4dc0aa0-a16e-4f89-a661-b929fd65e96b","TOPIC_STEP","","SKYWAVE_PHASE_4_5","-7.0","19:08:01","","18bb4ff9-a7ab-407b-adfe-01bf21c52cd2","","","","Great, thank you!","TOPIC_STEP","You are welcome. Is there anything else I can help with?","","","","-7.0","19:07:59","eb79736f-947c-41d2-af47-db95b73e0fef"
"249c3b9a-4a91-4b28-a697-a37d2c7f5cef","TOPIC_STEP","","SKYWAVE_PHASE_4_5","-7.0","19:11:53","","584ff4d0-e7e9-4886-affb-893b3fa5fde3","","","","Cancel my booking ABC123","TOPIC_STEP","I have cancelled booking ABC123. A refund of $480 will be issued.","","","","-7.0","19:11:51","48f008d1-501c-421b-a4e4-00eb66e1ffa1"
"249c3b9a-4a91-4b28-a697-a37d2c7f5cef","LLM_STEP","","SKYWAVE_PHASE_4_5","-7.0","19:11:55","","33b71945-73e3-4f85-a496-32c7be2760e1","","","","Cancel my booking ABC123","LLM_STEP","I have cancelled booking ABC123. A refund of $480 will be issued.","","","584ff4d0-e7e9-4886-affb-893b3fa5fde3","-7.0","19:11:53","48f008d1-501c-421b-a4e4-00eb66e1ffa1"
"0ba8e322-9e69-4976-ad5f-0160d96ee340","TOPIC_STEP","","SKYWAVE_PHASE_4_5","-7.0","19:16:27","","ffebd6a0-ef34-41be-aaac-700e46da074f","","","","Great, thank you!","TOPIC_STEP","You are welcome. Is there anything else I can help with?","","","","-7.0","19:16:25","ea66679f-4125-45a6-ab10-289901f515c1"
"601880d6-46d5-482b-aa7d-b9beb009226f","TOPIC_STEP","","SKYWAVE_PHASE_4_5","-11.0","17:31:02","","2cf9e569-a2d4-495c-aac0-1a8c6e80a1e7","","","","Can I move from 23B to an aisle seat?","TOPIC_STEP","I could not update your seat assignment. Please contact a service agent.","","","","-11.0","17:31:00","c04170b3-91c2-49dd-a13f-b0c3720450fc"
"601880d6-46d5-482b-aa7d-b9beb009226f","LLM_STEP","","SKYWAVE_PHASE_4_5","-11.0","17:31:04","","4c4e022c-626e-40d6-a699-00627b78a1e6","","","","Can I move from 23B to an aisle seat?","LLM_STEP","I could not update your seat assignment. Please contact a service agent.","","","2cf9e569-a2d4-495c-aac0-1a8c6e80a1e7","-11.0","17:31:02","c04170b3-91c2-49dd-a13f-b0c3720450fc"
"1b15ea70-f5f1-490d-a484-e7ab0f557f34","TOPIC_STEP","","SKYWAVE_PHASE_4_5","-11.0","17:31:53","","4ef22f9a-70d2-4bb8-a3c0-3922444e2949","","","","This still is not working, I am frustrated.","TOPIC_STEP","I am sorry for the inconvenience. I was unable to resolve this for you.","","","","-11.0","17:31:51","5dd76135-4674-4e87-afdb-f21437cb0af0"
"10dbc210-699f-4a82-a0a3-1f0b92778bd2","TOPIC_STEP","","SKYWAVE_PHASE_4_5","-7.0","18:18:02","","4163e471-79b4-447f-af27-8ebc7ef1949a","","","","Can I move from 23B to an aisle seat?","TOPIC_STEP","I could not update your seat assignment. Please contact a service agent.","","","","-7.0","18:18:00","ec43822b-0b82-405b-a53d-06bf89b762af"
"10dbc210-699f-4a82-a0a3-1f0b92778bd2","LLM_STEP","","SKYWAVE_PHASE_4_5","-7.0","18:18:04","","b22c2062-5f12-4139-a49b-c8224b5c89e0","","","","Can I move from 23B to an aisle seat?","LLM_STEP","I could not update your seat assignment. Please contact a service agent.","","","4163e471-79b4-447f-af27-8ebc7ef1949a","-7.0","18:18:02","ec43822b-0b82-405b-a53d-06bf89b762af"
"19209d1f-4d94-4f2f-a2a9-6cc0635a00bc","TOPIC_STEP","","SKYWAVE_PHASE_4_5","-7.0","18:18:41","","32f534bb-984f-441e-aea9-b9286889a4b7","","","","This still is not working, I am frustrated.","TOPIC_STEP","I am sorry for the inconvenience. I was unable to resolve this for you.","","","","-7.0","18:18:39","547e1e14-77a7-4e8f-ab19-407caad760c5"
"45d65ba0-f5af-437b-a29c-8261bd1efda2","TOPIC_STEP","","SKYWAVE_PHASE_4_5","-7.0","18:59:02","","6d2fc6a1-3162-430e-a52b-f2e7a074e914","","","","How many miles do I have?","TOPIC_STEP","You currently have 18,450 SkyWave miles. You are at Premier tier.","","","","-7.0","18:59:00","a1302ea8-8354-4727-aaa9-d0fe35e9a6f4"
"45d65ba0-f5af-437b-a29c-8261bd1efda2","LLM_STEP","","SKYWAVE_PHASE_4_5","-7.0","18:59:04","","04980c26-cbcf-49c2-a1fd-0a59a36d368c","","","","How many miles do I have?","LLM_STEP","You currently have 18,450 SkyWave miles. You are at Premier tier.","","","6d2fc6a1-3162-430e-a52b-f2e7a074e914","-7.0","18:59:02","a1302ea8-8354-4727-aaa9-d0fe35e9a6f4"
"d2e2d592-4999-4e28-ac96-7b4f38e6def1","TOPIC_STEP","","SKYWAVE_PHASE_4_5","-7.0","19:00:04","","2ac40e14-4667-4523-afcf-49e4577140ed","","","","Great, thank you!","TOPIC_STEP","You are welcome. Is there anything else I can help with?","","","","-7.0","19:00:02","94aa8f45-279e-472d-a5c5-5e9b854aaeda"
"07deb0bd-c8f0-422c-acbc-ebfb204bc1b6","TOPIC_STEP","","SKYWAVE_PHASE_4_5","-10.0","14:20:02","","50ec1e86-2246-4b96-a1d0-12e1d994b9b2","","","","Cancel my booking ABC123","TOPIC_STEP","I have cancelled booking ABC123. A refund of $480 will be issued.","","","","-10.0","14:20:00","f590c35f-91cd-4b09-a845-90df4dc27902"
"07deb0bd-c8f0-422c-acbc-ebfb204bc1b6","LLM_STEP","","SKYWAVE_PHASE_4_5","-10.0","14:20:04","","83164737-acbc-4a66-a6da-215833eef8d5","","","","Cancel my booking ABC123","LLM_STEP","I have cancelled booking ABC123. A refund of $480 will be issued.","","","50ec1e86-2246-4b96-a1d0-12e1d994b9b2","-10.0","14:20:02","f590c35f-91cd-4b09-a845-90df4dc27902"
"421fd8eb-5ec0-4418-a89f-4ac6292c575d","TOPIC_STEP","","SKYWAVE_PHASE_4_5","-10.0","14:20:56","","fbf11e46-e353-4077-a0df-c4596374bba1","","","","Great, thank you!","TOPIC_STEP","You are welcome. Is there anything else I can help with?","","","","-10.0","14:20:54","6231e988-d909-4d6e-a535-7b1be255a90a"
"21bb3e46-2416-4aad-a418-cd37dd9b2cc8","TOPIC_STEP","","SKYWAVE_PHASE_4_5","-8.0","15:22:02","","fd9c0375-4fef-4491-a51d-38c1732d83cd","","","","I want to change my seat to a window seat","TOPIC_STEP","Sorry, I am unable to change your seat right now. Please try again later.","","","","-8.0","15:22:00","02acb0b4-8b5f-4f37-ac11-78b4939db9db"
"21bb3e46-2416-4aad-a418-cd37dd9b2cc8","LLM_STEP","","SKYWAVE_PHASE_4_5","-8.0","15:22:04","","b776235f-78a1-407b-aebd-f73267be395f","","","","I want to change my seat to a window seat","LLM_STEP","Sorry, I am unable to change your seat right now. Please try again later.","","","fd9c0375-4fef-4491-a51d-38c1732d83cd","-8.0","15:22:02","02acb0b4-8b5f-4f37-ac11-78b4939db9db"
"b9696556-95c8-42dc-a7af-02560f406278","TOPIC_STEP","","SKYWAVE_PHASE_4_5","-8.0","15:22:45","","ab1acb63-7f37-49ec-a6e6-d7ed9f123b33","","","","This still is not working, I am frustrated.","TOPIC_STEP","I am sorry for the inconvenience. I was unable to resolve this for you.","","","","-8.0","15:22:43","d4d669c9-4c11-4d4d-affd-6f3b26569bb2"
"bb5aa69d-44d7-4205-ab2d-e16a10eed58c","TOPIC_STEP","","SKYWAVE_PHASE_4_5","-8.0","15:23:33","","1f1c2e60-714f-4337-ab21-d31fd9ec1ae8","","","","Find flights from JFK to HND tomorrow","TOPIC_STEP","I found 4 flights for that route. The cheapest is SW1200 at 1pm for $1,280.","","","","-8.0","15:23:31","487fc879-d8eb-44a3-a554-83f8132f4d37"
"bb5aa69d-44d7-4205-ab2d-e16a10eed58c","LLM_STEP","","SKYWAVE_PHASE_4_5","-8.0","15:23:35","","e1676493-3eea-4b23-aa08-7161b642c944","","","","Find flights from JFK to HND tomorrow","LLM_STEP","I found 4 flights for that route. The cheapest is SW1200 at 1pm for $1,280.","","","1f1c2e60-714f-4337-ab21-d31fd9ec1ae8","-8.0","15:23:33","487fc879-d8eb-44a3-a554-83f8132f4d37"
"613027e6-7b11-4090-ac18-5ff4aa3e5562","TOPIC_STEP","","SKYWAVE_PHASE_4_5","-8.0","15:27:07","","f723c97a-fd84-48af-a44e-3313940a683c","","","","Great, thank you!","TOPIC_STEP","You are welcome. Is there anything else I can help with?","","","","-8.0","15:27:05","d0d96cb9-cae0-4a27-a92d-a06e27946ac6"
"07dccd15-da8a-4269-a799-a8a4f68b177f","TOPIC_STEP","","SKYWAVE_PHASE_4_5","-5.0","14:45:02","","fcfdf675-4502-4895-a538-e4c466cf9d1b","","","","How many miles do I have?","TOPIC_STEP","You currently have 18,450 SkyWave miles. You are at Premier tier.","","","","-5.0","14:45:00","8e94bb56-f050-43b6-ae9d-7f3ad2030da6"
"07dccd15-da8a-4269-a799-a8a4f68b177f","LLM_STEP","","SKYWAVE_PHASE_4_5","-5.0","14:45:04","","e4d00082-e1be-413d-a9a2-b8e95ecfec97","","","","How many miles do I have?","LLM_STEP","You currently have 18,450 SkyWave miles. You are at Premier tier.","","","fcfdf675-4502-4895-a538-e4c466cf9d1b","-5.0","14:45:02","8e94bb56-f050-43b6-ae9d-7f3ad2030da6"
"44670c3e-09c3-4192-a110-f82b664e95a6","TOPIC_STEP","","SKYWAVE_PHASE_4_5","-5.0","14:48:15","","88e9ce0b-191a-44a4-abc4-bc24f87fabf0","","","","Great, thank you!","TOPIC_STEP","You are welcome. Is there anything else I can help with?","","","","-5.0","14:48:13","68d4e0d6-0f1e-451f-a32e-ec6e17b346da"
"21ba206b-887a-4561-a882-c25a347413dd","TOPIC_STEP","","SKYWAVE_PHASE_4_5","-5.0","14:52:15","","30c96514-b413-4d44-a474-36dfea7eff4f","","","","What is my tier status?","TOPIC_STEP","You are Gold tier with 14,200 qualifying points this year.","","","","-5.0","14:52:13","0664a319-29a3-4d36-a289-039d8022a258"
"21ba206b-887a-4561-a882-c25a347413dd","LLM_STEP","","SKYWAVE_PHASE_4_5","-5.0","14:52:17","","4efc7e07-bffc-4c3b-af8e-70248e40a8d0","","","","What is my tier status?","LLM_STEP","You are Gold tier with 14,200 qualifying points this year.","","","30c96514-b413-4d44-a474-36dfea7eff4f","-5.0","14:52:15","0664a319-29a3-4d36-a289-039d8022a258"
"d72dd892-e43a-4591-a891-98a877e53812","TOPIC_STEP","","SKYWAVE_PHASE_4_5","-5.0","14:53:06","","9cb21cdb-713a-4780-a025-ee79c3193c70","","","","Great, thank you!","TOPIC_STEP","You are welcome. Is there anything else I can help with?","","","","-5.0","14:53:04","386e3c21-b3df-4899-a9f4-f49ef1ea83a5"
"2c725959-53ae-4352-aa4a-2f29b82a5ea4","TOPIC_STEP","","SKYWAVE_PHASE_4_5","-8.0","18:38:02","","ad3c4adf-54fc-44d7-a954-a8de26d623d6","","","","Can I move from 23B to an aisle seat?","TOPIC_STEP","I could not update your seat assignment. Please contact a service agent.","","","","-8.0","18:38:00","45563354-7cae-4cf4-ac3e-a760f894f685"
"2c725959-53ae-4352-aa4a-2f29b82a5ea4","LLM_STEP","","SKYWAVE_PHASE_4_5","-8.0","18:38:04","","bea3a3f2-fe3e-4502-ad50-1d8c5df69e89","","","","Can I move from 23B to an aisle seat?","LLM_STEP","I could not update your seat assignment. Please contact a service agent.","","","ad3c4adf-54fc-44d7-a954-a8de26d623d6","-8.0","18:38:02","45563354-7cae-4cf4-ac3e-a760f894f685"
"d5e0aaf9-3336-4dde-a720-33eb4be0dde9","TOPIC_STEP","","SKYWAVE_PHASE_4_5","-8.0","18:41:54","","23f8ffd6-22f4-4724-a923-5feb7551b9ec","","","","This still is not working, I am frustrated.","TOPIC_STEP","I am sorry for the inconvenience. I was unable to resolve this for you.","","","","-8.0","18:41:52","bec0d6e6-168b-4278-a4a5-46b86f406486"
"edf9d5f1-99c7-4503-ae1c-8e80dcd48635","TOPIC_STEP","","SKYWAVE_PHASE_4_5","-2.0","10:40:02","","b8857487-eed1-4133-affd-6cf4f6c9429e","","","","Show me my upcoming bookings","TOPIC_STEP","You have one upcoming booking — LH 1927 BER-MUC-SFO, confirmed.","","","","-2.0","10:40:00","c74a467e-1deb-4607-a046-10557afb7aad"
"edf9d5f1-99c7-4503-ae1c-8e80dcd48635","LLM_STEP","","SKYWAVE_PHASE_4_5","-2.0","10:40:04","","fd2b92ce-1425-4faf-a4f6-4ff1b50f4a3c","","","","Show me my upcoming bookings","LLM_STEP","You have one upcoming booking — LH 1927 BER-MUC-SFO, confirmed.","","","b8857487-eed1-4133-affd-6cf4f6c9429e","-2.0","10:40:02","c74a467e-1deb-4607-a046-10557afb7aad"
"6af8cd8d-83cc-45dc-aaf6-b0deed083cc4","TOPIC_STEP","","SKYWAVE_PHASE_4_5","-2.0","10:40:23","","cab8ba52-981f-4db4-a970-125a025c3470","","","","Great, thank you!","TOPIC_STEP","You are welcome. Is there anything else I can help with?","","","","-2.0","10:40:21","1974883a-300e-4ddc-a19d-39c93fe6d06a"
"92f702a2-af47-494c-a08e-224cbb4f0218","TOPIC_STEP","","SKYWAVE_PHASE_4_5","-2.0","10:41:08","","4f4b805b-eae5-42e3-a6dd-284ae91bab24","","","","Cancel my booking ABC123","TOPIC_STEP","I have cancelled booking ABC123. A refund of $480 will be issued.","","","","-2.0","10:41:06","6f026fd1-5c82-4c1d-a2f6-0677c8b78818"
"92f702a2-af47-494c-a08e-224cbb4f0218","LLM_STEP","","SKYWAVE_PHASE_4_5","-2.0","10:41:10","","8ac54f7b-fe1e-48c5-a78f-e3d6ee8205f8","","","","Cancel my booking ABC123","LLM_STEP","I have cancelled booking ABC123. A refund of $480 will be issued.","","","4f4b805b-eae5-42e3-a6dd-284ae91bab24","-2.0","10:41:08","6f026fd1-5c82-4c1d-a2f6-0677c8b78818"
"fe42be72-7fb3-499d-af0c-72811612f7fd","TOPIC_STEP","","SKYWAVE_PHASE_4_5","-2.0","10:41:26","","01263364-96dc-4984-a6cc-3a15898d3c13","","","","Great, thank you!","TOPIC_STEP","You are welcome. Is there anything else I can help with?","","","","-2.0","10:41:24","e71e5f1d-b221-421f-aa75-781d636c19ba"
"f6883ae2-6510-4d06-a08d-00c5487eea91","TOPIC_STEP","","SKYWAVE_PHASE_4_5","-1.0","14:24:02","","ceddfc5d-cbc5-4a52-a6b8-99ae2b9c85ec","","","","I lost my luggage in Munich last week, can you help?","TOPIC_STEP","I have created case 00012345 for your lost luggage. We will contact you within 24 hours.","","","","-1.0","14:24:00","8eae4d26-0711-4e29-adbb-88938f3b5734"
"f6883ae2-6510-4d06-a08d-00c5487eea91","LLM_STEP","","SKYWAVE_PHASE_4_5","-1.0","14:24:04","","862d3d2b-4714-45c4-ace8-eafa7c4dcbb0","","","","I lost my luggage in Munich last week, can you help?","LLM_STEP","I have created case 00012345 for your lost luggage. We will contact you within 24 hours.","","","ceddfc5d-cbc5-4a52-a6b8-99ae2b9c85ec","-1.0","14:24:02","8eae4d26-0711-4e29-adbb-88938f3b5734"
"4d7c9e4f-c1d7-4494-a59a-2317fb6a7c1d","TOPIC_STEP","","SKYWAVE_PHASE_4_5","-1.0","14:28:27","","8449c80a-ad08-424c-a978-0856c8d6b5a2","","","","Okay.","TOPIC_STEP","Understood. Anything else I can help with?","","","","-1.0","14:28:25","ed6d027d-ca96-4321-a21d-8bd194f8298d"
"b703b9b9-fdf7-4394-a0b4-4c9256a55dae","TOPIC_STEP","","SKYWAVE_PHASE_4_5","-1.0","14:29:16","","0f1f363e-a131-4ae6-a76b-f346bf906295","","","","Find flights from JFK to HND tomorrow","TOPIC_STEP","I found 4 flights for that route. The cheapest is SW1200 at 1pm for $1,280.","","","","-1.0","14:29:14","62a9fc94-681b-4782-a351-b6016b81c502"
"b703b9b9-fdf7-4394-a0b4-4c9256a55dae","LLM_STEP","","SKYWAVE_PHASE_4_5","-1.0","14:29:18","","d10b5016-6557-4760-a5b9-b830742c1777","","","","Find flights from JFK to HND tomorrow","LLM_STEP","I found 4 flights for that route. The cheapest is SW1200 at 1pm for $1,280.","","","0f1f363e-a131-4ae6-a76b-f346bf906295","-1.0","14:29:16","62a9fc94-681b-4782-a351-b6016b81c502"
"dd454a23-3865-40c6-af67-822ee82b1f8a","TOPIC_STEP","","SKYWAVE_PHASE_4_5","-1.0","14:30:16","","8fd9ccff-7444-4979-a21d-370d811f1d12","","","","Great, thank you!","TOPIC_STEP","You are welcome. Is there anything else I can help with?","","","","-1.0","14:30:14","2b0f0320-133d-4429-a0fe-a5c51f6d80d3"
"084f801a-728c-4bf5-a13c-70b425ec1a42","TOPIC_STEP","","SKYWAVE_PHASE_4_5","-3.0","11:25:02","","e5ac3955-899a-4a95-a59f-0805483705e3","","","","I want to select seat 1A for my flight","TOPIC_STEP","I was unable to retrieve the seat map automatically and could not assign the seat.","","","","-3.0","11:25:00","711cb8d7-0389-49c0-afe7-82afc3fad054"
"084f801a-728c-4bf5-a13c-70b425ec1a42","LLM_STEP","","SKYWAVE_PHASE_4_5","-3.0","11:25:04","","c6e04f09-28ef-4f99-a538-59a0b66e0924","","","","I want to select seat 1A for my flight","LLM_STEP","I was unable to retrieve the seat map automatically and could not assign the seat.","","","e5ac3955-899a-4a95-a59f-0805483705e3","-3.0","11:25:02","711cb8d7-0389-49c0-afe7-82afc3fad054"
"64e84878-4def-4ed1-a45f-d45abc5323ae","TOPIC_STEP","","SKYWAVE_PHASE_4_5","-3.0","11:27:49","","c0d724eb-4729-4103-ac92-0f32df4a419d","","","","This still is not working, I am frustrated.","TOPIC_STEP","I am sorry for the inconvenience. I was unable to resolve this for you.","","","","-3.0","11:27:47","ddb69e45-5fcf-4319-a8d3-8d611688e9aa"
"5ae09648-18da-4c74-ace8-5a9808cd9f38","TOPIC_STEP","","SKYWAVE_PHASE_4_5","-3.0","11:29:02","","f88bbfd5-0d4e-4e15-aa13-4976fb0f4307","","","","Tell me a joke","TOPIC_STEP","I am a Skywave booking assistant. How can I help with your travel?","","","","-3.0","11:29:00","edf1c95e-4c7e-4f66-a170-1bf8584809a1"
"5ae09648-18da-4c74-ace8-5a9808cd9f38","LLM_STEP","","SKYWAVE_PHASE_4_5","-3.0","11:29:04","","07ee7580-de23-4861-a7c4-bf7d97cd7651","","","","Tell me a joke","LLM_STEP","I am a Skywave booking assistant. How can I help with your travel?","","","f88bbfd5-0d4e-4e15-aa13-4976fb0f4307","-3.0","11:29:02","edf1c95e-4c7e-4f66-a170-1bf8584809a1"
"2f996fe7-ff9f-4a3b-aa1b-19c7698d456a","TOPIC_STEP","","SKYWAVE_PHASE_4_5","-3.0","11:30:38","","2223e4d5-17ac-440e-a74c-bee07622a9dc","","","","This still is not working, I am frustrated.","TOPIC_STEP","I am sorry for the inconvenience. I was unable to resolve this for you.","","","","-3.0","11:30:36","d5e91a28-4386-4b7b-a0ee-3dc45334a7c2"
"ba0ac210-033d-465b-a826-4fba385f4ce0","TOPIC_STEP","","SKYWAVE_PHASE_4_5","-3.0","11:31:37","","e0406694-9109-4e76-a9bd-c8e0e4af40c1","","","","I want to select seat 1A for my flight","TOPIC_STEP","I was unable to retrieve the seat map automatically and could not assign the seat.","","","","-3.0","11:31:35","150403cb-2dec-4725-a46d-477b3584d0e1"
"ba0ac210-033d-465b-a826-4fba385f4ce0","LLM_STEP","","SKYWAVE_PHASE_4_5","-3.0","11:31:39","","76099932-847b-41dc-a741-346e8f11b306","","","","I want to select seat 1A for my flight","LLM_STEP","I was unable to retrieve the seat map automatically and could not assign the seat.","","","e0406694-9109-4e76-a9bd-c8e0e4af40c1","-3.0","11:31:37","150403cb-2dec-4725-a46d-477b3584d0e1"
"1d4073eb-9668-4b6f-ae80-833748eda011","TOPIC_STEP","","SKYWAVE_PHASE_4_5","-3.0","11:32:38","","93174782-4f83-447d-a4db-094cdb802558","","","","This still is not working, I am frustrated.","TOPIC_STEP","I am sorry for the inconvenience. I was unable to resolve this for you.","","","","-3.0","11:32:36","54dbab37-c272-4afc-a217-1223cb1db1b3"
"e118ac07-dc30-42f8-af15-b1c017c98a8c","TOPIC_STEP","","SKYWAVE_PHASE_4_5","-2.0","08:10:02","","5d453b7b-c2fc-4de2-a638-58ac615e5e97","","","","Can I move from 23B to an aisle seat?","TOPIC_STEP","I could not update your seat assignment. Please contact a service agent.","","","","-2.0","08:10:00","62457cc9-1468-4356-a6e2-cc90227a1514"
"e118ac07-dc30-42f8-af15-b1c017c98a8c","LLM_STEP","","SKYWAVE_PHASE_4_5","-2.0","08:10:04","","07bb8d56-8203-4796-a866-8b92e7d488ac","","","","Can I move from 23B to an aisle seat?","LLM_STEP","I could not update your seat assignment. Please contact a service agent.","","","5d453b7b-c2fc-4de2-a638-58ac615e5e97","-2.0","08:10:02","62457cc9-1468-4356-a6e2-cc90227a1514"
"fdb94e74-7b96-4b71-a235-f573a3d1d8d2","TOPIC_STEP","","SKYWAVE_PHASE_4_5","-2.0","08:11:07","","08d6b110-36ef-4627-aca3-a37e44c3e246","","","","This still is not working, I am frustrated.","TOPIC_STEP","I am sorry for the inconvenience. I was unable to resolve this for you.","","","","-2.0","08:11:05","f47a4b2e-7ff8-43b3-afdf-0965e75bf9ce"
"0bcfb2bc-9a7d-4237-afe6-d5267bf487de","TOPIC_STEP","","SKYWAVE_PHASE_4_5","-10.0","08:12:02","","388a21bd-3a7a-4dbe-a9d5-9250c89d383d","","","","How many miles do I have?","TOPIC_STEP","You currently have 18,450 SkyWave miles. You are at Premier tier.","","","","-10.0","08:12:00","aaabe4a2-4360-4121-a8a5-f488d956d590"
"0bcfb2bc-9a7d-4237-afe6-d5267bf487de","LLM_STEP","","SKYWAVE_PHASE_4_5","-10.0","08:12:04","","cf4d25f8-e2d3-49b4-ace7-20fe10a10a5e","","","","How many miles do I have?","LLM_STEP","You currently have 18,450 SkyWave miles. You are at Premier tier.","","","388a21bd-3a7a-4dbe-a9d5-9250c89d383d","-10.0","08:12:02","aaabe4a2-4360-4121-a8a5-f488d956d590"
"024df9bf-4a82-4895-a493-8a483c867a17","TOPIC_STEP","","SKYWAVE_PHASE_4_5","-10.0","08:15:17","","1eebaebf-4661-4807-a312-39e5dfcb07fe","","","","Great, thank you!","TOPIC_STEP","You are welcome. Is there anything else I can help with?","","","","-10.0","08:15:15","7cabfe1b-f940-41db-a0fd-2399753113e6"
"8fd5f36c-cd9e-4912-a69e-6ba580bca4bf","TOPIC_STEP","","SKYWAVE_PHASE_4_5","-9.0","14:33:02","","1cdefa00-b4af-42ae-a4cd-daf39d3bd06e","","","","Please correct my last name on booking ABC123","TOPIC_STEP","I have updated the passenger name on booking ABC123. A confirmation has been sent.","","","","-9.0","14:33:00","55f90686-7dff-482e-a8dc-23fe0c00b89e"
"8fd5f36c-cd9e-4912-a69e-6ba580bca4bf","LLM_STEP","","SKYWAVE_PHASE_4_5","-9.0","14:33:04","","b43e1d77-cfb9-44bd-a4a4-9985bf0356de","","","","Please correct my last name on booking ABC123","LLM_STEP","I have updated the passenger name on booking ABC123. A confirmation has been sent.","","","1cdefa00-b4af-42ae-a4cd-daf39d3bd06e","-9.0","14:33:02","55f90686-7dff-482e-a8dc-23fe0c00b89e"
"f29533cc-2947-4ad6-a88f-1cfbc1f48d93","TOPIC_STEP","","SKYWAVE_PHASE_4_5","-9.0","14:35:00","","7cb937f7-fda1-4beb-ae5e-8fd74bd12484","","","","Great, thank you!","TOPIC_STEP","You are welcome. Is there anything else I can help with?","","","","-9.0","14:34:58","cdf49cd5-5abb-40ee-a213-ddbe035242f8"
"b266b096-3b60-4089-aa24-c5aa40dce8e0","TOPIC_STEP","","SKYWAVE_PHASE_4_5","-6.0","08:03:02","","39e099b3-7c96-44b0-a5d7-f7351eaeb8df","","","","Show me my upcoming bookings","TOPIC_STEP","You have one upcoming booking — LH 1927 BER-MUC-SFO, confirmed.","","","","-6.0","08:03:00","f5a2bd1e-f14c-4a58-a99a-bc743d046ac1"
"b266b096-3b60-4089-aa24-c5aa40dce8e0","LLM_STEP","","SKYWAVE_PHASE_4_5","-6.0","08:03:04","","6feda292-6e96-40d0-ab7b-f8e286c5e836","","","","Show me my upcoming bookings","LLM_STEP","You have one upcoming booking — LH 1927 BER-MUC-SFO, confirmed.","","","39e099b3-7c96-44b0-a5d7-f7351eaeb8df","-6.0","08:03:02","f5a2bd1e-f14c-4a58-a99a-bc743d046ac1"
"566e85bf-1ff2-4ce9-aaeb-11ba6ff685b2","TOPIC_STEP","","SKYWAVE_PHASE_4_5","-6.0","08:03:21","","e0fb9be9-4fb0-4a9d-ad36-120beb67653a","","","","Great, thank you!","TOPIC_STEP","You are welcome. Is there anything else I can help with?","","","","-6.0","08:03:19","c68aeb62-78e9-40f8-a8ff-07eb60caa82e"
"f0e93e33-77e0-4f18-a9a9-991b5e281f15","TOPIC_STEP","","SKYWAVE_PHASE_4_5","-6.0","08:03:58","","4e4b660d-7513-4e14-ae8a-044890e65d6d","","","","What is my tier status?","TOPIC_STEP","You are Gold tier with 14,200 qualifying points this year.","","","","-6.0","08:03:56","a56d5678-cf6f-452c-ae54-c9ca3cedabd0"
"f0e93e33-77e0-4f18-a9a9-991b5e281f15","LLM_STEP","","SKYWAVE_PHASE_4_5","-6.0","08:04:00","","a0e2a8f8-2e9e-4ed5-a3bb-13741aa25a3b","","","","What is my tier status?","LLM_STEP","You are Gold tier with 14,200 qualifying points this year.","","","4e4b660d-7513-4e14-ae8a-044890e65d6d","-6.0","08:03:58","a56d5678-cf6f-452c-ae54-c9ca3cedabd0"
"bea55544-93b6-47c3-a7b4-2d8f6351101b","TOPIC_STEP","","SKYWAVE_PHASE_4_5","-6.0","08:04:44","","4a30c262-576b-4bb4-a772-56fe46956433","","","","Great, thank you!","TOPIC_STEP","You are welcome. Is there anything else I can help with?","","","","-6.0","08:04:42","e574a486-f6e9-419d-a8f2-371040c9287d"
"78191d61-7a97-4677-ad11-e9efbd50eae9","TOPIC_STEP","","SKYWAVE_PHASE_4_5","-10.0","08:13:02","","1f1f9a00-d67a-4728-ade3-e5ffb8e51461","","","","I want to select seat 1A for my flight","TOPIC_STEP","I was unable to retrieve the seat map automatically and could not assign the seat.","","","","-10.0","08:13:00","97f7a821-9d55-437e-a6a4-8bf71ce31399"
"78191d61-7a97-4677-ad11-e9efbd50eae9","LLM_STEP","","SKYWAVE_PHASE_4_5","-10.0","08:13:04","","d6b8e2e3-78a0-48f5-a113-1224a8ed7934","","","","I want to select seat 1A for my flight","LLM_STEP","I was unable to retrieve the seat map automatically and could not assign the seat.","","","1f1f9a00-d67a-4728-ade3-e5ffb8e51461","-10.0","08:13:02","97f7a821-9d55-437e-a6a4-8bf71ce31399"
"860e677b-be95-4597-a751-77466b732b57","TOPIC_STEP","","SKYWAVE_PHASE_4_5","-10.0","08:13:35","","6b6d2ff6-ecf0-4898-a5b9-a4392e488739","","","","This still is not working, I am frustrated.","TOPIC_STEP","I am sorry for the inconvenience. I was unable to resolve this for you.","","","","-10.0","08:13:33","3cec7ab8-3ef8-4b2c-a3b4-79daf2104eb5"
"f50997e0-76de-4a95-abee-2991c96cbd4d","TOPIC_STEP","","SKYWAVE_PHASE_4_5","-10.0","08:16:09","","c855e303-b7ae-4da8-ae2b-17e190c41cc5","","","","Please correct my last name on booking ABC123","TOPIC_STEP","I have updated the passenger name on booking ABC123. A confirmation has been sent.","","","","-10.0","08:16:07","79baaa7c-a9e9-4adf-aec1-38a7979f92c6"
"f50997e0-76de-4a95-abee-2991c96cbd4d","LLM_STEP","","SKYWAVE_PHASE_4_5","-10.0","08:16:11","","cccbd4be-abd3-4cf7-a2c9-81dd91238eba","","","","Please correct my last name on booking ABC123","LLM_STEP","I have updated the passenger name on booking ABC123. A confirmation has been sent.","","","c855e303-b7ae-4da8-ae2b-17e190c41cc5","-10.0","08:16:09","79baaa7c-a9e9-4adf-aec1-38a7979f92c6"
"9a598dc9-b0dc-4184-a413-6f583787d441","TOPIC_STEP","","SKYWAVE_PHASE_4_5","-10.0","08:17:13","","7e59ef5a-f53b-498c-a913-02caa02a2b67","","","","Great, thank you!","TOPIC_STEP","You are welcome. Is there anything else I can help with?","","","","-10.0","08:17:11","5b302cc1-479a-48ba-adbb-fe0c8a70030b"
"480f2205-1d44-47ed-a2c1-eab07742c54c","TOPIC_STEP","","SKYWAVE_PHASE_4_5","-1.0","15:07:02","","f2816702-b40d-440d-aed6-f7007c004cd0","","","","What is my tier status?","TOPIC_STEP","You are Gold tier with 14,200 qualifying points this year.","","","","-1.0","15:07:00","f9a3bcbd-37a8-4c8e-a95a-3576234e9961"
"480f2205-1d44-47ed-a2c1-eab07742c54c","LLM_STEP","","SKYWAVE_PHASE_4_5","-1.0","15:07:04","","6f5de5d0-885e-4adb-a263-181b7cef3780","","","","What is my tier status?","LLM_STEP","You are Gold tier with 14,200 qualifying points this year.","","","f2816702-b40d-440d-aed6-f7007c004cd0","-1.0","15:07:02","f9a3bcbd-37a8-4c8e-a95a-3576234e9961"
"9b4dc30b-68bd-4259-a75d-02a9aa1a53e1","TOPIC_STEP","","SKYWAVE_PHASE_4_5","-1.0","15:07:27","","6f334f90-9e1b-4417-a3ce-410a4da30958","","","","Great, thank you!","TOPIC_STEP","You are welcome. Is there anything else I can help with?","","","","-1.0","15:07:25","b13bfb11-4dc6-4ba5-abaa-9cc4196d810c"
"3755eb80-05f3-4c1b-ad3a-9c2c1523b8f1","TOPIC_STEP","","SKYWAVE_PHASE_4_5","-1.0","15:07:55","","5a80c105-8404-4e80-a40d-6f40380b5fe0","","","","Show me my upcoming bookings","TOPIC_STEP","You have one upcoming booking — LH 1927 BER-MUC-SFO, confirmed.","","","","-1.0","15:07:53","90e8457d-f0fd-403f-acaa-3a3d3ee56247"
"3755eb80-05f3-4c1b-ad3a-9c2c1523b8f1","LLM_STEP","","SKYWAVE_PHASE_4_5","-1.0","15:07:57","","29c9b510-5c16-4264-a51f-0752a1bb8613","","","","Show me my upcoming bookings","LLM_STEP","You have one upcoming booking — LH 1927 BER-MUC-SFO, confirmed.","","","5a80c105-8404-4e80-a40d-6f40380b5fe0","-1.0","15:07:55","90e8457d-f0fd-403f-acaa-3a3d3ee56247"
"840c75df-efd0-4e89-af4f-2ed8244992a0","TOPIC_STEP","","SKYWAVE_PHASE_4_5","-1.0","15:11:00","","0255dd2c-213b-4a55-af5b-5e98f30a481a","","","","Great, thank you!","TOPIC_STEP","You are welcome. Is there anything else I can help with?","","","","-1.0","15:10:58","cc9fc13b-5bfa-4f2a-a769-80c88ee3a81c"
"a2515e70-1146-412f-ab3a-75a6d9cd8d9f","TOPIC_STEP","","SKYWAVE_PHASE_4_5","-13.0","18:02:02","","c913018b-af98-410b-ab93-e7cf78aef795","","","","I want to select seat 1A for my flight","TOPIC_STEP","I was unable to retrieve the seat map automatically and could not assign the seat.","","","","-13.0","18:02:00","bbc74e16-d7f6-45ce-a131-4e1036b53920"
"a2515e70-1146-412f-ab3a-75a6d9cd8d9f","LLM_STEP","","SKYWAVE_PHASE_4_5","-13.0","18:02:04","","cacb90d3-8e59-4802-a34f-b61c6f24fe68","","","","I want to select seat 1A for my flight","LLM_STEP","I was unable to retrieve the seat map automatically and could not assign the seat.","","","c913018b-af98-410b-ab93-e7cf78aef795","-13.0","18:02:02","bbc74e16-d7f6-45ce-a131-4e1036b53920"
"ab589783-1026-4f47-aaee-8d1d3a42b41e","TOPIC_STEP","","SKYWAVE_PHASE_4_5","-13.0","18:02:31","","05864b0d-830a-4495-acd1-fb189bfad895","","","","This still is not working, I am frustrated.","TOPIC_STEP","I am sorry for the inconvenience. I was unable to resolve this for you.","","","","-13.0","18:02:29","f42a092d-c81f-4439-a333-c635e31f7a16"
"7794ba8c-1e86-44be-a3a5-4361aad8d22e","TOPIC_STEP","","SKYWAVE_PHASE_4_5","-13.0","18:03:44","","cf056015-fa3b-4bfd-a08e-681fbfa66879","","","","My in-flight wifi did not work, I want a refund","TOPIC_STEP","I have logged your complaint as case 00012346. A refund will be processed.","","","","-13.0","18:03:42","8470df3c-c2aa-4778-a369-57e96ad021d0"
"7794ba8c-1e86-44be-a3a5-4361aad8d22e","LLM_STEP","","SKYWAVE_PHASE_4_5","-13.0","18:03:46","","47d29889-9d01-4cf8-aac6-de7321fd9dab","","","","My in-flight wifi did not work, I want a refund","LLM_STEP","I have logged your complaint as case 00012346. A refund will be processed.","","","cf056015-fa3b-4bfd-a08e-681fbfa66879","-13.0","18:03:44","8470df3c-c2aa-4778-a369-57e96ad021d0"
"237c0bd1-6ca5-4cbe-a83d-db65eb18d087","TOPIC_STEP","","SKYWAVE_PHASE_4_5","-13.0","18:04:21","","c3fd1a2d-1d4a-42db-a6be-ebf85ed21f90","","","","Great, thank you!","TOPIC_STEP","You are welcome. Is there anything else I can help with?","","","","-13.0","18:04:19","22492451-6c41-4606-a963-3c7bcc1768f2"
"c8b4527f-faf6-4b4b-a2da-83bdae6cfab4","TOPIC_STEP","","SKYWAVE_PHASE_4_5","-3.0","09:04:02","","86467f1a-9d6a-4c01-a44c-2d026355d9b9","","","","Can I move from 23B to an aisle seat?","TOPIC_STEP","I could not update your seat assignment. Please contact a service agent.","","","","-3.0","09:04:00","ea458c85-c24c-426e-a9e6-3efb0f7079b5"
"c8b4527f-faf6-4b4b-a2da-83bdae6cfab4","LLM_STEP","","SKYWAVE_PHASE_4_5","-3.0","09:04:04","","c5031551-81ff-4b83-a0b6-e2cb5fb0246d","","","","Can I move from 23B to an aisle seat?","LLM_STEP","I could not update your seat assignment. Please contact a service agent.","","","86467f1a-9d6a-4c01-a44c-2d026355d9b9","-3.0","09:04:02","ea458c85-c24c-426e-a9e6-3efb0f7079b5"
"bc4e3e10-f32c-46cb-a305-2a30c5181dc8","TOPIC_STEP","","SKYWAVE_PHASE_4_5","-3.0","09:04:53","","78487d40-d1c0-4c59-ad0e-a56a4dfe5da0","","","","This still is not working, I am frustrated.","TOPIC_STEP","I am sorry for the inconvenience. I was unable to resolve this for you.","","","","-3.0","09:04:51","69f5cd01-1906-43db-a899-a1ef55a22f3c"
"2a6602c0-8bcc-42a7-a806-f4ea940cbc3e","TOPIC_STEP","","SKYWAVE_PHASE_4_5","-3.0","09:06:27","","1b536ffe-2b48-4fa8-a90d-09c453ec529f","","","","How many miles do I have?","TOPIC_STEP","You currently have 18,450 SkyWave miles. You are at Premier tier.","","","","-3.0","09:06:25","911051eb-a2d1-4941-a8ee-278813746198"
"2a6602c0-8bcc-42a7-a806-f4ea940cbc3e","LLM_STEP","","SKYWAVE_PHASE_4_5","-3.0","09:06:29","","a9202b9d-1268-47e1-ab26-b59e7f65f774","","","","How many miles do I have?","LLM_STEP","You currently have 18,450 SkyWave miles. You are at Premier tier.","","","1b536ffe-2b48-4fa8-a90d-09c453ec529f","-3.0","09:06:27","911051eb-a2d1-4941-a8ee-278813746198"
"3a89dc5c-65c5-4e08-a59f-4f0390f4360a","TOPIC_STEP","","SKYWAVE_PHASE_4_5","-3.0","09:06:47","","b9e547f9-07fd-43c2-a6ee-4150e66f21e5","","","","Great, thank you!","TOPIC_STEP","You are welcome. Is there anything else I can help with?","","","","-3.0","09:06:45","6e7993ee-56f6-4f25-a27a-83b3537817b7"
"f0f69c3c-76a9-4e13-afd8-584924a12ccc","TOPIC_STEP","","SKYWAVE_PHASE_4_5","-3.0","09:07:29","","2c5bf3da-15b9-4b95-ac79-a677bd0ff14a","","","","I want to select seat 1A for my flight","TOPIC_STEP","I was unable to retrieve the seat map automatically and could not assign the seat.","","","","-3.0","09:07:27","1f1f524a-8c98-4472-a759-8d9b4ed79025"
"f0f69c3c-76a9-4e13-afd8-584924a12ccc","LLM_STEP","","SKYWAVE_PHASE_4_5","-3.0","09:07:31","","1743b4fa-1bfc-4f01-acff-14092ea6a7be","","","","I want to select seat 1A for my flight","LLM_STEP","I was unable to retrieve the seat map automatically and could not assign the seat.","","","2c5bf3da-15b9-4b95-ac79-a677bd0ff14a","-3.0","09:07:29","1f1f524a-8c98-4472-a759-8d9b4ed79025"
"54f2fdaf-db0a-4a26-a8df-89b5f8e257ef","TOPIC_STEP","","SKYWAVE_PHASE_4_5","-3.0","09:08:06","","4cd3fed2-c210-4d67-af1c-dd93ed0b1ad2","","","","This still is not working, I am frustrated.","TOPIC_STEP","I am sorry for the inconvenience. I was unable to resolve this for you.","","","","-3.0","09:08:04","d41a249a-ff5e-4439-ad33-442ae2a7a90d"
"8e08d5a2-e662-4835-a212-821f07c89228","TOPIC_STEP","","SKYWAVE_PHASE_4_5","-9.0","14:16:02","","ecebb101-dffe-4515-aba8-ad59c7b73ff0","","","","Can I move from 23B to an aisle seat?","TOPIC_STEP","I could not update your seat assignment. Please contact a service agent.","","","","-9.0","14:16:00","548a96a1-e43b-47ad-af9a-7d5e3d84d883"
"8e08d5a2-e662-4835-a212-821f07c89228","LLM_STEP","","SKYWAVE_PHASE_4_5","-9.0","14:16:04","","aea6490e-a134-4789-aa5e-f0260261772b","","","","Can I move from 23B to an aisle seat?","LLM_STEP","I could not update your seat assignment. Please contact a service agent.","","","ecebb101-dffe-4515-aba8-ad59c7b73ff0","-9.0","14:16:02","548a96a1-e43b-47ad-af9a-7d5e3d84d883"
"47f079d2-a9c5-4ef8-ab85-a39a6407dcd4","TOPIC_STEP","","SKYWAVE_PHASE_4_5","-9.0","14:16:33","","3723bfe3-42ea-4c96-a8a1-07f13791d996","","","","This still is not working, I am frustrated.","TOPIC_STEP","I am sorry for the inconvenience. I was unable to resolve this for you.","","","","-9.0","14:16:31","1a32acd5-a38f-4595-a33f-c16edd3c09b9"
"5ad243a1-cbd2-4b23-a273-d82d2c2fadf8","TOPIC_STEP","","SKYWAVE_PHASE_4_5","-9.0","14:20:01","","ca670966-3f64-40db-aad2-dfe42c418216","","","","Please correct my last name on booking ABC123","TOPIC_STEP","I have updated the passenger name on booking ABC123. A confirmation has been sent.","","","","-9.0","14:19:59","c1aa7684-bffa-49ab-ae62-80c66de8ec49"
"5ad243a1-cbd2-4b23-a273-d82d2c2fadf8","LLM_STEP","","SKYWAVE_PHASE_4_5","-9.0","14:20:03","","9f54f8bb-99c7-4081-a421-b24fe3984c8d","","","","Please correct my last name on booking ABC123","LLM_STEP","I have updated the passenger name on booking ABC123. A confirmation has been sent.","","","ca670966-3f64-40db-aad2-dfe42c418216","-9.0","14:20:01","c1aa7684-bffa-49ab-ae62-80c66de8ec49"
"e82321c6-db2c-4713-a8d8-7bfaa1a7476c","TOPIC_STEP","","SKYWAVE_PHASE_4_5","-9.0","14:21:08","","bf985e6a-6610-4eec-a56d-667c0a76faec","","","","Great, thank you!","TOPIC_STEP","You are welcome. Is there anything else I can help with?","","","","-9.0","14:21:06","827c4e07-4da6-433b-ae50-d845de19ef42"
"f54a96c9-da1c-4880-ae79-faa4293f6efe","TOPIC_STEP","","SKYWAVE_PHASE_4_5","-9.0","14:21:29","","87a3908f-0c3a-4467-a1af-d80d2c1e49bd","","","","Please correct my last name on booking ABC123","TOPIC_STEP","I have updated the passenger name on booking ABC123. A confirmation has been sent.","","","","-9.0","14:21:27","e04ebec8-7b97-46d8-a6ef-ba315db359b1"
"f54a96c9-da1c-4880-ae79-faa4293f6efe","LLM_STEP","","SKYWAVE_PHASE_4_5","-9.0","14:21:31","","5067e1f0-aa4b-4938-ab57-1980d30d04ad","","","","Please correct my last name on booking ABC123","LLM_STEP","I have updated the passenger name on booking ABC123. A confirmation has been sent.","","","87a3908f-0c3a-4467-a1af-d80d2c1e49bd","-9.0","14:21:29","e04ebec8-7b97-46d8-a6ef-ba315db359b1"
"b8bf9596-f72d-436c-a1f4-9af48c4ad037","TOPIC_STEP","","SKYWAVE_PHASE_4_5","-9.0","14:24:50","","9bcd1b40-4761-4f0d-a677-4ac2a6719b97","","","","Great, thank you!","TOPIC_STEP","You are welcome. Is there anything else I can help with?","","","","-9.0","14:24:48","78bc770e-a0c5-4174-a8b3-c087c2776153"
"4512dc9b-6df1-44e0-a80b-591b1124d86f","TOPIC_STEP","","SKYWAVE_PHASE_4_5","-1.0","19:39:02","","bd4942d6-50ae-40ea-a12c-808f835bf69d","","","","Find flights from JFK to HND tomorrow","TOPIC_STEP","I found 4 flights for that route. The cheapest is SW1200 at 1pm for $1,280.","","","","-1.0","19:39:00","4a1bef88-0f7e-40e8-a216-afa6bb1fe43e"
"4512dc9b-6df1-44e0-a80b-591b1124d86f","LLM_STEP","","SKYWAVE_PHASE_4_5","-1.0","19:39:04","","f94472da-264f-4776-a5e2-17e9d969fb45","","","","Find flights from JFK to HND tomorrow","LLM_STEP","I found 4 flights for that route. The cheapest is SW1200 at 1pm for $1,280.","","","bd4942d6-50ae-40ea-a12c-808f835bf69d","-1.0","19:39:02","4a1bef88-0f7e-40e8-a216-afa6bb1fe43e"
"6247c325-5900-4a2f-ae88-725ed3fe46b9","TOPIC_STEP","","SKYWAVE_PHASE_4_5","-1.0","19:40:13","","d5c5460c-d999-475d-aa5e-a652e20b9b6d","","","","Great, thank you!","TOPIC_STEP","You are welcome. Is there anything else I can help with?","","","","-1.0","19:40:11","7429c071-ddc0-4e6f-aab0-0d253c9a7acb"
"6e5e89c4-5f9d-42c5-a85a-f8a2ca800a48","TOPIC_STEP","","SKYWAVE_PHASE_4_5","-13.0","18:08:02","","c9b99337-de67-4a40-a762-fbd6f1c25f4f","","","","Whats the weather like in Tokyo?","TOPIC_STEP","I can only help with flight bookings and Skywave loyalty questions.","","","","-13.0","18:08:00","82c80ead-0d60-4267-af20-fb86664918bd"
"6e5e89c4-5f9d-42c5-a85a-f8a2ca800a48","LLM_STEP","","SKYWAVE_PHASE_4_5","-13.0","18:08:04","","2c6e369d-0800-4a68-ac82-823f5bf6890e","","","","Whats the weather like in Tokyo?","LLM_STEP","I can only help with flight bookings and Skywave loyalty questions.","","","c9b99337-de67-4a40-a762-fbd6f1c25f4f","-13.0","18:08:02","82c80ead-0d60-4267-af20-fb86664918bd"
"b168e758-c011-4f80-a8d6-e1982c0c099b","TOPIC_STEP","","SKYWAVE_PHASE_4_5","-13.0","18:10:03","","c2c3f630-ec33-4c45-afe6-2a04ce16ecba","","","","This still is not working, I am frustrated.","TOPIC_STEP","I am sorry for the inconvenience. I was unable to resolve this for you.","","","","-13.0","18:10:01","0eb0d2df-f8f9-4ac3-ab80-fbee2dd18686"
"70138f39-68db-4b5a-a323-ad1202fbe590","TOPIC_STEP","","SKYWAVE_PHASE_4_5","-13.0","18:11:10","","f1d98c7e-d0b8-4439-a478-8de8a0dad30f","","","","What is my tier status?","TOPIC_STEP","You are Gold tier with 14,200 qualifying points this year.","","","","-13.0","18:11:08","270b5d6b-6b1e-42e8-a641-5e0fd5b971e1"
"70138f39-68db-4b5a-a323-ad1202fbe590","LLM_STEP","","SKYWAVE_PHASE_4_5","-13.0","18:11:12","","a03b24ea-7674-4b51-af86-782aee3287cf","","","","What is my tier status?","LLM_STEP","You are Gold tier with 14,200 qualifying points this year.","","","f1d98c7e-d0b8-4439-a478-8de8a0dad30f","-13.0","18:11:10","270b5d6b-6b1e-42e8-a641-5e0fd5b971e1"
"f710234c-c804-4c1d-a0e4-cfdbb515690a","TOPIC_STEP","","SKYWAVE_PHASE_4_5","-13.0","18:13:47","","5b431ffd-d891-40e4-a58c-31825ddcd85d","","","","Great, thank you!","TOPIC_STEP","You are welcome. Is there anything else I can help with?","","","","-13.0","18:13:45","2c6212cb-7c4d-4c88-a703-08caa20ed5ed"
"eb4039d4-e4d4-4663-abcd-6c445d584940","TOPIC_STEP","","SKYWAVE_PHASE_4_5","-13.0","18:14:32","","bef603d4-b6bd-4663-a6af-9a55817370bb","","","","My first name is misspelled on my ticket","TOPIC_STEP","I have corrected the spelling on your ticket. Please review the updated itinerary.","","","","-13.0","18:14:30","790f278e-0ce5-4465-aec6-f3ee0fe0263c"
"eb4039d4-e4d4-4663-abcd-6c445d584940","LLM_STEP","","SKYWAVE_PHASE_4_5","-13.0","18:14:34","","ca9b394a-2290-41aa-a442-6144929c7755","","","","My first name is misspelled on my ticket","LLM_STEP","I have corrected the spelling on your ticket. Please review the updated itinerary.","","","bef603d4-b6bd-4663-a6af-9a55817370bb","-13.0","18:14:32","790f278e-0ce5-4465-aec6-f3ee0fe0263c"
"6b5b09f3-bf8a-4d65-a7dc-bf43974a0fb1","TOPIC_STEP","","SKYWAVE_PHASE_4_5","-13.0","18:15:39","","61991dae-881f-4f7b-a243-a6670c7acbe9","","","","Great, thank you!","TOPIC_STEP","You are welcome. Is there anything else I can help with?","","","","-13.0","18:15:37","1561bce4-80c0-4bca-a1a1-8b4a183ad026"
"3e8c3875-d221-46e2-afa9-611681020038","TOPIC_STEP","","SKYWAVE_PHASE_4_5","-10.0","15:04:02","","90c497dc-a7a9-4c9e-afc7-d6a0568985e9","","","","My first name is misspelled on my ticket","TOPIC_STEP","I have corrected the spelling on your ticket. Please review the updated itinerary.","","","","-10.0","15:04:00","b148b419-edc8-420d-a188-4b92d82e181a"
"3e8c3875-d221-46e2-afa9-611681020038","LLM_STEP","","SKYWAVE_PHASE_4_5","-10.0","15:04:04","","8bcaf6ea-d4f0-44a4-ab32-c426873949e1","","","","My first name is misspelled on my ticket","LLM_STEP","I have corrected the spelling on your ticket. Please review the updated itinerary.","","","90c497dc-a7a9-4c9e-afc7-d6a0568985e9","-10.0","15:04:02","b148b419-edc8-420d-a188-4b92d82e181a"
"d2732438-e9bd-4ed1-ac3f-64bdb3cae327","TOPIC_STEP","","SKYWAVE_PHASE_4_5","-10.0","15:05:02","","091c3035-3ce5-4496-a689-69bc064b2d6f","","","","Great, thank you!","TOPIC_STEP","You are welcome. Is there anything else I can help with?","","","","-10.0","15:05:00","a4dbe3f2-46b7-4d4b-a5af-45e90cbab93b"
"5cdb6770-241c-4afc-a150-2a91ceccf295","TOPIC_STEP","","SKYWAVE_PHASE_4_5","-12.0","09:49:02","","9d0ac257-64dd-4b0f-a99b-da12506ec3fe","","","","What is my tier status?","TOPIC_STEP","You are Gold tier with 14,200 qualifying points this year.","","","","-12.0","09:49:00","7f6dab03-ec7c-429b-a262-ab5f9ff7fff8"
"5cdb6770-241c-4afc-a150-2a91ceccf295","LLM_STEP","","SKYWAVE_PHASE_4_5","-12.0","09:49:04","","cb3682ea-ec42-4ee4-a169-b62bf5ac564b","","","","What is my tier status?","LLM_STEP","You are Gold tier with 14,200 qualifying points this year.","","","9d0ac257-64dd-4b0f-a99b-da12506ec3fe","-12.0","09:49:02","7f6dab03-ec7c-429b-a262-ab5f9ff7fff8"
"8a4d2db4-954f-4ee7-af66-fbb6536ad4f3","TOPIC_STEP","","SKYWAVE_PHASE_4_5","-12.0","09:51:20","","7efc2d1d-2a98-46a7-a1a8-e99c42e492b0","","","","Great, thank you!","TOPIC_STEP","You are welcome. Is there anything else I can help with?","","","","-12.0","09:51:18","6b61778c-5a71-4f29-a73b-441223c276f0"
"9f9da544-6523-4bc9-a7e7-d794b0ef7078","TOPIC_STEP","","SKYWAVE_PHASE_4_5","-5.0","16:20:02","","371973c1-c87b-4633-ad03-f5f9437e426b","","","","Tell me a joke","TOPIC_STEP","I am a Skywave booking assistant. How can I help with your travel?","","","","-5.0","16:20:00","f50ab83e-f7bd-4501-a2e6-0911f4c30969"
"9f9da544-6523-4bc9-a7e7-d794b0ef7078","LLM_STEP","","SKYWAVE_PHASE_4_5","-5.0","16:20:04","","21e02502-54b5-4b0d-a994-971bbad67b74","","","","Tell me a joke","LLM_STEP","I am a Skywave booking assistant. How can I help with your travel?","","","371973c1-c87b-4633-ad03-f5f9437e426b","-5.0","16:20:02","f50ab83e-f7bd-4501-a2e6-0911f4c30969"
"34d6a226-64b3-42b6-a1e8-34db83e621f4","TOPIC_STEP","","SKYWAVE_PHASE_4_5","-5.0","16:22:57","","04b0260b-b502-4bae-a483-da3da7ea4999","","","","Okay.","TOPIC_STEP","Understood. Anything else I can help with?","","","","-5.0","16:22:55","a001491d-83db-4c3b-abe0-659f1d387259"
"9bb72154-9b25-488f-ab10-5dc91056dfb6","TOPIC_STEP","","SKYWAVE_PHASE_4_5","-5.0","16:23:19","","4dce9068-28aa-4225-a65b-535e72e25f08","","","","I want to select seat 1A for my flight","TOPIC_STEP","I was unable to retrieve the seat map automatically and could not assign the seat.","","","","-5.0","16:23:17","48f93a52-3346-4190-a248-9e2f94387bf2"
"9bb72154-9b25-488f-ab10-5dc91056dfb6","LLM_STEP","","SKYWAVE_PHASE_4_5","-5.0","16:23:21","","c35cbc5c-2c56-4f52-a014-0915b9d8a5c3","","","","I want to select seat 1A for my flight","LLM_STEP","I was unable to retrieve the seat map automatically and could not assign the seat.","","","4dce9068-28aa-4225-a65b-535e72e25f08","-5.0","16:23:19","48f93a52-3346-4190-a248-9e2f94387bf2"
"8d13309b-f6a8-4ced-a34c-509841a8d5e6","TOPIC_STEP","","SKYWAVE_PHASE_4_5","-5.0","16:24:27","","006b0a2a-668b-41bb-a1b6-7e43c9daeef6","","","","This still is not working, I am frustrated.","TOPIC_STEP","I am sorry for the inconvenience. I was unable to resolve this for you.","","","","-5.0","16:24:25","43ecb56a-c096-4573-ac82-431572a0070e"
"d2dbd6ab-80cc-4903-add9-5929e1b1de1c","TOPIC_STEP","","SKYWAVE_PHASE_4_5","-5.0","16:27:14","","8ffe922f-f859-447d-a564-8c6017288454","","","","Please correct my last name on booking ABC123","TOPIC_STEP","I have updated the passenger name on booking ABC123. A confirmation has been sent.","","","","-5.0","16:27:12","21c5c44e-b6b9-4532-abc5-d4f0fb36e510"
"d2dbd6ab-80cc-4903-add9-5929e1b1de1c","LLM_STEP","","SKYWAVE_PHASE_4_5","-5.0","16:27:16","","863b3596-9139-42f1-aa0e-89eab542429c","","","","Please correct my last name on booking ABC123","LLM_STEP","I have updated the passenger name on booking ABC123. A confirmation has been sent.","","","8ffe922f-f859-447d-a564-8c6017288454","-5.0","16:27:14","21c5c44e-b6b9-4532-abc5-d4f0fb36e510"
"cf2fa513-0c96-4a48-a509-94e59348de90","TOPIC_STEP","","SKYWAVE_PHASE_4_5","-5.0","16:28:11","","0faf8635-b4a4-4680-a3a5-cc1e398eb0cc","","","","Great, thank you!","TOPIC_STEP","You are welcome. Is there anything else I can help with?","","","","-5.0","16:28:09","ef6f63d7-f56d-4a89-a25e-4a27e9a9b560"
"390164fa-b93f-4aa2-a011-52873bb648ae","TOPIC_STEP","","SKYWAVE_PHASE_4_5","-10.0","13:44:02","","9c4ed6a7-f123-4bb1-ac4a-e833c5e4061f","","","","Tell me a joke","TOPIC_STEP","I am a Skywave booking assistant. How can I help with your travel?","","","","-10.0","13:44:00","72fcb0c3-25dc-4082-a450-fbc4b17dc0fa"
"390164fa-b93f-4aa2-a011-52873bb648ae","LLM_STEP","","SKYWAVE_PHASE_4_5","-10.0","13:44:04","","3072e9d3-6b2a-472e-a892-5c0817ba4e6f","","","","Tell me a joke","LLM_STEP","I am a Skywave booking assistant. How can I help with your travel?","","","9c4ed6a7-f123-4bb1-ac4a-e833c5e4061f","-10.0","13:44:02","72fcb0c3-25dc-4082-a450-fbc4b17dc0fa"
"3205b77e-f316-4020-a2ed-14886c9ab061","TOPIC_STEP","","SKYWAVE_PHASE_4_5","-10.0","13:44:32","","4e709865-8811-4c6f-a178-9a05c52240e2","","","","This still is not working, I am frustrated.","TOPIC_STEP","I am sorry for the inconvenience. I was unable to resolve this for you.","","","","-10.0","13:44:30","37ae02a9-4871-409f-a925-e6434f9afedc"
"49d49712-5ae9-4588-abac-7cf90d5b19da","TOPIC_STEP","","SKYWAVE_PHASE_4_5","-1.0","13:51:02","","10784710-7db1-4461-aff2-03eb8485a359","","","","I want to change my seat to a window seat","TOPIC_STEP","Sorry, I am unable to change your seat right now. Please try again later.","","","","-1.0","13:51:00","fa4c6d1b-cd25-446c-a80f-e8954c3cf52b"
"49d49712-5ae9-4588-abac-7cf90d5b19da","LLM_STEP","","SKYWAVE_PHASE_4_5","-1.0","13:51:04","","bfcc7901-7620-4b85-a80c-480f165ed95c","","","","I want to change my seat to a window seat","LLM_STEP","Sorry, I am unable to change your seat right now. Please try again later.","","","10784710-7db1-4461-aff2-03eb8485a359","-1.0","13:51:02","fa4c6d1b-cd25-446c-a80f-e8954c3cf52b"
"3024b330-463b-4b3a-a5d3-d3282a641cc6","TOPIC_STEP","","SKYWAVE_PHASE_4_5","-1.0","13:52:08","","50519fd9-fb5e-4a08-a9b1-9e7dfd7a9f24","","","","This still is not working, I am frustrated.","TOPIC_STEP","I am sorry for the inconvenience. I was unable to resolve this for you.","","","","-1.0","13:52:06","4d10bfce-ba3e-4740-a137-b7f9ec8b137d"
"78c6ad0a-ed4a-4e37-ac41-cf75a3e1ff8a","TOPIC_STEP","","SKYWAVE_PHASE_4_5","-1.0","13:52:51","","001ce32e-42f9-4c52-aa68-a92ffa7bca36","","","","Tell me a joke","TOPIC_STEP","I am a Skywave booking assistant. How can I help with your travel?","","","","-1.0","13:52:49","2596b87a-a47c-46ba-aade-375813ebe5c5"
"78c6ad0a-ed4a-4e37-ac41-cf75a3e1ff8a","LLM_STEP","","SKYWAVE_PHASE_4_5","-1.0","13:52:53","","6169f8da-1ad4-4dae-a003-988aaf9fb2c0","","","","Tell me a joke","LLM_STEP","I am a Skywave booking assistant. How can I help with your travel?","","","001ce32e-42f9-4c52-aa68-a92ffa7bca36","-1.0","13:52:51","2596b87a-a47c-46ba-aade-375813ebe5c5"
"bf19615e-4862-48f1-a90b-3991d16f1e1d","TOPIC_STEP","","SKYWAVE_PHASE_4_5","-1.0","13:56:38","","b9ceaad5-49aa-4d8b-a8a9-9d4f6ed201e7","","","","This still is not working, I am frustrated.","TOPIC_STEP","I am sorry for the inconvenience. I was unable to resolve this for you.","","","","-1.0","13:56:36","3ec0b853-e546-4f9b-a119-7275ce1d3215"
"2a72545b-0534-46c1-af5b-dd16020b1aea","TOPIC_STEP","","SKYWAVE_PHASE_4_5","-4.0","19:50:02","","5ea65f7f-9006-439a-a396-6547b0fdb0e2","","","","Find flights from JFK to HND tomorrow","TOPIC_STEP","I found 4 flights for that route. The cheapest is SW1200 at 1pm for $1,280.","","","","-4.0","19:50:00","7b45582d-bb1c-4a53-a3ed-1bca7b9c790d"
"2a72545b-0534-46c1-af5b-dd16020b1aea","LLM_STEP","","SKYWAVE_PHASE_4_5","-4.0","19:50:04","","db4bac67-56ff-45fe-aeaa-1e34e444db64","","","","Find flights from JFK to HND tomorrow","LLM_STEP","I found 4 flights for that route. The cheapest is SW1200 at 1pm for $1,280.","","","5ea65f7f-9006-439a-a396-6547b0fdb0e2","-4.0","19:50:02","7b45582d-bb1c-4a53-a3ed-1bca7b9c790d"
"0f274669-b9bc-46d1-a9f5-a7f5e485f552","TOPIC_STEP","","SKYWAVE_PHASE_4_5","-4.0","19:50:28","","60d41930-e547-49fe-a9eb-fb778255a8e9","","","","Great, thank you!","TOPIC_STEP","You are welcome. Is there anything else I can help with?","","","","-4.0","19:50:26","ed50c0d3-36e9-4bc0-a357-3dc931330f3e"
"3ab42500-44c6-4436-a819-ba863514ff75","TOPIC_STEP","","SKYWAVE_PHASE_4_5","-7.0","15:27:02","","8dfc5a3d-3bbc-4ea8-a432-10452f432968","","","","Can I move from 23B to an aisle seat?","TOPIC_STEP","I could not update your seat assignment. Please contact a service agent.","","","","-7.0","15:27:00","65e8a76a-3d49-4590-ad21-cd9187a662fe"
"3ab42500-44c6-4436-a819-ba863514ff75","LLM_STEP","","SKYWAVE_PHASE_4_5","-7.0","15:27:04","","c2bb949d-d8e3-430d-a26a-0d57ce8bb673","","","","Can I move from 23B to an aisle seat?","LLM_STEP","I could not update your seat assignment. Please contact a service agent.","","","8dfc5a3d-3bbc-4ea8-a432-10452f432968","-7.0","15:27:02","65e8a76a-3d49-4590-ad21-cd9187a662fe"
"869487e6-192e-484e-a86c-bc0dd4b0d836","TOPIC_STEP","","SKYWAVE_PHASE_4_5","-7.0","15:28:01","","7581631a-9b93-41a6-aea7-246e6eb59cef","","","","This still is not working, I am frustrated.","TOPIC_STEP","I am sorry for the inconvenience. I was unable to resolve this for you.","","","","-7.0","15:27:59","7de4ee73-bd46-48c3-a12a-fbb42986b6d3"
"cb3ed79c-fa80-4d1e-a926-7518633730a9","TOPIC_STEP","","SKYWAVE_PHASE_4_5","-12.0","08:47:02","","bf77c5b6-5d88-4a8e-ad6f-6081a7fdd9db","","","","My first name is misspelled on my ticket","TOPIC_STEP","I have corrected the spelling on your ticket. Please review the updated itinerary.","","","","-12.0","08:47:00","507f5e1a-c0e0-47f8-a20b-87351ebb19cc"
"cb3ed79c-fa80-4d1e-a926-7518633730a9","LLM_STEP","","SKYWAVE_PHASE_4_5","-12.0","08:47:04","","73881db7-ade8-4cb8-a481-6e448dde0f7b","","","","My first name is misspelled on my ticket","LLM_STEP","I have corrected the spelling on your ticket. Please review the updated itinerary.","","","bf77c5b6-5d88-4a8e-ad6f-6081a7fdd9db","-12.0","08:47:02","507f5e1a-c0e0-47f8-a20b-87351ebb19cc"
"cf9882e9-a0da-4c57-a674-d939d35317f4","TOPIC_STEP","","SKYWAVE_PHASE_4_5","-12.0","08:49:11","","dd01a308-c043-4f22-a05a-b14138dbb6d5","","","","Great, thank you!","TOPIC_STEP","You are welcome. Is there anything else I can help with?","","","","-12.0","08:49:09","de072bfe-6083-43e3-abe8-ef9f57c75406"
"77dd6ed7-32ad-41a8-aefd-1a0e12aee0c4","TOPIC_STEP","","SKYWAVE_PHASE_4_5","-12.0","08:50:03","","54efa1a3-bb72-4aa7-a12a-5e8325dd52f1","","","","I want to change my seat to a window seat","TOPIC_STEP","Sorry, I am unable to change your seat right now. Please try again later.","","","","-12.0","08:50:01","08bcb6c3-1656-4da2-a852-b929a0cb982b"
"77dd6ed7-32ad-41a8-aefd-1a0e12aee0c4","LLM_STEP","","SKYWAVE_PHASE_4_5","-12.0","08:50:05","","a210ea52-ae98-4e6b-abd1-c379aa73a662","","","","I want to change my seat to a window seat","LLM_STEP","Sorry, I am unable to change your seat right now. Please try again later.","","","54efa1a3-bb72-4aa7-a12a-5e8325dd52f1","-12.0","08:50:03","08bcb6c3-1656-4da2-a852-b929a0cb982b"
"1aa5dfbf-415a-49ba-a1e3-5df614ca39b9","TOPIC_STEP","","SKYWAVE_PHASE_4_5","-12.0","08:50:40","","9b991698-ccbb-4ae2-abfe-5d4b6ba6639d","","","","This still is not working, I am frustrated.","TOPIC_STEP","I am sorry for the inconvenience. I was unable to resolve this for you.","","","","-12.0","08:50:38","d2b5eb0b-500f-400f-a260-393093a3f13c"
"e22edae0-e2a5-45c5-acd4-c67776af29a7","TOPIC_STEP","","SKYWAVE_PHASE_4_5","-12.0","08:51:52","","d4e18791-48fc-4ce0-a4e4-7eadb18faa41","","","","Cancel my booking ABC123","TOPIC_STEP","I have cancelled booking ABC123. A refund of $480 will be issued.","","","","-12.0","08:51:50","2619a11a-79e1-4545-a99d-28c17250a533"
"e22edae0-e2a5-45c5-acd4-c67776af29a7","LLM_STEP","","SKYWAVE_PHASE_4_5","-12.0","08:51:54","","280ea480-afd3-46c6-ae26-7d752548863e","","","","Cancel my booking ABC123","LLM_STEP","I have cancelled booking ABC123. A refund of $480 will be issued.","","","d4e18791-48fc-4ce0-a4e4-7eadb18faa41","-12.0","08:51:52","2619a11a-79e1-4545-a99d-28c17250a533"
"58aeb846-370d-4167-a37d-3fc36f43f2aa","TOPIC_STEP","","SKYWAVE_PHASE_4_5","-12.0","08:52:17","","0dba583a-d713-4f24-ac94-8e2d1fb07933","","","","Great, thank you!","TOPIC_STEP","You are welcome. Is there anything else I can help with?","","","","-12.0","08:52:15","d734f7d8-0801-478e-aecf-7437f8a0005d"
"05929bfa-49a8-4e6b-a795-089c72596e51","TOPIC_STEP","","SKYWAVE_PHASE_4_5","-12.0","18:24:02","","de74876a-4af5-4cde-a776-3d0bcacb781b","","","","My first name is misspelled on my ticket","TOPIC_STEP","I have corrected the spelling on your ticket. Please review the updated itinerary.","","","","-12.0","18:24:00","c66879d5-3257-45ec-a961-d013f03fb033"
"05929bfa-49a8-4e6b-a795-089c72596e51","LLM_STEP","","SKYWAVE_PHASE_4_5","-12.0","18:24:04","","5491043f-9ce7-4f6f-a886-2eee82d4ae69","","","","My first name is misspelled on my ticket","LLM_STEP","I have corrected the spelling on your ticket. Please review the updated itinerary.","","","de74876a-4af5-4cde-a776-3d0bcacb781b","-12.0","18:24:02","c66879d5-3257-45ec-a961-d013f03fb033"
"48bcde94-4bf5-43dd-ac63-c5037b0114f8","TOPIC_STEP","","SKYWAVE_PHASE_4_5","-12.0","18:25:18","","78186e3e-4162-445f-a500-b95a0e366395","","","","Great, thank you!","TOPIC_STEP","You are welcome. Is there anything else I can help with?","","","","-12.0","18:25:16","49248c09-112b-42ab-a01f-af628a3a6796"
"22b4209a-5a3f-4881-a875-7aa31d2ac506","TOPIC_STEP","","SKYWAVE_PHASE_4_5","-10.0","18:59:02","","4ebc27ab-8982-41a3-a8a1-8dfb6b65aa88","","","","Find flights from JFK to HND tomorrow","TOPIC_STEP","I found 4 flights for that route. The cheapest is SW1200 at 1pm for $1,280.","","","","-10.0","18:59:00","323f17bc-20de-4193-a290-d35d3ea81aa9"
"22b4209a-5a3f-4881-a875-7aa31d2ac506","LLM_STEP","","SKYWAVE_PHASE_4_5","-10.0","18:59:04","","bb2c398c-0838-4ee7-a015-ca590445bdc1","","","","Find flights from JFK to HND tomorrow","LLM_STEP","I found 4 flights for that route. The cheapest is SW1200 at 1pm for $1,280.","","","4ebc27ab-8982-41a3-a8a1-8dfb6b65aa88","-10.0","18:59:02","323f17bc-20de-4193-a290-d35d3ea81aa9"
"f9f2793b-a8fa-497a-a76c-60d86cc1529b","TOPIC_STEP","","SKYWAVE_PHASE_4_5","-10.0","19:03:53","","9b19a896-251a-473c-ac3d-b47d2ab02a1a","","","","Great, thank you!","TOPIC_STEP","You are welcome. Is there anything else I can help with?","","","","-10.0","19:03:51","3e2b67e7-2af4-4b9a-a781-1c595c79817f"
"04155f6d-2418-4f3a-afdf-b8395854bddc","TOPIC_STEP","","SKYWAVE_PHASE_4_5","-13.0","12:42:02","","13e9d093-5b0e-4f24-a592-e2dcce81f596","","","","Cancel my booking ABC123","TOPIC_STEP","I have cancelled booking ABC123. A refund of $480 will be issued.","","","","-13.0","12:42:00","ee481e58-62b0-47af-a039-d0965575b38a"
"04155f6d-2418-4f3a-afdf-b8395854bddc","LLM_STEP","","SKYWAVE_PHASE_4_5","-13.0","12:42:04","","d68aed81-ca03-4b96-a24c-a119bdf298dc","","","","Cancel my booking ABC123","LLM_STEP","I have cancelled booking ABC123. A refund of $480 will be issued.","","","13e9d093-5b0e-4f24-a592-e2dcce81f596","-13.0","12:42:02","ee481e58-62b0-47af-a039-d0965575b38a"
"14c6aeed-037f-4274-acee-ad6f00f11c8f","TOPIC_STEP","","SKYWAVE_PHASE_4_5","-13.0","12:44:50","","e0e39261-1cc3-42ea-af9c-576580f48496","","","","Great, thank you!","TOPIC_STEP","You are welcome. Is there anything else I can help with?","","","","-13.0","12:44:48","0f715e93-c162-47db-a06b-4476bda0b4bb"
"b5ae2d4c-f270-4dce-aed3-0d134f3a9e13","TOPIC_STEP","","SKYWAVE_PHASE_4_5","-13.0","12:45:53","","ec166706-6ab3-4803-a3ef-d49234ee2aa1","","","","I want to change my seat to a window seat","TOPIC_STEP","Sorry, I am unable to change your seat right now. Please try again later.","","","","-13.0","12:45:51","1131aeb7-5fa3-4fd6-a4ba-26fa6d40c038"
"b5ae2d4c-f270-4dce-aed3-0d134f3a9e13","LLM_STEP","","SKYWAVE_PHASE_4_5","-13.0","12:45:55","","bfd4ae15-660c-4887-ab81-a84a6d3c1dfa","","","","I want to change my seat to a window seat","LLM_STEP","Sorry, I am unable to change your seat right now. Please try again later.","","","ec166706-6ab3-4803-a3ef-d49234ee2aa1","-13.0","12:45:53","1131aeb7-5fa3-4fd6-a4ba-26fa6d40c038"
"7cd665eb-7f02-4a6a-acab-579be496a43c","TOPIC_STEP","","SKYWAVE_PHASE_4_5","-13.0","12:46:26","","d0d29f48-0cde-4726-a383-f9cb31b40b58","","","","This still is not working, I am frustrated.","TOPIC_STEP","I am sorry for the inconvenience. I was unable to resolve this for you.","","","","-13.0","12:46:24","71bb2931-6298-4b36-a27c-24e02b5c0119"
"432a4fdc-669d-41d9-a6dc-9d6a72547a23","TOPIC_STEP","","SKYWAVE_PHASE_4_5","-13.0","19:54:02","","d7bdcb85-bac8-4660-a74f-710e76cd5101","","","","Can I move from 23B to an aisle seat?","TOPIC_STEP","I could not update your seat assignment. Please contact a service agent.","","","","-13.0","19:54:00","aa2f769e-73ea-4f6f-a961-f434fb061e45"
"432a4fdc-669d-41d9-a6dc-9d6a72547a23","LLM_STEP","","SKYWAVE_PHASE_4_5","-13.0","19:54:04","","3b0b3878-2290-452d-ac28-e4b350a3d6c0","","","","Can I move from 23B to an aisle seat?","LLM_STEP","I could not update your seat assignment. Please contact a service agent.","","","d7bdcb85-bac8-4660-a74f-710e76cd5101","-13.0","19:54:02","aa2f769e-73ea-4f6f-a961-f434fb061e45"
"be200337-d72f-45ad-a5c1-c0b651f9a9dd","TOPIC_STEP","","SKYWAVE_PHASE_4_5","-13.0","19:54:46","","5bfc8182-9341-4079-a83a-3368d99aacf7","","","","This still is not working, I am frustrated.","TOPIC_STEP","I am sorry for the inconvenience. I was unable to resolve this for you.","","","","-13.0","19:54:44","ad075cf6-7b9d-49ab-a3c4-4acfa935635a"
"fcbd50cd-1814-48d6-a2be-4297745ba016","TOPIC_STEP","","SKYWAVE_PHASE_4_5","-13.0","19:55:56","","a738e6ad-47d8-4a1f-ac0f-ef252e2553d4","","","","How many miles do I have?","TOPIC_STEP","You currently have 18,450 SkyWave miles. You are at Premier tier.","","","","-13.0","19:55:54","79c2e0d0-8971-4d56-ad30-a1f789a11cd6"
"fcbd50cd-1814-48d6-a2be-4297745ba016","LLM_STEP","","SKYWAVE_PHASE_4_5","-13.0","19:55:58","","a5c0dfb8-596c-4434-a20f-c730ec3e0fad","","","","How many miles do I have?","LLM_STEP","You currently have 18,450 SkyWave miles. You are at Premier tier.","","","a738e6ad-47d8-4a1f-ac0f-ef252e2553d4","-13.0","19:55:56","79c2e0d0-8971-4d56-ad30-a1f789a11cd6"
"ac836657-543a-4004-ae8d-fafafddcc887","TOPIC_STEP","","SKYWAVE_PHASE_4_5","-13.0","19:56:53","","443227ae-bae7-4e12-a364-7eee0b793d39","","","","Great, thank you!","TOPIC_STEP","You are welcome. Is there anything else I can help with?","","","","-13.0","19:56:51","bcf11d71-d492-46d8-a4e1-69794afa2594"
"1ec082f6-e76f-4544-ab2a-8e14b994f5ec","TOPIC_STEP","","SKYWAVE_PHASE_4_5","-13.0","19:57:41","","683840af-f860-42ff-a21e-790ab732fbd5","","","","My in-flight wifi did not work, I want a refund","TOPIC_STEP","I have logged your complaint as case 00012346. A refund will be processed.","","","","-13.0","19:57:39","8011a325-da15-417b-aaba-355af739138a"
"1ec082f6-e76f-4544-ab2a-8e14b994f5ec","LLM_STEP","","SKYWAVE_PHASE_4_5","-13.0","19:57:43","","ef89b7dd-eac2-49a2-af46-4e799c948eeb","","","","My in-flight wifi did not work, I want a refund","LLM_STEP","I have logged your complaint as case 00012346. A refund will be processed.","","","683840af-f860-42ff-a21e-790ab732fbd5","-13.0","19:57:41","8011a325-da15-417b-aaba-355af739138a"
"0cfd79ed-230e-46a9-ac05-678adc0ab1da","TOPIC_STEP","","SKYWAVE_PHASE_4_5","-13.0","19:58:34","","27dfb192-493f-4705-a338-4a8fd0bbce8d","","","","Great, thank you!","TOPIC_STEP","You are welcome. Is there anything else I can help with?","","","","-13.0","19:58:32","f5ac430a-5ee5-4d0c-a027-bf1faf68a376"
"c3a3a963-ca80-4138-ad11-ba3227c0160f","TOPIC_STEP","","SKYWAVE_PHASE_4_5","-7.0","13:49:02","","f7bb22f3-130e-4806-a854-902c79ee4233","","","","I want to select seat 1A for my flight","TOPIC_STEP","I was unable to retrieve the seat map automatically and could not assign the seat.","","","","-7.0","13:49:00","3aed048c-7cbd-4108-a944-5eb1fe95aab0"
"c3a3a963-ca80-4138-ad11-ba3227c0160f","LLM_STEP","","SKYWAVE_PHASE_4_5","-7.0","13:49:04","","400c8adf-2d41-4478-ad30-bfc5f9f0fbc0","","","","I want to select seat 1A for my flight","LLM_STEP","I was unable to retrieve the seat map automatically and could not assign the seat.","","","f7bb22f3-130e-4806-a854-902c79ee4233","-7.0","13:49:02","3aed048c-7cbd-4108-a944-5eb1fe95aab0"
"a9787d6b-cffb-4fde-a543-8bc76d68198b","TOPIC_STEP","","SKYWAVE_PHASE_4_5","-7.0","13:50:09","","e6912ebd-b98b-4011-adfd-e397311e96a7","","","","This still is not working, I am frustrated.","TOPIC_STEP","I am sorry for the inconvenience. I was unable to resolve this for you.","","","","-7.0","13:50:07","591e28ed-7a74-4a72-afa7-c304e16367ea"
"1841f7f0-8073-4bae-a943-2f196c5c4fca","TOPIC_STEP","","SKYWAVE_PHASE_4_5","-11.0","09:14:02","","5e091b8d-afa7-4bd8-aba4-6150d1bf5326","","","","Cancel my booking ABC123","TOPIC_STEP","I have cancelled booking ABC123. A refund of $480 will be issued.","","","","-11.0","09:14:00","e313c0af-d21b-4d13-a55f-167caa80d1d5"
"1841f7f0-8073-4bae-a943-2f196c5c4fca","LLM_STEP","","SKYWAVE_PHASE_4_5","-11.0","09:14:04","","b1e1061c-f845-4724-a743-3d3adcca4bc0","","","","Cancel my booking ABC123","LLM_STEP","I have cancelled booking ABC123. A refund of $480 will be issued.","","","5e091b8d-afa7-4bd8-aba4-6150d1bf5326","-11.0","09:14:02","e313c0af-d21b-4d13-a55f-167caa80d1d5"
"f9cc88c4-fcab-47f5-a5ae-063a76cc68fe","TOPIC_STEP","","SKYWAVE_PHASE_4_5","-11.0","09:15:01","","adb6daef-8cf4-48ed-aa47-ddedd75b6858","","","","Great, thank you!","TOPIC_STEP","You are welcome. Is there anything else I can help with?","","","","-11.0","09:14:59","ef14c0b1-8ddd-418c-a354-afbeb979ea89"
"a546d30a-096c-4028-aec7-d2a0d1f494ec","TOPIC_STEP","","SKYWAVE_PHASE_4_5","-1.0","08:07:02","","01226150-75e6-4b7b-afa9-509b4404e429","","","","I want to change my seat to a window seat","TOPIC_STEP","Sorry, I am unable to change your seat right now. Please try again later.","","","","-1.0","08:07:00","1508314a-2443-4b25-a372-16f3412700d0"
"a546d30a-096c-4028-aec7-d2a0d1f494ec","LLM_STEP","","SKYWAVE_PHASE_4_5","-1.0","08:07:04","","eb3554cd-c470-4dd7-ac44-36cc56682780","","","","I want to change my seat to a window seat","LLM_STEP","Sorry, I am unable to change your seat right now. Please try again later.","","","01226150-75e6-4b7b-afa9-509b4404e429","-1.0","08:07:02","1508314a-2443-4b25-a372-16f3412700d0"
"c5301998-faa0-4caf-aa8c-8eaf27849e06","TOPIC_STEP","","SKYWAVE_PHASE_4_5","-1.0","08:07:21","","a4221d71-bfb7-4252-ace7-444f6d46174c","","","","This still is not working, I am frustrated.","TOPIC_STEP","I am sorry for the inconvenience. I was unable to resolve this for you.","","","","-1.0","08:07:19","e909b30b-b914-43c3-a040-80e4c2f86736"
"dd792234-e5d9-4093-a741-1c085be7ef1c","TOPIC_STEP","","SKYWAVE_PHASE_4_5","-14.0","14:02:02","","47416783-c25c-4384-a06f-e4cc808cdc83","","","","Find flights from JFK to HND tomorrow","TOPIC_STEP","I found 4 flights for that route. The cheapest is SW1200 at 1pm for $1,280.","","","","-14.0","14:02:00","58913c21-bd52-4714-a17e-45ff78ad6675"
"dd792234-e5d9-4093-a741-1c085be7ef1c","LLM_STEP","","SKYWAVE_PHASE_4_5","-14.0","14:02:04","","cd43dcf3-6762-4835-a6a1-177470c6bc56","","","","Find flights from JFK to HND tomorrow","LLM_STEP","I found 4 flights for that route. The cheapest is SW1200 at 1pm for $1,280.","","","47416783-c25c-4384-a06f-e4cc808cdc83","-14.0","14:02:02","58913c21-bd52-4714-a17e-45ff78ad6675"
"71cbe86d-3ea3-4124-a526-fda41e676e99","TOPIC_STEP","","SKYWAVE_PHASE_4_5","-14.0","14:02:42","","4b477b79-da0c-4f95-a5d5-47e19fcac6d4","","","","Great, thank you!","TOPIC_STEP","You are welcome. Is there anything else I can help with?","","","","-14.0","14:02:40","87060227-aed3-4c98-a033-9ae2f7913fa0"
"4925a9ce-77c1-4831-abf2-ebeb2ce007a7","TOPIC_STEP","","SKYWAVE_PHASE_4_5","-10.0","16:07:02","","81d7e8c3-4470-46bc-a1a2-16cdf97c99c6","","","","How many miles do I have?","TOPIC_STEP","You currently have 18,450 SkyWave miles. You are at Premier tier.","","","","-10.0","16:07:00","66b57ee7-fd33-44f8-a141-2975424284d3"
"4925a9ce-77c1-4831-abf2-ebeb2ce007a7","LLM_STEP","","SKYWAVE_PHASE_4_5","-10.0","16:07:04","","d887d250-e389-42ae-aca4-6fe7c05c12f9","","","","How many miles do I have?","LLM_STEP","You currently have 18,450 SkyWave miles. You are at Premier tier.","","","81d7e8c3-4470-46bc-a1a2-16cdf97c99c6","-10.0","16:07:02","66b57ee7-fd33-44f8-a141-2975424284d3"
"efd22c65-e984-4dcd-ae03-f25f032cb963","TOPIC_STEP","","SKYWAVE_PHASE_4_5","-10.0","16:08:18","","40b31d48-cb43-4403-aa0e-1edc093131a7","","","","Great, thank you!","TOPIC_STEP","You are welcome. Is there anything else I can help with?","","","","-10.0","16:08:16","8b407be2-ce50-4bc6-a1a3-cbefb4e76f2f"
"2cdb323b-fd29-4ae3-a90c-c72d43332b36","TOPIC_STEP","","SKYWAVE_PHASE_4_5","-10.0","16:08:52","","9012a862-bbc6-4863-a1b8-8b8f8b9a82a3","","","","Can I move from 23B to an aisle seat?","TOPIC_STEP","I could not update your seat assignment. Please contact a service agent.","","","","-10.0","16:08:50","9cc8512f-8174-4b35-abb5-a8728b872ec5"
"2cdb323b-fd29-4ae3-a90c-c72d43332b36","LLM_STEP","","SKYWAVE_PHASE_4_5","-10.0","16:08:54","","bd5f885e-f91c-44ea-a065-78df8567ca71","","","","Can I move from 23B to an aisle seat?","LLM_STEP","I could not update your seat assignment. Please contact a service agent.","","","9012a862-bbc6-4863-a1b8-8b8f8b9a82a3","-10.0","16:08:52","9cc8512f-8174-4b35-abb5-a8728b872ec5"
"df5d9e28-0a36-4daa-ade3-f2dd0eac48c3","TOPIC_STEP","","SKYWAVE_PHASE_4_5","-10.0","16:09:46","","98bd1d8e-51df-456f-a3b0-3cd87277c2b5","","","","This still is not working, I am frustrated.","TOPIC_STEP","I am sorry for the inconvenience. I was unable to resolve this for you.","","","","-10.0","16:09:44","295a4d77-13c1-4d24-a584-bbcc3b4e492c"
"ac77c889-f6a6-42fc-a618-4c8af5ec8176","TOPIC_STEP","","SKYWAVE_PHASE_4_5","-3.0","09:22:02","","9b9fdbe5-5e16-4753-a03e-5c797003fb7f","","","","My in-flight wifi did not work, I want a refund","TOPIC_STEP","I have logged your complaint as case 00012346. A refund will be processed.","","","","-3.0","09:22:00","799a0b35-55b3-4b57-ac76-6f824fc2eacb"
"ac77c889-f6a6-42fc-a618-4c8af5ec8176","LLM_STEP","","SKYWAVE_PHASE_4_5","-3.0","09:22:04","","3426f034-cb9a-4522-ab94-54ae215ac625","","","","My in-flight wifi did not work, I want a refund","LLM_STEP","I have logged your complaint as case 00012346. A refund will be processed.","","","9b9fdbe5-5e16-4753-a03e-5c797003fb7f","-3.0","09:22:02","799a0b35-55b3-4b57-ac76-6f824fc2eacb"
"59ea527e-3574-4f8e-ab2a-cde754ce0927","TOPIC_STEP","","SKYWAVE_PHASE_4_5","-3.0","09:23:12","","5904a5a4-a35d-430f-a82b-2c1a7539b9a8","","","","Okay.","TOPIC_STEP","Understood. Anything else I can help with?","","","","-3.0","09:23:10","a4263fa4-d8b2-4397-a0e9-9db82076f211"
"85823f2d-7706-4d2c-a55b-45b4e286c1d7","TOPIC_STEP","","SKYWAVE_PHASE_4_5","-5.0","16:05:02","","30b196d2-bc31-4d79-aa6e-c1418cde0f59","","","","What is my tier status?","TOPIC_STEP","You are Gold tier with 14,200 qualifying points this year.","","","","-5.0","16:05:00","1be4733b-1d9c-40b5-a661-6663e9b6a8bb"
"85823f2d-7706-4d2c-a55b-45b4e286c1d7","LLM_STEP","","SKYWAVE_PHASE_4_5","-5.0","16:05:04","","ebe5a72e-37be-42f7-a81a-20f55f9476ee","","","","What is my tier status?","LLM_STEP","You are Gold tier with 14,200 qualifying points this year.","","","30b196d2-bc31-4d79-aa6e-c1418cde0f59","-5.0","16:05:02","1be4733b-1d9c-40b5-a661-6663e9b6a8bb"
"abf7f2b2-82a9-4358-a9de-d0c930751de3","TOPIC_STEP","","SKYWAVE_PHASE_4_5","-5.0","16:09:01","","3464d146-b85b-4d76-ab98-f41dab6f930e","","","","Great, thank you!","TOPIC_STEP","You are welcome. Is there anything else I can help with?","","","","-5.0","16:08:59","be47719e-0d97-4fcc-a338-59c823bc403a"
"3d0f9c13-e7a7-4ab2-a7c6-1430c2f05f2c","TOPIC_STEP","","SKYWAVE_PHASE_4_5","-5.0","16:10:17","","423fa022-8cb1-459d-a5b9-e7652cb22b77","","","","Find flights from JFK to HND tomorrow","TOPIC_STEP","I found 4 flights for that route. The cheapest is SW1200 at 1pm for $1,280.","","","","-5.0","16:10:15","cdd5d2f1-8750-4f9a-a492-ad59cd258fe6"
"3d0f9c13-e7a7-4ab2-a7c6-1430c2f05f2c","LLM_STEP","","SKYWAVE_PHASE_4_5","-5.0","16:10:19","","66ed2aed-6d6a-46d2-a0bb-446fc4ed4ee1","","","","Find flights from JFK to HND tomorrow","LLM_STEP","I found 4 flights for that route. The cheapest is SW1200 at 1pm for $1,280.","","","423fa022-8cb1-459d-a5b9-e7652cb22b77","-5.0","16:10:17","cdd5d2f1-8750-4f9a-a492-ad59cd258fe6"
"4ec537c4-1742-494b-a9f9-edd1e436d8a5","TOPIC_STEP","","SKYWAVE_PHASE_4_5","-5.0","16:11:15","","3633b38f-d385-4e2f-ac47-03da8f97dd5d","","","","Great, thank you!","TOPIC_STEP","You are welcome. Is there anything else I can help with?","","","","-5.0","16:11:13","3c863129-350d-4f5b-ab38-9f4b428e304c"
"8a19c74c-1fc7-48c2-a7eb-afa7e001964f","TOPIC_STEP","","SKYWAVE_PHASE_4_5","-5.0","11:52:02","","78c74333-8465-4f4b-aef2-5bd0fffd767c","","","","I lost my luggage in Munich last week, can you help?","TOPIC_STEP","I have created case 00012345 for your lost luggage. We will contact you within 24 hours.","","","","-5.0","11:52:00","9d2b276d-0258-4d3d-ad44-a8cba88f81f3"
"8a19c74c-1fc7-48c2-a7eb-afa7e001964f","LLM_STEP","","SKYWAVE_PHASE_4_5","-5.0","11:52:04","","10bf25dd-5a4b-4867-a16a-27770a4656e2","","","","I lost my luggage in Munich last week, can you help?","LLM_STEP","I have created case 00012345 for your lost luggage. We will contact you within 24 hours.","","","78c74333-8465-4f4b-aef2-5bd0fffd767c","-5.0","11:52:02","9d2b276d-0258-4d3d-ad44-a8cba88f81f3"
"18806551-382a-4034-a348-391cd161fb0a","TOPIC_STEP","","SKYWAVE_PHASE_4_5","-5.0","11:53:05","","3f2c5aa7-bba8-442e-a308-fa46617ea7b0","","","","Okay.","TOPIC_STEP","Understood. Anything else I can help with?","","","","-5.0","11:53:03","c8be8cd0-d9dc-4e46-a4b9-39d48c418951"
"a1c8c6bd-e7af-4be7-a4c4-cfe417503939","TOPIC_STEP","","SKYWAVE_PHASE_4_5","-5.0","11:53:35","","f055e5d7-f641-4baa-a469-f2351274002f","","","","Cancel my booking ABC123","TOPIC_STEP","I have cancelled booking ABC123. A refund of $480 will be issued.","","","","-5.0","11:53:33","91faf60b-31fc-4bc7-a36a-65cf4a0b084b"
"a1c8c6bd-e7af-4be7-a4c4-cfe417503939","LLM_STEP","","SKYWAVE_PHASE_4_5","-5.0","11:53:37","","0e87debd-8403-4b67-a03a-e7a5ed4ba143","","","","Cancel my booking ABC123","LLM_STEP","I have cancelled booking ABC123. A refund of $480 will be issued.","","","f055e5d7-f641-4baa-a469-f2351274002f","-5.0","11:53:35","91faf60b-31fc-4bc7-a36a-65cf4a0b084b"
"33cc3041-0af4-4d9a-a4b5-00eff746f558","TOPIC_STEP","","SKYWAVE_PHASE_4_5","-5.0","11:54:02","","2b0ee9c1-3d64-4313-a753-54fdd4c2bfeb","","","","Great, thank you!","TOPIC_STEP","You are welcome. Is there anything else I can help with?","","","","-5.0","11:54:00","9672182f-6c1a-4a79-ada9-16b9c6e948f0"
"218dba25-db5c-4c00-a0d2-e7fd263bd904","TOPIC_STEP","","SKYWAVE_PHASE_4_5","-7.0","13:12:02","","054d5e25-96ef-4201-af50-f8f63be9599a","","","","How many miles do I have?","TOPIC_STEP","You currently have 18,450 SkyWave miles. You are at Premier tier.","","","","-7.0","13:12:00","abe885a3-031d-426d-a9f8-1d8e5ee5f828"
"218dba25-db5c-4c00-a0d2-e7fd263bd904","LLM_STEP","","SKYWAVE_PHASE_4_5","-7.0","13:12:04","","4a0172aa-de55-4325-a9c3-864173afe2a1","","","","How many miles do I have?","LLM_STEP","You currently have 18,450 SkyWave miles. You are at Premier tier.","","","054d5e25-96ef-4201-af50-f8f63be9599a","-7.0","13:12:02","abe885a3-031d-426d-a9f8-1d8e5ee5f828"
"3799cb68-63cf-4166-af43-febfa5a4fe97","TOPIC_STEP","","SKYWAVE_PHASE_4_5","-7.0","13:13:40","","c8d2c940-85f1-402b-afc0-c7f6c2928103","","","","Great, thank you!","TOPIC_STEP","You are welcome. Is there anything else I can help with?","","","","-7.0","13:13:38","09013017-46b8-4385-a752-2c8f4522b5f0"
"d41e033a-0c0a-4339-a62d-511592c89bc9","TOPIC_STEP","","SKYWAVE_PHASE_4_5","-1.0","14:16:02","","860060eb-4af8-492d-a702-2825a07a5eec","","","","Cancel my booking ABC123","TOPIC_STEP","I have cancelled booking ABC123. A refund of $480 will be issued.","","","","-1.0","14:16:00","b3133492-f090-44b4-acd3-fd921f348e15"
"d41e033a-0c0a-4339-a62d-511592c89bc9","LLM_STEP","","SKYWAVE_PHASE_4_5","-1.0","14:16:04","","3bbef93a-fb50-473d-a9ab-9a17ba12a723","","","","Cancel my booking ABC123","LLM_STEP","I have cancelled booking ABC123. A refund of $480 will be issued.","","","860060eb-4af8-492d-a702-2825a07a5eec","-1.0","14:16:02","b3133492-f090-44b4-acd3-fd921f348e15"
"433aa9fa-8836-42b4-afe9-8d43e812989d","TOPIC_STEP","","SKYWAVE_PHASE_4_5","-1.0","14:19:46","","3605daca-8e48-4885-ac5b-c325a2f98ea4","","","","Great, thank you!","TOPIC_STEP","You are welcome. Is there anything else I can help with?","","","","-1.0","14:19:44","bfc22768-24c7-4422-a4a4-84f0c23e5113"
"4e77d237-c0c7-4c50-ac82-76fec857d519","TOPIC_STEP","","SKYWAVE_PHASE_4_5","-14.0","18:07:02","","d1ffa788-564f-4d80-abf7-0b158c4ca72c","","","","My in-flight wifi did not work, I want a refund","TOPIC_STEP","I have logged your complaint as case 00012346. A refund will be processed.","","","","-14.0","18:07:00","2d62c6d3-d179-4a6a-ad89-74c7536cd93f"
"4e77d237-c0c7-4c50-ac82-76fec857d519","LLM_STEP","","SKYWAVE_PHASE_4_5","-14.0","18:07:04","","6dd7006f-0e25-487d-ab9d-0baca2b47777","","","","My in-flight wifi did not work, I want a refund","LLM_STEP","I have logged your complaint as case 00012346. A refund will be processed.","","","d1ffa788-564f-4d80-abf7-0b158c4ca72c","-14.0","18:07:02","2d62c6d3-d179-4a6a-ad89-74c7536cd93f"
"d12ad135-de08-4cad-a32e-e933ccd66c3e","TOPIC_STEP","","SKYWAVE_PHASE_4_5","-14.0","18:07:51","","37ff172e-8725-406b-ab57-109bc61c5bca","","","","Okay.","TOPIC_STEP","Understood. Anything else I can help with?","","","","-14.0","18:07:49","c9184f81-fc66-42f1-a544-46dd291e5864"
"0186add9-253b-4b27-a3d5-5d62d0449584","TOPIC_STEP","","SKYWAVE_PHASE_4_5","-14.0","18:08:24","","3ca7c9d1-279e-4530-aacf-7a3e24aa81b7","","","","Please correct my last name on booking ABC123","TOPIC_STEP","I have updated the passenger name on booking ABC123. A confirmation has been sent.","","","","-14.0","18:08:22","5407f809-a9f8-45f3-af61-83ef56ae3f58"
"0186add9-253b-4b27-a3d5-5d62d0449584","LLM_STEP","","SKYWAVE_PHASE_4_5","-14.0","18:08:26","","b1a07fa7-361d-4675-a4c6-d24b5b896d19","","","","Please correct my last name on booking ABC123","LLM_STEP","I have updated the passenger name on booking ABC123. A confirmation has been sent.","","","3ca7c9d1-279e-4530-aacf-7a3e24aa81b7","-14.0","18:08:24","5407f809-a9f8-45f3-af61-83ef56ae3f58"
"567c24ef-5bed-469b-a823-1b23298a93ee","TOPIC_STEP","","SKYWAVE_PHASE_4_5","-14.0","18:09:23","","03893ef6-c47d-42da-af1a-ea8b908844e8","","","","Great, thank you!","TOPIC_STEP","You are welcome. Is there anything else I can help with?","","","","-14.0","18:09:21","64a89b56-57d3-4546-a015-aa74c3dc2b22"
"2548ea1a-542e-4b7c-a5a6-a8cd7b9b1b35","TOPIC_STEP","","SKYWAVE_PHASE_4_5","-10.0","12:08:02","","3cb6f567-233d-4935-a3b0-74241fda4e28","","","","Cancel my booking ABC123","TOPIC_STEP","I have cancelled booking ABC123. A refund of $480 will be issued.","","","","-10.0","12:08:00","336d6e0e-b5dc-4f59-a21a-a683ae3812aa"
"2548ea1a-542e-4b7c-a5a6-a8cd7b9b1b35","LLM_STEP","","SKYWAVE_PHASE_4_5","-10.0","12:08:04","","38c93c32-a9e2-4fd6-a913-97e5b0f86245","","","","Cancel my booking ABC123","LLM_STEP","I have cancelled booking ABC123. A refund of $480 will be issued.","","","3cb6f567-233d-4935-a3b0-74241fda4e28","-10.0","12:08:02","336d6e0e-b5dc-4f59-a21a-a683ae3812aa"
"efe8e16d-8b2c-43ab-a2f5-8eaf8917b93b","TOPIC_STEP","","SKYWAVE_PHASE_4_5","-10.0","12:09:09","","a219cfab-51b6-4eca-a694-0712347a16c6","","","","Great, thank you!","TOPIC_STEP","You are welcome. Is there anything else I can help with?","","","","-10.0","12:09:07","0bc53ffd-78ca-4edc-a162-779b7e1457b3"
"26342274-6dc8-4c19-aced-de3c9951a006","TOPIC_STEP","","SKYWAVE_PHASE_4_5","-7.0","10:09:02","","63ee9fd1-eb0e-4526-a0ac-d61c070d7d77","","","","Whats the weather like in Tokyo?","TOPIC_STEP","I can only help with flight bookings and Skywave loyalty questions.","","","","-7.0","10:09:00","c4fdb1ce-4cd5-45c8-af38-3cc71a593f0a"
"26342274-6dc8-4c19-aced-de3c9951a006","LLM_STEP","","SKYWAVE_PHASE_4_5","-7.0","10:09:04","","9e951af8-82ac-42ee-aaf1-25757f00a2af","","","","Whats the weather like in Tokyo?","LLM_STEP","I can only help with flight bookings and Skywave loyalty questions.","","","63ee9fd1-eb0e-4526-a0ac-d61c070d7d77","-7.0","10:09:02","c4fdb1ce-4cd5-45c8-af38-3cc71a593f0a"
"94734e2b-96f8-4c0d-a4d9-ea1046284db2","TOPIC_STEP","","SKYWAVE_PHASE_4_5","-7.0","10:09:30","","ae1dc5db-6d6a-4fe3-a10e-8aca4f56742c","","","","This still is not working, I am frustrated.","TOPIC_STEP","I am sorry for the inconvenience. I was unable to resolve this for you.","","","","-7.0","10:09:28","61a356e5-9b4d-4a0c-a312-696adeee5584"
"e24156f0-2d4d-41d8-a945-8a0bf6f58365","TOPIC_STEP","","SKYWAVE_PHASE_4_5","-10.0","12:43:02","","cca0c45c-40b2-4d66-a0c4-d72e4bcf5e96","","","","I lost my luggage in Munich last week, can you help?","TOPIC_STEP","I have created case 00012345 for your lost luggage. We will contact you within 24 hours.","","","","-10.0","12:43:00","8d9a1705-48c1-4b54-a66c-90e88d9f5f68"
"e24156f0-2d4d-41d8-a945-8a0bf6f58365","LLM_STEP","","SKYWAVE_PHASE_4_5","-10.0","12:43:04","","e5f9bf9f-138e-4e36-a533-1c07c5a7a295","","","","I lost my luggage in Munich last week, can you help?","LLM_STEP","I have created case 00012345 for your lost luggage. We will contact you within 24 hours.","","","cca0c45c-40b2-4d66-a0c4-d72e4bcf5e96","-10.0","12:43:02","8d9a1705-48c1-4b54-a66c-90e88d9f5f68"
"663274a4-71e6-4e3b-a538-970cdf899468","TOPIC_STEP","","SKYWAVE_PHASE_4_5","-10.0","12:44:14","","ea25f7c2-054b-452d-a1bf-d74bf2872fb3","","","","Okay.","TOPIC_STEP","Understood. Anything else I can help with?","","","","-10.0","12:44:12","e94043d6-2e78-40fc-af0e-ad9863bd0cd5"
"a2adce84-d02c-4d91-a943-2da51406acb7","TOPIC_STEP","","SKYWAVE_PHASE_4_5","-10.0","12:44:38","","21988925-221d-40f6-aa57-4520f21a1a19","","","","My first name is misspelled on my ticket","TOPIC_STEP","I have corrected the spelling on your ticket. Please review the updated itinerary.","","","","-10.0","12:44:36","73f708ce-f01c-4284-a86a-52b102bb3a67"
"a2adce84-d02c-4d91-a943-2da51406acb7","LLM_STEP","","SKYWAVE_PHASE_4_5","-10.0","12:44:40","","cdafbcef-b52e-4be2-a576-a6c26de8586b","","","","My first name is misspelled on my ticket","LLM_STEP","I have corrected the spelling on your ticket. Please review the updated itinerary.","","","21988925-221d-40f6-aa57-4520f21a1a19","-10.0","12:44:38","73f708ce-f01c-4284-a86a-52b102bb3a67"
"4f5875e6-ec0f-4545-a4e1-cee41726836d","TOPIC_STEP","","SKYWAVE_PHASE_4_5","-10.0","12:45:10","","005d06ad-6722-427e-ac0b-97cafb9831d1","","","","Great, thank you!","TOPIC_STEP","You are welcome. Is there anything else I can help with?","","","","-10.0","12:45:08","9559cadc-a0f0-4150-af53-4956c1d8142e"
"d684cb2d-1323-457b-a0bb-35858d7768eb","TOPIC_STEP","","SKYWAVE_PHASE_4_5","-7.0","19:52:02","","f63b33d7-304c-43bb-a39b-dbe81d77158d","","","","Cancel my booking ABC123","TOPIC_STEP","I have cancelled booking ABC123. A refund of $480 will be issued.","","","","-7.0","19:52:00","bb2453cc-33d2-43dd-a1f0-38b4616eb23f"
"d684cb2d-1323-457b-a0bb-35858d7768eb","LLM_STEP","","SKYWAVE_PHASE_4_5","-7.0","19:52:04","","ceb5c0b5-cd12-4498-ac8a-d0a05797f461","","","","Cancel my booking ABC123","LLM_STEP","I have cancelled booking ABC123. A refund of $480 will be issued.","","","f63b33d7-304c-43bb-a39b-dbe81d77158d","-7.0","19:52:02","bb2453cc-33d2-43dd-a1f0-38b4616eb23f"
"00f0a3f2-f905-488e-a5b5-018741047530","TOPIC_STEP","","SKYWAVE_PHASE_4_5","-7.0","19:54:32","","00af103f-900a-4e00-aebe-f867a24a6a1e","","","","Great, thank you!","TOPIC_STEP","You are welcome. Is there anything else I can help with?","","","","-7.0","19:54:30","3bf76ed9-625c-4d8a-a9f3-8c81357ac7fb"
"c6e7f7e5-b747-40ba-a561-ad97bf4d1326","TOPIC_STEP","","SKYWAVE_PHASE_4_5","-8.0","13:55:02","","5ac71d7f-27f5-4d3a-acc2-92ed3632a09f","","","","I want to select seat 1A for my flight","TOPIC_STEP","I was unable to retrieve the seat map automatically and could not assign the seat.","","","","-8.0","13:55:00","5f603296-44d9-41dc-a5f6-f5fa765a98ab"
"c6e7f7e5-b747-40ba-a561-ad97bf4d1326","LLM_STEP","","SKYWAVE_PHASE_4_5","-8.0","13:55:04","","4610b292-38b7-4d79-ad74-8df4c9e478ea","","","","I want to select seat 1A for my flight","LLM_STEP","I was unable to retrieve the seat map automatically and could not assign the seat.","","","5ac71d7f-27f5-4d3a-acc2-92ed3632a09f","-8.0","13:55:02","5f603296-44d9-41dc-a5f6-f5fa765a98ab"
"32e54e3b-007b-4bed-a3a3-acccf883b33d","TOPIC_STEP","","SKYWAVE_PHASE_4_5","-8.0","13:57:21","","56654153-62b2-422f-af20-834a3bc46837","","","","This still is not working, I am frustrated.","TOPIC_STEP","I am sorry for the inconvenience. I was unable to resolve this for you.","","","","-8.0","13:57:19","568811a9-5f35-4d39-a4ea-720b3519a0b5"
"461fcecd-af35-496d-afe6-e33799a836e5","TOPIC_STEP","","SKYWAVE_PHASE_4_5","-8.0","14:01:08","","05a66da8-b28e-437d-adca-e4a1107f5ab6","","","","I lost my luggage in Munich last week, can you help?","TOPIC_STEP","I have created case 00012345 for your lost luggage. We will contact you within 24 hours.","","","","-8.0","14:01:06","8e59770c-fe49-4641-af15-c1ef4f21abfb"
"461fcecd-af35-496d-afe6-e33799a836e5","LLM_STEP","","SKYWAVE_PHASE_4_5","-8.0","14:01:10","","fb99712b-9d06-4058-a9c8-91121e23fc85","","","","I lost my luggage in Munich last week, can you help?","LLM_STEP","I have created case 00012345 for your lost luggage. We will contact you within 24 hours.","","","05a66da8-b28e-437d-adca-e4a1107f5ab6","-8.0","14:01:08","8e59770c-fe49-4641-af15-c1ef4f21abfb"
"ac942208-5871-44e4-a96a-7c3ed46579f5","TOPIC_STEP","","SKYWAVE_PHASE_4_5","-8.0","14:02:20","","29b6fc26-a5e2-4503-a75b-6d769ab46609","","","","Great, thank you!","TOPIC_STEP","You are welcome. Is there anything else I can help with?","","","","-8.0","14:02:18","d995d7ea-e45b-4bab-ab0b-7d843ef91348"
"6136b16c-c113-4ee7-ab24-40ab462ad8e3","TOPIC_STEP","","SKYWAVE_PHASE_4_5","-14.0","14:29:02","","aba2c8da-d505-4888-a770-c4c46af86cb3","","","","I lost my luggage in Munich last week, can you help?","TOPIC_STEP","I have created case 00012345 for your lost luggage. We will contact you within 24 hours.","","","","-14.0","14:29:00","995018b8-d9e7-4148-adf9-eda440ddf80e"
"6136b16c-c113-4ee7-ab24-40ab462ad8e3","LLM_STEP","","SKYWAVE_PHASE_4_5","-14.0","14:29:04","","f783d2d5-8353-4f64-a360-759b727a09ea","","","","I lost my luggage in Munich last week, can you help?","LLM_STEP","I have created case 00012345 for your lost luggage. We will contact you within 24 hours.","","","aba2c8da-d505-4888-a770-c4c46af86cb3","-14.0","14:29:02","995018b8-d9e7-4148-adf9-eda440ddf80e"
"397b5eb0-0f85-45b0-a994-dc088794ca80","TOPIC_STEP","","SKYWAVE_PHASE_4_5","-14.0","14:29:41","","9c75d1d8-9205-4cc8-a13b-f7c573364a91","","","","Okay.","TOPIC_STEP","Understood. Anything else I can help with?","","","","-14.0","14:29:39","f1c8bc20-1675-48d0-abe8-d2ea8d91c44a"
"d4a0ea16-70ec-4dc7-a19a-37e8a68cde0c","TOPIC_STEP","","SKYWAVE_PHASE_4_5","-6.0","08:02:02","","1f15268d-8aea-49f4-a3d6-1ad6f4554d9c","","","","I lost my luggage in Munich last week, can you help?","TOPIC_STEP","I have created case 00012345 for your lost luggage. We will contact you within 24 hours.","","","","-6.0","08:02:00","79bfd906-81cf-4c94-afc2-fc01a8cbea64"
"d4a0ea16-70ec-4dc7-a19a-37e8a68cde0c","LLM_STEP","","SKYWAVE_PHASE_4_5","-6.0","08:02:04","","34f4dc87-3e40-40a8-a83a-678c63db44cc","","","","I lost my luggage in Munich last week, can you help?","LLM_STEP","I have created case 00012345 for your lost luggage. We will contact you within 24 hours.","","","1f15268d-8aea-49f4-a3d6-1ad6f4554d9c","-6.0","08:02:02","79bfd906-81cf-4c94-afc2-fc01a8cbea64"
"e345302f-01d1-4038-ac9b-94af13daa84a","TOPIC_STEP","","SKYWAVE_PHASE_4_5","-6.0","08:02:34","","299b045d-ef14-4405-a3cf-f25f7a7417fd","","","","Great, thank you!","TOPIC_STEP","You are welcome. Is there anything else I can help with?","","","","-6.0","08:02:32","d1272bc4-1fa2-4f7d-a251-fcd842d7990b"
"0dffa12f-b571-4a9c-afaf-92ebdbfabb3d","TOPIC_STEP","","SKYWAVE_PHASE_4_5","-6.0","08:03:24","","09637166-78c0-45f2-acf4-0b637da422bf","","","","Cancel my booking ABC123","TOPIC_STEP","I have cancelled booking ABC123. A refund of $480 will be issued.","","","","-6.0","08:03:22","69636865-52e1-434b-af81-cf5d1774fe36"
"0dffa12f-b571-4a9c-afaf-92ebdbfabb3d","LLM_STEP","","SKYWAVE_PHASE_4_5","-6.0","08:03:26","","bacaed1b-6eb3-4f13-af5f-f1d716bb5b7c","","","","Cancel my booking ABC123","LLM_STEP","I have cancelled booking ABC123. A refund of $480 will be issued.","","","09637166-78c0-45f2-acf4-0b637da422bf","-6.0","08:03:24","69636865-52e1-434b-af81-cf5d1774fe36"
"7849e8c3-98da-4374-ae31-ed057746785c","TOPIC_STEP","","SKYWAVE_PHASE_4_5","-6.0","08:06:34","","be2dc9a6-8691-4a1d-aa8b-677fce0b3731","","","","Great, thank you!","TOPIC_STEP","You are welcome. Is there anything else I can help with?","","","","-6.0","08:06:32","470e3491-5b68-4f32-a783-1b2af08d4c41"
"a257564e-d0a5-4d34-a28e-42bd0c2c0d69","TOPIC_STEP","","SKYWAVE_PHASE_4_5","-9.0","09:05:02","","f8eb8949-7dfc-4c4e-a92c-b82eeef0219c","","","","Find flights from JFK to HND tomorrow","TOPIC_STEP","I found 4 flights for that route. The cheapest is SW1200 at 1pm for $1,280.","","","","-9.0","09:05:00","609bb334-89dd-4f18-a0ee-dfd07f499ca9"
"a257564e-d0a5-4d34-a28e-42bd0c2c0d69","LLM_STEP","","SKYWAVE_PHASE_4_5","-9.0","09:05:04","","71d6103b-894a-4b33-af71-6a100808f7af","","","","Find flights from JFK to HND tomorrow","LLM_STEP","I found 4 flights for that route. The cheapest is SW1200 at 1pm for $1,280.","","","f8eb8949-7dfc-4c4e-a92c-b82eeef0219c","-9.0","09:05:02","609bb334-89dd-4f18-a0ee-dfd07f499ca9"
"1f2f44e8-5089-4e12-ab4e-89215964d00e","TOPIC_STEP","","SKYWAVE_PHASE_4_5","-9.0","09:08:51","","37ada631-8f16-4ac9-a9ad-fdff2d9a9d8b","","","","Great, thank you!","TOPIC_STEP","You are welcome. Is there anything else I can help with?","","","","-9.0","09:08:49","181665ad-33ed-40f1-ab59-398dcba9755d"
"9fcb3884-a9a4-4735-a45d-1ea7d47c628f","TOPIC_STEP","","SKYWAVE_PHASE_4_5","-9.0","09:09:54","","d6616fef-78fb-43cf-a27b-8ee3e952631f","","","","I want to select seat 1A for my flight","TOPIC_STEP","I was unable to retrieve the seat map automatically and could not assign the seat.","","","","-9.0","09:09:52","1b780d2e-b017-4f51-af24-3863100343f8"
"9fcb3884-a9a4-4735-a45d-1ea7d47c628f","LLM_STEP","","SKYWAVE_PHASE_4_5","-9.0","09:09:56","","047caae4-da65-4eda-adec-717152afa77b","","","","I want to select seat 1A for my flight","LLM_STEP","I was unable to retrieve the seat map automatically and could not assign the seat.","","","d6616fef-78fb-43cf-a27b-8ee3e952631f","-9.0","09:09:54","1b780d2e-b017-4f51-af24-3863100343f8"
"1d797c4d-0356-422d-a6fb-dd76066ca84a","TOPIC_STEP","","SKYWAVE_PHASE_4_5","-9.0","09:10:36","","8af7f6ee-c1f4-4365-af9e-653d7fbf5505","","","","This still is not working, I am frustrated.","TOPIC_STEP","I am sorry for the inconvenience. I was unable to resolve this for you.","","","","-9.0","09:10:34","8d9c4bf7-ff03-439d-a0d3-74f8f9b51ed0"
"f85bef53-f784-47da-a44f-ff28e8d48a3f","TOPIC_STEP","","SKYWAVE_PHASE_4_5","-4.0","19:17:02","","3135e246-3892-4277-ac3b-12d5d2ddd7bc","","","","I want to change my seat to a window seat","TOPIC_STEP","Sorry, I am unable to change your seat right now. Please try again later.","","","","-4.0","19:17:00","990d6dcc-a665-4b1f-adc2-07f9c5294d71"
"f85bef53-f784-47da-a44f-ff28e8d48a3f","LLM_STEP","","SKYWAVE_PHASE_4_5","-4.0","19:17:04","","ee319d7c-00e6-4fc1-abe6-976d86aedf00","","","","I want to change my seat to a window seat","LLM_STEP","Sorry, I am unable to change your seat right now. Please try again later.","","","3135e246-3892-4277-ac3b-12d5d2ddd7bc","-4.0","19:17:02","990d6dcc-a665-4b1f-adc2-07f9c5294d71"
"1db0a468-1765-4f5a-a7c4-4d07966afb39","TOPIC_STEP","","SKYWAVE_PHASE_4_5","-4.0","19:20:37","","2b08725b-06af-48f1-ae30-7cad71d38b11","","","","This still is not working, I am frustrated.","TOPIC_STEP","I am sorry for the inconvenience. I was unable to resolve this for you.","","","","-4.0","19:20:35","f18a33d3-a250-490e-a9a0-8980ef568b50"
"770321a4-2863-47f2-a228-c4c9c78c4518","TOPIC_STEP","","SKYWAVE_PHASE_4_5","-4.0","19:21:02","","459fc1c0-700f-49de-a7cf-dedc54615919","","","","Find flights from JFK to HND tomorrow","TOPIC_STEP","I found 4 flights for that route. The cheapest is SW1200 at 1pm for $1,280.","","","","-4.0","19:21:00","2163c0ed-1d49-4b3d-a156-64e025e17191"
"770321a4-2863-47f2-a228-c4c9c78c4518","LLM_STEP","","SKYWAVE_PHASE_4_5","-4.0","19:21:04","","34f9a46a-c4ac-417b-a3b0-4205b0030cbf","","","","Find flights from JFK to HND tomorrow","LLM_STEP","I found 4 flights for that route. The cheapest is SW1200 at 1pm for $1,280.","","","459fc1c0-700f-49de-a7cf-dedc54615919","-4.0","19:21:02","2163c0ed-1d49-4b3d-a156-64e025e17191"
"b8da34eb-c0d4-48a0-af5f-7dba77cde90f","TOPIC_STEP","","SKYWAVE_PHASE_4_5","-4.0","19:21:51","","50ad0af9-f9d8-4d3a-adcd-4810c2d8a688","","","","Great, thank you!","TOPIC_STEP","You are welcome. Is there anything else I can help with?","","","","-4.0","19:21:49","796f64d1-b8d5-4a8c-a151-34bac344860d"
"1b5bc7e3-009d-488e-aa65-b97b2f399737","TOPIC_STEP","","SKYWAVE_PHASE_4_5","-14.0","17:53:02","","023ce42f-da15-4ac1-a7a6-a8303add23c9","","","","Whats the weather like in Tokyo?","TOPIC_STEP","I can only help with flight bookings and Skywave loyalty questions.","","","","-14.0","17:53:00","5a0b34c9-a9a0-4e87-ac4f-4111477f1404"
"1b5bc7e3-009d-488e-aa65-b97b2f399737","LLM_STEP","","SKYWAVE_PHASE_4_5","-14.0","17:53:04","","d32a595f-d531-4a34-a0a7-98d915922544","","","","Whats the weather like in Tokyo?","LLM_STEP","I can only help with flight bookings and Skywave loyalty questions.","","","023ce42f-da15-4ac1-a7a6-a8303add23c9","-14.0","17:53:02","5a0b34c9-a9a0-4e87-ac4f-4111477f1404"
"6674f601-3069-4cd3-ad53-e9a53fbda5d4","TOPIC_STEP","","SKYWAVE_PHASE_4_5","-14.0","17:54:06","","3553b094-27ad-4908-a0f7-ea9a7f57ba87","","","","This still is not working, I am frustrated.","TOPIC_STEP","I am sorry for the inconvenience. I was unable to resolve this for you.","","","","-14.0","17:54:04","43d164f1-0b25-4c01-a188-57cc986c02d4"
"02bc5131-b24c-41f7-a26c-ef4de9538944","TOPIC_STEP","","SKYWAVE_PHASE_4_5","-14.0","17:59:06","","583d7f66-4824-446c-a585-8797306a6d31","","","","I lost my luggage in Munich last week, can you help?","TOPIC_STEP","I have created case 00012345 for your lost luggage. We will contact you within 24 hours.","","","","-14.0","17:59:04","6cd4f334-c2b7-4cb9-afad-d71e44c8d6de"
"02bc5131-b24c-41f7-a26c-ef4de9538944","LLM_STEP","","SKYWAVE_PHASE_4_5","-14.0","17:59:08","","1e6096a9-4cea-4127-ab12-9e3e7806da04","","","","I lost my luggage in Munich last week, can you help?","LLM_STEP","I have created case 00012345 for your lost luggage. We will contact you within 24 hours.","","","583d7f66-4824-446c-a585-8797306a6d31","-14.0","17:59:06","6cd4f334-c2b7-4cb9-afad-d71e44c8d6de"
"7dd0fa37-3549-41f6-a3b0-454a68b03798","TOPIC_STEP","","SKYWAVE_PHASE_4_5","-14.0","17:59:30","","6291bb10-5dae-4da2-a495-30d7158081b0","","","","Okay.","TOPIC_STEP","Understood. Anything else I can help with?","","","","-14.0","17:59:28","01c6edeb-8335-423b-a417-302d9cab5d88"
"4d6db97a-7b45-4895-a98e-812479619894","TOPIC_STEP","","SKYWAVE_PHASE_4_5","-14.0","18:02:18","","c62f48e0-5ba6-4137-a1f2-d105aafc2501","","","","My in-flight wifi did not work, I want a refund","TOPIC_STEP","I have logged your complaint as case 00012346. A refund will be processed.","","","","-14.0","18:02:16","b0e041b7-af8d-4fe2-a0bb-7ef0179a2b7f"
"4d6db97a-7b45-4895-a98e-812479619894","LLM_STEP","","SKYWAVE_PHASE_4_5","-14.0","18:02:20","","f0d9c027-ba3d-4cac-a461-c7182bed258d","","","","My in-flight wifi did not work, I want a refund","LLM_STEP","I have logged your complaint as case 00012346. A refund will be processed.","","","c62f48e0-5ba6-4137-a1f2-d105aafc2501","-14.0","18:02:18","b0e041b7-af8d-4fe2-a0bb-7ef0179a2b7f"
"9e959ad0-f3a9-422e-a6ef-2c62a575c355","TOPIC_STEP","","SKYWAVE_PHASE_4_5","-14.0","18:03:31","","c85006f9-e333-4ef7-aff5-baf97f25af97","","","","Okay.","TOPIC_STEP","Understood. Anything else I can help with?","","","","-14.0","18:03:29","24b02ff5-881b-4726-a9c8-c855033c95a4"
"7c80996c-410d-415d-a210-ddcb4025166e","TOPIC_STEP","","SKYWAVE_PHASE_4_5","-10.0","19:11:02","","11ed26ff-a1e4-44e3-a18a-3d2a061a189a","","","","Can I move from 23B to an aisle seat?","TOPIC_STEP","I could not update your seat assignment. Please contact a service agent.","","","","-10.0","19:11:00","f8594a35-5cbd-4924-ad08-7dce41538be9"
"7c80996c-410d-415d-a210-ddcb4025166e","LLM_STEP","","SKYWAVE_PHASE_4_5","-10.0","19:11:04","","61ddbf1a-e9d2-4bf5-a9a8-5dcf493ebc13","","","","Can I move from 23B to an aisle seat?","LLM_STEP","I could not update your seat assignment. Please contact a service agent.","","","11ed26ff-a1e4-44e3-a18a-3d2a061a189a","-10.0","19:11:02","f8594a35-5cbd-4924-ad08-7dce41538be9"
"8b74a57e-0109-4e23-a78f-11a1a64352de","TOPIC_STEP","","SKYWAVE_PHASE_4_5","-10.0","19:12:50","","78705356-935d-4699-a067-65deb97ec6e3","","","","This still is not working, I am frustrated.","TOPIC_STEP","I am sorry for the inconvenience. I was unable to resolve this for you.","","","","-10.0","19:12:48","549d36cf-10b0-4539-a0a7-c3c82e4abe4e"
"6a43c4c3-e0e1-4079-a0f6-a3683fbb548d","TOPIC_STEP","","SKYWAVE_PHASE_4_5","-14.0","19:38:02","","5f744fef-ca02-4e4c-a1a8-7d7d10137b60","","","","Show me my upcoming bookings","TOPIC_STEP","You have one upcoming booking — LH 1927 BER-MUC-SFO, confirmed.","","","","-14.0","19:38:00","740d845e-b377-4f4f-a2a0-24f95f5cdcec"
"6a43c4c3-e0e1-4079-a0f6-a3683fbb548d","LLM_STEP","","SKYWAVE_PHASE_4_5","-14.0","19:38:04","","d8a635ae-acd8-4845-a1ac-8d9322b3be81","","","","Show me my upcoming bookings","LLM_STEP","You have one upcoming booking — LH 1927 BER-MUC-SFO, confirmed.","","","5f744fef-ca02-4e4c-a1a8-7d7d10137b60","-14.0","19:38:02","740d845e-b377-4f4f-a2a0-24f95f5cdcec"
"cc471b1b-a64a-4815-a067-1476b94c7f18","TOPIC_STEP","","SKYWAVE_PHASE_4_5","-14.0","19:38:28","","03e2e817-2708-4aa8-aef3-b299d67e44eb","","","","Great, thank you!","TOPIC_STEP","You are welcome. Is there anything else I can help with?","","","","-14.0","19:38:26","a5e211ab-d598-4b04-afa3-384d615c0830"
"a75b4813-a709-4046-a8fc-5fbe32d78959","TOPIC_STEP","","SKYWAVE_PHASE_4_5","-1.0","10:00:02","","316f5d4d-c67d-43ec-aad5-307735efe432","","","","My first name is misspelled on my ticket","TOPIC_STEP","I have corrected the spelling on your ticket. Please review the updated itinerary.","","","","-1.0","10:00:00","95c63a8c-f872-4185-a7be-cea160ee3463"
"a75b4813-a709-4046-a8fc-5fbe32d78959","LLM_STEP","","SKYWAVE_PHASE_4_5","-1.0","10:00:04","","194ee7d1-e5a7-42a6-a4e6-3e58bef68cf5","","","","My first name is misspelled on my ticket","LLM_STEP","I have corrected the spelling on your ticket. Please review the updated itinerary.","","","316f5d4d-c67d-43ec-aad5-307735efe432","-1.0","10:00:02","95c63a8c-f872-4185-a7be-cea160ee3463"
"457c2d6e-e61a-45dd-a6a0-2b2168c982ca","TOPIC_STEP","","SKYWAVE_PHASE_4_5","-1.0","10:03:01","","4d1fb5f6-b60f-4e51-ab2c-1a045b04ccae","","","","Great, thank you!","TOPIC_STEP","You are welcome. Is there anything else I can help with?","","","","-1.0","10:02:59","b949e598-1e90-4b31-acfd-62ffb2316353"
"5fb225a0-cda4-41d3-af7b-a9135776f896","TOPIC_STEP","","SKYWAVE_PHASE_4_5","-8.0","14:01:02","","276b0109-265d-4e1d-a793-d8b20904b615","","","","How many miles do I have?","TOPIC_STEP","You currently have 18,450 SkyWave miles. You are at Premier tier.","","","","-8.0","14:01:00","97a5a132-602f-4beb-a744-584197e6bbf7"
"5fb225a0-cda4-41d3-af7b-a9135776f896","LLM_STEP","","SKYWAVE_PHASE_4_5","-8.0","14:01:04","","31a76ab4-ecdf-4f83-af7d-ad2885c6fcb4","","","","How many miles do I have?","LLM_STEP","You currently have 18,450 SkyWave miles. You are at Premier tier.","","","276b0109-265d-4e1d-a793-d8b20904b615","-8.0","14:01:02","97a5a132-602f-4beb-a744-584197e6bbf7"
"e6e07efd-e814-4c46-a712-09ec761fa935","TOPIC_STEP","","SKYWAVE_PHASE_4_5","-8.0","14:02:06","","637010d2-39b4-4396-a512-1f3449c44425","","","","Great, thank you!","TOPIC_STEP","You are welcome. Is there anything else I can help with?","","","","-8.0","14:02:04","062d0b0d-6982-4f53-a17b-4ea12ffdefb6"
"50b7cf02-da65-4210-a52f-824c0ce79d58","TOPIC_STEP","","SKYWAVE_PHASE_4_5","-8.0","14:03:08","","59a0dc16-7b78-4cb5-a504-7e0e8dd1d542","","","","How many miles do I have?","TOPIC_STEP","You currently have 18,450 SkyWave miles. You are at Premier tier.","","","","-8.0","14:03:06","7d4f5cf5-e67b-4963-a503-9aa1a585de0c"
"50b7cf02-da65-4210-a52f-824c0ce79d58","LLM_STEP","","SKYWAVE_PHASE_4_5","-8.0","14:03:10","","0e95793c-0728-4de7-af40-e033d5a7c554","","","","How many miles do I have?","LLM_STEP","You currently have 18,450 SkyWave miles. You are at Premier tier.","","","59a0dc16-7b78-4cb5-a504-7e0e8dd1d542","-8.0","14:03:08","7d4f5cf5-e67b-4963-a503-9aa1a585de0c"
"9d9f26d9-22ad-40ea-aac5-5a68230acf91","TOPIC_STEP","","SKYWAVE_PHASE_4_5","-8.0","14:03:58","","0b98bcdc-be4a-486a-a033-c7f962e90801","","","","Great, thank you!","TOPIC_STEP","You are welcome. Is there anything else I can help with?","","","","-8.0","14:03:56","c3245ccf-22f5-41bb-ae23-7a5a55f2b33a"
"a87f3241-c21c-4669-a2e1-9d3c90406dd9","TOPIC_STEP","","SKYWAVE_PHASE_4_5","-8.0","14:08:47","","d06abda4-4b74-468b-ad66-53d75a943260","","","","I lost my luggage in Munich last week, can you help?","TOPIC_STEP","I have created case 00012345 for your lost luggage. We will contact you within 24 hours.","","","","-8.0","14:08:45","fc8e68e5-9d15-47f8-a7ed-6ef08e4b63e2"
"a87f3241-c21c-4669-a2e1-9d3c90406dd9","LLM_STEP","","SKYWAVE_PHASE_4_5","-8.0","14:08:49","","7448c22c-b3d3-4cb8-a509-9eea2aad174b","","","","I lost my luggage in Munich last week, can you help?","LLM_STEP","I have created case 00012345 for your lost luggage. We will contact you within 24 hours.","","","d06abda4-4b74-468b-ad66-53d75a943260","-8.0","14:08:47","fc8e68e5-9d15-47f8-a7ed-6ef08e4b63e2"
"53f31425-ed0d-430e-a975-ff5128ddb66d","TOPIC_STEP","","SKYWAVE_PHASE_4_5","-8.0","14:09:11","","627874b1-e80a-46c2-aba6-52711aeca5e8","","","","Okay.","TOPIC_STEP","Understood. Anything else I can help with?","","","","-8.0","14:09:09","8b42fb0e-0c41-4360-af8d-edc617d170e6"
"4bb5be6e-e0d8-47bf-aecb-6ff2bfc21341","TOPIC_STEP","","SKYWAVE_PHASE_4_5","-13.0","11:52:02","","160e9f1b-854d-495f-a9b6-a8b2f400714f","","","","Whats the weather like in Tokyo?","TOPIC_STEP","I can only help with flight bookings and Skywave loyalty questions.","","","","-13.0","11:52:00","08b2fb28-3757-40ab-a9f3-87e01ebebc75"
"4bb5be6e-e0d8-47bf-aecb-6ff2bfc21341","LLM_STEP","","SKYWAVE_PHASE_4_5","-13.0","11:52:04","","e03c3477-4617-405d-ae70-ed2465712c1f","","","","Whats the weather like in Tokyo?","LLM_STEP","I can only help with flight bookings and Skywave loyalty questions.","","","160e9f1b-854d-495f-a9b6-a8b2f400714f","-13.0","11:52:02","08b2fb28-3757-40ab-a9f3-87e01ebebc75"
"b65a98c5-9665-49e6-ab16-43068d6e8463","TOPIC_STEP","","SKYWAVE_PHASE_4_5","-13.0","11:53:03","","792416ff-6fce-4bf1-a74b-77b70ef186fa","","","","This still is not working, I am frustrated.","TOPIC_STEP","I am sorry for the inconvenience. I was unable to resolve this for you.","","","","-13.0","11:53:01","8a1193c1-f7ac-4a75-a04b-2c60d7c09548"
"423a5125-8145-4e1a-a365-9fabb79e6081","TOPIC_STEP","","SKYWAVE_PHASE_4_5","-8.0","17:13:02","","4e0fee0a-75f1-42d0-a130-2ea13628b5ab","","","","Show me my upcoming bookings","TOPIC_STEP","You have one upcoming booking — LH 1927 BER-MUC-SFO, confirmed.","","","","-8.0","17:13:00","451b5f96-6b2c-400f-ad9a-8c90572bed78"
"423a5125-8145-4e1a-a365-9fabb79e6081","LLM_STEP","","SKYWAVE_PHASE_4_5","-8.0","17:13:04","","dc196a0b-8d6b-4fbf-af3d-6653548f61d1","","","","Show me my upcoming bookings","LLM_STEP","You have one upcoming booking — LH 1927 BER-MUC-SFO, confirmed.","","","4e0fee0a-75f1-42d0-a130-2ea13628b5ab","-8.0","17:13:02","451b5f96-6b2c-400f-ad9a-8c90572bed78"
"065e517b-20de-417b-a77e-8da50366e1d4","TOPIC_STEP","","SKYWAVE_PHASE_4_5","-8.0","17:13:30","","c2aab8ed-839c-463c-a5d5-1eb95be663db","","","","Great, thank you!","TOPIC_STEP","You are welcome. Is there anything else I can help with?","","","","-8.0","17:13:28","d2e7b685-e11e-465c-a3c9-9a9efa675dcf"
"ee423bf5-3b3a-4fd6-ac96-a956aabfd12f","TOPIC_STEP","","SKYWAVE_PHASE_4_5","-4.0","15:20:02","","4d1247f3-281e-429c-aa4c-73071c096612","","","","Find flights from JFK to HND tomorrow","TOPIC_STEP","I found 4 flights for that route. The cheapest is SW1200 at 1pm for $1,280.","","","","-4.0","15:20:00","9a6a731e-28d6-48d9-a16f-20283fff255c"
"ee423bf5-3b3a-4fd6-ac96-a956aabfd12f","LLM_STEP","","SKYWAVE_PHASE_4_5","-4.0","15:20:04","","a3525d49-4426-4b02-ae28-788fda81e55c","","","","Find flights from JFK to HND tomorrow","LLM_STEP","I found 4 flights for that route. The cheapest is SW1200 at 1pm for $1,280.","","","4d1247f3-281e-429c-aa4c-73071c096612","-4.0","15:20:02","9a6a731e-28d6-48d9-a16f-20283fff255c"
"2cb74aa0-0226-4882-aa1a-6d72b57b09b8","TOPIC_STEP","","SKYWAVE_PHASE_4_5","-4.0","15:21:12","","0f06d66f-0f74-4078-ac53-bb0db41493bd","","","","Great, thank you!","TOPIC_STEP","You are welcome. Is there anything else I can help with?","","","","-4.0","15:21:10","4f516fd9-d0b5-4048-aa24-2bad04ba6056"
"a8d6026e-db2d-481c-a166-388b57cf4235","TOPIC_STEP","","SKYWAVE_PHASE_4_5","-4.0","15:22:08","","5b49282f-99ff-4b10-a57f-457518dc8894","","","","Find flights from JFK to HND tomorrow","TOPIC_STEP","I found 4 flights for that route. The cheapest is SW1200 at 1pm for $1,280.","","","","-4.0","15:22:06","f6149003-15d0-489f-afa9-4329be244aa8"
"a8d6026e-db2d-481c-a166-388b57cf4235","LLM_STEP","","SKYWAVE_PHASE_4_5","-4.0","15:22:10","","5e7f0722-72af-4aaf-a319-c87c5c0b5f5f","","","","Find flights from JFK to HND tomorrow","LLM_STEP","I found 4 flights for that route. The cheapest is SW1200 at 1pm for $1,280.","","","5b49282f-99ff-4b10-a57f-457518dc8894","-4.0","15:22:08","f6149003-15d0-489f-afa9-4329be244aa8"
"c601aec0-106d-4745-a4e1-8817afb741ed","TOPIC_STEP","","SKYWAVE_PHASE_4_5","-4.0","15:25:05","","852f172d-88c1-48f3-ab8f-a9ba8ab40ad6","","","","Great, thank you!","TOPIC_STEP","You are welcome. Is there anything else I can help with?","","","","-4.0","15:25:03","5ffc5181-d95f-4dda-a3bd-9502d55dd006"
"6f16ab0c-3ac3-41ed-a460-12d4acfa407f","TOPIC_STEP","","SKYWAVE_PHASE_4_5","-4.0","15:26:14","","7de9d3fd-f078-4021-ad45-efc633046cc1","","","","I want to change my seat to a window seat","TOPIC_STEP","Sorry, I am unable to change your seat right now. Please try again later.","","","","-4.0","15:26:12","955cc45e-2311-4f0f-ad82-b5e8aa6700b1"
"6f16ab0c-3ac3-41ed-a460-12d4acfa407f","LLM_STEP","","SKYWAVE_PHASE_4_5","-4.0","15:26:16","","5416a7cf-ef62-441f-a709-0b5c2814ee07","","","","I want to change my seat to a window seat","LLM_STEP","Sorry, I am unable to change your seat right now. Please try again later.","","","7de9d3fd-f078-4021-ad45-efc633046cc1","-4.0","15:26:14","955cc45e-2311-4f0f-ad82-b5e8aa6700b1"
"1ab1b9c6-afc5-4975-a7cc-6ba62fd6e888","TOPIC_STEP","","SKYWAVE_PHASE_4_5","-4.0","15:27:04","","d58d2634-c4c4-4c30-a7c2-8fe7640892b0","","","","This still is not working, I am frustrated.","TOPIC_STEP","I am sorry for the inconvenience. I was unable to resolve this for you.","","","","-4.0","15:27:02","7e35dcc1-4ed4-4c2f-ac7b-4a4f36a19caf"
"36722f33-5099-4c2c-a039-32066685b89b","TOPIC_STEP","","SKYWAVE_PHASE_4_5","-3.0","12:10:02","","aa04ba15-3c2b-47dd-a779-28cce8db0b92","","","","Please correct my last name on booking ABC123","TOPIC_STEP","I have updated the passenger name on booking ABC123. A confirmation has been sent.","","","","-3.0","12:10:00","f9bcacef-6cc3-4ae8-afb2-4f3259960779"
"36722f33-5099-4c2c-a039-32066685b89b","LLM_STEP","","SKYWAVE_PHASE_4_5","-3.0","12:10:04","","7bf2a0f9-0b1b-4ea1-a324-d0b6156eb2cf","","","","Please correct my last name on booking ABC123","LLM_STEP","I have updated the passenger name on booking ABC123. A confirmation has been sent.","","","aa04ba15-3c2b-47dd-a779-28cce8db0b92","-3.0","12:10:02","f9bcacef-6cc3-4ae8-afb2-4f3259960779"
"c89277d3-dbbd-4d20-a5d2-88ef251a0111","TOPIC_STEP","","SKYWAVE_PHASE_4_5","-3.0","12:13:47","","94a7ebb6-1773-45ae-a2f3-13189766babd","","","","Great, thank you!","TOPIC_STEP","You are welcome. Is there anything else I can help with?","","","","-3.0","12:13:45","fc67fd79-612d-4b84-a051-d19a27e7a03a"
"6b607f7e-097f-4317-aae2-8b770dce32d8","TOPIC_STEP","","SKYWAVE_PHASE_4_5","-12.0","18:40:02","","d2d051a3-7c98-457b-a459-b481ac5a7b93","","","","Show me my upcoming bookings","TOPIC_STEP","You have one upcoming booking — LH 1927 BER-MUC-SFO, confirmed.","","","","-12.0","18:40:00","a32fa86e-6e76-475e-a007-2216dccf43c9"
"6b607f7e-097f-4317-aae2-8b770dce32d8","LLM_STEP","","SKYWAVE_PHASE_4_5","-12.0","18:40:04","","cb4c4bef-53f6-4acb-aca0-c571297dee18","","","","Show me my upcoming bookings","LLM_STEP","You have one upcoming booking — LH 1927 BER-MUC-SFO, confirmed.","","","d2d051a3-7c98-457b-a459-b481ac5a7b93","-12.0","18:40:02","a32fa86e-6e76-475e-a007-2216dccf43c9"
"872cdd04-0e8e-4562-a52e-7445dc101891","TOPIC_STEP","","SKYWAVE_PHASE_4_5","-12.0","18:40:39","","43f84e29-e0f6-404c-a948-d662fb4eb664","","","","Great, thank you!","TOPIC_STEP","You are welcome. Is there anything else I can help with?","","","","-12.0","18:40:37","05384786-1761-4f12-a90c-b04e8c5e19f6"
"22a0a091-a959-4f99-a23a-f5e9dde3043d","TOPIC_STEP","","SKYWAVE_PHASE_4_5","-4.0","16:41:02","","65bfe220-4a2f-43c7-aae8-2947e58f8bfb","","","","Cancel my booking ABC123","TOPIC_STEP","I have cancelled booking ABC123. A refund of $480 will be issued.","","","","-4.0","16:41:00","b5b802c8-1c7c-4240-a91a-71f0022bb63a"
"22a0a091-a959-4f99-a23a-f5e9dde3043d","LLM_STEP","","SKYWAVE_PHASE_4_5","-4.0","16:41:04","","e6ab9acf-1310-4433-aa9c-4823e0c14c1b","","","","Cancel my booking ABC123","LLM_STEP","I have cancelled booking ABC123. A refund of $480 will be issued.","","","65bfe220-4a2f-43c7-aae8-2947e58f8bfb","-4.0","16:41:02","b5b802c8-1c7c-4240-a91a-71f0022bb63a"
"089b536d-c4cd-4cb2-aa69-915bb68fd8a0","TOPIC_STEP","","SKYWAVE_PHASE_4_5","-4.0","16:46:00","","3829ae63-5fb4-42c8-affd-7c5067c42795","","","","Great, thank you!","TOPIC_STEP","You are welcome. Is there anything else I can help with?","","","","-4.0","16:45:58","b44d321e-eaa2-4a1b-a48c-04b9458f7fe9"
"b0d2057c-d417-48e9-a0b4-da161ec94a41","TOPIC_STEP","","SKYWAVE_PHASE_4_5","-4.0","16:49:08","","26c01bce-7aae-4ff8-acde-6e600d84c998","","","","I lost my luggage in Munich last week, can you help?","TOPIC_STEP","I have created case 00012345 for your lost luggage. We will contact you within 24 hours.","","","","-4.0","16:49:06","b0cac103-ab04-4f59-aa1a-9091d1ccadba"
"b0d2057c-d417-48e9-a0b4-da161ec94a41","LLM_STEP","","SKYWAVE_PHASE_4_5","-4.0","16:49:10","","0a97143a-5b78-4b7c-a140-a27056e20183","","","","I lost my luggage in Munich last week, can you help?","LLM_STEP","I have created case 00012345 for your lost luggage. We will contact you within 24 hours.","","","26c01bce-7aae-4ff8-acde-6e600d84c998","-4.0","16:49:08","b0cac103-ab04-4f59-aa1a-9091d1ccadba"
"4f4212d9-ea88-45df-a962-1fdfadf59a3e","TOPIC_STEP","","SKYWAVE_PHASE_4_5","-4.0","16:50:11","","7f1c9dd6-99b2-460c-a28a-e1210fa5b179","","","","Okay.","TOPIC_STEP","Understood. Anything else I can help with?","","","","-4.0","16:50:09","a511591a-f86d-4337-ac43-0591beffa7c3"
"97f24005-09aa-429e-a250-2ac4f7a6fdb0","TOPIC_STEP","","SKYWAVE_PHASE_4_5","-12.0","14:08:02","","fcfb5ad8-e035-407b-a59f-d05b614606c9","","","","What is my tier status?","TOPIC_STEP","You are Gold tier with 14,200 qualifying points this year.","","","","-12.0","14:08:00","9f21fa04-480a-4bed-a19a-f8597d035685"
"97f24005-09aa-429e-a250-2ac4f7a6fdb0","LLM_STEP","","SKYWAVE_PHASE_4_5","-12.0","14:08:04","","5ff95230-453f-48ad-a7de-c94963153fda","","","","What is my tier status?","LLM_STEP","You are Gold tier with 14,200 qualifying points this year.","","","fcfb5ad8-e035-407b-a59f-d05b614606c9","-12.0","14:08:02","9f21fa04-480a-4bed-a19a-f8597d035685"
"e5e31386-5eb9-40b8-a8a3-43b3811e1638","TOPIC_STEP","","SKYWAVE_PHASE_4_5","-12.0","14:08:36","","bcc02898-087b-4644-ad8c-333755b4c3ae","","","","Great, thank you!","TOPIC_STEP","You are welcome. Is there anything else I can help with?","","","","-12.0","14:08:34","3341dba5-829b-499e-a0f0-27b96bd40c60"
"e81d19a0-427d-4e54-af23-2472b8cb1e5e","TOPIC_STEP","","SKYWAVE_PHASE_4_5","-3.0","12:54:02","","859fbeb1-23e3-4346-a1db-698ed2d632dc","","","","I want to change my seat to a window seat","TOPIC_STEP","Sorry, I am unable to change your seat right now. Please try again later.","","","","-3.0","12:54:00","8bb3f1fe-2bac-4634-a237-140208223514"
"e81d19a0-427d-4e54-af23-2472b8cb1e5e","LLM_STEP","","SKYWAVE_PHASE_4_5","-3.0","12:54:04","","14400f2c-f37a-412b-a2ef-f06101c93839","","","","I want to change my seat to a window seat","LLM_STEP","Sorry, I am unable to change your seat right now. Please try again later.","","","859fbeb1-23e3-4346-a1db-698ed2d632dc","-3.0","12:54:02","8bb3f1fe-2bac-4634-a237-140208223514"
"eaecde34-730e-4b0a-a7ad-5bfabe55347e","TOPIC_STEP","","SKYWAVE_PHASE_4_5","-3.0","12:54:52","","5c4489f8-4298-4551-a7cd-934712368ef3","","","","This still is not working, I am frustrated.","TOPIC_STEP","I am sorry for the inconvenience. I was unable to resolve this for you.","","","","-3.0","12:54:50","17791f61-05c8-4ab8-a194-0977f8df358f"
"a8c80924-2540-4fb0-a39a-380d333065e8","TOPIC_STEP","","SKYWAVE_PHASE_4_5","-3.0","12:55:27","","9c621986-47c1-4e6c-ae03-ab7dc4d815aa","","","","How many miles do I have?","TOPIC_STEP","You currently have 18,450 SkyWave miles. You are at Premier tier.","","","","-3.0","12:55:25","b2c51622-ca44-492a-a77d-bc0fc2fc838a"
"a8c80924-2540-4fb0-a39a-380d333065e8","LLM_STEP","","SKYWAVE_PHASE_4_5","-3.0","12:55:29","","27830eed-71e9-4f86-aa4c-95f5f40e5797","","","","How many miles do I have?","LLM_STEP","You currently have 18,450 SkyWave miles. You are at Premier tier.","","","9c621986-47c1-4e6c-ae03-ab7dc4d815aa","-3.0","12:55:27","b2c51622-ca44-492a-a77d-bc0fc2fc838a"
"d0ae5251-e743-4d59-abdf-1593f39b01e2","TOPIC_STEP","","SKYWAVE_PHASE_4_5","-3.0","12:56:35","","e59b7c32-ada0-4bf1-add6-cbdd4ab5787d","","","","Great, thank you!","TOPIC_STEP","You are welcome. Is there anything else I can help with?","","","","-3.0","12:56:33","2116bc2b-e28e-418d-a306-d19c8277bd20"
"1f0ba4a8-ec77-46bd-a573-7debe3b72b81","TOPIC_STEP","","SKYWAVE_PHASE_4_5","-2.0","08:59:02","","ec94eee1-279b-4199-aca3-9da2a4f252f2","","","","I want to select seat 1A for my flight","TOPIC_STEP","I was unable to retrieve the seat map automatically and could not assign the seat.","","","","-2.0","08:59:00","cf09f3b9-da84-4d7e-a717-1d172ef2851f"
"1f0ba4a8-ec77-46bd-a573-7debe3b72b81","LLM_STEP","","SKYWAVE_PHASE_4_5","-2.0","08:59:04","","85dcb0dd-10f2-4111-a0c4-997798ecc627","","","","I want to select seat 1A for my flight","LLM_STEP","I was unable to retrieve the seat map automatically and could not assign the seat.","","","ec94eee1-279b-4199-aca3-9da2a4f252f2","-2.0","08:59:02","cf09f3b9-da84-4d7e-a717-1d172ef2851f"
"e87b0ef6-c145-4ece-a48b-615b4112ec57","TOPIC_STEP","","SKYWAVE_PHASE_4_5","-2.0","09:00:01","","dbd202a4-d553-40f5-a69d-d01d7059b60d","","","","This still is not working, I am frustrated.","TOPIC_STEP","I am sorry for the inconvenience. I was unable to resolve this for you.","","","","-2.0","08:59:59","729ec211-170b-402c-adea-baf24e5965b8"
"fd9eb47d-52aa-4127-aafa-96763d9a12df","TOPIC_STEP","","SKYWAVE_PHASE_4_5","-10.0","09:21:02","","862de745-d235-43f7-a0d5-33d8e4a4697d","","","","Please correct my last name on booking ABC123","TOPIC_STEP","I have updated the passenger name on booking ABC123. A confirmation has been sent.","","","","-10.0","09:21:00","9e678941-a35b-4961-abeb-e334ea14022f"
"fd9eb47d-52aa-4127-aafa-96763d9a12df","LLM_STEP","","SKYWAVE_PHASE_4_5","-10.0","09:21:04","","156b723a-ba59-457c-a254-55fd4c489deb","","","","Please correct my last name on booking ABC123","LLM_STEP","I have updated the passenger name on booking ABC123. A confirmation has been sent.","","","862de745-d235-43f7-a0d5-33d8e4a4697d","-10.0","09:21:02","9e678941-a35b-4961-abeb-e334ea14022f"
"deb5a42c-b8f0-46e0-a004-90f793fd1e31","TOPIC_STEP","","SKYWAVE_PHASE_4_5","-10.0","09:22:09","","76840f20-6843-44f3-ac16-27de6ca9b704","","","","Great, thank you!","TOPIC_STEP","You are welcome. Is there anything else I can help with?","","","","-10.0","09:22:07","671472b0-c2a1-4d04-aec0-99cd9ada1e2a"
"996a7058-123d-4f9a-ac10-482ea5efd94f","TOPIC_STEP","","SKYWAVE_PHASE_4_5","-10.0","09:22:45","","7f8384bf-e1f5-4d3f-a8b9-1c623b93e466","","","","I want to change my seat to a window seat","TOPIC_STEP","Sorry, I am unable to change your seat right now. Please try again later.","","","","-10.0","09:22:43","b7940d20-dc51-4a9c-a567-e399d3dce97a"
"996a7058-123d-4f9a-ac10-482ea5efd94f","LLM_STEP","","SKYWAVE_PHASE_4_5","-10.0","09:22:47","","9c130953-c598-49b1-ac07-7357ad1f69c6","","","","I want to change my seat to a window seat","LLM_STEP","Sorry, I am unable to change your seat right now. Please try again later.","","","7f8384bf-e1f5-4d3f-a8b9-1c623b93e466","-10.0","09:22:45","b7940d20-dc51-4a9c-a567-e399d3dce97a"
"aba0394b-a231-4927-a1ad-5471d0b3d006","TOPIC_STEP","","SKYWAVE_PHASE_4_5","-10.0","09:23:06","","81f7d2aa-f01d-46bf-afb9-ad7f64953391","","","","This still is not working, I am frustrated.","TOPIC_STEP","I am sorry for the inconvenience. I was unable to resolve this for you.","","","","-10.0","09:23:04","39d098a2-1e4c-4073-a69c-35f3461abf59"
"616891b5-4390-4ce6-ad66-248bfc5a2e00","TOPIC_STEP","","SKYWAVE_PHASE_4_5","-12.0","09:22:02","","f72a0e0c-edb3-41b1-aabf-80a86c1cf722","","","","Can I move from 23B to an aisle seat?","TOPIC_STEP","I could not update your seat assignment. Please contact a service agent.","","","","-12.0","09:22:00","b0f48bd0-8c8c-4e6d-a7e0-4d6620dea380"
"616891b5-4390-4ce6-ad66-248bfc5a2e00","LLM_STEP","","SKYWAVE_PHASE_4_5","-12.0","09:22:04","","edb24892-0fd3-490f-ac62-e7c5f9d429db","","","","Can I move from 23B to an aisle seat?","LLM_STEP","I could not update your seat assignment. Please contact a service agent.","","","f72a0e0c-edb3-41b1-aabf-80a86c1cf722","-12.0","09:22:02","b0f48bd0-8c8c-4e6d-a7e0-4d6620dea380"
"5804bd06-2284-4307-a30f-8a27ea5db1e9","TOPIC_STEP","","SKYWAVE_PHASE_4_5","-12.0","09:22:49","","de41a0b2-7486-47b9-a0c7-e1404d880c5f","","","","This still is not working, I am frustrated.","TOPIC_STEP","I am sorry for the inconvenience. I was unable to resolve this for you.","","","","-12.0","09:22:47","5d9a0c2a-1a64-4d06-a5d7-ee6f52a1f1f9"
"7f274c24-24c8-4717-a75d-6d0369790665","TOPIC_STEP","","SKYWAVE_PHASE_4_5","-6.0","10:56:02","","3a8c17b9-2534-4555-a476-5521601f5433","","","","Cancel my booking ABC123","TOPIC_STEP","I have cancelled booking ABC123. A refund of $480 will be issued.","","","","-6.0","10:56:00","cf6aa926-6b55-447a-ac9d-543e72f9f739"
"7f274c24-24c8-4717-a75d-6d0369790665","LLM_STEP","","SKYWAVE_PHASE_4_5","-6.0","10:56:04","","f9215a65-eaac-4789-a68d-75da2cea65b2","","","","Cancel my booking ABC123","LLM_STEP","I have cancelled booking ABC123. A refund of $480 will be issued.","","","3a8c17b9-2534-4555-a476-5521601f5433","-6.0","10:56:02","cf6aa926-6b55-447a-ac9d-543e72f9f739"
"3b8b9686-6665-4667-ad0a-387089d6b627","TOPIC_STEP","","SKYWAVE_PHASE_4_5","-6.0","10:56:45","","3109f036-0501-488e-add8-8dd66888f791","","","","Great, thank you!","TOPIC_STEP","You are welcome. Is there anything else I can help with?","","","","-6.0","10:56:43","99f3c2d6-bf1f-4306-a74f-ebf1be4d07b6"
"61299ca8-7828-481e-a16d-90f8f731b241","TOPIC_STEP","","SKYWAVE_PHASE_4_5","-7.0","08:28:02","","6911bfdc-7f94-4158-a162-92b6de513eed","","","","Find flights from JFK to HND tomorrow","TOPIC_STEP","I found 4 flights for that route. The cheapest is SW1200 at 1pm for $1,280.","","","","-7.0","08:28:00","ab09004e-1c2e-4449-afa5-10eae6f508b0"
"61299ca8-7828-481e-a16d-90f8f731b241","LLM_STEP","","SKYWAVE_PHASE_4_5","-7.0","08:28:04","","a860a713-91a0-4f36-ac50-06319c5d4917","","","","Find flights from JFK to HND tomorrow","LLM_STEP","I found 4 flights for that route. The cheapest is SW1200 at 1pm for $1,280.","","","6911bfdc-7f94-4158-a162-92b6de513eed","-7.0","08:28:02","ab09004e-1c2e-4449-afa5-10eae6f508b0"
"3c421fd4-4f34-4a85-a125-f540063d677f","TOPIC_STEP","","SKYWAVE_PHASE_4_5","-7.0","08:29:11","","df277029-4ef1-4e54-a49d-3737fed53469","","","","Great, thank you!","TOPIC_STEP","You are welcome. Is there anything else I can help with?","","","","-7.0","08:29:09","a94d207d-2186-4534-a95d-5be0087beed6"
"f5d69d3d-662d-4aa5-a669-25a492956ee1","TOPIC_STEP","","SKYWAVE_PHASE_4_5","-3.0","10:47:02","","4c1ef2ca-8340-4b17-a91a-a8b99bfb2c21","","","","How many miles do I have?","TOPIC_STEP","You currently have 18,450 SkyWave miles. You are at Premier tier.","","","","-3.0","10:47:00","8b2c2e10-d521-484d-a937-1a110f51bd3d"
"f5d69d3d-662d-4aa5-a669-25a492956ee1","LLM_STEP","","SKYWAVE_PHASE_4_5","-3.0","10:47:04","","9a6d9554-e05f-4b3b-ab80-fc4f2bd36b57","","","","How many miles do I have?","LLM_STEP","You currently have 18,450 SkyWave miles. You are at Premier tier.","","","4c1ef2ca-8340-4b17-a91a-a8b99bfb2c21","-3.0","10:47:02","8b2c2e10-d521-484d-a937-1a110f51bd3d"
"0b151c3d-51f0-4f87-a61c-9ff5ee4a6e7c","TOPIC_STEP","","SKYWAVE_PHASE_4_5","-3.0","10:50:34","","326c56b2-ca03-45db-ad9a-0eb255642118","","","","Great, thank you!","TOPIC_STEP","You are welcome. Is there anything else I can help with?","","","","-3.0","10:50:32","27f68da4-dc9a-44b9-a5e2-93cd7ecd9029"
"0f11262b-8d28-4ba1-a0bb-24cd7af82524","TOPIC_STEP","","SKYWAVE_PHASE_4_5","-3.0","10:51:01","","ef105278-740c-4ccb-a228-c3a346b28b85","","","","How many miles do I have?","TOPIC_STEP","You currently have 18,450 SkyWave miles. You are at Premier tier.","","","","-3.0","10:50:59","500f47f6-9238-47ed-ad54-ce2a4a06c071"
"0f11262b-8d28-4ba1-a0bb-24cd7af82524","LLM_STEP","","SKYWAVE_PHASE_4_5","-3.0","10:51:03","","d216f7ff-6480-4300-a6b2-1ff18d91453b","","","","How many miles do I have?","LLM_STEP","You currently have 18,450 SkyWave miles. You are at Premier tier.","","","ef105278-740c-4ccb-a228-c3a346b28b85","-3.0","10:51:01","500f47f6-9238-47ed-ad54-ce2a4a06c071"
"b0aa5211-2814-4771-add6-2c2a03ab959c","TOPIC_STEP","","SKYWAVE_PHASE_4_5","-3.0","10:51:59","","2b5318ea-2c10-4853-a7b0-f82c0f273d58","","","","Great, thank you!","TOPIC_STEP","You are welcome. Is there anything else I can help with?","","","","-3.0","10:51:57","dec486af-4c40-4f5a-a5e2-8d8579f3a721"
"7b40f8c3-d8f3-4e05-a4d4-b9b47cb48cf8","TOPIC_STEP","","SKYWAVE_PHASE_4_5","-3.0","10:53:15","","2c89f234-5234-4af9-a5a3-545d5b20b346","","","","I want to change my seat to a window seat","TOPIC_STEP","Sorry, I am unable to change your seat right now. Please try again later.","","","","-3.0","10:53:13","90e74ba2-e00e-4b14-a19a-f34fca43bc0f"
"7b40f8c3-d8f3-4e05-a4d4-b9b47cb48cf8","LLM_STEP","","SKYWAVE_PHASE_4_5","-3.0","10:53:17","","9a61b44b-d1b9-4b72-a2cc-b4284a5e44ca","","","","I want to change my seat to a window seat","LLM_STEP","Sorry, I am unable to change your seat right now. Please try again later.","","","2c89f234-5234-4af9-a5a3-545d5b20b346","-3.0","10:53:15","90e74ba2-e00e-4b14-a19a-f34fca43bc0f"
"6b69e358-260b-4395-a5d2-563ae8af9682","TOPIC_STEP","","SKYWAVE_PHASE_4_5","-3.0","10:57:44","","abb4d746-c225-44f7-aec6-97f354fba0e1","","","","This still is not working, I am frustrated.","TOPIC_STEP","I am sorry for the inconvenience. I was unable to resolve this for you.","","","","-3.0","10:57:42","d6705ef8-ce7c-446b-ac43-46985b0982c9"
"f082d7cf-48bf-4f7b-a31b-db9c06aa7f87","TOPIC_STEP","","SKYWAVE_PHASE_4_5","-14.0","13:41:02","","d2986a98-fe89-4029-a291-d416b89fa8cd","","","","Can I move from 23B to an aisle seat?","TOPIC_STEP","I could not update your seat assignment. Please contact a service agent.","","","","-14.0","13:41:00","46a294da-386b-42d2-add9-61a29b4e12dd"
"f082d7cf-48bf-4f7b-a31b-db9c06aa7f87","LLM_STEP","","SKYWAVE_PHASE_4_5","-14.0","13:41:04","","a83a1e68-633e-4893-a8ec-0de35d1854e5","","","","Can I move from 23B to an aisle seat?","LLM_STEP","I could not update your seat assignment. Please contact a service agent.","","","d2986a98-fe89-4029-a291-d416b89fa8cd","-14.0","13:41:02","46a294da-386b-42d2-add9-61a29b4e12dd"
"75038fdc-cc87-4660-a727-68c70ab3ed6c","TOPIC_STEP","","SKYWAVE_PHASE_4_5","-14.0","13:42:02","","67712841-9fae-46be-a6bf-fcb211d77acf","","","","This still is not working, I am frustrated.","TOPIC_STEP","I am sorry for the inconvenience. I was unable to resolve this for you.","","","","-14.0","13:42:00","dedd8980-4c57-46b6-a967-edb9db26dbe1"
"3a32d093-b354-456e-a7df-33a7279e51ef","TOPIC_STEP","","SKYWAVE_PHASE_4_5","-14.0","13:44:41","","69b0adae-2b57-4a9e-a77f-6f9d1a0f7726","","","","Can I move from 23B to an aisle seat?","TOPIC_STEP","I could not update your seat assignment. Please contact a service agent.","","","","-14.0","13:44:39","c992e0ed-e775-4004-a552-aca7d8f5d6ad"
"3a32d093-b354-456e-a7df-33a7279e51ef","LLM_STEP","","SKYWAVE_PHASE_4_5","-14.0","13:44:43","","d11977e7-756f-4026-a54e-a183080de29e","","","","Can I move from 23B to an aisle seat?","LLM_STEP","I could not update your seat assignment. Please contact a service agent.","","","69b0adae-2b57-4a9e-a77f-6f9d1a0f7726","-14.0","13:44:41","c992e0ed-e775-4004-a552-aca7d8f5d6ad"
"2293a008-b9e6-42e4-a3bb-1064a07f6a38","TOPIC_STEP","","SKYWAVE_PHASE_4_5","-14.0","13:45:20","","4709f0f7-0c6b-4f70-a849-ac7cf2e01157","","","","This still is not working, I am frustrated.","TOPIC_STEP","I am sorry for the inconvenience. I was unable to resolve this for you.","","","","-14.0","13:45:18","bcd41993-d4d1-4f09-acfd-d4e800926b46"
"b59c2e5c-a8aa-454a-ae69-7446709b1d2f","TOPIC_STEP","","SKYWAVE_PHASE_4_5","-3.0","12:55:02","","ea33ace9-b7d6-4115-a06f-3918a99c7002","","","","Show me my upcoming bookings","TOPIC_STEP","You have one upcoming booking — LH 1927 BER-MUC-SFO, confirmed.","","","","-3.0","12:55:00","34b64953-361f-465a-a781-6b0ba9493e31"
"b59c2e5c-a8aa-454a-ae69-7446709b1d2f","LLM_STEP","","SKYWAVE_PHASE_4_5","-3.0","12:55:04","","589664a9-8046-4e6e-abfd-9fd7ce47a661","","","","Show me my upcoming bookings","LLM_STEP","You have one upcoming booking — LH 1927 BER-MUC-SFO, confirmed.","","","ea33ace9-b7d6-4115-a06f-3918a99c7002","-3.0","12:55:02","34b64953-361f-465a-a781-6b0ba9493e31"
"472af0eb-feb8-43dd-a2f7-435811fe92ac","TOPIC_STEP","","SKYWAVE_PHASE_4_5","-3.0","12:58:24","","cb34046d-1487-4418-ad05-47b1db9ce583","","","","Great, thank you!","TOPIC_STEP","You are welcome. Is there anything else I can help with?","","","","-3.0","12:58:22","80cd54d3-2f13-4751-a419-3f30bc704438"
"46e68df9-8cd5-487f-a6a9-210c4e7509a7","TOPIC_STEP","","SKYWAVE_PHASE_4_5","-3.0","13:00:15","","85a780d7-b6b1-4dde-a0ed-174c63baadee","","","","I lost my luggage in Munich last week, can you help?","TOPIC_STEP","I have created case 00012345 for your lost luggage. We will contact you within 24 hours.","","","","-3.0","13:00:13","60395864-fad8-4a1e-a8d1-2a2bc676b3d6"
"46e68df9-8cd5-487f-a6a9-210c4e7509a7","LLM_STEP","","SKYWAVE_PHASE_4_5","-3.0","13:00:17","","11fda0e1-ab32-47d4-ac25-0738f5a2e12e","","","","I lost my luggage in Munich last week, can you help?","LLM_STEP","I have created case 00012345 for your lost luggage. We will contact you within 24 hours.","","","85a780d7-b6b1-4dde-a0ed-174c63baadee","-3.0","13:00:15","60395864-fad8-4a1e-a8d1-2a2bc676b3d6"
"f74a9495-1447-479a-a1fa-b59a6026dbd1","TOPIC_STEP","","SKYWAVE_PHASE_4_5","-3.0","13:02:37","","755c0519-4fc7-4907-ab54-f9cecae50f26","","","","Okay.","TOPIC_STEP","Understood. Anything else I can help with?","","","","-3.0","13:02:35","f88572bc-b281-426a-a4b8-cf21811e53cb"
"74f1e031-a89f-44af-a1e8-802a3653e663","TOPIC_STEP","","SKYWAVE_PHASE_4_5","-11.0","14:30:02","","5511cec3-1cac-43b6-a931-76bd5dbb68c4","","","","What is my tier status?","TOPIC_STEP","You are Gold tier with 14,200 qualifying points this year.","","","","-11.0","14:30:00","cd706545-b488-4db9-adc5-dee0ef647370"
"74f1e031-a89f-44af-a1e8-802a3653e663","LLM_STEP","","SKYWAVE_PHASE_4_5","-11.0","14:30:04","","730ff4d0-d1c2-4f2d-aa0f-b8dc942e8be6","","","","What is my tier status?","LLM_STEP","You are Gold tier with 14,200 qualifying points this year.","","","5511cec3-1cac-43b6-a931-76bd5dbb68c4","-11.0","14:30:02","cd706545-b488-4db9-adc5-dee0ef647370"
"1075ec8b-0800-4c7e-a77d-79246e2dbcf5","TOPIC_STEP","","SKYWAVE_PHASE_4_5","-11.0","14:30:49","","852d865e-89f2-4663-a99c-6095cd70d02a","","","","Great, thank you!","TOPIC_STEP","You are welcome. Is there anything else I can help with?","","","","-11.0","14:30:47","bf08c769-fa55-4bda-aca6-21555eab1a10"
"a287e8fd-49b4-48fa-aad8-cd03940412c0","TOPIC_STEP","","SKYWAVE_PHASE_4_5","-11.0","14:31:13","","1f112261-28b7-4b76-a4d1-d6316a627551","","","","I want to change my seat to a window seat","TOPIC_STEP","Sorry, I am unable to change your seat right now. Please try again later.","","","","-11.0","14:31:11","e23e79bf-9e26-4c2b-a0db-f9daf8f99941"
"a287e8fd-49b4-48fa-aad8-cd03940412c0","LLM_STEP","","SKYWAVE_PHASE_4_5","-11.0","14:31:15","","04010f5f-f65b-455a-ab19-85f07b1cfae6","","","","I want to change my seat to a window seat","LLM_STEP","Sorry, I am unable to change your seat right now. Please try again later.","","","1f112261-28b7-4b76-a4d1-d6316a627551","-11.0","14:31:13","e23e79bf-9e26-4c2b-a0db-f9daf8f99941"
"3c9049a8-6caa-4c5c-a195-d6c7609471a3","TOPIC_STEP","","SKYWAVE_PHASE_4_5","-11.0","14:34:04","","f60ecc72-444b-4a50-a21a-270e5b21a3a5","","","","This still is not working, I am frustrated.","TOPIC_STEP","I am sorry for the inconvenience. I was unable to resolve this for you.","","","","-11.0","14:34:02","d6e9d72d-0600-462b-adfe-27f3bd00a96c"
"00ebcfeb-2fb9-4601-abce-f0b817854cef","TOPIC_STEP","","SKYWAVE_PHASE_4_5","-11.0","17:57:02","","1f63864f-8fd5-4e81-a6ab-c644b542c994","","","","Cancel my booking ABC123","TOPIC_STEP","I have cancelled booking ABC123. A refund of $480 will be issued.","","","","-11.0","17:57:00","5f6aee16-c54a-4ec8-aaf5-53dbd73a5f02"
"00ebcfeb-2fb9-4601-abce-f0b817854cef","LLM_STEP","","SKYWAVE_PHASE_4_5","-11.0","17:57:04","","4e2473d9-e488-4a14-a799-ca16ee1cc67d","","","","Cancel my booking ABC123","LLM_STEP","I have cancelled booking ABC123. A refund of $480 will be issued.","","","1f63864f-8fd5-4e81-a6ab-c644b542c994","-11.0","17:57:02","5f6aee16-c54a-4ec8-aaf5-53dbd73a5f02"
"f0c79f79-e98d-4840-ab9d-7b5899d31d16","TOPIC_STEP","","SKYWAVE_PHASE_4_5","-11.0","18:01:46","","d6b0a5f1-9d4c-43f0-aaf6-a90524fda450","","","","Great, thank you!","TOPIC_STEP","You are welcome. Is there anything else I can help with?","","","","-11.0","18:01:44","5bcbb236-02cc-41cc-a753-7600f181df6d"
"0537c7b1-77bf-4e2b-af47-03c6b7ea1789","TOPIC_STEP","","SKYWAVE_PHASE_4_5","-7.0","13:40:02","","dd526dd6-aa65-4ece-acba-f87d08e4d3b5","","","","I lost my luggage in Munich last week, can you help?","TOPIC_STEP","I have created case 00012345 for your lost luggage. We will contact you within 24 hours.","","","","-7.0","13:40:00","3ba8c5e6-c879-4df5-aaf2-c7a34c9da939"
"0537c7b1-77bf-4e2b-af47-03c6b7ea1789","LLM_STEP","","SKYWAVE_PHASE_4_5","-7.0","13:40:04","","0df25f59-6017-4a51-aabb-91d5e45aff24","","","","I lost my luggage in Munich last week, can you help?","LLM_STEP","I have created case 00012345 for your lost luggage. We will contact you within 24 hours.","","","dd526dd6-aa65-4ece-acba-f87d08e4d3b5","-7.0","13:40:02","3ba8c5e6-c879-4df5-aaf2-c7a34c9da939"
"0a2229c0-982b-49a3-a780-e739e24af21d","TOPIC_STEP","","SKYWAVE_PHASE_4_5","-7.0","13:40:26","","b89a85a9-2376-48c4-ac7b-5760267c1a7b","","","","Great, thank you!","TOPIC_STEP","You are welcome. Is there anything else I can help with?","","","","-7.0","13:40:24","5cb2ca0b-7d21-458e-a107-021778e04b53"
"b64126ce-e818-404f-a5d6-e6e0c8b27c99","TOPIC_STEP","","SKYWAVE_PHASE_4_5","-2.0","13:08:02","","ca4bffe8-b208-4d51-a45e-a2b30092a8f4","","","","Can I move from 23B to an aisle seat?","TOPIC_STEP","I could not update your seat assignment. Please contact a service agent.","","","","-2.0","13:08:00","f05e3b79-195b-4b8e-ae88-8c9b28c9e9d5"
"b64126ce-e818-404f-a5d6-e6e0c8b27c99","LLM_STEP","","SKYWAVE_PHASE_4_5","-2.0","13:08:04","","704b8dda-71fd-4676-a2f1-a606e8257ffc","","","","Can I move from 23B to an aisle seat?","LLM_STEP","I could not update your seat assignment. Please contact a service agent.","","","ca4bffe8-b208-4d51-a45e-a2b30092a8f4","-2.0","13:08:02","f05e3b79-195b-4b8e-ae88-8c9b28c9e9d5"
"9aa76b04-1ac1-42af-a911-0dd75975e4da","TOPIC_STEP","","SKYWAVE_PHASE_4_5","-2.0","13:08:57","","38cb77a7-415c-4046-a9cc-b89de9da8d56","","","","This still is not working, I am frustrated.","TOPIC_STEP","I am sorry for the inconvenience. I was unable to resolve this for you.","","","","-2.0","13:08:55","deb6a81d-04d2-4757-aca4-498fef95b5fb"
"b9ff2437-28d1-48ac-a59e-b4cf5c70fe74","TOPIC_STEP","","SKYWAVE_PHASE_4_5","-12.0","13:33:02","","3ebbc44d-8ee7-4ebc-a1b4-78f5ab569e4d","","","","Please correct my last name on booking ABC123","TOPIC_STEP","I have updated the passenger name on booking ABC123. A confirmation has been sent.","","","","-12.0","13:33:00","c22eaf76-9d5e-4d83-a74e-4af4deb8f121"
"b9ff2437-28d1-48ac-a59e-b4cf5c70fe74","LLM_STEP","","SKYWAVE_PHASE_4_5","-12.0","13:33:04","","61c9fe32-eec6-4a20-aab4-20d14f86f1bb","","","","Please correct my last name on booking ABC123","LLM_STEP","I have updated the passenger name on booking ABC123. A confirmation has been sent.","","","3ebbc44d-8ee7-4ebc-a1b4-78f5ab569e4d","-12.0","13:33:02","c22eaf76-9d5e-4d83-a74e-4af4deb8f121"
"a9378504-4e76-497d-aaf1-f428808a88c9","TOPIC_STEP","","SKYWAVE_PHASE_4_5","-12.0","13:33:21","","e268b81b-18f7-4cf5-a463-6f2bb6ac5928","","","","Great, thank you!","TOPIC_STEP","You are welcome. Is there anything else I can help with?","","","","-12.0","13:33:19","a680989d-67b9-4f74-a0f6-ebfe5ce6ac08"
"b4da20cb-9554-4ba1-a591-60e9e1ac9619","TOPIC_STEP","","SKYWAVE_PHASE_4_5","-2.0","15:03:02","","b9e485df-da24-499e-a997-50c9ee7f00cc","","","","My first name is misspelled on my ticket","TOPIC_STEP","I have corrected the spelling on your ticket. Please review the updated itinerary.","","","","-2.0","15:03:00","cfa9e294-43c5-4410-a35f-2b39d0ea4620"
"b4da20cb-9554-4ba1-a591-60e9e1ac9619","LLM_STEP","","SKYWAVE_PHASE_4_5","-2.0","15:03:04","","b3b5183d-df87-4480-a00b-f2a35890b798","","","","My first name is misspelled on my ticket","LLM_STEP","I have corrected the spelling on your ticket. Please review the updated itinerary.","","","b9e485df-da24-499e-a997-50c9ee7f00cc","-2.0","15:03:02","cfa9e294-43c5-4410-a35f-2b39d0ea4620"
"f5f161b6-e3c1-4221-a86b-636fb2ee59b8","TOPIC_STEP","","SKYWAVE_PHASE_4_5","-2.0","15:07:25","","8bf6d2f0-fe75-405b-adac-cc4f676d376e","","","","Great, thank you!","TOPIC_STEP","You are welcome. Is there anything else I can help with?","","","","-2.0","15:07:23","0f9b55a8-7b1e-4456-ad52-c331ae8f5a9f"
"6a0ed7eb-c7bf-45fe-a842-6dd84f7ee70b","TOPIC_STEP","","SKYWAVE_PHASE_4_5","-2.0","15:09:11","","0812718e-475c-4379-a353-0639b11c5661","","","","Cancel my booking ABC123","TOPIC_STEP","I have cancelled booking ABC123. A refund of $480 will be issued.","","","","-2.0","15:09:09","359d8c57-2c3e-4baf-a342-7efd26a11aac"
"6a0ed7eb-c7bf-45fe-a842-6dd84f7ee70b","LLM_STEP","","SKYWAVE_PHASE_4_5","-2.0","15:09:13","","aaf731bc-433f-4367-ac34-e1264621b263","","","","Cancel my booking ABC123","LLM_STEP","I have cancelled booking ABC123. A refund of $480 will be issued.","","","0812718e-475c-4379-a353-0639b11c5661","-2.0","15:09:11","359d8c57-2c3e-4baf-a342-7efd26a11aac"
"ff7a8a66-2fc9-404d-a290-49c075c34d44","TOPIC_STEP","","SKYWAVE_PHASE_4_5","-2.0","15:10:47","","6f54ef6b-43ce-44f3-a628-b6cb299cc3cb","","","","Great, thank you!","TOPIC_STEP","You are welcome. Is there anything else I can help with?","","","","-2.0","15:10:45","56833d19-225c-4f6b-a54b-ffff50d382ae"
"5a82fa09-01e4-456b-a9ee-6009fa8ad17e","TOPIC_STEP","","SKYWAVE_PHASE_4_5","-10.0","11:30:02","","cf685a71-c1f1-4a93-ab7a-a28d3e1c6028","","","","Can I move from 23B to an aisle seat?","TOPIC_STEP","I could not update your seat assignment. Please contact a service agent.","","","","-10.0","11:30:00","c559369b-d43f-4d7f-ac9c-a4889d6ee910"
"5a82fa09-01e4-456b-a9ee-6009fa8ad17e","LLM_STEP","","SKYWAVE_PHASE_4_5","-10.0","11:30:04","","ea3a525e-544f-43ee-a147-6b5289fb2ef7","","","","Can I move from 23B to an aisle seat?","LLM_STEP","I could not update your seat assignment. Please contact a service agent.","","","cf685a71-c1f1-4a93-ab7a-a28d3e1c6028","-10.0","11:30:02","c559369b-d43f-4d7f-ac9c-a4889d6ee910"
"4c8bc227-305f-4621-afa6-83692cf665f1","TOPIC_STEP","","SKYWAVE_PHASE_4_5","-10.0","11:32:50","","d6793e0f-934e-46bb-ab07-a077257ca5d2","","","","This still is not working, I am frustrated.","TOPIC_STEP","I am sorry for the inconvenience. I was unable to resolve this for you.","","","","-10.0","11:32:48","4c44aeb8-3e10-4105-ab60-f62d3bc67d2b"
"faee4d7c-a7d5-492f-a1cb-e3d3647bb69d","TOPIC_STEP","","SKYWAVE_PHASE_4_5","-9.0","19:32:02","","c6bf22e2-549c-43ef-a1cb-8935a7273645","","","","Can I move from 23B to an aisle seat?","TOPIC_STEP","I could not update your seat assignment. Please contact a service agent.","","","","-9.0","19:32:00","2c2721e8-8a66-4537-a230-7f35288148dc"
"faee4d7c-a7d5-492f-a1cb-e3d3647bb69d","LLM_STEP","","SKYWAVE_PHASE_4_5","-9.0","19:32:04","","4b2be174-fa7c-4ce8-ace7-1d60f5a7269a","","","","Can I move from 23B to an aisle seat?","LLM_STEP","I could not update your seat assignment. Please contact a service agent.","","","c6bf22e2-549c-43ef-a1cb-8935a7273645","-9.0","19:32:02","2c2721e8-8a66-4537-a230-7f35288148dc"
"980771d4-b891-4472-ad55-66fdf2a8eb16","TOPIC_STEP","","SKYWAVE_PHASE_4_5","-9.0","19:32:31","","fa6ce2ac-486d-4ebc-a24d-5a9aacdb3d09","","","","This still is not working, I am frustrated.","TOPIC_STEP","I am sorry for the inconvenience. I was unable to resolve this for you.","","","","-9.0","19:32:29","85ec0dbb-fd28-4f34-a95f-f61334ca1438"
"7a2eed37-4e64-454d-a1ab-7c7d4e08fb81","TOPIC_STEP","","SKYWAVE_PHASE_4_5","-3.0","11:47:02","","93659863-86d0-4fae-a1c3-cdd1a165997e","","","","Cancel my booking ABC123","TOPIC_STEP","I have cancelled booking ABC123. A refund of $480 will be issued.","","","","-3.0","11:47:00","0528fde3-cfc4-4012-a6bf-9c4a97244116"
"7a2eed37-4e64-454d-a1ab-7c7d4e08fb81","LLM_STEP","","SKYWAVE_PHASE_4_5","-3.0","11:47:04","","07455cde-88a3-41c8-a9c6-4233b0ae292c","","","","Cancel my booking ABC123","LLM_STEP","I have cancelled booking ABC123. A refund of $480 will be issued.","","","93659863-86d0-4fae-a1c3-cdd1a165997e","-3.0","11:47:02","0528fde3-cfc4-4012-a6bf-9c4a97244116"
"e5c213ba-a5da-44ef-a21f-b6f22c295662","TOPIC_STEP","","SKYWAVE_PHASE_4_5","-3.0","11:47:48","","54f88da9-9fe7-4fd1-ae39-d2059be2a07d","","","","Great, thank you!","TOPIC_STEP","You are welcome. Is there anything else I can help with?","","","","-3.0","11:47:46","50540075-7038-4795-ad66-ee74286530e5"
"8ef08546-c0b4-41a3-a7a9-9dc3e0c52d74","TOPIC_STEP","","SKYWAVE_PHASE_4_5","-9.0","10:29:02","","b3183241-4de8-42f3-ab6c-a0a3b555d735","","","","Can I move from 23B to an aisle seat?","TOPIC_STEP","I could not update your seat assignment. Please contact a service agent.","","","","-9.0","10:29:00","d34123e4-0b78-47cf-a829-0da629b526ad"
"8ef08546-c0b4-41a3-a7a9-9dc3e0c52d74","LLM_STEP","","SKYWAVE_PHASE_4_5","-9.0","10:29:04","","50354a36-1419-4aef-a215-72929d5d5a32","","","","Can I move from 23B to an aisle seat?","LLM_STEP","I could not update your seat assignment. Please contact a service agent.","","","b3183241-4de8-42f3-ab6c-a0a3b555d735","-9.0","10:29:02","d34123e4-0b78-47cf-a829-0da629b526ad"
"937dcc7b-0768-4b82-a7a8-12a17a4a5895","TOPIC_STEP","","SKYWAVE_PHASE_4_5","-9.0","10:29:39","","e69795f0-3090-41fb-a683-98d5fd176291","","","","This still is not working, I am frustrated.","TOPIC_STEP","I am sorry for the inconvenience. I was unable to resolve this for you.","","","","-9.0","10:29:37","e56dd851-1327-4295-a283-13841ef20469"
"52b5101b-80dd-47c2-af97-a98500412be9","TOPIC_STEP","","SKYWAVE_PHASE_4_5","-8.0","17:42:02","","9dc5209f-81cc-4291-a244-7f3c89c78469","","","","What is my tier status?","TOPIC_STEP","You are Gold tier with 14,200 qualifying points this year.","","","","-8.0","17:42:00","8c35600f-83da-497b-ad64-540127842507"
"52b5101b-80dd-47c2-af97-a98500412be9","LLM_STEP","","SKYWAVE_PHASE_4_5","-8.0","17:42:04","","0367e8dd-a3d9-48db-afe5-e3b98751255d","","","","What is my tier status?","LLM_STEP","You are Gold tier with 14,200 qualifying points this year.","","","9dc5209f-81cc-4291-a244-7f3c89c78469","-8.0","17:42:02","8c35600f-83da-497b-ad64-540127842507"
"c439e8fa-7c41-4466-a728-89d18eadf013","TOPIC_STEP","","SKYWAVE_PHASE_4_5","-8.0","17:42:52","","389180bb-70a8-4099-a185-9e441b2d4f75","","","","Great, thank you!","TOPIC_STEP","You are welcome. Is there anything else I can help with?","","","","-8.0","17:42:50","f4c13b5c-e4b0-492f-acfb-82300b683d70"
"2982f2f6-2215-4b98-a193-e33c56684b8b","TOPIC_STEP","","SKYWAVE_PHASE_4_5","-8.0","17:44:07","","c2c9bb1b-04ee-464b-a3de-d65b977958f8","","","","What is my tier status?","TOPIC_STEP","You are Gold tier with 14,200 qualifying points this year.","","","","-8.0","17:44:05","2ed4c56d-a58c-4f9c-a626-0821c8c63368"
"2982f2f6-2215-4b98-a193-e33c56684b8b","LLM_STEP","","SKYWAVE_PHASE_4_5","-8.0","17:44:09","","37511783-71d4-4d2f-ad2c-126cf954d103","","","","What is my tier status?","LLM_STEP","You are Gold tier with 14,200 qualifying points this year.","","","c2c9bb1b-04ee-464b-a3de-d65b977958f8","-8.0","17:44:07","2ed4c56d-a58c-4f9c-a626-0821c8c63368"
"7c6c89f0-3023-4136-a362-3b84ffa30dc3","TOPIC_STEP","","SKYWAVE_PHASE_4_5","-8.0","17:44:45","","194f9bc4-f552-4e62-a998-03d76c462b70","","","","Great, thank you!","TOPIC_STEP","You are welcome. Is there anything else I can help with?","","","","-8.0","17:44:43","70a4f28d-5269-4783-a76d-e10b44644f52"
"25383ba9-5491-45b9-a368-5880a46f978d","TOPIC_STEP","","SKYWAVE_PHASE_4_5","-8.0","17:45:41","","b206c0f2-453b-403d-acec-624586324afc","","","","I want to change my seat to a window seat","TOPIC_STEP","Sorry, I am unable to change your seat right now. Please try again later.","","","","-8.0","17:45:39","e4b1ad57-dd6e-493b-ae52-05e0e879a058"
"25383ba9-5491-45b9-a368-5880a46f978d","LLM_STEP","","SKYWAVE_PHASE_4_5","-8.0","17:45:43","","4aff908a-8ced-45ab-a19c-bc5e8ebb27e1","","","","I want to change my seat to a window seat","LLM_STEP","Sorry, I am unable to change your seat right now. Please try again later.","","","b206c0f2-453b-403d-acec-624586324afc","-8.0","17:45:41","e4b1ad57-dd6e-493b-ae52-05e0e879a058"
"1928081c-32e5-4d68-ada2-256070b1d418","TOPIC_STEP","","SKYWAVE_PHASE_4_5","-8.0","17:48:41","","a9b47b95-d505-40ad-aabb-f9de36656add","","","","This still is not working, I am frustrated.","TOPIC_STEP","I am sorry for the inconvenience. I was unable to resolve this for you.","","","","-8.0","17:48:39","78d40b12-7950-4c82-a9ca-ac35e5205c5c"
"ac25fcd9-8d38-49a1-ae04-8e60a1832bd1","TOPIC_STEP","","SKYWAVE_PHASE_4_5","-2.0","10:38:02","","2482e83a-5d78-495e-aca4-5a4493099515","","","","Whats the weather like in Tokyo?","TOPIC_STEP","I can only help with flight bookings and Skywave loyalty questions.","","","","-2.0","10:38:00","5a537c12-afa8-4d1c-a665-5c7b2d7483d3"
"ac25fcd9-8d38-49a1-ae04-8e60a1832bd1","LLM_STEP","","SKYWAVE_PHASE_4_5","-2.0","10:38:04","","63620a39-c133-4f7a-a40c-529b610da1ca","","","","Whats the weather like in Tokyo?","LLM_STEP","I can only help with flight bookings and Skywave loyalty questions.","","","2482e83a-5d78-495e-aca4-5a4493099515","-2.0","10:38:02","5a537c12-afa8-4d1c-a665-5c7b2d7483d3"
"ea3bde0f-5000-4c81-a35d-78d11167b5cd","TOPIC_STEP","","SKYWAVE_PHASE_4_5","-2.0","10:39:06","","491e27fe-9af4-4a54-a5bd-2510acc8b9d3","","","","This still is not working, I am frustrated.","TOPIC_STEP","I am sorry for the inconvenience. I was unable to resolve this for you.","","","","-2.0","10:39:04","931f058d-5ba7-444f-a64b-4921e4f8b921"
"8042f219-8f50-4d0a-a4af-2d6eec8dda7b","TOPIC_STEP","","SKYWAVE_PHASE_4_5","-7.0","13:18:02","","3febd366-da15-4339-a6f3-d0612e06ae95","","","","I want to select seat 1A for my flight","TOPIC_STEP","I was unable to retrieve the seat map automatically and could not assign the seat.","","","","-7.0","13:18:00","0c3f581d-89c1-4366-a436-1e49a297d6cb"
"8042f219-8f50-4d0a-a4af-2d6eec8dda7b","LLM_STEP","","SKYWAVE_PHASE_4_5","-7.0","13:18:04","","153e534f-a78c-4788-a81a-7c3eeb3bed16","","","","I want to select seat 1A for my flight","LLM_STEP","I was unable to retrieve the seat map automatically and could not assign the seat.","","","3febd366-da15-4339-a6f3-d0612e06ae95","-7.0","13:18:02","0c3f581d-89c1-4366-a436-1e49a297d6cb"
"a525f506-6108-4b74-aac0-94b96bbbb67a","TOPIC_STEP","","SKYWAVE_PHASE_4_5","-7.0","13:22:52","","11c9f99b-f28f-4e83-a68d-0db2c615a167","","","","This still is not working, I am frustrated.","TOPIC_STEP","I am sorry for the inconvenience. I was unable to resolve this for you.","","","","-7.0","13:22:50","3733fd4d-aa4a-4c63-a981-85678062edcc"
"624aa46b-9226-422d-a31b-5297a3195689","TOPIC_STEP","","SKYWAVE_PHASE_4_5","-7.0","13:27:46","","3ae313bd-e175-496f-aed8-e20b121f5597","","","","Find flights from JFK to HND tomorrow","TOPIC_STEP","I found 4 flights for that route. The cheapest is SW1200 at 1pm for $1,280.","","","","-7.0","13:27:44","56ccd6fe-c2a3-492f-a9f7-11cf50eb9742"
"624aa46b-9226-422d-a31b-5297a3195689","LLM_STEP","","SKYWAVE_PHASE_4_5","-7.0","13:27:48","","aca537d2-bc0b-445d-aabb-9762036dbf26","","","","Find flights from JFK to HND tomorrow","LLM_STEP","I found 4 flights for that route. The cheapest is SW1200 at 1pm for $1,280.","","","3ae313bd-e175-496f-aed8-e20b121f5597","-7.0","13:27:46","56ccd6fe-c2a3-492f-a9f7-11cf50eb9742"
"529b0699-5e0d-4bbc-a089-fca7e1c7ac9d","TOPIC_STEP","","SKYWAVE_PHASE_4_5","-7.0","13:28:57","","cd517458-ed9b-454d-a9ef-eaab25413c60","","","","Great, thank you!","TOPIC_STEP","You are welcome. Is there anything else I can help with?","","","","-7.0","13:28:55","d549874d-c0a6-44b7-a47e-4cb9573837f8"
"57ea1800-357b-4209-a888-c0718e894b8c","TOPIC_STEP","","SKYWAVE_PHASE_4_5","-1.0","19:16:02","","469b8dc6-9db8-4173-a99d-7d3b93f10ca9","","","","Tell me a joke","TOPIC_STEP","I am a Skywave booking assistant. How can I help with your travel?","","","","-1.0","19:16:00","7ee7760f-2575-42de-aae7-5148a88b764a"
"57ea1800-357b-4209-a888-c0718e894b8c","LLM_STEP","","SKYWAVE_PHASE_4_5","-1.0","19:16:04","","f6dddaf4-705f-42f9-ab25-6acc3400c8b4","","","","Tell me a joke","LLM_STEP","I am a Skywave booking assistant. How can I help with your travel?","","","469b8dc6-9db8-4173-a99d-7d3b93f10ca9","-1.0","19:16:02","7ee7760f-2575-42de-aae7-5148a88b764a"
"97ad1b95-295e-4600-ae32-2f83ef73ae64","TOPIC_STEP","","SKYWAVE_PHASE_4_5","-1.0","19:16:43","","eebc4baf-f5bd-439c-a277-014df184071a","","","","This still is not working, I am frustrated.","TOPIC_STEP","I am sorry for the inconvenience. I was unable to resolve this for you.","","","","-1.0","19:16:41","f756b286-7633-4173-aa74-97adeefdbc91"
"54444748-2514-40d7-aec3-63e9cf12e919","TOPIC_STEP","","SKYWAVE_PHASE_4_5","-1.0","19:18:46","","b74bf30d-dec3-4e34-a82a-98df508f9865","","","","I want to select seat 1A for my flight","TOPIC_STEP","I was unable to retrieve the seat map automatically and could not assign the seat.","","","","-1.0","19:18:44","66d21d05-8a29-4b1a-abe8-61eae1d81588"
"54444748-2514-40d7-aec3-63e9cf12e919","LLM_STEP","","SKYWAVE_PHASE_4_5","-1.0","19:18:48","","be2c0bf2-15a0-4dbf-afc6-3e6f43c5d97e","","","","I want to select seat 1A for my flight","LLM_STEP","I was unable to retrieve the seat map automatically and could not assign the seat.","","","b74bf30d-dec3-4e34-a82a-98df508f9865","-1.0","19:18:46","66d21d05-8a29-4b1a-abe8-61eae1d81588"
"f8041da2-9cbb-4260-aff0-e15a8d76075c","TOPIC_STEP","","SKYWAVE_PHASE_4_5","-1.0","19:19:12","","5b0756fb-9981-4e20-a6b0-aa2848f095d2","","","","This still is not working, I am frustrated.","TOPIC_STEP","I am sorry for the inconvenience. I was unable to resolve this for you.","","","","-1.0","19:19:10","64d64b39-817d-4bd7-ac38-d076ee4d6dd7"
"191c0b70-24f6-4b2c-af2a-07cc0c567092","TOPIC_STEP","","SKYWAVE_PHASE_4_5","-6.0","12:02:02","","0352c9e9-8211-4bb2-ac8c-bd17c1c9e3d0","","","","I lost my luggage in Munich last week, can you help?","TOPIC_STEP","I have created case 00012345 for your lost luggage. We will contact you within 24 hours.","","","","-6.0","12:02:00","a6905705-11f6-4ae3-a087-b8f801325c42"
"191c0b70-24f6-4b2c-af2a-07cc0c567092","LLM_STEP","","SKYWAVE_PHASE_4_5","-6.0","12:02:04","","853a57ed-266c-4bfe-af92-29a4fcdfca92","","","","I lost my luggage in Munich last week, can you help?","LLM_STEP","I have created case 00012345 for your lost luggage. We will contact you within 24 hours.","","","0352c9e9-8211-4bb2-ac8c-bd17c1c9e3d0","-6.0","12:02:02","a6905705-11f6-4ae3-a087-b8f801325c42"
"5843901e-dea1-4360-ae77-beb5981ce805","TOPIC_STEP","","SKYWAVE_PHASE_4_5","-6.0","12:02:21","","9d5bd74a-3a64-47ea-ae33-32cac1f46861","","","","Great, thank you!","TOPIC_STEP","You are welcome. Is there anything else I can help with?","","","","-6.0","12:02:19","f55ecea9-aafa-4135-a799-84654cd14fea"
"8fb3aee0-d7d7-440e-a172-cdc500ca972b","TOPIC_STEP","","SKYWAVE_PHASE_4_5","-6.0","12:04:23","","23345ab5-2b87-496f-ab25-c1970393cf3f","","","","My in-flight wifi did not work, I want a refund","TOPIC_STEP","I have logged your complaint as case 00012346. A refund will be processed.","","","","-6.0","12:04:21","f9555c98-86a6-41f1-a867-6aa243a57e37"
"8fb3aee0-d7d7-440e-a172-cdc500ca972b","LLM_STEP","","SKYWAVE_PHASE_4_5","-6.0","12:04:25","","7ee3dfce-9f01-4e9c-a215-d7a74572778e","","","","My in-flight wifi did not work, I want a refund","LLM_STEP","I have logged your complaint as case 00012346. A refund will be processed.","","","23345ab5-2b87-496f-ab25-c1970393cf3f","-6.0","12:04:23","f9555c98-86a6-41f1-a867-6aa243a57e37"
"18b16f67-4822-4b2a-ac4f-538c25a0db11","TOPIC_STEP","","SKYWAVE_PHASE_4_5","-6.0","12:04:42","","a92725f9-ca96-4c26-a20c-54e58935f35a","","","","Okay.","TOPIC_STEP","Understood. Anything else I can help with?","","","","-6.0","12:04:40","e7301f94-56bf-4d69-aca6-ad3e94da5bda"
"a3d0067c-07f0-4f6f-ae67-41139d01f26d","TOPIC_STEP","","SKYWAVE_PHASE_4_5","-6.0","12:08:13","","3c1440cd-6473-498e-ae2c-d0dc5813dde6","","","","What is my tier status?","TOPIC_STEP","You are Gold tier with 14,200 qualifying points this year.","","","","-6.0","12:08:11","f6afd5da-cefe-41a5-ae04-f17f61d779be"
"a3d0067c-07f0-4f6f-ae67-41139d01f26d","LLM_STEP","","SKYWAVE_PHASE_4_5","-6.0","12:08:15","","b27f3f82-ce8d-4cf1-a58f-70268c0658d8","","","","What is my tier status?","LLM_STEP","You are Gold tier with 14,200 qualifying points this year.","","","3c1440cd-6473-498e-ae2c-d0dc5813dde6","-6.0","12:08:13","f6afd5da-cefe-41a5-ae04-f17f61d779be"
"314c8929-0609-464d-a3c0-bf3955093f12","TOPIC_STEP","","SKYWAVE_PHASE_4_5","-6.0","12:08:58","","d903c0b3-6027-43c1-ad6e-b8bfd07a499e","","","","Great, thank you!","TOPIC_STEP","You are welcome. Is there anything else I can help with?","","","","-6.0","12:08:56","41faeb77-9c81-4ccd-a271-74dba9f9788d"
"ff46a495-a901-40a5-a441-5d8dad175320","TOPIC_STEP","","SKYWAVE_PHASE_4_5","-1.0","15:57:02","","6ac69c52-5a58-4f67-a36b-da99cc53d3e8","","","","Can I move from 23B to an aisle seat?","TOPIC_STEP","I could not update your seat assignment. Please contact a service agent.","","","","-1.0","15:57:00","d4022717-620c-4e78-a14e-3a51f798d034"
"ff46a495-a901-40a5-a441-5d8dad175320","LLM_STEP","","SKYWAVE_PHASE_4_5","-1.0","15:57:04","","e4f6096d-6afa-4dac-a474-375c5d3f660d","","","","Can I move from 23B to an aisle seat?","LLM_STEP","I could not update your seat assignment. Please contact a service agent.","","","6ac69c52-5a58-4f67-a36b-da99cc53d3e8","-1.0","15:57:02","d4022717-620c-4e78-a14e-3a51f798d034"
"1da92cd8-1931-4892-a757-2d72a8339fb8","TOPIC_STEP","","SKYWAVE_PHASE_4_5","-1.0","15:58:04","","51a019dc-f351-4d39-aeb8-db8dea32f74a","","","","This still is not working, I am frustrated.","TOPIC_STEP","I am sorry for the inconvenience. I was unable to resolve this for you.","","","","-1.0","15:58:02","61f8183d-9f40-4ff1-a1f4-99fc0a77f497"
"b9fc48f2-03c0-45cb-ae9c-0f313ca56678","TOPIC_STEP","","SKYWAVE_PHASE_4_5","-1.0","15:59:19","","b8aa7da6-706c-4880-a073-46b5501ea536","","","","I want to select seat 1A for my flight","TOPIC_STEP","I was unable to retrieve the seat map automatically and could not assign the seat.","","","","-1.0","15:59:17","370810fc-a722-47e5-ac93-838767be4cc4"
"b9fc48f2-03c0-45cb-ae9c-0f313ca56678","LLM_STEP","","SKYWAVE_PHASE_4_5","-1.0","15:59:21","","30cf1c19-14ee-4b9b-a944-bcbeac2c7364","","","","I want to select seat 1A for my flight","LLM_STEP","I was unable to retrieve the seat map automatically and could not assign the seat.","","","b8aa7da6-706c-4880-a073-46b5501ea536","-1.0","15:59:19","370810fc-a722-47e5-ac93-838767be4cc4"
"d614f0bf-0456-4b5d-a7c3-61fe854799bc","TOPIC_STEP","","SKYWAVE_PHASE_4_5","-1.0","16:00:24","","507f53e5-a783-40e6-af9b-c8dc3885f7bd","","","","This still is not working, I am frustrated.","TOPIC_STEP","I am sorry for the inconvenience. I was unable to resolve this for you.","","","","-1.0","16:00:22","672f2c98-8b65-4a46-a8c8-5e71951dca1f"
"02625666-6c93-4c7c-ad9d-d58e0171a1db","TOPIC_STEP","","SKYWAVE_PHASE_4_5","-9.0","08:31:02","","42d02452-5c19-4eac-a394-3e72495c9b76","","","","Find flights from JFK to HND tomorrow","TOPIC_STEP","I found 4 flights for that route. The cheapest is SW1200 at 1pm for $1,280.","","","","-9.0","08:31:00","b198a881-0348-40fc-a270-08f07edb27c2"
"02625666-6c93-4c7c-ad9d-d58e0171a1db","LLM_STEP","","SKYWAVE_PHASE_4_5","-9.0","08:31:04","","ef2d9bfe-81eb-41bd-ae73-4f3eae24e605","","","","Find flights from JFK to HND tomorrow","LLM_STEP","I found 4 flights for that route. The cheapest is SW1200 at 1pm for $1,280.","","","42d02452-5c19-4eac-a394-3e72495c9b76","-9.0","08:31:02","b198a881-0348-40fc-a270-08f07edb27c2"
"ec461e91-b8f4-4216-a429-db7312b070ce","TOPIC_STEP","","SKYWAVE_PHASE_4_5","-9.0","08:32:15","","2277bdee-f60e-475d-ac3c-655b74d86b4d","","","","Great, thank you!","TOPIC_STEP","You are welcome. Is there anything else I can help with?","","","","-9.0","08:32:13","0f1183b7-f2c1-484b-a459-fb08d480123f"
"8191775b-8c27-4e50-a376-93cae9e4a104","TOPIC_STEP","","SKYWAVE_PHASE_4_5","-3.0","15:33:02","","225c110b-663b-425f-a313-0495be1562b0","","","","What is my tier status?","TOPIC_STEP","You are Gold tier with 14,200 qualifying points this year.","","","","-3.0","15:33:00","aea968b9-9b87-4a7a-a053-59d83b43afae"
"8191775b-8c27-4e50-a376-93cae9e4a104","LLM_STEP","","SKYWAVE_PHASE_4_5","-3.0","15:33:04","","26c78d81-4b07-4e25-a1c4-b52d0efc609c","","","","What is my tier status?","LLM_STEP","You are Gold tier with 14,200 qualifying points this year.","","","225c110b-663b-425f-a313-0495be1562b0","-3.0","15:33:02","aea968b9-9b87-4a7a-a053-59d83b43afae"
"56cacb6e-9219-4fa0-a59a-1bf13a8d9f68","TOPIC_STEP","","SKYWAVE_PHASE_4_5","-3.0","15:36:44","","10236d2b-7265-495b-afff-293d85c7c2f9","","","","Great, thank you!","TOPIC_STEP","You are welcome. Is there anything else I can help with?","","","","-3.0","15:36:42","ae67c593-fd61-4163-a209-9de2de6f3355"
"868c65d3-e613-4a06-a40c-fe7b57e5a6bd","TOPIC_STEP","","SKYWAVE_PHASE_4_5","-3.0","15:37:34","","2372ae54-ef06-4226-af6d-3d16b4a613b3","","","","I want to change my seat to a window seat","TOPIC_STEP","Sorry, I am unable to change your seat right now. Please try again later.","","","","-3.0","15:37:32","91484d43-f94d-4ff1-a47e-fb608a92b11e"
"868c65d3-e613-4a06-a40c-fe7b57e5a6bd","LLM_STEP","","SKYWAVE_PHASE_4_5","-3.0","15:37:36","","e1ba22e4-ce5b-49b5-a201-13701346c0c0","","","","I want to change my seat to a window seat","LLM_STEP","Sorry, I am unable to change your seat right now. Please try again later.","","","2372ae54-ef06-4226-af6d-3d16b4a613b3","-3.0","15:37:34","91484d43-f94d-4ff1-a47e-fb608a92b11e"
"9e774d1d-d6cb-4ed9-aee2-6077ae689285","TOPIC_STEP","","SKYWAVE_PHASE_4_5","-3.0","15:38:10","","4bd8ec65-f5f8-44fb-a094-5cab48b52907","","","","This still is not working, I am frustrated.","TOPIC_STEP","I am sorry for the inconvenience. I was unable to resolve this for you.","","","","-3.0","15:38:08","26d0742b-1731-4b0d-a3eb-117c04554773"
"71a9d296-11af-46c3-af46-f6f91a232643","TOPIC_STEP","","SKYWAVE_PHASE_4_5","-13.0","14:07:02","","37a40552-e397-406e-a32b-d69668f8a739","","","","Whats the weather like in Tokyo?","TOPIC_STEP","I can only help with flight bookings and Skywave loyalty questions.","","","","-13.0","14:07:00","ed8361ca-a49f-4b88-a545-d9f4e78a195f"
"71a9d296-11af-46c3-af46-f6f91a232643","LLM_STEP","","SKYWAVE_PHASE_4_5","-13.0","14:07:04","","767c6e01-ed8a-46be-ad16-777ba00d9531","","","","Whats the weather like in Tokyo?","LLM_STEP","I can only help with flight bookings and Skywave loyalty questions.","","","37a40552-e397-406e-a32b-d69668f8a739","-13.0","14:07:02","ed8361ca-a49f-4b88-a545-d9f4e78a195f"
"d45688e7-773d-4ecb-a91f-95576baf22d6","TOPIC_STEP","","SKYWAVE_PHASE_4_5","-13.0","14:07:41","","e159234c-4c55-4c8a-a3df-dd238b22a8e2","","","","Okay.","TOPIC_STEP","Understood. Anything else I can help with?","","","","-13.0","14:07:39","8ceb9f40-5353-436e-a067-1032908e0317"
"f78f149d-655d-4c1d-a3ff-20905860cb3f","TOPIC_STEP","","SKYWAVE_PHASE_4_5","-4.0","09:06:02","","30f31838-a9b4-46ab-abc5-1960e1a2c38e","","","","Cancel my booking ABC123","TOPIC_STEP","I have cancelled booking ABC123. A refund of $480 will be issued.","","","","-4.0","09:06:00","7f5b3131-bac2-45a9-adac-5bd8f89e8aaa"
"f78f149d-655d-4c1d-a3ff-20905860cb3f","LLM_STEP","","SKYWAVE_PHASE_4_5","-4.0","09:06:04","","e2af766d-8bea-413f-a9a7-df3fa6741fa8","","","","Cancel my booking ABC123","LLM_STEP","I have cancelled booking ABC123. A refund of $480 will be issued.","","","30f31838-a9b4-46ab-abc5-1960e1a2c38e","-4.0","09:06:02","7f5b3131-bac2-45a9-adac-5bd8f89e8aaa"
"e5f71b85-c327-44ea-a633-41f81be0faae","TOPIC_STEP","","SKYWAVE_PHASE_4_5","-4.0","09:06:57","","9f7f8ff7-9cd5-400c-aa79-0d0f43e670c8","","","","Great, thank you!","TOPIC_STEP","You are welcome. Is there anything else I can help with?","","","","-4.0","09:06:55","1094a100-b634-4f84-ac28-8e6274973bfa"
"46fec467-a280-4af4-a5f8-b37e9c521101","TOPIC_STEP","","SKYWAVE_PHASE_4_5","-7.0","13:38:02","","d36d594d-5979-4894-affa-17b13603941d","","","","I want to select seat 1A for my flight","TOPIC_STEP","I was unable to retrieve the seat map automatically and could not assign the seat.","","","","-7.0","13:38:00","5b5cb344-c999-421d-af9e-ce9f9d218147"
"46fec467-a280-4af4-a5f8-b37e9c521101","LLM_STEP","","SKYWAVE_PHASE_4_5","-7.0","13:38:04","","8d37c7f1-1d72-473b-a143-2d43c6f1da97","","","","I want to select seat 1A for my flight","LLM_STEP","I was unable to retrieve the seat map automatically and could not assign the seat.","","","d36d594d-5979-4894-affa-17b13603941d","-7.0","13:38:02","5b5cb344-c999-421d-af9e-ce9f9d218147"
"01b1b910-c11c-4141-a38d-62460402ae77","TOPIC_STEP","","SKYWAVE_PHASE_4_5","-7.0","13:39:17","","e8e290ac-cc72-4ce2-a6d3-07850e915285","","","","This still is not working, I am frustrated.","TOPIC_STEP","I am sorry for the inconvenience. I was unable to resolve this for you.","","","","-7.0","13:39:15","6b84b4b6-bd68-4e16-abb7-946b78009d39"
"b175b624-7a68-4cf6-acfb-ba24298c346a","TOPIC_STEP","","SKYWAVE_PHASE_4_5","-7.0","13:39:57","","42103a2a-eaa7-49d9-a906-5f51d8951bb9","","","","How many miles do I have?","TOPIC_STEP","You currently have 18,450 SkyWave miles. You are at Premier tier.","","","","-7.0","13:39:55","945f16b5-05d3-41e2-a34e-d83c47c4aa0a"
"b175b624-7a68-4cf6-acfb-ba24298c346a","LLM_STEP","","SKYWAVE_PHASE_4_5","-7.0","13:39:59","","fea7485a-b18d-4764-aff8-1a58bed94c23","","","","How many miles do I have?","LLM_STEP","You currently have 18,450 SkyWave miles. You are at Premier tier.","","","42103a2a-eaa7-49d9-a906-5f51d8951bb9","-7.0","13:39:57","945f16b5-05d3-41e2-a34e-d83c47c4aa0a"
"55bd87b1-0586-4452-a3fc-ead2b6f31a7b","TOPIC_STEP","","SKYWAVE_PHASE_4_5","-7.0","13:41:08","","732b2e9d-0589-423a-a99a-ae26cbc809b8","","","","Great, thank you!","TOPIC_STEP","You are welcome. Is there anything else I can help with?","","","","-7.0","13:41:06","d1bc497b-be38-4a93-a5de-74558d79a684"
"b1f43d8d-1cf9-4402-a0e4-ebb89ab99366","TOPIC_STEP","","SKYWAVE_PHASE_4_5","-7.0","15:05:02","","3361336b-57ac-4fe5-a331-7a70a28edbe5","","","","Show me my upcoming bookings","TOPIC_STEP","You have one upcoming booking — LH 1927 BER-MUC-SFO, confirmed.","","","","-7.0","15:05:00","77827d8d-1064-4e81-a767-684d964fd165"
"b1f43d8d-1cf9-4402-a0e4-ebb89ab99366","LLM_STEP","","SKYWAVE_PHASE_4_5","-7.0","15:05:04","","af4df6fb-9fee-4011-abfb-4bed4289a25a","","","","Show me my upcoming bookings","LLM_STEP","You have one upcoming booking — LH 1927 BER-MUC-SFO, confirmed.","","","3361336b-57ac-4fe5-a331-7a70a28edbe5","-7.0","15:05:02","77827d8d-1064-4e81-a767-684d964fd165"
"8e877f10-ea64-41b8-aa13-22a2e674b84f","TOPIC_STEP","","SKYWAVE_PHASE_4_5","-7.0","15:06:17","","7b572a27-cdae-4593-a6d3-5d80d3562144","","","","Great, thank you!","TOPIC_STEP","You are welcome. Is there anything else I can help with?","","","","-7.0","15:06:15","ff1928f0-0855-45f4-ad87-31d938ca2770"
"a309e253-c12a-4488-ae7b-ffbca0d837c5","TOPIC_STEP","","SKYWAVE_PHASE_4_5","-6.0","18:19:02","","085da7cb-11eb-412d-ad90-762b61298e6d","","","","What is my tier status?","TOPIC_STEP","You are Gold tier with 14,200 qualifying points this year.","","","","-6.0","18:19:00","b62a06ae-0dea-4176-ac5a-e773d469dbbf"
"a309e253-c12a-4488-ae7b-ffbca0d837c5","LLM_STEP","","SKYWAVE_PHASE_4_5","-6.0","18:19:04","","4238856f-3e0c-413c-a1fb-ccc09c0e025f","","","","What is my tier status?","LLM_STEP","You are Gold tier with 14,200 qualifying points this year.","","","085da7cb-11eb-412d-ad90-762b61298e6d","-6.0","18:19:02","b62a06ae-0dea-4176-ac5a-e773d469dbbf"
"95f6b81d-6a6a-4a6e-ac29-c015e15c9668","TOPIC_STEP","","SKYWAVE_PHASE_4_5","-6.0","18:22:36","","8e1f9659-10da-4d9c-a9c4-5bcc67550f0a","","","","Great, thank you!","TOPIC_STEP","You are welcome. Is there anything else I can help with?","","","","-6.0","18:22:34","f152ad22-7ec3-4d6e-a1fa-ee00c21e9f82"
"14c401ed-11b9-4b43-acff-70130ff28cc5","TOPIC_STEP","","SKYWAVE_PHASE_4_5","-6.0","18:23:15","","d43a7c83-db4b-4a54-aec9-2914c7ff1771","","","","Please correct my last name on booking ABC123","TOPIC_STEP","I have updated the passenger name on booking ABC123. A confirmation has been sent.","","","","-6.0","18:23:13","2ba3d80b-87b9-497f-a323-862b4c3dc75e"
"14c401ed-11b9-4b43-acff-70130ff28cc5","LLM_STEP","","SKYWAVE_PHASE_4_5","-6.0","18:23:17","","6a11498b-1267-40fe-a282-31e75bff9c3a","","","","Please correct my last name on booking ABC123","LLM_STEP","I have updated the passenger name on booking ABC123. A confirmation has been sent.","","","d43a7c83-db4b-4a54-aec9-2914c7ff1771","-6.0","18:23:15","2ba3d80b-87b9-497f-a323-862b4c3dc75e"
"0b88ab6c-e1e4-4240-a73e-43e78e0bf4ff","TOPIC_STEP","","SKYWAVE_PHASE_4_5","-6.0","18:25:50","","ff5f5e5e-a022-4f49-a743-9d7861326767","","","","Great, thank you!","TOPIC_STEP","You are welcome. Is there anything else I can help with?","","","","-6.0","18:25:48","9a87d112-e70d-4ed5-aef8-41fe3b6038fb"
"9d78e8ac-3533-481c-ab1e-02a198141aee","TOPIC_STEP","","SKYWAVE_PHASE_4_5","-3.0","09:34:02","","4c03ef7d-37ff-48aa-af59-4e800e247bae","","","","I want to select seat 1A for my flight","TOPIC_STEP","I was unable to retrieve the seat map automatically and could not assign the seat.","","","","-3.0","09:34:00","6fb01d3e-05b8-453f-a38c-37c5a12462ca"
"9d78e8ac-3533-481c-ab1e-02a198141aee","LLM_STEP","","SKYWAVE_PHASE_4_5","-3.0","09:34:04","","5b16f70c-d04b-4d19-ab79-624d0992ae18","","","","I want to select seat 1A for my flight","LLM_STEP","I was unable to retrieve the seat map automatically and could not assign the seat.","","","4c03ef7d-37ff-48aa-af59-4e800e247bae","-3.0","09:34:02","6fb01d3e-05b8-453f-a38c-37c5a12462ca"
"cec5172e-2909-4ac3-a417-6241c59eb856","TOPIC_STEP","","SKYWAVE_PHASE_4_5","-3.0","09:36:33","","f786704c-f7ad-4d99-ae71-1236bc4e2719","","","","This still is not working, I am frustrated.","TOPIC_STEP","I am sorry for the inconvenience. I was unable to resolve this for you.","","","","-3.0","09:36:31","6f17aeab-e404-468e-ab13-fa85c89a2bcd"
"9c7c3812-cfe5-4a5c-af74-ed70773e6247","TOPIC_STEP","","SKYWAVE_PHASE_4_5","-4.0","08:26:02","","2571a76d-7aaf-4205-a8bc-becd8603aa99","","","","Tell me a joke","TOPIC_STEP","I am a Skywave booking assistant. How can I help with your travel?","","","","-4.0","08:26:00","1a229f02-78be-47ac-a934-cce6315ad0a8"
"9c7c3812-cfe5-4a5c-af74-ed70773e6247","LLM_STEP","","SKYWAVE_PHASE_4_5","-4.0","08:26:04","","1ff040ec-304d-4285-adee-b8054f421e49","","","","Tell me a joke","LLM_STEP","I am a Skywave booking assistant. How can I help with your travel?","","","2571a76d-7aaf-4205-a8bc-becd8603aa99","-4.0","08:26:02","1a229f02-78be-47ac-a934-cce6315ad0a8"
"8e9b8ac0-5643-4303-ac73-0874e1f88322","TOPIC_STEP","","SKYWAVE_PHASE_4_5","-4.0","08:27:56","","3387ef90-c3ac-473f-aa2a-a4e92bed8a94","","","","This still is not working, I am frustrated.","TOPIC_STEP","I am sorry for the inconvenience. I was unable to resolve this for you.","","","","-4.0","08:27:54","6c39a462-6f85-4117-a323-81aa481c504c"
"af042bcf-1f7b-445e-a18d-4e155758648d","TOPIC_STEP","","SKYWAVE_PHASE_4_5","-12.0","09:00:02","","d1da652e-69d6-4274-a19f-fe15b17acc20","","","","I want to change my seat to a window seat","TOPIC_STEP","Sorry, I am unable to change your seat right now. Please try again later.","","","","-12.0","09:00:00","7e4fabb7-e6d0-4ed6-acf3-ecc12904c43f"
"af042bcf-1f7b-445e-a18d-4e155758648d","LLM_STEP","","SKYWAVE_PHASE_4_5","-12.0","09:00:04","","9e8c90d2-656a-4aed-adf1-df4f67b64426","","","","I want to change my seat to a window seat","LLM_STEP","Sorry, I am unable to change your seat right now. Please try again later.","","","d1da652e-69d6-4274-a19f-fe15b17acc20","-12.0","09:00:02","7e4fabb7-e6d0-4ed6-acf3-ecc12904c43f"
"049c40f6-bda6-493d-a79d-8e53ceb6ec0d","TOPIC_STEP","","SKYWAVE_PHASE_4_5","-12.0","09:01:09","","24600c52-f3e9-4091-a59b-9719d830c8c2","","","","This still is not working, I am frustrated.","TOPIC_STEP","I am sorry for the inconvenience. I was unable to resolve this for you.","","","","-12.0","09:01:07","ecb6231d-54b6-48a0-afe3-4da900ef58c7"
"6adc1f08-700b-4d9c-ae7d-5fa7eb26e163","TOPIC_STEP","","SKYWAVE_PHASE_4_5","-12.0","09:04:24","","9b56a1d2-c01d-4e58-a120-00dbd5582d95","","","","Can I move from 23B to an aisle seat?","TOPIC_STEP","I could not update your seat assignment. Please contact a service agent.","","","","-12.0","09:04:22","f1ce71b3-7aff-4700-a72d-975fb6bd9b02"
"6adc1f08-700b-4d9c-ae7d-5fa7eb26e163","LLM_STEP","","SKYWAVE_PHASE_4_5","-12.0","09:04:26","","6c6836ce-0dd3-4e41-a268-63bfd15424b8","","","","Can I move from 23B to an aisle seat?","LLM_STEP","I could not update your seat assignment. Please contact a service agent.","","","9b56a1d2-c01d-4e58-a120-00dbd5582d95","-12.0","09:04:24","f1ce71b3-7aff-4700-a72d-975fb6bd9b02"
"a9342b48-2c6b-4ec4-af56-4f48ee0111ec","TOPIC_STEP","","SKYWAVE_PHASE_4_5","-12.0","09:05:38","","8c1d7305-d0b7-4f9d-a8c0-ad9faa8ec373","","","","This still is not working, I am frustrated.","TOPIC_STEP","I am sorry for the inconvenience. I was unable to resolve this for you.","","","","-12.0","09:05:36","7f08dcf9-fbd9-4e09-a9e3-e345cefb26db"
"a507931e-e419-48b4-aa7e-d6ce2b7fde14","TOPIC_STEP","","SKYWAVE_PHASE_4_5","-10.0","10:40:02","","7a90ad9d-052f-46ce-aa28-a99f176be892","","","","Cancel my booking ABC123","TOPIC_STEP","I have cancelled booking ABC123. A refund of $480 will be issued.","","","","-10.0","10:40:00","f27055be-bc4e-4b92-a1f9-f9c8bcd9694d"
"a507931e-e419-48b4-aa7e-d6ce2b7fde14","LLM_STEP","","SKYWAVE_PHASE_4_5","-10.0","10:40:04","","77112c82-f01d-4e02-a6cd-71bd79d5e08f","","","","Cancel my booking ABC123","LLM_STEP","I have cancelled booking ABC123. A refund of $480 will be issued.","","","7a90ad9d-052f-46ce-aa28-a99f176be892","-10.0","10:40:02","f27055be-bc4e-4b92-a1f9-f9c8bcd9694d"
"86b9b360-b03d-4b15-a30f-c49fbce0752c","TOPIC_STEP","","SKYWAVE_PHASE_4_5","-10.0","10:40:31","","d2090f50-64fb-40bd-ab45-5f54d78ed383","","","","Great, thank you!","TOPIC_STEP","You are welcome. Is there anything else I can help with?","","","","-10.0","10:40:29","15801a01-2ac8-47c5-ad59-7822a8dc4b7e"
"2a1ee837-18e0-41d5-a046-4fa355c97618","TOPIC_STEP","","SKYWAVE_PHASE_4_5","-10.0","10:41:15","","8e08ea6b-fbc8-4796-a76d-2d532f6ca7cc","","","","I lost my luggage in Munich last week, can you help?","TOPIC_STEP","I have created case 00012345 for your lost luggage. We will contact you within 24 hours.","","","","-10.0","10:41:13","3867b21c-c897-45df-aca2-8ec8130a87b7"
"2a1ee837-18e0-41d5-a046-4fa355c97618","LLM_STEP","","SKYWAVE_PHASE_4_5","-10.0","10:41:17","","ee0bf2e7-d42b-42da-a8d8-55788bba9960","","","","I lost my luggage in Munich last week, can you help?","LLM_STEP","I have created case 00012345 for your lost luggage. We will contact you within 24 hours.","","","8e08ea6b-fbc8-4796-a76d-2d532f6ca7cc","-10.0","10:41:15","3867b21c-c897-45df-aca2-8ec8130a87b7"
"9bca2ee1-f5b0-4ea9-a61b-8f3a3aca3150","TOPIC_STEP","","SKYWAVE_PHASE_4_5","-10.0","10:42:07","","fdcbd9b9-ee2c-44d5-a486-c03c4fe41d0c","","","","Great, thank you!","TOPIC_STEP","You are welcome. Is there anything else I can help with?","","","","-10.0","10:42:05","eedb3741-9ab5-4f91-a4e6-5b7708f66eb0"
"310fca8d-c05f-4b6c-a6e7-a120f60adf83","TOPIC_STEP","","SKYWAVE_PHASE_4_5","-10.0","10:44:26","","098b1d99-84d7-43c0-a39c-7042612f37ef","","","","Show me my upcoming bookings","TOPIC_STEP","You have one upcoming booking — LH 1927 BER-MUC-SFO, confirmed.","","","","-10.0","10:44:24","dcee1b7e-5e16-40b3-a6fa-eee80764b8e2"
"310fca8d-c05f-4b6c-a6e7-a120f60adf83","LLM_STEP","","SKYWAVE_PHASE_4_5","-10.0","10:44:28","","7a607df4-788a-4f3a-aac0-5c61abb7d63b","","","","Show me my upcoming bookings","LLM_STEP","You have one upcoming booking — LH 1927 BER-MUC-SFO, confirmed.","","","098b1d99-84d7-43c0-a39c-7042612f37ef","-10.0","10:44:26","dcee1b7e-5e16-40b3-a6fa-eee80764b8e2"
"c3bdc0e5-18a9-4d0c-afd7-e4328df12759","TOPIC_STEP","","SKYWAVE_PHASE_4_5","-10.0","10:47:43","","01e676f3-ea63-4f36-a809-0e91630db2cf","","","","Great, thank you!","TOPIC_STEP","You are welcome. Is there anything else I can help with?","","","","-10.0","10:47:41","2c27617a-08fb-484d-abef-74fd2f2098b5"
"e0458874-1274-4b64-a621-30e5a972bd9b","TOPIC_STEP","","SKYWAVE_PHASE_4_5","-8.0","11:48:02","","97fac79b-2e22-421a-af48-dae810dde117","","","","My in-flight wifi did not work, I want a refund","TOPIC_STEP","I have logged your complaint as case 00012346. A refund will be processed.","","","","-8.0","11:48:00","2743425a-1edb-4d86-a429-1b86b98ea2ab"
"e0458874-1274-4b64-a621-30e5a972bd9b","LLM_STEP","","SKYWAVE_PHASE_4_5","-8.0","11:48:04","","be7fd2e5-3c9c-49cc-afeb-de7b05037c9c","","","","My in-flight wifi did not work, I want a refund","LLM_STEP","I have logged your complaint as case 00012346. A refund will be processed.","","","97fac79b-2e22-421a-af48-dae810dde117","-8.0","11:48:02","2743425a-1edb-4d86-a429-1b86b98ea2ab"
"4eca774e-c7d4-4c09-a49e-386de4c04a05","TOPIC_STEP","","SKYWAVE_PHASE_4_5","-8.0","11:52:20","","bf12509d-5401-476c-ac11-a0fc8f62ce91","","","","Great, thank you!","TOPIC_STEP","You are welcome. Is there anything else I can help with?","","","","-8.0","11:52:18","3ac3b2a8-4744-4019-a13e-4fea0f74bae9"
"6795ac14-f826-4ea5-a15d-6fef070f62ca","TOPIC_STEP","","SKYWAVE_PHASE_4_5","-8.0","11:53:31","","a9e91471-274b-4f77-a120-489969259c9c","","","","Tell me a joke","TOPIC_STEP","I am a Skywave booking assistant. How can I help with your travel?","","","","-8.0","11:53:29","ffb3b8f0-e681-4b53-ab1f-49f51c84552e"
"6795ac14-f826-4ea5-a15d-6fef070f62ca","LLM_STEP","","SKYWAVE_PHASE_4_5","-8.0","11:53:33","","b8c8000e-5da8-4584-ad8a-1b6dfa947b8b","","","","Tell me a joke","LLM_STEP","I am a Skywave booking assistant. How can I help with your travel?","","","a9e91471-274b-4f77-a120-489969259c9c","-8.0","11:53:31","ffb3b8f0-e681-4b53-ab1f-49f51c84552e"
"8c5edc68-7818-4a79-abb4-5fbc9944b8ac","TOPIC_STEP","","SKYWAVE_PHASE_4_5","-8.0","11:58:13","","766ad560-05c8-4c28-a8f6-4ee86f8fa9c4","","","","Okay.","TOPIC_STEP","Understood. Anything else I can help with?","","","","-8.0","11:58:11","4fa429aa-cb6c-4332-a378-2169318f172d"
"6c43efd4-2824-4e36-abda-371305c51fa3","TOPIC_STEP","","SKYWAVE_PHASE_4_5","-13.0","08:28:02","","483fee99-1f8d-4eef-a9bf-10043a74552f","","","","Can I move from 23B to an aisle seat?","TOPIC_STEP","I could not update your seat assignment. Please contact a service agent.","","","","-13.0","08:28:00","f7fa608e-409a-4613-a233-63240baa16be"
"6c43efd4-2824-4e36-abda-371305c51fa3","LLM_STEP","","SKYWAVE_PHASE_4_5","-13.0","08:28:04","","fcab3818-a79c-4b30-a937-621f4d55e303","","","","Can I move from 23B to an aisle seat?","LLM_STEP","I could not update your seat assignment. Please contact a service agent.","","","483fee99-1f8d-4eef-a9bf-10043a74552f","-13.0","08:28:02","f7fa608e-409a-4613-a233-63240baa16be"
"908f08be-fdc5-4e95-a195-8a4b3d9c871c","TOPIC_STEP","","SKYWAVE_PHASE_4_5","-13.0","08:28:51","","9f6d2a5b-0c92-4270-a4cf-fc786bdc82ea","","","","This still is not working, I am frustrated.","TOPIC_STEP","I am sorry for the inconvenience. I was unable to resolve this for you.","","","","-13.0","08:28:49","ed122c0e-0fb2-4d05-a577-04e0c4fd1703"
"746b36bd-452c-4dc4-a8e6-a56063028f65","TOPIC_STEP","","SKYWAVE_PHASE_4_5","-11.0","16:41:02","","44e69a32-599f-424a-a1ea-02cb9f841604","","","","Can I move from 23B to an aisle seat?","TOPIC_STEP","I could not update your seat assignment. Please contact a service agent.","","","","-11.0","16:41:00","fdb604c0-5cbd-45fc-a897-c5820930e68c"
"746b36bd-452c-4dc4-a8e6-a56063028f65","LLM_STEP","","SKYWAVE_PHASE_4_5","-11.0","16:41:04","","454906d2-cdad-4488-aac9-e4f8a31a6e47","","","","Can I move from 23B to an aisle seat?","LLM_STEP","I could not update your seat assignment. Please contact a service agent.","","","44e69a32-599f-424a-a1ea-02cb9f841604","-11.0","16:41:02","fdb604c0-5cbd-45fc-a897-c5820930e68c"
"d4ee7e77-867a-427d-a7b7-4b8b01345b81","TOPIC_STEP","","SKYWAVE_PHASE_4_5","-11.0","16:41:45","","be4b5d43-84c6-4868-aceb-a7505e89d066","","","","This still is not working, I am frustrated.","TOPIC_STEP","I am sorry for the inconvenience. I was unable to resolve this for you.","","","","-11.0","16:41:43","8c25cb2c-f337-47af-a716-5ccdaf78d369"
"d30d2dc9-6ab5-4a95-a6e2-1f22981d2e1c","TOPIC_STEP","","SKYWAVE_PHASE_4_5","-12.0","14:26:02","","cc56d185-16fe-488e-acb0-490bd11f0ff5","","","","Can I move from 23B to an aisle seat?","TOPIC_STEP","I could not update your seat assignment. Please contact a service agent.","","","","-12.0","14:26:00","1e31a806-44e5-4b3c-a878-46e4430b3f58"
"d30d2dc9-6ab5-4a95-a6e2-1f22981d2e1c","LLM_STEP","","SKYWAVE_PHASE_4_5","-12.0","14:26:04","","630384b5-8603-48e5-ac24-7c05929981ba","","","","Can I move from 23B to an aisle seat?","LLM_STEP","I could not update your seat assignment. Please contact a service agent.","","","cc56d185-16fe-488e-acb0-490bd11f0ff5","-12.0","14:26:02","1e31a806-44e5-4b3c-a878-46e4430b3f58"
"031c518f-deaf-421b-a160-5c826fded6a9","TOPIC_STEP","","SKYWAVE_PHASE_4_5","-12.0","14:27:08","","c57fafc0-66f5-4d6f-a051-c7e87e8251fa","","","","This still is not working, I am frustrated.","TOPIC_STEP","I am sorry for the inconvenience. I was unable to resolve this for you.","","","","-12.0","14:27:06","e59f15cb-6985-4ca3-a538-73f18606cc68"
"e9a0157c-3af7-4369-a3e9-350f40b61667","TOPIC_STEP","","SKYWAVE_PHASE_4_5","-12.0","14:30:10","","e5480582-9a1e-45ce-a4b5-665b03db1fa3","","","","Please correct my last name on booking ABC123","TOPIC_STEP","I have updated the passenger name on booking ABC123. A confirmation has been sent.","","","","-12.0","14:30:08","0168523b-f468-4c61-afda-9f602d16eceb"
"e9a0157c-3af7-4369-a3e9-350f40b61667","LLM_STEP","","SKYWAVE_PHASE_4_5","-12.0","14:30:12","","09d440d6-7303-4913-a339-eed39aab250b","","","","Please correct my last name on booking ABC123","LLM_STEP","I have updated the passenger name on booking ABC123. A confirmation has been sent.","","","e5480582-9a1e-45ce-a4b5-665b03db1fa3","-12.0","14:30:10","0168523b-f468-4c61-afda-9f602d16eceb"
"b5b8d677-e595-406f-ac03-cc575078254c","TOPIC_STEP","","SKYWAVE_PHASE_4_5","-12.0","14:30:33","","2b6fa67b-80eb-437b-a952-44490b54ea65","","","","Great, thank you!","TOPIC_STEP","You are welcome. Is there anything else I can help with?","","","","-12.0","14:30:31","3b2a0522-4cd8-4d0f-aa54-c838659144de"
"016f6f42-8ca6-4f13-add6-f0c59854382e","TOPIC_STEP","","SKYWAVE_PHASE_4_5","-2.0","13:26:02","","50c8e407-e691-4812-a9ff-8a6953bc6066","","","","I want to select seat 1A for my flight","TOPIC_STEP","I was unable to retrieve the seat map automatically and could not assign the seat.","","","","-2.0","13:26:00","fdfab676-5cf2-4833-ada6-6b5f322ca0f8"
"016f6f42-8ca6-4f13-add6-f0c59854382e","LLM_STEP","","SKYWAVE_PHASE_4_5","-2.0","13:26:04","","bbcd8c44-7e18-49a2-aa47-9ac568225ec0","","","","I want to select seat 1A for my flight","LLM_STEP","I was unable to retrieve the seat map automatically and could not assign the seat.","","","50c8e407-e691-4812-a9ff-8a6953bc6066","-2.0","13:26:02","fdfab676-5cf2-4833-ada6-6b5f322ca0f8"
"64a0d2f3-98a2-43db-a31b-9b2b6f034951","TOPIC_STEP","","SKYWAVE_PHASE_4_5","-2.0","13:26:26","","8449483c-c93f-4bd8-a644-998aae4b015f","","","","This still is not working, I am frustrated.","TOPIC_STEP","I am sorry for the inconvenience. I was unable to resolve this for you.","","","","-2.0","13:26:24","23648d55-c559-435b-a8af-ebc0193606eb"
"d8dac585-601b-43ce-a3cd-f4253eb9c4bb","TOPIC_STEP","","SKYWAVE_PHASE_4_5","-2.0","13:27:44","","649edbdc-3a6c-4854-abb7-801510a8ae8d","","","","Please correct my last name on booking ABC123","TOPIC_STEP","I have updated the passenger name on booking ABC123. A confirmation has been sent.","","","","-2.0","13:27:42","ee13cb09-1221-4813-a673-119aae0528a8"
"d8dac585-601b-43ce-a3cd-f4253eb9c4bb","LLM_STEP","","SKYWAVE_PHASE_4_5","-2.0","13:27:46","","61b42e09-7ade-4593-a050-5fe5bcdf1524","","","","Please correct my last name on booking ABC123","LLM_STEP","I have updated the passenger name on booking ABC123. A confirmation has been sent.","","","649edbdc-3a6c-4854-abb7-801510a8ae8d","-2.0","13:27:44","ee13cb09-1221-4813-a673-119aae0528a8"
"8e70dbf4-d743-45bd-a369-904c879f166e","TOPIC_STEP","","SKYWAVE_PHASE_4_5","-2.0","13:29:54","","d4fe9964-f3a8-4152-adb8-19bbadf1031b","","","","Great, thank you!","TOPIC_STEP","You are welcome. Is there anything else I can help with?","","","","-2.0","13:29:52","a80e1dd3-f601-444f-a66b-90484fceee5c"
"750e81c5-b91d-48fe-a700-87f469130c17","TOPIC_STEP","","SKYWAVE_PHASE_4_5","-6.0","15:24:02","","c4e42e6c-1159-497b-abd5-ea9470c30b03","","","","What is my tier status?","TOPIC_STEP","You are Gold tier with 14,200 qualifying points this year.","","","","-6.0","15:24:00","b12982fc-d808-40c0-a2c1-404286c5780e"
"750e81c5-b91d-48fe-a700-87f469130c17","LLM_STEP","","SKYWAVE_PHASE_4_5","-6.0","15:24:04","","44e132c1-80c3-4d67-a184-f6515ed5e9ea","","","","What is my tier status?","LLM_STEP","You are Gold tier with 14,200 qualifying points this year.","","","c4e42e6c-1159-497b-abd5-ea9470c30b03","-6.0","15:24:02","b12982fc-d808-40c0-a2c1-404286c5780e"
"fad2def7-979f-490d-aa64-ebaac1fccfa9","TOPIC_STEP","","SKYWAVE_PHASE_4_5","-6.0","15:25:07","","c28d0eaa-6a0f-4371-a8ea-d894409aa8e3","","","","Great, thank you!","TOPIC_STEP","You are welcome. Is there anything else I can help with?","","","","-6.0","15:25:05","9374ff38-e369-49ba-a475-c05cf1405c7b"
"8be980cf-06ba-4f0e-a5d9-f468104ee6cc","TOPIC_STEP","","SKYWAVE_PHASE_4_5","-10.0","12:42:02","","dc900dc1-44f5-4715-a89e-cda7a35d13b2","","","","I want to select seat 1A for my flight","TOPIC_STEP","I was unable to retrieve the seat map automatically and could not assign the seat.","","","","-10.0","12:42:00","a8b52b9a-06f3-48c7-a297-80bceec0a803"
"8be980cf-06ba-4f0e-a5d9-f468104ee6cc","LLM_STEP","","SKYWAVE_PHASE_4_5","-10.0","12:42:04","","41a5c47c-0b09-4227-a301-ec6218bd7d8c","","","","I want to select seat 1A for my flight","LLM_STEP","I was unable to retrieve the seat map automatically and could not assign the seat.","","","dc900dc1-44f5-4715-a89e-cda7a35d13b2","-10.0","12:42:02","a8b52b9a-06f3-48c7-a297-80bceec0a803"
"372294e0-3bfc-403f-a2da-df73c97b81c3","TOPIC_STEP","","SKYWAVE_PHASE_4_5","-10.0","12:42:58","","b200c5d1-937f-4cec-a616-1c0794bc1f37","","","","This still is not working, I am frustrated.","TOPIC_STEP","I am sorry for the inconvenience. I was unable to resolve this for you.","","","","-10.0","12:42:56","fcac847e-2b24-48fb-aac1-58554b0c18d0"
"a1e44b78-2a64-42dd-a13f-8fbf499fb3ec","TOPIC_STEP","","SKYWAVE_PHASE_4_5","-4.0","18:22:02","","f382affd-76a4-487b-ab40-c19acd7079b1","","","","My first name is misspelled on my ticket","TOPIC_STEP","I have corrected the spelling on your ticket. Please review the updated itinerary.","","","","-4.0","18:22:00","b6629251-bc8a-4862-ade0-a2cba1ce1ad0"
"a1e44b78-2a64-42dd-a13f-8fbf499fb3ec","LLM_STEP","","SKYWAVE_PHASE_4_5","-4.0","18:22:04","","faa450cb-2e7f-4ad1-a76c-6b643993607c","","","","My first name is misspelled on my ticket","LLM_STEP","I have corrected the spelling on your ticket. Please review the updated itinerary.","","","f382affd-76a4-487b-ab40-c19acd7079b1","-4.0","18:22:02","b6629251-bc8a-4862-ade0-a2cba1ce1ad0"
"e04b8f28-962e-47c6-ac22-645d0f0260b4","TOPIC_STEP","","SKYWAVE_PHASE_4_5","-4.0","18:24:03","","f2e5a111-e27a-46b4-a219-d8d96cf173e1","","","","Great, thank you!","TOPIC_STEP","You are welcome. Is there anything else I can help with?","","","","-4.0","18:24:01","2a76a69a-7d76-471b-a5dd-5e6516917327"
"ffdfa13a-5603-4a77-a42f-13d96ea1ccad","TOPIC_STEP","","SKYWAVE_PHASE_4_5","-14.0","08:27:02","","15ed94ef-f7fe-49d9-a32d-2fd3b4d27c3b","","","","What is my tier status?","TOPIC_STEP","You are Gold tier with 14,200 qualifying points this year.","","","","-14.0","08:27:00","aff0f7f8-d247-46c0-a598-5686eba18a90"
"ffdfa13a-5603-4a77-a42f-13d96ea1ccad","LLM_STEP","","SKYWAVE_PHASE_4_5","-14.0","08:27:04","","5c1c9200-f181-441b-a17a-1915cff1a213","","","","What is my tier status?","LLM_STEP","You are Gold tier with 14,200 qualifying points this year.","","","15ed94ef-f7fe-49d9-a32d-2fd3b4d27c3b","-14.0","08:27:02","aff0f7f8-d247-46c0-a598-5686eba18a90"
"f4111e62-d575-4f68-a300-2017567d62db","TOPIC_STEP","","SKYWAVE_PHASE_4_5","-14.0","08:27:26","","fb31c3c2-1a3e-460a-a252-d4c61b5350bc","","","","Great, thank you!","TOPIC_STEP","You are welcome. Is there anything else I can help with?","","","","-14.0","08:27:24","1c8bbce6-5c16-434b-a8e0-a8517cc5ffac"
"7ac835a2-e1d4-49c6-a10e-b34d080f7fbc","TOPIC_STEP","","SKYWAVE_PHASE_4_5","-3.0","14:29:02","","694fe682-faad-4067-afb6-289d3b863c88","","","","How many miles do I have?","TOPIC_STEP","You currently have 18,450 SkyWave miles. You are at Premier tier.","","","","-3.0","14:29:00","66254a08-30e6-4781-a833-407cf2dd38a4"
"7ac835a2-e1d4-49c6-a10e-b34d080f7fbc","LLM_STEP","","SKYWAVE_PHASE_4_5","-3.0","14:29:04","","5f723b66-cfc9-4be5-a317-46c7a9d0cdd7","","","","How many miles do I have?","LLM_STEP","You currently have 18,450 SkyWave miles. You are at Premier tier.","","","694fe682-faad-4067-afb6-289d3b863c88","-3.0","14:29:02","66254a08-30e6-4781-a833-407cf2dd38a4"
"cd3349d4-1767-4f01-a7cb-bba6b222e163","TOPIC_STEP","","SKYWAVE_PHASE_4_5","-3.0","14:33:36","","8e157fd8-3a6d-4e82-ae03-15c484548512","","","","Great, thank you!","TOPIC_STEP","You are welcome. Is there anything else I can help with?","","","","-3.0","14:33:34","beb3ce20-eeab-49a5-a2a8-39e9e9116c09"
"e0d8defd-3035-433d-a440-6f9fee95ffc9","TOPIC_STEP","","SKYWAVE_PHASE_4_5","-3.0","14:34:49","","f830fc9e-0d7a-4820-ac9b-cd58b0b9f6ce","","","","I want to select seat 1A for my flight","TOPIC_STEP","I was unable to retrieve the seat map automatically and could not assign the seat.","","","","-3.0","14:34:47","e73f0ef1-909e-4a82-a5f3-131f837d6a16"
"e0d8defd-3035-433d-a440-6f9fee95ffc9","LLM_STEP","","SKYWAVE_PHASE_4_5","-3.0","14:34:51","","7352894c-d3c5-4c12-aa60-57ca1b948474","","","","I want to select seat 1A for my flight","LLM_STEP","I was unable to retrieve the seat map automatically and could not assign the seat.","","","f830fc9e-0d7a-4820-ac9b-cd58b0b9f6ce","-3.0","14:34:49","e73f0ef1-909e-4a82-a5f3-131f837d6a16"
"6da2150b-6003-4d36-ab0d-d36f18ec2632","TOPIC_STEP","","SKYWAVE_PHASE_4_5","-3.0","14:35:06","","76215629-6862-4a57-a108-26a6758e7c63","","","","This still is not working, I am frustrated.","TOPIC_STEP","I am sorry for the inconvenience. I was unable to resolve this for you.","","","","-3.0","14:35:04","bdfca608-27f8-47aa-a2f5-9fdcde97f9d9"
"9b7b247a-a0b6-41e2-aec1-10367f76dafc","TOPIC_STEP","","SKYWAVE_PHASE_4_5","-2.0","15:10:02","","f38b23f8-4c40-4e00-a571-88c7386efb9c","","","","What is my tier status?","TOPIC_STEP","You are Gold tier with 14,200 qualifying points this year.","","","","-2.0","15:10:00","2f97075c-90c5-429b-aec1-80cddee33b53"
"9b7b247a-a0b6-41e2-aec1-10367f76dafc","LLM_STEP","","SKYWAVE_PHASE_4_5","-2.0","15:10:04","","73671ec4-aa59-448c-a1e6-50daf7f97928","","","","What is my tier status?","LLM_STEP","You are Gold tier with 14,200 qualifying points this year.","","","f38b23f8-4c40-4e00-a571-88c7386efb9c","-2.0","15:10:02","2f97075c-90c5-429b-aec1-80cddee33b53"
"58c4c6d3-0b07-4b9d-a064-382581b0221f","TOPIC_STEP","","SKYWAVE_PHASE_4_5","-2.0","15:10:38","","322eefdb-0fd4-461d-ad7f-4b2cdbd74892","","","","Great, thank you!","TOPIC_STEP","You are welcome. Is there anything else I can help with?","","","","-2.0","15:10:36","08322333-d8c1-451f-a6b5-fa68591c850a"
"d7a4d61f-8738-4952-a136-78666b56647b","TOPIC_STEP","","SKYWAVE_PHASE_4_5","-8.0","17:14:02","","ec1380eb-9fe0-4fc2-a97b-28ee6eedc1e4","","","","I want to change my seat to a window seat","TOPIC_STEP","Sorry, I am unable to change your seat right now. Please try again later.","","","","-8.0","17:14:00","3b02f6bc-20f2-40ed-a1ae-ade2ba014de0"
"d7a4d61f-8738-4952-a136-78666b56647b","LLM_STEP","","SKYWAVE_PHASE_4_5","-8.0","17:14:04","","14c0ad7e-35be-4496-adab-b2202f5bff89","","","","I want to change my seat to a window seat","LLM_STEP","Sorry, I am unable to change your seat right now. Please try again later.","","","ec1380eb-9fe0-4fc2-a97b-28ee6eedc1e4","-8.0","17:14:02","3b02f6bc-20f2-40ed-a1ae-ade2ba014de0"
"4d3add6e-1d42-45cf-a20d-b3ccf9994ef5","TOPIC_STEP","","SKYWAVE_PHASE_4_5","-8.0","17:14:31","","4ab3c0b4-9427-4f09-a64c-3e0829b45675","","","","This still is not working, I am frustrated.","TOPIC_STEP","I am sorry for the inconvenience. I was unable to resolve this for you.","","","","-8.0","17:14:29","7f69e331-7df8-4621-a7ea-d1ebc9c7e510"
"82ec42c2-b684-47fb-a618-29d9b3681d4f","TOPIC_STEP","","SKYWAVE_PHASE_4_5","-8.0","17:15:31","","d36c483c-d35e-4915-a015-31bd9aead65d","","","","I want to change my seat to a window seat","TOPIC_STEP","Sorry, I am unable to change your seat right now. Please try again later.","","","","-8.0","17:15:29","33d5c270-a71e-4c04-a6da-48043e70568a"
"82ec42c2-b684-47fb-a618-29d9b3681d4f","LLM_STEP","","SKYWAVE_PHASE_4_5","-8.0","17:15:33","","1405ff4c-192c-4bd8-afbb-e2c60ce64e08","","","","I want to change my seat to a window seat","LLM_STEP","Sorry, I am unable to change your seat right now. Please try again later.","","","d36c483c-d35e-4915-a015-31bd9aead65d","-8.0","17:15:31","33d5c270-a71e-4c04-a6da-48043e70568a"
"aa847594-ca8b-448c-a551-d3c4f53691f5","TOPIC_STEP","","SKYWAVE_PHASE_4_5","-8.0","17:16:31","","410d7561-fa55-403d-ab82-9e27842e1adb","","","","This still is not working, I am frustrated.","TOPIC_STEP","I am sorry for the inconvenience. I was unable to resolve this for you.","","","","-8.0","17:16:29","22d50dc6-3887-43e8-aa88-0b5d6d75486e"
"1676d3e7-55b8-4c98-aa63-9adb4007d2b3","TOPIC_STEP","","SKYWAVE_PHASE_4_5","-8.0","17:17:30","","d04b0846-da76-43c6-a235-79b8cdec3df1","","","","I want to change my seat to a window seat","TOPIC_STEP","Sorry, I am unable to change your seat right now. Please try again later.","","","","-8.0","17:17:28","08b4e570-f8b6-40a1-a907-31a854245eaf"
"1676d3e7-55b8-4c98-aa63-9adb4007d2b3","LLM_STEP","","SKYWAVE_PHASE_4_5","-8.0","17:17:32","","bc61997d-cdf4-40db-aa6b-538b0687d933","","","","I want to change my seat to a window seat","LLM_STEP","Sorry, I am unable to change your seat right now. Please try again later.","","","d04b0846-da76-43c6-a235-79b8cdec3df1","-8.0","17:17:30","08b4e570-f8b6-40a1-a907-31a854245eaf"
"9ab98af4-78d9-473c-a0d3-5b74054e4842","TOPIC_STEP","","SKYWAVE_PHASE_4_5","-8.0","17:18:12","","6e09b016-fbc8-4f1f-a376-9ad66b0c8372","","","","This still is not working, I am frustrated.","TOPIC_STEP","I am sorry for the inconvenience. I was unable to resolve this for you.","","","","-8.0","17:18:10","371e3d30-bf69-4cc1-a8ba-b678cde6afb1"
"138154d2-3054-4dd8-a6e7-b19a4c76d296","TOPIC_STEP","","SKYWAVE_PHASE_4_5","-1.0","09:56:02","","4a06e94c-2071-427f-ad0a-b045bada7c9d","","","","Cancel my booking ABC123","TOPIC_STEP","I have cancelled booking ABC123. A refund of $480 will be issued.","","","","-1.0","09:56:00","dfcddcd4-696f-4707-a42b-26119923d1b1"
"138154d2-3054-4dd8-a6e7-b19a4c76d296","LLM_STEP","","SKYWAVE_PHASE_4_5","-1.0","09:56:04","","ce970efe-f656-4eb5-a1f8-029f82052b98","","","","Cancel my booking ABC123","LLM_STEP","I have cancelled booking ABC123. A refund of $480 will be issued.","","","4a06e94c-2071-427f-ad0a-b045bada7c9d","-1.0","09:56:02","dfcddcd4-696f-4707-a42b-26119923d1b1"
"48fab597-e447-49e6-a694-16b703e12160","TOPIC_STEP","","SKYWAVE_PHASE_4_5","-1.0","09:56:45","","da243ea8-571d-4f8d-a888-2287af243999","","","","Great, thank you!","TOPIC_STEP","You are welcome. Is there anything else I can help with?","","","","-1.0","09:56:43","01818d45-7119-48a0-a7c4-e9051cdb4cca"
"8c6abb1a-6588-4bc4-a458-5b1a557022ae","TOPIC_STEP","","SKYWAVE_PHASE_4_5","-1.0","09:57:13","","5ec2e63a-b25e-41cc-ac85-5cc7b8d52da9","","","","Tell me a joke","TOPIC_STEP","I am a Skywave booking assistant. How can I help with your travel?","","","","-1.0","09:57:11","6b8e4c1d-6d94-403a-a238-24a42fc74439"
"8c6abb1a-6588-4bc4-a458-5b1a557022ae","LLM_STEP","","SKYWAVE_PHASE_4_5","-1.0","09:57:15","","beb926c5-893e-4c94-a368-d4474911ea51","","","","Tell me a joke","LLM_STEP","I am a Skywave booking assistant. How can I help with your travel?","","","5ec2e63a-b25e-41cc-ac85-5cc7b8d52da9","-1.0","09:57:13","6b8e4c1d-6d94-403a-a238-24a42fc74439"
"e939f0c5-af43-4b6d-a421-d9dba607d418","TOPIC_STEP","","SKYWAVE_PHASE_4_5","-1.0","09:58:12","","283d19ae-9acb-4bf7-adee-6ca8f268bc57","","","","This still is not working, I am frustrated.","TOPIC_STEP","I am sorry for the inconvenience. I was unable to resolve this for you.","","","","-1.0","09:58:10","2a8e0476-a86b-4146-a2a3-dc2edb558405"
"cece7d07-a6f9-4757-a289-f71e1a0d5459","TOPIC_STEP","","SKYWAVE_PHASE_4_5","-14.0","09:54:02","","b8e960f6-d668-46ab-a48d-3757a07a231a","","","","My in-flight wifi did not work, I want a refund","TOPIC_STEP","I have logged your complaint as case 00012346. A refund will be processed.","","","","-14.0","09:54:00","13504592-ca41-4234-ad2a-7afd45ded8eb"
"cece7d07-a6f9-4757-a289-f71e1a0d5459","LLM_STEP","","SKYWAVE_PHASE_4_5","-14.0","09:54:04","","67fdf9fd-b949-4437-add9-b21f57e3c065","","","","My in-flight wifi did not work, I want a refund","LLM_STEP","I have logged your complaint as case 00012346. A refund will be processed.","","","b8e960f6-d668-46ab-a48d-3757a07a231a","-14.0","09:54:02","13504592-ca41-4234-ad2a-7afd45ded8eb"
"a90bf541-bfe0-43fb-af4e-38685e5b0eb9","TOPIC_STEP","","SKYWAVE_PHASE_4_5","-14.0","09:55:06","","2d960b2c-27ad-4392-a10b-640fd2f87b88","","","","Great, thank you!","TOPIC_STEP","You are welcome. Is there anything else I can help with?","","","","-14.0","09:55:04","f6559cb5-6efe-406b-a86a-7ed8e354330a"
"bf2486c0-38e9-4c06-a036-6e693b7bb9c9","TOPIC_STEP","","SKYWAVE_PHASE_4_5","-6.0","15:34:02","","14c02495-90e1-4728-a4fc-d4411d81a089","","","","Cancel my booking ABC123","TOPIC_STEP","I have cancelled booking ABC123. A refund of $480 will be issued.","","","","-6.0","15:34:00","2830bbb1-6129-4add-a222-182ceb4beb35"
"bf2486c0-38e9-4c06-a036-6e693b7bb9c9","LLM_STEP","","SKYWAVE_PHASE_4_5","-6.0","15:34:04","","0cae50cb-f844-4b7b-a1b6-e76c6bcff317","","","","Cancel my booking ABC123","LLM_STEP","I have cancelled booking ABC123. A refund of $480 will be issued.","","","14c02495-90e1-4728-a4fc-d4411d81a089","-6.0","15:34:02","2830bbb1-6129-4add-a222-182ceb4beb35"
"cbc49ab6-4cef-4a9d-a5cd-17c3c3d6b28b","TOPIC_STEP","","SKYWAVE_PHASE_4_5","-6.0","15:34:56","","24cc7fcf-f88b-4223-a5a6-9a9ab37349f4","","","","Great, thank you!","TOPIC_STEP","You are welcome. Is there anything else I can help with?","","","","-6.0","15:34:54","aed87dc0-bee8-4d42-ad16-587bdf45559b"
"873890b6-60c1-4be7-a273-93a7c8891b1f","TOPIC_STEP","","SKYWAVE_PHASE_4_5","-6.0","15:35:34","","7c6af740-df61-4e2d-a2ba-57e387ab9b5c","","","","My first name is misspelled on my ticket","TOPIC_STEP","I have corrected the spelling on your ticket. Please review the updated itinerary.","","","","-6.0","15:35:32","95908254-56f9-4f13-a66e-e51ccb67fa27"
"873890b6-60c1-4be7-a273-93a7c8891b1f","LLM_STEP","","SKYWAVE_PHASE_4_5","-6.0","15:35:36","","8d39f998-3669-40e4-a2b7-2301dc096b7b","","","","My first name is misspelled on my ticket","LLM_STEP","I have corrected the spelling on your ticket. Please review the updated itinerary.","","","7c6af740-df61-4e2d-a2ba-57e387ab9b5c","-6.0","15:35:34","95908254-56f9-4f13-a66e-e51ccb67fa27"
"b8784da9-dbdb-489d-a220-27d1ae74e8e3","TOPIC_STEP","","SKYWAVE_PHASE_4_5","-6.0","15:36:19","","a1032091-766a-4682-ab1f-606fe0528d59","","","","Great, thank you!","TOPIC_STEP","You are welcome. Is there anything else I can help with?","","","","-6.0","15:36:17","7aa4cadd-62df-4ed1-a729-fd939713ee49"
"5e89779e-9124-44db-a1c5-0b628103ac5a","TOPIC_STEP","","SKYWAVE_PHASE_4_5","-12.0","15:43:02","","6b8b8501-a772-4360-a178-160b88d017f2","","","","Show me my upcoming bookings","TOPIC_STEP","You have one upcoming booking — LH 1927 BER-MUC-SFO, confirmed.","","","","-12.0","15:43:00","bc3fe793-2586-435f-a48d-9edbe2f302f4"
"5e89779e-9124-44db-a1c5-0b628103ac5a","LLM_STEP","","SKYWAVE_PHASE_4_5","-12.0","15:43:04","","f62c2118-bca3-4635-a164-d94db73efdcd","","","","Show me my upcoming bookings","LLM_STEP","You have one upcoming booking — LH 1927 BER-MUC-SFO, confirmed.","","","6b8b8501-a772-4360-a178-160b88d017f2","-12.0","15:43:02","bc3fe793-2586-435f-a48d-9edbe2f302f4"
"37b271b3-94ca-42d5-acd7-69fc113a1aa4","TOPIC_STEP","","SKYWAVE_PHASE_4_5","-12.0","15:43:42","","adb7aa6b-105b-48b3-aa3d-1350a0fd017e","","","","Great, thank you!","TOPIC_STEP","You are welcome. Is there anything else I can help with?","","","","-12.0","15:43:40","28e9d215-3c7c-48a4-a3db-05776af1937d"
"13f2e7e6-32be-4fa5-a80d-7be43c724f1b","TOPIC_STEP","","SKYWAVE_PHASE_4_5","-12.0","15:44:47","","40c97ced-f01f-4921-a2bd-b385649ccd98","","","","My in-flight wifi did not work, I want a refund","TOPIC_STEP","I have logged your complaint as case 00012346. A refund will be processed.","","","","-12.0","15:44:45","a2f61bc4-e461-4fab-a843-9a8898e5d47c"
"13f2e7e6-32be-4fa5-a80d-7be43c724f1b","LLM_STEP","","SKYWAVE_PHASE_4_5","-12.0","15:44:49","","24198ca0-be8c-4eb8-a4ad-29db1515a6ed","","","","My in-flight wifi did not work, I want a refund","LLM_STEP","I have logged your complaint as case 00012346. A refund will be processed.","","","40c97ced-f01f-4921-a2bd-b385649ccd98","-12.0","15:44:47","a2f61bc4-e461-4fab-a843-9a8898e5d47c"
"3bcf0e4a-8771-4f5b-aae8-9485da161fbd","TOPIC_STEP","","SKYWAVE_PHASE_4_5","-12.0","15:45:17","","7176fe14-6368-4ff8-ac32-dee0bea2e884","","","","Great, thank you!","TOPIC_STEP","You are welcome. Is there anything else I can help with?","","","","-12.0","15:45:15","2e9726fa-cbda-4699-ad6f-ae83d8d8c05c"
"19675dcd-f307-44ed-acc3-e0b43e93f925","TOPIC_STEP","","SKYWAVE_PHASE_4_5","-8.0","19:05:02","","b6296f88-bd14-47e1-ac80-2fbd9f0389fe","","","","Can I move from 23B to an aisle seat?","TOPIC_STEP","I could not update your seat assignment. Please contact a service agent.","","","","-8.0","19:05:00","cb68ee9d-edd7-4837-ab88-707fc7416cd0"
"19675dcd-f307-44ed-acc3-e0b43e93f925","LLM_STEP","","SKYWAVE_PHASE_4_5","-8.0","19:05:04","","1254c3b5-0c18-4ce8-a882-d0fb864d664e","","","","Can I move from 23B to an aisle seat?","LLM_STEP","I could not update your seat assignment. Please contact a service agent.","","","b6296f88-bd14-47e1-ac80-2fbd9f0389fe","-8.0","19:05:02","cb68ee9d-edd7-4837-ab88-707fc7416cd0"
"8cb1e241-f517-4770-a9c2-189e76194c27","TOPIC_STEP","","SKYWAVE_PHASE_4_5","-8.0","19:06:12","","67d43f38-3f27-415d-a019-17e60f52893d","","","","This still is not working, I am frustrated.","TOPIC_STEP","I am sorry for the inconvenience. I was unable to resolve this for you.","","","","-8.0","19:06:10","dcf812b8-24ca-4eae-ae1e-c4c16b1edb4c"
"120062bf-e530-4e3b-acde-53f1a8601bd3","TOPIC_STEP","","SKYWAVE_PHASE_4_5","-8.0","19:07:28","","ba102f63-9856-4081-ab56-0cc6e5db45a1","","","","What is my tier status?","TOPIC_STEP","You are Gold tier with 14,200 qualifying points this year.","","","","-8.0","19:07:26","e7738c78-238e-49e1-ae0e-12f53d37bead"
"120062bf-e530-4e3b-acde-53f1a8601bd3","LLM_STEP","","SKYWAVE_PHASE_4_5","-8.0","19:07:30","","4a0b096a-119b-4f3c-a0aa-64082a27e73a","","","","What is my tier status?","LLM_STEP","You are Gold tier with 14,200 qualifying points this year.","","","ba102f63-9856-4081-ab56-0cc6e5db45a1","-8.0","19:07:28","e7738c78-238e-49e1-ae0e-12f53d37bead"
"18444197-0c8c-4594-ab94-1ddb81b230a3","TOPIC_STEP","","SKYWAVE_PHASE_4_5","-8.0","19:08:31","","d6506262-0d30-4e59-ae07-cc8cf1142d6d","","","","Great, thank you!","TOPIC_STEP","You are welcome. Is there anything else I can help with?","","","","-8.0","19:08:29","78548d9d-1391-47cc-aab8-0977a5c98e09"
"796d1b56-eb97-4365-a870-2bc931606e9e","TOPIC_STEP","","SKYWAVE_PHASE_4_5","-8.0","19:09:19","","3b19cc04-9c99-4947-af10-118795d876f3","","","","Cancel my booking ABC123","TOPIC_STEP","I have cancelled booking ABC123. A refund of $480 will be issued.","","","","-8.0","19:09:17","e769023c-7dfd-4c2c-a914-d85cdc4f7921"
"796d1b56-eb97-4365-a870-2bc931606e9e","LLM_STEP","","SKYWAVE_PHASE_4_5","-8.0","19:09:21","","3fbc73be-982d-4596-aabf-fa7ab7203429","","","","Cancel my booking ABC123","LLM_STEP","I have cancelled booking ABC123. A refund of $480 will be issued.","","","3b19cc04-9c99-4947-af10-118795d876f3","-8.0","19:09:19","e769023c-7dfd-4c2c-a914-d85cdc4f7921"
"d137980e-7e68-461a-abda-c560a1ed1f94","TOPIC_STEP","","SKYWAVE_PHASE_4_5","-8.0","19:10:52","","b9326aac-e357-4b19-a566-ab71d9361fbc","","","","Great, thank you!","TOPIC_STEP","You are welcome. Is there anything else I can help with?","","","","-8.0","19:10:50","36f59b49-44a7-4ee1-ac87-d2c3387f672b"
"a49cf9b0-82b4-418a-acec-4b356803d129","TOPIC_STEP","","SKYWAVE_PHASE_4_5","-6.0","16:57:02","","33e6caad-ad27-4ee6-aa7e-a56c47126d96","","","","How many miles do I have?","TOPIC_STEP","You currently have 18,450 SkyWave miles. You are at Premier tier.","","","","-6.0","16:57:00","1fb8d3ff-1ff9-4921-a138-c2756de1683d"
"a49cf9b0-82b4-418a-acec-4b356803d129","LLM_STEP","","SKYWAVE_PHASE_4_5","-6.0","16:57:04","","6b097de1-dcec-48ca-a54d-c5df3939f4b9","","","","How many miles do I have?","LLM_STEP","You currently have 18,450 SkyWave miles. You are at Premier tier.","","","33e6caad-ad27-4ee6-aa7e-a56c47126d96","-6.0","16:57:02","1fb8d3ff-1ff9-4921-a138-c2756de1683d"
"eea382f9-3104-4fdc-abd9-84355cae5952","TOPIC_STEP","","SKYWAVE_PHASE_4_5","-6.0","16:57:49","","67991d82-2678-4e47-af42-20f1c2e75726","","","","Great, thank you!","TOPIC_STEP","You are welcome. Is there anything else I can help with?","","","","-6.0","16:57:47","f44e1497-30af-495a-aaea-60e09a4b8826"
"8747d6ca-78b5-45be-a0e6-c5e0af9234c9","TOPIC_STEP","","SKYWAVE_PHASE_4_5","-6.0","16:58:34","","d7d647b7-61e9-4348-a71c-2ef7ce762a4a","","","","How many miles do I have?","TOPIC_STEP","You currently have 18,450 SkyWave miles. You are at Premier tier.","","","","-6.0","16:58:32","220914fb-c0cb-4045-ae94-238bcbae82e3"
"8747d6ca-78b5-45be-a0e6-c5e0af9234c9","LLM_STEP","","SKYWAVE_PHASE_4_5","-6.0","16:58:36","","9556ca72-d751-4a34-a46c-120605b29d03","","","","How many miles do I have?","LLM_STEP","You currently have 18,450 SkyWave miles. You are at Premier tier.","","","d7d647b7-61e9-4348-a71c-2ef7ce762a4a","-6.0","16:58:34","220914fb-c0cb-4045-ae94-238bcbae82e3"
"82372e7f-ff77-4a2d-a78d-5459d1c53f1e","TOPIC_STEP","","SKYWAVE_PHASE_4_5","-6.0","16:59:10","","6fdbd14a-22a3-4321-a6d9-34e118990937","","","","Great, thank you!","TOPIC_STEP","You are welcome. Is there anything else I can help with?","","","","-6.0","16:59:08","d8ef882e-22ea-4955-ab0e-4f1c8fd5b93b"
"452c5dec-647a-4b10-a164-c743e9f38d36","TOPIC_STEP","","SKYWAVE_PHASE_4_5","-6.0","12:18:02","","0967bf78-4e82-4576-ab97-1444fe645cff","","","","Find flights from JFK to HND tomorrow","TOPIC_STEP","I found 4 flights for that route. The cheapest is SW1200 at 1pm for $1,280.","","","","-6.0","12:18:00","f19791ab-1403-4ad1-ac98-b9f7b647dd4b"
"452c5dec-647a-4b10-a164-c743e9f38d36","LLM_STEP","","SKYWAVE_PHASE_4_5","-6.0","12:18:04","","e4290172-f134-44b5-a6b5-b1b2dcfb4245","","","","Find flights from JFK to HND tomorrow","LLM_STEP","I found 4 flights for that route. The cheapest is SW1200 at 1pm for $1,280.","","","0967bf78-4e82-4576-ab97-1444fe645cff","-6.0","12:18:02","f19791ab-1403-4ad1-ac98-b9f7b647dd4b"
"4644fcf5-e365-4ef4-aa4d-764ece648cdb","TOPIC_STEP","","SKYWAVE_PHASE_4_5","-6.0","12:19:14","","56c62f67-ea55-44af-a5ba-1ac223f51600","","","","Great, thank you!","TOPIC_STEP","You are welcome. Is there anything else I can help with?","","","","-6.0","12:19:12","c2172a91-8dc8-44e8-a9a5-830a26adecb2"
"16dca90e-9025-40a1-aec9-70ec20f6e02c","TOPIC_STEP","","SKYWAVE_PHASE_4_5","-6.0","12:19:39","","5c21a74f-c85c-4eff-ac5e-194d24057dc1","","","","I want to change my seat to a window seat","TOPIC_STEP","Sorry, I am unable to change your seat right now. Please try again later.","","","","-6.0","12:19:37","6954a2d5-92cf-4dff-a425-14a1d0ef162b"
"16dca90e-9025-40a1-aec9-70ec20f6e02c","LLM_STEP","","SKYWAVE_PHASE_4_5","-6.0","12:19:41","","96a891ee-a045-4e5d-a922-b50664de5e32","","","","I want to change my seat to a window seat","LLM_STEP","Sorry, I am unable to change your seat right now. Please try again later.","","","5c21a74f-c85c-4eff-ac5e-194d24057dc1","-6.0","12:19:39","6954a2d5-92cf-4dff-a425-14a1d0ef162b"
"9ef4909c-b85d-464c-abe0-e914de987285","TOPIC_STEP","","SKYWAVE_PHASE_4_5","-6.0","12:22:27","","c6e96b50-960c-46a8-ac45-f7620dbe76ec","","","","This still is not working, I am frustrated.","TOPIC_STEP","I am sorry for the inconvenience. I was unable to resolve this for you.","","","","-6.0","12:22:25","983f2ef8-d7d2-4e2f-ae2b-6f15e30b871f"
"e64508c2-b33e-4155-a1e7-8f3612fcbca7","TOPIC_STEP","","SKYWAVE_PHASE_4_5","-5.0","11:36:02","","90ae2f45-2947-471e-a808-ca8d9f70ab7e","","","","I want to change my seat to a window seat","TOPIC_STEP","Sorry, I am unable to change your seat right now. Please try again later.","","","","-5.0","11:36:00","2388ab8f-2b1d-4a6a-aa74-3671ae611541"
"e64508c2-b33e-4155-a1e7-8f3612fcbca7","LLM_STEP","","SKYWAVE_PHASE_4_5","-5.0","11:36:04","","ae2e5886-415c-45f6-aabd-a3d14598342c","","","","I want to change my seat to a window seat","LLM_STEP","Sorry, I am unable to change your seat right now. Please try again later.","","","90ae2f45-2947-471e-a808-ca8d9f70ab7e","-5.0","11:36:02","2388ab8f-2b1d-4a6a-aa74-3671ae611541"
"be5495ef-82cd-4577-a00f-f9797b6c35a0","TOPIC_STEP","","SKYWAVE_PHASE_4_5","-5.0","11:38:12","","4b1552a5-78a3-41c6-a86e-d8f782476731","","","","This still is not working, I am frustrated.","TOPIC_STEP","I am sorry for the inconvenience. I was unable to resolve this for you.","","","","-5.0","11:38:10","5770db05-57e3-427f-a50e-7b2f7014fcf6"
"4c799b9c-d995-4bb3-aea2-1f75109520b0","TOPIC_STEP","","SKYWAVE_PHASE_4_5","-9.0","18:09:02","","f4402c70-ce22-41be-a382-597efbf6be0f","","","","Tell me a joke","TOPIC_STEP","I am a Skywave booking assistant. How can I help with your travel?","","","","-9.0","18:09:00","2f643586-4c36-46a0-a60d-77e65e214846"
"4c799b9c-d995-4bb3-aea2-1f75109520b0","LLM_STEP","","SKYWAVE_PHASE_4_5","-9.0","18:09:04","","2f00ffbe-4e93-404b-a2ba-be5ba946d43d","","","","Tell me a joke","LLM_STEP","I am a Skywave booking assistant. How can I help with your travel?","","","f4402c70-ce22-41be-a382-597efbf6be0f","-9.0","18:09:02","2f643586-4c36-46a0-a60d-77e65e214846"
"b29ba55b-4424-421d-a0be-b07589ce4103","TOPIC_STEP","","SKYWAVE_PHASE_4_5","-9.0","18:09:53","","57b2dde5-d176-4b24-af06-6d862587918c","","","","This still is not working, I am frustrated.","TOPIC_STEP","I am sorry for the inconvenience. I was unable to resolve this for you.","","","","-9.0","18:09:51","27a55fd6-b340-43af-a428-c1ac41dd50d6"
"e29ff5a1-990e-474a-ae2b-d9ce56fe1bf6","TOPIC_STEP","","SKYWAVE_PHASE_4_5","-6.0","12:13:02","","579ac50b-253b-4722-a0d0-b45075b17321","","","","Can I move from 23B to an aisle seat?","TOPIC_STEP","I could not update your seat assignment. Please contact a service agent.","","","","-6.0","12:13:00","796fcc4e-00e8-4e96-afe9-685e645848bf"
"e29ff5a1-990e-474a-ae2b-d9ce56fe1bf6","LLM_STEP","","SKYWAVE_PHASE_4_5","-6.0","12:13:04","","5bfa131f-2df3-4bd8-a7b6-9423ec858f64","","","","Can I move from 23B to an aisle seat?","LLM_STEP","I could not update your seat assignment. Please contact a service agent.","","","579ac50b-253b-4722-a0d0-b45075b17321","-6.0","12:13:02","796fcc4e-00e8-4e96-afe9-685e645848bf"
"e7f3893b-3198-4145-a429-8a73ad30f7ec","TOPIC_STEP","","SKYWAVE_PHASE_4_5","-6.0","12:17:09","","a9ead61f-c25d-42e0-a25c-0ef97d14b991","","","","This still is not working, I am frustrated.","TOPIC_STEP","I am sorry for the inconvenience. I was unable to resolve this for you.","","","","-6.0","12:17:07","f6c37394-0fbf-453c-a3c5-e2da2596be75"
"55af6820-e3d9-4ff0-a4ea-c3370a0c904f","TOPIC_STEP","","SKYWAVE_PHASE_4_5","-12.0","18:34:02","","59be52f3-fe3a-40d6-a48c-86b26a44a761","","","","My first name is misspelled on my ticket","TOPIC_STEP","I have corrected the spelling on your ticket. Please review the updated itinerary.","","","","-12.0","18:34:00","3100a891-5999-4dc7-ab85-d018a0bc89cd"
"55af6820-e3d9-4ff0-a4ea-c3370a0c904f","LLM_STEP","","SKYWAVE_PHASE_4_5","-12.0","18:34:04","","a55d502f-e52d-4447-a7bc-72dccabd8429","","","","My first name is misspelled on my ticket","LLM_STEP","I have corrected the spelling on your ticket. Please review the updated itinerary.","","","59be52f3-fe3a-40d6-a48c-86b26a44a761","-12.0","18:34:02","3100a891-5999-4dc7-ab85-d018a0bc89cd"
"d9623a38-53bb-446e-ae51-d0e3277f8192","TOPIC_STEP","","SKYWAVE_PHASE_4_5","-12.0","18:37:20","","67aba125-6f76-41ea-a897-63cc6f29eb8e","","","","Great, thank you!","TOPIC_STEP","You are welcome. Is there anything else I can help with?","","","","-12.0","18:37:18","cad2dfb9-d62c-4b4c-a404-ab5e543af8c7"
"68e3411c-2967-44ec-aea9-e3e9a8980bb0","TOPIC_STEP","","SKYWAVE_PHASE_4_5","-13.0","14:22:02","","3a35e679-579e-4ded-ae4e-ed3c674e3ee7","","","","Cancel my booking ABC123","TOPIC_STEP","I have cancelled booking ABC123. A refund of $480 will be issued.","","","","-13.0","14:22:00","16e7fec0-5da3-4c69-a1bb-e44bcca17c7b"
"68e3411c-2967-44ec-aea9-e3e9a8980bb0","LLM_STEP","","SKYWAVE_PHASE_4_5","-13.0","14:22:04","","67fe4358-b511-4dff-a8d5-31ba6128b23d","","","","Cancel my booking ABC123","LLM_STEP","I have cancelled booking ABC123. A refund of $480 will be issued.","","","3a35e679-579e-4ded-ae4e-ed3c674e3ee7","-13.0","14:22:02","16e7fec0-5da3-4c69-a1bb-e44bcca17c7b"
"aa12f0df-a9e9-48fb-a19f-e324bf22ba16","TOPIC_STEP","","SKYWAVE_PHASE_4_5","-13.0","14:23:04","","fb818bb0-97b7-41bc-aa76-fc5f42207066","","","","Great, thank you!","TOPIC_STEP","You are welcome. Is there anything else I can help with?","","","","-13.0","14:23:02","528dd3eb-6a9d-4de4-abf1-90bbf0255bd2"
"b9af752a-7866-4b87-a904-deaf66e3b73c","TOPIC_STEP","","SKYWAVE_PHASE_4_5","-7.0","08:09:02","","cf941ef6-e261-4df5-ad19-36f1cfa47831","","","","Cancel my booking ABC123","TOPIC_STEP","I have cancelled booking ABC123. A refund of $480 will be issued.","","","","-7.0","08:09:00","da89f470-34fc-4484-abd2-b87184c98adb"
"b9af752a-7866-4b87-a904-deaf66e3b73c","LLM_STEP","","SKYWAVE_PHASE_4_5","-7.0","08:09:04","","6294d17d-c0cf-45f7-a720-fe7543e4ca71","","","","Cancel my booking ABC123","LLM_STEP","I have cancelled booking ABC123. A refund of $480 will be issued.","","","cf941ef6-e261-4df5-ad19-36f1cfa47831","-7.0","08:09:02","da89f470-34fc-4484-abd2-b87184c98adb"
"58e6e79f-ddec-43f6-a204-cd8a70b1ada9","TOPIC_STEP","","SKYWAVE_PHASE_4_5","-7.0","08:09:56","","4ab49d17-682c-49df-a70d-236fe9177c0c","","","","Great, thank you!","TOPIC_STEP","You are welcome. Is there anything else I can help with?","","","","-7.0","08:09:54","ab53702f-b12d-4b06-a748-d9774b8a459b"
"b5b5cd36-6390-4ee6-a86f-9aa368d22691","TOPIC_STEP","","SKYWAVE_PHASE_4_5","-9.0","18:22:02","","96e70c57-b16c-4d9b-a7e5-ba8cf7b90cb7","","","","What is my tier status?","TOPIC_STEP","You are Gold tier with 14,200 qualifying points this year.","","","","-9.0","18:22:00","227553f2-a4c0-46cf-a5ab-d845344f50fd"
"b5b5cd36-6390-4ee6-a86f-9aa368d22691","LLM_STEP","","SKYWAVE_PHASE_4_5","-9.0","18:22:04","","8cb79df4-c790-4e47-a5a9-5da9c97a1070","","","","What is my tier status?","LLM_STEP","You are Gold tier with 14,200 qualifying points this year.","","","96e70c57-b16c-4d9b-a7e5-ba8cf7b90cb7","-9.0","18:22:02","227553f2-a4c0-46cf-a5ab-d845344f50fd"
"9ca6f901-d7ce-4297-ab2e-4215870ee8ea","TOPIC_STEP","","SKYWAVE_PHASE_4_5","-9.0","18:25:15","","f1ad93aa-83c4-4ffd-a6ed-65b0c2a31b25","","","","Great, thank you!","TOPIC_STEP","You are welcome. Is there anything else I can help with?","","","","-9.0","18:25:13","409fd58b-a660-446d-ab83-6b6914293fd4"
"27b146ca-fae7-4461-a0f4-b215cc56d148","TOPIC_STEP","","SKYWAVE_PHASE_4_5","-9.0","18:25:57","","d2caf762-b5a2-4754-a311-856dac7f87d7","","","","I lost my luggage in Munich last week, can you help?","TOPIC_STEP","I have created case 00012345 for your lost luggage. We will contact you within 24 hours.","","","","-9.0","18:25:55","f6bc62f6-ba82-49b5-a910-bb1c4cce7a8c"
"27b146ca-fae7-4461-a0f4-b215cc56d148","LLM_STEP","","SKYWAVE_PHASE_4_5","-9.0","18:25:59","","79502082-220d-44f3-a0fe-7baa10efe0dc","","","","I lost my luggage in Munich last week, can you help?","LLM_STEP","I have created case 00012345 for your lost luggage. We will contact you within 24 hours.","","","d2caf762-b5a2-4754-a311-856dac7f87d7","-9.0","18:25:57","f6bc62f6-ba82-49b5-a910-bb1c4cce7a8c"
"5e358994-dd97-40df-a93b-682e1b66530c","TOPIC_STEP","","SKYWAVE_PHASE_4_5","-9.0","18:30:39","","cd20056e-6b99-495d-a41f-cffe16c7e8f0","","","","Okay.","TOPIC_STEP","Understood. Anything else I can help with?","","","","-9.0","18:30:37","f57719b7-8d63-45d0-a129-813bb01c9a28"
"e042e7ac-4924-443c-a823-12a51a9e3479","TOPIC_STEP","","SKYWAVE_PHASE_4_5","-4.0","16:33:02","","c851db92-565f-4783-a43c-424d816841d8","","","","Whats the weather like in Tokyo?","TOPIC_STEP","I can only help with flight bookings and Skywave loyalty questions.","","","","-4.0","16:33:00","aa33713e-88a9-4301-a667-4e31ee5afc52"
"e042e7ac-4924-443c-a823-12a51a9e3479","LLM_STEP","","SKYWAVE_PHASE_4_5","-4.0","16:33:04","","7a0e48ee-448c-4363-aaff-2354486505e2","","","","Whats the weather like in Tokyo?","LLM_STEP","I can only help with flight bookings and Skywave loyalty questions.","","","c851db92-565f-4783-a43c-424d816841d8","-4.0","16:33:02","aa33713e-88a9-4301-a667-4e31ee5afc52"
"0278242e-696f-4c6a-a4af-70737cd42d56","TOPIC_STEP","","SKYWAVE_PHASE_4_5","-4.0","16:37:42","","fba74a9e-b20f-43a2-a49c-50d8a4d1e741","","","","Okay.","TOPIC_STEP","Understood. Anything else I can help with?","","","","-4.0","16:37:40","b6e3b87f-72d0-473b-a897-9ad406eb9395"
"577e7163-ce8d-488b-a0f9-0020ce128e0e","TOPIC_STEP","","SKYWAVE_PHASE_4_5","-14.0","16:05:02","","aebfdca3-1f2c-44eb-a8e7-6ff0e61b30d2","","","","My in-flight wifi did not work, I want a refund","TOPIC_STEP","I have logged your complaint as case 00012346. A refund will be processed.","","","","-14.0","16:05:00","4781132b-398f-4406-a9da-e63a469d361e"
"577e7163-ce8d-488b-a0f9-0020ce128e0e","LLM_STEP","","SKYWAVE_PHASE_4_5","-14.0","16:05:04","","63f3779b-675b-4b4d-a61a-ef8cbf66c072","","","","My in-flight wifi did not work, I want a refund","LLM_STEP","I have logged your complaint as case 00012346. A refund will be processed.","","","aebfdca3-1f2c-44eb-a8e7-6ff0e61b30d2","-14.0","16:05:02","4781132b-398f-4406-a9da-e63a469d361e"
"7eac57d2-37dd-40db-a361-53d253bbb359","TOPIC_STEP","","SKYWAVE_PHASE_4_5","-14.0","16:07:07","","3e58a47b-e7b5-4956-a025-0bb5fecbd0ba","","","","Okay.","TOPIC_STEP","Understood. Anything else I can help with?","","","","-14.0","16:07:05","e555c032-31f6-4634-a3da-10383a10a49b"
"07091e15-7c39-4034-a612-edeff606a22d","TOPIC_STEP","","SKYWAVE_PHASE_4_5","-14.0","16:08:05","","7db8e4da-b055-454c-a2d7-7fcc6275dc91","","","","Can I move from 23B to an aisle seat?","TOPIC_STEP","I could not update your seat assignment. Please contact a service agent.","","","","-14.0","16:08:03","269f25ca-dd91-433b-a0ae-33daba7fdf14"
"07091e15-7c39-4034-a612-edeff606a22d","LLM_STEP","","SKYWAVE_PHASE_4_5","-14.0","16:08:07","","1c8c6345-9745-47eb-ad01-02d6f8d34504","","","","Can I move from 23B to an aisle seat?","LLM_STEP","I could not update your seat assignment. Please contact a service agent.","","","7db8e4da-b055-454c-a2d7-7fcc6275dc91","-14.0","16:08:05","269f25ca-dd91-433b-a0ae-33daba7fdf14"
"ff60829e-c558-4f60-a0dc-564595229a6d","TOPIC_STEP","","SKYWAVE_PHASE_4_5","-14.0","16:09:14","","ac12ba67-ec28-44c5-aaba-2d72ba40981b","","","","This still is not working, I am frustrated.","TOPIC_STEP","I am sorry for the inconvenience. I was unable to resolve this for you.","","","","-14.0","16:09:12","44b98bb9-d667-4164-a938-e36d27e11b33"
"34edab39-c5b8-437c-aa46-7f7c19ccf37d","TOPIC_STEP","","SKYWAVE_PHASE_4_5","-6.0","12:43:02","","187167fe-8cdf-48c6-ac55-95c6ba1f668c","","","","I want to change my seat to a window seat","TOPIC_STEP","Sorry, I am unable to change your seat right now. Please try again later.","","","","-6.0","12:43:00","bd236555-6461-4a31-abf2-35529d4bd5cd"
"34edab39-c5b8-437c-aa46-7f7c19ccf37d","LLM_STEP","","SKYWAVE_PHASE_4_5","-6.0","12:43:04","","1fda395d-7be7-4204-a116-344840c50cc8","","","","I want to change my seat to a window seat","LLM_STEP","Sorry, I am unable to change your seat right now. Please try again later.","","","187167fe-8cdf-48c6-ac55-95c6ba1f668c","-6.0","12:43:02","bd236555-6461-4a31-abf2-35529d4bd5cd"
"9a042765-d499-4fd8-a230-70adadeb1c41","TOPIC_STEP","","SKYWAVE_PHASE_4_5","-6.0","12:43:38","","0072a540-9cbd-4f6b-a982-105d0f4a58bc","","","","This still is not working, I am frustrated.","TOPIC_STEP","I am sorry for the inconvenience. I was unable to resolve this for you.","","","","-6.0","12:43:36","a1038122-c605-41f0-a427-ae682e4328dc"
"a2e42140-4456-4dc5-a20e-bad5e08477ac","TOPIC_STEP","","SKYWAVE_PHASE_4_5","-6.0","12:44:24","","44e33668-4828-4040-ae8d-eb7a3270ff27","","","","I lost my luggage in Munich last week, can you help?","TOPIC_STEP","I have created case 00012345 for your lost luggage. We will contact you within 24 hours.","","","","-6.0","12:44:22","92a1ea05-96a3-449a-a1f5-107f921939d0"
"a2e42140-4456-4dc5-a20e-bad5e08477ac","LLM_STEP","","SKYWAVE_PHASE_4_5","-6.0","12:44:26","","6df3269a-430c-4d49-a173-116343e05551","","","","I lost my luggage in Munich last week, can you help?","LLM_STEP","I have created case 00012345 for your lost luggage. We will contact you within 24 hours.","","","44e33668-4828-4040-ae8d-eb7a3270ff27","-6.0","12:44:24","92a1ea05-96a3-449a-a1f5-107f921939d0"
"13b3145d-8ef3-44ea-af21-ffa9660c5d6f","TOPIC_STEP","","SKYWAVE_PHASE_4_5","-6.0","12:49:04","","071104ce-7047-48aa-a3eb-e731afcd15c5","","","","Great, thank you!","TOPIC_STEP","You are welcome. Is there anything else I can help with?","","","","-6.0","12:49:02","20eed3fd-8ad4-4606-a88e-240650aca263"
"32ad7304-b551-4f01-ad79-43597cee7286","TOPIC_STEP","","SKYWAVE_PHASE_4_5","-12.0","11:44:02","","7327cf41-5d70-4f05-a5a9-8a23bab19d3c","","","","What is my tier status?","TOPIC_STEP","You are Gold tier with 14,200 qualifying points this year.","","","","-12.0","11:44:00","27fffc70-7fb1-433b-a39d-108f1039f0b8"
"32ad7304-b551-4f01-ad79-43597cee7286","LLM_STEP","","SKYWAVE_PHASE_4_5","-12.0","11:44:04","","5a9cb1a1-fa04-4383-adb8-6dd907becdd2","","","","What is my tier status?","LLM_STEP","You are Gold tier with 14,200 qualifying points this year.","","","7327cf41-5d70-4f05-a5a9-8a23bab19d3c","-12.0","11:44:02","27fffc70-7fb1-433b-a39d-108f1039f0b8"
"b0e2b8ae-fe97-41dc-a57d-dc06562433de","TOPIC_STEP","","SKYWAVE_PHASE_4_5","-12.0","11:44:24","","f039923e-51f9-42cf-a50d-70ed08fcd0aa","","","","Great, thank you!","TOPIC_STEP","You are welcome. Is there anything else I can help with?","","","","-12.0","11:44:22","e8c22132-2dca-4d2c-a5c4-af547eaf2c3c"
"4e8c6c44-32cd-4c3f-ab35-865f84b4afb5","TOPIC_STEP","","SKYWAVE_PHASE_4_5","-10.0","17:37:02","","a89d619f-2d77-498d-aa4f-6ac552decadc","","","","Whats the weather like in Tokyo?","TOPIC_STEP","I can only help with flight bookings and Skywave loyalty questions.","","","","-10.0","17:37:00","f03555de-9c99-45df-ac8d-159d9d492f6c"
"4e8c6c44-32cd-4c3f-ab35-865f84b4afb5","LLM_STEP","","SKYWAVE_PHASE_4_5","-10.0","17:37:04","","e13683bd-8ce9-4595-ada1-0e9a06baf0c9","","","","Whats the weather like in Tokyo?","LLM_STEP","I can only help with flight bookings and Skywave loyalty questions.","","","a89d619f-2d77-498d-aa4f-6ac552decadc","-10.0","17:37:02","f03555de-9c99-45df-ac8d-159d9d492f6c"
"db6804b8-c699-4e46-a448-31074980b6bc","TOPIC_STEP","","SKYWAVE_PHASE_4_5","-10.0","17:38:08","","b8361fad-0205-40f2-aff7-66407fc7dac6","","","","Okay.","TOPIC_STEP","Understood. Anything else I can help with?","","","","-10.0","17:38:06","8fa2f888-5d0e-4945-ad7f-3c2828e7c588"
"535f4797-41bb-4c40-ab0f-52fcb2dd4117","TOPIC_STEP","","SKYWAVE_PHASE_4_5","-8.0","11:47:02","","e12c965e-2c0f-4f60-ae29-cc3b0a7c89c9","","","","My first name is misspelled on my ticket","TOPIC_STEP","I have corrected the spelling on your ticket. Please review the updated itinerary.","","","","-8.0","11:47:00","5f7d573d-6ae0-400a-a6b0-8b5375ed52ec"
"535f4797-41bb-4c40-ab0f-52fcb2dd4117","LLM_STEP","","SKYWAVE_PHASE_4_5","-8.0","11:47:04","","1c8581f4-ce35-42b4-aaf5-e220d056d962","","","","My first name is misspelled on my ticket","LLM_STEP","I have corrected the spelling on your ticket. Please review the updated itinerary.","","","e12c965e-2c0f-4f60-ae29-cc3b0a7c89c9","-8.0","11:47:02","5f7d573d-6ae0-400a-a6b0-8b5375ed52ec"
"326779fd-508e-494c-a0fa-06e0ca02789c","TOPIC_STEP","","SKYWAVE_PHASE_4_5","-8.0","11:48:03","","83f568ed-37ca-4e82-a3e6-d3626331bebc","","","","Great, thank you!","TOPIC_STEP","You are welcome. Is there anything else I can help with?","","","","-8.0","11:48:01","7f43435f-9241-45cd-a921-f1090338d7d3"
"bf831655-10f4-41a3-a685-5b8a9608e8b6","TOPIC_STEP","","SKYWAVE_PHASE_4_5","-2.0","16:09:02","","017f4fda-17bc-4adb-a762-44f1e2f5bcb0","","","","What is my tier status?","TOPIC_STEP","You are Gold tier with 14,200 qualifying points this year.","","","","-2.0","16:09:00","fad6584c-d752-44c6-a79c-235bfe21ebe2"
"bf831655-10f4-41a3-a685-5b8a9608e8b6","LLM_STEP","","SKYWAVE_PHASE_4_5","-2.0","16:09:04","","23226b3f-e8e2-426c-a04a-5e9bb16a864f","","","","What is my tier status?","LLM_STEP","You are Gold tier with 14,200 qualifying points this year.","","","017f4fda-17bc-4adb-a762-44f1e2f5bcb0","-2.0","16:09:02","fad6584c-d752-44c6-a79c-235bfe21ebe2"
"7bc5cda8-fb53-44c0-a1a0-474a0450cd56","TOPIC_STEP","","SKYWAVE_PHASE_4_5","-2.0","16:09:49","","9defaab4-6d85-4b00-acb2-d1eb3942d656","","","","Great, thank you!","TOPIC_STEP","You are welcome. Is there anything else I can help with?","","","","-2.0","16:09:47","57d5cf53-258e-455f-a116-92b186b95960"
"cab3f1a8-8db9-4996-ad53-56547f942092","TOPIC_STEP","","SKYWAVE_PHASE_4_5","-4.0","13:26:02","","01ba87df-e3d5-4b72-afd9-cbee6614c673","","","","Please correct my last name on booking ABC123","TOPIC_STEP","I have updated the passenger name on booking ABC123. A confirmation has been sent.","","","","-4.0","13:26:00","c972bb3b-0ccd-464c-a934-88500b550553"
"cab3f1a8-8db9-4996-ad53-56547f942092","LLM_STEP","","SKYWAVE_PHASE_4_5","-4.0","13:26:04","","3eed27ea-ea24-4296-a0b9-a32d69f74d8a","","","","Please correct my last name on booking ABC123","LLM_STEP","I have updated the passenger name on booking ABC123. A confirmation has been sent.","","","01ba87df-e3d5-4b72-afd9-cbee6614c673","-4.0","13:26:02","c972bb3b-0ccd-464c-a934-88500b550553"
"f785e27f-1983-42f7-a1c2-7fec5b1f7c38","TOPIC_STEP","","SKYWAVE_PHASE_4_5","-4.0","13:27:06","","0cf78f6c-c105-4d4d-a169-b4dc8c16d6a6","","","","Great, thank you!","TOPIC_STEP","You are welcome. Is there anything else I can help with?","","","","-4.0","13:27:04","a2f1ba4b-3c3b-400c-a507-b7b03912a7a5"
"8acecb80-a5f3-4b0a-a602-be384ba5a885","TOPIC_STEP","","SKYWAVE_PHASE_4_5","-9.0","11:56:02","","2ca26a67-9e32-40e0-aefe-a4656bc6cebf","","","","Show me my upcoming bookings","TOPIC_STEP","You have one upcoming booking — LH 1927 BER-MUC-SFO, confirmed.","","","","-9.0","11:56:00","9ab1554f-1b3c-46a0-ac2a-33c3b92de236"
"8acecb80-a5f3-4b0a-a602-be384ba5a885","LLM_STEP","","SKYWAVE_PHASE_4_5","-9.0","11:56:04","","dbc5849f-45dc-45e4-ab5e-8efa644a8d4c","","","","Show me my upcoming bookings","LLM_STEP","You have one upcoming booking — LH 1927 BER-MUC-SFO, confirmed.","","","2ca26a67-9e32-40e0-aefe-a4656bc6cebf","-9.0","11:56:02","9ab1554f-1b3c-46a0-ac2a-33c3b92de236"
"01456406-6fee-4d5f-a192-c0d6b121f03d","TOPIC_STEP","","SKYWAVE_PHASE_4_5","-9.0","12:00:02","","b210c8f3-ad68-444f-ab0a-a68aacf95997","","","","Great, thank you!","TOPIC_STEP","You are welcome. Is there anything else I can help with?","","","","-9.0","12:00:00","567cf5cf-0462-4d17-a050-541f78612c17"
"2487a457-c507-4b0f-a3a0-628b835293a8","TOPIC_STEP","","SKYWAVE_PHASE_4_5","-10.0","16:10:02","","53dd16a0-596a-4d87-a858-60fe7d104d6c","","","","Cancel my booking ABC123","TOPIC_STEP","I have cancelled booking ABC123. A refund of $480 will be issued.","","","","-10.0","16:10:00","ea7b44a6-e7ba-4006-abfb-d83278b92187"
"2487a457-c507-4b0f-a3a0-628b835293a8","LLM_STEP","","SKYWAVE_PHASE_4_5","-10.0","16:10:04","","d28dc3e8-dc06-498b-a966-809003f6312b","","","","Cancel my booking ABC123","LLM_STEP","I have cancelled booking ABC123. A refund of $480 will be issued.","","","53dd16a0-596a-4d87-a858-60fe7d104d6c","-10.0","16:10:02","ea7b44a6-e7ba-4006-abfb-d83278b92187"
"f0faa45d-391a-4b1c-acd1-2fb88c87f802","TOPIC_STEP","","SKYWAVE_PHASE_4_5","-10.0","16:11:17","","84fa20d8-15e4-42ee-afa5-3afeb9b4c080","","","","Great, thank you!","TOPIC_STEP","You are welcome. Is there anything else I can help with?","","","","-10.0","16:11:15","8df12a0d-d1c1-4075-a5fe-7911d95d8429"
"a9921169-2471-42bf-a8e0-e9f9c87b5dd8","TOPIC_STEP","","SKYWAVE_PHASE_4_5","-6.0","09:17:02","","2021ba2c-016e-44f2-a6be-df7288b8922e","","","","Can I move from 23B to an aisle seat?","TOPIC_STEP","I could not update your seat assignment. Please contact a service agent.","","","","-6.0","09:17:00","96d7f04c-57b1-43fe-acab-389a70f75d5e"
"a9921169-2471-42bf-a8e0-e9f9c87b5dd8","LLM_STEP","","SKYWAVE_PHASE_4_5","-6.0","09:17:04","","ed2a54d3-3836-4b61-a184-5700e3c36ece","","","","Can I move from 23B to an aisle seat?","LLM_STEP","I could not update your seat assignment. Please contact a service agent.","","","2021ba2c-016e-44f2-a6be-df7288b8922e","-6.0","09:17:02","96d7f04c-57b1-43fe-acab-389a70f75d5e"
"4dcc1880-812d-48e9-aa27-a63101406916","TOPIC_STEP","","SKYWAVE_PHASE_4_5","-6.0","09:17:28","","daface4e-07d5-4687-a6ee-3330f2600680","","","","This still is not working, I am frustrated.","TOPIC_STEP","I am sorry for the inconvenience. I was unable to resolve this for you.","","","","-6.0","09:17:26","43c33d91-e4d8-43ac-a18c-b38d3d2e2798"
"397ee72c-0ba9-4b66-aaaa-2020afd4abdf","TOPIC_STEP","","SKYWAVE_PHASE_4_5","-5.0","09:07:02","","b17db43e-6f42-4230-aeac-587528d40b2c","","","","I want to change my seat to a window seat","TOPIC_STEP","Sorry, I am unable to change your seat right now. Please try again later.","","","","-5.0","09:07:00","cc74c35d-c46c-4822-af5c-49c120903f39"
"397ee72c-0ba9-4b66-aaaa-2020afd4abdf","LLM_STEP","","SKYWAVE_PHASE_4_5","-5.0","09:07:04","","cf525ce6-af89-4633-aea3-34757846b0ae","","","","I want to change my seat to a window seat","LLM_STEP","Sorry, I am unable to change your seat right now. Please try again later.","","","b17db43e-6f42-4230-aeac-587528d40b2c","-5.0","09:07:02","cc74c35d-c46c-4822-af5c-49c120903f39"
"2dbaa9db-1e2c-42fe-a73b-aeae42631b3e","TOPIC_STEP","","SKYWAVE_PHASE_4_5","-5.0","09:07:20","","58556cb1-5801-4684-ae11-d923a3c0650b","","","","This still is not working, I am frustrated.","TOPIC_STEP","I am sorry for the inconvenience. I was unable to resolve this for you.","","","","-5.0","09:07:18","88d48f05-98a6-4d2b-aac7-1d43d3de05dd"
"f7afb34b-64db-4f73-afbf-eb0bab0004ae","TOPIC_STEP","","SKYWAVE_PHASE_4_5","-5.0","09:10:55","","7bc18200-9dcc-4e8e-a074-4db3ca3d98a9","","","","What is my tier status?","TOPIC_STEP","You are Gold tier with 14,200 qualifying points this year.","","","","-5.0","09:10:53","1941e3c7-0aca-4752-a8fc-484395514f56"
"f7afb34b-64db-4f73-afbf-eb0bab0004ae","LLM_STEP","","SKYWAVE_PHASE_4_5","-5.0","09:10:57","","ff6ee2b5-a9a3-4c66-afbb-ba690bc69cba","","","","What is my tier status?","LLM_STEP","You are Gold tier with 14,200 qualifying points this year.","","","7bc18200-9dcc-4e8e-a074-4db3ca3d98a9","-5.0","09:10:55","1941e3c7-0aca-4752-a8fc-484395514f56"
"2a04f670-2c05-44b4-ac48-da3b4218d693","TOPIC_STEP","","SKYWAVE_PHASE_4_5","-5.0","09:11:19","","4570f570-cdcb-412c-a9f9-a6a4497460c3","","","","Great, thank you!","TOPIC_STEP","You are welcome. Is there anything else I can help with?","","","","-5.0","09:11:17","08aa232b-1c57-4d1a-a198-f295296c3e23"
"ea0a2636-7858-4849-a2ae-fe442c1e137d","TOPIC_STEP","","SKYWAVE_PHASE_4_5","-9.0","14:15:02","","516e6847-196c-4cd6-a554-f8a8cea36c90","","","","I lost my luggage in Munich last week, can you help?","TOPIC_STEP","I have created case 00012345 for your lost luggage. We will contact you within 24 hours.","","","","-9.0","14:15:00","2b1e37aa-cb70-4760-a968-893faf5934cb"
"ea0a2636-7858-4849-a2ae-fe442c1e137d","LLM_STEP","","SKYWAVE_PHASE_4_5","-9.0","14:15:04","","707a6dbb-a062-431c-acff-06a857ed560b","","","","I lost my luggage in Munich last week, can you help?","LLM_STEP","I have created case 00012345 for your lost luggage. We will contact you within 24 hours.","","","516e6847-196c-4cd6-a554-f8a8cea36c90","-9.0","14:15:02","2b1e37aa-cb70-4760-a968-893faf5934cb"
"41067165-4d8b-4a3e-acaa-c906bb35f3c8","TOPIC_STEP","","SKYWAVE_PHASE_4_5","-9.0","14:16:06","","f79e449e-98fa-49da-a965-06b1cd76a7b9","","","","Great, thank you!","TOPIC_STEP","You are welcome. Is there anything else I can help with?","","","","-9.0","14:16:04","cc436a09-a6f8-4d23-ac3a-bcd1d6efb4e5"
"0aa1a406-e802-429f-a0c7-33f51ae7d340","TOPIC_STEP","","SKYWAVE_PHASE_4_5","-9.0","14:16:48","","80268e5d-a31c-4c84-af59-1c793b75ef67","","","","Please correct my last name on booking ABC123","TOPIC_STEP","I have updated the passenger name on booking ABC123. A confirmation has been sent.","","","","-9.0","14:16:46","d11069db-471f-40c2-a884-35d0e2f455ed"
"0aa1a406-e802-429f-a0c7-33f51ae7d340","LLM_STEP","","SKYWAVE_PHASE_4_5","-9.0","14:16:50","","5c746f18-e207-451f-ac3f-b65d210a8ea2","","","","Please correct my last name on booking ABC123","LLM_STEP","I have updated the passenger name on booking ABC123. A confirmation has been sent.","","","80268e5d-a31c-4c84-af59-1c793b75ef67","-9.0","14:16:48","d11069db-471f-40c2-a884-35d0e2f455ed"
"67440288-912a-4477-a895-73a32819ab04","TOPIC_STEP","","SKYWAVE_PHASE_4_5","-9.0","14:20:45","","fa4c53b7-367c-4bdc-ab71-b8c462d90d7a","","","","Great, thank you!","TOPIC_STEP","You are welcome. Is there anything else I can help with?","","","","-9.0","14:20:43","47ed4eaa-89e9-44eb-a38d-efbc204389f4"
"7cfa7355-693a-494c-a699-b6943a8dd5a1","TOPIC_STEP","","SKYWAVE_PHASE_4_5","-9.0","14:22:22","","c7484964-4604-4b64-ad6a-479f607a8f85","","","","Find flights from JFK to HND tomorrow","TOPIC_STEP","I found 4 flights for that route. The cheapest is SW1200 at 1pm for $1,280.","","","","-9.0","14:22:20","d250bcb7-f498-44cd-a78b-e9ddd3bbd521"
"7cfa7355-693a-494c-a699-b6943a8dd5a1","LLM_STEP","","SKYWAVE_PHASE_4_5","-9.0","14:22:24","","281960d7-21ba-4db4-af80-a57657a20fb6","","","","Find flights from JFK to HND tomorrow","LLM_STEP","I found 4 flights for that route. The cheapest is SW1200 at 1pm for $1,280.","","","c7484964-4604-4b64-ad6a-479f607a8f85","-9.0","14:22:22","d250bcb7-f498-44cd-a78b-e9ddd3bbd521"
"79ea1053-4f68-4d66-a253-69e65cc5bc7d","TOPIC_STEP","","SKYWAVE_PHASE_4_5","-9.0","14:26:40","","24e3a51b-cd05-4a7a-afab-cca1864c4188","","","","Great, thank you!","TOPIC_STEP","You are welcome. Is there anything else I can help with?","","","","-9.0","14:26:38","65742495-d5e7-4612-a62d-f814e3232a94"
"8dc57e01-9ecd-431c-aa79-e941fb28470b","TOPIC_STEP","","SKYWAVE_PHASE_4_5","-1.0","11:26:02","","58e7b6ca-966f-4483-a6b6-72251cf72afc","","","","Can I move from 23B to an aisle seat?","TOPIC_STEP","I could not update your seat assignment. Please contact a service agent.","","","","-1.0","11:26:00","04e3ecc8-f810-45f7-abcd-88f44aac9a21"
"8dc57e01-9ecd-431c-aa79-e941fb28470b","LLM_STEP","","SKYWAVE_PHASE_4_5","-1.0","11:26:04","","b1fc7762-ffcb-49f0-afe0-0ca76ac80127","","","","Can I move from 23B to an aisle seat?","LLM_STEP","I could not update your seat assignment. Please contact a service agent.","","","58e7b6ca-966f-4483-a6b6-72251cf72afc","-1.0","11:26:02","04e3ecc8-f810-45f7-abcd-88f44aac9a21"
"58172fbe-3f92-4735-a1b7-73ef46202a03","TOPIC_STEP","","SKYWAVE_PHASE_4_5","-1.0","11:26:32","","ef313510-1bc1-46dc-aaaf-fcdcfea869fc","","","","This still is not working, I am frustrated.","TOPIC_STEP","I am sorry for the inconvenience. I was unable to resolve this for you.","","","","-1.0","11:26:30","668e116c-64bc-4f28-ad97-a440d44b8186"
"136f46eb-08c2-42a5-ac24-f4407b8e1676","TOPIC_STEP","","SKYWAVE_PHASE_4_5","-9.0","09:00:02","","4ea9e71c-6c44-4a17-a24e-f9401841c102","","","","Find flights from JFK to HND tomorrow","TOPIC_STEP","I found 4 flights for that route. The cheapest is SW1200 at 1pm for $1,280.","","","","-9.0","09:00:00","e7f5a20f-3b3b-4a2e-a174-92d4087f3c91"
"136f46eb-08c2-42a5-ac24-f4407b8e1676","LLM_STEP","","SKYWAVE_PHASE_4_5","-9.0","09:00:04","","b7ae1467-26f1-4ff9-a663-06a4457fccf0","","","","Find flights from JFK to HND tomorrow","LLM_STEP","I found 4 flights for that route. The cheapest is SW1200 at 1pm for $1,280.","","","4ea9e71c-6c44-4a17-a24e-f9401841c102","-9.0","09:00:02","e7f5a20f-3b3b-4a2e-a174-92d4087f3c91"
"22ddb14b-9af2-4e7c-adb4-c8935ffa8f3c","TOPIC_STEP","","SKYWAVE_PHASE_4_5","-9.0","09:01:02","","b87a2095-5a15-43b3-a1ea-1932977c2a17","","","","Great, thank you!","TOPIC_STEP","You are welcome. Is there anything else I can help with?","","","","-9.0","09:01:00","351abc45-0d3d-4a25-a496-bfbe4a71fd52"
"ed2fbcb1-842f-4da8-afde-5cdb066f04f9","TOPIC_STEP","","SKYWAVE_PHASE_4_5","-13.0","17:30:02","","26342475-4977-48d8-aa0f-f0f294a69a0d","","","","What is my tier status?","TOPIC_STEP","You are Gold tier with 14,200 qualifying points this year.","","","","-13.0","17:30:00","31d07cb3-a9ec-482b-a6e2-3402b3f18f64"
"ed2fbcb1-842f-4da8-afde-5cdb066f04f9","LLM_STEP","","SKYWAVE_PHASE_4_5","-13.0","17:30:04","","e33b143c-0dd3-4e4e-a722-11d0685ceb76","","","","What is my tier status?","LLM_STEP","You are Gold tier with 14,200 qualifying points this year.","","","26342475-4977-48d8-aa0f-f0f294a69a0d","-13.0","17:30:02","31d07cb3-a9ec-482b-a6e2-3402b3f18f64"
"cb74a4ae-f365-4535-a246-2734b950e6a5","TOPIC_STEP","","SKYWAVE_PHASE_4_5","-13.0","17:34:31","","0014cd54-6d56-4c2c-a0cd-45476c595e67","","","","Great, thank you!","TOPIC_STEP","You are welcome. Is there anything else I can help with?","","","","-13.0","17:34:29","f6bf5dd7-5f7d-436e-af90-a2020a1a6755"
"4fb4c522-ba83-4f06-a79b-75eaeefb9520","TOPIC_STEP","","SKYWAVE_PHASE_4_5","-13.0","17:34:52","","e23c655b-27bf-4794-a2f2-ccc39dd53692","","","","Please correct my last name on booking ABC123","TOPIC_STEP","I have updated the passenger name on booking ABC123. A confirmation has been sent.","","","","-13.0","17:34:50","21f54756-4e59-4a3d-a443-807f3c58905f"
"4fb4c522-ba83-4f06-a79b-75eaeefb9520","LLM_STEP","","SKYWAVE_PHASE_4_5","-13.0","17:34:54","","f1f9d7a6-2abe-420a-a8fb-29f0167fd849","","","","Please correct my last name on booking ABC123","LLM_STEP","I have updated the passenger name on booking ABC123. A confirmation has been sent.","","","e23c655b-27bf-4794-a2f2-ccc39dd53692","-13.0","17:34:52","21f54756-4e59-4a3d-a443-807f3c58905f"
"149427fb-694d-4988-a996-48f8969b9543","TOPIC_STEP","","SKYWAVE_PHASE_4_5","-13.0","17:37:36","","e54003f0-b340-47d2-adca-8cb331c61254","","","","Great, thank you!","TOPIC_STEP","You are welcome. Is there anything else I can help with?","","","","-13.0","17:37:34","48d0abf2-c0b8-4148-aa56-eb8aed0cf4c2"
"94f0c9f9-bb50-42ee-a12b-ab51e53799a9","TOPIC_STEP","","SKYWAVE_PHASE_4_5","-10.0","08:38:02","","283c41c8-7d2e-4fb0-aed4-323654f5e6d9","","","","I want to change my seat to a window seat","TOPIC_STEP","Sorry, I am unable to change your seat right now. Please try again later.","","","","-10.0","08:38:00","ce31322a-fbc3-4146-a94c-f0e50ba5c1c7"
"94f0c9f9-bb50-42ee-a12b-ab51e53799a9","LLM_STEP","","SKYWAVE_PHASE_4_5","-10.0","08:38:04","","a8ddaebd-64bd-4580-a3ae-386f74d5067f","","","","I want to change my seat to a window seat","LLM_STEP","Sorry, I am unable to change your seat right now. Please try again later.","","","283c41c8-7d2e-4fb0-aed4-323654f5e6d9","-10.0","08:38:02","ce31322a-fbc3-4146-a94c-f0e50ba5c1c7"
"b6ab502a-fa29-461f-a83e-6acf9f134de4","TOPIC_STEP","","SKYWAVE_PHASE_4_5","-10.0","08:40:24","","07c8a728-ca6a-42b0-a1a6-822205a2aeb2","","","","This still is not working, I am frustrated.","TOPIC_STEP","I am sorry for the inconvenience. I was unable to resolve this for you.","","","","-10.0","08:40:22","2924faab-89aa-4d35-a799-2f004de19c37"
"1b6dd0ea-6d40-4563-ad61-4c71fd5032b4","TOPIC_STEP","","SKYWAVE_PHASE_4_5","-1.0","18:28:02","","fc4c727f-103b-40fe-ad44-a03db50e6727","","","","Can I move from 23B to an aisle seat?","TOPIC_STEP","I could not update your seat assignment. Please contact a service agent.","","","","-1.0","18:28:00","1097cb1b-996a-48d0-a0ff-55d42df19e12"
"1b6dd0ea-6d40-4563-ad61-4c71fd5032b4","LLM_STEP","","SKYWAVE_PHASE_4_5","-1.0","18:28:04","","9d007729-265d-4422-a826-16caf68aba15","","","","Can I move from 23B to an aisle seat?","LLM_STEP","I could not update your seat assignment. Please contact a service agent.","","","fc4c727f-103b-40fe-ad44-a03db50e6727","-1.0","18:28:02","1097cb1b-996a-48d0-a0ff-55d42df19e12"
"2e9ad686-c429-4ee0-a8ed-7f35f36690c4","TOPIC_STEP","","SKYWAVE_PHASE_4_5","-1.0","18:29:01","","d1db1e6f-5214-4cf5-a5fb-e70f1d5ae015","","","","This still is not working, I am frustrated.","TOPIC_STEP","I am sorry for the inconvenience. I was unable to resolve this for you.","","","","-1.0","18:28:59","d0de3ef1-7d2b-4408-a6ab-4a8ec4fa3552"
"442a0ca7-72ac-4c6c-ae02-e8f16a89e0ef","TOPIC_STEP","","SKYWAVE_PHASE_4_5","-1.0","18:29:19","","0faed187-f08f-46fa-a943-b08f26b52cd4","","","","My in-flight wifi did not work, I want a refund","TOPIC_STEP","I have logged your complaint as case 00012346. A refund will be processed.","","","","-1.0","18:29:17","99cc8b7e-1d24-414b-a701-1838775c9ca7"
"442a0ca7-72ac-4c6c-ae02-e8f16a89e0ef","LLM_STEP","","SKYWAVE_PHASE_4_5","-1.0","18:29:21","","49be77dd-d48c-42ec-ac75-01cfec3ace90","","","","My in-flight wifi did not work, I want a refund","LLM_STEP","I have logged your complaint as case 00012346. A refund will be processed.","","","0faed187-f08f-46fa-a943-b08f26b52cd4","-1.0","18:29:19","99cc8b7e-1d24-414b-a701-1838775c9ca7"
"fb448afa-6a47-4a9f-a60f-dabac6f57d42","TOPIC_STEP","","SKYWAVE_PHASE_4_5","-1.0","18:30:11","","c8befd0e-945c-4712-acc6-92f0bdfd1c9f","","","","Okay.","TOPIC_STEP","Understood. Anything else I can help with?","","","","-1.0","18:30:09","a301b1a2-c3b2-49bc-ad09-81e1091194ea"
"de2d907f-d421-45b4-a6ca-357e389a9737","TOPIC_STEP","","SKYWAVE_PHASE_4_5","-11.0","13:48:02","","09ffdf39-d699-4b6a-a3a1-850eb5bc11a8","","","","Cancel my booking ABC123","TOPIC_STEP","I have cancelled booking ABC123. A refund of $480 will be issued.","","","","-11.0","13:48:00","1ed00d80-0b99-40fa-a4a7-b3d37f0ebff7"
"de2d907f-d421-45b4-a6ca-357e389a9737","LLM_STEP","","SKYWAVE_PHASE_4_5","-11.0","13:48:04","","6e6a1f9d-7477-4063-a971-8127219d134d","","","","Cancel my booking ABC123","LLM_STEP","I have cancelled booking ABC123. A refund of $480 will be issued.","","","09ffdf39-d699-4b6a-a3a1-850eb5bc11a8","-11.0","13:48:02","1ed00d80-0b99-40fa-a4a7-b3d37f0ebff7"
"a3b8f0c7-40a3-4231-ae0b-94a0f539bb0f","TOPIC_STEP","","SKYWAVE_PHASE_4_5","-11.0","13:52:35","","a378e049-b5dd-49c1-a6c5-6e26be43f580","","","","Great, thank you!","TOPIC_STEP","You are welcome. Is there anything else I can help with?","","","","-11.0","13:52:33","46687257-e5e7-4f9b-a956-7f212269cb62"
"28a245f7-4ec3-42d4-a8d0-87db0fae62cf","TOPIC_STEP","","SKYWAVE_PHASE_4_5","-11.0","13:53:33","","623c42f2-2034-426f-a24a-f767b96908d0","","","","What is my tier status?","TOPIC_STEP","You are Gold tier with 14,200 qualifying points this year.","","","","-11.0","13:53:31","9ebf7716-2d04-48c0-a212-6b75a555cc1b"
"28a245f7-4ec3-42d4-a8d0-87db0fae62cf","LLM_STEP","","SKYWAVE_PHASE_4_5","-11.0","13:53:35","","53056f63-1522-4f4b-a7b9-a6ce73ef8251","","","","What is my tier status?","LLM_STEP","You are Gold tier with 14,200 qualifying points this year.","","","623c42f2-2034-426f-a24a-f767b96908d0","-11.0","13:53:33","9ebf7716-2d04-48c0-a212-6b75a555cc1b"
"b3b0058b-9903-4119-ade7-ed9ae26b1167","TOPIC_STEP","","SKYWAVE_PHASE_4_5","-11.0","13:55:33","","3fe44599-865e-4386-a3f8-34c45bc61225","","","","Great, thank you!","TOPIC_STEP","You are welcome. Is there anything else I can help with?","","","","-11.0","13:55:31","88903005-8215-4c81-a3fa-4e04b64de5be"
"81d60bbd-0a07-4fc6-a1a2-ca79e3ba2f55","TOPIC_STEP","","SKYWAVE_PHASE_4_5","-7.0","13:04:02","","1c5b4597-5c20-4985-a7be-71e0a1aa3a79","","","","Find flights from JFK to HND tomorrow","TOPIC_STEP","I found 4 flights for that route. The cheapest is SW1200 at 1pm for $1,280.","","","","-7.0","13:04:00","2c79a43d-d318-44c2-a81e-e668087de47d"
"81d60bbd-0a07-4fc6-a1a2-ca79e3ba2f55","LLM_STEP","","SKYWAVE_PHASE_4_5","-7.0","13:04:04","","9de037ee-3341-484d-a67c-b6530db9b0fd","","","","Find flights from JFK to HND tomorrow","LLM_STEP","I found 4 flights for that route. The cheapest is SW1200 at 1pm for $1,280.","","","1c5b4597-5c20-4985-a7be-71e0a1aa3a79","-7.0","13:04:02","2c79a43d-d318-44c2-a81e-e668087de47d"
"78b1742f-cba8-4103-ad52-59ddace49664","TOPIC_STEP","","SKYWAVE_PHASE_4_5","-7.0","13:04:21","","66f74d4b-890e-4458-a2ec-ac5aaa9b749c","","","","Great, thank you!","TOPIC_STEP","You are welcome. Is there anything else I can help with?","","","","-7.0","13:04:19","4199348e-88b3-4f65-a3e0-9389d43c58d4"
"152fafff-08cc-4408-acc7-7f811bb2b996","TOPIC_STEP","","SKYWAVE_PHASE_4_5","-14.0","11:59:02","","ad4f85c5-50d5-4c10-aa51-78c4ba5cf18c","","","","How many miles do I have?","TOPIC_STEP","You currently have 18,450 SkyWave miles. You are at Premier tier.","","","","-14.0","11:59:00","6e20c3ad-bf9c-497d-a4da-c76536f0dc42"
"152fafff-08cc-4408-acc7-7f811bb2b996","LLM_STEP","","SKYWAVE_PHASE_4_5","-14.0","11:59:04","","020ceb3f-597f-4ada-ad80-ae9194570d45","","","","How many miles do I have?","LLM_STEP","You currently have 18,450 SkyWave miles. You are at Premier tier.","","","ad4f85c5-50d5-4c10-aa51-78c4ba5cf18c","-14.0","11:59:02","6e20c3ad-bf9c-497d-a4da-c76536f0dc42"
"fca31b3e-b49c-4df2-a9fc-2c478fa2ee57","TOPIC_STEP","","SKYWAVE_PHASE_4_5","-14.0","12:00:00","","0db49be9-7429-4d48-a9b0-1461f01da989","","","","Great, thank you!","TOPIC_STEP","You are welcome. Is there anything else I can help with?","","","","-14.0","11:59:58","f5ffbad2-4772-47b5-a2dd-5632b60dee1c"
"12136931-6583-4e4a-aa93-478913467f88","TOPIC_STEP","","SKYWAVE_PHASE_4_5","-14.0","12:03:47","","aaee3c57-ebd0-4009-aa42-a102601cb5be","","","","Can I move from 23B to an aisle seat?","TOPIC_STEP","I could not update your seat assignment. Please contact a service agent.","","","","-14.0","12:03:45","843b5efc-4608-4aef-ad15-909571ecdeef"
"12136931-6583-4e4a-aa93-478913467f88","LLM_STEP","","SKYWAVE_PHASE_4_5","-14.0","12:03:49","","08ff1fe8-2b4c-4a53-a181-029666276d7b","","","","Can I move from 23B to an aisle seat?","LLM_STEP","I could not update your seat assignment. Please contact a service agent.","","","aaee3c57-ebd0-4009-aa42-a102601cb5be","-14.0","12:03:47","843b5efc-4608-4aef-ad15-909571ecdeef"
"217db39a-43b4-40b4-ab2c-37ba5da890c8","TOPIC_STEP","","SKYWAVE_PHASE_4_5","-14.0","12:07:14","","3b9d8c40-d92f-4b34-aebc-645d96fa2650","","","","This still is not working, I am frustrated.","TOPIC_STEP","I am sorry for the inconvenience. I was unable to resolve this for you.","","","","-14.0","12:07:12","0079f5fd-3660-4643-a6ab-bf10dcb6602a"
"30756f43-b2f7-4a1c-abac-3bcd2f80b5e0","TOPIC_STEP","","SKYWAVE_PHASE_4_5","-14.0","12:07:56","","8ffaf9f1-1cc9-467d-a873-3e105f0a5640","","","","Find flights from JFK to HND tomorrow","TOPIC_STEP","I found 4 flights for that route. The cheapest is SW1200 at 1pm for $1,280.","","","","-14.0","12:07:54","a4609757-a90b-4307-adda-f84f58bfac7a"
"30756f43-b2f7-4a1c-abac-3bcd2f80b5e0","LLM_STEP","","SKYWAVE_PHASE_4_5","-14.0","12:07:58","","3ed3d143-2918-457f-ad01-a020abed5905","","","","Find flights from JFK to HND tomorrow","LLM_STEP","I found 4 flights for that route. The cheapest is SW1200 at 1pm for $1,280.","","","8ffaf9f1-1cc9-467d-a873-3e105f0a5640","-14.0","12:07:56","a4609757-a90b-4307-adda-f84f58bfac7a"
"7d30f7ae-9f25-4abc-ab1f-1cc2f6f298c3","TOPIC_STEP","","SKYWAVE_PHASE_4_5","-14.0","12:08:17","","57579e44-9fd8-4f88-ad54-42e0254957df","","","","Great, thank you!","TOPIC_STEP","You are welcome. Is there anything else I can help with?","","","","-14.0","12:08:15","946ddc6c-eff3-4c60-ab33-1e8303ba33ea"
"b36d5d50-bff3-4eba-af81-e54966596f5d","TOPIC_STEP","","SKYWAVE_PHASE_4_5","-11.0","08:48:02","","9dec8681-fda3-4859-a5c6-912ab98941ca","","","","How many miles do I have?","TOPIC_STEP","You currently have 18,450 SkyWave miles. You are at Premier tier.","","","","-11.0","08:48:00","c50f93df-6e84-4e12-ae52-146358f55af7"
"b36d5d50-bff3-4eba-af81-e54966596f5d","LLM_STEP","","SKYWAVE_PHASE_4_5","-11.0","08:48:04","","31f7f8e1-6b92-4566-a6f3-9b0264508f3c","","","","How many miles do I have?","LLM_STEP","You currently have 18,450 SkyWave miles. You are at Premier tier.","","","9dec8681-fda3-4859-a5c6-912ab98941ca","-11.0","08:48:02","c50f93df-6e84-4e12-ae52-146358f55af7"
"ea312851-5d11-4092-a352-776fdef258a5","TOPIC_STEP","","SKYWAVE_PHASE_4_5","-11.0","08:51:07","","c4c90c86-24a3-4e6c-acff-be6329c7b036","","","","Great, thank you!","TOPIC_STEP","You are welcome. Is there anything else I can help with?","","","","-11.0","08:51:05","0094d0a1-0c81-4013-a8c8-6b921aeddb3f"
"2faec352-a535-4698-abc9-13cbc2f8d3e6","TOPIC_STEP","","SKYWAVE_PHASE_4_5","-11.0","08:51:46","","d55d022e-1692-4231-a78e-2eebf2a2fb9f","","","","Tell me a joke","TOPIC_STEP","I am a Skywave booking assistant. How can I help with your travel?","","","","-11.0","08:51:44","f28939e2-97ac-41be-a394-bc10e171fcc6"
"2faec352-a535-4698-abc9-13cbc2f8d3e6","LLM_STEP","","SKYWAVE_PHASE_4_5","-11.0","08:51:48","","8adb1dc3-d0e3-435c-a9c1-fd6fbaf3c6fa","","","","Tell me a joke","LLM_STEP","I am a Skywave booking assistant. How can I help with your travel?","","","d55d022e-1692-4231-a78e-2eebf2a2fb9f","-11.0","08:51:46","f28939e2-97ac-41be-a394-bc10e171fcc6"
"a1f391ea-e022-4258-aa71-42f820ad1ab8","TOPIC_STEP","","SKYWAVE_PHASE_4_5","-11.0","08:52:11","","cb29ff35-52d8-4df0-a9e8-acb38c5edffa","","","","Okay.","TOPIC_STEP","Understood. Anything else I can help with?","","","","-11.0","08:52:09","77e91599-2a78-45b4-ae71-4e089dd9474c"
"495b4843-6329-4068-a767-f1e2d076d9c3","TOPIC_STEP","","SKYWAVE_PHASE_4_5","-14.0","13:09:02","","e316ec1a-5797-4a22-ad6e-5d4cd6c40341","","","","Please correct my last name on booking ABC123","TOPIC_STEP","I have updated the passenger name on booking ABC123. A confirmation has been sent.","","","","-14.0","13:09:00","c09dd898-56f2-4948-a02b-a14007eb1a95"
"495b4843-6329-4068-a767-f1e2d076d9c3","LLM_STEP","","SKYWAVE_PHASE_4_5","-14.0","13:09:04","","a91ad7a3-ce20-43b2-a55f-c4f87d93305f","","","","Please correct my last name on booking ABC123","LLM_STEP","I have updated the passenger name on booking ABC123. A confirmation has been sent.","","","e316ec1a-5797-4a22-ad6e-5d4cd6c40341","-14.0","13:09:02","c09dd898-56f2-4948-a02b-a14007eb1a95"
"65fa500d-af64-4f4d-a43b-7447bc39ab4e","TOPIC_STEP","","SKYWAVE_PHASE_4_5","-14.0","13:10:03","","d5f8c900-5737-45e9-aa0d-9c296f4d8b96","","","","Great, thank you!","TOPIC_STEP","You are welcome. Is there anything else I can help with?","","","","-14.0","13:10:01","7009c7c8-321f-4fa1-a188-576ac190db1b"
"6699db1f-dad8-44a5-a444-9e818c279370","TOPIC_STEP","","SKYWAVE_PHASE_4_5","-2.0","13:11:02","","7d77bb38-4169-4f11-a967-e14cef91ff52","","","","My in-flight wifi did not work, I want a refund","TOPIC_STEP","I have logged your complaint as case 00012346. A refund will be processed.","","","","-2.0","13:11:00","d0e91aa8-f4d0-4bee-aab8-42bb3fb4c2b1"
"6699db1f-dad8-44a5-a444-9e818c279370","LLM_STEP","","SKYWAVE_PHASE_4_5","-2.0","13:11:04","","b6b7c244-44fc-4ce7-ae98-526388f95721","","","","My in-flight wifi did not work, I want a refund","LLM_STEP","I have logged your complaint as case 00012346. A refund will be processed.","","","7d77bb38-4169-4f11-a967-e14cef91ff52","-2.0","13:11:02","d0e91aa8-f4d0-4bee-aab8-42bb3fb4c2b1"
"76feb8e8-eb85-49ff-a975-930c71e5dd4c","TOPIC_STEP","","SKYWAVE_PHASE_4_5","-2.0","13:11:26","","d75b9d48-d69c-426e-a628-71510df435bb","","","","Great, thank you!","TOPIC_STEP","You are welcome. Is there anything else I can help with?","","","","-2.0","13:11:24","05985105-b861-4a93-a4a6-0a6261b5976e"
"415ef96b-5066-44c5-ade7-7267395883f7","TOPIC_STEP","","SKYWAVE_PHASE_4_5","-2.0","13:12:24","","756e1138-2282-4a8a-ad58-d174eebc86f0","","","","Show me my upcoming bookings","TOPIC_STEP","You have one upcoming booking — LH 1927 BER-MUC-SFO, confirmed.","","","","-2.0","13:12:22","ef6b0b13-ab32-4026-ac7e-53a258360a1e"
"415ef96b-5066-44c5-ade7-7267395883f7","LLM_STEP","","SKYWAVE_PHASE_4_5","-2.0","13:12:26","","f6f4906f-88e6-4411-a04b-4de2c9b5e6e2","","","","Show me my upcoming bookings","LLM_STEP","You have one upcoming booking — LH 1927 BER-MUC-SFO, confirmed.","","","756e1138-2282-4a8a-ad58-d174eebc86f0","-2.0","13:12:24","ef6b0b13-ab32-4026-ac7e-53a258360a1e"
"07faca37-a535-47d3-a926-19ded7792ac9","TOPIC_STEP","","SKYWAVE_PHASE_4_5","-2.0","13:13:09","","82dfb859-5267-4b54-abbf-04d3163db7cd","","","","Great, thank you!","TOPIC_STEP","You are welcome. Is there anything else I can help with?","","","","-2.0","13:13:07","606e247e-6d16-4928-ab51-81f120aac452"
"86871482-7d23-485c-a517-24c816e4dae4","TOPIC_STEP","","SKYWAVE_PHASE_4_5","-4.0","08:58:02","","01c05ab0-0a33-4bfa-a473-466d083115fc","","","","I want to change my seat to a window seat","TOPIC_STEP","Sorry, I am unable to change your seat right now. Please try again later.","","","","-4.0","08:58:00","a46f5e5b-a760-449e-a7d3-6657c132bfac"
"86871482-7d23-485c-a517-24c816e4dae4","LLM_STEP","","SKYWAVE_PHASE_4_5","-4.0","08:58:04","","686f3112-0070-4ebd-affc-1159133f521a","","","","I want to change my seat to a window seat","LLM_STEP","Sorry, I am unable to change your seat right now. Please try again later.","","","01c05ab0-0a33-4bfa-a473-466d083115fc","-4.0","08:58:02","a46f5e5b-a760-449e-a7d3-6657c132bfac"
"43fbe3fd-d366-41a8-a006-1d0a94233df9","TOPIC_STEP","","SKYWAVE_PHASE_4_5","-4.0","08:58:32","","149d2153-7f8f-4057-ae8a-1683fdc8651d","","","","This still is not working, I am frustrated.","TOPIC_STEP","I am sorry for the inconvenience. I was unable to resolve this for you.","","","","-4.0","08:58:30","337e1b02-6fba-4423-a18e-7a762de72521"
"61e543f4-f660-439f-a709-747a0c170db6","TOPIC_STEP","","SKYWAVE_PHASE_4_5","-4.0","08:58:57","","13fd84c1-69c0-4b6d-a6ac-858079068cc9","","","","What is my tier status?","TOPIC_STEP","You are Gold tier with 14,200 qualifying points this year.","","","","-4.0","08:58:55","90a4dcec-f62f-4afc-afd8-cf1257884cd7"
"61e543f4-f660-439f-a709-747a0c170db6","LLM_STEP","","SKYWAVE_PHASE_4_5","-4.0","08:58:59","","eb0d3c18-5299-4880-a772-a128e66ff215","","","","What is my tier status?","LLM_STEP","You are Gold tier with 14,200 qualifying points this year.","","","13fd84c1-69c0-4b6d-a6ac-858079068cc9","-4.0","08:58:57","90a4dcec-f62f-4afc-afd8-cf1257884cd7"
"0ca2cdf2-6c61-4154-a2c5-4a7096190aa7","TOPIC_STEP","","SKYWAVE_PHASE_4_5","-4.0","09:00:09","","b0563925-74e4-4dd9-a329-dd694cf5bf07","","","","Great, thank you!","TOPIC_STEP","You are welcome. Is there anything else I can help with?","","","","-4.0","09:00:07","9b98cea3-3641-4075-a02f-e7001e39fead"
"c05dbf79-033b-40ad-a407-6e5421a8ae16","TOPIC_STEP","","SKYWAVE_PHASE_4_5","-14.0","15:31:02","","7f49e3c0-593c-4766-a75e-4c196b3c09a8","","","","I want to select seat 1A for my flight","TOPIC_STEP","I was unable to retrieve the seat map automatically and could not assign the seat.","","","","-14.0","15:31:00","1d06c414-c28b-40a7-a421-bedab46c6e0f"
"c05dbf79-033b-40ad-a407-6e5421a8ae16","LLM_STEP","","SKYWAVE_PHASE_4_5","-14.0","15:31:04","","af71faeb-2e10-42a9-ad1b-ff825a4919c2","","","","I want to select seat 1A for my flight","LLM_STEP","I was unable to retrieve the seat map automatically and could not assign the seat.","","","7f49e3c0-593c-4766-a75e-4c196b3c09a8","-14.0","15:31:02","1d06c414-c28b-40a7-a421-bedab46c6e0f"
"845158c0-861e-45a3-a27a-9aad27917900","TOPIC_STEP","","SKYWAVE_PHASE_4_5","-14.0","15:32:19","","ec0f3f66-3cca-472c-a607-dfcf8816b0f0","","","","This still is not working, I am frustrated.","TOPIC_STEP","I am sorry for the inconvenience. I was unable to resolve this for you.","","","","-14.0","15:32:17","2db62224-b8f2-45a0-af1d-f7005e8ec581"
"bb1dabf7-105a-40c0-a623-42ea3a450b72","TOPIC_STEP","","SKYWAVE_PHASE_4_5","-14.0","16:25:02","","26865614-df67-474e-a483-fbfc6fcb5f2b","","","","Whats the weather like in Tokyo?","TOPIC_STEP","I can only help with flight bookings and Skywave loyalty questions.","","","","-14.0","16:25:00","324fabd0-e0c6-4646-a355-7b57cd1a2dde"
"bb1dabf7-105a-40c0-a623-42ea3a450b72","LLM_STEP","","SKYWAVE_PHASE_4_5","-14.0","16:25:04","","cc67e792-03b9-47de-aef1-66a13ec97b9c","","","","Whats the weather like in Tokyo?","LLM_STEP","I can only help with flight bookings and Skywave loyalty questions.","","","26865614-df67-474e-a483-fbfc6fcb5f2b","-14.0","16:25:02","324fabd0-e0c6-4646-a355-7b57cd1a2dde"
"cd6534d8-45ea-4f73-aee5-112d50333a75","TOPIC_STEP","","SKYWAVE_PHASE_4_5","-14.0","16:28:41","","13b9b296-604f-4e42-a61d-98b74f9304e5","","","","Okay.","TOPIC_STEP","Understood. Anything else I can help with?","","","","-14.0","16:28:39","11218faa-8602-43c3-a942-a5c76d5457ca"
"62cff3e1-6d46-4e2b-a14a-66a86d138d09","TOPIC_STEP","","SKYWAVE_PHASE_4_5","-13.0","15:43:02","","08e3b507-dbf6-455b-a998-805bf786c4d6","","","","I lost my luggage in Munich last week, can you help?","TOPIC_STEP","I have created case 00012345 for your lost luggage. We will contact you within 24 hours.","","","","-13.0","15:43:00","ccdc0465-82b4-4bcf-a4c3-853a1b0dc791"
"62cff3e1-6d46-4e2b-a14a-66a86d138d09","LLM_STEP","","SKYWAVE_PHASE_4_5","-13.0","15:43:04","","0222294b-d70a-4e39-a16b-23af162ee9c2","","","","I lost my luggage in Munich last week, can you help?","LLM_STEP","I have created case 00012345 for your lost luggage. We will contact you within 24 hours.","","","08e3b507-dbf6-455b-a998-805bf786c4d6","-13.0","15:43:02","ccdc0465-82b4-4bcf-a4c3-853a1b0dc791"
"26a8b2a6-661d-493b-a067-2f887a998340","TOPIC_STEP","","SKYWAVE_PHASE_4_5","-13.0","15:43:45","","99746e91-93f2-47d2-a51a-0fc962dd7ef4","","","","Great, thank you!","TOPIC_STEP","You are welcome. Is there anything else I can help with?","","","","-13.0","15:43:43","3a12a588-e2a9-4172-ac3a-38551979fb09"
"5f0852b4-dbd4-44f5-a42e-d5ed706a1c9a","TOPIC_STEP","","SKYWAVE_PHASE_4_5","-13.0","15:44:50","","0751eac3-023e-449f-afc0-222b64b39e81","","","","Find flights from JFK to HND tomorrow","TOPIC_STEP","I found 4 flights for that route. The cheapest is SW1200 at 1pm for $1,280.","","","","-13.0","15:44:48","cb7fd728-0a05-4ce4-a2bc-ba823580303b"
"5f0852b4-dbd4-44f5-a42e-d5ed706a1c9a","LLM_STEP","","SKYWAVE_PHASE_4_5","-13.0","15:44:52","","e0ba5710-4c3d-4d9b-aa4a-e50840c98bcc","","","","Find flights from JFK to HND tomorrow","LLM_STEP","I found 4 flights for that route. The cheapest is SW1200 at 1pm for $1,280.","","","0751eac3-023e-449f-afc0-222b64b39e81","-13.0","15:44:50","cb7fd728-0a05-4ce4-a2bc-ba823580303b"
"9e257ea0-0f18-4511-ac58-1a3910a36bb1","TOPIC_STEP","","SKYWAVE_PHASE_4_5","-13.0","15:46:27","","38e82f22-89c6-4085-a95c-04778d32fcfc","","","","Great, thank you!","TOPIC_STEP","You are welcome. Is there anything else I can help with?","","","","-13.0","15:46:25","bc0ff94a-c4b6-45a9-ac88-691ff7657712"
"f5a00398-ba9f-44a1-a77c-8016f7106be6","TOPIC_STEP","","SKYWAVE_PHASE_4_5","-10.0","17:48:02","","88be150c-698c-4ff2-aa63-8571ba485585","","","","Please correct my last name on booking ABC123","TOPIC_STEP","I have updated the passenger name on booking ABC123. A confirmation has been sent.","","","","-10.0","17:48:00","6a0781c4-b0ca-4e6b-aceb-c8ee2e13544a"
"f5a00398-ba9f-44a1-a77c-8016f7106be6","LLM_STEP","","SKYWAVE_PHASE_4_5","-10.0","17:48:04","","942f7865-f140-4303-a533-7278c3b87d2b","","","","Please correct my last name on booking ABC123","LLM_STEP","I have updated the passenger name on booking ABC123. A confirmation has been sent.","","","88be150c-698c-4ff2-aa63-8571ba485585","-10.0","17:48:02","6a0781c4-b0ca-4e6b-aceb-c8ee2e13544a"
"aa395caf-595a-4aaf-a3a4-6b6bbeada0fa","TOPIC_STEP","","SKYWAVE_PHASE_4_5","-10.0","17:48:45","","2a15977f-882d-4bec-a2b4-45b57aedc1be","","","","Great, thank you!","TOPIC_STEP","You are welcome. Is there anything else I can help with?","","","","-10.0","17:48:43","d971b0d0-ee73-4a6b-a5ea-cc8d1e5188bb"
"c4b0df2f-7c34-47b2-ae77-1dea7adf047b","TOPIC_STEP","","SKYWAVE_PHASE_4_5","-10.0","17:49:33","","d53be2f2-8c7e-466a-a33e-87de1f750a5e","","","","Show me my upcoming bookings","TOPIC_STEP","You have one upcoming booking — LH 1927 BER-MUC-SFO, confirmed.","","","","-10.0","17:49:31","26ed76d1-35e7-4be0-a783-b71f2e470c19"
"c4b0df2f-7c34-47b2-ae77-1dea7adf047b","LLM_STEP","","SKYWAVE_PHASE_4_5","-10.0","17:49:35","","b174e879-98eb-477d-a221-b223e2489de4","","","","Show me my upcoming bookings","LLM_STEP","You have one upcoming booking — LH 1927 BER-MUC-SFO, confirmed.","","","d53be2f2-8c7e-466a-a33e-87de1f750a5e","-10.0","17:49:33","26ed76d1-35e7-4be0-a783-b71f2e470c19"
"170d996c-da3b-4895-ae50-404f4a87e2f7","TOPIC_STEP","","SKYWAVE_PHASE_4_5","-10.0","17:50:49","","dec2cffe-ed33-484f-aa44-85b16531031e","","","","Great, thank you!","TOPIC_STEP","You are welcome. Is there anything else I can help with?","","","","-10.0","17:50:47","34e7fa4e-f23d-4261-a278-f09f64cf1a14"
"5d53d83d-b545-498d-ada9-005a795f44e9","TOPIC_STEP","","SKYWAVE_PHASE_4_5","-9.0","13:07:02","","32c8b20a-b5b1-435c-a41c-f0c083ded941","","","","My first name is misspelled on my ticket","TOPIC_STEP","I have corrected the spelling on your ticket. Please review the updated itinerary.","","","","-9.0","13:07:00","9a69b632-12c2-4120-a271-146d6accd2e6"
"5d53d83d-b545-498d-ada9-005a795f44e9","LLM_STEP","","SKYWAVE_PHASE_4_5","-9.0","13:07:04","","a5ee0f94-60b1-404b-a1c5-73d55e924364","","","","My first name is misspelled on my ticket","LLM_STEP","I have corrected the spelling on your ticket. Please review the updated itinerary.","","","32c8b20a-b5b1-435c-a41c-f0c083ded941","-9.0","13:07:02","9a69b632-12c2-4120-a271-146d6accd2e6"
"03e35142-65cb-4eaa-a6cb-fa68eb295e65","TOPIC_STEP","","SKYWAVE_PHASE_4_5","-9.0","13:07:34","","2315d542-b3ff-4382-ae69-d545ae9a6571","","","","Great, thank you!","TOPIC_STEP","You are welcome. Is there anything else I can help with?","","","","-9.0","13:07:32","48a3c0b7-db05-48c3-a085-055f212da753"
"d0d30e2a-514c-432e-a7b6-b320387c31a3","TOPIC_STEP","","SKYWAVE_PHASE_4_5","-9.0","13:08:12","","be299e7a-8ca8-4b04-a04e-2cccd824bfce","","","","My in-flight wifi did not work, I want a refund","TOPIC_STEP","I have logged your complaint as case 00012346. A refund will be processed.","","","","-9.0","13:08:10","630f90ce-e330-46e1-a868-b59f571345b8"
"d0d30e2a-514c-432e-a7b6-b320387c31a3","LLM_STEP","","SKYWAVE_PHASE_4_5","-9.0","13:08:14","","48d72535-3450-4193-a924-572c9cd8c813","","","","My in-flight wifi did not work, I want a refund","LLM_STEP","I have logged your complaint as case 00012346. A refund will be processed.","","","be299e7a-8ca8-4b04-a04e-2cccd824bfce","-9.0","13:08:12","630f90ce-e330-46e1-a868-b59f571345b8"
"349f1bcd-4886-4185-a983-fe8a835a72c2","TOPIC_STEP","","SKYWAVE_PHASE_4_5","-9.0","13:08:44","","816320c8-07f1-4315-a24e-0cc8f57417f0","","","","Great, thank you!","TOPIC_STEP","You are welcome. Is there anything else I can help with?","","","","-9.0","13:08:42","5993a568-645d-4fae-ac65-421204f946e5"
"af258437-e284-41bc-a5c5-5b28bf373d89","TOPIC_STEP","","SKYWAVE_PHASE_4_5","-13.0","15:58:02","","8daef6d1-ae0d-47b8-ac2d-0382ee58e6ba","","","","Please correct my last name on booking ABC123","TOPIC_STEP","I have updated the passenger name on booking ABC123. A confirmation has been sent.","","","","-13.0","15:58:00","e2db86cf-0fce-44ce-a719-bb09f080651f"
"af258437-e284-41bc-a5c5-5b28bf373d89","LLM_STEP","","SKYWAVE_PHASE_4_5","-13.0","15:58:04","","35756384-7342-43a9-aeb9-454d3227f2cd","","","","Please correct my last name on booking ABC123","LLM_STEP","I have updated the passenger name on booking ABC123. A confirmation has been sent.","","","8daef6d1-ae0d-47b8-ac2d-0382ee58e6ba","-13.0","15:58:02","e2db86cf-0fce-44ce-a719-bb09f080651f"
"2aab44d4-6e2f-4f53-a197-5c2983670db4","TOPIC_STEP","","SKYWAVE_PHASE_4_5","-13.0","16:00:13","","4dbe8bb4-9aaf-4611-abf6-bf1909a19d99","","","","Great, thank you!","TOPIC_STEP","You are welcome. Is there anything else I can help with?","","","","-13.0","16:00:11","5bfd0fa1-ca2a-4641-a135-08df0bd4c081"
"aa876bbf-4649-4985-ad1d-4c69b473f232","TOPIC_STEP","","SKYWAVE_PHASE_4_5","-13.0","16:01:17","","c59bcf1e-0b2b-47d8-a193-7d1153a50ec8","","","","Show me my upcoming bookings","TOPIC_STEP","You have one upcoming booking — LH 1927 BER-MUC-SFO, confirmed.","","","","-13.0","16:01:15","c77ffe55-34d8-4a1b-a5c0-c93597a9972f"
"aa876bbf-4649-4985-ad1d-4c69b473f232","LLM_STEP","","SKYWAVE_PHASE_4_5","-13.0","16:01:19","","c0b10a71-87c5-4859-a1c8-d7177b8a3d76","","","","Show me my upcoming bookings","LLM_STEP","You have one upcoming booking — LH 1927 BER-MUC-SFO, confirmed.","","","c59bcf1e-0b2b-47d8-a193-7d1153a50ec8","-13.0","16:01:17","c77ffe55-34d8-4a1b-a5c0-c93597a9972f"
"c1b6470b-e480-4ff6-a040-24078db3b51e","TOPIC_STEP","","SKYWAVE_PHASE_4_5","-13.0","16:01:53","","03c331e7-e98c-436e-a5c4-8230d301daf2","","","","Great, thank you!","TOPIC_STEP","You are welcome. Is there anything else I can help with?","","","","-13.0","16:01:51","2dcd39e0-8ac9-4fc9-a1fe-9b6184e8de27"
"91ea2597-d5a0-4410-adb2-2fcb7bf9186c","TOPIC_STEP","","SKYWAVE_PHASE_4_5","-12.0","19:36:02","","eec57f25-0190-459b-a78a-f3d877f5838f","","","","I want to change my seat to a window seat","TOPIC_STEP","Sorry, I am unable to change your seat right now. Please try again later.","","","","-12.0","19:36:00","f27633d3-4767-4400-ab45-05fad8745c7e"
"91ea2597-d5a0-4410-adb2-2fcb7bf9186c","LLM_STEP","","SKYWAVE_PHASE_4_5","-12.0","19:36:04","","f3e63ca7-ab3f-4ebc-afcf-31b0da760655","","","","I want to change my seat to a window seat","LLM_STEP","Sorry, I am unable to change your seat right now. Please try again later.","","","eec57f25-0190-459b-a78a-f3d877f5838f","-12.0","19:36:02","f27633d3-4767-4400-ab45-05fad8745c7e"
"acb23f24-d047-4479-a048-4fc504eb82d9","TOPIC_STEP","","SKYWAVE_PHASE_4_5","-12.0","19:37:17","","613b1e32-811b-4203-aec6-2c98ffc71bd8","","","","This still is not working, I am frustrated.","TOPIC_STEP","I am sorry for the inconvenience. I was unable to resolve this for you.","","","","-12.0","19:37:15","ad582173-ba87-4352-ae3d-6746aff24504"
"066b59d6-fdb8-424b-a7f4-58e211bdbc2c","TOPIC_STEP","","SKYWAVE_PHASE_4_5","-12.0","19:37:51","","b5168f23-6d3d-4feb-a54e-f17faf5fffaa","","","","Find flights from JFK to HND tomorrow","TOPIC_STEP","I found 4 flights for that route. The cheapest is SW1200 at 1pm for $1,280.","","","","-12.0","19:37:49","fc9fd71a-8b84-471e-a209-d263f71288cf"
"066b59d6-fdb8-424b-a7f4-58e211bdbc2c","LLM_STEP","","SKYWAVE_PHASE_4_5","-12.0","19:37:53","","8bc54de8-acd9-4501-ab1f-bd410f33d113","","","","Find flights from JFK to HND tomorrow","LLM_STEP","I found 4 flights for that route. The cheapest is SW1200 at 1pm for $1,280.","","","b5168f23-6d3d-4feb-a54e-f17faf5fffaa","-12.0","19:37:51","fc9fd71a-8b84-471e-a209-d263f71288cf"
"1e217c68-ca60-4f4c-a44b-d70286802bba","TOPIC_STEP","","SKYWAVE_PHASE_4_5","-12.0","19:42:35","","613e77bd-b49d-4aa2-a4ae-5c059b6056a3","","","","Great, thank you!","TOPIC_STEP","You are welcome. Is there anything else I can help with?","","","","-12.0","19:42:33","bfa7a560-075f-4245-a5c0-73eb5fbcec8d"
"a68f5055-27e0-478b-a4c5-a94d052d190d","TOPIC_STEP","","SKYWAVE_PHASE_4_5","-12.0","19:43:34","","300c1fca-404c-4179-ac94-6ab8d9e034d5","","","","What is my tier status?","TOPIC_STEP","You are Gold tier with 14,200 qualifying points this year.","","","","-12.0","19:43:32","cef5ea80-9476-416a-ae53-4dfd153fe5d9"
"a68f5055-27e0-478b-a4c5-a94d052d190d","LLM_STEP","","SKYWAVE_PHASE_4_5","-12.0","19:43:36","","40c3e1de-f589-47d9-a3ee-dee4ec56a9b4","","","","What is my tier status?","LLM_STEP","You are Gold tier with 14,200 qualifying points this year.","","","300c1fca-404c-4179-ac94-6ab8d9e034d5","-12.0","19:43:34","cef5ea80-9476-416a-ae53-4dfd153fe5d9"
"767c7b60-66b5-4820-a9cf-544b2277d0b2","TOPIC_STEP","","SKYWAVE_PHASE_4_5","-12.0","19:44:49","","f7d4d730-2056-44b1-a5de-b5304b77dc52","","","","Great, thank you!","TOPIC_STEP","You are welcome. Is there anything else I can help with?","","","","-12.0","19:44:47","0b13bcc5-ba88-4002-afb6-1c5fa6d65cd6"
"3dc94a19-ef8f-4672-ab13-d7850174b4d3","TOPIC_STEP","","SKYWAVE_PHASE_4_5","-14.0","10:00:02","","8ec87997-7052-476e-a044-792ccfdbf18b","","","","How many miles do I have?","TOPIC_STEP","You currently have 18,450 SkyWave miles. You are at Premier tier.","","","","-14.0","10:00:00","7cf35d28-b0fd-4b3d-a8b8-b638113554f7"
"3dc94a19-ef8f-4672-ab13-d7850174b4d3","LLM_STEP","","SKYWAVE_PHASE_4_5","-14.0","10:00:04","","5dc14e90-796f-47c0-a07a-780c282c5fda","","","","How many miles do I have?","LLM_STEP","You currently have 18,450 SkyWave miles. You are at Premier tier.","","","8ec87997-7052-476e-a044-792ccfdbf18b","-14.0","10:00:02","7cf35d28-b0fd-4b3d-a8b8-b638113554f7"
"33f6e5d8-ba2a-4685-a3ee-fb5ce8d33203","TOPIC_STEP","","SKYWAVE_PHASE_4_5","-14.0","10:00:39","","88c9b2a5-7ae0-4908-a883-981654318816","","","","Great, thank you!","TOPIC_STEP","You are welcome. Is there anything else I can help with?","","","","-14.0","10:00:37","fc00528c-66fb-41c7-a9d6-c695e7ad90cb"
"bd8b538f-c4e6-4363-aaef-22ab04a071dc","TOPIC_STEP","","SKYWAVE_PHASE_4_5","-7.0","12:42:02","","6f0278bd-f0d1-4de5-aa13-c3fefd7639df","","","","I lost my luggage in Munich last week, can you help?","TOPIC_STEP","I have created case 00012345 for your lost luggage. We will contact you within 24 hours.","","","","-7.0","12:42:00","2924ebd6-c547-4f01-ad7d-4c3dd31bf4a9"
"bd8b538f-c4e6-4363-aaef-22ab04a071dc","LLM_STEP","","SKYWAVE_PHASE_4_5","-7.0","12:42:04","","192b5aa7-1a0a-4d1a-a620-2b6e3d28e137","","","","I lost my luggage in Munich last week, can you help?","LLM_STEP","I have created case 00012345 for your lost luggage. We will contact you within 24 hours.","","","6f0278bd-f0d1-4de5-aa13-c3fefd7639df","-7.0","12:42:02","2924ebd6-c547-4f01-ad7d-4c3dd31bf4a9"
"aa943b5e-69ff-4331-accf-225e36118c71","TOPIC_STEP","","SKYWAVE_PHASE_4_5","-7.0","12:42:51","","20aa2359-af26-47f6-a74c-7ebdf1edfdb6","","","","Great, thank you!","TOPIC_STEP","You are welcome. Is there anything else I can help with?","","","","-7.0","12:42:49","ab8fda57-1a74-457f-a0db-19744ba6f543"
"9a6a4b5b-f11b-4dd8-a08b-fc741c02522f","TOPIC_STEP","","SKYWAVE_PHASE_4_5","-7.0","12:43:27","","e6325f2a-947a-4620-ab9d-50feecb79ab5","","","","I want to change my seat to a window seat","TOPIC_STEP","Sorry, I am unable to change your seat right now. Please try again later.","","","","-7.0","12:43:25","4983dd5c-fc42-433f-aeed-6e3ada56ce40"
"9a6a4b5b-f11b-4dd8-a08b-fc741c02522f","LLM_STEP","","SKYWAVE_PHASE_4_5","-7.0","12:43:29","","c6da482e-0022-4d87-aaf7-36fb8303cdad","","","","I want to change my seat to a window seat","LLM_STEP","Sorry, I am unable to change your seat right now. Please try again later.","","","e6325f2a-947a-4620-ab9d-50feecb79ab5","-7.0","12:43:27","4983dd5c-fc42-433f-aeed-6e3ada56ce40"
"af7466e4-b895-41dd-a8a4-cb0eedcee928","TOPIC_STEP","","SKYWAVE_PHASE_4_5","-7.0","12:44:04","","0b0bbd38-2a40-46d8-a52a-42a985013769","","","","This still is not working, I am frustrated.","TOPIC_STEP","I am sorry for the inconvenience. I was unable to resolve this for you.","","","","-7.0","12:44:02","94efe44a-98d4-44a2-a3fa-ae77aef4f091"
"1044a8e9-fa46-4990-ad43-4cb1fe06bf7a","TOPIC_STEP","","SKYWAVE_PHASE_4_5","-7.0","12:48:41","","3cabc278-57d7-41f1-a74a-a1eae49254ed","","","","My first name is misspelled on my ticket","TOPIC_STEP","I have corrected the spelling on your ticket. Please review the updated itinerary.","","","","-7.0","12:48:39","97fb155a-ba02-4b8b-ad7b-c4dc3ed90011"
"1044a8e9-fa46-4990-ad43-4cb1fe06bf7a","LLM_STEP","","SKYWAVE_PHASE_4_5","-7.0","12:48:43","","d40379ac-89a0-4f06-a1d0-422b6c975234","","","","My first name is misspelled on my ticket","LLM_STEP","I have corrected the spelling on your ticket. Please review the updated itinerary.","","","3cabc278-57d7-41f1-a74a-a1eae49254ed","-7.0","12:48:41","97fb155a-ba02-4b8b-ad7b-c4dc3ed90011"
"647250c5-eac8-4607-a235-2b32d674d094","TOPIC_STEP","","SKYWAVE_PHASE_4_5","-7.0","12:49:41","","1965cb27-0f93-4a08-a046-6261979c2d3b","","","","Great, thank you!","TOPIC_STEP","You are welcome. Is there anything else I can help with?","","","","-7.0","12:49:39","d45fc301-3894-4b81-a15b-23ec4b6a3b33"
"4ca767be-4c29-433e-a9f1-015bde2b1f5c","TOPIC_STEP","","SKYWAVE_PHASE_4_5","-9.0","11:17:02","","1ea959d8-db4e-4950-aa5f-d1d04c10679b","","","","I want to select seat 1A for my flight","TOPIC_STEP","I was unable to retrieve the seat map automatically and could not assign the seat.","","","","-9.0","11:17:00","5232082b-89a3-49c6-ad71-ff7cbc23b5ec"
"4ca767be-4c29-433e-a9f1-015bde2b1f5c","LLM_STEP","","SKYWAVE_PHASE_4_5","-9.0","11:17:04","","ee635249-20de-4782-a984-a2d7fc505ba1","","","","I want to select seat 1A for my flight","LLM_STEP","I was unable to retrieve the seat map automatically and could not assign the seat.","","","1ea959d8-db4e-4950-aa5f-d1d04c10679b","-9.0","11:17:02","5232082b-89a3-49c6-ad71-ff7cbc23b5ec"
"f3ccdd18-71a5-405d-a416-255e46a6e7d7","TOPIC_STEP","","SKYWAVE_PHASE_4_5","-9.0","11:18:12","","b7dc644b-57e2-4078-a480-97b8d11e58f0","","","","This still is not working, I am frustrated.","TOPIC_STEP","I am sorry for the inconvenience. I was unable to resolve this for you.","","","","-9.0","11:18:10","20f3ce30-63c9-48bc-aaaf-f0e8a93e7904"
"7d19a42a-2aaf-41ce-aee4-1f238ca01f63","TOPIC_STEP","","SKYWAVE_PHASE_4_5","-11.0","11:07:02","","4cfe6c88-6797-4569-a563-a098d662cca0","","","","Whats the weather like in Tokyo?","TOPIC_STEP","I can only help with flight bookings and Skywave loyalty questions.","","","","-11.0","11:07:00","e49a83e7-8993-4a94-aa61-8756a29d2de3"
"7d19a42a-2aaf-41ce-aee4-1f238ca01f63","LLM_STEP","","SKYWAVE_PHASE_4_5","-11.0","11:07:04","","27ca50dc-c744-4e06-a8c3-6dcf91a4e5a7","","","","Whats the weather like in Tokyo?","LLM_STEP","I can only help with flight bookings and Skywave loyalty questions.","","","4cfe6c88-6797-4569-a563-a098d662cca0","-11.0","11:07:02","e49a83e7-8993-4a94-aa61-8756a29d2de3"
"e97f7eef-ab4d-4c19-aad0-3111ec572b7d","TOPIC_STEP","","SKYWAVE_PHASE_4_5","-11.0","11:07:39","","45585698-8636-4594-a379-3b9c51b6b7ac","","","","Okay.","TOPIC_STEP","Understood. Anything else I can help with?","","","","-11.0","11:07:37","ae1358ca-2708-43f2-aeaf-44e9ce951841"
"eae9ec65-6daa-488f-aee6-628942a79703","TOPIC_STEP","","SKYWAVE_PHASE_4_5","-7.0","08:59:02","","2cdbd1ec-4510-4e4a-a8aa-fd07f1addf26","","","","Find flights from JFK to HND tomorrow","TOPIC_STEP","I found 4 flights for that route. The cheapest is SW1200 at 1pm for $1,280.","","","","-7.0","08:59:00","bfdf4313-861c-45d8-a24e-184f2c68f2eb"
"eae9ec65-6daa-488f-aee6-628942a79703","LLM_STEP","","SKYWAVE_PHASE_4_5","-7.0","08:59:04","","79c8824e-0075-4a6d-a745-593e079984be","","","","Find flights from JFK to HND tomorrow","LLM_STEP","I found 4 flights for that route. The cheapest is SW1200 at 1pm for $1,280.","","","2cdbd1ec-4510-4e4a-a8aa-fd07f1addf26","-7.0","08:59:02","bfdf4313-861c-45d8-a24e-184f2c68f2eb"
"6ae4ec80-9245-4d49-a51e-bb44ae83ad12","TOPIC_STEP","","SKYWAVE_PHASE_4_5","-7.0","08:59:38","","0977a899-b904-4089-a9e5-d1bde4a81398","","","","Great, thank you!","TOPIC_STEP","You are welcome. Is there anything else I can help with?","","","","-7.0","08:59:36","6f4f9b1e-dad9-4007-ad40-6519f09d6def"
"bee54c16-8978-4b8b-ada0-91fdcb7f163f","TOPIC_STEP","","SKYWAVE_PHASE_4_5","-7.0","08:59:56","","66a34afd-b561-4d9d-a671-09c03f47ad8c","","","","Show me my upcoming bookings","TOPIC_STEP","You have one upcoming booking — LH 1927 BER-MUC-SFO, confirmed.","","","","-7.0","08:59:54","a07540e3-4c17-456b-a0ef-5d757a306b41"
"bee54c16-8978-4b8b-ada0-91fdcb7f163f","LLM_STEP","","SKYWAVE_PHASE_4_5","-7.0","08:59:58","","d1ef9d02-66b5-44ea-a6ca-9dc0026881b1","","","","Show me my upcoming bookings","LLM_STEP","You have one upcoming booking — LH 1927 BER-MUC-SFO, confirmed.","","","66a34afd-b561-4d9d-a671-09c03f47ad8c","-7.0","08:59:56","a07540e3-4c17-456b-a0ef-5d757a306b41"
"9d14ba83-a622-4e29-ac7b-ddc0e54c2e70","TOPIC_STEP","","SKYWAVE_PHASE_4_5","-7.0","09:02:09","","dd057181-b6f1-45c6-ad09-4d6aa9b4bc9d","","","","Great, thank you!","TOPIC_STEP","You are welcome. Is there anything else I can help with?","","","","-7.0","09:02:07","12ecd34c-efc6-4447-a713-b3424376ff28"
"45f762fd-52b5-43c3-a2a1-73eca8eec32a","TOPIC_STEP","","SKYWAVE_PHASE_4_5","-13.0","13:25:02","","ea3e50c3-917f-400e-a566-1acd70604ba4","","","","Find flights from JFK to HND tomorrow","TOPIC_STEP","I found 4 flights for that route. The cheapest is SW1200 at 1pm for $1,280.","","","","-13.0","13:25:00","0a9f2952-3275-4353-a1ff-fb90608a0c77"
"45f762fd-52b5-43c3-a2a1-73eca8eec32a","LLM_STEP","","SKYWAVE_PHASE_4_5","-13.0","13:25:04","","79fd2873-441f-42e4-a096-ee313008aa75","","","","Find flights from JFK to HND tomorrow","LLM_STEP","I found 4 flights for that route. The cheapest is SW1200 at 1pm for $1,280.","","","ea3e50c3-917f-400e-a566-1acd70604ba4","-13.0","13:25:02","0a9f2952-3275-4353-a1ff-fb90608a0c77"
"8e1e6291-2b10-4df8-a645-f45d06036f01","TOPIC_STEP","","SKYWAVE_PHASE_4_5","-13.0","13:28:05","","ab71be12-5051-47fd-a096-0e0262db6d1f","","","","Great, thank you!","TOPIC_STEP","You are welcome. Is there anything else I can help with?","","","","-13.0","13:28:03","8be5751b-73a9-4b24-a6fa-7e1ef0dae730"
"c91f0033-8a56-4def-a828-bf7e62f31b64","TOPIC_STEP","","SKYWAVE_PHASE_4_5","-2.0","11:55:02","","8c2b9d91-4ce3-45c5-a0cf-a7c58e9f7df4","","","","Find flights from JFK to HND tomorrow","TOPIC_STEP","I found 4 flights for that route. The cheapest is SW1200 at 1pm for $1,280.","","","","-2.0","11:55:00","ab3a9cbc-4dca-4dfa-af5d-af01b583cec4"
"c91f0033-8a56-4def-a828-bf7e62f31b64","LLM_STEP","","SKYWAVE_PHASE_4_5","-2.0","11:55:04","","f857a35f-917b-4d41-ae95-2ccfa8e3373c","","","","Find flights from JFK to HND tomorrow","LLM_STEP","I found 4 flights for that route. The cheapest is SW1200 at 1pm for $1,280.","","","8c2b9d91-4ce3-45c5-a0cf-a7c58e9f7df4","-2.0","11:55:02","ab3a9cbc-4dca-4dfa-af5d-af01b583cec4"
"03232cf2-853d-4e64-abee-721719f30f62","TOPIC_STEP","","SKYWAVE_PHASE_4_5","-2.0","11:55:48","","7520682c-198c-42ee-a4b4-488c5af85366","","","","Great, thank you!","TOPIC_STEP","You are welcome. Is there anything else I can help with?","","","","-2.0","11:55:46","231ea157-750b-4546-a931-3e631874a059"
"59aa55b1-54c2-41f5-a433-ab7919f8c52d","TOPIC_STEP","","SKYWAVE_PHASE_4_5","-14.0","18:23:02","","8e8a44c1-9efc-4c63-a370-233764e965ed","","","","I want to change my seat to a window seat","TOPIC_STEP","Sorry, I am unable to change your seat right now. Please try again later.","","","","-14.0","18:23:00","0acbb3b0-533d-4e02-a2cc-a82f5295a9e9"
"59aa55b1-54c2-41f5-a433-ab7919f8c52d","LLM_STEP","","SKYWAVE_PHASE_4_5","-14.0","18:23:04","","e77c6f9b-1da9-4ab2-ad55-7c2ffe403bf2","","","","I want to change my seat to a window seat","LLM_STEP","Sorry, I am unable to change your seat right now. Please try again later.","","","8e8a44c1-9efc-4c63-a370-233764e965ed","-14.0","18:23:02","0acbb3b0-533d-4e02-a2cc-a82f5295a9e9"
"d73fda1b-8233-4180-a98c-3ff1866ed634","TOPIC_STEP","","SKYWAVE_PHASE_4_5","-14.0","18:24:07","","63fe2c03-fc2b-4151-a190-fbc53cf5599e","","","","This still is not working, I am frustrated.","TOPIC_STEP","I am sorry for the inconvenience. I was unable to resolve this for you.","","","","-14.0","18:24:05","b7b27d15-6298-4a33-a67f-7401d708229e"
"03dfce30-8795-4eb7-ac70-cc0917a28130","TOPIC_STEP","","SKYWAVE_PHASE_4_5","-14.0","18:25:00","","36e39b1e-af89-4693-ace1-c059d72ad790","","","","What is my tier status?","TOPIC_STEP","You are Gold tier with 14,200 qualifying points this year.","","","","-14.0","18:24:58","32121376-9114-4860-a7a2-ecd355247144"
"03dfce30-8795-4eb7-ac70-cc0917a28130","LLM_STEP","","SKYWAVE_PHASE_4_5","-14.0","18:25:02","","a09a3e33-fe0e-4ee3-a4a7-353fd194e618","","","","What is my tier status?","LLM_STEP","You are Gold tier with 14,200 qualifying points this year.","","","36e39b1e-af89-4693-ace1-c059d72ad790","-14.0","18:25:00","32121376-9114-4860-a7a2-ecd355247144"
"5e279a0f-7ccc-4425-a96c-b12ce95de19e","TOPIC_STEP","","SKYWAVE_PHASE_4_5","-14.0","18:29:34","","662ff429-faec-4f08-af30-d1228cce08c3","","","","Great, thank you!","TOPIC_STEP","You are welcome. Is there anything else I can help with?","","","","-14.0","18:29:32","43c4428d-ac89-45fa-a9e2-4b26eeff2d9b"
"4b576a28-5733-4333-a62f-e0c77c71631d","TOPIC_STEP","","SKYWAVE_PHASE_4_5","-11.0","19:28:02","","c2e2650e-faeb-43b5-a7bb-73e8949f572c","","","","Find flights from JFK to HND tomorrow","TOPIC_STEP","I found 4 flights for that route. The cheapest is SW1200 at 1pm for $1,280.","","","","-11.0","19:28:00","322d0225-98fd-45a3-ad2d-6ad2bdff381d"
"4b576a28-5733-4333-a62f-e0c77c71631d","LLM_STEP","","SKYWAVE_PHASE_4_5","-11.0","19:28:04","","6da297b7-5022-499b-acc1-ce63e7392928","","","","Find flights from JFK to HND tomorrow","LLM_STEP","I found 4 flights for that route. The cheapest is SW1200 at 1pm for $1,280.","","","c2e2650e-faeb-43b5-a7bb-73e8949f572c","-11.0","19:28:02","322d0225-98fd-45a3-ad2d-6ad2bdff381d"
"aff0a716-c087-4d74-ab3c-182c1ff38009","TOPIC_STEP","","SKYWAVE_PHASE_4_5","-11.0","19:31:39","","73af0617-cb7f-4e70-ae1f-d798948bea3c","","","","Great, thank you!","TOPIC_STEP","You are welcome. Is there anything else I can help with?","","","","-11.0","19:31:37","fa7ab41a-26c7-445e-ac48-31c1f4cdcc60"
"a04e4651-a3fa-4dd7-a04d-ee6b915ab1b1","TOPIC_STEP","","SKYWAVE_PHASE_4_5","-13.0","17:54:02","","1bb78561-a5ea-4d5f-a337-4d9d3e90addd","","","","Find flights from JFK to HND tomorrow","TOPIC_STEP","I found 4 flights for that route. The cheapest is SW1200 at 1pm for $1,280.","","","","-13.0","17:54:00","d2d6a345-ff43-4e15-ae6e-898d4b013b75"
"a04e4651-a3fa-4dd7-a04d-ee6b915ab1b1","LLM_STEP","","SKYWAVE_PHASE_4_5","-13.0","17:54:04","","dc654a6e-cf48-4482-ab4a-6c4dd081c9df","","","","Find flights from JFK to HND tomorrow","LLM_STEP","I found 4 flights for that route. The cheapest is SW1200 at 1pm for $1,280.","","","1bb78561-a5ea-4d5f-a337-4d9d3e90addd","-13.0","17:54:02","d2d6a345-ff43-4e15-ae6e-898d4b013b75"
"2b585b36-d496-4782-aa3d-ac01c65c7837","TOPIC_STEP","","SKYWAVE_PHASE_4_5","-13.0","17:54:37","","eecbc5f1-36b5-4e97-ab02-b86e00a3545d","","","","Great, thank you!","TOPIC_STEP","You are welcome. Is there anything else I can help with?","","","","-13.0","17:54:35","a8e81292-f84c-4de4-a57f-c7f154449532"
"2ca234dd-feef-4e10-a31e-1c7023ca058b","TOPIC_STEP","","SKYWAVE_PHASE_4_5","-6.0","08:17:02","","782c87ce-e13f-44da-af76-dad66733e831","","","","My in-flight wifi did not work, I want a refund","TOPIC_STEP","I have logged your complaint as case 00012346. A refund will be processed.","","","","-6.0","08:17:00","8033947e-0019-4671-a68c-54bc4ad51829"
"2ca234dd-feef-4e10-a31e-1c7023ca058b","LLM_STEP","","SKYWAVE_PHASE_4_5","-6.0","08:17:04","","58a2229b-c464-4026-a34f-df495e581469","","","","My in-flight wifi did not work, I want a refund","LLM_STEP","I have logged your complaint as case 00012346. A refund will be processed.","","","782c87ce-e13f-44da-af76-dad66733e831","-6.0","08:17:02","8033947e-0019-4671-a68c-54bc4ad51829"
"9836aaa3-6ae4-4e03-a634-96b634d6edda","TOPIC_STEP","","SKYWAVE_PHASE_4_5","-6.0","08:17:28","","fd38d367-6558-49b9-ae68-41623f2619ca","","","","Okay.","TOPIC_STEP","Understood. Anything else I can help with?","","","","-6.0","08:17:26","12fd3e34-1adf-4db5-a817-3a4defb2f37b"
"b31d6b38-c9f2-423c-a78f-5cfad22adf22","TOPIC_STEP","","SKYWAVE_PHASE_4_5","-6.0","08:18:33","","51a75564-31a2-4f9c-a627-a93e8812d8b5","","","","I want to select seat 1A for my flight","TOPIC_STEP","I was unable to retrieve the seat map automatically and could not assign the seat.","","","","-6.0","08:18:31","cfd844a5-6969-4677-a322-622c1d8c7c49"
"b31d6b38-c9f2-423c-a78f-5cfad22adf22","LLM_STEP","","SKYWAVE_PHASE_4_5","-6.0","08:18:35","","ba07a221-e6d2-476e-a383-b626bcbb7492","","","","I want to select seat 1A for my flight","LLM_STEP","I was unable to retrieve the seat map automatically and could not assign the seat.","","","51a75564-31a2-4f9c-a627-a93e8812d8b5","-6.0","08:18:33","cfd844a5-6969-4677-a322-622c1d8c7c49"
"882786ea-6568-463d-a717-4e71589c8c36","TOPIC_STEP","","SKYWAVE_PHASE_4_5","-6.0","08:21:58","","88046012-c00b-49a5-a93d-85ae211f5108","","","","This still is not working, I am frustrated.","TOPIC_STEP","I am sorry for the inconvenience. I was unable to resolve this for you.","","","","-6.0","08:21:56","709223bb-519b-42f8-afbd-2a5ca2c6dc65"
"85a039cd-40c9-4dcc-a219-619985880d72","TOPIC_STEP","","SKYWAVE_PHASE_4_5","-6.0","08:22:53","","c961066e-6049-4a00-a4bf-bf748c4170e9","","","","Show me my upcoming bookings","TOPIC_STEP","You have one upcoming booking — LH 1927 BER-MUC-SFO, confirmed.","","","","-6.0","08:22:51","d8f7e5a9-a9ad-40cd-a141-f1f6eb20211a"
"85a039cd-40c9-4dcc-a219-619985880d72","LLM_STEP","","SKYWAVE_PHASE_4_5","-6.0","08:22:55","","c609f6db-9a49-4002-a7cd-25cde545fe37","","","","Show me my upcoming bookings","LLM_STEP","You have one upcoming booking — LH 1927 BER-MUC-SFO, confirmed.","","","c961066e-6049-4a00-a4bf-bf748c4170e9","-6.0","08:22:53","d8f7e5a9-a9ad-40cd-a141-f1f6eb20211a"
"c45cd101-a596-47a4-a7e5-1ca5b663e6c0","TOPIC_STEP","","SKYWAVE_PHASE_4_5","-6.0","08:25:19","","274b6adc-361a-4151-aa06-03d4a02e14e0","","","","Great, thank you!","TOPIC_STEP","You are welcome. Is there anything else I can help with?","","","","-6.0","08:25:17","652bd614-bd9c-4cec-a9d0-db2253dd306d"
"7ef593dc-28af-440a-aed1-e33f94522ee9","TOPIC_STEP","","SKYWAVE_PHASE_4_5","-1.0","14:24:02","","08432986-2803-4052-a600-9a6654258011","","","","I want to change my seat to a window seat","TOPIC_STEP","Sorry, I am unable to change your seat right now. Please try again later.","","","","-1.0","14:24:00","ad3f3fcf-12c6-4ade-aed6-23467f1dc4c4"
"7ef593dc-28af-440a-aed1-e33f94522ee9","LLM_STEP","","SKYWAVE_PHASE_4_5","-1.0","14:24:04","","f9b0ba77-6f9f-4a43-aed5-b10179f2c303","","","","I want to change my seat to a window seat","LLM_STEP","Sorry, I am unable to change your seat right now. Please try again later.","","","08432986-2803-4052-a600-9a6654258011","-1.0","14:24:02","ad3f3fcf-12c6-4ade-aed6-23467f1dc4c4"
"0cb07d69-b22f-4606-aa6a-4dde5e650e18","TOPIC_STEP","","SKYWAVE_PHASE_4_5","-1.0","14:24:34","","756e4ba1-19b7-4f76-a794-d376dc0e7538","","","","This still is not working, I am frustrated.","TOPIC_STEP","I am sorry for the inconvenience. I was unable to resolve this for you.","","","","-1.0","14:24:32","eb2d5787-a324-4a5a-a097-263c73ba2cf8"
"fe7042d7-ec32-404c-a920-79b57df23b74","TOPIC_STEP","","SKYWAVE_PHASE_4_5","-1.0","14:25:51","","c58cf7bf-0cb6-4a0b-a9fb-1d9735bdca3f","","","","My in-flight wifi did not work, I want a refund","TOPIC_STEP","I have logged your complaint as case 00012346. A refund will be processed.","","","","-1.0","14:25:49","06907b3f-a3ce-44f6-a43e-cedb31487852"
"fe7042d7-ec32-404c-a920-79b57df23b74","LLM_STEP","","SKYWAVE_PHASE_4_5","-1.0","14:25:53","","b2bbe890-6170-4182-aad9-09200477c597","","","","My in-flight wifi did not work, I want a refund","LLM_STEP","I have logged your complaint as case 00012346. A refund will be processed.","","","c58cf7bf-0cb6-4a0b-a9fb-1d9735bdca3f","-1.0","14:25:51","06907b3f-a3ce-44f6-a43e-cedb31487852"
"5a3e0330-bf13-415d-a49a-3742898ceb97","TOPIC_STEP","","SKYWAVE_PHASE_4_5","-1.0","14:26:32","","ff071bfd-542e-4236-a499-dba850141d70","","","","Great, thank you!","TOPIC_STEP","You are welcome. Is there anything else I can help with?","","","","-1.0","14:26:30","05da14ad-9e1f-404f-ad45-0d28770d8ebb"
"b621bfea-c221-44ca-a950-72f08afad6da","TOPIC_STEP","","SKYWAVE_PHASE_4_5","-1.0","14:27:25","","22193a14-dab0-4d92-a9b4-6dbb2199c396","","","","I want to change my seat to a window seat","TOPIC_STEP","Sorry, I am unable to change your seat right now. Please try again later.","","","","-1.0","14:27:23","d00b9216-dfec-432a-a414-6f7df49f2c67"
"b621bfea-c221-44ca-a950-72f08afad6da","LLM_STEP","","SKYWAVE_PHASE_4_5","-1.0","14:27:27","","a04742f5-b697-43d2-af4d-0b0c3b39f378","","","","I want to change my seat to a window seat","LLM_STEP","Sorry, I am unable to change your seat right now. Please try again later.","","","22193a14-dab0-4d92-a9b4-6dbb2199c396","-1.0","14:27:25","d00b9216-dfec-432a-a414-6f7df49f2c67"
"832b1a20-002e-4d2f-a985-3f6a122ac2eb","TOPIC_STEP","","SKYWAVE_PHASE_4_5","-1.0","14:28:12","","db0e6a00-b1c3-43de-a136-68af1f98633e","","","","This still is not working, I am frustrated.","TOPIC_STEP","I am sorry for the inconvenience. I was unable to resolve this for you.","","","","-1.0","14:28:10","5e391d57-53f0-4440-a43f-287a65ec6846"
"451e377d-947f-4659-a6e5-8f064ff6ba1f","TOPIC_STEP","","SKYWAVE_PHASE_4_5","-4.0","13:33:02","","c540788c-9fa0-4e34-a582-a194582b92ed","","","","I want to change my seat to a window seat","TOPIC_STEP","Sorry, I am unable to change your seat right now. Please try again later.","","","","-4.0","13:33:00","6fe7502d-f272-41ff-a90a-8ab3fcae0ca5"
"451e377d-947f-4659-a6e5-8f064ff6ba1f","LLM_STEP","","SKYWAVE_PHASE_4_5","-4.0","13:33:04","","a72dc9c6-c11c-4cb6-af7a-9361513af2b4","","","","I want to change my seat to a window seat","LLM_STEP","Sorry, I am unable to change your seat right now. Please try again later.","","","c540788c-9fa0-4e34-a582-a194582b92ed","-4.0","13:33:02","6fe7502d-f272-41ff-a90a-8ab3fcae0ca5"
"a24d249b-89b0-4dea-a82c-4131d38d206f","TOPIC_STEP","","SKYWAVE_PHASE_4_5","-4.0","13:33:44","","d4cab348-a2d7-4a0c-ae70-62a145413ac8","","","","This still is not working, I am frustrated.","TOPIC_STEP","I am sorry for the inconvenience. I was unable to resolve this for you.","","","","-4.0","13:33:42","d3357946-2296-4d8e-a5d7-04111ec1b2a5"
"8d557c83-9980-44a6-a56b-5feb28e7b598","TOPIC_STEP","","SKYWAVE_PHASE_4_5","-7.0","14:47:02","","091c58c4-3fe5-4526-a85b-00cfd6938a6f","","","","I want to select seat 1A for my flight","TOPIC_STEP","I was unable to retrieve the seat map automatically and could not assign the seat.","","","","-7.0","14:47:00","89fabdcd-f7b6-4dfd-abe2-32147e9a183b"
"8d557c83-9980-44a6-a56b-5feb28e7b598","LLM_STEP","","SKYWAVE_PHASE_4_5","-7.0","14:47:04","","cf1221da-616e-4fe0-acaf-ed8078040634","","","","I want to select seat 1A for my flight","LLM_STEP","I was unable to retrieve the seat map automatically and could not assign the seat.","","","091c58c4-3fe5-4526-a85b-00cfd6938a6f","-7.0","14:47:02","89fabdcd-f7b6-4dfd-abe2-32147e9a183b"
"a4f0e937-5c34-45aa-a8c9-c5dbce1f1bbc","TOPIC_STEP","","SKYWAVE_PHASE_4_5","-7.0","14:49:13","","151af04e-f0d6-4fde-aee8-b19f01dfd894","","","","This still is not working, I am frustrated.","TOPIC_STEP","I am sorry for the inconvenience. I was unable to resolve this for you.","","","","-7.0","14:49:11","5b1730d7-d060-4c0f-a26f-be2b4b89e371"
"7296682c-6608-4122-a347-e00b0a76dbf6","TOPIC_STEP","","SKYWAVE_PHASE_4_5","-6.0","14:29:02","","644dbe01-de6c-4afd-a1fc-79d126827d6a","","","","I want to change my seat to a window seat","TOPIC_STEP","Sorry, I am unable to change your seat right now. Please try again later.","","","","-6.0","14:29:00","c5f81a8e-b7a0-4ee6-add9-fb865e3e9694"
"7296682c-6608-4122-a347-e00b0a76dbf6","LLM_STEP","","SKYWAVE_PHASE_4_5","-6.0","14:29:04","","105085a9-4486-4097-a7b8-09d060188475","","","","I want to change my seat to a window seat","LLM_STEP","Sorry, I am unable to change your seat right now. Please try again later.","","","644dbe01-de6c-4afd-a1fc-79d126827d6a","-6.0","14:29:02","c5f81a8e-b7a0-4ee6-add9-fb865e3e9694"
"fd3ae148-95b1-4d45-aedf-9ecb8e37e7bb","TOPIC_STEP","","SKYWAVE_PHASE_4_5","-6.0","14:30:12","","0f4c0d15-5a0b-4719-a617-f9930757966a","","","","This still is not working, I am frustrated.","TOPIC_STEP","I am sorry for the inconvenience. I was unable to resolve this for you.","","","","-6.0","14:30:10","b4522ab7-86e4-46c8-aee1-2f4f1fe2af77"
"b5e98434-7f22-4606-ad37-fd02e9df3d90","TOPIC_STEP","","SKYWAVE_PHASE_4_5","-1.0","09:40:02","","82e4c0fb-6c26-46d8-aeeb-7bfaffcc5d13","","","","I want to change my seat to a window seat","TOPIC_STEP","Sorry, I am unable to change your seat right now. Please try again later.","","","","-1.0","09:40:00","ff2d8c12-a51b-4161-a975-5a440188f0bf"
"b5e98434-7f22-4606-ad37-fd02e9df3d90","LLM_STEP","","SKYWAVE_PHASE_4_5","-1.0","09:40:04","","db3f6a19-4ab1-4a72-a875-654b836257ad","","","","I want to change my seat to a window seat","LLM_STEP","Sorry, I am unable to change your seat right now. Please try again later.","","","82e4c0fb-6c26-46d8-aeeb-7bfaffcc5d13","-1.0","09:40:02","ff2d8c12-a51b-4161-a975-5a440188f0bf"
"f5408f56-afe2-46ae-a293-10d877ccda57","TOPIC_STEP","","SKYWAVE_PHASE_4_5","-1.0","09:40:19","","9293c6d8-f73e-438b-ab1d-2b34d51f5e8c","","","","This still is not working, I am frustrated.","TOPIC_STEP","I am sorry for the inconvenience. I was unable to resolve this for you.","","","","-1.0","09:40:17","b38404b0-2b26-439b-a244-2b0687d0df13"
"9565e9db-e24a-4fdf-a9b2-324a8a027bf4","TOPIC_STEP","","SKYWAVE_PHASE_4_5","-8.0","10:08:02","","83919468-4865-4c59-af70-987757f88aec","","","","Can I move from 23B to an aisle seat?","TOPIC_STEP","I could not update your seat assignment. Please contact a service agent.","","","","-8.0","10:08:00","33220f12-e4e6-4293-a592-cd208a83b628"
"9565e9db-e24a-4fdf-a9b2-324a8a027bf4","LLM_STEP","","SKYWAVE_PHASE_4_5","-8.0","10:08:04","","b88f3b39-83f8-4906-af36-79462ca107dc","","","","Can I move from 23B to an aisle seat?","LLM_STEP","I could not update your seat assignment. Please contact a service agent.","","","83919468-4865-4c59-af70-987757f88aec","-8.0","10:08:02","33220f12-e4e6-4293-a592-cd208a83b628"
"2370bd21-5f8b-47b5-a0f3-11bcbc189407","TOPIC_STEP","","SKYWAVE_PHASE_4_5","-8.0","10:08:41","","435bba3e-26f1-4d47-a055-4907ee33f305","","","","This still is not working, I am frustrated.","TOPIC_STEP","I am sorry for the inconvenience. I was unable to resolve this for you.","","","","-8.0","10:08:39","068eb957-1a62-432d-ada7-e8fc10cd8636"
"adc41687-7989-4a6f-acb8-fdf1b5cabc7b","TOPIC_STEP","","SKYWAVE_PHASE_4_5","-8.0","10:09:10","","62c8ee15-e8c4-47de-a134-0e77151fd9b0","","","","I lost my luggage in Munich last week, can you help?","TOPIC_STEP","I have created case 00012345 for your lost luggage. We will contact you within 24 hours.","","","","-8.0","10:09:08","d0c7be54-211d-43ae-a861-b5488bfa7e3a"
"adc41687-7989-4a6f-acb8-fdf1b5cabc7b","LLM_STEP","","SKYWAVE_PHASE_4_5","-8.0","10:09:12","","d7a4e9b3-0920-4ac6-ac02-0696630c254d","","","","I lost my luggage in Munich last week, can you help?","LLM_STEP","I have created case 00012345 for your lost luggage. We will contact you within 24 hours.","","","62c8ee15-e8c4-47de-a134-0e77151fd9b0","-8.0","10:09:10","d0c7be54-211d-43ae-a861-b5488bfa7e3a"
"f9525d4f-dd99-4c05-a69c-8a1a9acbdc9e","TOPIC_STEP","","SKYWAVE_PHASE_4_5","-8.0","10:10:26","","c98bd023-0ea9-4200-a4d8-104c283e102f","","","","Great, thank you!","TOPIC_STEP","You are welcome. Is there anything else I can help with?","","","","-8.0","10:10:24","ef6c6ebe-a2fd-4a32-a8f8-3d21c1f6377f"
"965c75e3-a17d-4e73-a712-cd888a3d63d1","TOPIC_STEP","","SKYWAVE_PHASE_4_5","-9.0","19:41:02","","2bd0778b-18f3-47b2-af4b-66998b620f72","","","","Can I move from 23B to an aisle seat?","TOPIC_STEP","I could not update your seat assignment. Please contact a service agent.","","","","-9.0","19:41:00","b003de3e-396a-468e-a007-3ea7f8573bc7"
"965c75e3-a17d-4e73-a712-cd888a3d63d1","LLM_STEP","","SKYWAVE_PHASE_4_5","-9.0","19:41:04","","1ff5f950-e502-4f79-af70-9da3a9719d17","","","","Can I move from 23B to an aisle seat?","LLM_STEP","I could not update your seat assignment. Please contact a service agent.","","","2bd0778b-18f3-47b2-af4b-66998b620f72","-9.0","19:41:02","b003de3e-396a-468e-a007-3ea7f8573bc7"
"0c03eecb-d536-4542-a05d-cc2f0e199026","TOPIC_STEP","","SKYWAVE_PHASE_4_5","-9.0","19:42:57","","134903f4-6cb4-4da6-a710-4d95744fa650","","","","This still is not working, I am frustrated.","TOPIC_STEP","I am sorry for the inconvenience. I was unable to resolve this for you.","","","","-9.0","19:42:55","a29bb24c-ad40-441a-ac23-003596182527"
"da40c736-4e89-4f9c-a319-fd253d563efd","TOPIC_STEP","","SKYWAVE_PHASE_4_5","-4.0","10:19:02","","61cb42b2-45ef-4fec-a2bd-535093fcb2f5","","","","Find flights from JFK to HND tomorrow","TOPIC_STEP","I found 4 flights for that route. The cheapest is SW1200 at 1pm for $1,280.","","","","-4.0","10:19:00","f13eaec4-d5c4-4468-ad92-0d9a54985164"
"da40c736-4e89-4f9c-a319-fd253d563efd","LLM_STEP","","SKYWAVE_PHASE_4_5","-4.0","10:19:04","","18bb4281-e430-4c20-aa33-d6db5c8a2d32","","","","Find flights from JFK to HND tomorrow","LLM_STEP","I found 4 flights for that route. The cheapest is SW1200 at 1pm for $1,280.","","","61cb42b2-45ef-4fec-a2bd-535093fcb2f5","-4.0","10:19:02","f13eaec4-d5c4-4468-ad92-0d9a54985164"
"1686a20d-8761-457a-aa96-5a903bfc3616","TOPIC_STEP","","SKYWAVE_PHASE_4_5","-4.0","10:19:56","","91e2cdd1-4c59-4327-a019-c853f67cead6","","","","Great, thank you!","TOPIC_STEP","You are welcome. Is there anything else I can help with?","","","","-4.0","10:19:54","4889fe66-80d6-4afd-aee2-bc42d9987257"
"c0b0ed84-fd2d-4745-a4e4-267f992f5172","TOPIC_STEP","","SKYWAVE_PHASE_4_5","-4.0","10:20:25","","81ca955e-02c3-4e2a-a865-8d9afd61879a","","","","My in-flight wifi did not work, I want a refund","TOPIC_STEP","I have logged your complaint as case 00012346. A refund will be processed.","","","","-4.0","10:20:23","d2a7847f-0b16-4528-aab4-31173e18af5b"
"c0b0ed84-fd2d-4745-a4e4-267f992f5172","LLM_STEP","","SKYWAVE_PHASE_4_5","-4.0","10:20:27","","22351cd9-b181-4806-a550-fdd445eff685","","","","My in-flight wifi did not work, I want a refund","LLM_STEP","I have logged your complaint as case 00012346. A refund will be processed.","","","81ca955e-02c3-4e2a-a865-8d9afd61879a","-4.0","10:20:25","d2a7847f-0b16-4528-aab4-31173e18af5b"
"408e5e04-98da-4b23-a930-e2889a2f89ba","TOPIC_STEP","","SKYWAVE_PHASE_4_5","-4.0","10:20:53","","5fa7d59b-386c-4dee-ad03-cb587ebbb955","","","","Okay.","TOPIC_STEP","Understood. Anything else I can help with?","","","","-4.0","10:20:51","b4cd9c1f-173d-4078-a403-96f01b60a4d2"
"bd63f948-dd4a-43a1-a2fb-675e900751e9","TOPIC_STEP","","SKYWAVE_PHASE_4_5","-13.0","15:09:02","","b16689c4-d640-48a3-a506-f974ebf52f81","","","","Please correct my last name on booking ABC123","TOPIC_STEP","I have updated the passenger name on booking ABC123. A confirmation has been sent.","","","","-13.0","15:09:00","4a5d99f5-fc6b-4fe2-a51d-fac0431a90be"
"bd63f948-dd4a-43a1-a2fb-675e900751e9","LLM_STEP","","SKYWAVE_PHASE_4_5","-13.0","15:09:04","","561364ad-2dff-41f4-a559-cddfb2b63e58","","","","Please correct my last name on booking ABC123","LLM_STEP","I have updated the passenger name on booking ABC123. A confirmation has been sent.","","","b16689c4-d640-48a3-a506-f974ebf52f81","-13.0","15:09:02","4a5d99f5-fc6b-4fe2-a51d-fac0431a90be"
"31593693-6dd2-4c87-a751-595bad0217d3","TOPIC_STEP","","SKYWAVE_PHASE_4_5","-13.0","15:09:37","","ff3ec392-8c16-44f3-a27c-8cbfd9ae631a","","","","Great, thank you!","TOPIC_STEP","You are welcome. Is there anything else I can help with?","","","","-13.0","15:09:35","c454d973-6a7d-40d3-a501-19ebe80d9363"
"b824a458-ba6e-4f82-a15f-48773ad3609d","TOPIC_STEP","","SKYWAVE_PHASE_4_5","-14.0","19:26:02","","35ba6ead-aa74-478f-a907-27af3368447f","","","","What is my tier status?","TOPIC_STEP","You are Gold tier with 14,200 qualifying points this year.","","","","-14.0","19:26:00","befef541-91e2-460c-a0e2-e67e9bbdc15c"
"b824a458-ba6e-4f82-a15f-48773ad3609d","LLM_STEP","","SKYWAVE_PHASE_4_5","-14.0","19:26:04","","6db72ac9-e85c-422c-ad14-a01148e10c33","","","","What is my tier status?","LLM_STEP","You are Gold tier with 14,200 qualifying points this year.","","","35ba6ead-aa74-478f-a907-27af3368447f","-14.0","19:26:02","befef541-91e2-460c-a0e2-e67e9bbdc15c"
"3c7750f5-045b-4aa4-a2de-96d57397b63d","TOPIC_STEP","","SKYWAVE_PHASE_4_5","-14.0","19:26:47","","c0328934-86b4-47d9-afc8-c77a5eda4ac0","","","","Great, thank you!","TOPIC_STEP","You are welcome. Is there anything else I can help with?","","","","-14.0","19:26:45","3bd17a36-ed94-41e7-a465-ba635cfb2ca9"
"85373c09-8de5-4f9f-ab01-2fdf7984717d","TOPIC_STEP","","SKYWAVE_PHASE_4_5","-10.0","13:24:02","","09dc6939-930f-41b3-a704-16a7d9ba09ff","","","","Whats the weather like in Tokyo?","TOPIC_STEP","I can only help with flight bookings and Skywave loyalty questions.","","","","-10.0","13:24:00","6740ab5e-3868-43b8-a152-565275d35392"
"85373c09-8de5-4f9f-ab01-2fdf7984717d","LLM_STEP","","SKYWAVE_PHASE_4_5","-10.0","13:24:04","","f7ee4d27-38d6-4105-af85-4a5bc0d680a5","","","","Whats the weather like in Tokyo?","LLM_STEP","I can only help with flight bookings and Skywave loyalty questions.","","","09dc6939-930f-41b3-a704-16a7d9ba09ff","-10.0","13:24:02","6740ab5e-3868-43b8-a152-565275d35392"
"a639dd82-5d58-4a8d-a23c-32baf4cd94a5","TOPIC_STEP","","SKYWAVE_PHASE_4_5","-10.0","13:25:08","","86fba81b-ba23-4793-a9c4-97147f56f113","","","","This still is not working, I am frustrated.","TOPIC_STEP","I am sorry for the inconvenience. I was unable to resolve this for you.","","","","-10.0","13:25:06","508df03b-3977-48d6-a26c-98eeac3d0e35"
"98ae1283-1de8-4c13-a750-5de8d7eedd11","TOPIC_STEP","","SKYWAVE_PHASE_4_5","-10.0","13:29:21","","3fca534b-31c7-4645-ac40-d463ad7619ae","","","","Show me my upcoming bookings","TOPIC_STEP","You have one upcoming booking — LH 1927 BER-MUC-SFO, confirmed.","","","","-10.0","13:29:19","72d973ec-4218-4a7e-a12c-77bba1126478"
"98ae1283-1de8-4c13-a750-5de8d7eedd11","LLM_STEP","","SKYWAVE_PHASE_4_5","-10.0","13:29:23","","4eba455c-8d77-43e0-a761-d8d8936400c5","","","","Show me my upcoming bookings","LLM_STEP","You have one upcoming booking — LH 1927 BER-MUC-SFO, confirmed.","","","3fca534b-31c7-4645-ac40-d463ad7619ae","-10.0","13:29:21","72d973ec-4218-4a7e-a12c-77bba1126478"
"de5d0fad-8a02-4d8f-ab46-3a45732b6a7f","TOPIC_STEP","","SKYWAVE_PHASE_4_5","-10.0","13:30:26","","1f17733e-c32d-46a6-a739-609aed5e86b0","","","","Great, thank you!","TOPIC_STEP","You are welcome. Is there anything else I can help with?","","","","-10.0","13:30:24","5f83304c-86e6-4079-aa8f-529d77f6d306"
"cb76e36b-0077-4bbe-ac1d-f2e0525ae167","TOPIC_STEP","","SKYWAVE_PHASE_4_5","-7.0","08:21:02","","9eaebe35-6380-4e8a-aa44-2709ebc210a0","","","","How many miles do I have?","TOPIC_STEP","You currently have 18,450 SkyWave miles. You are at Premier tier.","","","","-7.0","08:21:00","89521298-25bc-476d-a878-237df2bc44de"
"cb76e36b-0077-4bbe-ac1d-f2e0525ae167","LLM_STEP","","SKYWAVE_PHASE_4_5","-7.0","08:21:04","","6e7f23ec-d2ab-4610-acae-b65fd0e4245d","","","","How many miles do I have?","LLM_STEP","You currently have 18,450 SkyWave miles. You are at Premier tier.","","","9eaebe35-6380-4e8a-aa44-2709ebc210a0","-7.0","08:21:02","89521298-25bc-476d-a878-237df2bc44de"
"2b9a7e69-d430-4b64-a20c-d8312a3d3e37","TOPIC_STEP","","SKYWAVE_PHASE_4_5","-7.0","08:24:43","","ae6d846c-ed5b-4489-a4f3-b413e4f3f86d","","","","Great, thank you!","TOPIC_STEP","You are welcome. Is there anything else I can help with?","","","","-7.0","08:24:41","4763cfc0-6bac-4f5e-aaae-33356df701cf"
"683e199d-5567-4c01-aabd-7c626a119e17","TOPIC_STEP","","SKYWAVE_PHASE_4_5","-3.0","10:08:02","","74e509ba-ee93-46be-abb1-018696712ef9","","","","I want to select seat 1A for my flight","TOPIC_STEP","I was unable to retrieve the seat map automatically and could not assign the seat.","","","","-3.0","10:08:00","0a52727a-3221-4823-a269-e23d20fbeaad"
"683e199d-5567-4c01-aabd-7c626a119e17","LLM_STEP","","SKYWAVE_PHASE_4_5","-3.0","10:08:04","","e1a616fe-43c7-4c57-a29e-52527e9fec48","","","","I want to select seat 1A for my flight","LLM_STEP","I was unable to retrieve the seat map automatically and could not assign the seat.","","","74e509ba-ee93-46be-abb1-018696712ef9","-3.0","10:08:02","0a52727a-3221-4823-a269-e23d20fbeaad"
"a588ef78-318b-48a4-a2d7-cacffa8093f3","TOPIC_STEP","","SKYWAVE_PHASE_4_5","-3.0","10:08:27","","3ceb441d-db98-44ae-ad85-07ef3d718fe5","","","","This still is not working, I am frustrated.","TOPIC_STEP","I am sorry for the inconvenience. I was unable to resolve this for you.","","","","-3.0","10:08:25","5799477a-9725-40fd-aa0e-ccee2756a814"
"a593a7c3-cc0e-48e8-a344-2a1e6c4a9ee2","TOPIC_STEP","","SKYWAVE_PHASE_4_5","-7.0","10:45:02","","eb330c7d-6036-4d5d-a440-71185c197713","","","","How many miles do I have?","TOPIC_STEP","You currently have 18,450 SkyWave miles. You are at Premier tier.","","","","-7.0","10:45:00","71fcd2dc-9c4d-4146-a955-1c22582dd2de"
"a593a7c3-cc0e-48e8-a344-2a1e6c4a9ee2","LLM_STEP","","SKYWAVE_PHASE_4_5","-7.0","10:45:04","","88ffc977-c04e-4ce4-ad61-819f10d6dc9c","","","","How many miles do I have?","LLM_STEP","You currently have 18,450 SkyWave miles. You are at Premier tier.","","","eb330c7d-6036-4d5d-a440-71185c197713","-7.0","10:45:02","71fcd2dc-9c4d-4146-a955-1c22582dd2de"
"72a689b4-641e-4625-a1a2-321d5364a90d","TOPIC_STEP","","SKYWAVE_PHASE_4_5","-7.0","10:46:08","","6b02dff8-4f16-4309-a75e-7cc7d610907b","","","","Great, thank you!","TOPIC_STEP","You are welcome. Is there anything else I can help with?","","","","-7.0","10:46:06","dbc81e2b-1b26-4a7f-a66b-040916cdec56"
"ca758cd8-2a3a-4192-a9ad-8239039ae66b","TOPIC_STEP","","SKYWAVE_PHASE_4_5","-1.0","18:47:02","","942d87a8-3e49-4555-a89a-a0b9b8a2f20a","","","","Whats the weather like in Tokyo?","TOPIC_STEP","I can only help with flight bookings and Skywave loyalty questions.","","","","-1.0","18:47:00","98316166-0183-4182-a5e4-8cd7c78ca8e3"
"ca758cd8-2a3a-4192-a9ad-8239039ae66b","LLM_STEP","","SKYWAVE_PHASE_4_5","-1.0","18:47:04","","06eb316d-6bed-404b-a5c9-7394832917e2","","","","Whats the weather like in Tokyo?","LLM_STEP","I can only help with flight bookings and Skywave loyalty questions.","","","942d87a8-3e49-4555-a89a-a0b9b8a2f20a","-1.0","18:47:02","98316166-0183-4182-a5e4-8cd7c78ca8e3"
"9621b173-fdaa-461c-a5c3-944c34dbb6ed","TOPIC_STEP","","SKYWAVE_PHASE_4_5","-1.0","18:47:57","","55b0d61b-951c-45d0-a412-8e437c47d315","","","","This still is not working, I am frustrated.","TOPIC_STEP","I am sorry for the inconvenience. I was unable to resolve this for you.","","","","-1.0","18:47:55","f1bc8f33-8179-44e1-ae50-fbc656dc68bd"
"aa068671-9e9b-43d2-a66b-8f7fcb77e1a1","TOPIC_STEP","","SKYWAVE_PHASE_4_5","-6.0","11:43:02","","8d983f2f-d686-43b8-a958-22ee4b7eb870","","","","Can I move from 23B to an aisle seat?","TOPIC_STEP","I could not update your seat assignment. Please contact a service agent.","","","","-6.0","11:43:00","cc3cd7b2-f31a-4f77-afef-5601a292f789"
"aa068671-9e9b-43d2-a66b-8f7fcb77e1a1","LLM_STEP","","SKYWAVE_PHASE_4_5","-6.0","11:43:04","","26fc20ad-decc-4f74-a8af-8b4110ba0b10","","","","Can I move from 23B to an aisle seat?","LLM_STEP","I could not update your seat assignment. Please contact a service agent.","","","8d983f2f-d686-43b8-a958-22ee4b7eb870","-6.0","11:43:02","cc3cd7b2-f31a-4f77-afef-5601a292f789"
"0cda9a48-5014-4fbf-a980-28a2242dcbd3","TOPIC_STEP","","SKYWAVE_PHASE_4_5","-6.0","11:44:09","","7663d4b7-b82f-452a-a3f4-fcc3c800eaa4","","","","This still is not working, I am frustrated.","TOPIC_STEP","I am sorry for the inconvenience. I was unable to resolve this for you.","","","","-6.0","11:44:07","275dc439-8f11-4976-a11e-e37c503459ab"
"830b6bb8-f2f7-4539-a0ed-d99e878521bc","TOPIC_STEP","","SKYWAVE_PHASE_4_5","-6.0","11:44:42","","3f6a0985-3433-4b06-a819-bd76320453af","","","","Show me my upcoming bookings","TOPIC_STEP","You have one upcoming booking — LH 1927 BER-MUC-SFO, confirmed.","","","","-6.0","11:44:40","c9857e3b-525c-4db3-a521-0611de6810f7"
"830b6bb8-f2f7-4539-a0ed-d99e878521bc","LLM_STEP","","SKYWAVE_PHASE_4_5","-6.0","11:44:44","","e45c9b10-bed7-42e0-adf1-39a1ae33c43b","","","","Show me my upcoming bookings","LLM_STEP","You have one upcoming booking — LH 1927 BER-MUC-SFO, confirmed.","","","3f6a0985-3433-4b06-a819-bd76320453af","-6.0","11:44:42","c9857e3b-525c-4db3-a521-0611de6810f7"
"c3071580-d2ef-4ff1-aa1e-2ed70f252d2b","TOPIC_STEP","","SKYWAVE_PHASE_4_5","-6.0","11:45:36","","e4443a12-c483-4fb3-a1a1-ea01e12001a6","","","","Great, thank you!","TOPIC_STEP","You are welcome. Is there anything else I can help with?","","","","-6.0","11:45:34","411c72e1-89de-4d5e-a826-81f0a9e5ad77"
"dab349e1-4f55-4301-a95b-b2d3e6446a10","TOPIC_STEP","","SKYWAVE_PHASE_4_5","-3.0","14:55:02","","dd957160-8306-4940-a5db-02e4e10ef4c8","","","","Show me my upcoming bookings","TOPIC_STEP","You have one upcoming booking — LH 1927 BER-MUC-SFO, confirmed.","","","","-3.0","14:55:00","ae0374ce-a45a-4508-a513-d8d3e4f18ffc"
"dab349e1-4f55-4301-a95b-b2d3e6446a10","LLM_STEP","","SKYWAVE_PHASE_4_5","-3.0","14:55:04","","9abbbc19-4a16-4985-a13d-b6248b7b71d7","","","","Show me my upcoming bookings","LLM_STEP","You have one upcoming booking — LH 1927 BER-MUC-SFO, confirmed.","","","dd957160-8306-4940-a5db-02e4e10ef4c8","-3.0","14:55:02","ae0374ce-a45a-4508-a513-d8d3e4f18ffc"
"c8185f44-cc36-4b27-a04f-2f7dc04c342d","TOPIC_STEP","","SKYWAVE_PHASE_4_5","-3.0","14:55:47","","19c7ecfa-e6f9-42f0-a1b4-4000241635a8","","","","Great, thank you!","TOPIC_STEP","You are welcome. Is there anything else I can help with?","","","","-3.0","14:55:45","ef1bd20e-48ad-4558-a884-c918542f8af3"
"b2d27b14-7a61-4506-a639-bdaaf0075459","TOPIC_STEP","","SKYWAVE_PHASE_4_5","-3.0","13:02:02","","d91dbb53-52ba-41bb-afd1-36d331d05a9c","","","","I want to select seat 1A for my flight","TOPIC_STEP","I was unable to retrieve the seat map automatically and could not assign the seat.","","","","-3.0","13:02:00","f4637380-94d4-402d-a211-162bff3bfde7"
"b2d27b14-7a61-4506-a639-bdaaf0075459","LLM_STEP","","SKYWAVE_PHASE_4_5","-3.0","13:02:04","","7be2d2d4-2106-4048-a7b0-1206010bb25b","","","","I want to select seat 1A for my flight","LLM_STEP","I was unable to retrieve the seat map automatically and could not assign the seat.","","","d91dbb53-52ba-41bb-afd1-36d331d05a9c","-3.0","13:02:02","f4637380-94d4-402d-a211-162bff3bfde7"
"38cca61f-3229-4754-aef5-e4897f715e48","TOPIC_STEP","","SKYWAVE_PHASE_4_5","-3.0","13:05:10","","a328a4c6-6c01-41e4-a2bf-09265537955d","","","","This still is not working, I am frustrated.","TOPIC_STEP","I am sorry for the inconvenience. I was unable to resolve this for you.","","","","-3.0","13:05:08","fd94d247-9a12-4521-a6e7-fd07379529e1"
"b795def3-e540-4e4f-aa1a-78971021c7e5","TOPIC_STEP","","SKYWAVE_PHASE_4_5","-14.0","12:06:02","","c733896a-1785-4dbd-a80d-9936c0ad25cf","","","","How many miles do I have?","TOPIC_STEP","You currently have 18,450 SkyWave miles. You are at Premier tier.","","","","-14.0","12:06:00","eefa949e-75df-467e-ada6-db240a12e873"
"b795def3-e540-4e4f-aa1a-78971021c7e5","LLM_STEP","","SKYWAVE_PHASE_4_5","-14.0","12:06:04","","7d8b2ebf-1e8e-4eb4-a3b1-0d3847b99b31","","","","How many miles do I have?","LLM_STEP","You currently have 18,450 SkyWave miles. You are at Premier tier.","","","c733896a-1785-4dbd-a80d-9936c0ad25cf","-14.0","12:06:02","eefa949e-75df-467e-ada6-db240a12e873"
"34e13354-f905-4834-a47a-0116ad0b58e1","TOPIC_STEP","","SKYWAVE_PHASE_4_5","-14.0","12:06:26","","7c861a7c-d6db-47f9-a5e9-defe31970d2a","","","","Great, thank you!","TOPIC_STEP","You are welcome. Is there anything else I can help with?","","","","-14.0","12:06:24","f6c345a1-c24a-47cd-a00e-ff070f82d27c"
"73ce9a98-d70f-4197-a250-08ead83cab3e","TOPIC_STEP","","SKYWAVE_PHASE_4_5","-2.0","12:36:02","","429844e9-9267-48b5-a6a4-12ee35a12a6a","","","","I want to select seat 1A for my flight","TOPIC_STEP","I was unable to retrieve the seat map automatically and could not assign the seat.","","","","-2.0","12:36:00","691f6b10-3373-4b52-a0ec-b087708e49bf"
"73ce9a98-d70f-4197-a250-08ead83cab3e","LLM_STEP","","SKYWAVE_PHASE_4_5","-2.0","12:36:04","","6b2b51a5-bfac-4f05-a657-f9b3f3158394","","","","I want to select seat 1A for my flight","LLM_STEP","I was unable to retrieve the seat map automatically and could not assign the seat.","","","429844e9-9267-48b5-a6a4-12ee35a12a6a","-2.0","12:36:02","691f6b10-3373-4b52-a0ec-b087708e49bf"
"979bce1d-19ae-44ca-ae1e-9c08169b0d77","TOPIC_STEP","","SKYWAVE_PHASE_4_5","-2.0","12:39:24","","dd72e16a-7abb-4f0d-a39b-d08e654494a5","","","","This still is not working, I am frustrated.","TOPIC_STEP","I am sorry for the inconvenience. I was unable to resolve this for you.","","","","-2.0","12:39:22","63010bc4-e75d-4952-af0e-005793cd934c"
"943529ef-2de1-4259-abcf-a252c728b902","TOPIC_STEP","","SKYWAVE_PHASE_4_5","-2.0","12:40:09","","2c817e40-96ed-40d6-a987-1a6e7652e6d7","","","","How many miles do I have?","TOPIC_STEP","You currently have 18,450 SkyWave miles. You are at Premier tier.","","","","-2.0","12:40:07","6e48d1bf-25e1-418f-a23c-19854cc8f2b1"
"943529ef-2de1-4259-abcf-a252c728b902","LLM_STEP","","SKYWAVE_PHASE_4_5","-2.0","12:40:11","","150af7a8-3432-40e7-acbf-45189695c544","","","","How many miles do I have?","LLM_STEP","You currently have 18,450 SkyWave miles. You are at Premier tier.","","","2c817e40-96ed-40d6-a987-1a6e7652e6d7","-2.0","12:40:09","6e48d1bf-25e1-418f-a23c-19854cc8f2b1"
"8f579115-380a-4e13-a94b-fa718d848ae8","TOPIC_STEP","","SKYWAVE_PHASE_4_5","-2.0","12:41:15","","91bae60e-9298-4fa1-a01b-b30f0c53b0f8","","","","Great, thank you!","TOPIC_STEP","You are welcome. Is there anything else I can help with?","","","","-2.0","12:41:13","3027eab5-55cd-4cde-aeb0-3d457d9ab443"
"749e5e55-2720-48b9-a873-5ebae44158c3","TOPIC_STEP","","SKYWAVE_PHASE_4_5","-11.0","16:49:02","","73e30bba-49a9-4495-a523-b113d37ce39b","","","","What is my tier status?","TOPIC_STEP","You are Gold tier with 14,200 qualifying points this year.","","","","-11.0","16:49:00","4f4bbe9a-ae7c-44fa-ac7b-c2c974ea75c2"
"749e5e55-2720-48b9-a873-5ebae44158c3","LLM_STEP","","SKYWAVE_PHASE_4_5","-11.0","16:49:04","","dffbefbe-cdd9-4814-ac12-49f7ccee0eda","","","","What is my tier status?","LLM_STEP","You are Gold tier with 14,200 qualifying points this year.","","","73e30bba-49a9-4495-a523-b113d37ce39b","-11.0","16:49:02","4f4bbe9a-ae7c-44fa-ac7b-c2c974ea75c2"
"55aa05e3-7986-4e74-a58c-cba7cf691930","TOPIC_STEP","","SKYWAVE_PHASE_4_5","-11.0","16:50:14","","0f60c6bd-78aa-4cb1-a5fa-cc5b814d9cb1","","","","Great, thank you!","TOPIC_STEP","You are welcome. Is there anything else I can help with?","","","","-11.0","16:50:12","e91ebd6d-06a0-43e8-a08a-8513114068e9"
"015b24d2-d8d4-4b2c-ad9d-4964dcb4a4ba","TOPIC_STEP","","SKYWAVE_PHASE_4_5","-11.0","16:53:06","","498b7a76-28d1-4b04-a76e-90c6514033a6","","","","Tell me a joke","TOPIC_STEP","I am a Skywave booking assistant. How can I help with your travel?","","","","-11.0","16:53:04","282d9ae6-bc18-4838-a1f3-724feea75356"
"015b24d2-d8d4-4b2c-ad9d-4964dcb4a4ba","LLM_STEP","","SKYWAVE_PHASE_4_5","-11.0","16:53:08","","235c6847-809e-4878-a32a-2c9459909386","","","","Tell me a joke","LLM_STEP","I am a Skywave booking assistant. How can I help with your travel?","","","498b7a76-28d1-4b04-a76e-90c6514033a6","-11.0","16:53:06","282d9ae6-bc18-4838-a1f3-724feea75356"
"759940c1-09a3-470e-a497-5b024f3874db","TOPIC_STEP","","SKYWAVE_PHASE_4_5","-11.0","16:54:11","","c62cabd3-b475-4308-a90c-07e55b61e311","","","","Okay.","TOPIC_STEP","Understood. Anything else I can help with?","","","","-11.0","16:54:09","a192439b-2bcf-4731-a050-90a53511fcd8"
"b17eaf02-e993-4674-a964-34f1ed444352","TOPIC_STEP","","SKYWAVE_PHASE_4_5","-14.0","17:34:02","","750032fc-0bab-493b-afad-d5f8de108c43","","","","Can I move from 23B to an aisle seat?","TOPIC_STEP","I could not update your seat assignment. Please contact a service agent.","","","","-14.0","17:34:00","dfa2836c-fd57-4041-a47d-7c05f86ce9e8"
"b17eaf02-e993-4674-a964-34f1ed444352","LLM_STEP","","SKYWAVE_PHASE_4_5","-14.0","17:34:04","","c9eba164-f056-4d57-ae80-14e5b9c7c9fe","","","","Can I move from 23B to an aisle seat?","LLM_STEP","I could not update your seat assignment. Please contact a service agent.","","","750032fc-0bab-493b-afad-d5f8de108c43","-14.0","17:34:02","dfa2836c-fd57-4041-a47d-7c05f86ce9e8"
"3a3e5a4a-71a7-4235-a784-0f0e0aa0556b","TOPIC_STEP","","SKYWAVE_PHASE_4_5","-14.0","17:34:50","","62dc0501-585a-4e9f-a965-81edccbf849f","","","","This still is not working, I am frustrated.","TOPIC_STEP","I am sorry for the inconvenience. I was unable to resolve this for you.","","","","-14.0","17:34:48","33c6c2a0-cbff-4854-ac13-5fef24f323a9"
"430f8b23-5687-4267-adaf-7065b3b5ae2c","TOPIC_STEP","","SKYWAVE_PHASE_4_5","-11.0","08:19:02","","f35b81cf-ab46-4ad6-a3d0-50674eb9517a","","","","How many miles do I have?","TOPIC_STEP","You currently have 18,450 SkyWave miles. You are at Premier tier.","","","","-11.0","08:19:00","666d54de-8835-4abc-a7d1-3f7b800888d7"
"430f8b23-5687-4267-adaf-7065b3b5ae2c","LLM_STEP","","SKYWAVE_PHASE_4_5","-11.0","08:19:04","","08294c31-687c-4d81-af73-c5b8b402bccd","","","","How many miles do I have?","LLM_STEP","You currently have 18,450 SkyWave miles. You are at Premier tier.","","","f35b81cf-ab46-4ad6-a3d0-50674eb9517a","-11.0","08:19:02","666d54de-8835-4abc-a7d1-3f7b800888d7"
"1ecb41a9-6ce6-4c87-a08f-9f1b0d265a6d","TOPIC_STEP","","SKYWAVE_PHASE_4_5","-11.0","08:20:15","","60d42f83-e3df-44e2-a5de-587d98d221ab","","","","Great, thank you!","TOPIC_STEP","You are welcome. Is there anything else I can help with?","","","","-11.0","08:20:13","bdc0b0ac-a8ef-4203-a351-d637d87fb075"
"c1933881-e451-42f0-a230-904b5bcd578f","TOPIC_STEP","","SKYWAVE_PHASE_4_5","-10.0","17:05:02","","ef822d8f-2747-4af2-a5f2-2300ab8206ac","","","","What is my tier status?","TOPIC_STEP","You are Gold tier with 14,200 qualifying points this year.","","","","-10.0","17:05:00","b2328747-5340-4929-a373-5a66e073f7c4"
"c1933881-e451-42f0-a230-904b5bcd578f","LLM_STEP","","SKYWAVE_PHASE_4_5","-10.0","17:05:04","","a5e5f7d1-1bbe-4e04-ae7b-0c71a32b64ea","","","","What is my tier status?","LLM_STEP","You are Gold tier with 14,200 qualifying points this year.","","","ef822d8f-2747-4af2-a5f2-2300ab8206ac","-10.0","17:05:02","b2328747-5340-4929-a373-5a66e073f7c4"
"cb62c195-1331-40c1-a508-69eb3b8d7ec6","TOPIC_STEP","","SKYWAVE_PHASE_4_5","-10.0","17:06:14","","0e0c8fa2-6ad1-4733-aac1-05a07ec1a4ea","","","","Great, thank you!","TOPIC_STEP","You are welcome. Is there anything else I can help with?","","","","-10.0","17:06:12","c08f83d2-fb85-4bd1-a6ed-aa1f80f0afe4"
"7aab2c59-8365-4f9e-a754-2f106379dec2","TOPIC_STEP","","SKYWAVE_PHASE_4_5","-10.0","17:06:38","","067de02c-3f61-4259-a7d9-9f4b2f740faf","","","","Cancel my booking ABC123","TOPIC_STEP","I have cancelled booking ABC123. A refund of $480 will be issued.","","","","-10.0","17:06:36","fb27dcc5-8e7a-430e-aca8-b187203e0cd2"
"7aab2c59-8365-4f9e-a754-2f106379dec2","LLM_STEP","","SKYWAVE_PHASE_4_5","-10.0","17:06:40","","b7fec841-dec3-4d7b-a221-8dba5e8525cf","","","","Cancel my booking ABC123","LLM_STEP","I have cancelled booking ABC123. A refund of $480 will be issued.","","","067de02c-3f61-4259-a7d9-9f4b2f740faf","-10.0","17:06:38","fb27dcc5-8e7a-430e-aca8-b187203e0cd2"
"e60ad8ff-7b27-4c1f-ae65-cd99cae2e1e8","TOPIC_STEP","","SKYWAVE_PHASE_4_5","-10.0","17:11:24","","9990f7cb-37a6-4eb9-a3ee-3a56268e96ea","","","","Great, thank you!","TOPIC_STEP","You are welcome. Is there anything else I can help with?","","","","-10.0","17:11:22","5e1a63d7-1a1b-4c2b-a975-71cc70708702"
"e712df2d-3833-45d4-a48e-84bf067e7ab9","TOPIC_STEP","","SKYWAVE_PHASE_4_5","-14.0","11:06:02","","fca22367-0b7a-4148-a532-608d597152aa","","","","Show me my upcoming bookings","TOPIC_STEP","You have one upcoming booking — LH 1927 BER-MUC-SFO, confirmed.","","","","-14.0","11:06:00","7a209957-aefb-4b7a-af8e-0bdb4d62f974"
"e712df2d-3833-45d4-a48e-84bf067e7ab9","LLM_STEP","","SKYWAVE_PHASE_4_5","-14.0","11:06:04","","992eee55-0e2f-4b38-a3e9-9d52a1970f43","","","","Show me my upcoming bookings","LLM_STEP","You have one upcoming booking — LH 1927 BER-MUC-SFO, confirmed.","","","fca22367-0b7a-4148-a532-608d597152aa","-14.0","11:06:02","7a209957-aefb-4b7a-af8e-0bdb4d62f974"
"bd79972e-190d-4953-a09b-8ed3b549a3de","TOPIC_STEP","","SKYWAVE_PHASE_4_5","-14.0","11:06:22","","c3990574-9800-4826-ad1d-c2aa5e097c86","","","","Great, thank you!","TOPIC_STEP","You are welcome. Is there anything else I can help with?","","","","-14.0","11:06:20","e1625f22-fb73-4b6b-a27c-722c56f1c802"
"8aed026b-5515-4e62-aa5d-08d4a298c5ef","TOPIC_STEP","","SKYWAVE_PHASE_4_5","-14.0","11:06:50","","a2e1436a-fb92-4b3e-a03c-453c5297f20a","","","","Find flights from JFK to HND tomorrow","TOPIC_STEP","I found 4 flights for that route. The cheapest is SW1200 at 1pm for $1,280.","","","","-14.0","11:06:48","75065da8-7347-4cc1-acd5-cea7a9417e9a"
"8aed026b-5515-4e62-aa5d-08d4a298c5ef","LLM_STEP","","SKYWAVE_PHASE_4_5","-14.0","11:06:52","","54838d12-0120-4d05-a07c-a5631440694a","","","","Find flights from JFK to HND tomorrow","LLM_STEP","I found 4 flights for that route. The cheapest is SW1200 at 1pm for $1,280.","","","a2e1436a-fb92-4b3e-a03c-453c5297f20a","-14.0","11:06:50","75065da8-7347-4cc1-acd5-cea7a9417e9a"
"0c6b8ca0-cb3e-4f01-abc6-50d8959e0b8b","TOPIC_STEP","","SKYWAVE_PHASE_4_5","-14.0","11:07:25","","f6662a2f-fa31-431d-afc1-9209ea590c03","","","","Great, thank you!","TOPIC_STEP","You are welcome. Is there anything else I can help with?","","","","-14.0","11:07:23","1d9b1325-0055-45f4-a692-8bca25a6dd9f"
"f46af958-bb74-4ca1-ad3f-bd0f6080451b","TOPIC_STEP","","SKYWAVE_PHASE_4_5","-14.0","11:11:39","","436c42da-5c9f-4f39-a035-78be13b2ad26","","","","My first name is misspelled on my ticket","TOPIC_STEP","I have corrected the spelling on your ticket. Please review the updated itinerary.","","","","-14.0","11:11:37","d3389580-465d-4722-a658-35e5bf472b28"
"f46af958-bb74-4ca1-ad3f-bd0f6080451b","LLM_STEP","","SKYWAVE_PHASE_4_5","-14.0","11:11:41","","b23361fb-88f6-4c43-ac28-d307ddb526c6","","","","My first name is misspelled on my ticket","LLM_STEP","I have corrected the spelling on your ticket. Please review the updated itinerary.","","","436c42da-5c9f-4f39-a035-78be13b2ad26","-14.0","11:11:39","d3389580-465d-4722-a658-35e5bf472b28"
"788b44bb-02a2-4bfa-a1cb-4ba21a65f6c1","TOPIC_STEP","","SKYWAVE_PHASE_4_5","-14.0","11:15:26","","f8f28d3b-5211-48ad-aca1-d7ee813d1ef9","","","","Great, thank you!","TOPIC_STEP","You are welcome. Is there anything else I can help with?","","","","-14.0","11:15:24","723c0edd-612f-4721-af8b-b9452601e424"
"356db4f4-4c67-47b8-a0ba-536ba0dcaca4","TOPIC_STEP","","SKYWAVE_PHASE_4_5","-10.0","17:34:02","","751df42b-afbd-44ef-a1c9-c3f471caeaa6","","","","I want to select seat 1A for my flight","TOPIC_STEP","I was unable to retrieve the seat map automatically and could not assign the seat.","","","","-10.0","17:34:00","c63a3c3f-596d-4465-a8c1-c5515bb0c047"
"356db4f4-4c67-47b8-a0ba-536ba0dcaca4","LLM_STEP","","SKYWAVE_PHASE_4_5","-10.0","17:34:04","","d5affd1b-5c7d-44a0-a8d8-dbd11b7944c5","","","","I want to select seat 1A for my flight","LLM_STEP","I was unable to retrieve the seat map automatically and could not assign the seat.","","","751df42b-afbd-44ef-a1c9-c3f471caeaa6","-10.0","17:34:02","c63a3c3f-596d-4465-a8c1-c5515bb0c047"
"71f60be7-84fa-4970-adb1-4c33b772f8ce","TOPIC_STEP","","SKYWAVE_PHASE_4_5","-10.0","17:35:13","","35274482-bf27-4599-afdb-1b2d1b9f2674","","","","This still is not working, I am frustrated.","TOPIC_STEP","I am sorry for the inconvenience. I was unable to resolve this for you.","","","","-10.0","17:35:11","db6ab0e9-e7e1-465e-aca6-5379f3b1182b"
"23f1e2bb-7669-42bb-a175-9d9fb80a6a00","TOPIC_STEP","","SKYWAVE_PHASE_4_5","-10.0","17:36:10","","31550a0e-d59f-4b6c-a63a-a8d02606f19b","","","","My first name is misspelled on my ticket","TOPIC_STEP","I have corrected the spelling on your ticket. Please review the updated itinerary.","","","","-10.0","17:36:08","d34537ff-7048-473e-a9b9-19ed90657247"
"23f1e2bb-7669-42bb-a175-9d9fb80a6a00","LLM_STEP","","SKYWAVE_PHASE_4_5","-10.0","17:36:12","","d2e86959-d04a-48c4-a1f6-395857fef1d4","","","","My first name is misspelled on my ticket","LLM_STEP","I have corrected the spelling on your ticket. Please review the updated itinerary.","","","31550a0e-d59f-4b6c-a63a-a8d02606f19b","-10.0","17:36:10","d34537ff-7048-473e-a9b9-19ed90657247"
"47d29887-bf68-4576-a6b6-aa47dd2d0a8d","TOPIC_STEP","","SKYWAVE_PHASE_4_5","-10.0","17:36:57","","7c3b70cb-4444-41f3-a533-f94f3cd998d6","","","","Great, thank you!","TOPIC_STEP","You are welcome. Is there anything else I can help with?","","","","-10.0","17:36:55","211ae043-f046-4e75-ae89-21f43823edb4"
"459686e3-0011-479f-a874-ca77f17057a9","TOPIC_STEP","","SKYWAVE_PHASE_4_5","-3.0","13:19:02","","3d89d4a2-f905-4a4f-a512-2f6cac4b76cf","","","","I want to change my seat to a window seat","TOPIC_STEP","Sorry, I am unable to change your seat right now. Please try again later.","","","","-3.0","13:19:00","dca6f300-efd3-4e39-a643-c167b4b1ef3b"
"459686e3-0011-479f-a874-ca77f17057a9","LLM_STEP","","SKYWAVE_PHASE_4_5","-3.0","13:19:04","","784c92e6-e45a-4338-a9fc-53364500967f","","","","I want to change my seat to a window seat","LLM_STEP","Sorry, I am unable to change your seat right now. Please try again later.","","","3d89d4a2-f905-4a4f-a512-2f6cac4b76cf","-3.0","13:19:02","dca6f300-efd3-4e39-a643-c167b4b1ef3b"
"347af4b8-7453-41cf-aaae-bbf7db9b5f4c","TOPIC_STEP","","SKYWAVE_PHASE_4_5","-3.0","13:19:21","","86401f16-3d14-4d24-a445-caddbfe9a873","","","","This still is not working, I am frustrated.","TOPIC_STEP","I am sorry for the inconvenience. I was unable to resolve this for you.","","","","-3.0","13:19:19","3033f052-7e85-492d-ad44-b14433632295"
"f4762edf-a66f-450c-a7a8-07f79e8418a4","TOPIC_STEP","","SKYWAVE_PHASE_4_5","-9.0","17:12:02","","2974c63e-dc9e-42e2-ae4c-c2936a78a947","","","","Cancel my booking ABC123","TOPIC_STEP","I have cancelled booking ABC123. A refund of $480 will be issued.","","","","-9.0","17:12:00","acbfcaf2-34f9-495d-a399-7f3f382696df"
"f4762edf-a66f-450c-a7a8-07f79e8418a4","LLM_STEP","","SKYWAVE_PHASE_4_5","-9.0","17:12:04","","6c595e41-0d4b-4deb-acd2-918443bd7d77","","","","Cancel my booking ABC123","LLM_STEP","I have cancelled booking ABC123. A refund of $480 will be issued.","","","2974c63e-dc9e-42e2-ae4c-c2936a78a947","-9.0","17:12:02","acbfcaf2-34f9-495d-a399-7f3f382696df"
"c75df79b-2900-410a-aa9d-973fc358c2e2","TOPIC_STEP","","SKYWAVE_PHASE_4_5","-9.0","17:12:35","","b2ca004b-b336-4191-a332-456ee28668aa","","","","Great, thank you!","TOPIC_STEP","You are welcome. Is there anything else I can help with?","","","","-9.0","17:12:33","c07b37e2-78d8-4a16-aa74-f3646537a029"
"d267aae2-b792-4b8c-aae4-817497f292f3","TOPIC_STEP","","SKYWAVE_PHASE_4_5","-2.0","17:39:02","","dd37086d-d8d7-4017-a911-2dedff156281","","","","Cancel my booking ABC123","TOPIC_STEP","I have cancelled booking ABC123. A refund of $480 will be issued.","","","","-2.0","17:39:00","9baa0462-cc37-4513-a8f1-dafc3d8c2029"
"d267aae2-b792-4b8c-aae4-817497f292f3","LLM_STEP","","SKYWAVE_PHASE_4_5","-2.0","17:39:04","","4d555863-99ce-4893-a70d-bf6367d77bb5","","","","Cancel my booking ABC123","LLM_STEP","I have cancelled booking ABC123. A refund of $480 will be issued.","","","dd37086d-d8d7-4017-a911-2dedff156281","-2.0","17:39:02","9baa0462-cc37-4513-a8f1-dafc3d8c2029"
"59c5a0d7-1a3c-4633-a638-ff7a7af43a70","TOPIC_STEP","","SKYWAVE_PHASE_4_5","-2.0","17:42:09","","686a9e8d-aa4d-49fd-af30-406a8eca48b5","","","","Great, thank you!","TOPIC_STEP","You are welcome. Is there anything else I can help with?","","","","-2.0","17:42:07","e0384576-1600-4308-a32d-01a0a257ba69"
"f7e791a5-001e-4cc5-ae5a-d7284307902a","TOPIC_STEP","","SKYWAVE_PHASE_4_5","-2.0","17:44:21","","5880fe6f-bf54-44f0-a8af-9e6d1ded3a84","","","","Show me my upcoming bookings","TOPIC_STEP","You have one upcoming booking — LH 1927 BER-MUC-SFO, confirmed.","","","","-2.0","17:44:19","0307c3db-b5c3-404d-ad73-8a3278950a8f"
"f7e791a5-001e-4cc5-ae5a-d7284307902a","LLM_STEP","","SKYWAVE_PHASE_4_5","-2.0","17:44:23","","90f3e48e-e08e-4425-a44b-339931f87fb4","","","","Show me my upcoming bookings","LLM_STEP","You have one upcoming booking — LH 1927 BER-MUC-SFO, confirmed.","","","5880fe6f-bf54-44f0-a8af-9e6d1ded3a84","-2.0","17:44:21","0307c3db-b5c3-404d-ad73-8a3278950a8f"
"6553f2d0-6a5e-40b4-ae85-77fcf3fcb526","TOPIC_STEP","","SKYWAVE_PHASE_4_5","-2.0","17:44:47","","bd218def-4ebf-440b-aa6e-6e8fce157ff3","","","","Great, thank you!","TOPIC_STEP","You are welcome. Is there anything else I can help with?","","","","-2.0","17:44:45","da85ce54-b5d3-49d0-ad37-24fe2e708fdb"
"df15f878-a078-49f2-acfe-f7edcbf70717","TOPIC_STEP","","SKYWAVE_PHASE_4_5","-13.0","17:16:02","","e10db8c1-9012-49a4-a346-2debcbe16fda","","","","How many miles do I have?","TOPIC_STEP","You currently have 18,450 SkyWave miles. You are at Premier tier.","","","","-13.0","17:16:00","bb324d8f-c071-40eb-aa93-f83002d142cc"
"df15f878-a078-49f2-acfe-f7edcbf70717","LLM_STEP","","SKYWAVE_PHASE_4_5","-13.0","17:16:04","","0cce4134-ad79-4513-af1d-eed3e457131d","","","","How many miles do I have?","LLM_STEP","You currently have 18,450 SkyWave miles. You are at Premier tier.","","","e10db8c1-9012-49a4-a346-2debcbe16fda","-13.0","17:16:02","bb324d8f-c071-40eb-aa93-f83002d142cc"
"f4f69902-0634-46ed-afc0-b591e47974e8","TOPIC_STEP","","SKYWAVE_PHASE_4_5","-13.0","17:18:39","","e8c4830a-8e43-4932-af6c-8b8d6eb6cb4b","","","","Great, thank you!","TOPIC_STEP","You are welcome. Is there anything else I can help with?","","","","-13.0","17:18:37","9e3d1fe9-c585-43ea-ad9b-a9efe7933dba"
"895776ae-5eae-422a-a927-1cf26b1efec6","TOPIC_STEP","","SKYWAVE_PHASE_4_5","-13.0","17:19:39","","b2d821a5-9bc2-4287-af3e-02000b4c4ff9","","","","I want to change my seat to a window seat","TOPIC_STEP","Sorry, I am unable to change your seat right now. Please try again later.","","","","-13.0","17:19:37","8b3efac9-192a-4044-aff5-05cc35666332"
"895776ae-5eae-422a-a927-1cf26b1efec6","LLM_STEP","","SKYWAVE_PHASE_4_5","-13.0","17:19:41","","5eaaed0b-b38a-4011-ad39-66e9f3e697f7","","","","I want to change my seat to a window seat","LLM_STEP","Sorry, I am unable to change your seat right now. Please try again later.","","","b2d821a5-9bc2-4287-af3e-02000b4c4ff9","-13.0","17:19:39","8b3efac9-192a-4044-aff5-05cc35666332"
"4b86882c-20a6-4529-a2b2-1efcf0295e89","TOPIC_STEP","","SKYWAVE_PHASE_4_5","-13.0","17:22:53","","1694dd43-3a05-4866-a560-3f3452026943","","","","This still is not working, I am frustrated.","TOPIC_STEP","I am sorry for the inconvenience. I was unable to resolve this for you.","","","","-13.0","17:22:51","8428251c-a3b0-46d7-a7e5-46928a3c9ac2"
"8f78c8e3-9e1a-49ff-a4b1-bcbc8cd8f0a6","TOPIC_STEP","","SKYWAVE_PHASE_4_5","-2.0","08:50:02","","b6300987-8613-4000-a3d7-dea1a2fcc03c","","","","What is my tier status?","TOPIC_STEP","You are Gold tier with 14,200 qualifying points this year.","","","","-2.0","08:50:00","4e66f8ef-bc84-4cc7-a41d-4ce70839fdc6"
"8f78c8e3-9e1a-49ff-a4b1-bcbc8cd8f0a6","LLM_STEP","","SKYWAVE_PHASE_4_5","-2.0","08:50:04","","7573e298-7cbb-4e62-a786-8e15acdfcf2b","","","","What is my tier status?","LLM_STEP","You are Gold tier with 14,200 qualifying points this year.","","","b6300987-8613-4000-a3d7-dea1a2fcc03c","-2.0","08:50:02","4e66f8ef-bc84-4cc7-a41d-4ce70839fdc6"
"4a5aa5e9-672e-4ebb-a185-46b7087e3f8d","TOPIC_STEP","","SKYWAVE_PHASE_4_5","-2.0","08:50:36","","f3eaeebe-3cea-410b-a5b2-04a8878a3f9d","","","","Great, thank you!","TOPIC_STEP","You are welcome. Is there anything else I can help with?","","","","-2.0","08:50:34","40178441-54e7-4839-af66-759a5c802973"
"bfc223dd-88e0-4800-a979-fd2c4b92841b","TOPIC_STEP","","SKYWAVE_PHASE_4_5","-2.0","08:52:42","","605da259-fe67-4810-acf5-84dfaeb6f4b8","","","","My first name is misspelled on my ticket","TOPIC_STEP","I have corrected the spelling on your ticket. Please review the updated itinerary.","","","","-2.0","08:52:40","b71d2b0c-0119-447a-a5c3-5c4ac572236f"
"bfc223dd-88e0-4800-a979-fd2c4b92841b","LLM_STEP","","SKYWAVE_PHASE_4_5","-2.0","08:52:44","","c6ded9f3-85d8-4197-a298-cb240da107bc","","","","My first name is misspelled on my ticket","LLM_STEP","I have corrected the spelling on your ticket. Please review the updated itinerary.","","","605da259-fe67-4810-acf5-84dfaeb6f4b8","-2.0","08:52:42","b71d2b0c-0119-447a-a5c3-5c4ac572236f"
"d1b41690-dd91-47bf-a10c-4682632fda7b","TOPIC_STEP","","SKYWAVE_PHASE_4_5","-2.0","08:53:08","","05899997-969f-4a17-ad25-ddad85ba7540","","","","Great, thank you!","TOPIC_STEP","You are welcome. Is there anything else I can help with?","","","","-2.0","08:53:06","67760fb4-49c8-46a3-a120-1d95a004c84c"
"c48df527-e91e-48b0-ac3e-3b1df036de0c","TOPIC_STEP","","SKYWAVE_PHASE_4_5","-3.0","13:10:02","","97c1f157-2c42-4126-a708-aaa4fec37648","","","","What is my tier status?","TOPIC_STEP","You are Gold tier with 14,200 qualifying points this year.","","","","-3.0","13:10:00","c46e4717-a1e3-4172-a437-dcc8ad929bca"
"c48df527-e91e-48b0-ac3e-3b1df036de0c","LLM_STEP","","SKYWAVE_PHASE_4_5","-3.0","13:10:04","","b28e5e83-f011-43d3-ae9e-698407859468","","","","What is my tier status?","LLM_STEP","You are Gold tier with 14,200 qualifying points this year.","","","97c1f157-2c42-4126-a708-aaa4fec37648","-3.0","13:10:02","c46e4717-a1e3-4172-a437-dcc8ad929bca"
"4a654f47-7c51-418f-aa24-d404469f639c","TOPIC_STEP","","SKYWAVE_PHASE_4_5","-3.0","13:12:38","","9304d267-57d1-4122-ab2e-cbb2aa882d07","","","","Great, thank you!","TOPIC_STEP","You are welcome. Is there anything else I can help with?","","","","-3.0","13:12:36","fab583bd-052c-42cb-af81-19dedffee2db"
"b7b58ca0-2cf1-43ee-a065-d2a597985390","TOPIC_STEP","","SKYWAVE_PHASE_4_5","-3.0","13:16:28","","e8709b65-3e13-47a4-acb1-f24e6c7800ab","","","","Can I move from 23B to an aisle seat?","TOPIC_STEP","I could not update your seat assignment. Please contact a service agent.","","","","-3.0","13:16:26","50a9d330-b0b5-48b7-a069-1b29bad16f81"
"b7b58ca0-2cf1-43ee-a065-d2a597985390","LLM_STEP","","SKYWAVE_PHASE_4_5","-3.0","13:16:30","","05818ae7-32f0-46b3-a39b-e9b6442e7252","","","","Can I move from 23B to an aisle seat?","LLM_STEP","I could not update your seat assignment. Please contact a service agent.","","","e8709b65-3e13-47a4-acb1-f24e6c7800ab","-3.0","13:16:28","50a9d330-b0b5-48b7-a069-1b29bad16f81"
"e518e443-ddc6-4e4b-aa31-2e7efb948f00","TOPIC_STEP","","SKYWAVE_PHASE_4_5","-3.0","13:20:08","","cb8d2233-d676-45a6-a22b-723271638289","","","","This still is not working, I am frustrated.","TOPIC_STEP","I am sorry for the inconvenience. I was unable to resolve this for you.","","","","-3.0","13:20:06","07f32e1b-4f24-499e-afbc-b5ff8b50fb73"
"f973f1fa-1dba-4e68-a4d3-676e9bfd94b6","TOPIC_STEP","","SKYWAVE_PHASE_4_5","-7.0","15:38:02","","0a68795a-ec92-4f63-a2d0-569e37cc9ba4","","","","I want to select seat 1A for my flight","TOPIC_STEP","I was unable to retrieve the seat map automatically and could not assign the seat.","","","","-7.0","15:38:00","bb58fe51-a067-455c-af67-dc6860433c84"
"f973f1fa-1dba-4e68-a4d3-676e9bfd94b6","LLM_STEP","","SKYWAVE_PHASE_4_5","-7.0","15:38:04","","be379eaf-9fbf-4480-ab77-af2ed246476d","","","","I want to select seat 1A for my flight","LLM_STEP","I was unable to retrieve the seat map automatically and could not assign the seat.","","","0a68795a-ec92-4f63-a2d0-569e37cc9ba4","-7.0","15:38:02","bb58fe51-a067-455c-af67-dc6860433c84"
"537c3cf9-cb89-49fd-a718-73af78363ec7","TOPIC_STEP","","SKYWAVE_PHASE_4_5","-7.0","15:38:47","","6e10258e-b863-41bf-a6c8-2bd9176537b6","","","","This still is not working, I am frustrated.","TOPIC_STEP","I am sorry for the inconvenience. I was unable to resolve this for you.","","","","-7.0","15:38:45","a8053826-bca0-4ee5-ad6e-54484105fb12"
"81c6c1a1-8882-4a4c-aff6-ad6e8b37ae1e","TOPIC_STEP","","SKYWAVE_PHASE_4_5","-7.0","15:39:54","","f0934b91-8d67-41d0-abf6-a8f4541e27af","","","","I want to select seat 1A for my flight","TOPIC_STEP","I was unable to retrieve the seat map automatically and could not assign the seat.","","","","-7.0","15:39:52","160829c9-45c5-4f3c-a1ca-d4cda41f2b0f"
"81c6c1a1-8882-4a4c-aff6-ad6e8b37ae1e","LLM_STEP","","SKYWAVE_PHASE_4_5","-7.0","15:39:56","","5ef7b423-cfc7-4d25-af4d-e4f7c7d98ccd","","","","I want to select seat 1A for my flight","LLM_STEP","I was unable to retrieve the seat map automatically and could not assign the seat.","","","f0934b91-8d67-41d0-abf6-a8f4541e27af","-7.0","15:39:54","160829c9-45c5-4f3c-a1ca-d4cda41f2b0f"
"ad83af8f-1bbb-4d5e-a94d-b340502d239c","TOPIC_STEP","","SKYWAVE_PHASE_4_5","-7.0","15:40:26","","dd9d7ad6-6e66-4c95-a759-9347be48ed4c","","","","This still is not working, I am frustrated.","TOPIC_STEP","I am sorry for the inconvenience. I was unable to resolve this for you.","","","","-7.0","15:40:24","6db39040-41a6-4211-aace-c7f6f406a10a"
"9c86296c-9b1d-4e12-a30e-0d41956cf7de","TOPIC_STEP","","SKYWAVE_PHASE_4_5","-9.0","19:32:02","","15502e25-63be-4918-a4f2-f94ce875a0d5","","","","My in-flight wifi did not work, I want a refund","TOPIC_STEP","I have logged your complaint as case 00012346. A refund will be processed.","","","","-9.0","19:32:00","73e8fb2e-7e0d-4d88-a3f4-1013ec60da88"
"9c86296c-9b1d-4e12-a30e-0d41956cf7de","LLM_STEP","","SKYWAVE_PHASE_4_5","-9.0","19:32:04","","d8946ffd-53c2-40f6-ac56-a2690c97e245","","","","My in-flight wifi did not work, I want a refund","LLM_STEP","I have logged your complaint as case 00012346. A refund will be processed.","","","15502e25-63be-4918-a4f2-f94ce875a0d5","-9.0","19:32:02","73e8fb2e-7e0d-4d88-a3f4-1013ec60da88"
"6f6e584d-4ab0-4fbc-a327-de55c19061fa","TOPIC_STEP","","SKYWAVE_PHASE_4_5","-9.0","19:32:30","","28f1552c-03b8-492a-a123-32c2a445bf87","","","","Great, thank you!","TOPIC_STEP","You are welcome. Is there anything else I can help with?","","","","-9.0","19:32:28","520c84b7-0e0a-4a1b-aa09-b8ff4319cbf7"
"ccf2286b-30c7-45c4-a651-ad7f98da6134","TOPIC_STEP","","SKYWAVE_PHASE_4_5","-12.0","08:41:02","","f36f41ca-9795-4d66-a141-e84aa9264f98","","","","I want to change my seat to a window seat","TOPIC_STEP","Sorry, I am unable to change your seat right now. Please try again later.","","","","-12.0","08:41:00","f2391f28-e3ab-42ec-a12d-1efa3e003a39"
"ccf2286b-30c7-45c4-a651-ad7f98da6134","LLM_STEP","","SKYWAVE_PHASE_4_5","-12.0","08:41:04","","4c5522a7-e332-4e54-a4bf-a75165dea825","","","","I want to change my seat to a window seat","LLM_STEP","Sorry, I am unable to change your seat right now. Please try again later.","","","f36f41ca-9795-4d66-a141-e84aa9264f98","-12.0","08:41:02","f2391f28-e3ab-42ec-a12d-1efa3e003a39"
"3446690e-585f-4b85-af0b-97ad3d86e868","TOPIC_STEP","","SKYWAVE_PHASE_4_5","-12.0","08:45:24","","018212f3-923c-41c6-a7a9-b24f14f58a40","","","","This still is not working, I am frustrated.","TOPIC_STEP","I am sorry for the inconvenience. I was unable to resolve this for you.","","","","-12.0","08:45:22","b9243f95-ea61-4ee8-ae9b-2fc39802eaab"
"a879e7b6-1c8e-48cf-a40b-7235d5e4e0c7","TOPIC_STEP","","SKYWAVE_PHASE_4_5","-12.0","13:30:02","","e321342f-2e64-44f5-a6bf-98f3caada919","","","","Show me my upcoming bookings","TOPIC_STEP","You have one upcoming booking — LH 1927 BER-MUC-SFO, confirmed.","","","","-12.0","13:30:00","95a88117-5398-4911-a2c2-583c0b4afa34"
"a879e7b6-1c8e-48cf-a40b-7235d5e4e0c7","LLM_STEP","","SKYWAVE_PHASE_4_5","-12.0","13:30:04","","79dc5b9d-6939-45a5-a729-1b478c45b77a","","","","Show me my upcoming bookings","LLM_STEP","You have one upcoming booking — LH 1927 BER-MUC-SFO, confirmed.","","","e321342f-2e64-44f5-a6bf-98f3caada919","-12.0","13:30:02","95a88117-5398-4911-a2c2-583c0b4afa34"
"e26fc834-86d3-43ec-afd4-b88a9226e199","TOPIC_STEP","","SKYWAVE_PHASE_4_5","-12.0","13:30:50","","07cdc95d-6386-4532-aec2-f8df92acd4e2","","","","Great, thank you!","TOPIC_STEP","You are welcome. Is there anything else I can help with?","","","","-12.0","13:30:48","97f7e51e-7d86-44b6-accd-364f55fba85f"
"25781291-2519-4da7-a187-3e57255dd6f4","TOPIC_STEP","","SKYWAVE_PHASE_4_5","-9.0","11:56:02","","e41932e0-b4b5-4900-a490-345b79633b4b","","","","Show me my upcoming bookings","TOPIC_STEP","You have one upcoming booking — LH 1927 BER-MUC-SFO, confirmed.","","","","-9.0","11:56:00","67c4e5c0-42de-40ef-a71f-2c50f8f075c9"
"25781291-2519-4da7-a187-3e57255dd6f4","LLM_STEP","","SKYWAVE_PHASE_4_5","-9.0","11:56:04","","b1757770-5e01-430c-a95b-7449373671b3","","","","Show me my upcoming bookings","LLM_STEP","You have one upcoming booking — LH 1927 BER-MUC-SFO, confirmed.","","","e41932e0-b4b5-4900-a490-345b79633b4b","-9.0","11:56:02","67c4e5c0-42de-40ef-a71f-2c50f8f075c9"
"dcf688f1-cb31-4c45-a794-100bb739ec4a","TOPIC_STEP","","SKYWAVE_PHASE_4_5","-9.0","11:56:45","","958c932f-9d55-47c6-aae5-4d7f920a9453","","","","Great, thank you!","TOPIC_STEP","You are welcome. Is there anything else I can help with?","","","","-9.0","11:56:43","602a8712-50c3-4f16-af66-f9d7b6e5872a"
"eb974b8e-ee71-4977-af62-158356a8c1d4","TOPIC_STEP","","SKYWAVE_PHASE_4_5","-8.0","14:04:02","","6a90c2d6-c939-4066-aeac-e825556decd1","","","","What is my tier status?","TOPIC_STEP","You are Gold tier with 14,200 qualifying points this year.","","","","-8.0","14:04:00","cf2b09ac-75ba-42cd-a02f-d7d279e13851"
"eb974b8e-ee71-4977-af62-158356a8c1d4","LLM_STEP","","SKYWAVE_PHASE_4_5","-8.0","14:04:04","","383c9244-1b5f-4020-a962-18c2f51f3e79","","","","What is my tier status?","LLM_STEP","You are Gold tier with 14,200 qualifying points this year.","","","6a90c2d6-c939-4066-aeac-e825556decd1","-8.0","14:04:02","cf2b09ac-75ba-42cd-a02f-d7d279e13851"
"e91f3f6e-5815-4ac4-a7ed-8122df4cc037","TOPIC_STEP","","SKYWAVE_PHASE_4_5","-8.0","14:05:12","","cc31938d-d905-4bf7-ae95-626fc4916a94","","","","Great, thank you!","TOPIC_STEP","You are welcome. Is there anything else I can help with?","","","","-8.0","14:05:10","ed009c09-3db5-41b9-a9f0-a4618afb9766"
"d503cea8-6210-4155-a43b-14f90901affb","TOPIC_STEP","","SKYWAVE_PHASE_4_5","-9.0","08:37:02","","d61cbc7a-180e-4a7d-a825-f241a1a5afc8","","","","I want to change my seat to a window seat","TOPIC_STEP","Sorry, I am unable to change your seat right now. Please try again later.","","","","-9.0","08:37:00","ee0261ca-acd9-4bb9-aa42-3d8deca5b94d"
"d503cea8-6210-4155-a43b-14f90901affb","LLM_STEP","","SKYWAVE_PHASE_4_5","-9.0","08:37:04","","64acfbd6-8e09-4818-a975-52615b3aa364","","","","I want to change my seat to a window seat","LLM_STEP","Sorry, I am unable to change your seat right now. Please try again later.","","","d61cbc7a-180e-4a7d-a825-f241a1a5afc8","-9.0","08:37:02","ee0261ca-acd9-4bb9-aa42-3d8deca5b94d"
"220391c2-85a3-4498-a2d4-0adba23df809","TOPIC_STEP","","SKYWAVE_PHASE_4_5","-9.0","08:37:27","","692d577d-2923-4ef2-a133-182cb0617aa1","","","","This still is not working, I am frustrated.","TOPIC_STEP","I am sorry for the inconvenience. I was unable to resolve this for you.","","","","-9.0","08:37:25","25b73911-d279-438b-a0a8-625a0f0de905"
"8be58f77-e6eb-4135-a8e6-859d49046e6b","TOPIC_STEP","","SKYWAVE_PHASE_4_5","-7.0","11:52:02","","65a93d73-7f7a-46d8-aa34-d961d77be4ea","","","","I lost my luggage in Munich last week, can you help?","TOPIC_STEP","I have created case 00012345 for your lost luggage. We will contact you within 24 hours.","","","","-7.0","11:52:00","e84675f3-952a-4603-a973-f6b6b4fadb05"
"8be58f77-e6eb-4135-a8e6-859d49046e6b","LLM_STEP","","SKYWAVE_PHASE_4_5","-7.0","11:52:04","","88f5ad60-a573-414b-a8c7-c5e4da4cc38f","","","","I lost my luggage in Munich last week, can you help?","LLM_STEP","I have created case 00012345 for your lost luggage. We will contact you within 24 hours.","","","65a93d73-7f7a-46d8-aa34-d961d77be4ea","-7.0","11:52:02","e84675f3-952a-4603-a973-f6b6b4fadb05"
"5d679afd-57f5-4e34-a0bd-4b66b41e831a","TOPIC_STEP","","SKYWAVE_PHASE_4_5","-7.0","11:53:55","","e3c9dda4-b9ca-4899-a389-9fdabbfc75fe","","","","Great, thank you!","TOPIC_STEP","You are welcome. Is there anything else I can help with?","","","","-7.0","11:53:53","d3bb560c-a34a-4235-abcc-953adddf1f82"
"18604809-1e22-441a-aa78-cf3a8bf39b8a","TOPIC_STEP","","SKYWAVE_PHASE_4_5","-7.0","11:57:45","","4a53d129-3c06-4901-ad64-b641c2043f54","","","","I want to select seat 1A for my flight","TOPIC_STEP","I was unable to retrieve the seat map automatically and could not assign the seat.","","","","-7.0","11:57:43","6e400ad4-d70c-47d3-a2bb-ff000471cb52"
"18604809-1e22-441a-aa78-cf3a8bf39b8a","LLM_STEP","","SKYWAVE_PHASE_4_5","-7.0","11:57:47","","3a1e85bc-7233-49cb-a2e6-e55a48f9d0de","","","","I want to select seat 1A for my flight","LLM_STEP","I was unable to retrieve the seat map automatically and could not assign the seat.","","","4a53d129-3c06-4901-ad64-b641c2043f54","-7.0","11:57:45","6e400ad4-d70c-47d3-a2bb-ff000471cb52"
"efab6e86-ede4-4feb-a77e-b1b21d5d9e2c","TOPIC_STEP","","SKYWAVE_PHASE_4_5","-7.0","11:58:32","","e20ea26d-abc7-4916-af87-21da1bdd7254","","","","This still is not working, I am frustrated.","TOPIC_STEP","I am sorry for the inconvenience. I was unable to resolve this for you.","","","","-7.0","11:58:30","b646e52a-c743-4ca6-a9be-f833660d58ef"
"ca6e799c-6271-4001-aaaf-cc52f42a4881","TOPIC_STEP","","SKYWAVE_PHASE_4_5","-11.0","18:11:02","","a503680b-5742-4f16-a6f7-45cb70a61696","","","","How many miles do I have?","TOPIC_STEP","You currently have 18,450 SkyWave miles. You are at Premier tier.","","","","-11.0","18:11:00","509d55c1-2c9f-495c-a72f-e929f4f7f4aa"
"ca6e799c-6271-4001-aaaf-cc52f42a4881","LLM_STEP","","SKYWAVE_PHASE_4_5","-11.0","18:11:04","","435fcabd-0a7c-4d89-ab76-0c6f6a9e9931","","","","How many miles do I have?","LLM_STEP","You currently have 18,450 SkyWave miles. You are at Premier tier.","","","a503680b-5742-4f16-a6f7-45cb70a61696","-11.0","18:11:02","509d55c1-2c9f-495c-a72f-e929f4f7f4aa"
"5c90b84c-0eea-4f81-a8c8-e043bb41991c","TOPIC_STEP","","SKYWAVE_PHASE_4_5","-11.0","18:11:23","","28a06f7f-cfc1-4877-a014-ed4dbf6a2ef5","","","","Great, thank you!","TOPIC_STEP","You are welcome. Is there anything else I can help with?","","","","-11.0","18:11:21","293a8052-7228-44c5-aea5-de181db25c7e"
"a6e750ee-c1ab-48a8-a081-5d69cdf084df","TOPIC_STEP","","SKYWAVE_PHASE_4_5","-11.0","18:12:11","","97694e29-0015-4056-a7a3-93d40c90ab02","","","","Cancel my booking ABC123","TOPIC_STEP","I have cancelled booking ABC123. A refund of $480 will be issued.","","","","-11.0","18:12:09","c588a139-f7cb-4388-a0e0-527a33cf6c02"
"a6e750ee-c1ab-48a8-a081-5d69cdf084df","LLM_STEP","","SKYWAVE_PHASE_4_5","-11.0","18:12:13","","0f8e6b87-74a2-4eca-a288-9550baeba22c","","","","Cancel my booking ABC123","LLM_STEP","I have cancelled booking ABC123. A refund of $480 will be issued.","","","97694e29-0015-4056-a7a3-93d40c90ab02","-11.0","18:12:11","c588a139-f7cb-4388-a0e0-527a33cf6c02"
"c9b66b9e-4230-47f1-aac5-c8720dda081a","TOPIC_STEP","","SKYWAVE_PHASE_4_5","-11.0","18:13:04","","c5fefd18-d09c-4477-a20d-188f4ee94c9c","","","","Great, thank you!","TOPIC_STEP","You are welcome. Is there anything else I can help with?","","","","-11.0","18:13:02","f1210285-5be7-4e0a-a2df-24f108ba3eb5"
"3ba8e866-6814-4228-a513-ecd80446d548","TOPIC_STEP","","SKYWAVE_PHASE_4_5","-11.0","18:13:23","","e9c8c589-f0d5-477a-afb3-1407f2d4abed","","","","Show me my upcoming bookings","TOPIC_STEP","You have one upcoming booking — LH 1927 BER-MUC-SFO, confirmed.","","","","-11.0","18:13:21","5018ebae-d7ba-41ee-a492-22cc92fdcf8d"
"3ba8e866-6814-4228-a513-ecd80446d548","LLM_STEP","","SKYWAVE_PHASE_4_5","-11.0","18:13:25","","3cf7a57f-1354-4764-a8c3-df44a683ebe4","","","","Show me my upcoming bookings","LLM_STEP","You have one upcoming booking — LH 1927 BER-MUC-SFO, confirmed.","","","e9c8c589-f0d5-477a-afb3-1407f2d4abed","-11.0","18:13:23","5018ebae-d7ba-41ee-a492-22cc92fdcf8d"
"289f8a43-0d50-4484-ac0e-8413ef140584","TOPIC_STEP","","SKYWAVE_PHASE_4_5","-11.0","18:14:15","","cbee22cd-9f2e-403c-a953-65e6c67dd77d","","","","Great, thank you!","TOPIC_STEP","You are welcome. Is there anything else I can help with?","","","","-11.0","18:14:13","f7f29523-d2ae-4f46-a6ec-79f0a188e6dd"
"8b08d42e-0b89-462b-a7e0-b20904b6edcc","TOPIC_STEP","","SKYWAVE_PHASE_4_5","-9.0","18:04:02","","fe9821f1-35d2-49a9-a834-41fd37284888","","","","I want to change my seat to a window seat","TOPIC_STEP","Sorry, I am unable to change your seat right now. Please try again later.","","","","-9.0","18:04:00","ae12b591-2b85-4419-a92c-35313764279b"
"8b08d42e-0b89-462b-a7e0-b20904b6edcc","LLM_STEP","","SKYWAVE_PHASE_4_5","-9.0","18:04:04","","482bb12e-0262-45e2-a12d-0cd2894630de","","","","I want to change my seat to a window seat","LLM_STEP","Sorry, I am unable to change your seat right now. Please try again later.","","","fe9821f1-35d2-49a9-a834-41fd37284888","-9.0","18:04:02","ae12b591-2b85-4419-a92c-35313764279b"
"14b67e13-aef7-4c16-a24e-876bec47f6d3","TOPIC_STEP","","SKYWAVE_PHASE_4_5","-9.0","18:05:19","","9aa1e986-fc72-4e3b-a7e9-84a413ef8446","","","","This still is not working, I am frustrated.","TOPIC_STEP","I am sorry for the inconvenience. I was unable to resolve this for you.","","","","-9.0","18:05:17","bbadcc0b-86bf-449b-a192-9f63bd1aaa6b"
"ecdc1351-1197-41f0-a9d3-4f3e3aca6492","TOPIC_STEP","","SKYWAVE_PHASE_4_5","-9.0","16:15:02","","a0738a53-46b1-496e-a57c-112b42f60d9b","","","","I want to change my seat to a window seat","TOPIC_STEP","Sorry, I am unable to change your seat right now. Please try again later.","","","","-9.0","16:15:00","0e0d1e58-74fe-4a97-af30-4b727def54a4"
"ecdc1351-1197-41f0-a9d3-4f3e3aca6492","LLM_STEP","","SKYWAVE_PHASE_4_5","-9.0","16:15:04","","928ca1a0-fd6d-4522-a844-08cc0a7eea35","","","","I want to change my seat to a window seat","LLM_STEP","Sorry, I am unable to change your seat right now. Please try again later.","","","a0738a53-46b1-496e-a57c-112b42f60d9b","-9.0","16:15:02","0e0d1e58-74fe-4a97-af30-4b727def54a4"
"8808ff32-2655-4e88-aa40-184afa790ed7","TOPIC_STEP","","SKYWAVE_PHASE_4_5","-9.0","16:15:30","","dc3143f6-3b74-461c-a522-baf5fc017c63","","","","This still is not working, I am frustrated.","TOPIC_STEP","I am sorry for the inconvenience. I was unable to resolve this for you.","","","","-9.0","16:15:28","703aebcf-1f80-45b8-af0a-dd9957f0cdfe"
"3a347452-c802-45e6-a61f-cc60595b08f9","TOPIC_STEP","","SKYWAVE_PHASE_4_5","-13.0","14:27:02","","d79175c5-854d-4645-a28b-aa56831e3926","","","","How many miles do I have?","TOPIC_STEP","You currently have 18,450 SkyWave miles. You are at Premier tier.","","","","-13.0","14:27:00","dcee75dc-3356-4089-a6af-c567289f745f"
"3a347452-c802-45e6-a61f-cc60595b08f9","LLM_STEP","","SKYWAVE_PHASE_4_5","-13.0","14:27:04","","51df1fcb-55c1-4ef5-abbf-0023f59c01bd","","","","How many miles do I have?","LLM_STEP","You currently have 18,450 SkyWave miles. You are at Premier tier.","","","d79175c5-854d-4645-a28b-aa56831e3926","-13.0","14:27:02","dcee75dc-3356-4089-a6af-c567289f745f"
"05e7b901-f820-4cf2-ab16-6df7df918b2d","TOPIC_STEP","","SKYWAVE_PHASE_4_5","-13.0","14:28:06","","45f97c0a-1dd4-4e3a-a9dd-bbcd99bb5073","","","","Great, thank you!","TOPIC_STEP","You are welcome. Is there anything else I can help with?","","","","-13.0","14:28:04","b5045c6a-4adc-46c3-aec0-4c9283754b5c"
"1220a3a8-36ca-4538-a8de-0f572e58b5dc","TOPIC_STEP","","SKYWAVE_PHASE_4_5","-10.0","19:45:02","","e4b841ca-9fde-4ea7-a671-da37e39ad5dc","","","","I want to change my seat to a window seat","TOPIC_STEP","Sorry, I am unable to change your seat right now. Please try again later.","","","","-10.0","19:45:00","58968fb2-435e-4399-aa26-066a7721a176"
"1220a3a8-36ca-4538-a8de-0f572e58b5dc","LLM_STEP","","SKYWAVE_PHASE_4_5","-10.0","19:45:04","","4327ea31-c13d-40bb-a7e2-34c93d48432a","","","","I want to change my seat to a window seat","LLM_STEP","Sorry, I am unable to change your seat right now. Please try again later.","","","e4b841ca-9fde-4ea7-a671-da37e39ad5dc","-10.0","19:45:02","58968fb2-435e-4399-aa26-066a7721a176"
"4c3319d2-5558-45bb-a9d9-815de523966a","TOPIC_STEP","","SKYWAVE_PHASE_4_5","-10.0","19:45:32","","2bf6eeff-d118-4f83-ac8e-331740b92e70","","","","This still is not working, I am frustrated.","TOPIC_STEP","I am sorry for the inconvenience. I was unable to resolve this for you.","","","","-10.0","19:45:30","a58c0158-1db3-4a6c-a888-f0c8383e3993"
"75ba72d3-4c8a-446c-aec4-ecf7a228b48b","TOPIC_STEP","","SKYWAVE_PHASE_4_5","-14.0","17:05:02","","f0fccbc5-5627-4d25-a5c8-5837b95cbbf3","","","","I lost my luggage in Munich last week, can you help?","TOPIC_STEP","I have created case 00012345 for your lost luggage. We will contact you within 24 hours.","","","","-14.0","17:05:00","416fcdb6-0921-4a65-af50-d68c014f71b6"
"75ba72d3-4c8a-446c-aec4-ecf7a228b48b","LLM_STEP","","SKYWAVE_PHASE_4_5","-14.0","17:05:04","","5dd28dda-7862-47b1-a03c-4dcd1b0d5d96","","","","I lost my luggage in Munich last week, can you help?","LLM_STEP","I have created case 00012345 for your lost luggage. We will contact you within 24 hours.","","","f0fccbc5-5627-4d25-a5c8-5837b95cbbf3","-14.0","17:05:02","416fcdb6-0921-4a65-af50-d68c014f71b6"
"e6167125-6115-4b81-a02e-5031739ca0f9","TOPIC_STEP","","SKYWAVE_PHASE_4_5","-14.0","17:06:01","","6ce004e5-482b-46e0-ad57-541bb7830bdc","","","","Okay.","TOPIC_STEP","Understood. Anything else I can help with?","","","","-14.0","17:05:59","5a13a106-553c-43c6-a9ce-77f38b4a546e"
"478d3d56-c8f3-4d62-ac6c-39511cbbd701","TOPIC_STEP","","SKYWAVE_PHASE_4_5","-7.0","18:03:02","","173ba18f-d738-4bb1-ae9b-445ab2a7df84","","","","Find flights from JFK to HND tomorrow","TOPIC_STEP","I found 4 flights for that route. The cheapest is SW1200 at 1pm for $1,280.","","","","-7.0","18:03:00","b1b53fb3-d1ce-49a6-a4fa-0416d145c62b"
"478d3d56-c8f3-4d62-ac6c-39511cbbd701","LLM_STEP","","SKYWAVE_PHASE_4_5","-7.0","18:03:04","","7e203c69-111f-4e8f-a49c-753c9fe3f94c","","","","Find flights from JFK to HND tomorrow","LLM_STEP","I found 4 flights for that route. The cheapest is SW1200 at 1pm for $1,280.","","","173ba18f-d738-4bb1-ae9b-445ab2a7df84","-7.0","18:03:02","b1b53fb3-d1ce-49a6-a4fa-0416d145c62b"
"fed412ec-a8d6-416d-a329-bda9f900fea6","TOPIC_STEP","","SKYWAVE_PHASE_4_5","-7.0","18:04:12","","855f309e-166f-4a95-ad07-67c93ce5f609","","","","Great, thank you!","TOPIC_STEP","You are welcome. Is there anything else I can help with?","","","","-7.0","18:04:10","578e5383-ae4b-48b4-a1f3-d34898aefb4f"
"ae4b38bc-5f12-4a07-af25-d473da5a592f","TOPIC_STEP","","SKYWAVE_PHASE_4_5","-3.0","13:07:02","","3fdd561c-65a3-493e-aef0-431f1da9a2e1","","","","Can I move from 23B to an aisle seat?","TOPIC_STEP","I could not update your seat assignment. Please contact a service agent.","","","","-3.0","13:07:00","582a70a0-322b-4cf7-abda-37e32e9e2d39"
"ae4b38bc-5f12-4a07-af25-d473da5a592f","LLM_STEP","","SKYWAVE_PHASE_4_5","-3.0","13:07:04","","7b654e12-1b72-414f-a524-de751045563a","","","","Can I move from 23B to an aisle seat?","LLM_STEP","I could not update your seat assignment. Please contact a service agent.","","","3fdd561c-65a3-493e-aef0-431f1da9a2e1","-3.0","13:07:02","582a70a0-322b-4cf7-abda-37e32e9e2d39"
"43f426b1-2946-473f-af3a-0412e04d6309","TOPIC_STEP","","SKYWAVE_PHASE_4_5","-3.0","13:07:33","","3b501051-4b07-4809-a63f-54aa2ac1c999","","","","This still is not working, I am frustrated.","TOPIC_STEP","I am sorry for the inconvenience. I was unable to resolve this for you.","","","","-3.0","13:07:31","524125d0-406a-4265-a2fd-c822d453f864"
"7a717685-98cf-4ae3-aa24-bd4318b2df12","TOPIC_STEP","","SKYWAVE_PHASE_4_5","-1.0","17:46:02","","674ea97d-c328-41a2-a319-8d6b6fcd6a9d","","","","I want to select seat 1A for my flight","TOPIC_STEP","I was unable to retrieve the seat map automatically and could not assign the seat.","","","","-1.0","17:46:00","730cf9a0-b0c0-4d38-ac90-8f526ab992a9"
"7a717685-98cf-4ae3-aa24-bd4318b2df12","LLM_STEP","","SKYWAVE_PHASE_4_5","-1.0","17:46:04","","afc6ef06-b5e0-4840-afc0-6e4c4fe8feb4","","","","I want to select seat 1A for my flight","LLM_STEP","I was unable to retrieve the seat map automatically and could not assign the seat.","","","674ea97d-c328-41a2-a319-8d6b6fcd6a9d","-1.0","17:46:02","730cf9a0-b0c0-4d38-ac90-8f526ab992a9"
"f24e59de-ba87-4171-a2ea-16983f336052","TOPIC_STEP","","SKYWAVE_PHASE_4_5","-1.0","17:48:22","","deb23150-a22a-4bdb-adb2-6056fe5b0129","","","","This still is not working, I am frustrated.","TOPIC_STEP","I am sorry for the inconvenience. I was unable to resolve this for you.","","","","-1.0","17:48:20","d5849e97-4245-40a5-a757-6061360198ce"
"dc3abef5-104b-4e0b-a474-38480cfdad6b","TOPIC_STEP","","SKYWAVE_PHASE_4_5","-1.0","17:49:57","","14304cbd-365a-4686-a494-79557a524d62","","","","I lost my luggage in Munich last week, can you help?","TOPIC_STEP","I have created case 00012345 for your lost luggage. We will contact you within 24 hours.","","","","-1.0","17:49:55","b968ee49-7c4c-4cae-a2de-addf19fa6676"
"dc3abef5-104b-4e0b-a474-38480cfdad6b","LLM_STEP","","SKYWAVE_PHASE_4_5","-1.0","17:49:59","","7ec3a150-05b7-44b5-a8fb-1bfce02e3886","","","","I lost my luggage in Munich last week, can you help?","LLM_STEP","I have created case 00012345 for your lost luggage. We will contact you within 24 hours.","","","14304cbd-365a-4686-a494-79557a524d62","-1.0","17:49:57","b968ee49-7c4c-4cae-a2de-addf19fa6676"
"65e832ab-96d3-42e6-a7e1-32e72d27bb33","TOPIC_STEP","","SKYWAVE_PHASE_4_5","-1.0","17:50:35","","7b935ec8-de91-43fb-a84f-b9210d2a2438","","","","Great, thank you!","TOPIC_STEP","You are welcome. Is there anything else I can help with?","","","","-1.0","17:50:33","c4270471-b13d-49de-ad26-43365e70041a"
"8d6a5e42-ff90-4ee9-a2c4-febb46be8a37","TOPIC_STEP","","SKYWAVE_PHASE_4_5","-11.0","17:10:02","","05f72c85-1bd8-4c9b-a363-a281c54c96ac","","","","My in-flight wifi did not work, I want a refund","TOPIC_STEP","I have logged your complaint as case 00012346. A refund will be processed.","","","","-11.0","17:10:00","b83f43fc-212f-48fb-a729-ac8463d49adf"
"8d6a5e42-ff90-4ee9-a2c4-febb46be8a37","LLM_STEP","","SKYWAVE_PHASE_4_5","-11.0","17:10:04","","44516e73-0e1a-44c9-a4be-7bfdfb0b14af","","","","My in-flight wifi did not work, I want a refund","LLM_STEP","I have logged your complaint as case 00012346. A refund will be processed.","","","05f72c85-1bd8-4c9b-a363-a281c54c96ac","-11.0","17:10:02","b83f43fc-212f-48fb-a729-ac8463d49adf"
"d78b609f-c458-4824-aabf-7ed14009538d","TOPIC_STEP","","SKYWAVE_PHASE_4_5","-11.0","17:14:54","","457b459c-8e98-4ad7-a246-68310ac72a81","","","","Great, thank you!","TOPIC_STEP","You are welcome. Is there anything else I can help with?","","","","-11.0","17:14:52","7f6d3430-8c28-46e1-a3aa-ee7bf88c7eac"
"65d8a70e-f0b0-47cc-aa77-2f95a610b9cb","TOPIC_STEP","","SKYWAVE_PHASE_4_5","-11.0","17:19:18","","3cdbe34b-0a1f-4e48-acba-eec8289e3eef","","","","I want to change my seat to a window seat","TOPIC_STEP","Sorry, I am unable to change your seat right now. Please try again later.","","","","-11.0","17:19:16","3a5b6774-e7ab-4f51-a56d-fdb9bafead36"
"65d8a70e-f0b0-47cc-aa77-2f95a610b9cb","LLM_STEP","","SKYWAVE_PHASE_4_5","-11.0","17:19:20","","77aa30fe-b3c9-49be-a22f-5739441272ab","","","","I want to change my seat to a window seat","LLM_STEP","Sorry, I am unable to change your seat right now. Please try again later.","","","3cdbe34b-0a1f-4e48-acba-eec8289e3eef","-11.0","17:19:18","3a5b6774-e7ab-4f51-a56d-fdb9bafead36"
"e77a5e2f-7a4a-4651-ad81-e112ac8b715e","TOPIC_STEP","","SKYWAVE_PHASE_4_5","-11.0","17:21:52","","342d9e4b-dc53-4b19-a3d6-67660c962ddb","","","","This still is not working, I am frustrated.","TOPIC_STEP","I am sorry for the inconvenience. I was unable to resolve this for you.","","","","-11.0","17:21:50","583d17c4-07b7-4185-ae74-f8627563cffa"
"2773347a-629a-4fa2-ad6c-9a69077d4662","TOPIC_STEP","","SKYWAVE_PHASE_4_5","-2.0","11:11:02","","63db35ab-ef0a-4bfb-a29a-4f03e5c4b27b","","","","My in-flight wifi did not work, I want a refund","TOPIC_STEP","I have logged your complaint as case 00012346. A refund will be processed.","","","","-2.0","11:11:00","f304c908-e88c-475e-a764-50240c0df5f7"
"2773347a-629a-4fa2-ad6c-9a69077d4662","LLM_STEP","","SKYWAVE_PHASE_4_5","-2.0","11:11:04","","9ffbc7a2-f48e-42d1-ac57-7ebc851091d1","","","","My in-flight wifi did not work, I want a refund","LLM_STEP","I have logged your complaint as case 00012346. A refund will be processed.","","","63db35ab-ef0a-4bfb-a29a-4f03e5c4b27b","-2.0","11:11:02","f304c908-e88c-475e-a764-50240c0df5f7"
"536f75a0-5419-45e2-a26d-4028e852f8b1","TOPIC_STEP","","SKYWAVE_PHASE_4_5","-2.0","11:11:41","","be471b75-6266-4ca7-a3c2-ac3dad778832","","","","Okay.","TOPIC_STEP","Understood. Anything else I can help with?","","","","-2.0","11:11:39","a5c8437f-fd90-4f50-a2f2-0c056a1ac4c5"
"326dcc7a-6451-4594-ad89-f87c63d0410c","TOPIC_STEP","","SKYWAVE_PHASE_4_5","-10.0","15:39:02","","0888ddb7-6be5-4581-a101-16b8182bdc5b","","","","Cancel my booking ABC123","TOPIC_STEP","I have cancelled booking ABC123. A refund of $480 will be issued.","","","","-10.0","15:39:00","0be795d9-638f-436f-a64a-6beadbea062b"
"326dcc7a-6451-4594-ad89-f87c63d0410c","LLM_STEP","","SKYWAVE_PHASE_4_5","-10.0","15:39:04","","5291030f-b2dd-482b-ae91-2e51d34292e3","","","","Cancel my booking ABC123","LLM_STEP","I have cancelled booking ABC123. A refund of $480 will be issued.","","","0888ddb7-6be5-4581-a101-16b8182bdc5b","-10.0","15:39:02","0be795d9-638f-436f-a64a-6beadbea062b"
"b9c9714d-6a42-4e6f-a0da-c8a6a996958b","TOPIC_STEP","","SKYWAVE_PHASE_4_5","-10.0","15:41:49","","2b247529-1ba0-49de-afcc-c1862d9a5431","","","","Great, thank you!","TOPIC_STEP","You are welcome. Is there anything else I can help with?","","","","-10.0","15:41:47","5edec151-9896-4eb8-a5e2-61ecaef68d71"
"766f0fa9-7948-4086-aa66-9622b88b2aea","TOPIC_STEP","","SKYWAVE_PHASE_4_5","-11.0","16:17:02","","8504a2e6-58c6-48aa-a1d3-af2b83c39fc9","","","","My in-flight wifi did not work, I want a refund","TOPIC_STEP","I have logged your complaint as case 00012346. A refund will be processed.","","","","-11.0","16:17:00","f2b0f529-c26d-4d7d-a165-2eab6e8fc91c"
"766f0fa9-7948-4086-aa66-9622b88b2aea","LLM_STEP","","SKYWAVE_PHASE_4_5","-11.0","16:17:04","","dc0729f5-dd9b-49f3-a427-04e5575ade5e","","","","My in-flight wifi did not work, I want a refund","LLM_STEP","I have logged your complaint as case 00012346. A refund will be processed.","","","8504a2e6-58c6-48aa-a1d3-af2b83c39fc9","-11.0","16:17:02","f2b0f529-c26d-4d7d-a165-2eab6e8fc91c"
"5f0c5f0e-c72f-4e59-aa43-5ef860cf6379","TOPIC_STEP","","SKYWAVE_PHASE_4_5","-11.0","16:19:39","","e4968db5-a0cb-4dce-abc1-16576ef5e835","","","","Okay.","TOPIC_STEP","Understood. Anything else I can help with?","","","","-11.0","16:19:37","85f942f0-97cf-4a5d-a434-5d55324f3bd8"
"456de40b-fa0f-4560-adbd-2cf5e4390f75","TOPIC_STEP","","SKYWAVE_PHASE_4_5","-11.0","16:20:53","","dc74442c-52fa-4160-a555-13429296ccc2","","","","What is my tier status?","TOPIC_STEP","You are Gold tier with 14,200 qualifying points this year.","","","","-11.0","16:20:51","df14b30d-32c9-4a5d-a5b6-70c50d509a80"
"456de40b-fa0f-4560-adbd-2cf5e4390f75","LLM_STEP","","SKYWAVE_PHASE_4_5","-11.0","16:20:55","","e4772398-b8da-498c-ab40-8ea827ab6e71","","","","What is my tier status?","LLM_STEP","You are Gold tier with 14,200 qualifying points this year.","","","dc74442c-52fa-4160-a555-13429296ccc2","-11.0","16:20:53","df14b30d-32c9-4a5d-a5b6-70c50d509a80"
"77e4771e-08fb-4c63-a227-f92cc2901b2e","TOPIC_STEP","","SKYWAVE_PHASE_4_5","-11.0","16:21:47","","adfa5999-ba86-4f0a-a366-d630ad78771e","","","","Great, thank you!","TOPIC_STEP","You are welcome. Is there anything else I can help with?","","","","-11.0","16:21:45","444f8705-5d8c-4706-a9d0-87b4921dc329"
"828604da-73af-493e-a0af-30cc16b165aa","TOPIC_STEP","","SKYWAVE_PHASE_4_5","-5.0","11:53:02","","9a413a6c-d38d-4984-a40d-57e196d834dc","","","","My first name is misspelled on my ticket","TOPIC_STEP","I have corrected the spelling on your ticket. Please review the updated itinerary.","","","","-5.0","11:53:00","c24cd5a5-b918-4a07-a7fb-f405d9f826fa"
"828604da-73af-493e-a0af-30cc16b165aa","LLM_STEP","","SKYWAVE_PHASE_4_5","-5.0","11:53:04","","62204b23-33be-48ba-a89c-520d8055a6bf","","","","My first name is misspelled on my ticket","LLM_STEP","I have corrected the spelling on your ticket. Please review the updated itinerary.","","","9a413a6c-d38d-4984-a40d-57e196d834dc","-5.0","11:53:02","c24cd5a5-b918-4a07-a7fb-f405d9f826fa"
"8911184c-f368-4116-a997-289a58c7d50b","TOPIC_STEP","","SKYWAVE_PHASE_4_5","-5.0","11:53:58","","15b8e46a-7b30-4a59-ae16-63d5f3363e26","","","","Great, thank you!","TOPIC_STEP","You are welcome. Is there anything else I can help with?","","","","-5.0","11:53:56","5479a342-c2e9-4dd3-a9be-dce57aac224b"
"3f719d5d-cbad-42ed-a304-23df6d3083eb","TOPIC_STEP","","SKYWAVE_PHASE_4_5","-5.0","11:54:37","","aba3d9d6-9a7b-49ce-abed-5d853944c08b","","","","Can I move from 23B to an aisle seat?","TOPIC_STEP","I could not update your seat assignment. Please contact a service agent.","","","","-5.0","11:54:35","3ed44784-c052-4bca-ac57-175c82477fb6"
"3f719d5d-cbad-42ed-a304-23df6d3083eb","LLM_STEP","","SKYWAVE_PHASE_4_5","-5.0","11:54:39","","86cd29f4-6061-45ee-a033-eee3820f48fb","","","","Can I move from 23B to an aisle seat?","LLM_STEP","I could not update your seat assignment. Please contact a service agent.","","","aba3d9d6-9a7b-49ce-abed-5d853944c08b","-5.0","11:54:37","3ed44784-c052-4bca-ac57-175c82477fb6"
"6cf83a17-b13e-430f-a589-8ff9f23313fd","TOPIC_STEP","","SKYWAVE_PHASE_4_5","-5.0","11:54:56","","25809d77-bab1-4e06-a010-a09e901128e7","","","","This still is not working, I am frustrated.","TOPIC_STEP","I am sorry for the inconvenience. I was unable to resolve this for you.","","","","-5.0","11:54:54","a85fff52-e648-4e38-afeb-7dccfd226ebe"
"b5d519df-4a93-40fa-af3a-5098f9e3c529","TOPIC_STEP","","SKYWAVE_PHASE_4_5","-3.0","14:10:02","","c6318e3b-662a-4265-a4d1-b93e5650cb5f","","","","What is my tier status?","TOPIC_STEP","You are Gold tier with 14,200 qualifying points this year.","","","","-3.0","14:10:00","a4aa57f7-c525-4ab3-a7ef-2be52feb4dad"
"b5d519df-4a93-40fa-af3a-5098f9e3c529","LLM_STEP","","SKYWAVE_PHASE_4_5","-3.0","14:10:04","","e5860a43-f90f-453d-afc0-99d67bc1f392","","","","What is my tier status?","LLM_STEP","You are Gold tier with 14,200 qualifying points this year.","","","c6318e3b-662a-4265-a4d1-b93e5650cb5f","-3.0","14:10:02","a4aa57f7-c525-4ab3-a7ef-2be52feb4dad"
"ca03d4ea-ba4b-4d90-aeb2-11cb4147894f","TOPIC_STEP","","SKYWAVE_PHASE_4_5","-3.0","14:10:47","","39657902-0adb-4639-af0d-ffa33b6d9235","","","","Great, thank you!","TOPIC_STEP","You are welcome. Is there anything else I can help with?","","","","-3.0","14:10:45","56259bc7-db90-4ccc-a4c5-28f82cf90446"
"5ee37c70-32c4-4ed6-a968-668e709db716","TOPIC_STEP","","SKYWAVE_PHASE_4_5","-7.0","10:51:02","","040284b5-29e8-4445-ac2b-e0e899159150","","","","Find flights from JFK to HND tomorrow","TOPIC_STEP","I found 4 flights for that route. The cheapest is SW1200 at 1pm for $1,280.","","","","-7.0","10:51:00","79c5db6a-53c8-4908-a7af-fcfe491c423f"
"5ee37c70-32c4-4ed6-a968-668e709db716","LLM_STEP","","SKYWAVE_PHASE_4_5","-7.0","10:51:04","","aac1200d-9745-4d87-aac5-8732b42d462c","","","","Find flights from JFK to HND tomorrow","LLM_STEP","I found 4 flights for that route. The cheapest is SW1200 at 1pm for $1,280.","","","040284b5-29e8-4445-ac2b-e0e899159150","-7.0","10:51:02","79c5db6a-53c8-4908-a7af-fcfe491c423f"
"4231b882-d3f6-4f25-a585-efb02d6ee5a5","TOPIC_STEP","","SKYWAVE_PHASE_4_5","-7.0","10:52:18","","402a5f08-2017-4707-a5ff-61b52eeb6acd","","","","Great, thank you!","TOPIC_STEP","You are welcome. Is there anything else I can help with?","","","","-7.0","10:52:16","35d1bce0-1bc1-4027-a6ae-9f0fc9e5ed79"
"55924bb0-81ef-42cb-ac4d-7d350b60e636","TOPIC_STEP","","SKYWAVE_PHASE_4_5","-7.0","10:53:03","","c00ab7fb-1347-4895-a6a1-3f70af7bd5f6","","","","Find flights from JFK to HND tomorrow","TOPIC_STEP","I found 4 flights for that route. The cheapest is SW1200 at 1pm for $1,280.","","","","-7.0","10:53:01","76a15b42-ccb0-45fe-a9b8-10a13cabba07"
"55924bb0-81ef-42cb-ac4d-7d350b60e636","LLM_STEP","","SKYWAVE_PHASE_4_5","-7.0","10:53:05","","a7a7d745-adf6-473c-a3aa-ca4a71f59ea2","","","","Find flights from JFK to HND tomorrow","LLM_STEP","I found 4 flights for that route. The cheapest is SW1200 at 1pm for $1,280.","","","c00ab7fb-1347-4895-a6a1-3f70af7bd5f6","-7.0","10:53:03","76a15b42-ccb0-45fe-a9b8-10a13cabba07"
"23c38084-8c3e-4526-a982-8c364aa2292e","TOPIC_STEP","","SKYWAVE_PHASE_4_5","-7.0","10:57:40","","b4805208-03a7-40c4-a8ba-a7aac372efc3","","","","Great, thank you!","TOPIC_STEP","You are welcome. Is there anything else I can help with?","","","","-7.0","10:57:38","f9036be1-f1cc-4988-a130-47931c89a1cc"
"37b6336c-67a3-4b4d-ad36-431aa4968fd5","TOPIC_STEP","","SKYWAVE_PHASE_4_5","-14.0","15:48:02","","0c5c9345-5828-4ae9-ab93-b5d05b1799a4","","","","I want to select seat 1A for my flight","TOPIC_STEP","I was unable to retrieve the seat map automatically and could not assign the seat.","","","","-14.0","15:48:00","4e0c3ec6-31f0-4aba-a951-9e9947e2573b"
"37b6336c-67a3-4b4d-ad36-431aa4968fd5","LLM_STEP","","SKYWAVE_PHASE_4_5","-14.0","15:48:04","","1944f8ee-5906-4c29-ab37-22ae30cd0cd6","","","","I want to select seat 1A for my flight","LLM_STEP","I was unable to retrieve the seat map automatically and could not assign the seat.","","","0c5c9345-5828-4ae9-ab93-b5d05b1799a4","-14.0","15:48:02","4e0c3ec6-31f0-4aba-a951-9e9947e2573b"
"178bd623-ae0f-4e32-af51-726d5d75a5bd","TOPIC_STEP","","SKYWAVE_PHASE_4_5","-14.0","15:52:05","","65bdde5c-cce6-45d0-a778-3a5fe56c7bf0","","","","This still is not working, I am frustrated.","TOPIC_STEP","I am sorry for the inconvenience. I was unable to resolve this for you.","","","","-14.0","15:52:03","106448b3-2ef2-4711-afa9-9a01a6810df3"
"eb24735c-0c01-4adf-ae3b-f5f24fbd880c","TOPIC_STEP","","SKYWAVE_PHASE_4_5","-14.0","15:53:01","","80b18446-3bc8-48ba-af2a-63eb7032f2e2","","","","My first name is misspelled on my ticket","TOPIC_STEP","I have corrected the spelling on your ticket. Please review the updated itinerary.","","","","-14.0","15:52:59","2d72fa01-9fb7-49ec-a045-d859f5c3a4b3"
"eb24735c-0c01-4adf-ae3b-f5f24fbd880c","LLM_STEP","","SKYWAVE_PHASE_4_5","-14.0","15:53:03","","d0eec7cb-0c46-4384-a66c-136fa239bdcc","","","","My first name is misspelled on my ticket","LLM_STEP","I have corrected the spelling on your ticket. Please review the updated itinerary.","","","80b18446-3bc8-48ba-af2a-63eb7032f2e2","-14.0","15:53:01","2d72fa01-9fb7-49ec-a045-d859f5c3a4b3"
"9341e55a-42cb-419b-a8ca-ff46d9a18d86","TOPIC_STEP","","SKYWAVE_PHASE_4_5","-14.0","15:55:51","","9b8a8d67-b3ee-4d6c-aa7a-ed91d13e3b06","","","","Great, thank you!","TOPIC_STEP","You are welcome. Is there anything else I can help with?","","","","-14.0","15:55:49","22ea465c-77c7-4241-aa89-77e3ffc9eb91"
"a877ea11-358b-4ab1-a2c8-919ba81eaa95","TOPIC_STEP","","SKYWAVE_PHASE_4_5","-14.0","15:56:16","","858d33c0-163c-415f-a52c-1afd260110c7","","","","I want to select seat 1A for my flight","TOPIC_STEP","I was unable to retrieve the seat map automatically and could not assign the seat.","","","","-14.0","15:56:14","558f3894-2668-4a39-a56c-39f5768d89c3"
"a877ea11-358b-4ab1-a2c8-919ba81eaa95","LLM_STEP","","SKYWAVE_PHASE_4_5","-14.0","15:56:18","","82582e2f-7a4c-4e34-a05e-a896d136ad1d","","","","I want to select seat 1A for my flight","LLM_STEP","I was unable to retrieve the seat map automatically and could not assign the seat.","","","858d33c0-163c-415f-a52c-1afd260110c7","-14.0","15:56:16","558f3894-2668-4a39-a56c-39f5768d89c3"
"de90393f-c781-424a-aea5-a8161b32bcd4","TOPIC_STEP","","SKYWAVE_PHASE_4_5","-14.0","15:58:46","","8280ae63-b9ba-4383-a074-296b78a150b1","","","","This still is not working, I am frustrated.","TOPIC_STEP","I am sorry for the inconvenience. I was unable to resolve this for you.","","","","-14.0","15:58:44","247960d2-f3db-4ae1-a510-92a3b45e051b"
"c389f8b4-65e6-47a3-abc2-79036e5788dc","TOPIC_STEP","","SKYWAVE_PHASE_4_5","-11.0","13:18:02","","359d2dbc-52be-44c1-a66d-faaac0c8d0f8","","","","My in-flight wifi did not work, I want a refund","TOPIC_STEP","I have logged your complaint as case 00012346. A refund will be processed.","","","","-11.0","13:18:00","671ebc9a-cab3-4245-a16d-b478f97c255e"
"c389f8b4-65e6-47a3-abc2-79036e5788dc","LLM_STEP","","SKYWAVE_PHASE_4_5","-11.0","13:18:04","","fdb2148d-58a7-4203-aadf-546c7bd9e7f9","","","","My in-flight wifi did not work, I want a refund","LLM_STEP","I have logged your complaint as case 00012346. A refund will be processed.","","","359d2dbc-52be-44c1-a66d-faaac0c8d0f8","-11.0","13:18:02","671ebc9a-cab3-4245-a16d-b478f97c255e"
"536fda92-42f7-4424-a1ef-46efb919b18b","TOPIC_STEP","","SKYWAVE_PHASE_4_5","-11.0","13:21:49","","1a9c4acc-a042-4817-adfe-63b16e1a0f03","","","","Okay.","TOPIC_STEP","Understood. Anything else I can help with?","","","","-11.0","13:21:47","8ccd3921-d2e0-4e1f-aa4c-c4562a40f07c"
"b5230c6a-c578-4720-a406-257673c09593","TOPIC_STEP","","SKYWAVE_PHASE_4_5","-14.0","17:34:02","","f9382051-14f9-4f80-a0c7-d8d1f5a7e423","","","","What is my tier status?","TOPIC_STEP","You are Gold tier with 14,200 qualifying points this year.","","","","-14.0","17:34:00","4c545f1c-4b58-44ca-ae9c-26cb1bef5c67"
"b5230c6a-c578-4720-a406-257673c09593","LLM_STEP","","SKYWAVE_PHASE_4_5","-14.0","17:34:04","","c313412c-743b-4cb4-ad77-f6ddc2fb09b9","","","","What is my tier status?","LLM_STEP","You are Gold tier with 14,200 qualifying points this year.","","","f9382051-14f9-4f80-a0c7-d8d1f5a7e423","-14.0","17:34:02","4c545f1c-4b58-44ca-ae9c-26cb1bef5c67"
"f85d04cd-f690-4c91-af55-c703642d2415","TOPIC_STEP","","SKYWAVE_PHASE_4_5","-14.0","17:34:29","","e7d6ac2c-13ca-4f9f-ab15-dd6486ad2a1d","","","","Great, thank you!","TOPIC_STEP","You are welcome. Is there anything else I can help with?","","","","-14.0","17:34:27","bc2c8790-27c9-453b-afa8-995d87c8b72c"
"ce2ec1eb-4560-494b-aee5-430feaa50022","TOPIC_STEP","","SKYWAVE_PHASE_4_5","-12.0","08:00:02","","dcb70888-197d-4caf-a91b-4def6f48af2b","","","","I want to select seat 1A for my flight","TOPIC_STEP","I was unable to retrieve the seat map automatically and could not assign the seat.","","","","-12.0","08:00:00","261a0ba9-23a1-4ef4-ac46-f6b3b9074757"
"ce2ec1eb-4560-494b-aee5-430feaa50022","LLM_STEP","","SKYWAVE_PHASE_4_5","-12.0","08:00:04","","3551e98b-eb4c-41c1-aa3e-163c4ea33618","","","","I want to select seat 1A for my flight","LLM_STEP","I was unable to retrieve the seat map automatically and could not assign the seat.","","","dcb70888-197d-4caf-a91b-4def6f48af2b","-12.0","08:00:02","261a0ba9-23a1-4ef4-ac46-f6b3b9074757"
"016123bd-54f5-4fa2-a6dc-d171fdc0a5b8","TOPIC_STEP","","SKYWAVE_PHASE_4_5","-12.0","08:00:38","","ccf72aee-195b-404d-a24e-5b5f7ff812df","","","","This still is not working, I am frustrated.","TOPIC_STEP","I am sorry for the inconvenience. I was unable to resolve this for you.","","","","-12.0","08:00:36","2a60db7c-e6b8-4c9b-a5ce-cf4d421afdd2"
"59da3070-e1c2-47ef-aa43-c2e5862bf3a8","TOPIC_STEP","","SKYWAVE_PHASE_4_5","-12.0","08:01:21","","623a01a1-c833-4c51-aa82-622c4b6df37b","","","","My first name is misspelled on my ticket","TOPIC_STEP","I have corrected the spelling on your ticket. Please review the updated itinerary.","","","","-12.0","08:01:19","81bf61c3-2ef2-49fa-a2f8-217770a1076a"
"59da3070-e1c2-47ef-aa43-c2e5862bf3a8","LLM_STEP","","SKYWAVE_PHASE_4_5","-12.0","08:01:23","","d083fe80-b6f3-4091-ad59-822e6af097f9","","","","My first name is misspelled on my ticket","LLM_STEP","I have corrected the spelling on your ticket. Please review the updated itinerary.","","","623a01a1-c833-4c51-aa82-622c4b6df37b","-12.0","08:01:21","81bf61c3-2ef2-49fa-a2f8-217770a1076a"
"29cb24ba-63ff-4f1a-a3ec-e48158eff8fd","TOPIC_STEP","","SKYWAVE_PHASE_4_5","-12.0","08:04:58","","1b26a06b-4173-4034-af0d-122d0337d426","","","","Great, thank you!","TOPIC_STEP","You are welcome. Is there anything else I can help with?","","","","-12.0","08:04:56","c0993098-cb35-4b75-ac62-117bc4f0f961"
"9e116d95-15c0-493f-ae30-8108ef6c94dd","TOPIC_STEP","","SKYWAVE_PHASE_4_5","-10.0","19:45:02","","799cfe61-19a0-438f-a467-fb33e006a652","","","","Show me my upcoming bookings","TOPIC_STEP","You have one upcoming booking — LH 1927 BER-MUC-SFO, confirmed.","","","","-10.0","19:45:00","02686d29-55a7-48c9-a05f-3dcb3a273a1f"
"9e116d95-15c0-493f-ae30-8108ef6c94dd","LLM_STEP","","SKYWAVE_PHASE_4_5","-10.0","19:45:04","","7a9c8791-e75b-4878-a76b-1663053153b7","","","","Show me my upcoming bookings","LLM_STEP","You have one upcoming booking — LH 1927 BER-MUC-SFO, confirmed.","","","799cfe61-19a0-438f-a467-fb33e006a652","-10.0","19:45:02","02686d29-55a7-48c9-a05f-3dcb3a273a1f"
"d050373a-24ca-446c-a23f-631a5235cff1","TOPIC_STEP","","SKYWAVE_PHASE_4_5","-10.0","19:45:23","","ccff4905-7a25-47df-a0ff-e4671bf45829","","","","Great, thank you!","TOPIC_STEP","You are welcome. Is there anything else I can help with?","","","","-10.0","19:45:21","1aacddf7-89d7-401c-a990-73cf30789e71"
"fa25dadf-f496-4f64-afa5-ce2803b75629","TOPIC_STEP","","SKYWAVE_PHASE_4_5","-10.0","19:45:47","","6fc6d04c-46fc-4669-a9dd-dbf3df5f2990","","","","I want to change my seat to a window seat","TOPIC_STEP","Sorry, I am unable to change your seat right now. Please try again later.","","","","-10.0","19:45:45","88d7d2d4-e9ff-4a0b-a318-fd9a458dbf05"
"fa25dadf-f496-4f64-afa5-ce2803b75629","LLM_STEP","","SKYWAVE_PHASE_4_5","-10.0","19:45:49","","5ddaf98f-a9b3-41c4-a794-ee3226200e6f","","","","I want to change my seat to a window seat","LLM_STEP","Sorry, I am unable to change your seat right now. Please try again later.","","","6fc6d04c-46fc-4669-a9dd-dbf3df5f2990","-10.0","19:45:47","88d7d2d4-e9ff-4a0b-a318-fd9a458dbf05"
"6e5f43c8-bd65-4468-af32-f9af0b1be3f7","TOPIC_STEP","","SKYWAVE_PHASE_4_5","-10.0","19:48:31","","d526874a-e320-4014-a084-8ac8f954fd67","","","","This still is not working, I am frustrated.","TOPIC_STEP","I am sorry for the inconvenience. I was unable to resolve this for you.","","","","-10.0","19:48:29","764dc5e5-b790-496d-ab15-4cdb343c0aae"
"b2c61223-27ba-4049-a734-969102551e5a","TOPIC_STEP","","SKYWAVE_PHASE_4_5","-10.0","19:49:23","","f8b4cda7-ba2f-4d58-ae50-a03ea240965a","","","","Please correct my last name on booking ABC123","TOPIC_STEP","I have updated the passenger name on booking ABC123. A confirmation has been sent.","","","","-10.0","19:49:21","7b9944a2-9c6c-4b4e-ad0a-f1aeba24f440"
"b2c61223-27ba-4049-a734-969102551e5a","LLM_STEP","","SKYWAVE_PHASE_4_5","-10.0","19:49:25","","06a6b5f8-451f-4c4d-aa36-4ef91d5295f1","","","","Please correct my last name on booking ABC123","LLM_STEP","I have updated the passenger name on booking ABC123. A confirmation has been sent.","","","f8b4cda7-ba2f-4d58-ae50-a03ea240965a","-10.0","19:49:23","7b9944a2-9c6c-4b4e-ad0a-f1aeba24f440"
"26e58001-6e03-4769-a2c7-b91e7d1e73b7","TOPIC_STEP","","SKYWAVE_PHASE_4_5","-10.0","19:50:11","","daead0e1-219a-4607-aa37-a67c2fde8fac","","","","Great, thank you!","TOPIC_STEP","You are welcome. Is there anything else I can help with?","","","","-10.0","19:50:09","cd5ad7a4-9ffe-4b93-a2ae-0dc3acc4f64b"
"ac241a9c-5a13-45d3-a7c7-741a3843b1c9","TOPIC_STEP","","SKYWAVE_PHASE_4_5","-9.0","16:43:02","","ebeb14c3-49cc-43f3-aeae-f2787c1c982f","","","","I want to select seat 1A for my flight","TOPIC_STEP","I was unable to retrieve the seat map automatically and could not assign the seat.","","","","-9.0","16:43:00","bd894888-0c0b-47c8-a7f6-8251d0ec90da"
"ac241a9c-5a13-45d3-a7c7-741a3843b1c9","LLM_STEP","","SKYWAVE_PHASE_4_5","-9.0","16:43:04","","8044febe-6924-4f9c-ad8b-1fa1bee98fba","","","","I want to select seat 1A for my flight","LLM_STEP","I was unable to retrieve the seat map automatically and could not assign the seat.","","","ebeb14c3-49cc-43f3-aeae-f2787c1c982f","-9.0","16:43:02","bd894888-0c0b-47c8-a7f6-8251d0ec90da"
"b323c61c-c033-4a50-a11d-715af714c559","TOPIC_STEP","","SKYWAVE_PHASE_4_5","-9.0","16:43:47","","d4238a21-151c-40d0-a8b6-e6aff49c54a8","","","","This still is not working, I am frustrated.","TOPIC_STEP","I am sorry for the inconvenience. I was unable to resolve this for you.","","","","-9.0","16:43:45","5e3a4627-33db-4cb7-a392-845ace409ae1"
"ec8844a0-c771-435e-a881-3a960c5c64a9","TOPIC_STEP","","SKYWAVE_PHASE_4_5","-4.0","13:49:02","","b259427a-1daa-4b1d-aa10-dd73cb2ba475","","","","I want to select seat 1A for my flight","TOPIC_STEP","I was unable to retrieve the seat map automatically and could not assign the seat.","","","","-4.0","13:49:00","be6b2e11-d44b-4012-ad50-5962c2a2ed80"
"ec8844a0-c771-435e-a881-3a960c5c64a9","LLM_STEP","","SKYWAVE_PHASE_4_5","-4.0","13:49:04","","1f8988cd-9952-4bd8-a3e9-50c8d312111d","","","","I want to select seat 1A for my flight","LLM_STEP","I was unable to retrieve the seat map automatically and could not assign the seat.","","","b259427a-1daa-4b1d-aa10-dd73cb2ba475","-4.0","13:49:02","be6b2e11-d44b-4012-ad50-5962c2a2ed80"
"5ce28369-3e94-4a98-afd4-ffe55e374a50","TOPIC_STEP","","SKYWAVE_PHASE_4_5","-4.0","13:53:50","","01dae36d-6488-45b1-a3ec-79219a93e525","","","","This still is not working, I am frustrated.","TOPIC_STEP","I am sorry for the inconvenience. I was unable to resolve this for you.","","","","-4.0","13:53:48","69465bbc-52f1-4152-a0e5-c98435b7ad32"
"7e8e51cb-4c7f-4cb1-abdb-4c997435f2ed","TOPIC_STEP","","SKYWAVE_PHASE_4_5","-4.0","13:56:37","","50a5f3e7-973c-46a1-a6b9-9013dc9dbbb6","","","","How many miles do I have?","TOPIC_STEP","You currently have 18,450 SkyWave miles. You are at Premier tier.","","","","-4.0","13:56:35","80b64fbb-5109-429e-a7e6-90f11dd122cb"
"7e8e51cb-4c7f-4cb1-abdb-4c997435f2ed","LLM_STEP","","SKYWAVE_PHASE_4_5","-4.0","13:56:39","","1de2ad60-aa59-418a-a3db-ea0844bfec61","","","","How many miles do I have?","LLM_STEP","You currently have 18,450 SkyWave miles. You are at Premier tier.","","","50a5f3e7-973c-46a1-a6b9-9013dc9dbbb6","-4.0","13:56:37","80b64fbb-5109-429e-a7e6-90f11dd122cb"
"f39acb14-3de7-4443-ae1b-e3850950b20e","TOPIC_STEP","","SKYWAVE_PHASE_4_5","-4.0","13:57:32","","c5c50d7b-eafb-4e77-a0a8-c661ecb97f45","","","","Great, thank you!","TOPIC_STEP","You are welcome. Is there anything else I can help with?","","","","-4.0","13:57:30","60b99021-7b12-4fb0-a442-11e88e4d9061"
"0468a962-d95f-44cf-a558-309e5b1758ba","TOPIC_STEP","","SKYWAVE_PHASE_4_5","-4.0","14:02:30","","4c892ad0-700e-4778-aeeb-4b8852f906ae","","","","I want to change my seat to a window seat","TOPIC_STEP","Sorry, I am unable to change your seat right now. Please try again later.","","","","-4.0","14:02:28","00e191b2-ebd8-4a14-af68-84adf14f996e"
"0468a962-d95f-44cf-a558-309e5b1758ba","LLM_STEP","","SKYWAVE_PHASE_4_5","-4.0","14:02:32","","0e2d4c73-ffa2-49a2-a59f-70879540819b","","","","I want to change my seat to a window seat","LLM_STEP","Sorry, I am unable to change your seat right now. Please try again later.","","","4c892ad0-700e-4778-aeeb-4b8852f906ae","-4.0","14:02:30","00e191b2-ebd8-4a14-af68-84adf14f996e"
"ab7521b1-8cad-4831-ac73-03a28c9f7987","TOPIC_STEP","","SKYWAVE_PHASE_4_5","-4.0","14:03:39","","a1fdd3e2-75d9-4271-a4a5-882c168245f2","","","","This still is not working, I am frustrated.","TOPIC_STEP","I am sorry for the inconvenience. I was unable to resolve this for you.","","","","-4.0","14:03:37","7a557cb1-87cf-4c31-a576-2ca41ae0fa08"
"f76bbb08-d198-4044-a0f4-763af23227b4","TOPIC_STEP","","SKYWAVE_PHASE_4_5","-3.0","10:06:02","","a2237462-acb8-43c1-ab6a-f38a17f08e27","","","","Can I move from 23B to an aisle seat?","TOPIC_STEP","I could not update your seat assignment. Please contact a service agent.","","","","-3.0","10:06:00","350bc0aa-622e-41d1-a675-39c9829fe1bd"
"f76bbb08-d198-4044-a0f4-763af23227b4","LLM_STEP","","SKYWAVE_PHASE_4_5","-3.0","10:06:04","","075d19d8-0ddc-42a2-a28d-14f8d1bab081","","","","Can I move from 23B to an aisle seat?","LLM_STEP","I could not update your seat assignment. Please contact a service agent.","","","a2237462-acb8-43c1-ab6a-f38a17f08e27","-3.0","10:06:02","350bc0aa-622e-41d1-a675-39c9829fe1bd"
"9626456d-6f1c-424b-a9e6-47435192a972","TOPIC_STEP","","SKYWAVE_PHASE_4_5","-3.0","10:07:06","","0a104ce9-35c6-416f-a7d9-64f93326773f","","","","This still is not working, I am frustrated.","TOPIC_STEP","I am sorry for the inconvenience. I was unable to resolve this for you.","","","","-3.0","10:07:04","32a7c519-701a-433b-ab56-6b0443ded0d3"
"0c5be4ba-afe7-4a6d-a2ec-34c6a15437be","TOPIC_STEP","","SKYWAVE_PHASE_4_5","-9.0","19:38:02","","9aff71dd-17f4-4798-af86-8327b7dcc665","","","","I want to change my seat to a window seat","TOPIC_STEP","Sorry, I am unable to change your seat right now. Please try again later.","","","","-9.0","19:38:00","f4b5c82d-b1ea-47e0-a49a-6eb8ede01f62"
"0c5be4ba-afe7-4a6d-a2ec-34c6a15437be","LLM_STEP","","SKYWAVE_PHASE_4_5","-9.0","19:38:04","","5d1fdadc-3771-4a8e-aaae-8a16b18fb094","","","","I want to change my seat to a window seat","LLM_STEP","Sorry, I am unable to change your seat right now. Please try again later.","","","9aff71dd-17f4-4798-af86-8327b7dcc665","-9.0","19:38:02","f4b5c82d-b1ea-47e0-a49a-6eb8ede01f62"
"97d135d9-c37a-4258-a375-d80b81266376","TOPIC_STEP","","SKYWAVE_PHASE_4_5","-9.0","19:38:25","","09d19511-1b40-4242-a785-8d3009b623c8","","","","This still is not working, I am frustrated.","TOPIC_STEP","I am sorry for the inconvenience. I was unable to resolve this for you.","","","","-9.0","19:38:23","5e0de9a7-fee1-46ba-a6a6-db3e932afc5f"
"28b47969-1e05-45a4-a671-354e2e3540a1","TOPIC_STEP","","SKYWAVE_PHASE_4_5","-9.0","19:39:23","","62b02964-5414-425d-a856-31b39d47cf02","","","","My in-flight wifi did not work, I want a refund","TOPIC_STEP","I have logged your complaint as case 00012346. A refund will be processed.","","","","-9.0","19:39:21","0e6e936e-d056-4971-a5ea-4068b9ae7570"
"28b47969-1e05-45a4-a671-354e2e3540a1","LLM_STEP","","SKYWAVE_PHASE_4_5","-9.0","19:39:25","","743794b1-a1e0-4afd-a157-08a81060df99","","","","My in-flight wifi did not work, I want a refund","LLM_STEP","I have logged your complaint as case 00012346. A refund will be processed.","","","62b02964-5414-425d-a856-31b39d47cf02","-9.0","19:39:23","0e6e936e-d056-4971-a5ea-4068b9ae7570"
"db45c6e3-7b12-4be7-a17e-ab631846d8ad","TOPIC_STEP","","SKYWAVE_PHASE_4_5","-9.0","19:40:40","","8935c9ee-164c-473f-afb8-d6dfa360c069","","","","Okay.","TOPIC_STEP","Understood. Anything else I can help with?","","","","-9.0","19:40:38","36beb644-5b55-46b8-aa16-e55a5bc2ecc0"
"85a8bfa4-58d9-4670-a5a6-17cbaffe1517","TOPIC_STEP","","SKYWAVE_PHASE_4_5","-14.0","17:08:02","","0821ba70-6373-44c4-a06e-ccf5f4c8c68e","","","","I want to change my seat to a window seat","TOPIC_STEP","Sorry, I am unable to change your seat right now. Please try again later.","","","","-14.0","17:08:00","d98285a0-9b38-4b5b-a4f0-8be0db777c40"
"85a8bfa4-58d9-4670-a5a6-17cbaffe1517","LLM_STEP","","SKYWAVE_PHASE_4_5","-14.0","17:08:04","","fe5394a9-728d-4744-ade8-1da6cc34902e","","","","I want to change my seat to a window seat","LLM_STEP","Sorry, I am unable to change your seat right now. Please try again later.","","","0821ba70-6373-44c4-a06e-ccf5f4c8c68e","-14.0","17:08:02","d98285a0-9b38-4b5b-a4f0-8be0db777c40"
"4e6d9e2d-bab4-40d7-a227-26bea6b46f31","TOPIC_STEP","","SKYWAVE_PHASE_4_5","-14.0","17:08:39","","ce8f035a-0696-40ab-a10f-f075520cd4d7","","","","This still is not working, I am frustrated.","TOPIC_STEP","I am sorry for the inconvenience. I was unable to resolve this for you.","","","","-14.0","17:08:37","f0a6e223-901a-4cd4-ab86-cb0064d614e5"
"aac4a7f2-de81-4a26-a459-91f6f7a80f80","TOPIC_STEP","","SKYWAVE_PHASE_4_5","-7.0","18:03:02","","908b492a-ad66-4151-a6e3-d48c1c19ca66","","","","Cancel my booking ABC123","TOPIC_STEP","I have cancelled booking ABC123. A refund of $480 will be issued.","","","","-7.0","18:03:00","bda75e9a-d248-4c15-a3f6-3670afc95e20"
"aac4a7f2-de81-4a26-a459-91f6f7a80f80","LLM_STEP","","SKYWAVE_PHASE_4_5","-7.0","18:03:04","","cac1a590-5441-48e7-a2c9-716b57f01456","","","","Cancel my booking ABC123","LLM_STEP","I have cancelled booking ABC123. A refund of $480 will be issued.","","","908b492a-ad66-4151-a6e3-d48c1c19ca66","-7.0","18:03:02","bda75e9a-d248-4c15-a3f6-3670afc95e20"
"502fab68-2c9d-4a5f-ad08-4c69332b1493","TOPIC_STEP","","SKYWAVE_PHASE_4_5","-7.0","18:05:56","","d024250a-dda7-4ae3-a182-90b1d53d789e","","","","Great, thank you!","TOPIC_STEP","You are welcome. Is there anything else I can help with?","","","","-7.0","18:05:54","a67f9eb1-77ca-4d72-a2a2-9835bed41f3a"
"af636e40-9750-48f1-afbe-6413cc1f5055","TOPIC_STEP","","SKYWAVE_PHASE_4_5","-1.0","09:51:02","","e2bbb6f4-4da0-4324-a98a-0f7ccdff7328","","","","Find flights from JFK to HND tomorrow","TOPIC_STEP","I found 4 flights for that route. The cheapest is SW1200 at 1pm for $1,280.","","","","-1.0","09:51:00","93752caf-13e6-41e0-adc4-e08852af5ce1"
"af636e40-9750-48f1-afbe-6413cc1f5055","LLM_STEP","","SKYWAVE_PHASE_4_5","-1.0","09:51:04","","f7d23b21-8305-4f80-a802-d41b3db6c407","","","","Find flights from JFK to HND tomorrow","LLM_STEP","I found 4 flights for that route. The cheapest is SW1200 at 1pm for $1,280.","","","e2bbb6f4-4da0-4324-a98a-0f7ccdff7328","-1.0","09:51:02","93752caf-13e6-41e0-adc4-e08852af5ce1"
"5b1ad27a-aeb3-451a-a611-63f934a53300","TOPIC_STEP","","SKYWAVE_PHASE_4_5","-1.0","09:54:35","","09d02191-67f8-4aad-a42b-ca0a60403964","","","","Great, thank you!","TOPIC_STEP","You are welcome. Is there anything else I can help with?","","","","-1.0","09:54:33","a8af240b-c2b5-48aa-a816-f6a18b724552"
"7905790a-4829-4f18-ab75-2fb5c2379233","TOPIC_STEP","","SKYWAVE_PHASE_4_5","-1.0","09:55:46","","f6d86dc5-78de-4e09-a6da-c555e5956866","","","","Find flights from JFK to HND tomorrow","TOPIC_STEP","I found 4 flights for that route. The cheapest is SW1200 at 1pm for $1,280.","","","","-1.0","09:55:44","335d5b3c-ac87-4be8-a999-a2bbbc55b345"
"7905790a-4829-4f18-ab75-2fb5c2379233","LLM_STEP","","SKYWAVE_PHASE_4_5","-1.0","09:55:48","","61d683fc-d8b3-47c1-ab54-8e9152952f79","","","","Find flights from JFK to HND tomorrow","LLM_STEP","I found 4 flights for that route. The cheapest is SW1200 at 1pm for $1,280.","","","f6d86dc5-78de-4e09-a6da-c555e5956866","-1.0","09:55:46","335d5b3c-ac87-4be8-a999-a2bbbc55b345"
"5aa806c7-feb9-4b28-aa94-549fbce03b6a","TOPIC_STEP","","SKYWAVE_PHASE_4_5","-1.0","09:56:53","","ef9a053b-c7b2-4532-a935-b79b0a79deaa","","","","Great, thank you!","TOPIC_STEP","You are welcome. Is there anything else I can help with?","","","","-1.0","09:56:51","cd40432d-bfdc-4209-a833-82e145b11a7e"
"12f90a5c-d6f4-4dd2-aa70-53a156247b8a","TOPIC_STEP","","SKYWAVE_PHASE_4_5","-13.0","15:28:02","","2f10f785-a1fa-44af-a218-7eaf42ca8e06","","","","Cancel my booking ABC123","TOPIC_STEP","I have cancelled booking ABC123. A refund of $480 will be issued.","","","","-13.0","15:28:00","df613cc7-41a1-43f6-ac6f-82f07030005e"
"12f90a5c-d6f4-4dd2-aa70-53a156247b8a","LLM_STEP","","SKYWAVE_PHASE_4_5","-13.0","15:28:04","","eb42e807-3a59-481f-ab89-73b358fc6cee","","","","Cancel my booking ABC123","LLM_STEP","I have cancelled booking ABC123. A refund of $480 will be issued.","","","2f10f785-a1fa-44af-a218-7eaf42ca8e06","-13.0","15:28:02","df613cc7-41a1-43f6-ac6f-82f07030005e"
"f4ba525a-6fbe-4b32-abbf-74c81b086cea","TOPIC_STEP","","SKYWAVE_PHASE_4_5","-13.0","15:32:06","","48c2eabb-0f1a-42a4-a395-182db35254fd","","","","Great, thank you!","TOPIC_STEP","You are welcome. Is there anything else I can help with?","","","","-13.0","15:32:04","e5e3f7fe-ab18-4900-af4b-c6c6149c863d"
"ee2c421a-1a10-4f91-a953-50f131cec04c","TOPIC_STEP","","SKYWAVE_PHASE_4_5","-13.0","15:36:38","","bbb9aa0b-bb94-4c48-af28-66a9c9f39c5a","","","","What is my tier status?","TOPIC_STEP","You are Gold tier with 14,200 qualifying points this year.","","","","-13.0","15:36:36","c2f97e4f-b820-456b-abbf-59b145091237"
"ee2c421a-1a10-4f91-a953-50f131cec04c","LLM_STEP","","SKYWAVE_PHASE_4_5","-13.0","15:36:40","","c8217b7f-9eb4-4186-ac07-d1ff7d79f062","","","","What is my tier status?","LLM_STEP","You are Gold tier with 14,200 qualifying points this year.","","","bbb9aa0b-bb94-4c48-af28-66a9c9f39c5a","-13.0","15:36:38","c2f97e4f-b820-456b-abbf-59b145091237"
"4459f6a8-8164-44eb-ac9e-9cb2f76caee1","TOPIC_STEP","","SKYWAVE_PHASE_4_5","-13.0","15:37:56","","4deedc76-f588-425c-ad79-006861fe57d8","","","","Great, thank you!","TOPIC_STEP","You are welcome. Is there anything else I can help with?","","","","-13.0","15:37:54","82fd09db-745c-4f97-a979-08b03f560670"
"5de0384b-3a1b-47e4-a990-459cbba6c2f8","TOPIC_STEP","","SKYWAVE_PHASE_4_5","-13.0","15:38:17","","96564172-26a2-49aa-aa18-eac1e682f444","","","","How many miles do I have?","TOPIC_STEP","You currently have 18,450 SkyWave miles. You are at Premier tier.","","","","-13.0","15:38:15","51885af3-3b42-4c37-a632-00688ff84a4f"
"5de0384b-3a1b-47e4-a990-459cbba6c2f8","LLM_STEP","","SKYWAVE_PHASE_4_5","-13.0","15:38:19","","ddc1ee79-a1e8-43fb-aad3-5d0eab5c4caa","","","","How many miles do I have?","LLM_STEP","You currently have 18,450 SkyWave miles. You are at Premier tier.","","","96564172-26a2-49aa-aa18-eac1e682f444","-13.0","15:38:17","51885af3-3b42-4c37-a632-00688ff84a4f"
"56853552-a12f-4e3a-aa76-10d0b8f10a8e","TOPIC_STEP","","SKYWAVE_PHASE_4_5","-13.0","15:38:58","","e63c6ed3-515d-48d9-a7aa-3426f713e57a","","","","Great, thank you!","TOPIC_STEP","You are welcome. Is there anything else I can help with?","","","","-13.0","15:38:56","52a598d1-ea1b-43d1-a6f6-e3c993472204"
"cef64d62-2eef-44ad-afb1-0dfe326845a9","TOPIC_STEP","","SKYWAVE_PHASE_4_5","-4.0","19:59:02","","f8445d82-352d-425b-afeb-351e4d552223","","","","I want to change my seat to a window seat","TOPIC_STEP","Sorry, I am unable to change your seat right now. Please try again later.","","","","-4.0","19:59:00","9498428f-063a-4aec-aaf0-65658fdf21ae"
"cef64d62-2eef-44ad-afb1-0dfe326845a9","LLM_STEP","","SKYWAVE_PHASE_4_5","-4.0","19:59:04","","62a76206-a81c-457c-a929-93935556129c","","","","I want to change my seat to a window seat","LLM_STEP","Sorry, I am unable to change your seat right now. Please try again later.","","","f8445d82-352d-425b-afeb-351e4d552223","-4.0","19:59:02","9498428f-063a-4aec-aaf0-65658fdf21ae"
"66888928-4e5c-4d48-a5c4-8240e672f4bf","TOPIC_STEP","","SKYWAVE_PHASE_4_5","-4.0","20:03:46","","cacf6bc7-0016-4912-af62-799ed11ccac3","","","","This still is not working, I am frustrated.","TOPIC_STEP","I am sorry for the inconvenience. I was unable to resolve this for you.","","","","-4.0","20:03:44","7359d95a-7d5e-4beb-a2ec-47969e92d7a3"
"25b0a73c-d1f0-4f18-adbf-386734694fdd","TOPIC_STEP","","SKYWAVE_PHASE_4_5","-14.0","17:21:02","","f15db481-7ac2-402e-a545-4276fe79a2a0","","","","I want to change my seat to a window seat","TOPIC_STEP","Sorry, I am unable to change your seat right now. Please try again later.","","","","-14.0","17:21:00","4e5f84d0-8f6d-4286-a9e9-12da947e45d4"
"25b0a73c-d1f0-4f18-adbf-386734694fdd","LLM_STEP","","SKYWAVE_PHASE_4_5","-14.0","17:21:04","","da16e7bc-aca2-48be-a310-e7c5c362d5bf","","","","I want to change my seat to a window seat","LLM_STEP","Sorry, I am unable to change your seat right now. Please try again later.","","","f15db481-7ac2-402e-a545-4276fe79a2a0","-14.0","17:21:02","4e5f84d0-8f6d-4286-a9e9-12da947e45d4"
"d766225c-9da9-48aa-aa32-fc005440c3c6","TOPIC_STEP","","SKYWAVE_PHASE_4_5","-14.0","17:22:09","","bd8f36c6-1f4c-4c92-ad8c-cc2565c2a6d0","","","","This still is not working, I am frustrated.","TOPIC_STEP","I am sorry for the inconvenience. I was unable to resolve this for you.","","","","-14.0","17:22:07","47daab9e-5fff-43d2-af06-8665ecfe9d2f"
"a84538dc-3d43-47c5-ac9b-04f6a86c2959","TOPIC_STEP","","SKYWAVE_PHASE_4_5","-11.0","18:59:02","","398a1031-b97e-4d3c-a69e-304e9ccbeaf0","","","","I want to change my seat to a window seat","TOPIC_STEP","Sorry, I am unable to change your seat right now. Please try again later.","","","","-11.0","18:59:00","02f65e8e-a76b-4b00-a2a9-e637920b07c0"
"a84538dc-3d43-47c5-ac9b-04f6a86c2959","LLM_STEP","","SKYWAVE_PHASE_4_5","-11.0","18:59:04","","1c0207a3-e7ee-40d3-a144-56d481148f91","","","","I want to change my seat to a window seat","LLM_STEP","Sorry, I am unable to change your seat right now. Please try again later.","","","398a1031-b97e-4d3c-a69e-304e9ccbeaf0","-11.0","18:59:02","02f65e8e-a76b-4b00-a2a9-e637920b07c0"
"b4489010-30d8-41b5-a609-a925144e6bf2","TOPIC_STEP","","SKYWAVE_PHASE_4_5","-11.0","18:59:46","","34305cda-0297-4282-af92-cbf1c0673793","","","","This still is not working, I am frustrated.","TOPIC_STEP","I am sorry for the inconvenience. I was unable to resolve this for you.","","","","-11.0","18:59:44","76648ea9-0540-42e8-a896-dd4845b24c17"
"a9249c5f-8ce3-4b6f-a6ad-7dc0765ef0f9","TOPIC_STEP","","SKYWAVE_PHASE_4_5","-7.0","14:35:02","","a61b7b32-cf35-4637-a577-6e777a6eb6a7","","","","Show me my upcoming bookings","TOPIC_STEP","You have one upcoming booking — LH 1927 BER-MUC-SFO, confirmed.","","","","-7.0","14:35:00","347953f2-20be-4581-aaed-c67ecbd186ff"
"a9249c5f-8ce3-4b6f-a6ad-7dc0765ef0f9","LLM_STEP","","SKYWAVE_PHASE_4_5","-7.0","14:35:04","","ced9b7c5-6027-40fc-a6e8-49b05359456c","","","","Show me my upcoming bookings","LLM_STEP","You have one upcoming booking — LH 1927 BER-MUC-SFO, confirmed.","","","a61b7b32-cf35-4637-a577-6e777a6eb6a7","-7.0","14:35:02","347953f2-20be-4581-aaed-c67ecbd186ff"
"48892322-1c15-48d5-aa47-531a4b538371","TOPIC_STEP","","SKYWAVE_PHASE_4_5","-7.0","14:35:58","","c9c4105c-0044-42cc-a5d4-77b4ec96b023","","","","Great, thank you!","TOPIC_STEP","You are welcome. Is there anything else I can help with?","","","","-7.0","14:35:56","8d31779d-8d21-4411-a98f-010e58d5b208"
"fe0fce2a-d0f8-481d-a91b-58e728d3440b","TOPIC_STEP","","SKYWAVE_PHASE_4_5","-6.0","14:52:02","","22064fb1-a490-4300-a281-7179a033f938","","","","I want to change my seat to a window seat","TOPIC_STEP","Sorry, I am unable to change your seat right now. Please try again later.","","","","-6.0","14:52:00","60fa8bcb-68fd-43ff-aed3-2f7643282f36"
"fe0fce2a-d0f8-481d-a91b-58e728d3440b","LLM_STEP","","SKYWAVE_PHASE_4_5","-6.0","14:52:04","","510bfc23-cc02-4abc-ad01-d0344ac80272","","","","I want to change my seat to a window seat","LLM_STEP","Sorry, I am unable to change your seat right now. Please try again later.","","","22064fb1-a490-4300-a281-7179a033f938","-6.0","14:52:02","60fa8bcb-68fd-43ff-aed3-2f7643282f36"
"4ea79d5e-74bd-4a4d-ade2-854c9048e04f","TOPIC_STEP","","SKYWAVE_PHASE_4_5","-6.0","14:55:56","","26321ee4-1b57-413d-a07e-ec78e4343f87","","","","This still is not working, I am frustrated.","TOPIC_STEP","I am sorry for the inconvenience. I was unable to resolve this for you.","","","","-6.0","14:55:54","0790661a-b44e-4258-a024-bf7f6949a6f5"
"c7055b55-7c67-4275-a6d6-4425e05ef02f","TOPIC_STEP","","SKYWAVE_PHASE_4_5","-13.0","08:00:02","","ca3ce2c9-cef7-4a92-ad5f-831f034af04a","","","","My in-flight wifi did not work, I want a refund","TOPIC_STEP","I have logged your complaint as case 00012346. A refund will be processed.","","","","-13.0","08:00:00","97cbc68e-bfec-4d20-a022-185cdcbdd2d4"
"c7055b55-7c67-4275-a6d6-4425e05ef02f","LLM_STEP","","SKYWAVE_PHASE_4_5","-13.0","08:00:04","","e1d825a2-c8ac-48ba-a236-439b1eaf680d","","","","My in-flight wifi did not work, I want a refund","LLM_STEP","I have logged your complaint as case 00012346. A refund will be processed.","","","ca3ce2c9-cef7-4a92-ad5f-831f034af04a","-13.0","08:00:02","97cbc68e-bfec-4d20-a022-185cdcbdd2d4"
"e71dc9ea-6d8b-4984-af6e-cf6e2f2d1d75","TOPIC_STEP","","SKYWAVE_PHASE_4_5","-13.0","08:01:14","","c9a9c5ae-8721-4774-a797-5f38891402ee","","","","Okay.","TOPIC_STEP","Understood. Anything else I can help with?","","","","-13.0","08:01:12","1a58102a-8a9c-425e-aaba-a48157e46750"
"61b37944-ff65-4250-ab50-07bd2be075d6","TOPIC_STEP","","SKYWAVE_PHASE_4_5","-13.0","08:01:52","","5a0f3964-23a7-4264-affa-1b0fac4d67c8","","","","My first name is misspelled on my ticket","TOPIC_STEP","I have corrected the spelling on your ticket. Please review the updated itinerary.","","","","-13.0","08:01:50","db0580a3-77cf-41ef-a3a2-ab5454bfd485"
"61b37944-ff65-4250-ab50-07bd2be075d6","LLM_STEP","","SKYWAVE_PHASE_4_5","-13.0","08:01:54","","e5e50f11-82a1-43a9-aaf1-d6fceb74b868","","","","My first name is misspelled on my ticket","LLM_STEP","I have corrected the spelling on your ticket. Please review the updated itinerary.","","","5a0f3964-23a7-4264-affa-1b0fac4d67c8","-13.0","08:01:52","db0580a3-77cf-41ef-a3a2-ab5454bfd485"
"2339379f-cf8b-4858-a7eb-ed36e87c7767","TOPIC_STEP","","SKYWAVE_PHASE_4_5","-13.0","08:06:49","","89fe3c52-00db-4148-a4c9-7c859b244ccc","","","","Great, thank you!","TOPIC_STEP","You are welcome. Is there anything else I can help with?","","","","-13.0","08:06:47","6397aef2-7106-4f8c-aea5-697a58c5cc2f"
"d211604c-34fa-4a7c-a6b3-4fb75e7a2809","TOPIC_STEP","","SKYWAVE_PHASE_4_5","-14.0","13:45:02","","1ab15310-1f76-404f-abec-faea74b6b2af","","","","Please correct my last name on booking ABC123","TOPIC_STEP","I have updated the passenger name on booking ABC123. A confirmation has been sent.","","","","-14.0","13:45:00","a0fbc5c9-3210-4da1-af60-6703291375dd"
"d211604c-34fa-4a7c-a6b3-4fb75e7a2809","LLM_STEP","","SKYWAVE_PHASE_4_5","-14.0","13:45:04","","b5898269-e4ba-4c02-a2a2-735a5e70e4ce","","","","Please correct my last name on booking ABC123","LLM_STEP","I have updated the passenger name on booking ABC123. A confirmation has been sent.","","","1ab15310-1f76-404f-abec-faea74b6b2af","-14.0","13:45:02","a0fbc5c9-3210-4da1-af60-6703291375dd"
"302e7e89-3f36-4d00-a687-29c40f52be59","TOPIC_STEP","","SKYWAVE_PHASE_4_5","-14.0","13:45:24","","7a212ced-3210-403c-a976-b095a6fe60fc","","","","Great, thank you!","TOPIC_STEP","You are welcome. Is there anything else I can help with?","","","","-14.0","13:45:22","1a3a6c73-1f0e-478b-aadb-8b43562c4027"
"928e653b-a0d2-44fb-a467-81375ce900cc","TOPIC_STEP","","SKYWAVE_PHASE_4_5","-14.0","13:47:40","","7ec2ffca-30a0-48fa-a001-9494d88d16be","","","","Tell me a joke","TOPIC_STEP","I am a Skywave booking assistant. How can I help with your travel?","","","","-14.0","13:47:38","7370604e-1454-468e-a785-487613a043b8"
"928e653b-a0d2-44fb-a467-81375ce900cc","LLM_STEP","","SKYWAVE_PHASE_4_5","-14.0","13:47:42","","ac90a350-c44e-4a68-af96-b1ff42a55d28","","","","Tell me a joke","LLM_STEP","I am a Skywave booking assistant. How can I help with your travel?","","","7ec2ffca-30a0-48fa-a001-9494d88d16be","-14.0","13:47:40","7370604e-1454-468e-a785-487613a043b8"
"4e8a51b5-4546-411d-a20f-f10014f5cf15","TOPIC_STEP","","SKYWAVE_PHASE_4_5","-14.0","13:48:37","","5b0de785-2634-458f-abe6-1219281d606c","","","","This still is not working, I am frustrated.","TOPIC_STEP","I am sorry for the inconvenience. I was unable to resolve this for you.","","","","-14.0","13:48:35","572750c3-5372-4620-ab76-dbd384b5a2fe"
"263280b8-4ebd-4434-a4b6-1695ff8fc520","TOPIC_STEP","","SKYWAVE_PHASE_4_5","-1.0","17:55:02","","ce6a8079-ecc7-4e78-a61f-a57ca00337a0","","","","Tell me a joke","TOPIC_STEP","I am a Skywave booking assistant. How can I help with your travel?","","","","-1.0","17:55:00","c09682e3-ce03-46a1-acd7-0fe073044a60"
"263280b8-4ebd-4434-a4b6-1695ff8fc520","LLM_STEP","","SKYWAVE_PHASE_4_5","-1.0","17:55:04","","02e4afea-6bfb-4185-ae4b-2c3d2320d229","","","","Tell me a joke","LLM_STEP","I am a Skywave booking assistant. How can I help with your travel?","","","ce6a8079-ecc7-4e78-a61f-a57ca00337a0","-1.0","17:55:02","c09682e3-ce03-46a1-acd7-0fe073044a60"
"74538f66-b56d-4f04-accc-e024e3950492","TOPIC_STEP","","SKYWAVE_PHASE_4_5","-1.0","17:56:12","","7a3e57bc-eb81-427a-a01c-7a012d0a7c72","","","","Okay.","TOPIC_STEP","Understood. Anything else I can help with?","","","","-1.0","17:56:10","4a463535-606c-4238-aecf-fde96c4980ee"
"64642a69-8b79-4a48-a197-3ffb36ecb5bb","TOPIC_STEP","","SKYWAVE_PHASE_4_5","-8.0","08:52:02","","2aba73fa-60c1-44e2-ad21-6e53cf7da404","","","","Can I move from 23B to an aisle seat?","TOPIC_STEP","I could not update your seat assignment. Please contact a service agent.","","","","-8.0","08:52:00","5aa5d03b-27a6-484a-ae82-9e116eff9709"
"64642a69-8b79-4a48-a197-3ffb36ecb5bb","LLM_STEP","","SKYWAVE_PHASE_4_5","-8.0","08:52:04","","4bf67651-b403-4123-a3b5-18e4ee4708a8","","","","Can I move from 23B to an aisle seat?","LLM_STEP","I could not update your seat assignment. Please contact a service agent.","","","2aba73fa-60c1-44e2-ad21-6e53cf7da404","-8.0","08:52:02","5aa5d03b-27a6-484a-ae82-9e116eff9709"
"9bb8bb7a-f635-4550-a1b7-561ddb4ad8de","TOPIC_STEP","","SKYWAVE_PHASE_4_5","-8.0","08:52:33","","51f92934-a791-4e16-a230-415161a2e2be","","","","This still is not working, I am frustrated.","TOPIC_STEP","I am sorry for the inconvenience. I was unable to resolve this for you.","","","","-8.0","08:52:31","5dd08819-8545-4fb9-ac2f-172dd11514b1"
"a0c0ddb0-c9e6-4a32-ad25-93361c89ee0d","TOPIC_STEP","","SKYWAVE_PHASE_4_5","-8.0","08:55:53","","29844ca3-a5e1-4d17-a580-6b8d108e5b82","","","","Whats the weather like in Tokyo?","TOPIC_STEP","I can only help with flight bookings and Skywave loyalty questions.","","","","-8.0","08:55:51","4e9ca120-f6c9-419e-ae54-b6c99757c1f8"
"a0c0ddb0-c9e6-4a32-ad25-93361c89ee0d","LLM_STEP","","SKYWAVE_PHASE_4_5","-8.0","08:55:55","","4f549336-adc7-4a5b-afb9-e944f9e893f1","","","","Whats the weather like in Tokyo?","LLM_STEP","I can only help with flight bookings and Skywave loyalty questions.","","","29844ca3-a5e1-4d17-a580-6b8d108e5b82","-8.0","08:55:53","4e9ca120-f6c9-419e-ae54-b6c99757c1f8"
"efdc4e3a-4cc4-4e55-a0d6-ed3bbf343dab","TOPIC_STEP","","SKYWAVE_PHASE_4_5","-8.0","08:56:43","","f3e91a48-d761-4683-a76a-8ad4bd3e31ee","","","","Okay.","TOPIC_STEP","Understood. Anything else I can help with?","","","","-8.0","08:56:41","ce8115f9-f534-400d-a793-f7988f09237f"
"447dadee-40a5-4932-ad3a-9c49751b83f9","TOPIC_STEP","","SKYWAVE_PHASE_4_5","-4.0","12:04:02","","f8642f1b-2ec4-4e27-a896-de9ffa8744cd","","","","My first name is misspelled on my ticket","TOPIC_STEP","I have corrected the spelling on your ticket. Please review the updated itinerary.","","","","-4.0","12:04:00","0cd7894c-e5ee-4bbb-a89c-9c6d8679f16f"
"447dadee-40a5-4932-ad3a-9c49751b83f9","LLM_STEP","","SKYWAVE_PHASE_4_5","-4.0","12:04:04","","8867c874-b914-45c0-afd1-f3cd2aa1c822","","","","My first name is misspelled on my ticket","LLM_STEP","I have corrected the spelling on your ticket. Please review the updated itinerary.","","","f8642f1b-2ec4-4e27-a896-de9ffa8744cd","-4.0","12:04:02","0cd7894c-e5ee-4bbb-a89c-9c6d8679f16f"
"6a0b8f3b-bd1e-4250-a173-2a5aaeec5bd1","TOPIC_STEP","","SKYWAVE_PHASE_4_5","-4.0","12:04:20","","f35e793b-6bb4-4dde-a71f-2366470fbcd0","","","","Great, thank you!","TOPIC_STEP","You are welcome. Is there anything else I can help with?","","","","-4.0","12:04:18","d0ff0650-5ed9-4e11-ab03-44d5a5f3ca84"
"f3546f1a-d395-42ea-a3e9-c7b7bd984b39","TOPIC_STEP","","SKYWAVE_PHASE_4_5","-4.0","12:05:31","","d47748c4-f987-4bb5-abf9-c4395b8becae","","","","Find flights from JFK to HND tomorrow","TOPIC_STEP","I found 4 flights for that route. The cheapest is SW1200 at 1pm for $1,280.","","","","-4.0","12:05:29","cd410268-0e06-4938-aa95-1ddfb0e1cfd1"
"f3546f1a-d395-42ea-a3e9-c7b7bd984b39","LLM_STEP","","SKYWAVE_PHASE_4_5","-4.0","12:05:33","","9f92b5ab-ec9b-4e80-af7e-73c241ee325f","","","","Find flights from JFK to HND tomorrow","LLM_STEP","I found 4 flights for that route. The cheapest is SW1200 at 1pm for $1,280.","","","d47748c4-f987-4bb5-abf9-c4395b8becae","-4.0","12:05:31","cd410268-0e06-4938-aa95-1ddfb0e1cfd1"
"f4f7d75b-6f68-4b8c-a937-8aab53bc2090","TOPIC_STEP","","SKYWAVE_PHASE_4_5","-4.0","12:05:59","","b5b28a2d-a2e9-4f9f-aa6d-49844e224804","","","","Great, thank you!","TOPIC_STEP","You are welcome. Is there anything else I can help with?","","","","-4.0","12:05:57","4a657a78-1e6a-4556-a1c1-8daef2e420ff"
"cc3e320a-f7b2-41a3-aa00-7e86fb9778a9","TOPIC_STEP","","SKYWAVE_PHASE_4_5","-4.0","12:06:49","","9da92884-c463-47d1-af47-90e6a394fc65","","","","How many miles do I have?","TOPIC_STEP","You currently have 18,450 SkyWave miles. You are at Premier tier.","","","","-4.0","12:06:47","e4b3f623-f7f0-41a4-abfc-796ba8626891"
"cc3e320a-f7b2-41a3-aa00-7e86fb9778a9","LLM_STEP","","SKYWAVE_PHASE_4_5","-4.0","12:06:51","","abb2f08f-a481-41de-a368-59fcfc3a305a","","","","How many miles do I have?","LLM_STEP","You currently have 18,450 SkyWave miles. You are at Premier tier.","","","9da92884-c463-47d1-af47-90e6a394fc65","-4.0","12:06:49","e4b3f623-f7f0-41a4-abfc-796ba8626891"
"03462722-2bfa-47e9-a97f-1d3663e7ac1c","TOPIC_STEP","","SKYWAVE_PHASE_4_5","-4.0","12:09:42","","739ea326-bdfd-4e3b-a82b-c392efa31cd9","","","","Great, thank you!","TOPIC_STEP","You are welcome. Is there anything else I can help with?","","","","-4.0","12:09:40","38adf19d-9280-45de-acc7-ba80c357e2e3"
"22f5b403-1e5e-4591-a12a-f71f9e385974","TOPIC_STEP","","SKYWAVE_PHASE_4_5","-5.0","15:26:02","","a3f2c717-94a7-4141-a3c3-9a37b2c9714e","","","","How many miles do I have?","TOPIC_STEP","You currently have 18,450 SkyWave miles. You are at Premier tier.","","","","-5.0","15:26:00","d69b449d-52c7-4176-aefb-d632323a3ea5"
"22f5b403-1e5e-4591-a12a-f71f9e385974","LLM_STEP","","SKYWAVE_PHASE_4_5","-5.0","15:26:04","","01f58165-7f24-4863-adc0-8bcb6d3a1284","","","","How many miles do I have?","LLM_STEP","You currently have 18,450 SkyWave miles. You are at Premier tier.","","","a3f2c717-94a7-4141-a3c3-9a37b2c9714e","-5.0","15:26:02","d69b449d-52c7-4176-aefb-d632323a3ea5"
"56e4c6c8-066a-4c9b-a594-39491201e5c0","TOPIC_STEP","","SKYWAVE_PHASE_4_5","-5.0","15:30:43","","15fac25a-5bae-4a54-a32f-5da15a5b4919","","","","Great, thank you!","TOPIC_STEP","You are welcome. Is there anything else I can help with?","","","","-5.0","15:30:41","7b4e798f-2d1e-4878-a403-e274975da97d"
"f6ee7a8b-74dc-4084-a414-6a54c5363643","TOPIC_STEP","","SKYWAVE_PHASE_4_5","-13.0","18:25:02","","f0fea472-ba6f-42a8-a81a-ea843408b952","","","","What is my tier status?","TOPIC_STEP","You are Gold tier with 14,200 qualifying points this year.","","","","-13.0","18:25:00","22c02fed-7829-43a1-aeb5-d2d7fbfb5c54"
"f6ee7a8b-74dc-4084-a414-6a54c5363643","LLM_STEP","","SKYWAVE_PHASE_4_5","-13.0","18:25:04","","6272e856-1732-4459-a2a6-2f90953219b9","","","","What is my tier status?","LLM_STEP","You are Gold tier with 14,200 qualifying points this year.","","","f0fea472-ba6f-42a8-a81a-ea843408b952","-13.0","18:25:02","22c02fed-7829-43a1-aeb5-d2d7fbfb5c54"
"87bb66a5-1817-4d64-aa0c-6a304062aeee","TOPIC_STEP","","SKYWAVE_PHASE_4_5","-13.0","18:26:08","","2f716285-68b6-43e4-a5ca-e7932d44fe2f","","","","Great, thank you!","TOPIC_STEP","You are welcome. Is there anything else I can help with?","","","","-13.0","18:26:06","1fcd5712-8f3e-4636-ad46-a47f475d6033"
"daa53e62-68e4-4afd-a365-f2ca11316484","TOPIC_STEP","","SKYWAVE_PHASE_4_5","-13.0","18:29:34","","ce776171-9a6e-4442-ac05-897d6e4c5490","","","","How many miles do I have?","TOPIC_STEP","You currently have 18,450 SkyWave miles. You are at Premier tier.","","","","-13.0","18:29:32","7409a2e9-4a90-4f1a-af92-be5bc77f5760"
"daa53e62-68e4-4afd-a365-f2ca11316484","LLM_STEP","","SKYWAVE_PHASE_4_5","-13.0","18:29:36","","bb98ffbb-a3d4-4e11-ab9e-3cad6bda344b","","","","How many miles do I have?","LLM_STEP","You currently have 18,450 SkyWave miles. You are at Premier tier.","","","ce776171-9a6e-4442-ac05-897d6e4c5490","-13.0","18:29:34","7409a2e9-4a90-4f1a-af92-be5bc77f5760"
"2d70a5cf-b3d2-4417-a0bc-816c0eef1898","TOPIC_STEP","","SKYWAVE_PHASE_4_5","-13.0","18:30:09","","c2d29d3a-eced-4a53-ac59-539c4d259097","","","","Great, thank you!","TOPIC_STEP","You are welcome. Is there anything else I can help with?","","","","-13.0","18:30:07","316df98b-b089-4a96-aa87-336b5c524bc2"
"54b6f630-a3f7-4021-afe4-3a130e640a09","TOPIC_STEP","","SKYWAVE_PHASE_4_5","-5.0","10:44:02","","0e495eac-a059-43f2-afc8-92fb78b6c91b","","","","Show me my upcoming bookings","TOPIC_STEP","You have one upcoming booking — LH 1927 BER-MUC-SFO, confirmed.","","","","-5.0","10:44:00","d8099a00-2d7c-4cea-aed9-aa80a7d9804c"
"54b6f630-a3f7-4021-afe4-3a130e640a09","LLM_STEP","","SKYWAVE_PHASE_4_5","-5.0","10:44:04","","5c2a35a0-9a2b-4399-ae53-7ef0baef4944","","","","Show me my upcoming bookings","LLM_STEP","You have one upcoming booking — LH 1927 BER-MUC-SFO, confirmed.","","","0e495eac-a059-43f2-afc8-92fb78b6c91b","-5.0","10:44:02","d8099a00-2d7c-4cea-aed9-aa80a7d9804c"
"d369a1fe-4342-4d20-a40f-56fbe839328d","TOPIC_STEP","","SKYWAVE_PHASE_4_5","-5.0","10:46:20","","ac5ec58e-0342-4943-a70a-0a5a751db2af","","","","Great, thank you!","TOPIC_STEP","You are welcome. Is there anything else I can help with?","","","","-5.0","10:46:18","ff76d9b3-89c2-4445-a34d-fbcb59966dcc"
"77b4a9bf-5e6d-40b5-a917-58636cd03ce2","TOPIC_STEP","","SKYWAVE_PHASE_4_5","-7.0","17:08:02","","3d0a948b-857e-4bfb-a65e-f816429622c6","","","","Show me my upcoming bookings","TOPIC_STEP","You have one upcoming booking — LH 1927 BER-MUC-SFO, confirmed.","","","","-7.0","17:08:00","a75608cf-d7cb-4bb2-a487-71ed4a0cc019"
"77b4a9bf-5e6d-40b5-a917-58636cd03ce2","LLM_STEP","","SKYWAVE_PHASE_4_5","-7.0","17:08:04","","1c18fa7c-c214-4a55-af47-672f95592c50","","","","Show me my upcoming bookings","LLM_STEP","You have one upcoming booking — LH 1927 BER-MUC-SFO, confirmed.","","","3d0a948b-857e-4bfb-a65e-f816429622c6","-7.0","17:08:02","a75608cf-d7cb-4bb2-a487-71ed4a0cc019"
"e9695b3e-5bf4-4639-aabb-30d1770cd9ec","TOPIC_STEP","","SKYWAVE_PHASE_4_5","-7.0","17:09:18","","fdb8533c-2039-4769-a232-8adcb8698c0c","","","","Great, thank you!","TOPIC_STEP","You are welcome. Is there anything else I can help with?","","","","-7.0","17:09:16","78fd98c6-b6ef-44a1-ab93-b45a4dd11ae7"
"a48ff8c6-634f-4718-a599-8e73a6edfc01","TOPIC_STEP","","SKYWAVE_PHASE_4_5","-6.0","08:35:02","","f1063538-f8e4-4836-a2b0-6b8d05d46aea","","","","Please correct my last name on booking ABC123","TOPIC_STEP","I have updated the passenger name on booking ABC123. A confirmation has been sent.","","","","-6.0","08:35:00","f6d89fec-beef-45e3-a615-b62ed43b5f60"
"a48ff8c6-634f-4718-a599-8e73a6edfc01","LLM_STEP","","SKYWAVE_PHASE_4_5","-6.0","08:35:04","","280c9bbd-4ff4-4241-ab41-396cefec694f","","","","Please correct my last name on booking ABC123","LLM_STEP","I have updated the passenger name on booking ABC123. A confirmation has been sent.","","","f1063538-f8e4-4836-a2b0-6b8d05d46aea","-6.0","08:35:02","f6d89fec-beef-45e3-a615-b62ed43b5f60"
"50b65a75-e176-44f0-aa39-f276ab692071","TOPIC_STEP","","SKYWAVE_PHASE_4_5","-6.0","08:35:41","","3318e6ea-0848-4a47-a803-0e07cdddf0d2","","","","Great, thank you!","TOPIC_STEP","You are welcome. Is there anything else I can help with?","","","","-6.0","08:35:39","c58f0c2f-c3ea-49e7-a198-eb2251c50bbe"
"ffb80c6b-84f9-4b93-aae5-1bbdcef0340a","TOPIC_STEP","","SKYWAVE_PHASE_4_5","-14.0","12:04:02","","edeb1df4-beb4-4865-aaa4-fbd808e23e31","","","","Please correct my last name on booking ABC123","TOPIC_STEP","I have updated the passenger name on booking ABC123. A confirmation has been sent.","","","","-14.0","12:04:00","b78c7e23-3bf3-4d92-a886-2132357816ca"
"ffb80c6b-84f9-4b93-aae5-1bbdcef0340a","LLM_STEP","","SKYWAVE_PHASE_4_5","-14.0","12:04:04","","e80c609a-c2c5-4e62-a39c-9d12e6ab868e","","","","Please correct my last name on booking ABC123","LLM_STEP","I have updated the passenger name on booking ABC123. A confirmation has been sent.","","","edeb1df4-beb4-4865-aaa4-fbd808e23e31","-14.0","12:04:02","b78c7e23-3bf3-4d92-a886-2132357816ca"
"67e26eeb-16d3-49de-a5ee-01fe05438a31","TOPIC_STEP","","SKYWAVE_PHASE_4_5","-14.0","12:05:01","","58ff1766-da17-4f53-ae95-4f1590aed0fa","","","","Great, thank you!","TOPIC_STEP","You are welcome. Is there anything else I can help with?","","","","-14.0","12:04:59","44d09f05-f9a5-4f42-ae1b-09a3c8c8c04d"
"da6b7d88-3524-4dc3-a785-0f8b37d5d590","TOPIC_STEP","","SKYWAVE_PHASE_4_5","-3.0","15:37:02","","0f0613da-0326-4ca2-ab5a-928d8b5eb110","","","","My in-flight wifi did not work, I want a refund","TOPIC_STEP","I have logged your complaint as case 00012346. A refund will be processed.","","","","-3.0","15:37:00","66b97673-9e0f-4b6e-a461-fa5cef7095c5"
"da6b7d88-3524-4dc3-a785-0f8b37d5d590","LLM_STEP","","SKYWAVE_PHASE_4_5","-3.0","15:37:04","","cb79d975-2a05-4050-a6eb-673c40863753","","","","My in-flight wifi did not work, I want a refund","LLM_STEP","I have logged your complaint as case 00012346. A refund will be processed.","","","0f0613da-0326-4ca2-ab5a-928d8b5eb110","-3.0","15:37:02","66b97673-9e0f-4b6e-a461-fa5cef7095c5"
"2f13b465-3974-4969-adfd-297922b36d7b","TOPIC_STEP","","SKYWAVE_PHASE_4_5","-3.0","15:41:48","","6e50dfbe-2280-4b0c-a81b-a9818605ce9b","","","","Great, thank you!","TOPIC_STEP","You are welcome. Is there anything else I can help with?","","","","-3.0","15:41:46","164b85db-4907-4d1e-ae04-f41969a16856"
"3dd6a568-c218-4616-a879-9cb72201a518","TOPIC_STEP","","SKYWAVE_PHASE_4_5","-6.0","16:26:02","","cb1113f9-691e-4cd7-ae73-58c92ad01c53","","","","What is my tier status?","TOPIC_STEP","You are Gold tier with 14,200 qualifying points this year.","","","","-6.0","16:26:00","1c8fbe35-4651-4b82-a3e6-84cd9ecd1752"
"3dd6a568-c218-4616-a879-9cb72201a518","LLM_STEP","","SKYWAVE_PHASE_4_5","-6.0","16:26:04","","352bff6a-3fd3-4c71-aa56-3473c706f609","","","","What is my tier status?","LLM_STEP","You are Gold tier with 14,200 qualifying points this year.","","","cb1113f9-691e-4cd7-ae73-58c92ad01c53","-6.0","16:26:02","1c8fbe35-4651-4b82-a3e6-84cd9ecd1752"
"124161d1-1324-4cd9-a15b-bfce37fad302","TOPIC_STEP","","SKYWAVE_PHASE_4_5","-6.0","16:26:46","","b86aac2d-2b77-4d9f-a4cf-cff1eca6bfca","","","","Great, thank you!","TOPIC_STEP","You are welcome. Is there anything else I can help with?","","","","-6.0","16:26:44","e45ed242-7a0c-4053-a038-d2b8c90cf2b1"
"cf65de5b-4160-49ed-a24e-be10dc087e14","TOPIC_STEP","","SKYWAVE_PHASE_4_5","-6.0","16:29:27","","6882c7a4-c0e4-4122-a92d-7b9b6678e517","","","","I want to select seat 1A for my flight","TOPIC_STEP","I was unable to retrieve the seat map automatically and could not assign the seat.","","","","-6.0","16:29:25","971e9540-9b60-480d-ac2a-89b6c3932e41"
"cf65de5b-4160-49ed-a24e-be10dc087e14","LLM_STEP","","SKYWAVE_PHASE_4_5","-6.0","16:29:29","","a6009b44-f863-4716-a088-71e23c166501","","","","I want to select seat 1A for my flight","LLM_STEP","I was unable to retrieve the seat map automatically and could not assign the seat.","","","6882c7a4-c0e4-4122-a92d-7b9b6678e517","-6.0","16:29:27","971e9540-9b60-480d-ac2a-89b6c3932e41"
"4c2a500c-536f-4a04-ac9c-f110c0be45a5","TOPIC_STEP","","SKYWAVE_PHASE_4_5","-6.0","16:30:33","","fcef4867-0f1c-4b4a-aec5-791bc2cc4a85","","","","This still is not working, I am frustrated.","TOPIC_STEP","I am sorry for the inconvenience. I was unable to resolve this for you.","","","","-6.0","16:30:31","311f9743-e231-4acb-a0a5-d358a62c81e3"
"cf290eeb-3b2f-4ad5-a836-5ced90333595","TOPIC_STEP","","SKYWAVE_PHASE_4_5","-14.0","18:00:02","","8a4b4cd5-0e9a-4640-a5de-b2b8a0d5bd7e","","","","I want to change my seat to a window seat","TOPIC_STEP","Sorry, I am unable to change your seat right now. Please try again later.","","","","-14.0","18:00:00","60583f86-646e-4a21-a158-0fc1fe59aaa3"
"cf290eeb-3b2f-4ad5-a836-5ced90333595","LLM_STEP","","SKYWAVE_PHASE_4_5","-14.0","18:00:04","","b5c084d7-1ba5-47e9-a395-27a4c5db0bd2","","","","I want to change my seat to a window seat","LLM_STEP","Sorry, I am unable to change your seat right now. Please try again later.","","","8a4b4cd5-0e9a-4640-a5de-b2b8a0d5bd7e","-14.0","18:00:02","60583f86-646e-4a21-a158-0fc1fe59aaa3"
"2b703ab5-8f45-48f9-ada6-66b63497adec","TOPIC_STEP","","SKYWAVE_PHASE_4_5","-14.0","18:01:00","","f5dacaee-f9b9-4a67-a67f-d1a2728c24e4","","","","This still is not working, I am frustrated.","TOPIC_STEP","I am sorry for the inconvenience. I was unable to resolve this for you.","","","","-14.0","18:00:58","228cff35-3556-44e6-ae9b-944cb55b310a"
"29cccf83-55d9-4cc5-a93c-0ff2d5440c32","TOPIC_STEP","","SKYWAVE_PHASE_4_5","-2.0","17:54:02","","f60f9722-f468-459e-a1a1-0f9755cad3f8","","","","Find flights from JFK to HND tomorrow","TOPIC_STEP","I found 4 flights for that route. The cheapest is SW1200 at 1pm for $1,280.","","","","-2.0","17:54:00","addf8aea-b62a-4724-a6d4-94309d51b386"
"29cccf83-55d9-4cc5-a93c-0ff2d5440c32","LLM_STEP","","SKYWAVE_PHASE_4_5","-2.0","17:54:04","","6c561f0a-f899-4afd-a180-43d8f94697b9","","","","Find flights from JFK to HND tomorrow","LLM_STEP","I found 4 flights for that route. The cheapest is SW1200 at 1pm for $1,280.","","","f60f9722-f468-459e-a1a1-0f9755cad3f8","-2.0","17:54:02","addf8aea-b62a-4724-a6d4-94309d51b386"
"b69eeb72-81d3-44c6-ae20-534a40f61ffd","TOPIC_STEP","","SKYWAVE_PHASE_4_5","-2.0","17:56:32","","a9ef1597-2d70-427a-ad1f-4ac486b7e742","","","","Great, thank you!","TOPIC_STEP","You are welcome. Is there anything else I can help with?","","","","-2.0","17:56:30","70cf7d7a-91fd-495c-a67f-ceec60a10546"
"6640666d-f929-4eff-abc2-bfda094ccdf0","TOPIC_STEP","","SKYWAVE_PHASE_4_5","-2.0","10:59:02","","5279280b-da8a-4ae7-a588-24a92ff2c02c","","","","I want to change my seat to a window seat","TOPIC_STEP","Sorry, I am unable to change your seat right now. Please try again later.","","","","-2.0","10:59:00","0f02321c-5eda-4f3f-ac03-aab5a8e5bb4e"
"6640666d-f929-4eff-abc2-bfda094ccdf0","LLM_STEP","","SKYWAVE_PHASE_4_5","-2.0","10:59:04","","071c6791-d91f-4e98-af28-dcd5cc7fedf5","","","","I want to change my seat to a window seat","LLM_STEP","Sorry, I am unable to change your seat right now. Please try again later.","","","5279280b-da8a-4ae7-a588-24a92ff2c02c","-2.0","10:59:02","0f02321c-5eda-4f3f-ac03-aab5a8e5bb4e"
"964b7cf2-28eb-4189-a1c9-1002f4088372","TOPIC_STEP","","SKYWAVE_PHASE_4_5","-2.0","11:00:12","","e3440e57-3152-40bd-a5b1-425201402e48","","","","This still is not working, I am frustrated.","TOPIC_STEP","I am sorry for the inconvenience. I was unable to resolve this for you.","","","","-2.0","11:00:10","4e55ce25-62cc-4c2b-a62a-4dec3f6504f7"
"b6ac7535-8af5-44d3-a059-33fce46b751d","TOPIC_STEP","","SKYWAVE_PHASE_4_5","-3.0","08:07:02","","13e56f82-7b98-43f1-a3c1-779f43876689","","","","Can I move from 23B to an aisle seat?","TOPIC_STEP","I could not update your seat assignment. Please contact a service agent.","","","","-3.0","08:07:00","3f733adc-f25f-4419-a574-3eb03f6d0806"
"b6ac7535-8af5-44d3-a059-33fce46b751d","LLM_STEP","","SKYWAVE_PHASE_4_5","-3.0","08:07:04","","7a6c70b7-1a7c-4195-af5f-9a0d417d26fb","","","","Can I move from 23B to an aisle seat?","LLM_STEP","I could not update your seat assignment. Please contact a service agent.","","","13e56f82-7b98-43f1-a3c1-779f43876689","-3.0","08:07:02","3f733adc-f25f-4419-a574-3eb03f6d0806"
"5069bc49-4626-4a8f-a093-baf60b1fe0ba","TOPIC_STEP","","SKYWAVE_PHASE_4_5","-3.0","08:07:53","","a7de0fdb-afd1-463d-a689-1124f27d6d41","","","","This still is not working, I am frustrated.","TOPIC_STEP","I am sorry for the inconvenience. I was unable to resolve this for you.","","","","-3.0","08:07:51","552f0766-85dd-432d-aa2f-758575d92b17"
"48a6afb2-def8-4ba4-afa0-509fb8882afd","TOPIC_STEP","","SKYWAVE_PHASE_4_5","-3.0","08:12:42","","d9218254-5a80-4128-a453-fb6f35fed66f","","","","Tell me a joke","TOPIC_STEP","I am a Skywave booking assistant. How can I help with your travel?","","","","-3.0","08:12:40","f58ff089-089e-4610-a6db-77379c81ef84"
"48a6afb2-def8-4ba4-afa0-509fb8882afd","LLM_STEP","","SKYWAVE_PHASE_4_5","-3.0","08:12:44","","9696b1c3-2aba-400c-a3ac-98f6ad685391","","","","Tell me a joke","LLM_STEP","I am a Skywave booking assistant. How can I help with your travel?","","","d9218254-5a80-4128-a453-fb6f35fed66f","-3.0","08:12:42","f58ff089-089e-4610-a6db-77379c81ef84"
"7842374d-7c2a-4150-ab23-c07e10a2c0af","TOPIC_STEP","","SKYWAVE_PHASE_4_5","-3.0","08:13:32","","72e5f5b3-40ff-4c7c-aa57-2b9884356460","","","","This still is not working, I am frustrated.","TOPIC_STEP","I am sorry for the inconvenience. I was unable to resolve this for you.","","","","-3.0","08:13:30","e8486153-1bbf-49df-a5a1-7bf0b1f0422c"
"081154bd-c478-4cee-abc1-22c1ee052380","TOPIC_STEP","","SKYWAVE_PHASE_4_5","-1.0","19:52:02","","cde4ce42-9b98-4b46-a9fc-41e0ca41b2a0","","","","Can I move from 23B to an aisle seat?","TOPIC_STEP","I could not update your seat assignment. Please contact a service agent.","","","","-1.0","19:52:00","fdc3e4eb-4355-4afd-a881-2af7d9ca851f"
"081154bd-c478-4cee-abc1-22c1ee052380","LLM_STEP","","SKYWAVE_PHASE_4_5","-1.0","19:52:04","","39289acb-46fb-44c2-a2a6-5f20b6cc76ee","","","","Can I move from 23B to an aisle seat?","LLM_STEP","I could not update your seat assignment. Please contact a service agent.","","","cde4ce42-9b98-4b46-a9fc-41e0ca41b2a0","-1.0","19:52:02","fdc3e4eb-4355-4afd-a881-2af7d9ca851f"
"1fff6793-297c-4aac-a371-97008fdb1a00","TOPIC_STEP","","SKYWAVE_PHASE_4_5","-1.0","19:53:15","","deec8027-5284-4a7b-a729-a4128d1c9bf4","","","","This still is not working, I am frustrated.","TOPIC_STEP","I am sorry for the inconvenience. I was unable to resolve this for you.","","","","-1.0","19:53:13","a7786386-ba80-478d-aa9a-2b979ef03151"
"4e1f5d31-d50f-4d86-a033-30dda3681742","TOPIC_STEP","","SKYWAVE_PHASE_4_5","-9.0","18:49:02","","6fbbbde4-b7a4-4dfc-a4d5-2fb503d64ef9","","","","I want to select seat 1A for my flight","TOPIC_STEP","I was unable to retrieve the seat map automatically and could not assign the seat.","","","","-9.0","18:49:00","f41b4088-a2b9-4af2-ac45-485c5dfd784d"
"4e1f5d31-d50f-4d86-a033-30dda3681742","LLM_STEP","","SKYWAVE_PHASE_4_5","-9.0","18:49:04","","b897dbfd-e0e8-425a-a26e-288b00d557dc","","","","I want to select seat 1A for my flight","LLM_STEP","I was unable to retrieve the seat map automatically and could not assign the seat.","","","6fbbbde4-b7a4-4dfc-a4d5-2fb503d64ef9","-9.0","18:49:02","f41b4088-a2b9-4af2-ac45-485c5dfd784d"
"6ded1553-b9d1-4f06-a2c6-1e972b152772","TOPIC_STEP","","SKYWAVE_PHASE_4_5","-9.0","18:50:01","","388a1df7-0fdc-4fc3-a5fd-6b6cc2d8acf9","","","","This still is not working, I am frustrated.","TOPIC_STEP","I am sorry for the inconvenience. I was unable to resolve this for you.","","","","-9.0","18:49:59","61ccc5e6-6b5c-44e4-a152-4fd5fcfe2693"
"d860a7ed-b749-408c-a767-9f39e5278722","TOPIC_STEP","","SKYWAVE_PHASE_4_5","-9.0","18:52:52","","d22e6871-dd85-4aeb-a510-11ad23cbc158","","","","I lost my luggage in Munich last week, can you help?","TOPIC_STEP","I have created case 00012345 for your lost luggage. We will contact you within 24 hours.","","","","-9.0","18:52:50","44b8837d-6dcc-4ba6-abe5-2d56a90825eb"
"d860a7ed-b749-408c-a767-9f39e5278722","LLM_STEP","","SKYWAVE_PHASE_4_5","-9.0","18:52:54","","f9f30630-3fe7-4f89-ab8c-aaa11eb68087","","","","I lost my luggage in Munich last week, can you help?","LLM_STEP","I have created case 00012345 for your lost luggage. We will contact you within 24 hours.","","","d22e6871-dd85-4aeb-a510-11ad23cbc158","-9.0","18:52:52","44b8837d-6dcc-4ba6-abe5-2d56a90825eb"
"0f8e5cf0-fefa-430d-a8f9-c3b1f7fd6769","TOPIC_STEP","","SKYWAVE_PHASE_4_5","-9.0","18:53:26","","13c68f92-3dad-470d-a37b-726c180ba89a","","","","Okay.","TOPIC_STEP","Understood. Anything else I can help with?","","","","-9.0","18:53:24","643e36df-2a9b-41c4-a621-dc287ba21f1a"
"90828dae-46c6-4b63-a2af-832d51c799e1","TOPIC_STEP","","SKYWAVE_PHASE_4_5","-12.0","14:59:02","","dcc1a636-9a6c-4666-adf5-496366b0b6d7","","","","I want to select seat 1A for my flight","TOPIC_STEP","I was unable to retrieve the seat map automatically and could not assign the seat.","","","","-12.0","14:59:00","612bec2b-4a2b-4d4c-a3f5-1c76ac8de1ce"
"90828dae-46c6-4b63-a2af-832d51c799e1","LLM_STEP","","SKYWAVE_PHASE_4_5","-12.0","14:59:04","","280c7d76-62c5-4e11-a6a4-0abf79931f63","","","","I want to select seat 1A for my flight","LLM_STEP","I was unable to retrieve the seat map automatically and could not assign the seat.","","","dcc1a636-9a6c-4666-adf5-496366b0b6d7","-12.0","14:59:02","612bec2b-4a2b-4d4c-a3f5-1c76ac8de1ce"
"8b3bca48-7009-45d0-ad38-9d656f3c67cb","TOPIC_STEP","","SKYWAVE_PHASE_4_5","-12.0","14:59:44","","a7110b27-f1d4-44f0-ac17-16374d17a9d0","","","","This still is not working, I am frustrated.","TOPIC_STEP","I am sorry for the inconvenience. I was unable to resolve this for you.","","","","-12.0","14:59:42","f8866a32-9996-49c2-a922-8d06b473523f"
"a2272799-b2f6-4547-a3e8-32590d14f2f2","TOPIC_STEP","","SKYWAVE_PHASE_4_5","-12.0","15:04:29","","3ef82476-fee5-47f4-a473-165186f5c21a","","","","Can I move from 23B to an aisle seat?","TOPIC_STEP","I could not update your seat assignment. Please contact a service agent.","","","","-12.0","15:04:27","db6df533-e985-4f11-a494-c50d4f829daa"
"a2272799-b2f6-4547-a3e8-32590d14f2f2","LLM_STEP","","SKYWAVE_PHASE_4_5","-12.0","15:04:31","","a616b555-1dff-4f2c-ab5a-fdfe340acff3","","","","Can I move from 23B to an aisle seat?","LLM_STEP","I could not update your seat assignment. Please contact a service agent.","","","3ef82476-fee5-47f4-a473-165186f5c21a","-12.0","15:04:29","db6df533-e985-4f11-a494-c50d4f829daa"
"198a42cc-d2f5-4e52-a89c-7938ed33a61f","TOPIC_STEP","","SKYWAVE_PHASE_4_5","-12.0","15:05:01","","8fa94c1e-6e25-4e7d-a5cc-f69bb0c88d8b","","","","This still is not working, I am frustrated.","TOPIC_STEP","I am sorry for the inconvenience. I was unable to resolve this for you.","","","","-12.0","15:04:59","599648cb-35f9-4670-abaf-37572e6185ef"
"ae720d29-a9c7-4d45-a0e5-c7277ce4b414","TOPIC_STEP","","SKYWAVE_PHASE_4_5","-8.0","12:26:02","","eba68f8b-0519-4e3f-a8a7-068ec18a0bc3","","","","Tell me a joke","TOPIC_STEP","I am a Skywave booking assistant. How can I help with your travel?","","","","-8.0","12:26:00","c8b79cd8-fb1d-4fc8-a67f-561dc3ac5fdc"
"ae720d29-a9c7-4d45-a0e5-c7277ce4b414","LLM_STEP","","SKYWAVE_PHASE_4_5","-8.0","12:26:04","","a4e1ce0a-b439-492f-ac41-9a1d41687ddc","","","","Tell me a joke","LLM_STEP","I am a Skywave booking assistant. How can I help with your travel?","","","eba68f8b-0519-4e3f-a8a7-068ec18a0bc3","-8.0","12:26:02","c8b79cd8-fb1d-4fc8-a67f-561dc3ac5fdc"
"b55fb440-a0b8-4227-af04-35bd2c013bf1","TOPIC_STEP","","SKYWAVE_PHASE_4_5","-8.0","12:28:12","","243fc778-f356-4d35-af79-029a0ab31d7e","","","","Okay.","TOPIC_STEP","Understood. Anything else I can help with?","","","","-8.0","12:28:10","1bec9c4a-508d-4c13-a800-ff62fcc062b8"
"aaecacd3-80c2-4016-a256-ae9ad5a19024","TOPIC_STEP","","SKYWAVE_PHASE_4_5","-12.0","08:44:02","","61d5bf58-68bf-4f46-a15d-f22b6def9c1c","","","","I lost my luggage in Munich last week, can you help?","TOPIC_STEP","I have created case 00012345 for your lost luggage. We will contact you within 24 hours.","","","","-12.0","08:44:00","9bfa71d9-13f3-46f0-a06a-2e394045cabf"
"aaecacd3-80c2-4016-a256-ae9ad5a19024","LLM_STEP","","SKYWAVE_PHASE_4_5","-12.0","08:44:04","","dbbd5b0d-24da-498a-a416-a119a18d68fb","","","","I lost my luggage in Munich last week, can you help?","LLM_STEP","I have created case 00012345 for your lost luggage. We will contact you within 24 hours.","","","61d5bf58-68bf-4f46-a15d-f22b6def9c1c","-12.0","08:44:02","9bfa71d9-13f3-46f0-a06a-2e394045cabf"
"a2ed122f-31a3-4ad1-ab27-b04e0a0f4de8","TOPIC_STEP","","SKYWAVE_PHASE_4_5","-12.0","08:44:38","","f64ec819-d291-4eab-ab4b-377e5443a58b","","","","Okay.","TOPIC_STEP","Understood. Anything else I can help with?","","","","-12.0","08:44:36","f15b7cc5-a28e-47b0-abbf-0dbe9b7a9880"
"bad6afb0-aba2-4836-a829-415647b34cd8","TOPIC_STEP","","SKYWAVE_PHASE_4_5","-12.0","08:45:18","","dfce666b-5c7f-4bcb-a7a7-03788bdf6c9a","","","","I want to select seat 1A for my flight","TOPIC_STEP","I was unable to retrieve the seat map automatically and could not assign the seat.","","","","-12.0","08:45:16","59283f94-9b56-4d02-a2b0-116d6a7cc5f4"
"bad6afb0-aba2-4836-a829-415647b34cd8","LLM_STEP","","SKYWAVE_PHASE_4_5","-12.0","08:45:20","","22087225-21b5-4df9-a559-87a2928845fb","","","","I want to select seat 1A for my flight","LLM_STEP","I was unable to retrieve the seat map automatically and could not assign the seat.","","","dfce666b-5c7f-4bcb-a7a7-03788bdf6c9a","-12.0","08:45:18","59283f94-9b56-4d02-a2b0-116d6a7cc5f4"
"95ee7945-18c5-421f-aa04-01664cc64031","TOPIC_STEP","","SKYWAVE_PHASE_4_5","-12.0","08:45:43","","352854a4-64cf-4543-a307-3bfd6e91582a","","","","This still is not working, I am frustrated.","TOPIC_STEP","I am sorry for the inconvenience. I was unable to resolve this for you.","","","","-12.0","08:45:41","0444c284-1a0f-4521-a498-1db49caa3b19"
"0f0ae90e-d4bd-448b-ab58-3ca7381e81d8","TOPIC_STEP","","SKYWAVE_PHASE_4_5","-2.0","18:41:02","","0b1cf8e0-3187-4ac7-a6fd-8f523a0c1c50","","","","Please correct my last name on booking ABC123","TOPIC_STEP","I have updated the passenger name on booking ABC123. A confirmation has been sent.","","","","-2.0","18:41:00","f22c77f3-3414-44fa-a8d3-987cffbfdb5a"
"0f0ae90e-d4bd-448b-ab58-3ca7381e81d8","LLM_STEP","","SKYWAVE_PHASE_4_5","-2.0","18:41:04","","e053992e-1a7c-4705-a81f-f90be74c23fa","","","","Please correct my last name on booking ABC123","LLM_STEP","I have updated the passenger name on booking ABC123. A confirmation has been sent.","","","0b1cf8e0-3187-4ac7-a6fd-8f523a0c1c50","-2.0","18:41:02","f22c77f3-3414-44fa-a8d3-987cffbfdb5a"
"a925ae75-3b51-48db-abc1-223637d4967f","TOPIC_STEP","","SKYWAVE_PHASE_4_5","-2.0","18:43:15","","6a3800b1-3357-4a11-add5-02318f50c710","","","","Great, thank you!","TOPIC_STEP","You are welcome. Is there anything else I can help with?","","","","-2.0","18:43:13","b23cedab-8ad0-4658-a9a5-ab56078bc716"
"9aec0824-2961-4ab3-adc5-e1b278528e75","TOPIC_STEP","","SKYWAVE_PHASE_4_5","-2.0","18:44:24","","0d41b7a5-0b0f-4d1c-a892-b6af2717fefc","","","","Cancel my booking ABC123","TOPIC_STEP","I have cancelled booking ABC123. A refund of $480 will be issued.","","","","-2.0","18:44:22","68388a51-9de4-4e37-ab30-e6faab67303e"
"9aec0824-2961-4ab3-adc5-e1b278528e75","LLM_STEP","","SKYWAVE_PHASE_4_5","-2.0","18:44:26","","c03269ae-2fc0-4601-ad21-169e02e10c1b","","","","Cancel my booking ABC123","LLM_STEP","I have cancelled booking ABC123. A refund of $480 will be issued.","","","0d41b7a5-0b0f-4d1c-a892-b6af2717fefc","-2.0","18:44:24","68388a51-9de4-4e37-ab30-e6faab67303e"
"c724328d-0fa9-4891-a798-9e5936b5cd86","TOPIC_STEP","","SKYWAVE_PHASE_4_5","-2.0","18:45:36","","9a82b764-2dc2-4e86-a3dd-05224feec92c","","","","Great, thank you!","TOPIC_STEP","You are welcome. Is there anything else I can help with?","","","","-2.0","18:45:34","a326f4f1-7ca6-4034-a9d2-6ed6c1e75afa"
"26759b22-f1b7-4d0c-a341-61236f862bd3","TOPIC_STEP","","SKYWAVE_PHASE_4_5","-8.0","18:07:02","","b64fe545-d0ec-460d-a21e-6609d6481d32","","","","How many miles do I have?","TOPIC_STEP","You currently have 18,450 SkyWave miles. You are at Premier tier.","","","","-8.0","18:07:00","d97d9da2-dfed-4c33-aa3a-55f9b2531e20"
"26759b22-f1b7-4d0c-a341-61236f862bd3","LLM_STEP","","SKYWAVE_PHASE_4_5","-8.0","18:07:04","","5357ed0c-8553-44d5-a0a3-94e1d60f2e29","","","","How many miles do I have?","LLM_STEP","You currently have 18,450 SkyWave miles. You are at Premier tier.","","","b64fe545-d0ec-460d-a21e-6609d6481d32","-8.0","18:07:02","d97d9da2-dfed-4c33-aa3a-55f9b2531e20"
"96cdd865-28b0-486f-a3c1-6909dad98b77","TOPIC_STEP","","SKYWAVE_PHASE_4_5","-8.0","18:09:53","","81585dca-c0c1-4fab-a90f-369156c862e8","","","","Great, thank you!","TOPIC_STEP","You are welcome. Is there anything else I can help with?","","","","-8.0","18:09:51","4fe7112c-5348-4eed-a89c-8c32fdf69885"
"d98c1f30-3316-4a05-a513-fa5aa9023211","TOPIC_STEP","","SKYWAVE_PHASE_4_5","-11.0","15:15:02","","114badd1-a734-45df-a410-96a206c2f93b","","","","Can I move from 23B to an aisle seat?","TOPIC_STEP","I could not update your seat assignment. Please contact a service agent.","","","","-11.0","15:15:00","23679b86-1c9a-4414-aff7-65a1ea964d71"
"d98c1f30-3316-4a05-a513-fa5aa9023211","LLM_STEP","","SKYWAVE_PHASE_4_5","-11.0","15:15:04","","194f18ae-689c-48c8-a648-dd503d266a0a","","","","Can I move from 23B to an aisle seat?","LLM_STEP","I could not update your seat assignment. Please contact a service agent.","","","114badd1-a734-45df-a410-96a206c2f93b","-11.0","15:15:02","23679b86-1c9a-4414-aff7-65a1ea964d71"
"0fe00eef-1dcc-4fae-a495-9c0c056bdb08","TOPIC_STEP","","SKYWAVE_PHASE_4_5","-11.0","15:17:39","","86a7df9a-25f0-44e6-a396-0816b8dacbc3","","","","This still is not working, I am frustrated.","TOPIC_STEP","I am sorry for the inconvenience. I was unable to resolve this for you.","","","","-11.0","15:17:37","c1731c4f-88d0-4936-a9e8-ec6026317e5d"
"be13aaab-dcdc-4dc2-a773-adaa3c4902bd","TOPIC_STEP","","SKYWAVE_PHASE_4_5","-10.0","18:49:02","","1ad2925b-79cb-4955-aca6-98e0a269136d","","","","How many miles do I have?","TOPIC_STEP","You currently have 18,450 SkyWave miles. You are at Premier tier.","","","","-10.0","18:49:00","6603db06-96d4-4acc-aeb1-dda20fdcb0db"
"be13aaab-dcdc-4dc2-a773-adaa3c4902bd","LLM_STEP","","SKYWAVE_PHASE_4_5","-10.0","18:49:04","","c8e752d1-dbb0-4e35-a475-d3a1512308e1","","","","How many miles do I have?","LLM_STEP","You currently have 18,450 SkyWave miles. You are at Premier tier.","","","1ad2925b-79cb-4955-aca6-98e0a269136d","-10.0","18:49:02","6603db06-96d4-4acc-aeb1-dda20fdcb0db"
"595a2bac-67c1-4694-aab1-c1dd29219958","TOPIC_STEP","","SKYWAVE_PHASE_4_5","-10.0","18:49:59","","50d4249b-7439-4526-a156-b111a949ae66","","","","Great, thank you!","TOPIC_STEP","You are welcome. Is there anything else I can help with?","","","","-10.0","18:49:57","78488a8a-0121-4d9f-a2d6-7cc47fb3c73b"
"2f2c4552-da63-40d3-aa21-424627a15400","TOPIC_STEP","","SKYWAVE_PHASE_4_5","-4.0","11:56:02","","ac33d9c5-dfda-4225-ab74-1f6ac129a299","","","","Cancel my booking ABC123","TOPIC_STEP","I have cancelled booking ABC123. A refund of $480 will be issued.","","","","-4.0","11:56:00","c68ff75c-9d04-495b-acb3-6478779ccdba"
"2f2c4552-da63-40d3-aa21-424627a15400","LLM_STEP","","SKYWAVE_PHASE_4_5","-4.0","11:56:04","","db6e3b7e-5fe9-4719-aab5-4048cdb7cb51","","","","Cancel my booking ABC123","LLM_STEP","I have cancelled booking ABC123. A refund of $480 will be issued.","","","ac33d9c5-dfda-4225-ab74-1f6ac129a299","-4.0","11:56:02","c68ff75c-9d04-495b-acb3-6478779ccdba"
"2d4b7ca0-957b-46b6-ae3b-55461ba25dff","TOPIC_STEP","","SKYWAVE_PHASE_4_5","-4.0","11:57:19","","43ddb3d8-ec96-4d69-a16e-51a3339086dc","","","","Great, thank you!","TOPIC_STEP","You are welcome. Is there anything else I can help with?","","","","-4.0","11:57:17","759be88b-7245-4b20-a93e-692ddd20d6e5"
"781f764d-ca53-4b5a-a78f-e4588282134e","TOPIC_STEP","","SKYWAVE_PHASE_4_5","-9.0","09:20:02","","84248ec4-445d-4d6a-a997-fc163d8e8bd5","","","","Cancel my booking ABC123","TOPIC_STEP","I have cancelled booking ABC123. A refund of $480 will be issued.","","","","-9.0","09:20:00","9325c6e0-bd10-4821-a0ce-c996cfa8eab3"
"781f764d-ca53-4b5a-a78f-e4588282134e","LLM_STEP","","SKYWAVE_PHASE_4_5","-9.0","09:20:04","","46d437ed-50da-4917-a868-2b157c4e0f7f","","","","Cancel my booking ABC123","LLM_STEP","I have cancelled booking ABC123. A refund of $480 will be issued.","","","84248ec4-445d-4d6a-a997-fc163d8e8bd5","-9.0","09:20:02","9325c6e0-bd10-4821-a0ce-c996cfa8eab3"
"c6382107-9ec6-49e8-a25e-895fe44eef17","TOPIC_STEP","","SKYWAVE_PHASE_4_5","-9.0","09:20:37","","71c59e9e-1122-4cb3-a230-a75a7e64d27b","","","","Great, thank you!","TOPIC_STEP","You are welcome. Is there anything else I can help with?","","","","-9.0","09:20:35","1fd1d1e5-dba1-467e-afc7-5ef9a035be26"
"0185a33f-3a24-454f-af17-4e4738aa3382","TOPIC_STEP","","SKYWAVE_PHASE_4_5","-9.0","10:43:02","","aae19b84-af99-476b-a68b-4377bdafbadc","","","","How many miles do I have?","TOPIC_STEP","You currently have 18,450 SkyWave miles. You are at Premier tier.","","","","-9.0","10:43:00","f24008fc-fa0e-40af-a4e0-0236000e47a8"
"0185a33f-3a24-454f-af17-4e4738aa3382","LLM_STEP","","SKYWAVE_PHASE_4_5","-9.0","10:43:04","","2bfad839-7d97-4f37-a693-1eb0b69b51f3","","","","How many miles do I have?","LLM_STEP","You currently have 18,450 SkyWave miles. You are at Premier tier.","","","aae19b84-af99-476b-a68b-4377bdafbadc","-9.0","10:43:02","f24008fc-fa0e-40af-a4e0-0236000e47a8"
"a67b0341-4396-49f4-ae98-48dd93feb34a","TOPIC_STEP","","SKYWAVE_PHASE_4_5","-9.0","10:44:15","","b26f302c-cfff-47ea-a1bc-a8b07a265867","","","","Great, thank you!","TOPIC_STEP","You are welcome. Is there anything else I can help with?","","","","-9.0","10:44:13","c54ec04d-952d-4e27-acfd-038de3863d83"
"7c131acf-1325-46a9-a1c8-3a0683513f3f","TOPIC_STEP","","SKYWAVE_PHASE_4_5","-9.0","10:45:23","","c7cb7978-c056-4ff0-ae36-92b494b451bd","","","","What is my tier status?","TOPIC_STEP","You are Gold tier with 14,200 qualifying points this year.","","","","-9.0","10:45:21","a0beb4fe-9c26-43e5-a4c9-1ad822059487"
"7c131acf-1325-46a9-a1c8-3a0683513f3f","LLM_STEP","","SKYWAVE_PHASE_4_5","-9.0","10:45:25","","d63783ec-0fae-4c35-a90c-ea15970dc582","","","","What is my tier status?","LLM_STEP","You are Gold tier with 14,200 qualifying points this year.","","","c7cb7978-c056-4ff0-ae36-92b494b451bd","-9.0","10:45:23","a0beb4fe-9c26-43e5-a4c9-1ad822059487"
"9abade4d-a4cf-422f-a8b4-45d5e3ea99d2","TOPIC_STEP","","SKYWAVE_PHASE_4_5","-9.0","10:47:21","","fda52bf6-e525-4ccc-ae9c-37b4a4be888f","","","","Great, thank you!","TOPIC_STEP","You are welcome. Is there anything else I can help with?","","","","-9.0","10:47:19","5dc1d864-286b-4b01-a41d-c7ad8287b601"
"7f13ab5d-3385-4a47-a7b8-a12524f12c8b","TOPIC_STEP","","SKYWAVE_PHASE_4_5","-8.0","11:21:02","","972bf7d6-19e9-4790-afc2-65c5bde5eeb1","","","","Show me my upcoming bookings","TOPIC_STEP","You have one upcoming booking — LH 1927 BER-MUC-SFO, confirmed.","","","","-8.0","11:21:00","48dbc429-be47-49a9-a2cc-203ccfefb385"
"7f13ab5d-3385-4a47-a7b8-a12524f12c8b","LLM_STEP","","SKYWAVE_PHASE_4_5","-8.0","11:21:04","","f903e4d3-43fc-43bd-a735-ec30aa0bad4f","","","","Show me my upcoming bookings","LLM_STEP","You have one upcoming booking — LH 1927 BER-MUC-SFO, confirmed.","","","972bf7d6-19e9-4790-afc2-65c5bde5eeb1","-8.0","11:21:02","48dbc429-be47-49a9-a2cc-203ccfefb385"
"9651dad3-2b10-483c-a190-a617340ad382","TOPIC_STEP","","SKYWAVE_PHASE_4_5","-8.0","11:22:03","","f31ff8c5-cbca-481b-adf2-2582aeef0dad","","","","Great, thank you!","TOPIC_STEP","You are welcome. Is there anything else I can help with?","","","","-8.0","11:22:01","aef58ce1-3bf9-4411-afe1-075151306645"
"86c843db-6bf2-4bda-abb7-49c2bb5efe85","TOPIC_STEP","","SKYWAVE_PHASE_4_5","-10.0","09:20:02","","62b8b82d-5972-4a3a-a628-97cb283875b9","","","","Can I move from 23B to an aisle seat?","TOPIC_STEP","I could not update your seat assignment. Please contact a service agent.","","","","-10.0","09:20:00","4ca46cab-e580-49e8-a17a-96fe29c2b64f"
"86c843db-6bf2-4bda-abb7-49c2bb5efe85","LLM_STEP","","SKYWAVE_PHASE_4_5","-10.0","09:20:04","","66a04165-dcc7-4007-a6be-79a8aa2888d2","","","","Can I move from 23B to an aisle seat?","LLM_STEP","I could not update your seat assignment. Please contact a service agent.","","","62b8b82d-5972-4a3a-a628-97cb283875b9","-10.0","09:20:02","4ca46cab-e580-49e8-a17a-96fe29c2b64f"
"45aae516-f21a-4393-adaf-74d949ade225","TOPIC_STEP","","SKYWAVE_PHASE_4_5","-10.0","09:20:59","","0c23fc64-831f-472b-a0ec-4b5a8ae64d20","","","","This still is not working, I am frustrated.","TOPIC_STEP","I am sorry for the inconvenience. I was unable to resolve this for you.","","","","-10.0","09:20:57","0338368a-4ad9-4d04-ae70-51acd7a002d3"
"a52516c2-0dca-4e6c-ac4e-2e987912fccb","TOPIC_STEP","","SKYWAVE_PHASE_4_5","-10.0","09:21:55","","96be0fd0-ad9b-4031-a3f4-2b68237dfe60","","","","Tell me a joke","TOPIC_STEP","I am a Skywave booking assistant. How can I help with your travel?","","","","-10.0","09:21:53","2f2923e9-dec4-4cb9-a838-40548bc9226a"
"a52516c2-0dca-4e6c-ac4e-2e987912fccb","LLM_STEP","","SKYWAVE_PHASE_4_5","-10.0","09:21:57","","ceb9e042-522a-4c7d-a481-9e44cb90be4b","","","","Tell me a joke","LLM_STEP","I am a Skywave booking assistant. How can I help with your travel?","","","96be0fd0-ad9b-4031-a3f4-2b68237dfe60","-10.0","09:21:55","2f2923e9-dec4-4cb9-a838-40548bc9226a"
"87c752e0-d40d-45e0-a650-f2b66d781381","TOPIC_STEP","","SKYWAVE_PHASE_4_5","-10.0","09:25:17","","cdf6975a-f294-473d-a9ec-2d63c10038d6","","","","Okay.","TOPIC_STEP","Understood. Anything else I can help with?","","","","-10.0","09:25:15","086668c6-04b3-4ce4-ad4d-5b109b645213"
"ff62ffab-92e7-4ac0-a806-7a09bc1e0ecd","TOPIC_STEP","","SKYWAVE_PHASE_4_5","-11.0","09:56:02","","e8cb0564-4ee4-42ec-a854-2b34daaf9391","","","","What is my tier status?","TOPIC_STEP","You are Gold tier with 14,200 qualifying points this year.","","","","-11.0","09:56:00","40f06af2-20bb-45bf-a6c7-c2bd02669cda"
"ff62ffab-92e7-4ac0-a806-7a09bc1e0ecd","LLM_STEP","","SKYWAVE_PHASE_4_5","-11.0","09:56:04","","e18804ec-2cd0-481c-a3e8-dcbd4ecbfe62","","","","What is my tier status?","LLM_STEP","You are Gold tier with 14,200 qualifying points this year.","","","e8cb0564-4ee4-42ec-a854-2b34daaf9391","-11.0","09:56:02","40f06af2-20bb-45bf-a6c7-c2bd02669cda"
"0de983bd-9f15-4e85-a6ad-edbaa621dc3d","TOPIC_STEP","","SKYWAVE_PHASE_4_5","-11.0","09:57:09","","efb78005-7d84-432a-abf1-fc92674ff779","","","","Great, thank you!","TOPIC_STEP","You are welcome. Is there anything else I can help with?","","","","-11.0","09:57:07","3207b37c-c0e8-4fea-a0b8-0243a4d80afc"
"366031e2-e8ff-4e96-aa0b-d770fb7e32ad","TOPIC_STEP","","SKYWAVE_PHASE_4_5","-1.0","09:19:02","","1c25dfdd-8761-422c-a320-a1bfd934d0d6","","","","I lost my luggage in Munich last week, can you help?","TOPIC_STEP","I have created case 00012345 for your lost luggage. We will contact you within 24 hours.","","","","-1.0","09:19:00","2701bc57-f9fb-476d-a570-cf94576c309a"
"366031e2-e8ff-4e96-aa0b-d770fb7e32ad","LLM_STEP","","SKYWAVE_PHASE_4_5","-1.0","09:19:04","","29213b3c-4af7-4373-a278-35c0a242301c","","","","I lost my luggage in Munich last week, can you help?","LLM_STEP","I have created case 00012345 for your lost luggage. We will contact you within 24 hours.","","","1c25dfdd-8761-422c-a320-a1bfd934d0d6","-1.0","09:19:02","2701bc57-f9fb-476d-a570-cf94576c309a"
"db15798a-b39d-43bb-ac3b-17e9d6c4a23f","TOPIC_STEP","","SKYWAVE_PHASE_4_5","-1.0","09:21:04","","95a9224f-6388-46fb-a86a-203915fc160e","","","","Great, thank you!","TOPIC_STEP","You are welcome. Is there anything else I can help with?","","","","-1.0","09:21:02","8280549e-7ee3-4e59-a841-26ad01dabd2c"
"9eba77b1-0c1c-4d03-ad85-650b230632e2","TOPIC_STEP","","SKYWAVE_PHASE_4_5","-1.0","09:21:55","","19a0b956-4369-4d6e-a6c8-f185a357f075","","","","Please correct my last name on booking ABC123","TOPIC_STEP","I have updated the passenger name on booking ABC123. A confirmation has been sent.","","","","-1.0","09:21:53","7427d906-1aa1-47e6-a82e-e4dd919a2f8a"
"9eba77b1-0c1c-4d03-ad85-650b230632e2","LLM_STEP","","SKYWAVE_PHASE_4_5","-1.0","09:21:57","","d4f5fb4f-1ba4-405d-a1ba-33c0674cb55c","","","","Please correct my last name on booking ABC123","LLM_STEP","I have updated the passenger name on booking ABC123. A confirmation has been sent.","","","19a0b956-4369-4d6e-a6c8-f185a357f075","-1.0","09:21:55","7427d906-1aa1-47e6-a82e-e4dd919a2f8a"
"60b6d920-c379-4f85-abdc-36c0a3a2975a","TOPIC_STEP","","SKYWAVE_PHASE_4_5","-1.0","09:22:35","","b928f8e6-f24d-4ec8-a53e-3b3b7ff64b5f","","","","Great, thank you!","TOPIC_STEP","You are welcome. Is there anything else I can help with?","","","","-1.0","09:22:33","fa86b38d-4d10-4dd4-ae8e-055ee3cd2af3"
"7b738341-156c-4a72-a4cf-8dbb08c19ed2","TOPIC_STEP","","SKYWAVE_PHASE_4_5","-1.0","19:04:02","","50559c5a-2049-4cf6-a422-5a43eb9f54d8","","","","Cancel my booking ABC123","TOPIC_STEP","I have cancelled booking ABC123. A refund of $480 will be issued.","","","","-1.0","19:04:00","0972cff9-101b-473e-ae0f-6e1e5e1e39ef"
"7b738341-156c-4a72-a4cf-8dbb08c19ed2","LLM_STEP","","SKYWAVE_PHASE_4_5","-1.0","19:04:04","","9b6e43e4-4d9d-48c7-a7f3-6384dd10f7b1","","","","Cancel my booking ABC123","LLM_STEP","I have cancelled booking ABC123. A refund of $480 will be issued.","","","50559c5a-2049-4cf6-a422-5a43eb9f54d8","-1.0","19:04:02","0972cff9-101b-473e-ae0f-6e1e5e1e39ef"
"e4c07844-aa45-4915-aa34-238ce234e13e","TOPIC_STEP","","SKYWAVE_PHASE_4_5","-1.0","19:04:48","","877487e7-6237-4dfe-aa96-8ccb646883ef","","","","Great, thank you!","TOPIC_STEP","You are welcome. Is there anything else I can help with?","","","","-1.0","19:04:46","d1de4dea-bdd4-4e21-a707-b1c44c32dd5b"
"b39d8e00-e3f4-4288-a3ad-851623fa0fed","TOPIC_STEP","","SKYWAVE_PHASE_4_5","-12.0","18:25:02","","e1d416b9-3e03-493c-a79d-c26fc2086a2e","","","","I want to select seat 1A for my flight","TOPIC_STEP","I was unable to retrieve the seat map automatically and could not assign the seat.","","","","-12.0","18:25:00","0d4eb4d1-40d6-45b6-a32e-8c78038c6f37"
"b39d8e00-e3f4-4288-a3ad-851623fa0fed","LLM_STEP","","SKYWAVE_PHASE_4_5","-12.0","18:25:04","","c495cb4a-a463-4dec-ab88-e9607e2f817b","","","","I want to select seat 1A for my flight","LLM_STEP","I was unable to retrieve the seat map automatically and could not assign the seat.","","","e1d416b9-3e03-493c-a79d-c26fc2086a2e","-12.0","18:25:02","0d4eb4d1-40d6-45b6-a32e-8c78038c6f37"
"1f944fc5-b7d2-41b7-a345-2558220c97a8","TOPIC_STEP","","SKYWAVE_PHASE_4_5","-12.0","18:27:57","","22405f79-c1eb-4928-a866-f66c9aaf0c14","","","","This still is not working, I am frustrated.","TOPIC_STEP","I am sorry for the inconvenience. I was unable to resolve this for you.","","","","-12.0","18:27:55","6bcedb30-d1eb-4bde-aea8-f270f22e9432"
"080c2bb6-cf1b-4200-a75e-e1bd238dced3","TOPIC_STEP","","SKYWAVE_PHASE_4_5","-6.0","08:55:02","","60f9fb4c-d3a4-47fb-ae05-5ae8dee43302","","","","What is my tier status?","TOPIC_STEP","You are Gold tier with 14,200 qualifying points this year.","","","","-6.0","08:55:00","b3447073-540b-4b09-a04e-5aa6dd21c508"
"080c2bb6-cf1b-4200-a75e-e1bd238dced3","LLM_STEP","","SKYWAVE_PHASE_4_5","-6.0","08:55:04","","a3cf4082-65b8-4fc0-a2e4-ba08fd307bc7","","","","What is my tier status?","LLM_STEP","You are Gold tier with 14,200 qualifying points this year.","","","60f9fb4c-d3a4-47fb-ae05-5ae8dee43302","-6.0","08:55:02","b3447073-540b-4b09-a04e-5aa6dd21c508"
"753853b7-f73b-430b-abc3-004d6806c10f","TOPIC_STEP","","SKYWAVE_PHASE_4_5","-6.0","08:55:45","","bfaebd56-95dc-4d73-a2db-6bc9b91438f3","","","","Great, thank you!","TOPIC_STEP","You are welcome. Is there anything else I can help with?","","","","-6.0","08:55:43","e185fbbb-e394-4647-a374-1947c6424264"
"6f92af4a-4322-4b15-ab66-679336374d4d","TOPIC_STEP","","SKYWAVE_PHASE_4_5","-6.0","08:56:45","","6a123af1-e220-4980-ad39-d0de85f2a04e","","","","I want to select seat 1A for my flight","TOPIC_STEP","I was unable to retrieve the seat map automatically and could not assign the seat.","","","","-6.0","08:56:43","e87c3988-803b-44e4-a09a-1d87d471bb21"
"6f92af4a-4322-4b15-ab66-679336374d4d","LLM_STEP","","SKYWAVE_PHASE_4_5","-6.0","08:56:47","","85cb46c5-e8d4-460c-a259-3ee202a37973","","","","I want to select seat 1A for my flight","LLM_STEP","I was unable to retrieve the seat map automatically and could not assign the seat.","","","6a123af1-e220-4980-ad39-d0de85f2a04e","-6.0","08:56:45","e87c3988-803b-44e4-a09a-1d87d471bb21"
"896031bd-01a4-4c85-a574-6229d18d46da","TOPIC_STEP","","SKYWAVE_PHASE_4_5","-6.0","08:57:24","","6b3ac874-e93f-4dbf-aa93-fb333bbf0406","","","","This still is not working, I am frustrated.","TOPIC_STEP","I am sorry for the inconvenience. I was unable to resolve this for you.","","","","-6.0","08:57:22","2529308a-00de-434a-a74a-ad0e5f79ffcc"
"2ebb1767-3467-4caa-aec7-5000b52ef533","TOPIC_STEP","","SKYWAVE_PHASE_4_5","-7.0","10:36:02","","2b6aae8c-3f70-4347-a85e-67d4b93be146","","","","My in-flight wifi did not work, I want a refund","TOPIC_STEP","I have logged your complaint as case 00012346. A refund will be processed.","","","","-7.0","10:36:00","98cabc7e-476d-4f8a-a5fe-d6d0cc68295e"
"2ebb1767-3467-4caa-aec7-5000b52ef533","LLM_STEP","","SKYWAVE_PHASE_4_5","-7.0","10:36:04","","3e1fc8a8-71bf-4fa4-a0e9-c31cad00e49f","","","","My in-flight wifi did not work, I want a refund","LLM_STEP","I have logged your complaint as case 00012346. A refund will be processed.","","","2b6aae8c-3f70-4347-a85e-67d4b93be146","-7.0","10:36:02","98cabc7e-476d-4f8a-a5fe-d6d0cc68295e"
"42daa636-6ef9-4dd0-adb9-275479a66e63","TOPIC_STEP","","SKYWAVE_PHASE_4_5","-7.0","10:40:27","","6506c5fc-76f6-4bf9-aebc-db8d02a6b6dd","","","","Okay.","TOPIC_STEP","Understood. Anything else I can help with?","","","","-7.0","10:40:25","6736cee1-4b71-4c17-a8da-ac60ff66c273"
"41e3122b-69d8-4ab8-aa24-92a96f49a9db","TOPIC_STEP","","SKYWAVE_PHASE_4_5","-7.0","10:41:04","","4c31cbdf-7b1f-4cac-a27e-83da8ed86752","","","","I want to select seat 1A for my flight","TOPIC_STEP","I was unable to retrieve the seat map automatically and could not assign the seat.","","","","-7.0","10:41:02","af8aa2ea-8b4a-4606-a970-528aeb6eab41"
"41e3122b-69d8-4ab8-aa24-92a96f49a9db","LLM_STEP","","SKYWAVE_PHASE_4_5","-7.0","10:41:06","","22c78d00-1f11-4db9-a278-48170a3e47f6","","","","I want to select seat 1A for my flight","LLM_STEP","I was unable to retrieve the seat map automatically and could not assign the seat.","","","4c31cbdf-7b1f-4cac-a27e-83da8ed86752","-7.0","10:41:04","af8aa2ea-8b4a-4606-a970-528aeb6eab41"
"9c0a92e2-7bd6-400f-ad9a-9a997d917a05","TOPIC_STEP","","SKYWAVE_PHASE_4_5","-7.0","10:42:15","","c0cfd2e1-91e0-4d46-af77-7deb34630820","","","","This still is not working, I am frustrated.","TOPIC_STEP","I am sorry for the inconvenience. I was unable to resolve this for you.","","","","-7.0","10:42:13","f42cbe93-af1d-4bf4-ae26-efeabd103a2c"
"31c256c4-942f-4579-aec1-fae3d9ccb4d9","TOPIC_STEP","","SKYWAVE_PHASE_4_5","-8.0","16:09:02","","ba8c50f0-de2b-407a-a1eb-bc6661f30d4e","","","","Show me my upcoming bookings","TOPIC_STEP","You have one upcoming booking — LH 1927 BER-MUC-SFO, confirmed.","","","","-8.0","16:09:00","ae381ae2-4cbf-4faa-ab31-6f04ff328e58"
"31c256c4-942f-4579-aec1-fae3d9ccb4d9","LLM_STEP","","SKYWAVE_PHASE_4_5","-8.0","16:09:04","","a48bce2c-0581-4f16-aada-164865f06f37","","","","Show me my upcoming bookings","LLM_STEP","You have one upcoming booking — LH 1927 BER-MUC-SFO, confirmed.","","","ba8c50f0-de2b-407a-a1eb-bc6661f30d4e","-8.0","16:09:02","ae381ae2-4cbf-4faa-ab31-6f04ff328e58"
"06a58202-dcf3-4084-a545-5e0714691ce0","TOPIC_STEP","","SKYWAVE_PHASE_4_5","-8.0","16:09:39","","bc50285c-717c-428a-a7b7-1f321029fd01","","","","Great, thank you!","TOPIC_STEP","You are welcome. Is there anything else I can help with?","","","","-8.0","16:09:37","832acf83-e152-4388-a753-cf336fa953dc"
"8bbe9b8a-b171-4ffa-a725-df7d66098bf8","TOPIC_STEP","","SKYWAVE_PHASE_4_5","-8.0","16:14:27","","1fbca8a7-3a70-400d-a0db-74bd0c977012","","","","Find flights from JFK to HND tomorrow","TOPIC_STEP","I found 4 flights for that route. The cheapest is SW1200 at 1pm for $1,280.","","","","-8.0","16:14:25","02b84815-6f65-4bc6-a0c7-1edaf8b4db4f"
"8bbe9b8a-b171-4ffa-a725-df7d66098bf8","LLM_STEP","","SKYWAVE_PHASE_4_5","-8.0","16:14:29","","985d3008-a51f-4397-a54f-ce4d758c4ded","","","","Find flights from JFK to HND tomorrow","LLM_STEP","I found 4 flights for that route. The cheapest is SW1200 at 1pm for $1,280.","","","1fbca8a7-3a70-400d-a0db-74bd0c977012","-8.0","16:14:27","02b84815-6f65-4bc6-a0c7-1edaf8b4db4f"
"13fbb254-a7d5-48c8-a513-571f38f822d7","TOPIC_STEP","","SKYWAVE_PHASE_4_5","-8.0","16:16:02","","e6744193-f586-4ab4-a136-6f63a21b0d72","","","","Great, thank you!","TOPIC_STEP","You are welcome. Is there anything else I can help with?","","","","-8.0","16:16:00","ab2e8f22-9ca9-46f9-ad26-736767ef02e5"
"165231d9-d09f-4eb5-a30d-ba4a21a3f9cb","TOPIC_STEP","","SKYWAVE_PHASE_4_5","-6.0","19:31:02","","1718c040-c12e-4b7a-a249-e7dd3c95a90b","","","","I want to select seat 1A for my flight","TOPIC_STEP","I was unable to retrieve the seat map automatically and could not assign the seat.","","","","-6.0","19:31:00","7a741894-b61f-405f-a769-6bb865795378"
"165231d9-d09f-4eb5-a30d-ba4a21a3f9cb","LLM_STEP","","SKYWAVE_PHASE_4_5","-6.0","19:31:04","","2273f2e0-8115-4bef-a99f-a84cd5ee3ece","","","","I want to select seat 1A for my flight","LLM_STEP","I was unable to retrieve the seat map automatically and could not assign the seat.","","","1718c040-c12e-4b7a-a249-e7dd3c95a90b","-6.0","19:31:02","7a741894-b61f-405f-a769-6bb865795378"
"32dfd454-8c34-48a2-a6a9-c3c62902aca5","TOPIC_STEP","","SKYWAVE_PHASE_4_5","-6.0","19:35:10","","3a83c276-6aac-48c6-ac14-61ab21d83e14","","","","This still is not working, I am frustrated.","TOPIC_STEP","I am sorry for the inconvenience. I was unable to resolve this for you.","","","","-6.0","19:35:08","f7ea6709-315d-4f9f-af12-4cb8bc487a5b"
"e9f0318f-3f49-41a8-a0b3-99d5b1f89ee0","TOPIC_STEP","","SKYWAVE_PHASE_4_5","-9.0","15:50:02","","d386fc32-46a7-490b-a9d5-8d3681cd4681","","","","Show me my upcoming bookings","TOPIC_STEP","You have one upcoming booking — LH 1927 BER-MUC-SFO, confirmed.","","","","-9.0","15:50:00","604e79c7-c74d-4f2b-a40d-6fd7c09dc2b9"
"e9f0318f-3f49-41a8-a0b3-99d5b1f89ee0","LLM_STEP","","SKYWAVE_PHASE_4_5","-9.0","15:50:04","","35ae31a0-b79b-4856-a10f-bbc6e388fcb8","","","","Show me my upcoming bookings","LLM_STEP","You have one upcoming booking — LH 1927 BER-MUC-SFO, confirmed.","","","d386fc32-46a7-490b-a9d5-8d3681cd4681","-9.0","15:50:02","604e79c7-c74d-4f2b-a40d-6fd7c09dc2b9"
"7d2ccccc-6a88-4e7e-a3db-f1d89b942946","TOPIC_STEP","","SKYWAVE_PHASE_4_5","-9.0","15:53:40","","9ed344c3-7a52-4356-aafa-0545d5a0c1f2","","","","Great, thank you!","TOPIC_STEP","You are welcome. Is there anything else I can help with?","","","","-9.0","15:53:38","145fc0d1-6f99-4b3a-a7a3-8536762be739"
"ee0bd900-057f-4635-afe2-5d38f5e6a6ac","TOPIC_STEP","","SKYWAVE_PHASE_4_5","-8.0","11:18:02","","2fccb51e-84a8-47ed-ab2a-f7e2708fed66","","","","My in-flight wifi did not work, I want a refund","TOPIC_STEP","I have logged your complaint as case 00012346. A refund will be processed.","","","","-8.0","11:18:00","79c666ef-20c7-4f34-a90c-69cdfcc4d7b7"
"ee0bd900-057f-4635-afe2-5d38f5e6a6ac","LLM_STEP","","SKYWAVE_PHASE_4_5","-8.0","11:18:04","","7b72647a-c6cf-45bf-a96f-4710c24d8946","","","","My in-flight wifi did not work, I want a refund","LLM_STEP","I have logged your complaint as case 00012346. A refund will be processed.","","","2fccb51e-84a8-47ed-ab2a-f7e2708fed66","-8.0","11:18:02","79c666ef-20c7-4f34-a90c-69cdfcc4d7b7"
"42242fe2-9077-49e7-a4f6-654e5acd83b2","TOPIC_STEP","","SKYWAVE_PHASE_4_5","-8.0","11:19:36","","8519aea8-a45b-4461-a62d-d82bc74f8ac6","","","","Great, thank you!","TOPIC_STEP","You are welcome. Is there anything else I can help with?","","","","-8.0","11:19:34","70eb803f-79c4-4f06-a123-0a0a82c0fb58"
"c65a081b-58c0-466a-adea-3391c843defe","TOPIC_STEP","","SKYWAVE_PHASE_4_5","-8.0","11:21:21","","908ba242-b298-40a1-a2e0-a4d4b8902276","","","","How many miles do I have?","TOPIC_STEP","You currently have 18,450 SkyWave miles. You are at Premier tier.","","","","-8.0","11:21:19","c70517f5-cf81-4a30-a50c-ab49d93f2f1d"
"c65a081b-58c0-466a-adea-3391c843defe","LLM_STEP","","SKYWAVE_PHASE_4_5","-8.0","11:21:23","","d01b6285-3bd5-494b-a6d8-8240998df7cd","","","","How many miles do I have?","LLM_STEP","You currently have 18,450 SkyWave miles. You are at Premier tier.","","","908ba242-b298-40a1-a2e0-a4d4b8902276","-8.0","11:21:21","c70517f5-cf81-4a30-a50c-ab49d93f2f1d"
"7aa94132-1b35-4541-af0f-24a42354f121","TOPIC_STEP","","SKYWAVE_PHASE_4_5","-8.0","11:22:33","","1f97dbb8-d6e2-431d-af5a-f1938ed5f62a","","","","Great, thank you!","TOPIC_STEP","You are welcome. Is there anything else I can help with?","","","","-8.0","11:22:31","2bcc9cce-7585-4804-a424-3833580c0b5a"
"b6f0f82b-701b-40f1-afb2-60f40ac2cbdb","TOPIC_STEP","","SKYWAVE_PHASE_4_5","-8.0","11:24:41","","e62f01ab-bb16-4962-a99a-024ab060efe4","","","","Please correct my last name on booking ABC123","TOPIC_STEP","I have updated the passenger name on booking ABC123. A confirmation has been sent.","","","","-8.0","11:24:39","aca2a234-fd77-46a0-a589-b9c3a0392f59"
"b6f0f82b-701b-40f1-afb2-60f40ac2cbdb","LLM_STEP","","SKYWAVE_PHASE_4_5","-8.0","11:24:43","","403e8ce4-c386-46b5-a43a-b503c12a0c96","","","","Please correct my last name on booking ABC123","LLM_STEP","I have updated the passenger name on booking ABC123. A confirmation has been sent.","","","e62f01ab-bb16-4962-a99a-024ab060efe4","-8.0","11:24:41","aca2a234-fd77-46a0-a589-b9c3a0392f59"
"007a043f-a71e-4fa0-a9f5-f39f79ba1e42","TOPIC_STEP","","SKYWAVE_PHASE_4_5","-8.0","11:25:17","","bf8aff74-febc-4f08-a4d8-a709f22662e9","","","","Great, thank you!","TOPIC_STEP","You are welcome. Is there anything else I can help with?","","","","-8.0","11:25:15","ed5fcc2e-ec87-4ec3-acff-993f01ea6984"
"1d4e7531-57a1-4a57-a80e-940dfc05abef","TOPIC_STEP","","SKYWAVE_PHASE_4_5","-7.0","15:42:02","","af1d1e1d-0d70-42cf-a092-dda68ac3293e","","","","Cancel my booking ABC123","TOPIC_STEP","I have cancelled booking ABC123. A refund of $480 will be issued.","","","","-7.0","15:42:00","b6eaab47-ab4e-4786-a1d1-8cd1717f9b4c"
"1d4e7531-57a1-4a57-a80e-940dfc05abef","LLM_STEP","","SKYWAVE_PHASE_4_5","-7.0","15:42:04","","f9435af9-eff8-4041-ac71-f789477267e0","","","","Cancel my booking ABC123","LLM_STEP","I have cancelled booking ABC123. A refund of $480 will be issued.","","","af1d1e1d-0d70-42cf-a092-dda68ac3293e","-7.0","15:42:02","b6eaab47-ab4e-4786-a1d1-8cd1717f9b4c"
"c1b9b0ae-c667-42ba-afd6-61cdaea756d1","TOPIC_STEP","","SKYWAVE_PHASE_4_5","-7.0","15:42:51","","bdcd8d0c-9edc-4be2-abb4-ede450398663","","","","Great, thank you!","TOPIC_STEP","You are welcome. Is there anything else I can help with?","","","","-7.0","15:42:49","d1bf7197-5d04-4e58-a745-2138ab25103b"
"83620876-df1e-462d-a5d1-382e8addc4a9","TOPIC_STEP","","SKYWAVE_PHASE_4_5","-7.0","19:34:02","","b0f90642-ba51-45ab-a660-8732fc52047d","","","","What is my tier status?","TOPIC_STEP","You are Gold tier with 14,200 qualifying points this year.","","","","-7.0","19:34:00","ec444b9d-067b-4a20-a996-de659e5f1213"
"83620876-df1e-462d-a5d1-382e8addc4a9","LLM_STEP","","SKYWAVE_PHASE_4_5","-7.0","19:34:04","","df4b2793-4d3a-468a-a8b7-62595b729065","","","","What is my tier status?","LLM_STEP","You are Gold tier with 14,200 qualifying points this year.","","","b0f90642-ba51-45ab-a660-8732fc52047d","-7.0","19:34:02","ec444b9d-067b-4a20-a996-de659e5f1213"
"f6d7a900-8e5c-4065-a443-51c53687b37b","TOPIC_STEP","","SKYWAVE_PHASE_4_5","-7.0","19:35:08","","e8273944-31a3-4cde-aec5-a2b71bc7f232","","","","Great, thank you!","TOPIC_STEP","You are welcome. Is there anything else I can help with?","","","","-7.0","19:35:06","9fbb4351-605b-4487-a7f4-a9402598d1b7"
"60c6f624-24db-423f-a808-976410ebca12","TOPIC_STEP","","SKYWAVE_PHASE_4_5","-7.0","19:36:09","","beeace79-0e7a-4cfa-a75a-161294ebccd8","","","","Find flights from JFK to HND tomorrow","TOPIC_STEP","I found 4 flights for that route. The cheapest is SW1200 at 1pm for $1,280.","","","","-7.0","19:36:07","e4e62194-b09f-4805-ac42-fd91ffe3fef1"
"60c6f624-24db-423f-a808-976410ebca12","LLM_STEP","","SKYWAVE_PHASE_4_5","-7.0","19:36:11","","712a362f-25e1-44c2-a8bd-af9ea897014b","","","","Find flights from JFK to HND tomorrow","LLM_STEP","I found 4 flights for that route. The cheapest is SW1200 at 1pm for $1,280.","","","beeace79-0e7a-4cfa-a75a-161294ebccd8","-7.0","19:36:09","e4e62194-b09f-4805-ac42-fd91ffe3fef1"
"a1068d3d-6b80-4ec8-ae4d-41f909921c3f","TOPIC_STEP","","SKYWAVE_PHASE_4_5","-7.0","19:37:15","","56b0de74-6d6f-4f39-a9bd-1a3834fe7d6f","","","","Great, thank you!","TOPIC_STEP","You are welcome. Is there anything else I can help with?","","","","-7.0","19:37:13","19ac26c2-04fc-403b-a58a-388da2aa9fca"
"eaadc728-73b9-4f21-a9fd-50c4d148eeef","TOPIC_STEP","","SKYWAVE_PHASE_4_5","-14.0","14:40:02","","6181db08-f31c-4fd2-a616-143f5dd012bd","","","","My first name is misspelled on my ticket","TOPIC_STEP","I have corrected the spelling on your ticket. Please review the updated itinerary.","","","","-14.0","14:40:00","0556c404-ae85-40ec-ad3f-2edd53d44af1"
"eaadc728-73b9-4f21-a9fd-50c4d148eeef","LLM_STEP","","SKYWAVE_PHASE_4_5","-14.0","14:40:04","","c984cdd1-5513-403d-ae35-ef0a0e419c4b","","","","My first name is misspelled on my ticket","LLM_STEP","I have corrected the spelling on your ticket. Please review the updated itinerary.","","","6181db08-f31c-4fd2-a616-143f5dd012bd","-14.0","14:40:02","0556c404-ae85-40ec-ad3f-2edd53d44af1"
"6f8ca71a-adcd-4fcd-a471-d1b1b6312493","TOPIC_STEP","","SKYWAVE_PHASE_4_5","-14.0","14:40:59","","91c8e2a1-6bff-437b-a270-eace66e877b5","","","","Great, thank you!","TOPIC_STEP","You are welcome. Is there anything else I can help with?","","","","-14.0","14:40:57","2525de00-81bd-40f2-a3f1-df6ada366935"
"b3ae5e28-d9c4-4dab-a341-b0de3ffdabe2","TOPIC_STEP","","SKYWAVE_PHASE_4_5","-14.0","14:41:59","","b8922899-4ffb-442c-a70d-5e9dd22d9c30","","","","I want to change my seat to a window seat","TOPIC_STEP","Sorry, I am unable to change your seat right now. Please try again later.","","","","-14.0","14:41:57","88e79f07-4844-45eb-ac99-8dd04e28b3b7"
"b3ae5e28-d9c4-4dab-a341-b0de3ffdabe2","LLM_STEP","","SKYWAVE_PHASE_4_5","-14.0","14:42:01","","04ace630-bea1-47f1-a16d-9e2c43fd8c01","","","","I want to change my seat to a window seat","LLM_STEP","Sorry, I am unable to change your seat right now. Please try again later.","","","b8922899-4ffb-442c-a70d-5e9dd22d9c30","-14.0","14:41:59","88e79f07-4844-45eb-ac99-8dd04e28b3b7"
"8eacf8dc-bc87-4a69-a58d-b280a5b9f6b7","TOPIC_STEP","","SKYWAVE_PHASE_4_5","-14.0","14:42:16","","4c22d782-dbf7-4dad-aeef-03037bfb54d7","","","","This still is not working, I am frustrated.","TOPIC_STEP","I am sorry for the inconvenience. I was unable to resolve this for you.","","","","-14.0","14:42:14","6b320231-0f88-4c8a-a956-5e35b9617be4"
"d734cc65-a253-434f-a0c7-427cda2338f2","TOPIC_STEP","","SKYWAVE_PHASE_4_5","-3.0","11:35:02","","83d9cd2b-e6bb-4c76-afde-e710e1e570dd","","","","I want to change my seat to a window seat","TOPIC_STEP","Sorry, I am unable to change your seat right now. Please try again later.","","","","-3.0","11:35:00","cf3fa72e-6fb2-4119-affb-1648e49518f3"
"d734cc65-a253-434f-a0c7-427cda2338f2","LLM_STEP","","SKYWAVE_PHASE_4_5","-3.0","11:35:04","","6997c163-e129-44d4-acb7-9447662bd756","","","","I want to change my seat to a window seat","LLM_STEP","Sorry, I am unable to change your seat right now. Please try again later.","","","83d9cd2b-e6bb-4c76-afde-e710e1e570dd","-3.0","11:35:02","cf3fa72e-6fb2-4119-affb-1648e49518f3"
"808166e8-3fd3-433d-aed9-674543b8ff7f","TOPIC_STEP","","SKYWAVE_PHASE_4_5","-3.0","11:35:49","","08923b24-aedc-499a-ad00-d6dc7f21a448","","","","This still is not working, I am frustrated.","TOPIC_STEP","I am sorry for the inconvenience. I was unable to resolve this for you.","","","","-3.0","11:35:47","43c2b8f3-ed3e-4095-a20c-485e02b2f756"
"6db3ed7e-3f57-4917-a9c1-6dcc9ba42d30","TOPIC_STEP","","SKYWAVE_PHASE_4_5","-3.0","11:36:28","","c5806894-297c-4208-ac26-77d59e8ec42a","","","","Show me my upcoming bookings","TOPIC_STEP","You have one upcoming booking — LH 1927 BER-MUC-SFO, confirmed.","","","","-3.0","11:36:26","bf5dc92f-66c7-40ea-ae8f-edf2ebc0ed67"
"6db3ed7e-3f57-4917-a9c1-6dcc9ba42d30","LLM_STEP","","SKYWAVE_PHASE_4_5","-3.0","11:36:30","","c0527fee-e7c7-4094-ab28-b69244e876e6","","","","Show me my upcoming bookings","LLM_STEP","You have one upcoming booking — LH 1927 BER-MUC-SFO, confirmed.","","","c5806894-297c-4208-ac26-77d59e8ec42a","-3.0","11:36:28","bf5dc92f-66c7-40ea-ae8f-edf2ebc0ed67"
"8148f376-0179-4303-a38c-f3b8a6207087","TOPIC_STEP","","SKYWAVE_PHASE_4_5","-3.0","11:37:04","","c17f26ee-2eb5-4ebf-a69b-2115e669231f","","","","Great, thank you!","TOPIC_STEP","You are welcome. Is there anything else I can help with?","","","","-3.0","11:37:02","733e7a32-fcbf-4b3e-ad85-eaefc198c606"
"dec263fa-0def-4701-a90c-705a7aedea3c","TOPIC_STEP","","SKYWAVE_PHASE_4_5","-7.0","16:19:02","","23d1481d-6593-4d7c-a628-095ba83f52d6","","","","I want to change my seat to a window seat","TOPIC_STEP","Sorry, I am unable to change your seat right now. Please try again later.","","","","-7.0","16:19:00","bbd03aa8-8ba3-4e15-a5cd-9256d089f689"
"dec263fa-0def-4701-a90c-705a7aedea3c","LLM_STEP","","SKYWAVE_PHASE_4_5","-7.0","16:19:04","","4f2c0145-2e60-4f46-a1e3-54eeafcfcfa6","","","","I want to change my seat to a window seat","LLM_STEP","Sorry, I am unable to change your seat right now. Please try again later.","","","23d1481d-6593-4d7c-a628-095ba83f52d6","-7.0","16:19:02","bbd03aa8-8ba3-4e15-a5cd-9256d089f689"
"36d035ac-69c7-443a-a836-48497b7c4323","TOPIC_STEP","","SKYWAVE_PHASE_4_5","-7.0","16:19:59","","08e18076-626c-4afc-a73a-5f7273981165","","","","This still is not working, I am frustrated.","TOPIC_STEP","I am sorry for the inconvenience. I was unable to resolve this for you.","","","","-7.0","16:19:57","43d247e7-eec3-4699-a186-b8f53c8c9620"
"0d671f41-0bfd-41dd-ac91-1659516fc5a0","TOPIC_STEP","","SKYWAVE_PHASE_4_5","-7.0","16:21:00","","48a92c15-ef8f-49b1-a421-a966d19c32a3","","","","Can I move from 23B to an aisle seat?","TOPIC_STEP","I could not update your seat assignment. Please contact a service agent.","","","","-7.0","16:20:58","ee16412b-75de-4800-a85d-a637087d0b29"
"0d671f41-0bfd-41dd-ac91-1659516fc5a0","LLM_STEP","","SKYWAVE_PHASE_4_5","-7.0","16:21:02","","85d2747d-aa36-4461-a9ca-8707c9692790","","","","Can I move from 23B to an aisle seat?","LLM_STEP","I could not update your seat assignment. Please contact a service agent.","","","48a92c15-ef8f-49b1-a421-a966d19c32a3","-7.0","16:21:00","ee16412b-75de-4800-a85d-a637087d0b29"
"11eed51e-2942-45f9-addd-2e32a9ca73cb","TOPIC_STEP","","SKYWAVE_PHASE_4_5","-7.0","16:23:49","","c687cbe0-915d-4c84-a277-d0800df252da","","","","This still is not working, I am frustrated.","TOPIC_STEP","I am sorry for the inconvenience. I was unable to resolve this for you.","","","","-7.0","16:23:47","14df9120-dfec-410b-a48a-b413bcba5c83"
"d85982bd-1d26-4019-affb-a2f9ce65582f","TOPIC_STEP","","SKYWAVE_PHASE_4_5","-7.0","16:25:58","","d324792b-3eb1-4bcc-a1c8-22a61b710499","","","","I lost my luggage in Munich last week, can you help?","TOPIC_STEP","I have created case 00012345 for your lost luggage. We will contact you within 24 hours.","","","","-7.0","16:25:56","f07df948-2840-412a-a2a6-e667f89e70cb"
"d85982bd-1d26-4019-affb-a2f9ce65582f","LLM_STEP","","SKYWAVE_PHASE_4_5","-7.0","16:26:00","","ff784cba-dd88-4b50-a3a7-18dfac74ac0b","","","","I lost my luggage in Munich last week, can you help?","LLM_STEP","I have created case 00012345 for your lost luggage. We will contact you within 24 hours.","","","d324792b-3eb1-4bcc-a1c8-22a61b710499","-7.0","16:25:58","f07df948-2840-412a-a2a6-e667f89e70cb"
"4539cc75-0cb9-4899-acf4-60fa2461b95d","TOPIC_STEP","","SKYWAVE_PHASE_4_5","-7.0","16:28:53","","15570f2a-4d4c-48d3-ac9f-24279ed31881","","","","Great, thank you!","TOPIC_STEP","You are welcome. Is there anything else I can help with?","","","","-7.0","16:28:51","ec77c9bd-821e-4cfc-a028-2db346f12f4e"
"efd9dd4b-127a-4d93-a662-2f12e1670640","TOPIC_STEP","","SKYWAVE_PHASE_4_5","-10.0","12:07:02","","691702ed-25ad-42c7-a670-4cb5b08e7372","","","","Tell me a joke","TOPIC_STEP","I am a Skywave booking assistant. How can I help with your travel?","","","","-10.0","12:07:00","5a7f2751-c678-4401-a0a5-ccd513b7e146"
"efd9dd4b-127a-4d93-a662-2f12e1670640","LLM_STEP","","SKYWAVE_PHASE_4_5","-10.0","12:07:04","","1f7221af-af96-458f-a8a0-e6a6415d1b02","","","","Tell me a joke","LLM_STEP","I am a Skywave booking assistant. How can I help with your travel?","","","691702ed-25ad-42c7-a670-4cb5b08e7372","-10.0","12:07:02","5a7f2751-c678-4401-a0a5-ccd513b7e146"
"fae2df92-fa58-453e-ad50-aebe08614aff","TOPIC_STEP","","SKYWAVE_PHASE_4_5","-10.0","12:11:01","","b3282371-959f-4938-ae1a-7fabfe9a792b","","","","This still is not working, I am frustrated.","TOPIC_STEP","I am sorry for the inconvenience. I was unable to resolve this for you.","","","","-10.0","12:10:59","12836ea4-9cb8-42c0-aa94-cdc87b8c86bd"
"8ac28920-1b32-4bee-a3f4-54d5a272b640","TOPIC_STEP","","SKYWAVE_PHASE_4_5","-10.0","12:11:27","","631fe29d-855e-4b50-acfe-a4419b5e3716","","","","How many miles do I have?","TOPIC_STEP","You currently have 18,450 SkyWave miles. You are at Premier tier.","","","","-10.0","12:11:25","4f3da6c3-caf4-4a87-ac12-63f197e44bea"
"8ac28920-1b32-4bee-a3f4-54d5a272b640","LLM_STEP","","SKYWAVE_PHASE_4_5","-10.0","12:11:29","","3dd982fc-4d20-4160-a300-c73019b06195","","","","How many miles do I have?","LLM_STEP","You currently have 18,450 SkyWave miles. You are at Premier tier.","","","631fe29d-855e-4b50-acfe-a4419b5e3716","-10.0","12:11:27","4f3da6c3-caf4-4a87-ac12-63f197e44bea"
"876a3d74-aa46-4bb0-a766-8758dbdb429b","TOPIC_STEP","","SKYWAVE_PHASE_4_5","-10.0","12:12:34","","248e6c4a-9611-4962-a7a7-0b725a508328","","","","Great, thank you!","TOPIC_STEP","You are welcome. Is there anything else I can help with?","","","","-10.0","12:12:32","3f3bbe46-2785-4ae5-aace-c2eaf6dc794c"
"00fc2057-703b-4945-a10d-8bba2334ccd5","TOPIC_STEP","","SKYWAVE_PHASE_4_5","-1.0","16:41:02","","b3757dce-680e-4943-a26c-f5e38cbd3176","","","","Find flights from JFK to HND tomorrow","TOPIC_STEP","I found 4 flights for that route. The cheapest is SW1200 at 1pm for $1,280.","","","","-1.0","16:41:00","cccd2d81-1e6c-4406-a467-37f1db84696e"
"00fc2057-703b-4945-a10d-8bba2334ccd5","LLM_STEP","","SKYWAVE_PHASE_4_5","-1.0","16:41:04","","e2d6ce54-79b8-436b-ae32-a89b5c92e5ea","","","","Find flights from JFK to HND tomorrow","LLM_STEP","I found 4 flights for that route. The cheapest is SW1200 at 1pm for $1,280.","","","b3757dce-680e-4943-a26c-f5e38cbd3176","-1.0","16:41:02","cccd2d81-1e6c-4406-a467-37f1db84696e"
"0f171d71-aa98-40a7-a217-97e015963846","TOPIC_STEP","","SKYWAVE_PHASE_4_5","-1.0","16:42:52","","15248a80-fc5a-406e-a981-526571b5476c","","","","Great, thank you!","TOPIC_STEP","You are welcome. Is there anything else I can help with?","","","","-1.0","16:42:50","f37c3994-974f-4c8c-a88e-776922382d71"
"aa0a65c9-649e-4777-abe9-883ea30c50af","TOPIC_STEP","","SKYWAVE_PHASE_4_5","-10.0","12:52:02","","f0ad90a3-756c-4c82-a066-12c313d5349d","","","","What is my tier status?","TOPIC_STEP","You are Gold tier with 14,200 qualifying points this year.","","","","-10.0","12:52:00","7edbd2e6-52e1-4d98-a63d-a3ea0726807e"
"aa0a65c9-649e-4777-abe9-883ea30c50af","LLM_STEP","","SKYWAVE_PHASE_4_5","-10.0","12:52:04","","9e3c47a8-5423-4344-a9da-9a9521d3c9ed","","","","What is my tier status?","LLM_STEP","You are Gold tier with 14,200 qualifying points this year.","","","f0ad90a3-756c-4c82-a066-12c313d5349d","-10.0","12:52:02","7edbd2e6-52e1-4d98-a63d-a3ea0726807e"
"8deb0587-70b6-4f26-a909-7b7be5564a03","TOPIC_STEP","","SKYWAVE_PHASE_4_5","-10.0","12:52:36","","abe7de7c-b0ea-4f27-af46-6cc17043c668","","","","Great, thank you!","TOPIC_STEP","You are welcome. Is there anything else I can help with?","","","","-10.0","12:52:34","9261659a-bdfa-4a18-a5c0-79ef422ff609"
"c131fbe1-56dc-4230-a458-f2c9eb61ba60","TOPIC_STEP","","SKYWAVE_PHASE_4_5","-6.0","17:47:02","","29ee109d-b944-4a95-a7ed-6e2490c036b7","","","","I want to select seat 1A for my flight","TOPIC_STEP","I was unable to retrieve the seat map automatically and could not assign the seat.","","","","-6.0","17:47:00","c690afaf-4700-4d4c-a42b-ed3ffebd7eb8"
"c131fbe1-56dc-4230-a458-f2c9eb61ba60","LLM_STEP","","SKYWAVE_PHASE_4_5","-6.0","17:47:04","","34a066c9-959e-4e07-a5d5-00ebf6669cbb","","","","I want to select seat 1A for my flight","LLM_STEP","I was unable to retrieve the seat map automatically and could not assign the seat.","","","29ee109d-b944-4a95-a7ed-6e2490c036b7","-6.0","17:47:02","c690afaf-4700-4d4c-a42b-ed3ffebd7eb8"
"cbcbc23d-3b83-4610-a487-61bb133665c5","TOPIC_STEP","","SKYWAVE_PHASE_4_5","-6.0","17:50:44","","8a1bc702-7fdb-4ebe-a939-31dcac5fbbd8","","","","This still is not working, I am frustrated.","TOPIC_STEP","I am sorry for the inconvenience. I was unable to resolve this for you.","","","","-6.0","17:50:42","a222e806-1a3e-4350-a64b-2b992b88b72b"
"8b667eaf-5eac-4c98-a160-66abf64cebbb","TOPIC_STEP","","SKYWAVE_PHASE_4_5","-3.0","12:13:02","","4b28cf45-019e-4820-a57f-3ce6e0f99413","","","","Can I move from 23B to an aisle seat?","TOPIC_STEP","I could not update your seat assignment. Please contact a service agent.","","","","-3.0","12:13:00","be10d1e4-46a6-498e-ab9b-fc8fbf28e319"
"8b667eaf-5eac-4c98-a160-66abf64cebbb","LLM_STEP","","SKYWAVE_PHASE_4_5","-3.0","12:13:04","","a8c5e757-a8eb-42c1-a2c1-57a9bfa425e1","","","","Can I move from 23B to an aisle seat?","LLM_STEP","I could not update your seat assignment. Please contact a service agent.","","","4b28cf45-019e-4820-a57f-3ce6e0f99413","-3.0","12:13:02","be10d1e4-46a6-498e-ab9b-fc8fbf28e319"
"5f3232b9-544e-4d90-afb7-be2f8e4de3f2","TOPIC_STEP","","SKYWAVE_PHASE_4_5","-3.0","12:13:44","","4b725a96-4b8c-487e-ad0c-f9f382c904c1","","","","This still is not working, I am frustrated.","TOPIC_STEP","I am sorry for the inconvenience. I was unable to resolve this for you.","","","","-3.0","12:13:42","9c9d1a71-6d3f-45f7-a105-e1a77a00502e"
"91e5fad1-325b-45d5-a21c-79c64cf1573f","TOPIC_STEP","","SKYWAVE_PHASE_4_5","-3.0","14:53:02","","09a25574-0e12-4871-af4a-4017cc60be06","","","","Show me my upcoming bookings","TOPIC_STEP","You have one upcoming booking — LH 1927 BER-MUC-SFO, confirmed.","","","","-3.0","14:53:00","0538258f-5e8f-4013-a04c-0ad4baeeef3e"
"91e5fad1-325b-45d5-a21c-79c64cf1573f","LLM_STEP","","SKYWAVE_PHASE_4_5","-3.0","14:53:04","","8d3a87d3-4ec3-442a-af31-b2403646a4d9","","","","Show me my upcoming bookings","LLM_STEP","You have one upcoming booking — LH 1927 BER-MUC-SFO, confirmed.","","","09a25574-0e12-4871-af4a-4017cc60be06","-3.0","14:53:02","0538258f-5e8f-4013-a04c-0ad4baeeef3e"
"bfab582e-32ca-4aef-ae72-876f83acaae2","TOPIC_STEP","","SKYWAVE_PHASE_4_5","-3.0","14:53:33","","63fe6916-63b6-4025-ab82-064ca916eba4","","","","Great, thank you!","TOPIC_STEP","You are welcome. Is there anything else I can help with?","","","","-3.0","14:53:31","340022fa-9364-45d0-aafd-c70231e53d3b"
"aba08b15-19cc-427c-aa2f-0ba9f3e9fd50","TOPIC_STEP","","SKYWAVE_PHASE_4_5","-14.0","17:48:02","","e97d421e-7d4e-48b9-a1c4-b738da0a3050","","","","I lost my luggage in Munich last week, can you help?","TOPIC_STEP","I have created case 00012345 for your lost luggage. We will contact you within 24 hours.","","","","-14.0","17:48:00","054a3e76-3b22-432d-a349-b1116b4ea5c4"
"aba08b15-19cc-427c-aa2f-0ba9f3e9fd50","LLM_STEP","","SKYWAVE_PHASE_4_5","-14.0","17:48:04","","6638e13c-6998-48df-a775-dca6e5212aa9","","","","I lost my luggage in Munich last week, can you help?","LLM_STEP","I have created case 00012345 for your lost luggage. We will contact you within 24 hours.","","","e97d421e-7d4e-48b9-a1c4-b738da0a3050","-14.0","17:48:02","054a3e76-3b22-432d-a349-b1116b4ea5c4"
"174bca95-c501-4b65-a7f9-bb11ac35cab2","TOPIC_STEP","","SKYWAVE_PHASE_4_5","-14.0","17:49:01","","c66b2012-5dfe-42cb-af44-81162ac94da6","","","","Okay.","TOPIC_STEP","Understood. Anything else I can help with?","","","","-14.0","17:48:59","9284124b-37a5-4a67-a471-8f7af22f5a74"
"c5691206-90f5-4b8a-ae30-9677ba147704","TOPIC_STEP","","SKYWAVE_PHASE_4_5","-14.0","10:20:02","","8b2f750c-2151-4e2d-a382-b9ed5401e193","","","","Show me my upcoming bookings","TOPIC_STEP","You have one upcoming booking — LH 1927 BER-MUC-SFO, confirmed.","","","","-14.0","10:20:00","8e87d15b-0021-424d-ad9c-55c57534fbd3"
"c5691206-90f5-4b8a-ae30-9677ba147704","LLM_STEP","","SKYWAVE_PHASE_4_5","-14.0","10:20:04","","bebf795a-c0b9-4efd-a740-f0f9d9472ebd","","","","Show me my upcoming bookings","LLM_STEP","You have one upcoming booking — LH 1927 BER-MUC-SFO, confirmed.","","","8b2f750c-2151-4e2d-a382-b9ed5401e193","-14.0","10:20:02","8e87d15b-0021-424d-ad9c-55c57534fbd3"
"0be26ad2-444c-4d2d-aeae-7352f8a2b768","TOPIC_STEP","","SKYWAVE_PHASE_4_5","-14.0","10:22:37","","7759a6f6-db18-4bcf-a5ce-82fffb925b45","","","","Great, thank you!","TOPIC_STEP","You are welcome. Is there anything else I can help with?","","","","-14.0","10:22:35","1b2c498c-2252-4760-a604-06561ceb0f76"
"9cb1ad08-d5e4-4418-a715-c34a37a9f428","TOPIC_STEP","","SKYWAVE_PHASE_4_5","-9.0","09:21:02","","1238a489-29aa-413e-a49b-fd2b034c4d6e","","","","How many miles do I have?","TOPIC_STEP","You currently have 18,450 SkyWave miles. You are at Premier tier.","","","","-9.0","09:21:00","389fece8-9aca-4c9d-a491-2e8f200454d2"
"9cb1ad08-d5e4-4418-a715-c34a37a9f428","LLM_STEP","","SKYWAVE_PHASE_4_5","-9.0","09:21:04","","f538b67d-6a1d-4444-a5b9-9d19e1614351","","","","How many miles do I have?","LLM_STEP","You currently have 18,450 SkyWave miles. You are at Premier tier.","","","1238a489-29aa-413e-a49b-fd2b034c4d6e","-9.0","09:21:02","389fece8-9aca-4c9d-a491-2e8f200454d2"
"f1a80e6b-80aa-4485-a9c0-413dfd03782d","TOPIC_STEP","","SKYWAVE_PHASE_4_5","-9.0","09:21:34","","6908cff8-7f76-4e25-ad96-53a32fbc77e4","","","","Great, thank you!","TOPIC_STEP","You are welcome. Is there anything else I can help with?","","","","-9.0","09:21:32","87ef07fb-e1e5-4c57-a802-2a49056a6c3e"
"4942d91f-f21c-4451-a5be-a21be53d0d2e","TOPIC_STEP","","SKYWAVE_PHASE_4_5","-9.0","09:23:59","","cdae3af0-647c-44c9-ae2b-cd82cf4405bc","","","","My in-flight wifi did not work, I want a refund","TOPIC_STEP","I have logged your complaint as case 00012346. A refund will be processed.","","","","-9.0","09:23:57","cf88bc00-ec9c-4efe-a9bf-39f4d64b3d04"
"4942d91f-f21c-4451-a5be-a21be53d0d2e","LLM_STEP","","SKYWAVE_PHASE_4_5","-9.0","09:24:01","","7236f2e4-62b8-443e-ac49-cb85e365f7d8","","","","My in-flight wifi did not work, I want a refund","LLM_STEP","I have logged your complaint as case 00012346. A refund will be processed.","","","cdae3af0-647c-44c9-ae2b-cd82cf4405bc","-9.0","09:23:59","cf88bc00-ec9c-4efe-a9bf-39f4d64b3d04"
"9892fa5c-a822-47ac-a5b1-66e14bd5dbb0","TOPIC_STEP","","SKYWAVE_PHASE_4_5","-9.0","09:24:52","","a8ed01ba-e3ef-49ba-abb9-6b839c5b5ba4","","","","Okay.","TOPIC_STEP","Understood. Anything else I can help with?","","","","-9.0","09:24:50","d628e091-208f-4b61-a6f0-4b84b9500667"
"0dcdce32-655a-4995-aff5-84a5b5b41875","TOPIC_STEP","","SKYWAVE_PHASE_4_5","-9.0","09:25:52","","b0663057-dbe2-46e0-a12f-7090df5b0950","","","","Find flights from JFK to HND tomorrow","TOPIC_STEP","I found 4 flights for that route. The cheapest is SW1200 at 1pm for $1,280.","","","","-9.0","09:25:50","abf1ac7c-b4f9-434c-aa13-d708c7cc809e"
"0dcdce32-655a-4995-aff5-84a5b5b41875","LLM_STEP","","SKYWAVE_PHASE_4_5","-9.0","09:25:54","","7744e97a-274c-42e5-a853-600f707132e5","","","","Find flights from JFK to HND tomorrow","LLM_STEP","I found 4 flights for that route. The cheapest is SW1200 at 1pm for $1,280.","","","b0663057-dbe2-46e0-a12f-7090df5b0950","-9.0","09:25:52","abf1ac7c-b4f9-434c-aa13-d708c7cc809e"
"224d7a28-6857-48ba-add3-dd79950d5730","TOPIC_STEP","","SKYWAVE_PHASE_4_5","-9.0","09:26:57","","4985cb7c-dff3-4141-a832-76d4d84502f1","","","","Great, thank you!","TOPIC_STEP","You are welcome. Is there anything else I can help with?","","","","-9.0","09:26:55","2060e2b4-26fa-45d1-ad9f-75ac4a0cf201"
"ce4e3c13-fb80-4334-a4b3-f507cc18ac12","TOPIC_STEP","","SKYWAVE_PHASE_4_5","-5.0","13:26:02","","00f8e448-6892-4c79-ae80-8b121aacbea1","","","","Whats the weather like in Tokyo?","TOPIC_STEP","I can only help with flight bookings and Skywave loyalty questions.","","","","-5.0","13:26:00","773d4c45-9374-4a2d-ad91-4b1a6ea8f5e4"
"ce4e3c13-fb80-4334-a4b3-f507cc18ac12","LLM_STEP","","SKYWAVE_PHASE_4_5","-5.0","13:26:04","","ed5dcf59-9904-4596-a7c1-2ac6120f6466","","","","Whats the weather like in Tokyo?","LLM_STEP","I can only help with flight bookings and Skywave loyalty questions.","","","00f8e448-6892-4c79-ae80-8b121aacbea1","-5.0","13:26:02","773d4c45-9374-4a2d-ad91-4b1a6ea8f5e4"
"77e2e49e-21c7-46b2-ae34-ac4c010872a2","TOPIC_STEP","","SKYWAVE_PHASE_4_5","-5.0","13:26:40","","b4d12e83-6579-4c61-aa07-46bfd77af453","","","","This still is not working, I am frustrated.","TOPIC_STEP","I am sorry for the inconvenience. I was unable to resolve this for you.","","","","-5.0","13:26:38","0004e938-60eb-44ef-a662-d97a08081a97"
"724b8f94-da02-430e-a0cd-e3d4c2b5edf8","TOPIC_STEP","","SKYWAVE_PHASE_4_5","-14.0","12:56:02","","fca7a1f1-7298-4dc0-a02b-0b00629246a2","","","","My in-flight wifi did not work, I want a refund","TOPIC_STEP","I have logged your complaint as case 00012346. A refund will be processed.","","","","-14.0","12:56:00","4b327245-2117-46ef-aabf-db58aaac8dba"
"724b8f94-da02-430e-a0cd-e3d4c2b5edf8","LLM_STEP","","SKYWAVE_PHASE_4_5","-14.0","12:56:04","","b3b4c292-0900-456b-a1a9-8253c5da6d27","","","","My in-flight wifi did not work, I want a refund","LLM_STEP","I have logged your complaint as case 00012346. A refund will be processed.","","","fca7a1f1-7298-4dc0-a02b-0b00629246a2","-14.0","12:56:02","4b327245-2117-46ef-aabf-db58aaac8dba"
"078479c4-4871-45a2-aa5d-874f96528910","TOPIC_STEP","","SKYWAVE_PHASE_4_5","-14.0","12:57:00","","74fe3aba-92d9-46a0-ae9d-678d78f7d002","","","","Okay.","TOPIC_STEP","Understood. Anything else I can help with?","","","","-14.0","12:56:58","fae1d3de-c00a-472d-a84e-49ac2e128946"
"8eb23339-1420-424e-adca-faf0af3a368e","TOPIC_STEP","","SKYWAVE_PHASE_4_5","-14.0","12:57:54","","6d053aff-74b1-446c-a9b2-9a10f5245b4a","","","","Can I move from 23B to an aisle seat?","TOPIC_STEP","I could not update your seat assignment. Please contact a service agent.","","","","-14.0","12:57:52","f3d035be-4c2d-4b05-a140-ad289675442b"
"8eb23339-1420-424e-adca-faf0af3a368e","LLM_STEP","","SKYWAVE_PHASE_4_5","-14.0","12:57:56","","03db78cb-4332-418c-a898-6420c7508bb3","","","","Can I move from 23B to an aisle seat?","LLM_STEP","I could not update your seat assignment. Please contact a service agent.","","","6d053aff-74b1-446c-a9b2-9a10f5245b4a","-14.0","12:57:54","f3d035be-4c2d-4b05-a140-ad289675442b"
"6774dfad-1bcb-4d82-a58c-abb42c1052a2","TOPIC_STEP","","SKYWAVE_PHASE_4_5","-14.0","12:58:34","","666b46cf-5caf-46d9-a1ba-d720f3a03b9b","","","","This still is not working, I am frustrated.","TOPIC_STEP","I am sorry for the inconvenience. I was unable to resolve this for you.","","","","-14.0","12:58:32","d9d6b2e4-1871-4df7-ab1a-b3b9f3289130"
"37731913-f6d5-42e4-a5c5-adf467db12fa","TOPIC_STEP","","SKYWAVE_PHASE_4_5","-14.0","18:44:02","","6093a86b-6d79-4c83-aeaa-3c25da3cf071","","","","I lost my luggage in Munich last week, can you help?","TOPIC_STEP","I have created case 00012345 for your lost luggage. We will contact you within 24 hours.","","","","-14.0","18:44:00","b112812d-ed3f-4c32-a3c9-4092df504ce3"
"37731913-f6d5-42e4-a5c5-adf467db12fa","LLM_STEP","","SKYWAVE_PHASE_4_5","-14.0","18:44:04","","bd2ec4e1-91b0-425e-a5f2-2e71d3f96e06","","","","I lost my luggage in Munich last week, can you help?","LLM_STEP","I have created case 00012345 for your lost luggage. We will contact you within 24 hours.","","","6093a86b-6d79-4c83-aeaa-3c25da3cf071","-14.0","18:44:02","b112812d-ed3f-4c32-a3c9-4092df504ce3"
"8b8ec65f-1baf-4d27-a577-aecaf83eb62b","TOPIC_STEP","","SKYWAVE_PHASE_4_5","-14.0","18:45:00","","4e0834c3-3a04-4dd4-a105-aa9e9c4c377a","","","","Okay.","TOPIC_STEP","Understood. Anything else I can help with?","","","","-14.0","18:44:58","f81ceaa9-6c74-48d3-a82c-016ec0646b34"
