"AI_Agent_API_Name__c","AI_Agent_Session__c","AI_Agent_Version_API_Name__c","Demo_Identifier__c","End_Days__c","End_Time__c","External_ID__c","Request_Summary_Text__c","Response_Summary_Text__c","Start_Days__c","Start_Time__c"
"Skywave_Airlines_Agent","5cf1fc74-d2e4-419d-a70d-26ea7e964a84","Skywave_Airlines_Agent","SKYWAVE_PHASE_4_5","-6.0","18:01:53","c4711dc2-4336-4718-a3c5-eba54ae10a6b","Whats the weather like in Tokyo?","I can only help with flight bookings and Skywave loyalty questions.","-6.0","18:01:00"
"Skywave_Airlines_Agent","219da89a-c5cd-4fdf-a612-b98d244a5bcb","Skywave_Airlines_Agent","SKYWAVE_PHASE_4_5","-4.0","08:26:12","777814b0-cbf1-4954-a7bf-34eb9a950a7d","What is my tier status?","You are Gold tier with 14,200 qualifying points this year.","-4.0","08:24:00"
"Skywave_Airlines_Agent","9a68f314-dc0e-48d1-aed7-44af7c2479c9","Skywave_Airlines_Agent","SKYWAVE_PHASE_4_5","-5.0","10:00:57","5c6b0032-8f66-4e26-aafa-62d8e42beba5","I want to change my seat to a window seat","Sorry, I am unable to change your seat right now. Please try again later.","-5.0","10:00:00"
"Skywave_Airlines_Agent","5dd36b0a-d270-41be-a9ef-93ffb2daaa6b","Skywave_Airlines_Agent","SKYWAVE_PHASE_4_5","-3.0","19:45:32","3df7c940-8034-48d9-a93f-6bf430a6afc9","Find flights from JFK to HND tomorrow","I found 4 flights for that route. The cheapest is SW1200 at 1pm for $1,280.","-3.0","19:45:00"
"Skywave_Airlines_Agent","5dd36b0a-d270-41be-a9ef-93ffb2daaa6b","Skywave_Airlines_Agent","SKYWAVE_PHASE_4_5","-3.0","19:46:34","ffe09c93-0099-4967-aee4-48f1db6dd223","Show me my upcoming bookings","You have one upcoming booking — LH 1927 BER-MUC-SFO, confirmed.","-3.0","19:46:13"
"Skywave_Airlines_Agent","5dd36b0a-d270-41be-a9ef-93ffb2daaa6b","Skywave_Airlines_Agent","SKYWAVE_PHASE_4_5","-3.0","19:51:12","2e70b2a4-5ac0-4c8b-a149-81683b15d699","I want to select seat 1A for my flight","I was unable to retrieve the seat map automatically and could not assign the seat.","-3.0","19:49:54"
"Skywave_Airlines_Agent","a3013d9c-2301-4a5a-a6cd-274731e8af2e","Skywave_Airlines_Agent","SKYWAVE_PHASE_4_5","-13.0","14:59:52","62e4eab9-1bf3-4eb0-a8df-4b7332c8a43e","I want to change my seat to a window seat","Sorry, I am unable to change your seat right now. Please try again later.","-13.0","14:59:00"
"Skywave_Airlines_Agent","a3013d9c-2301-4a5a-a6cd-274731e8af2e","Skywave_Airlines_Agent","SKYWAVE_PHASE_4_5","-13.0","15:05:16","00eeb8af-caf3-4d68-ae7f-568a6b518972","What is my tier status?","You are Gold tier with 14,200 qualifying points this year.","-13.0","15:00:58"
"Skywave_Airlines_Agent","92137894-6f0f-4506-ac2b-52fa3776ad99","Skywave_Airlines_Agent","SKYWAVE_PHASE_4_5","-5.0","10:07:27","b70bb037-0095-463b-ac20-ac5b0c6ad609","Can I move from 23B to an aisle seat?","I could not update your seat assignment. Please contact a service agent.","-5.0","10:07:00"
"Skywave_Airlines_Agent","80c20992-72e7-4c38-af22-3c49576d4458","Skywave_Airlines_Agent","SKYWAVE_PHASE_4_5","-7.0","17:22:29","1767067a-8111-4c9f-a68f-b5a48bf029fe","How many miles do I have?","You currently have 18,450 SkyWave miles. You are at Premier tier.","-7.0","17:20:00"
"Skywave_Airlines_Agent","008e224e-6b5e-47fc-a054-a8f16b3a8263","Skywave_Airlines_Agent","SKYWAVE_PHASE_4_5","-7.0","18:27:28","644d931b-c187-401b-a7bd-a20b9e17e43a","What is my tier status?","You are Gold tier with 14,200 qualifying points this year.","-7.0","18:27:00"
"Skywave_Airlines_Agent","4bcc7729-5fbe-4bd5-a16c-63248ea1247f","Skywave_Airlines_Agent","SKYWAVE_PHASE_4_5","-11.0","15:55:55","9ede2a02-9f80-4c4f-aabe-f151013f8c6d","Can I move from 23B to an aisle seat?","I could not update your seat assignment. Please contact a service agent.","-11.0","15:54:00"
"Skywave_Airlines_Agent","9b72b6e7-d7b7-463d-ad6a-72cc999124a9","Skywave_Airlines_Agent","SKYWAVE_PHASE_4_5","-9.0","19:07:09","b3995bc0-035f-4475-a6e1-68e50894b4de","Show me my upcoming bookings","You have one upcoming booking — LH 1927 BER-MUC-SFO, confirmed.","-9.0","19:06:00"
"Skywave_Airlines_Agent","9b72b6e7-d7b7-463d-ad6a-72cc999124a9","Skywave_Airlines_Agent","SKYWAVE_PHASE_4_5","-9.0","19:11:42","c1a63546-03c3-405d-ad22-59ed828097f7","I want to select seat 1A for my flight","I was unable to retrieve the seat map automatically and could not assign the seat.","-9.0","19:09:11"
"Skywave_Airlines_Agent","49529b76-dfaf-4818-a202-fd6381395f50","Skywave_Airlines_Agent","SKYWAVE_PHASE_4_5","-13.0","12:13:13","b666c5e7-a3b3-4d8f-a349-efa773abe2d2","How many miles do I have?","You currently have 18,450 SkyWave miles. You are at Premier tier.","-13.0","12:12:00"
"Skywave_Airlines_Agent","49529b76-dfaf-4818-a202-fd6381395f50","Skywave_Airlines_Agent","SKYWAVE_PHASE_4_5","-13.0","12:16:17","75f2c33f-ce13-4354-ada3-4af0fb2a3487","My in-flight wifi did not work, I want a refund","I have logged your complaint as case 00012346. A refund will be processed.","-13.0","12:15:22"
"Skywave_Airlines_Agent","49529b76-dfaf-4818-a202-fd6381395f50","Skywave_Airlines_Agent","SKYWAVE_PHASE_4_5","-13.0","12:21:53","75c504f7-b4ab-4c85-a024-65918dbaf49f","I want to select seat 1A for my flight","I was unable to retrieve the seat map automatically and could not assign the seat.","-13.0","12:21:10"
"Skywave_Airlines_Agent","7f60af3c-9304-46e8-a7e2-f8aec150ad99","Skywave_Airlines_Agent","SKYWAVE_PHASE_4_5","-11.0","18:11:35","9289a767-0a18-4673-a22f-bdd73cb5d021","Cancel my booking ABC123","I have cancelled booking ABC123. A refund of $480 will be issued.","-11.0","18:08:00"
"Skywave_Airlines_Agent","7f60af3c-9304-46e8-a7e2-f8aec150ad99","Skywave_Airlines_Agent","SKYWAVE_PHASE_4_5","-11.0","18:14:44","521c8133-68cc-4e93-a830-d8e577a23ddb","Can I move from 23B to an aisle seat?","I could not update your seat assignment. Please contact a service agent.","-11.0","18:13:43"
"Skywave_Airlines_Agent","f8ebdf6a-afac-4695-ab24-7f206ccb7cf2","Skywave_Airlines_Agent","SKYWAVE_PHASE_4_5","-3.0","10:23:29","a21b37ff-9588-4449-a05e-de41bcc7e82c","Cancel my booking ABC123","I have cancelled booking ABC123. A refund of $480 will be issued.","-3.0","10:23:00"
"Skywave_Airlines_Agent","f8ebdf6a-afac-4695-ab24-7f206ccb7cf2","Skywave_Airlines_Agent","SKYWAVE_PHASE_4_5","-3.0","10:27:03","9715bbcb-4eea-446c-acba-fedfb25b8675","I want to change my seat to a window seat","Sorry, I am unable to change your seat right now. Please try again later.","-3.0","10:25:50"
"Skywave_Airlines_Agent","2cec9cab-1cae-4ac7-a385-4bcefe645804","Skywave_Airlines_Agent","SKYWAVE_PHASE_4_5","-8.0","13:16:05","cb9ea2e1-9a0b-4038-a7ab-b611539ff26f","Show me my upcoming bookings","You have one upcoming booking — LH 1927 BER-MUC-SFO, confirmed.","-8.0","13:15:00"
"Skywave_Airlines_Agent","17b778a3-ea97-4809-a1a9-819d99bd0074","Skywave_Airlines_Agent","SKYWAVE_PHASE_4_5","-3.0","16:18:48","530b9daa-ea30-45ea-a317-55e891c2014b","I want to change my seat to a window seat","Sorry, I am unable to change your seat right now. Please try again later.","-3.0","16:18:00"
"Skywave_Airlines_Agent","e96c9eb2-0ce5-41a6-acfd-7f5f144b9f20","Skywave_Airlines_Agent","SKYWAVE_PHASE_4_5","-3.0","19:28:01","6dfa2fd0-43b7-4018-a007-cb67084c128e","I want to change my seat to a window seat","Sorry, I am unable to change your seat right now. Please try again later.","-3.0","19:25:00"
"Skywave_Airlines_Agent","e96c9eb2-0ce5-41a6-acfd-7f5f144b9f20","Skywave_Airlines_Agent","SKYWAVE_PHASE_4_5","-3.0","19:33:15","bb0d0b90-f07f-4b6b-a740-0d66eb2dbe0a","I lost my luggage in Munich last week, can you help?","I have created case 00012345 for your lost luggage. We will contact you within 24 hours.","-3.0","19:29:32"
"Skywave_Airlines_Agent","e96c9eb2-0ce5-41a6-acfd-7f5f144b9f20","Skywave_Airlines_Agent","SKYWAVE_PHASE_4_5","-3.0","19:35:57","abfd65d4-09e0-4e75-afb9-64aaed4fba4e","I want to change my seat to a window seat","Sorry, I am unable to change your seat right now. Please try again later.","-3.0","19:35:13"
"Skywave_Airlines_Agent","9de69977-6d3b-4b2c-afcb-0c119a26ae38","Skywave_Airlines_Agent","SKYWAVE_PHASE_4_5","-9.0","19:12:05","044bb861-c9ca-4c58-a262-5defae18c8a3","How many miles do I have?","You currently have 18,450 SkyWave miles. You are at Premier tier.","-9.0","19:11:00"
"Skywave_Airlines_Agent","7d98dda4-aa43-43af-af0f-ef10bfe99442","Skywave_Airlines_Agent","SKYWAVE_PHASE_4_5","-10.0","12:19:49","20a20b32-d0ad-4fe5-a864-27cc0371c70b","How many miles do I have?","You currently have 18,450 SkyWave miles. You are at Premier tier.","-10.0","12:19:00"
"Skywave_Airlines_Agent","7d98dda4-aa43-43af-af0f-ef10bfe99442","Skywave_Airlines_Agent","SKYWAVE_PHASE_4_5","-10.0","12:23:16","4bf6456d-1165-464c-aa23-2e312dbc21aa","I want to change my seat to a window seat","Sorry, I am unable to change your seat right now. Please try again later.","-10.0","12:20:38"
"Skywave_Airlines_Agent","68024bc0-7a86-4886-a8f4-013b34c15244","Skywave_Airlines_Agent","SKYWAVE_PHASE_4_5","-2.0","18:55:55","6af34c1c-0dbb-4424-ab38-d6c9bf65598c","Find flights from JFK to HND tomorrow","I found 4 flights for that route. The cheapest is SW1200 at 1pm for $1,280.","-2.0","18:55:00"
"Skywave_Airlines_Agent","68024bc0-7a86-4886-a8f4-013b34c15244","Skywave_Airlines_Agent","SKYWAVE_PHASE_4_5","-2.0","18:57:23","0c163462-f6e9-46bb-aeb0-fe55b4d06f6b","I want to select seat 1A for my flight","I was unable to retrieve the seat map automatically and could not assign the seat.","-2.0","18:56:17"
"Skywave_Airlines_Agent","18742c64-7e9d-4e5d-a264-6e0973b015db","Skywave_Airlines_Agent","SKYWAVE_PHASE_4_5","-4.0","16:26:15","e3ab09be-2545-4dd8-a844-315f77e6fb5b","What is my tier status?","You are Gold tier with 14,200 qualifying points this year.","-4.0","16:25:00"
"Skywave_Airlines_Agent","bc817ceb-5459-4a6c-a5d6-07c3e96dfb35","Skywave_Airlines_Agent","SKYWAVE_PHASE_4_5","-2.0","19:00:28","5069524b-840a-4fc4-a0cd-a2848f005e03","I want to select seat 1A for my flight","I was unable to retrieve the seat map automatically and could not assign the seat.","-2.0","19:00:00"
"Skywave_Airlines_Agent","f6b0021b-6913-41b3-aa8f-d5217ac0e4fe","Skywave_Airlines_Agent","SKYWAVE_PHASE_4_5","-5.0","11:19:08","e00ac82c-b3da-40d1-a5f3-80232bd6ed7d","I want to select seat 1A for my flight","I was unable to retrieve the seat map automatically and could not assign the seat.","-5.0","11:15:00"
"Skywave_Airlines_Agent","a6b4541a-2de5-4311-aa6a-a1734b0fb27f","Skywave_Airlines_Agent","SKYWAVE_PHASE_4_5","-2.0","11:57:40","9402e447-3dbe-481f-ae29-cbcf2c53a6c6","Tell me a joke","I am a Skywave booking assistant. How can I help with your travel?","-2.0","11:54:00"
"Skywave_Airlines_Agent","16cce24b-d2b4-4e40-a007-c9e280109e0c","Skywave_Airlines_Agent","SKYWAVE_PHASE_4_5","-2.0","14:49:12","f3b6ab04-bc79-40e0-aafd-90a0499fbb24","I lost my luggage in Munich last week, can you help?","I have created case 00012345 for your lost luggage. We will contact you within 24 hours.","-2.0","14:48:00"
"Skywave_Airlines_Agent","16cce24b-d2b4-4e40-a007-c9e280109e0c","Skywave_Airlines_Agent","SKYWAVE_PHASE_4_5","-2.0","14:53:14","31fe7694-c478-4b48-a2f0-ff13485bb1d7","Find flights from JFK to HND tomorrow","I found 4 flights for that route. The cheapest is SW1200 at 1pm for $1,280.","-2.0","14:50:23"
"Skywave_Airlines_Agent","71a998a2-e14c-45ad-a12e-b457d7efcff8","Skywave_Airlines_Agent","SKYWAVE_PHASE_4_5","-3.0","10:52:27","7f032568-acbb-4f50-a4f3-53f30def3477","Whats the weather like in Tokyo?","I can only help with flight bookings and Skywave loyalty questions.","-3.0","10:48:00"
"Skywave_Airlines_Agent","0baea545-b2dc-460f-aa08-7b5eb3dd7a1b","Skywave_Airlines_Agent","SKYWAVE_PHASE_4_5","-10.0","16:55:47","43c7c430-2882-468c-a127-1b42881fba20","Can I move from 23B to an aisle seat?","I could not update your seat assignment. Please contact a service agent.","-10.0","16:55:00"
"Skywave_Airlines_Agent","fd1e575e-35d2-4b05-a655-9c10eca5507d","Skywave_Airlines_Agent","SKYWAVE_PHASE_4_5","-10.0","16:09:38","fa709547-4ce9-4f2a-a4e8-5464236e2dba","Whats the weather like in Tokyo?","I can only help with flight bookings and Skywave loyalty questions.","-10.0","16:09:00"
"Skywave_Airlines_Agent","fd1e575e-35d2-4b05-a655-9c10eca5507d","Skywave_Airlines_Agent","SKYWAVE_PHASE_4_5","-10.0","16:14:32","484bfd6a-2141-404d-a22e-0e4b1ba59e0e","How many miles do I have?","You currently have 18,450 SkyWave miles. You are at Premier tier.","-10.0","16:14:05"
"Skywave_Airlines_Agent","74a2c710-3ab0-447f-a8b2-b6072dd759b2","Skywave_Airlines_Agent","SKYWAVE_PHASE_4_5","-12.0","18:22:15","de2be8f3-f86d-44a4-a4eb-a782ce0988bf","Can I move from 23B to an aisle seat?","I could not update your seat assignment. Please contact a service agent.","-12.0","18:21:00"
"Skywave_Airlines_Agent","74a2c710-3ab0-447f-a8b2-b6072dd759b2","Skywave_Airlines_Agent","SKYWAVE_PHASE_4_5","-12.0","18:23:47","17628b78-73b9-4a2a-a3b4-9ac9d443e433","Show me my upcoming bookings","You have one upcoming booking — LH 1927 BER-MUC-SFO, confirmed.","-12.0","18:22:43"
"Skywave_Airlines_Agent","9dce345a-4d85-41ef-a29d-f6b83e38bc90","Skywave_Airlines_Agent","SKYWAVE_PHASE_4_5","-1.0","16:09:31","af5c2d32-017b-496d-aab0-13eb077091dc","Whats the weather like in Tokyo?","I can only help with flight bookings and Skywave loyalty questions.","-1.0","16:09:00"
"Skywave_Airlines_Agent","8aa6b65f-9560-4405-a4ea-480fd3b83864","Skywave_Airlines_Agent","SKYWAVE_PHASE_4_5","-13.0","19:21:57","b0fb4f2f-7c53-41da-ae27-f6ad9e3af92f","Tell me a joke","I am a Skywave booking assistant. How can I help with your travel?","-13.0","19:18:00"
"Skywave_Airlines_Agent","9564a0f8-7090-40b7-a251-2b6e1bb76d72","Skywave_Airlines_Agent","SKYWAVE_PHASE_4_5","-1.0","16:03:15","96defaf3-5cfc-4e96-a991-43ced9562b20","What is my tier status?","You are Gold tier with 14,200 qualifying points this year.","-1.0","16:01:00"
"Skywave_Airlines_Agent","9564a0f8-7090-40b7-a251-2b6e1bb76d72","Skywave_Airlines_Agent","SKYWAVE_PHASE_4_5","-1.0","16:06:20","31488231-0d53-489d-a4df-4095d2362714","My in-flight wifi did not work, I want a refund","I have logged your complaint as case 00012346. A refund will be processed.","-1.0","16:05:03"
"Skywave_Airlines_Agent","7e0e05c6-98f0-4732-a25b-ceb4d3c0ae6d","Skywave_Airlines_Agent","SKYWAVE_PHASE_4_5","-9.0","18:51:33","430e794c-356d-4404-adb1-fb57a3beaa91","My first name is misspelled on my ticket","I have corrected the spelling on your ticket. Please review the updated itinerary.","-9.0","18:51:00"
"Skywave_Airlines_Agent","7e0e05c6-98f0-4732-a25b-ceb4d3c0ae6d","Skywave_Airlines_Agent","SKYWAVE_PHASE_4_5","-9.0","18:52:52","ef3ad973-56b1-4012-aa18-7777d5da85f4","I want to select seat 1A for my flight","I was unable to retrieve the seat map automatically and could not assign the seat.","-9.0","18:52:25"
"Skywave_Airlines_Agent","6d3ba60d-dcd1-4d4f-a2c8-b8325a420e1f","Skywave_Airlines_Agent","SKYWAVE_PHASE_4_5","-2.0","12:19:46","5ac74688-fe4a-4f57-adeb-400aed9f7dbb","I want to select seat 1A for my flight","I was unable to retrieve the seat map automatically and could not assign the seat.","-2.0","12:19:00"
"Skywave_Airlines_Agent","6d3ba60d-dcd1-4d4f-a2c8-b8325a420e1f","Skywave_Airlines_Agent","SKYWAVE_PHASE_4_5","-2.0","12:22:43","1d418511-9c62-4bf1-a9a2-c5c2d825bd6e","Show me my upcoming bookings","You have one upcoming booking — LH 1927 BER-MUC-SFO, confirmed.","-2.0","12:21:54"
"Skywave_Airlines_Agent","42c1b1c7-40b5-48fc-aa2c-b8af97c32f15","Skywave_Airlines_Agent","SKYWAVE_PHASE_4_5","-1.0","17:49:06","a5905b4a-5df7-413d-a0e6-e1f3bf4d925b","I want to select seat 1A for my flight","I was unable to retrieve the seat map automatically and could not assign the seat.","-1.0","17:48:00"
"Skywave_Airlines_Agent","a2ffa8cf-179e-43bd-aa79-46141990e949","Skywave_Airlines_Agent","SKYWAVE_PHASE_4_5","-8.0","13:02:43","623892ec-a5cd-471d-ad18-6432dafb69e6","Show me my upcoming bookings","You have one upcoming booking — LH 1927 BER-MUC-SFO, confirmed.","-8.0","13:02:00"
"Skywave_Airlines_Agent","3dfbe3e6-fba8-4f49-a81c-7523ecad0a47","Skywave_Airlines_Agent","SKYWAVE_PHASE_4_5","-8.0","17:41:32","94d2addf-fb79-4b92-a4ca-308c25fe7501","My first name is misspelled on my ticket","I have corrected the spelling on your ticket. Please review the updated itinerary.","-8.0","17:37:00"
"Skywave_Airlines_Agent","d296eb06-56ac-4e77-ace6-87ecf8bbc226","Skywave_Airlines_Agent","SKYWAVE_PHASE_4_5","-7.0","17:12:50","fb557551-32e3-4629-a88c-0e7d33f19044","Can I move from 23B to an aisle seat?","I could not update your seat assignment. Please contact a service agent.","-7.0","17:10:00"
"Skywave_Airlines_Agent","d296eb06-56ac-4e77-ace6-87ecf8bbc226","Skywave_Airlines_Agent","SKYWAVE_PHASE_4_5","-7.0","17:15:08","4c372de3-5d95-4e94-a04f-00c815ace854","What is my tier status?","You are Gold tier with 14,200 qualifying points this year.","-7.0","17:13:52"
"Skywave_Airlines_Agent","d296eb06-56ac-4e77-ace6-87ecf8bbc226","Skywave_Airlines_Agent","SKYWAVE_PHASE_4_5","-7.0","17:16:37","2d1e6c4f-7f33-4de5-a257-871c57033c95","How many miles do I have?","You currently have 18,450 SkyWave miles. You are at Premier tier.","-7.0","17:15:42"
"Skywave_Airlines_Agent","73986325-4d73-4df2-a23f-4b418945029a","Skywave_Airlines_Agent","SKYWAVE_PHASE_4_5","-12.0","13:32:46","4f2ec292-2d17-4be7-aecc-3261c6826dc9","My in-flight wifi did not work, I want a refund","I have logged your complaint as case 00012346. A refund will be processed.","-12.0","13:32:00"
"Skywave_Airlines_Agent","28738406-d9ec-4c67-ac6e-13df75fa62b4","Skywave_Airlines_Agent","SKYWAVE_PHASE_4_5","-4.0","09:06:22","34ef6dfd-da70-45d0-af27-2c426b3a48f0","Cancel my booking ABC123","I have cancelled booking ABC123. A refund of $480 will be issued.","-4.0","09:02:00"
"Skywave_Airlines_Agent","28738406-d9ec-4c67-ac6e-13df75fa62b4","Skywave_Airlines_Agent","SKYWAVE_PHASE_4_5","-4.0","09:11:37","74e8f18a-e293-4273-a2e8-f172356ea341","Whats the weather like in Tokyo?","I can only help with flight bookings and Skywave loyalty questions.","-4.0","09:08:00"
"Skywave_Airlines_Agent","28738406-d9ec-4c67-ac6e-13df75fa62b4","Skywave_Airlines_Agent","SKYWAVE_PHASE_4_5","-4.0","09:16:40","b827dc2f-af72-4010-a0bd-fbc6e4c3941f","I want to select seat 1A for my flight","I was unable to retrieve the seat map automatically and could not assign the seat.","-4.0","09:14:40"
"Skywave_Airlines_Agent","e6c958d8-6db4-4e7e-a92f-663813376e91","Skywave_Airlines_Agent","SKYWAVE_PHASE_4_5","-6.0","16:55:42","2b1e3029-f172-4e76-a1a8-d4836ba14efd","Whats the weather like in Tokyo?","I can only help with flight bookings and Skywave loyalty questions.","-6.0","16:55:00"
"Skywave_Airlines_Agent","e6c958d8-6db4-4e7e-a92f-663813376e91","Skywave_Airlines_Agent","SKYWAVE_PHASE_4_5","-6.0","16:58:19","2ea8a2e1-17e4-41db-a4b9-053e6c32881a","I want to select seat 1A for my flight","I was unable to retrieve the seat map automatically and could not assign the seat.","-6.0","16:57:38"
"Skywave_Airlines_Agent","ab8b2235-96e7-4738-a629-22efa69c9817","Skywave_Airlines_Agent","SKYWAVE_PHASE_4_5","-8.0","13:25:05","e7664e1a-0ca9-4568-afe9-ee7f84ffa1bf","My in-flight wifi did not work, I want a refund","I have logged your complaint as case 00012346. A refund will be processed.","-8.0","13:23:00"
"Skywave_Airlines_Agent","de407bb5-e33d-49d4-a336-6d05c16f6ece","Skywave_Airlines_Agent","SKYWAVE_PHASE_4_5","-5.0","12:44:11","6486cf8f-6f53-4559-ae85-4c34def54d20","Cancel my booking ABC123","I have cancelled booking ABC123. A refund of $480 will be issued.","-5.0","12:42:00"
"Skywave_Airlines_Agent","de407bb5-e33d-49d4-a336-6d05c16f6ece","Skywave_Airlines_Agent","SKYWAVE_PHASE_4_5","-5.0","12:45:57","16193354-dc9c-4617-a69f-007967379b3d","Whats the weather like in Tokyo?","I can only help with flight bookings and Skywave loyalty questions.","-5.0","12:44:49"
"Skywave_Airlines_Agent","293fc297-3bfa-4417-a530-3bd9b0934edd","Skywave_Airlines_Agent","SKYWAVE_PHASE_4_5","-14.0","08:42:23","d8c9b6e3-536f-4079-abb3-55e34b3c2111","I lost my luggage in Munich last week, can you help?","I have created case 00012345 for your lost luggage. We will contact you within 24 hours.","-14.0","08:42:00"
"Skywave_Airlines_Agent","cbd4e804-7fdd-461b-a786-83c8d68467ae","Skywave_Airlines_Agent","SKYWAVE_PHASE_4_5","-13.0","16:42:27","be232820-a53a-4858-a165-73ab44a57cb9","Please correct my last name on booking ABC123","I have updated the passenger name on booking ABC123. A confirmation has been sent.","-13.0","16:40:00"
"Skywave_Airlines_Agent","8bb69671-3e85-43c1-a954-a4505b13f073","Skywave_Airlines_Agent","SKYWAVE_PHASE_4_5","-7.0","18:54:47","5f0dbba7-40f1-4c5c-a03b-f66f7d5d448f","I want to select seat 1A for my flight","I was unable to retrieve the seat map automatically and could not assign the seat.","-7.0","18:54:00"
"Skywave_Airlines_Agent","8bb69671-3e85-43c1-a954-a4505b13f073","Skywave_Airlines_Agent","SKYWAVE_PHASE_4_5","-7.0","18:59:27","45e44efa-1d52-4b28-a9f0-034a0f818a46","Show me my upcoming bookings","You have one upcoming booking — LH 1927 BER-MUC-SFO, confirmed.","-7.0","18:58:41"
"Skywave_Airlines_Agent","28ca6435-65ad-4f7a-a1d8-9bc5573f16a0","Skywave_Airlines_Agent","SKYWAVE_PHASE_4_5","-9.0","08:55:42","c0e54dd2-48b5-4516-a877-a5f69449b910","What is my tier status?","You are Gold tier with 14,200 qualifying points this year.","-9.0","08:51:00"
"Skywave_Airlines_Agent","28ca6435-65ad-4f7a-a1d8-9bc5573f16a0","Skywave_Airlines_Agent","SKYWAVE_PHASE_4_5","-9.0","08:57:19","4de6bbfc-a709-419d-a039-f5f52ca9d963","My first name is misspelled on my ticket","I have corrected the spelling on your ticket. Please review the updated itinerary.","-9.0","08:56:01"
"Skywave_Airlines_Agent","a40c8fdf-8bf0-47a4-ae49-a9d266ac7362","Skywave_Airlines_Agent","SKYWAVE_PHASE_4_5","-14.0","12:50:51","a3a09283-3f6d-4dc6-aef5-4901f2f82a0b","I want to change my seat to a window seat","Sorry, I am unable to change your seat right now. Please try again later.","-14.0","12:50:00"
"Skywave_Airlines_Agent","566e35bc-b781-432b-a362-adb983d35275","Skywave_Airlines_Agent","SKYWAVE_PHASE_4_5","-12.0","13:18:50","b643a729-c544-4306-a642-907140c1e753","My first name is misspelled on my ticket","I have corrected the spelling on your ticket. Please review the updated itinerary.","-12.0","13:18:00"
"Skywave_Airlines_Agent","566e35bc-b781-432b-a362-adb983d35275","Skywave_Airlines_Agent","SKYWAVE_PHASE_4_5","-12.0","13:22:48","09d1641b-b427-4eb2-af9f-d38294a52cf2","Find flights from JFK to HND tomorrow","I found 4 flights for that route. The cheapest is SW1200 at 1pm for $1,280.","-12.0","13:20:03"
"Skywave_Airlines_Agent","c9de933d-ed30-46ed-aa36-e424d453b093","Skywave_Airlines_Agent","SKYWAVE_PHASE_4_5","-1.0","18:26:11","fa00c4bf-7be2-4f88-af43-08589c7117b8","Can I move from 23B to an aisle seat?","I could not update your seat assignment. Please contact a service agent.","-1.0","18:22:00"
"Skywave_Airlines_Agent","c9de933d-ed30-46ed-aa36-e424d453b093","Skywave_Airlines_Agent","SKYWAVE_PHASE_4_5","-1.0","18:27:41","385cea45-bcb6-45dd-af55-d1e3266fffc1","Can I move from 23B to an aisle seat?","I could not update your seat assignment. Please contact a service agent.","-1.0","18:27:07"
"Skywave_Airlines_Agent","c9de933d-ed30-46ed-aa36-e424d453b093","Skywave_Airlines_Agent","SKYWAVE_PHASE_4_5","-1.0","18:31:16","6f9c36b5-9e5b-4547-a73b-662693fb11ab","Can I move from 23B to an aisle seat?","I could not update your seat assignment. Please contact a service agent.","-1.0","18:30:12"
"Skywave_Airlines_Agent","f387fbd4-6401-4ce5-aa4b-15c775e87c5a","Skywave_Airlines_Agent","SKYWAVE_PHASE_4_5","-1.0","16:07:24","99925696-3470-45ee-ae56-e63b65232f99","I lost my luggage in Munich last week, can you help?","I have created case 00012345 for your lost luggage. We will contact you within 24 hours.","-1.0","16:07:00"
"Skywave_Airlines_Agent","544d3f4f-2885-40ea-a023-fdf1fe09e42f","Skywave_Airlines_Agent","SKYWAVE_PHASE_4_5","-13.0","14:25:27","3694dc0b-8444-4fde-ab92-ce614fdd3616","I want to select seat 1A for my flight","I was unable to retrieve the seat map automatically and could not assign the seat.","-13.0","14:25:00"
"Skywave_Airlines_Agent","544d3f4f-2885-40ea-a023-fdf1fe09e42f","Skywave_Airlines_Agent","SKYWAVE_PHASE_4_5","-13.0","14:27:52","1b697161-00b2-4689-ae8e-f8add50d0946","Show me my upcoming bookings","You have one upcoming booking — LH 1927 BER-MUC-SFO, confirmed.","-13.0","14:25:44"
"Skywave_Airlines_Agent","14922ad9-90b3-4444-acf7-8b645e01f09d","Skywave_Airlines_Agent","SKYWAVE_PHASE_4_5","-1.0","08:14:54","2853aefa-7646-4ac4-a055-d89411a84e97","Find flights from JFK to HND tomorrow","I found 4 flights for that route. The cheapest is SW1200 at 1pm for $1,280.","-1.0","08:14:00"
"Skywave_Airlines_Agent","d067e117-48f4-4244-a4f5-d9a138cd18eb","Skywave_Airlines_Agent","SKYWAVE_PHASE_4_5","-1.0","13:42:11","bd4621a6-878a-46ee-add0-745c868c2a99","My in-flight wifi did not work, I want a refund","I have logged your complaint as case 00012346. A refund will be processed.","-1.0","13:41:00"
"Skywave_Airlines_Agent","d067e117-48f4-4244-a4f5-d9a138cd18eb","Skywave_Airlines_Agent","SKYWAVE_PHASE_4_5","-1.0","13:43:34","02879a3f-3ff2-4fce-ac23-07cfb6d91202","I want to select seat 1A for my flight","I was unable to retrieve the seat map automatically and could not assign the seat.","-1.0","13:42:56"
"Skywave_Airlines_Agent","e9061720-7ee9-4aa9-a7b9-088a44724ec2","Skywave_Airlines_Agent","SKYWAVE_PHASE_4_5","-2.0","16:38:23","1143d970-20be-495f-aca0-866eb1e90197","My in-flight wifi did not work, I want a refund","I have logged your complaint as case 00012346. A refund will be processed.","-2.0","16:34:00"
"Skywave_Airlines_Agent","94148ba5-d821-41f8-ac7b-920ad8825ee9","Skywave_Airlines_Agent","SKYWAVE_PHASE_4_5","-6.0","15:20:53","5787f7cb-03d1-4ac9-ad8a-68090e99806f","What is my tier status?","You are Gold tier with 14,200 qualifying points this year.","-6.0","15:20:00"
"Skywave_Airlines_Agent","6ecf46e7-fccf-4e3f-a4ed-8f8db12f5279","Skywave_Airlines_Agent","SKYWAVE_PHASE_4_5","-7.0","13:05:39","6e7b36e7-b7a1-4d69-a789-3a9336c103e8","Show me my upcoming bookings","You have one upcoming booking — LH 1927 BER-MUC-SFO, confirmed.","-7.0","13:05:00"
"Skywave_Airlines_Agent","6ecf46e7-fccf-4e3f-a4ed-8f8db12f5279","Skywave_Airlines_Agent","SKYWAVE_PHASE_4_5","-7.0","13:06:20","acd6610f-0f45-442d-a953-d35d84f28534","Show me my upcoming bookings","You have one upcoming booking — LH 1927 BER-MUC-SFO, confirmed.","-7.0","13:05:58"
"Skywave_Airlines_Agent","2ddbd2bb-5387-4e84-a06c-19b0eaff1b83","Skywave_Airlines_Agent","SKYWAVE_PHASE_4_5","-12.0","12:55:39","0b30e925-df26-4cd2-ab08-d84c688416ce","I lost my luggage in Munich last week, can you help?","I have created case 00012345 for your lost luggage. We will contact you within 24 hours.","-12.0","12:55:00"
"Skywave_Airlines_Agent","95dd4a66-8a18-4a1e-a0c9-b01f8ab541b5","Skywave_Airlines_Agent","SKYWAVE_PHASE_4_5","-7.0","17:16:53","6c12fece-580d-43f0-a359-5090fd880fdd","My in-flight wifi did not work, I want a refund","I have logged your complaint as case 00012346. A refund will be processed.","-7.0","17:16:00"
"Skywave_Airlines_Agent","95dd4a66-8a18-4a1e-a0c9-b01f8ab541b5","Skywave_Airlines_Agent","SKYWAVE_PHASE_4_5","-7.0","17:18:04","565fbe35-9c1c-4e48-a5f1-bcf848d76b53","Can I move from 23B to an aisle seat?","I could not update your seat assignment. Please contact a service agent.","-7.0","17:17:39"
"Skywave_Airlines_Agent","95dd4a66-8a18-4a1e-a0c9-b01f8ab541b5","Skywave_Airlines_Agent","SKYWAVE_PHASE_4_5","-7.0","17:22:12","f57a97ce-dc42-4deb-a4a6-92da81458884","What is my tier status?","You are Gold tier with 14,200 qualifying points this year.","-7.0","17:19:05"
"Skywave_Airlines_Agent","6987e5e8-c042-4ff9-ac77-c7152a5eb4da","Skywave_Airlines_Agent","SKYWAVE_PHASE_4_5","-9.0","19:38:59","dd761d9a-ea95-4a60-a9ae-d48b35f80df1","Cancel my booking ABC123","I have cancelled booking ABC123. A refund of $480 will be issued.","-9.0","19:37:00"
"Skywave_Airlines_Agent","6987e5e8-c042-4ff9-ac77-c7152a5eb4da","Skywave_Airlines_Agent","SKYWAVE_PHASE_4_5","-9.0","19:40:01","a3d84389-75a2-4a4e-aff0-66225043615b","I want to select seat 1A for my flight","I was unable to retrieve the seat map automatically and could not assign the seat.","-9.0","19:39:37"
"Skywave_Airlines_Agent","6987e5e8-c042-4ff9-ac77-c7152a5eb4da","Skywave_Airlines_Agent","SKYWAVE_PHASE_4_5","-9.0","19:41:55","ad20d9d0-deee-450f-ac65-061eed3d455e","Tell me a joke","I am a Skywave booking assistant. How can I help with your travel?","-9.0","19:40:44"
"Skywave_Airlines_Agent","bb410fd9-097b-4f58-aad0-132aba967735","Skywave_Airlines_Agent","SKYWAVE_PHASE_4_5","-8.0","11:31:42","e7581ec0-6b19-4037-a870-85977351a81e","Tell me a joke","I am a Skywave booking assistant. How can I help with your travel?","-8.0","11:31:00"
"Skywave_Airlines_Agent","bb410fd9-097b-4f58-aad0-132aba967735","Skywave_Airlines_Agent","SKYWAVE_PHASE_4_5","-8.0","11:35:22","89be91bf-ce9e-45f8-aa50-54dda57eaab7","I lost my luggage in Munich last week, can you help?","I have created case 00012345 for your lost luggage. We will contact you within 24 hours.","-8.0","11:32:26"
"Skywave_Airlines_Agent","4048e5ad-d8c1-4239-ae4a-364810e95cef","Skywave_Airlines_Agent","SKYWAVE_PHASE_4_5","-14.0","12:29:43","8cc56e5c-ec49-433a-a062-d4c5be7bb099","Cancel my booking ABC123","I have cancelled booking ABC123. A refund of $480 will be issued.","-14.0","12:27:00"
"Skywave_Airlines_Agent","f04d6e62-cf57-43bb-aee5-d75cb369a098","Skywave_Airlines_Agent","SKYWAVE_PHASE_4_5","-12.0","15:44:23","fe182180-a098-4fe5-ae54-436443640e23","Can I move from 23B to an aisle seat?","I could not update your seat assignment. Please contact a service agent.","-12.0","15:44:00"
"Skywave_Airlines_Agent","f04d6e62-cf57-43bb-aee5-d75cb369a098","Skywave_Airlines_Agent","SKYWAVE_PHASE_4_5","-12.0","15:45:06","0d1e03b6-a7c7-4d0d-ab84-fe76d749e3a8","I want to select seat 1A for my flight","I was unable to retrieve the seat map automatically and could not assign the seat.","-12.0","15:44:45"
"Skywave_Airlines_Agent","f04d6e62-cf57-43bb-aee5-d75cb369a098","Skywave_Airlines_Agent","SKYWAVE_PHASE_4_5","-12.0","15:46:30","3cc093c3-65db-4ff8-ad4a-8bed83307c77","I want to change my seat to a window seat","Sorry, I am unable to change your seat right now. Please try again later.","-12.0","15:45:32"
"Skywave_Airlines_Agent","4f3bc141-0187-44af-af6e-7355c68d2cac","Skywave_Airlines_Agent","SKYWAVE_PHASE_4_5","-7.0","15:02:18","19291b0d-b030-4774-a6b2-002c682e4e26","I lost my luggage in Munich last week, can you help?","I have created case 00012345 for your lost luggage. We will contact you within 24 hours.","-7.0","15:01:00"
"Skywave_Airlines_Agent","c57da819-0810-4382-a703-09b7ae1fa124","Skywave_Airlines_Agent","SKYWAVE_PHASE_4_5","-7.0","14:21:37","d2de579b-7260-48c4-a5e1-8419cf527318","I want to select seat 1A for my flight","I was unable to retrieve the seat map automatically and could not assign the seat.","-7.0","14:17:00"
"Skywave_Airlines_Agent","c57da819-0810-4382-a703-09b7ae1fa124","Skywave_Airlines_Agent","SKYWAVE_PHASE_4_5","-7.0","14:23:52","3761e3f1-d0c8-42eb-ab39-84e57d3abd98","Whats the weather like in Tokyo?","I can only help with flight bookings and Skywave loyalty questions.","-7.0","14:22:47"
"Skywave_Airlines_Agent","f2934058-8713-4a3d-a92b-22c96be291a0","Skywave_Airlines_Agent","SKYWAVE_PHASE_4_5","-6.0","19:33:11","a2ac31da-5804-4445-af1e-e95985e05440","What is my tier status?","You are Gold tier with 14,200 qualifying points this year.","-6.0","19:32:00"
"Skywave_Airlines_Agent","f2934058-8713-4a3d-a92b-22c96be291a0","Skywave_Airlines_Agent","SKYWAVE_PHASE_4_5","-6.0","19:34:44","7ada3972-4ea1-4a56-aa9e-3ca2bedce8dd","What is my tier status?","You are Gold tier with 14,200 qualifying points this year.","-6.0","19:33:48"
"Skywave_Airlines_Agent","33c96ed5-006e-4361-a8c2-e901b03f8167","Skywave_Airlines_Agent","SKYWAVE_PHASE_4_5","-7.0","10:33:34","a7ca1c14-e0ee-4e73-aa0d-20a5dd4f764b","How many miles do I have?","You currently have 18,450 SkyWave miles. You are at Premier tier.","-7.0","10:33:00"
"Skywave_Airlines_Agent","a49201da-3ca8-4116-a9b4-8376d96ff55a","Skywave_Airlines_Agent","SKYWAVE_PHASE_4_5","-7.0","14:45:19","f0fe812f-8fdb-4f60-a1ce-adbc3acdb230","How many miles do I have?","You currently have 18,450 SkyWave miles. You are at Premier tier.","-7.0","14:44:00"
"Skywave_Airlines_Agent","ceba1b7e-4333-467d-a860-8532e4e63978","Skywave_Airlines_Agent","SKYWAVE_PHASE_4_5","-6.0","15:33:00","9c735d21-a6b7-4191-a1fd-56c8155a6a77","Tell me a joke","I am a Skywave booking assistant. How can I help with your travel?","-6.0","15:32:00"
"Skywave_Airlines_Agent","1566249e-b2a0-4503-aa47-cd4dd18017b5","Skywave_Airlines_Agent","SKYWAVE_PHASE_4_5","-4.0","10:38:25","a98ca031-5710-47c0-a888-0860c1adc9c2","Show me my upcoming bookings","You have one upcoming booking — LH 1927 BER-MUC-SFO, confirmed.","-4.0","10:36:00"
"Skywave_Airlines_Agent","1566249e-b2a0-4503-aa47-cd4dd18017b5","Skywave_Airlines_Agent","SKYWAVE_PHASE_4_5","-4.0","10:39:34","e216f2d3-ed38-4e54-a3c5-502022a78fb5","My in-flight wifi did not work, I want a refund","I have logged your complaint as case 00012346. A refund will be processed.","-4.0","10:38:42"
"Skywave_Airlines_Agent","1ef2fb75-a175-447e-ad83-9fde26e7835f","Skywave_Airlines_Agent","SKYWAVE_PHASE_4_5","-2.0","17:22:26","5d0a08b2-e501-48cb-ace1-510320cbeed5","Cancel my booking ABC123","I have cancelled booking ABC123. A refund of $480 will be issued.","-2.0","17:19:00"
"Skywave_Airlines_Agent","1ef2fb75-a175-447e-ad83-9fde26e7835f","Skywave_Airlines_Agent","SKYWAVE_PHASE_4_5","-2.0","17:28:08","fcdd729d-9e7a-4713-a8c5-adda3a3b5c59","Please correct my last name on booking ABC123","I have updated the passenger name on booking ABC123. A confirmation has been sent.","-2.0","17:23:05"
"Skywave_Airlines_Agent","9acff8c0-8643-464a-ae1a-58b590d9579c","Skywave_Airlines_Agent","SKYWAVE_PHASE_4_5","-5.0","12:36:49","96e059f0-8914-4d7e-a943-4002e3403f33","Can I move from 23B to an aisle seat?","I could not update your seat assignment. Please contact a service agent.","-5.0","12:36:00"
"Skywave_Airlines_Agent","dbd83069-5419-409e-a6f0-6a55b2995b5c","Skywave_Airlines_Agent","SKYWAVE_PHASE_4_5","-7.0","16:41:48","5aa2f76d-0d34-4bbc-a3b9-05988f68e321","My first name is misspelled on my ticket","I have corrected the spelling on your ticket. Please review the updated itinerary.","-7.0","16:38:00"
"Skywave_Airlines_Agent","dbd83069-5419-409e-a6f0-6a55b2995b5c","Skywave_Airlines_Agent","SKYWAVE_PHASE_4_5","-7.0","16:43:25","2338823a-30b1-4ddb-a1bb-d5ac95796b40","I want to select seat 1A for my flight","I was unable to retrieve the seat map automatically and could not assign the seat.","-7.0","16:42:38"
"Skywave_Airlines_Agent","0f45d290-db57-420b-acae-d7d338b17cba","Skywave_Airlines_Agent","SKYWAVE_PHASE_4_5","-4.0","17:47:18","ff53609d-19d3-4c96-ae2d-0c6b5e21d714","Whats the weather like in Tokyo?","I can only help with flight bookings and Skywave loyalty questions.","-4.0","17:46:00"
"Skywave_Airlines_Agent","7d84821b-2955-49c4-a1c3-92dd6e0a3d0a","Skywave_Airlines_Agent","SKYWAVE_PHASE_4_5","-3.0","11:33:59","94f378ee-34f5-47a7-af61-6eeec3f162ea","Please correct my last name on booking ABC123","I have updated the passenger name on booking ABC123. A confirmation has been sent.","-3.0","11:33:00"
"Skywave_Airlines_Agent","0d17a3e7-0a9c-4e69-a5ad-ee865b4a7f6e","Skywave_Airlines_Agent","SKYWAVE_PHASE_4_5","-2.0","09:46:47","47eb6e81-90e9-4f0c-a15f-f613b1ae9703","What is my tier status?","You are Gold tier with 14,200 qualifying points this year.","-2.0","09:42:00"
"Skywave_Airlines_Agent","0d17a3e7-0a9c-4e69-a5ad-ee865b4a7f6e","Skywave_Airlines_Agent","SKYWAVE_PHASE_4_5","-2.0","09:52:08","ea2cec24-c9b2-4f14-ae34-56e167cbd6ae","Tell me a joke","I am a Skywave booking assistant. How can I help with your travel?","-2.0","09:47:43"
"Skywave_Airlines_Agent","205161a7-21a1-4478-a3fd-3f3a4d816acb","Skywave_Airlines_Agent","SKYWAVE_PHASE_4_5","-10.0","19:40:41","74f7f740-e06e-47da-a877-f7414794630c","Show me my upcoming bookings","You have one upcoming booking — LH 1927 BER-MUC-SFO, confirmed.","-10.0","19:36:00"
"Skywave_Airlines_Agent","205161a7-21a1-4478-a3fd-3f3a4d816acb","Skywave_Airlines_Agent","SKYWAVE_PHASE_4_5","-10.0","19:44:37","06a02457-bcf4-4ea5-aed3-f41effbdf81c","Please correct my last name on booking ABC123","I have updated the passenger name on booking ABC123. A confirmation has been sent.","-10.0","19:41:19"
"Skywave_Airlines_Agent","131c541b-1a1a-4511-a81d-09595d73a747","Skywave_Airlines_Agent","SKYWAVE_PHASE_4_5","-10.0","18:22:20","d6869083-d814-49b6-ac97-0c4675040676","My in-flight wifi did not work, I want a refund","I have logged your complaint as case 00012346. A refund will be processed.","-10.0","18:20:00"
"Skywave_Airlines_Agent","77c2706f-2037-4f38-aaf4-98531717cd46","Skywave_Airlines_Agent","SKYWAVE_PHASE_4_5","-13.0","08:55:42","21521698-576d-4b8a-a3fc-47ebf104dd80","Please correct my last name on booking ABC123","I have updated the passenger name on booking ABC123. A confirmation has been sent.","-13.0","08:55:00"
"Skywave_Airlines_Agent","d4256d66-76ef-4adb-a872-1d141ec5691d","Skywave_Airlines_Agent","SKYWAVE_PHASE_4_5","-8.0","13:03:59","5631fa80-2d5d-479b-a02d-eaee17234587","I lost my luggage in Munich last week, can you help?","I have created case 00012345 for your lost luggage. We will contact you within 24 hours.","-8.0","13:03:00"
"Skywave_Airlines_Agent","5a55a42f-1178-4611-a79a-cdd119ded4fa","Skywave_Airlines_Agent","SKYWAVE_PHASE_4_5","-4.0","17:33:44","4919d3cf-7e84-4b2a-a5f8-709f3adbc363","How many miles do I have?","You currently have 18,450 SkyWave miles. You are at Premier tier.","-4.0","17:33:00"
"Skywave_Airlines_Agent","7d4cbf05-b7e0-4754-a422-57dd945925c2","Skywave_Airlines_Agent","SKYWAVE_PHASE_4_5","-9.0","11:59:50","ae3672f7-e147-4903-ac40-a71ed3e8d374","Tell me a joke","I am a Skywave booking assistant. How can I help with your travel?","-9.0","11:59:00"
"Skywave_Airlines_Agent","2c6c74d6-66ae-4949-afa9-bc07ffa40b0c","Skywave_Airlines_Agent","SKYWAVE_PHASE_4_5","-6.0","08:15:57","f2549936-976b-4954-a279-6b92f7035f90","I want to change my seat to a window seat","Sorry, I am unable to change your seat right now. Please try again later.","-6.0","08:14:00"
"Skywave_Airlines_Agent","a003ec71-0bb2-4641-a0ea-80779452da0e","Skywave_Airlines_Agent","SKYWAVE_PHASE_4_5","-9.0","17:16:39","441d2787-540a-45fe-ac71-e4d6fcd09a44","What is my tier status?","You are Gold tier with 14,200 qualifying points this year.","-9.0","17:16:00"
"Skywave_Airlines_Agent","19c032a8-8b3c-40ab-ab25-dead61a508b0","Skywave_Airlines_Agent","SKYWAVE_PHASE_4_5","-8.0","08:38:14","5a78dcb3-97d6-463c-a69f-9112ed1e85e7","Cancel my booking ABC123","I have cancelled booking ABC123. A refund of $480 will be issued.","-8.0","08:37:00"
"Skywave_Airlines_Agent","19c032a8-8b3c-40ab-ab25-dead61a508b0","Skywave_Airlines_Agent","SKYWAVE_PHASE_4_5","-8.0","08:39:38","970d4268-f3da-4d95-ae9c-53ef322542dd","How many miles do I have?","You currently have 18,450 SkyWave miles. You are at Premier tier.","-8.0","08:38:50"
"Skywave_Airlines_Agent","19c032a8-8b3c-40ab-ab25-dead61a508b0","Skywave_Airlines_Agent","SKYWAVE_PHASE_4_5","-8.0","08:41:43","dbfecbe6-0638-46ae-a7e0-b64719c3c91d","Find flights from JFK to HND tomorrow","I found 4 flights for that route. The cheapest is SW1200 at 1pm for $1,280.","-8.0","08:40:44"
"Skywave_Airlines_Agent","8df6cd5e-9de2-4378-a36a-5ef0cb297446","Skywave_Airlines_Agent","SKYWAVE_PHASE_4_5","-1.0","08:49:27","a4a2c622-71c8-4153-aa95-a528d6a2d30a","My in-flight wifi did not work, I want a refund","I have logged your complaint as case 00012346. A refund will be processed.","-1.0","08:45:00"
"Skywave_Airlines_Agent","8df6cd5e-9de2-4378-a36a-5ef0cb297446","Skywave_Airlines_Agent","SKYWAVE_PHASE_4_5","-1.0","08:52:59","b04707df-6565-4c70-a43e-cc51f6f42d6a","Show me my upcoming bookings","You have one upcoming booking — LH 1927 BER-MUC-SFO, confirmed.","-1.0","08:51:44"
"Skywave_Airlines_Agent","3b3498f3-a17f-4b9b-a41c-e7f6b08ee50e","Skywave_Airlines_Agent","SKYWAVE_PHASE_4_5","-8.0","19:11:25","9207da09-d5ee-4e94-a259-b61aa90be3e6","I lost my luggage in Munich last week, can you help?","I have created case 00012345 for your lost luggage. We will contact you within 24 hours.","-8.0","19:11:00"
"Skywave_Airlines_Agent","3b3498f3-a17f-4b9b-a41c-e7f6b08ee50e","Skywave_Airlines_Agent","SKYWAVE_PHASE_4_5","-8.0","19:13:27","d30792b3-6920-47f1-ad9c-6f8ceadce87e","How many miles do I have?","You currently have 18,450 SkyWave miles. You are at Premier tier.","-8.0","19:12:24"
"Skywave_Airlines_Agent","4999e94d-e3f1-40b5-a61a-17003a3f0174","Skywave_Airlines_Agent","SKYWAVE_PHASE_4_5","-11.0","14:38:28","a4ed732c-1118-4a1c-a94c-a0661f53dab1","Tell me a joke","I am a Skywave booking assistant. How can I help with your travel?","-11.0","14:38:00"
"Skywave_Airlines_Agent","4999e94d-e3f1-40b5-a61a-17003a3f0174","Skywave_Airlines_Agent","SKYWAVE_PHASE_4_5","-11.0","14:43:11","a41a43bb-5186-4174-ab20-687053769745","How many miles do I have?","You currently have 18,450 SkyWave miles. You are at Premier tier.","-11.0","14:42:03"
"Skywave_Airlines_Agent","4999e94d-e3f1-40b5-a61a-17003a3f0174","Skywave_Airlines_Agent","SKYWAVE_PHASE_4_5","-11.0","14:44:35","ee2dd2fe-86e6-44ea-a139-44229e0a518b","How many miles do I have?","You currently have 18,450 SkyWave miles. You are at Premier tier.","-11.0","14:43:26"
"Skywave_Airlines_Agent","ab4a289d-9184-4dde-a79f-7e3f493fbc34","Skywave_Airlines_Agent","SKYWAVE_PHASE_4_5","-12.0","13:30:29","0df6ebf5-d9ce-4c9b-a724-ae3740b62c7e","I want to change my seat to a window seat","Sorry, I am unable to change your seat right now. Please try again later.","-12.0","13:30:00"
"Skywave_Airlines_Agent","1ec0bea2-49a7-4b25-ae63-30961afe41b1","Skywave_Airlines_Agent","SKYWAVE_PHASE_4_5","-12.0","15:17:11","f9cc9d39-e1b6-4360-ac79-9a9126bc18ed","Find flights from JFK to HND tomorrow","I found 4 flights for that route. The cheapest is SW1200 at 1pm for $1,280.","-12.0","15:16:00"
"Skywave_Airlines_Agent","1ec0bea2-49a7-4b25-ae63-30961afe41b1","Skywave_Airlines_Agent","SKYWAVE_PHASE_4_5","-12.0","15:19:11","97f1e0e4-f0ef-4b1d-a5ca-0d33c5352b30","My in-flight wifi did not work, I want a refund","I have logged your complaint as case 00012346. A refund will be processed.","-12.0","15:17:53"
"Skywave_Airlines_Agent","39845648-158a-40ab-a212-f3eafb3da5e3","Skywave_Airlines_Agent","SKYWAVE_PHASE_4_5","-3.0","19:04:19","ecedd859-ffdc-4774-a1d9-1956a1c1b9dd","My first name is misspelled on my ticket","I have corrected the spelling on your ticket. Please review the updated itinerary.","-3.0","19:03:00"
"Skywave_Airlines_Agent","035852a9-7d5c-401c-a6f6-07b183b3f0b0","Skywave_Airlines_Agent","SKYWAVE_PHASE_4_5","-8.0","09:40:25","33435682-aad9-4fc8-a76a-d50c9e51de0a","Tell me a joke","I am a Skywave booking assistant. How can I help with your travel?","-8.0","09:40:00"
"Skywave_Airlines_Agent","8b2809df-05d3-4224-a333-523d82d24287","Skywave_Airlines_Agent","SKYWAVE_PHASE_4_5","-11.0","09:02:03","23c58c71-0b7c-4a25-ab6d-be2e697f40ee","I lost my luggage in Munich last week, can you help?","I have created case 00012345 for your lost luggage. We will contact you within 24 hours.","-11.0","08:57:00"
"Skywave_Airlines_Agent","8b2809df-05d3-4224-a333-523d82d24287","Skywave_Airlines_Agent","SKYWAVE_PHASE_4_5","-11.0","09:04:52","34e2528e-61c9-4393-a015-025e35af9695","My first name is misspelled on my ticket","I have corrected the spelling on your ticket. Please review the updated itinerary.","-11.0","09:03:43"
"Skywave_Airlines_Agent","8b2809df-05d3-4224-a333-523d82d24287","Skywave_Airlines_Agent","SKYWAVE_PHASE_4_5","-11.0","09:08:33","338c6632-370a-49b6-a7d8-c53856c32fdb","I want to change my seat to a window seat","Sorry, I am unable to change your seat right now. Please try again later.","-11.0","09:05:55"
"Skywave_Airlines_Agent","b661de27-9b1a-43a8-ad15-bd945b9d0e91","Skywave_Airlines_Agent","SKYWAVE_PHASE_4_5","-7.0","18:44:46","151ede18-07ee-43da-a4b1-d6d754cde4e9","Tell me a joke","I am a Skywave booking assistant. How can I help with your travel?","-7.0","18:44:00"
"Skywave_Airlines_Agent","4d48dd62-9d01-4868-aaab-9bcaabb68cd6","Skywave_Airlines_Agent","SKYWAVE_PHASE_4_5","-6.0","19:13:53","5305854f-5be1-4df3-af69-aacf55512016","What is my tier status?","You are Gold tier with 14,200 qualifying points this year.","-6.0","19:10:00"
"Skywave_Airlines_Agent","29f9fc7c-2b3b-414b-ab1d-ad34dfb3897f","Skywave_Airlines_Agent","SKYWAVE_PHASE_4_5","-3.0","12:07:37","dbb9ec69-5f7b-4a63-ad9d-cefec7fffcf6","Find flights from JFK to HND tomorrow","I found 4 flights for that route. The cheapest is SW1200 at 1pm for $1,280.","-3.0","12:07:00"
"Skywave_Airlines_Agent","aca4d61b-2e93-4dc7-af35-0ef024f9af5e","Skywave_Airlines_Agent","SKYWAVE_PHASE_4_5","-10.0","09:18:01","c550f380-191f-40f1-a0e7-e9973814c4cc","I want to change my seat to a window seat","Sorry, I am unable to change your seat right now. Please try again later.","-10.0","09:17:00"
"Skywave_Airlines_Agent","139f934a-144b-48d7-a7ad-160a06547e24","Skywave_Airlines_Agent","SKYWAVE_PHASE_4_5","-10.0","15:07:47","94d3b1a0-71bc-43f7-afe0-2bf22b8574de","What is my tier status?","You are Gold tier with 14,200 qualifying points this year.","-10.0","15:07:00"
"Skywave_Airlines_Agent","139f934a-144b-48d7-a7ad-160a06547e24","Skywave_Airlines_Agent","SKYWAVE_PHASE_4_5","-10.0","15:12:40","fcd850e5-fab3-4478-a7f0-8b521af93b5d","My in-flight wifi did not work, I want a refund","I have logged your complaint as case 00012346. A refund will be processed.","-10.0","15:11:22"
"Skywave_Airlines_Agent","6e3e1249-ade6-4346-a873-0011d348e98f","Skywave_Airlines_Agent","SKYWAVE_PHASE_4_5","-7.0","19:08:02","416f0da5-d8b3-470a-af62-396d3b8a3f39","Please correct my last name on booking ABC123","I have updated the passenger name on booking ABC123. A confirmation has been sent.","-7.0","19:07:00"
"Skywave_Airlines_Agent","6e3e1249-ade6-4346-a873-0011d348e98f","Skywave_Airlines_Agent","SKYWAVE_PHASE_4_5","-7.0","19:16:28","8edd6ea3-32a6-4879-a6eb-fbc73e7e1c21","Cancel my booking ABC123","I have cancelled booking ABC123. A refund of $480 will be issued.","-7.0","19:11:51"
"Skywave_Airlines_Agent","8b3a92cf-10f8-459b-a5ad-40f5dd8bfa47","Skywave_Airlines_Agent","SKYWAVE_PHASE_4_5","-11.0","17:31:55","96f84315-09c9-4ad2-ae04-0ccba6177082","Can I move from 23B to an aisle seat?","I could not update your seat assignment. Please contact a service agent.","-11.0","17:31:00"
"Skywave_Airlines_Agent","736654f6-6af9-480d-a017-736a697332dc","Skywave_Airlines_Agent","SKYWAVE_PHASE_4_5","-7.0","18:18:43","7c1c8a76-1fe4-4478-ad65-a3de969ca6ed","Can I move from 23B to an aisle seat?","I could not update your seat assignment. Please contact a service agent.","-7.0","18:18:00"
"Skywave_Airlines_Agent","7e73d629-d8ed-47cc-a52d-f67e92978c3e","Skywave_Airlines_Agent","SKYWAVE_PHASE_4_5","-7.0","19:00:06","83b0fee2-0354-4527-ad2f-02b8440c6750","How many miles do I have?","You currently have 18,450 SkyWave miles. You are at Premier tier.","-7.0","18:59:00"
"Skywave_Airlines_Agent","6fca1511-a001-493d-a18e-d900d5c8e35a","Skywave_Airlines_Agent","SKYWAVE_PHASE_4_5","-10.0","14:20:57","f25e614b-6af7-4ad2-aa8f-4fe9b6c51a5c","Cancel my booking ABC123","I have cancelled booking ABC123. A refund of $480 will be issued.","-10.0","14:20:00"
"Skywave_Airlines_Agent","21b39ac1-ef27-46f8-a083-1049716257bf","Skywave_Airlines_Agent","SKYWAVE_PHASE_4_5","-8.0","15:22:45","6f1a6560-5e73-488f-aeb7-f0ef9ce06dc6","I want to change my seat to a window seat","Sorry, I am unable to change your seat right now. Please try again later.","-8.0","15:22:00"
"Skywave_Airlines_Agent","21b39ac1-ef27-46f8-a083-1049716257bf","Skywave_Airlines_Agent","SKYWAVE_PHASE_4_5","-8.0","15:27:08","90cecf28-9689-445a-a093-be400eaf90a6","Find flights from JFK to HND tomorrow","I found 4 flights for that route. The cheapest is SW1200 at 1pm for $1,280.","-8.0","15:23:31"
"Skywave_Airlines_Agent","6f8a4776-f09f-4eec-a78d-296a0dfb2786","Skywave_Airlines_Agent","SKYWAVE_PHASE_4_5","-5.0","14:48:15","de36c73c-1884-44cc-a533-6027068ab2df","How many miles do I have?","You currently have 18,450 SkyWave miles. You are at Premier tier.","-5.0","14:45:00"
"Skywave_Airlines_Agent","6f8a4776-f09f-4eec-a78d-296a0dfb2786","Skywave_Airlines_Agent","SKYWAVE_PHASE_4_5","-5.0","14:53:06","4fee1f48-8bae-4d42-a4f7-77df29e6dc3e","What is my tier status?","You are Gold tier with 14,200 qualifying points this year.","-5.0","14:52:13"
"Skywave_Airlines_Agent","73e4f2ed-19eb-4356-a669-55109b437c94","Skywave_Airlines_Agent","SKYWAVE_PHASE_4_5","-8.0","18:41:56","1473ff23-0e37-4054-a410-44937ea581cc","Can I move from 23B to an aisle seat?","I could not update your seat assignment. Please contact a service agent.","-8.0","18:38:00"
"Skywave_Airlines_Agent","ca56d848-cdc7-4125-abcd-71e979196093","Skywave_Airlines_Agent","SKYWAVE_PHASE_4_5","-2.0","10:40:24","3507571c-a5d7-44e2-af96-8673ee64ef45","Show me my upcoming bookings","You have one upcoming booking — LH 1927 BER-MUC-SFO, confirmed.","-2.0","10:40:00"
"Skywave_Airlines_Agent","ca56d848-cdc7-4125-abcd-71e979196093","Skywave_Airlines_Agent","SKYWAVE_PHASE_4_5","-2.0","10:41:26","2e1d2f4c-ffdb-4abf-a5cf-db63b925c9df","Cancel my booking ABC123","I have cancelled booking ABC123. A refund of $480 will be issued.","-2.0","10:41:06"
"Skywave_Airlines_Agent","7c4ac7b5-8fda-4aa6-a0ae-11a628fab688","Skywave_Airlines_Agent","SKYWAVE_PHASE_4_5","-1.0","14:28:27","ac420e1b-fb39-4bb5-a537-c30c75bfb81e","I lost my luggage in Munich last week, can you help?","I have created case 00012345 for your lost luggage. We will contact you within 24 hours.","-1.0","14:24:00"
"Skywave_Airlines_Agent","7c4ac7b5-8fda-4aa6-a0ae-11a628fab688","Skywave_Airlines_Agent","SKYWAVE_PHASE_4_5","-1.0","14:30:18","33d18d80-8e73-43b1-aa45-ed1fb7a55ea4","Find flights from JFK to HND tomorrow","I found 4 flights for that route. The cheapest is SW1200 at 1pm for $1,280.","-1.0","14:29:14"
"Skywave_Airlines_Agent","03b41a51-9fec-4279-a37b-d6995ae387ec","Skywave_Airlines_Agent","SKYWAVE_PHASE_4_5","-3.0","11:27:50","349e4a4b-4a51-463b-ab68-1f8f6c005c32","I want to select seat 1A for my flight","I was unable to retrieve the seat map automatically and could not assign the seat.","-3.0","11:25:00"
"Skywave_Airlines_Agent","03b41a51-9fec-4279-a37b-d6995ae387ec","Skywave_Airlines_Agent","SKYWAVE_PHASE_4_5","-3.0","11:30:40","cb4187e6-cc0a-4ba2-a186-d5ceea373ec7","Tell me a joke","I am a Skywave booking assistant. How can I help with your travel?","-3.0","11:29:00"
"Skywave_Airlines_Agent","03b41a51-9fec-4279-a37b-d6995ae387ec","Skywave_Airlines_Agent","SKYWAVE_PHASE_4_5","-3.0","11:32:40","b8c52a43-80a3-45a7-a246-c8fabe2aa1fc","I want to select seat 1A for my flight","I was unable to retrieve the seat map automatically and could not assign the seat.","-3.0","11:31:35"
"Skywave_Airlines_Agent","f91b856c-4e71-4821-a2a6-e5fe68d84610","Skywave_Airlines_Agent","SKYWAVE_PHASE_4_5","-2.0","08:11:07","98114efa-26bd-46cc-a67e-a2938615357b","Can I move from 23B to an aisle seat?","I could not update your seat assignment. Please contact a service agent.","-2.0","08:10:00"
"Skywave_Airlines_Agent","206bc0ec-59be-4520-a666-b54b70fa1d1c","Skywave_Airlines_Agent","SKYWAVE_PHASE_4_5","-10.0","08:15:19","7cc8d918-d3cf-4531-a7c6-e1f4b1512294","How many miles do I have?","You currently have 18,450 SkyWave miles. You are at Premier tier.","-10.0","08:12:00"
"Skywave_Airlines_Agent","3d839c22-f9f5-4ac6-a322-6e270f3c7684","Skywave_Airlines_Agent","SKYWAVE_PHASE_4_5","-9.0","14:35:02","d6819885-c766-49ee-a790-beb80966aded","Please correct my last name on booking ABC123","I have updated the passenger name on booking ABC123. A confirmation has been sent.","-9.0","14:33:00"
"Skywave_Airlines_Agent","c2fa2845-f102-4bf8-a95d-a505f9b38bb9","Skywave_Airlines_Agent","SKYWAVE_PHASE_4_5","-6.0","08:03:22","ee296584-9d7c-4e62-a10a-93d2846b7a29","Show me my upcoming bookings","You have one upcoming booking — LH 1927 BER-MUC-SFO, confirmed.","-6.0","08:03:00"
"Skywave_Airlines_Agent","c2fa2845-f102-4bf8-a95d-a505f9b38bb9","Skywave_Airlines_Agent","SKYWAVE_PHASE_4_5","-6.0","08:04:46","6fb2d851-22eb-46ce-a4da-b35d4ac8cd73","What is my tier status?","You are Gold tier with 14,200 qualifying points this year.","-6.0","08:03:56"
"Skywave_Airlines_Agent","0c5bad76-92bc-45c9-aef6-3abf4fa5de9c","Skywave_Airlines_Agent","SKYWAVE_PHASE_4_5","-10.0","08:13:37","747809ad-ecfe-4ff1-a54f-62d32425cf1a","I want to select seat 1A for my flight","I was unable to retrieve the seat map automatically and could not assign the seat.","-10.0","08:13:00"
"Skywave_Airlines_Agent","0c5bad76-92bc-45c9-aef6-3abf4fa5de9c","Skywave_Airlines_Agent","SKYWAVE_PHASE_4_5","-10.0","08:17:15","c49f3569-6bea-4ced-a242-46e0bdae971d","Please correct my last name on booking ABC123","I have updated the passenger name on booking ABC123. A confirmation has been sent.","-10.0","08:16:07"
"Skywave_Airlines_Agent","e3db960d-710c-4d96-a58c-11beb9e26fda","Skywave_Airlines_Agent","SKYWAVE_PHASE_4_5","-1.0","15:07:28","9f0ead68-4c91-4929-a255-91e2d001c47b","What is my tier status?","You are Gold tier with 14,200 qualifying points this year.","-1.0","15:07:00"
"Skywave_Airlines_Agent","e3db960d-710c-4d96-a58c-11beb9e26fda","Skywave_Airlines_Agent","SKYWAVE_PHASE_4_5","-1.0","15:11:01","86214021-cef3-441f-aaad-c332efda58ed","Show me my upcoming bookings","You have one upcoming booking — LH 1927 BER-MUC-SFO, confirmed.","-1.0","15:07:53"
"Skywave_Airlines_Agent","3558ee33-c510-4b83-a0f9-cfc4c599b9bc","Skywave_Airlines_Agent","SKYWAVE_PHASE_4_5","-13.0","18:02:32","d9929ab8-999c-4386-a511-f324469ef39e","I want to select seat 1A for my flight","I was unable to retrieve the seat map automatically and could not assign the seat.","-13.0","18:02:00"
"Skywave_Airlines_Agent","3558ee33-c510-4b83-a0f9-cfc4c599b9bc","Skywave_Airlines_Agent","SKYWAVE_PHASE_4_5","-13.0","18:04:22","b2a55f0b-53ad-4da4-a659-f645c2bf8089","My in-flight wifi did not work, I want a refund","I have logged your complaint as case 00012346. A refund will be processed.","-13.0","18:03:42"
"Skywave_Airlines_Agent","25a98ac2-95a9-43a8-a4ab-76b613cf9ffe","Skywave_Airlines_Agent","SKYWAVE_PHASE_4_5","-3.0","09:04:54","9cba6ef2-b961-49b2-ac3a-7944e80c9770","Can I move from 23B to an aisle seat?","I could not update your seat assignment. Please contact a service agent.","-3.0","09:04:00"
"Skywave_Airlines_Agent","25a98ac2-95a9-43a8-a4ab-76b613cf9ffe","Skywave_Airlines_Agent","SKYWAVE_PHASE_4_5","-3.0","09:06:49","3021122a-f4a8-438b-a828-75d616878e30","How many miles do I have?","You currently have 18,450 SkyWave miles. You are at Premier tier.","-3.0","09:06:25"
"Skywave_Airlines_Agent","25a98ac2-95a9-43a8-a4ab-76b613cf9ffe","Skywave_Airlines_Agent","SKYWAVE_PHASE_4_5","-3.0","09:08:06","90c6965b-9626-4599-a561-5d5ffe5fdb26","I want to select seat 1A for my flight","I was unable to retrieve the seat map automatically and could not assign the seat.","-3.0","09:07:27"
"Skywave_Airlines_Agent","cac584e0-9e70-4a2e-abec-25caa6f3146e","Skywave_Airlines_Agent","SKYWAVE_PHASE_4_5","-9.0","14:16:33","fe446b6e-ad50-436d-a9d8-55465077a816","Can I move from 23B to an aisle seat?","I could not update your seat assignment. Please contact a service agent.","-9.0","14:16:00"
"Skywave_Airlines_Agent","cac584e0-9e70-4a2e-abec-25caa6f3146e","Skywave_Airlines_Agent","SKYWAVE_PHASE_4_5","-9.0","14:21:10","a409ba20-b731-4e4b-a2fe-bb100f0495ec","Please correct my last name on booking ABC123","I have updated the passenger name on booking ABC123. A confirmation has been sent.","-9.0","14:19:59"
"Skywave_Airlines_Agent","cac584e0-9e70-4a2e-abec-25caa6f3146e","Skywave_Airlines_Agent","SKYWAVE_PHASE_4_5","-9.0","14:24:50","9482d3f8-2aa3-47f7-a45b-a5833a1316fd","Please correct my last name on booking ABC123","I have updated the passenger name on booking ABC123. A confirmation has been sent.","-9.0","14:21:27"
"Skywave_Airlines_Agent","8e367453-c31e-452b-a42c-a40c64adfdf5","Skywave_Airlines_Agent","SKYWAVE_PHASE_4_5","-1.0","19:40:14","3f974b02-f064-4887-a308-03454e3392ff","Find flights from JFK to HND tomorrow","I found 4 flights for that route. The cheapest is SW1200 at 1pm for $1,280.","-1.0","19:39:00"
"Skywave_Airlines_Agent","3648a988-5c8f-4eeb-a5c6-b14d73bd687a","Skywave_Airlines_Agent","SKYWAVE_PHASE_4_5","-13.0","18:10:05","874ed0cc-5230-4b14-a8dd-b7c47743332e","Whats the weather like in Tokyo?","I can only help with flight bookings and Skywave loyalty questions.","-13.0","18:08:00"
"Skywave_Airlines_Agent","3648a988-5c8f-4eeb-a5c6-b14d73bd687a","Skywave_Airlines_Agent","SKYWAVE_PHASE_4_5","-13.0","18:13:49","7823171c-8481-40a0-a1c0-44cf595ac587","What is my tier status?","You are Gold tier with 14,200 qualifying points this year.","-13.0","18:11:08"
"Skywave_Airlines_Agent","3648a988-5c8f-4eeb-a5c6-b14d73bd687a","Skywave_Airlines_Agent","SKYWAVE_PHASE_4_5","-13.0","18:15:40","2c85a3d8-e6b1-4c24-a803-2e3068edbe9e","My first name is misspelled on my ticket","I have corrected the spelling on your ticket. Please review the updated itinerary.","-13.0","18:14:30"
"Skywave_Airlines_Agent","45d1fd02-36b6-487d-a87c-d528a8114087","Skywave_Airlines_Agent","SKYWAVE_PHASE_4_5","-10.0","15:05:03","075504de-64c7-4938-a027-c23f99895c09","My first name is misspelled on my ticket","I have corrected the spelling on your ticket. Please review the updated itinerary.","-10.0","15:04:00"
"Skywave_Airlines_Agent","14b2d4fa-6cbf-424e-a429-9a7da02e87ec","Skywave_Airlines_Agent","SKYWAVE_PHASE_4_5","-12.0","09:51:20","a7115232-74f1-4f43-a45e-e786fd0f0c13","What is my tier status?","You are Gold tier with 14,200 qualifying points this year.","-12.0","09:49:00"
"Skywave_Airlines_Agent","6b1caea2-ad67-4922-af12-83333c219dd7","Skywave_Airlines_Agent","SKYWAVE_PHASE_4_5","-5.0","16:22:58","afe47eda-6a36-4db8-a30f-98ee47d80657","Tell me a joke","I am a Skywave booking assistant. How can I help with your travel?","-5.0","16:20:00"
"Skywave_Airlines_Agent","6b1caea2-ad67-4922-af12-83333c219dd7","Skywave_Airlines_Agent","SKYWAVE_PHASE_4_5","-5.0","16:24:28","7d541c74-77a5-46ea-a3c7-b442d135e9b1","I want to select seat 1A for my flight","I was unable to retrieve the seat map automatically and could not assign the seat.","-5.0","16:23:17"
"Skywave_Airlines_Agent","6b1caea2-ad67-4922-af12-83333c219dd7","Skywave_Airlines_Agent","SKYWAVE_PHASE_4_5","-5.0","16:28:12","8aa7ef05-ade2-4a8b-ac90-b0c0d813a328","Please correct my last name on booking ABC123","I have updated the passenger name on booking ABC123. A confirmation has been sent.","-5.0","16:27:12"
"Skywave_Airlines_Agent","2a3c5541-65b0-4bc8-a1ac-6de7f5138679","Skywave_Airlines_Agent","SKYWAVE_PHASE_4_5","-10.0","13:44:34","09c0a137-c537-4c69-aa8c-f6c1d011f84b","Tell me a joke","I am a Skywave booking assistant. How can I help with your travel?","-10.0","13:44:00"
"Skywave_Airlines_Agent","fb62c36b-fd29-4e70-a606-6c709dc951d7","Skywave_Airlines_Agent","SKYWAVE_PHASE_4_5","-1.0","13:52:09","b65bf259-ee33-4adc-a821-9115e88c6e78","I want to change my seat to a window seat","Sorry, I am unable to change your seat right now. Please try again later.","-1.0","13:51:00"
"Skywave_Airlines_Agent","fb62c36b-fd29-4e70-a606-6c709dc951d7","Skywave_Airlines_Agent","SKYWAVE_PHASE_4_5","-1.0","13:56:40","c9943bb6-0fcf-48a4-a5b8-9d09d2586df3","Tell me a joke","I am a Skywave booking assistant. How can I help with your travel?","-1.0","13:52:49"
"Skywave_Airlines_Agent","2d7a7c19-6b2a-4f5b-aab7-2bac527dfd91","Skywave_Airlines_Agent","SKYWAVE_PHASE_4_5","-4.0","19:50:28","f4e24778-0942-4d40-a5fa-ba85145536b0","Find flights from JFK to HND tomorrow","I found 4 flights for that route. The cheapest is SW1200 at 1pm for $1,280.","-4.0","19:50:00"
"Skywave_Airlines_Agent","1e2a4660-a4d7-4bee-a438-d925f4369077","Skywave_Airlines_Agent","SKYWAVE_PHASE_4_5","-7.0","15:28:03","b01de665-f037-412d-a8f2-12d041cbdc0d","Can I move from 23B to an aisle seat?","I could not update your seat assignment. Please contact a service agent.","-7.0","15:27:00"
"Skywave_Airlines_Agent","551fc493-e42e-4281-a013-e9233d7a7df0","Skywave_Airlines_Agent","SKYWAVE_PHASE_4_5","-12.0","08:49:11","ba7465b4-5095-4549-afa6-a6ae796595b7","My first name is misspelled on my ticket","I have corrected the spelling on your ticket. Please review the updated itinerary.","-12.0","08:47:00"
"Skywave_Airlines_Agent","551fc493-e42e-4281-a013-e9233d7a7df0","Skywave_Airlines_Agent","SKYWAVE_PHASE_4_5","-12.0","08:50:42","785cff7e-ed7c-41da-a6b9-9e64ccf5e88e","I want to change my seat to a window seat","Sorry, I am unable to change your seat right now. Please try again later.","-12.0","08:50:01"
"Skywave_Airlines_Agent","551fc493-e42e-4281-a013-e9233d7a7df0","Skywave_Airlines_Agent","SKYWAVE_PHASE_4_5","-12.0","08:52:17","767caba7-d00f-4228-ab3b-d3df9ddccd97","Cancel my booking ABC123","I have cancelled booking ABC123. A refund of $480 will be issued.","-12.0","08:51:50"
"Skywave_Airlines_Agent","6a028b10-3524-4224-a001-cfea6fbcb3f6","Skywave_Airlines_Agent","SKYWAVE_PHASE_4_5","-12.0","18:25:18","b7eff8f0-e175-4649-aaf8-a2a35720ad37","My first name is misspelled on my ticket","I have corrected the spelling on your ticket. Please review the updated itinerary.","-12.0","18:24:00"
"Skywave_Airlines_Agent","86c88c4b-90dd-4350-ac31-c63603f4d636","Skywave_Airlines_Agent","SKYWAVE_PHASE_4_5","-10.0","19:03:54","33f8579e-1b0c-4246-a310-adcce680a820","Find flights from JFK to HND tomorrow","I found 4 flights for that route. The cheapest is SW1200 at 1pm for $1,280.","-10.0","18:59:00"
"Skywave_Airlines_Agent","5ff5713c-a7a9-4937-a7fc-1a8bd138545e","Skywave_Airlines_Agent","SKYWAVE_PHASE_4_5","-13.0","12:44:51","a0fc2231-8c98-4523-a2e5-529e74bc085c","Cancel my booking ABC123","I have cancelled booking ABC123. A refund of $480 will be issued.","-13.0","12:42:00"
"Skywave_Airlines_Agent","5ff5713c-a7a9-4937-a7fc-1a8bd138545e","Skywave_Airlines_Agent","SKYWAVE_PHASE_4_5","-13.0","12:46:28","294f4b0d-8f86-4584-a1d8-bc569ddc280e","I want to change my seat to a window seat","Sorry, I am unable to change your seat right now. Please try again later.","-13.0","12:45:51"
"Skywave_Airlines_Agent","badde09e-5dbf-4155-ac64-0af353c0a724","Skywave_Airlines_Agent","SKYWAVE_PHASE_4_5","-13.0","19:54:48","d1707131-4685-4e31-af11-f7c0d0b5da79","Can I move from 23B to an aisle seat?","I could not update your seat assignment. Please contact a service agent.","-13.0","19:54:00"
"Skywave_Airlines_Agent","badde09e-5dbf-4155-ac64-0af353c0a724","Skywave_Airlines_Agent","SKYWAVE_PHASE_4_5","-13.0","19:56:54","bd31085d-043b-4e79-a27f-51815fb89c21","How many miles do I have?","You currently have 18,450 SkyWave miles. You are at Premier tier.","-13.0","19:55:54"
"Skywave_Airlines_Agent","badde09e-5dbf-4155-ac64-0af353c0a724","Skywave_Airlines_Agent","SKYWAVE_PHASE_4_5","-13.0","19:58:36","b97f8b05-da19-43bb-a3aa-acb723e43f48","My in-flight wifi did not work, I want a refund","I have logged your complaint as case 00012346. A refund will be processed.","-13.0","19:57:39"
"Skywave_Airlines_Agent","458ea171-e9c6-4450-a2c7-c2c0e500b499","Skywave_Airlines_Agent","SKYWAVE_PHASE_4_5","-7.0","13:50:11","cd95231f-9669-440c-ad74-944977864a79","I want to select seat 1A for my flight","I was unable to retrieve the seat map automatically and could not assign the seat.","-7.0","13:49:00"
"Skywave_Airlines_Agent","98f532e7-c750-4ed1-aee0-a35571f47700","Skywave_Airlines_Agent","SKYWAVE_PHASE_4_5","-11.0","09:15:03","6c91ca18-2bfa-4e83-a0c1-db25c39bffcc","Cancel my booking ABC123","I have cancelled booking ABC123. A refund of $480 will be issued.","-11.0","09:14:00"
"Skywave_Airlines_Agent","835c4acd-8ae2-4830-ab31-1d287cd61ff4","Skywave_Airlines_Agent","SKYWAVE_PHASE_4_5","-1.0","08:07:22","7e383c73-c553-4bea-a8e4-44dd54b9690f","I want to change my seat to a window seat","Sorry, I am unable to change your seat right now. Please try again later.","-1.0","08:07:00"
"Skywave_Airlines_Agent","2528817f-5027-45a8-ae93-b2a3a0f9d918","Skywave_Airlines_Agent","SKYWAVE_PHASE_4_5","-14.0","14:02:42","b0f14553-ec55-44ca-a992-cb84c7d52f68","Find flights from JFK to HND tomorrow","I found 4 flights for that route. The cheapest is SW1200 at 1pm for $1,280.","-14.0","14:02:00"
"Skywave_Airlines_Agent","4e8c5251-86f7-4996-a2fa-f9b05169799b","Skywave_Airlines_Agent","SKYWAVE_PHASE_4_5","-10.0","16:08:18","1a37c0c7-f229-487d-ad54-148f993bd213","How many miles do I have?","You currently have 18,450 SkyWave miles. You are at Premier tier.","-10.0","16:07:00"
"Skywave_Airlines_Agent","4e8c5251-86f7-4996-a2fa-f9b05169799b","Skywave_Airlines_Agent","SKYWAVE_PHASE_4_5","-10.0","16:09:46","925edd0f-7e6e-4c65-a52a-8b3636709313","Can I move from 23B to an aisle seat?","I could not update your seat assignment. Please contact a service agent.","-10.0","16:08:50"
"Skywave_Airlines_Agent","316ecaa3-7a77-44a2-ad74-af6cef306b1b","Skywave_Airlines_Agent","SKYWAVE_PHASE_4_5","-3.0","09:23:13","53dd18c4-e097-432f-a8b9-6ad9659bf4cb","My in-flight wifi did not work, I want a refund","I have logged your complaint as case 00012346. A refund will be processed.","-3.0","09:22:00"
"Skywave_Airlines_Agent","19e0fa78-c972-4d91-ad26-6cff9f8884fa","Skywave_Airlines_Agent","SKYWAVE_PHASE_4_5","-5.0","16:09:03","b3c3275e-b1ae-4861-a02f-78b320ae551d","What is my tier status?","You are Gold tier with 14,200 qualifying points this year.","-5.0","16:05:00"
"Skywave_Airlines_Agent","19e0fa78-c972-4d91-ad26-6cff9f8884fa","Skywave_Airlines_Agent","SKYWAVE_PHASE_4_5","-5.0","16:11:17","95e1eb2c-bb57-4e0a-a5e1-bec23ab7ba95","Find flights from JFK to HND tomorrow","I found 4 flights for that route. The cheapest is SW1200 at 1pm for $1,280.","-5.0","16:10:15"
"Skywave_Airlines_Agent","4d6797c1-41bb-4ee8-a241-728e445a47fb","Skywave_Airlines_Agent","SKYWAVE_PHASE_4_5","-5.0","11:53:06","b5f0881f-1457-47ef-a2f5-c3d36b4404f8","I lost my luggage in Munich last week, can you help?","I have created case 00012345 for your lost luggage. We will contact you within 24 hours.","-5.0","11:52:00"
"Skywave_Airlines_Agent","4d6797c1-41bb-4ee8-a241-728e445a47fb","Skywave_Airlines_Agent","SKYWAVE_PHASE_4_5","-5.0","11:54:03","dcf0499b-f24f-46a4-a134-e68aabd1a299","Cancel my booking ABC123","I have cancelled booking ABC123. A refund of $480 will be issued.","-5.0","11:53:33"
"Skywave_Airlines_Agent","819436cd-170b-49d9-ae97-ec8bb4c09da2","Skywave_Airlines_Agent","SKYWAVE_PHASE_4_5","-7.0","13:13:42","1b5367c0-846c-4dd4-a22f-936dd9809178","How many miles do I have?","You currently have 18,450 SkyWave miles. You are at Premier tier.","-7.0","13:12:00"
"Skywave_Airlines_Agent","707078b8-8fb7-4d34-af13-a68a82fe164f","Skywave_Airlines_Agent","SKYWAVE_PHASE_4_5","-1.0","14:19:48","4cf00d96-2e8c-4aaf-a4e4-aae649ed5e83","Cancel my booking ABC123","I have cancelled booking ABC123. A refund of $480 will be issued.","-1.0","14:16:00"
"Skywave_Airlines_Agent","9b257127-52b3-4b51-a432-a6223a12de55","Skywave_Airlines_Agent","SKYWAVE_PHASE_4_5","-14.0","18:07:52","c0d5728e-8209-41d5-a97a-dac9a79dd33c","My in-flight wifi did not work, I want a refund","I have logged your complaint as case 00012346. A refund will be processed.","-14.0","18:07:00"
"Skywave_Airlines_Agent","9b257127-52b3-4b51-a432-a6223a12de55","Skywave_Airlines_Agent","SKYWAVE_PHASE_4_5","-14.0","18:09:24","863a42f2-2112-48e8-ab73-cfd199de765a","Please correct my last name on booking ABC123","I have updated the passenger name on booking ABC123. A confirmation has been sent.","-14.0","18:08:22"
"Skywave_Airlines_Agent","9fac2bd7-67a0-49b3-a124-2fdb1281c69d","Skywave_Airlines_Agent","SKYWAVE_PHASE_4_5","-10.0","12:09:11","a30fe7ca-ff5f-4702-ab73-debb3e58ef65","Cancel my booking ABC123","I have cancelled booking ABC123. A refund of $480 will be issued.","-10.0","12:08:00"
"Skywave_Airlines_Agent","47842372-19ad-4ca1-a978-81b81e5b10d7","Skywave_Airlines_Agent","SKYWAVE_PHASE_4_5","-7.0","10:09:31","a411d25b-9f7d-4058-aa52-b02a3493b010","Whats the weather like in Tokyo?","I can only help with flight bookings and Skywave loyalty questions.","-7.0","10:09:00"
"Skywave_Airlines_Agent","6eea2b47-6f28-4943-a110-c4a9e6101e23","Skywave_Airlines_Agent","SKYWAVE_PHASE_4_5","-10.0","12:44:15","280c3857-7e51-4a9a-a63d-d383e3ea2660","I lost my luggage in Munich last week, can you help?","I have created case 00012345 for your lost luggage. We will contact you within 24 hours.","-10.0","12:43:00"
"Skywave_Airlines_Agent","6eea2b47-6f28-4943-a110-c4a9e6101e23","Skywave_Airlines_Agent","SKYWAVE_PHASE_4_5","-10.0","12:45:12","7ded9825-750f-4d96-ae64-15fc086100cd","My first name is misspelled on my ticket","I have corrected the spelling on your ticket. Please review the updated itinerary.","-10.0","12:44:36"
"Skywave_Airlines_Agent","8d3ecb44-fdd3-411a-af7e-8b6ec6d3ec39","Skywave_Airlines_Agent","SKYWAVE_PHASE_4_5","-7.0","19:54:32","cccb3b1c-466b-4108-a152-ae140dbe5bfc","Cancel my booking ABC123","I have cancelled booking ABC123. A refund of $480 will be issued.","-7.0","19:52:00"
"Skywave_Airlines_Agent","0ca74133-6cab-4d06-a0eb-36b1825723ed","Skywave_Airlines_Agent","SKYWAVE_PHASE_4_5","-8.0","13:57:22","9c98d98c-06e2-4fb3-adf4-12dffc1ef570","I want to select seat 1A for my flight","I was unable to retrieve the seat map automatically and could not assign the seat.","-8.0","13:55:00"
"Skywave_Airlines_Agent","0ca74133-6cab-4d06-a0eb-36b1825723ed","Skywave_Airlines_Agent","SKYWAVE_PHASE_4_5","-8.0","14:02:21","8f678075-0575-46a7-a3a1-76331c8f6f6a","I lost my luggage in Munich last week, can you help?","I have created case 00012345 for your lost luggage. We will contact you within 24 hours.","-8.0","14:01:06"
"Skywave_Airlines_Agent","f764db21-c10b-40ae-a624-03320ef958c0","Skywave_Airlines_Agent","SKYWAVE_PHASE_4_5","-14.0","14:29:42","9d96e64f-3fe8-47a3-af45-9a07e4d52953","I lost my luggage in Munich last week, can you help?","I have created case 00012345 for your lost luggage. We will contact you within 24 hours.","-14.0","14:29:00"
"Skywave_Airlines_Agent","88a9eade-fc06-4a4d-a614-723554b90af2","Skywave_Airlines_Agent","SKYWAVE_PHASE_4_5","-6.0","08:02:34","1330856c-d23d-47bb-a3fa-579ea2fdcfa1","I lost my luggage in Munich last week, can you help?","I have created case 00012345 for your lost luggage. We will contact you within 24 hours.","-6.0","08:02:00"
"Skywave_Airlines_Agent","88a9eade-fc06-4a4d-a614-723554b90af2","Skywave_Airlines_Agent","SKYWAVE_PHASE_4_5","-6.0","08:06:36","17e851e9-7ea0-4a24-aa53-fc65be92c04c","Cancel my booking ABC123","I have cancelled booking ABC123. A refund of $480 will be issued.","-6.0","08:03:22"
"Skywave_Airlines_Agent","63188277-16b4-49dc-ab87-c028c6f9b436","Skywave_Airlines_Agent","SKYWAVE_PHASE_4_5","-9.0","09:08:51","ca7baf71-a56f-40d7-a4d6-62e1c076226d","Find flights from JFK to HND tomorrow","I found 4 flights for that route. The cheapest is SW1200 at 1pm for $1,280.","-9.0","09:05:00"
"Skywave_Airlines_Agent","63188277-16b4-49dc-ab87-c028c6f9b436","Skywave_Airlines_Agent","SKYWAVE_PHASE_4_5","-9.0","09:10:37","442d3ee1-90ca-4862-a441-019674c22775","I want to select seat 1A for my flight","I was unable to retrieve the seat map automatically and could not assign the seat.","-9.0","09:09:52"
"Skywave_Airlines_Agent","5167672f-b19f-4ce3-ac61-4e41841f4bc1","Skywave_Airlines_Agent","SKYWAVE_PHASE_4_5","-4.0","19:20:38","22e44c4b-1b91-46f9-a4e1-5eec73ee764d","I want to change my seat to a window seat","Sorry, I am unable to change your seat right now. Please try again later.","-4.0","19:17:00"
"Skywave_Airlines_Agent","5167672f-b19f-4ce3-ac61-4e41841f4bc1","Skywave_Airlines_Agent","SKYWAVE_PHASE_4_5","-4.0","19:21:53","f2766435-75e2-4fa7-a219-e87277edfc04","Find flights from JFK to HND tomorrow","I found 4 flights for that route. The cheapest is SW1200 at 1pm for $1,280.","-4.0","19:21:00"
"Skywave_Airlines_Agent","4f218353-2e3a-43b9-a651-94c5f0889f6a","Skywave_Airlines_Agent","SKYWAVE_PHASE_4_5","-14.0","17:54:08","b51db69d-3a44-452c-adce-93dc9920f62b","Whats the weather like in Tokyo?","I can only help with flight bookings and Skywave loyalty questions.","-14.0","17:53:00"
"Skywave_Airlines_Agent","4f218353-2e3a-43b9-a651-94c5f0889f6a","Skywave_Airlines_Agent","SKYWAVE_PHASE_4_5","-14.0","17:59:32","e27dce13-dffc-4390-a500-ac130435250e","I lost my luggage in Munich last week, can you help?","I have created case 00012345 for your lost luggage. We will contact you within 24 hours.","-14.0","17:59:04"
"Skywave_Airlines_Agent","4f218353-2e3a-43b9-a651-94c5f0889f6a","Skywave_Airlines_Agent","SKYWAVE_PHASE_4_5","-14.0","18:03:33","4bd21549-09b2-431c-aa9d-cdd07010a6b1","My in-flight wifi did not work, I want a refund","I have logged your complaint as case 00012346. A refund will be processed.","-14.0","18:02:16"
"Skywave_Airlines_Agent","481d8c21-ab81-4799-ac97-2c2d7080907e","Skywave_Airlines_Agent","SKYWAVE_PHASE_4_5","-10.0","19:12:52","7ed0585e-3869-4c81-aef5-7b17467a5a6d","Can I move from 23B to an aisle seat?","I could not update your seat assignment. Please contact a service agent.","-10.0","19:11:00"
"Skywave_Airlines_Agent","427bf0c4-d631-4e88-a540-86a1425fb9d6","Skywave_Airlines_Agent","SKYWAVE_PHASE_4_5","-14.0","19:38:30","36f18eef-4655-413a-aa6c-c2391fa5012a","Show me my upcoming bookings","You have one upcoming booking — LH 1927 BER-MUC-SFO, confirmed.","-14.0","19:38:00"
"Skywave_Airlines_Agent","ea4a996f-8d80-4d4f-af86-311f53621ebd","Skywave_Airlines_Agent","SKYWAVE_PHASE_4_5","-1.0","10:03:03","cae4d35c-c521-446f-adb8-de1f62f160d5","My first name is misspelled on my ticket","I have corrected the spelling on your ticket. Please review the updated itinerary.","-1.0","10:00:00"
"Skywave_Airlines_Agent","89c7198c-93d7-40f4-a028-ed21d30f9cf3","Skywave_Airlines_Agent","SKYWAVE_PHASE_4_5","-8.0","14:02:08","aa95a24b-7690-43ac-a877-8b4d6bf630e7","How many miles do I have?","You currently have 18,450 SkyWave miles. You are at Premier tier.","-8.0","14:01:00"
"Skywave_Airlines_Agent","89c7198c-93d7-40f4-a028-ed21d30f9cf3","Skywave_Airlines_Agent","SKYWAVE_PHASE_4_5","-8.0","14:03:59","2db6b561-88c6-41a0-ad5a-76df8228fe37","How many miles do I have?","You currently have 18,450 SkyWave miles. You are at Premier tier.","-8.0","14:03:06"
"Skywave_Airlines_Agent","89c7198c-93d7-40f4-a028-ed21d30f9cf3","Skywave_Airlines_Agent","SKYWAVE_PHASE_4_5","-8.0","14:09:12","68392e48-21e9-4924-af52-8baef3ac6725","I lost my luggage in Munich last week, can you help?","I have created case 00012345 for your lost luggage. We will contact you within 24 hours.","-8.0","14:08:45"
"Skywave_Airlines_Agent","c9b4038e-ca84-4bc0-a6cb-236289b5b4f7","Skywave_Airlines_Agent","SKYWAVE_PHASE_4_5","-13.0","11:53:03","b52dc071-4ccc-49e1-a06c-d654c6948ee7","Whats the weather like in Tokyo?","I can only help with flight bookings and Skywave loyalty questions.","-13.0","11:52:00"
"Skywave_Airlines_Agent","244eb279-2fde-43c3-a694-a73087fd50d6","Skywave_Airlines_Agent","SKYWAVE_PHASE_4_5","-8.0","17:13:32","007b17c0-7ad0-410a-a1b9-1b86e5cc65c9","Show me my upcoming bookings","You have one upcoming booking — LH 1927 BER-MUC-SFO, confirmed.","-8.0","17:13:00"
"Skywave_Airlines_Agent","a541ac12-55df-4732-ac1a-dc7afcf66b6e","Skywave_Airlines_Agent","SKYWAVE_PHASE_4_5","-4.0","15:21:12","468ea1a5-4fa8-4229-a3f2-7b7d1d2a1b61","Find flights from JFK to HND tomorrow","I found 4 flights for that route. The cheapest is SW1200 at 1pm for $1,280.","-4.0","15:20:00"
"Skywave_Airlines_Agent","a541ac12-55df-4732-ac1a-dc7afcf66b6e","Skywave_Airlines_Agent","SKYWAVE_PHASE_4_5","-4.0","15:25:06","d43221d9-2ebb-483b-ae4f-7946dd58193a","Find flights from JFK to HND tomorrow","I found 4 flights for that route. The cheapest is SW1200 at 1pm for $1,280.","-4.0","15:22:06"
"Skywave_Airlines_Agent","a541ac12-55df-4732-ac1a-dc7afcf66b6e","Skywave_Airlines_Agent","SKYWAVE_PHASE_4_5","-4.0","15:27:05","21e1b5b7-2009-400e-a9af-cbb32bd2a760","I want to change my seat to a window seat","Sorry, I am unable to change your seat right now. Please try again later.","-4.0","15:26:12"
"Skywave_Airlines_Agent","f5c3ba54-9910-4fde-a0cf-b2fefc8a6051","Skywave_Airlines_Agent","SKYWAVE_PHASE_4_5","-3.0","12:13:47","fd8eca5a-bfc9-48b9-aa58-c772a2a60ce1","Please correct my last name on booking ABC123","I have updated the passenger name on booking ABC123. A confirmation has been sent.","-3.0","12:10:00"
"Skywave_Airlines_Agent","97c37d76-81dc-4982-adaa-6552526b047c","Skywave_Airlines_Agent","SKYWAVE_PHASE_4_5","-12.0","18:40:39","1ccc873b-a709-4ddc-a026-50d95f955db5","Show me my upcoming bookings","You have one upcoming booking — LH 1927 BER-MUC-SFO, confirmed.","-12.0","18:40:00"
"Skywave_Airlines_Agent","613b5885-470e-4aeb-aa5f-d236c6b16764","Skywave_Airlines_Agent","SKYWAVE_PHASE_4_5","-4.0","16:46:02","61ed4350-e297-4bea-aa3b-1a3f68a831a7","Cancel my booking ABC123","I have cancelled booking ABC123. A refund of $480 will be issued.","-4.0","16:41:00"
"Skywave_Airlines_Agent","613b5885-470e-4aeb-aa5f-d236c6b16764","Skywave_Airlines_Agent","SKYWAVE_PHASE_4_5","-4.0","16:50:13","7b7da672-d438-4028-a69c-8ab107270a7d","I lost my luggage in Munich last week, can you help?","I have created case 00012345 for your lost luggage. We will contact you within 24 hours.","-4.0","16:49:06"
"Skywave_Airlines_Agent","eb667c0b-94b1-4814-a601-84e8f1fa47bb","Skywave_Airlines_Agent","SKYWAVE_PHASE_4_5","-12.0","14:08:36","4eaadef8-dcff-4840-a389-ac12848b2f05","What is my tier status?","You are Gold tier with 14,200 qualifying points this year.","-12.0","14:08:00"
"Skywave_Airlines_Agent","3d7a21b6-8cd1-4106-a1a5-ad823089fb7c","Skywave_Airlines_Agent","SKYWAVE_PHASE_4_5","-3.0","12:54:52","a03504d7-bc1d-4c9d-a793-d6c02fa9ab70","I want to change my seat to a window seat","Sorry, I am unable to change your seat right now. Please try again later.","-3.0","12:54:00"
"Skywave_Airlines_Agent","3d7a21b6-8cd1-4106-a1a5-ad823089fb7c","Skywave_Airlines_Agent","SKYWAVE_PHASE_4_5","-3.0","12:56:35","d7edced6-a42e-43c8-ab9d-de956dcfd6a6","How many miles do I have?","You currently have 18,450 SkyWave miles. You are at Premier tier.","-3.0","12:55:25"
"Skywave_Airlines_Agent","6573935b-c3a3-4bce-aedf-759581de0868","Skywave_Airlines_Agent","SKYWAVE_PHASE_4_5","-2.0","09:00:01","d60cf8ea-6826-43b2-a204-8b398222996e","I want to select seat 1A for my flight","I was unable to retrieve the seat map automatically and could not assign the seat.","-2.0","08:59:00"
"Skywave_Airlines_Agent","7eb34650-5a82-49c1-a085-88c212c04861","Skywave_Airlines_Agent","SKYWAVE_PHASE_4_5","-10.0","09:22:10","d556c9ed-9ed2-4a6c-acfd-e12929377ca4","Please correct my last name on booking ABC123","I have updated the passenger name on booking ABC123. A confirmation has been sent.","-10.0","09:21:00"
"Skywave_Airlines_Agent","7eb34650-5a82-49c1-a085-88c212c04861","Skywave_Airlines_Agent","SKYWAVE_PHASE_4_5","-10.0","09:23:06","1efd4a0a-1022-4364-a8d3-0490186d1ea2","I want to change my seat to a window seat","Sorry, I am unable to change your seat right now. Please try again later.","-10.0","09:22:43"
"Skywave_Airlines_Agent","31ba6983-a7e1-4051-a6ee-dce2b6c0ef6b","Skywave_Airlines_Agent","SKYWAVE_PHASE_4_5","-12.0","09:22:51","1f968e3e-5554-4803-ab5b-36f97e939fc2","Can I move from 23B to an aisle seat?","I could not update your seat assignment. Please contact a service agent.","-12.0","09:22:00"
"Skywave_Airlines_Agent","73731351-0c9e-4ef5-a879-2dbe07135d90","Skywave_Airlines_Agent","SKYWAVE_PHASE_4_5","-6.0","10:56:46","b8baa6ab-6634-45cd-a8c6-f522b8c85ce7","Cancel my booking ABC123","I have cancelled booking ABC123. A refund of $480 will be issued.","-6.0","10:56:00"
"Skywave_Airlines_Agent","07c6a79c-d59f-42ad-ad01-a89520fe1c23","Skywave_Airlines_Agent","SKYWAVE_PHASE_4_5","-7.0","08:29:13","c251e683-53d3-4e81-aa9f-d3de786139bd","Find flights from JFK to HND tomorrow","I found 4 flights for that route. The cheapest is SW1200 at 1pm for $1,280.","-7.0","08:28:00"
"Skywave_Airlines_Agent","58c0c818-c539-490a-a92c-7d792ac03808","Skywave_Airlines_Agent","SKYWAVE_PHASE_4_5","-3.0","10:50:35","5a9839a0-d4e0-4c71-a5d6-81bb2ea3e044","How many miles do I have?","You currently have 18,450 SkyWave miles. You are at Premier tier.","-3.0","10:47:00"
"Skywave_Airlines_Agent","58c0c818-c539-490a-a92c-7d792ac03808","Skywave_Airlines_Agent","SKYWAVE_PHASE_4_5","-3.0","10:52:01","441e7dbe-bec7-4450-a647-6aebd4016980","How many miles do I have?","You currently have 18,450 SkyWave miles. You are at Premier tier.","-3.0","10:50:59"
"Skywave_Airlines_Agent","58c0c818-c539-490a-a92c-7d792ac03808","Skywave_Airlines_Agent","SKYWAVE_PHASE_4_5","-3.0","10:57:45","f8877cb7-5c4c-4484-ae2e-d402d450f32b","I want to change my seat to a window seat","Sorry, I am unable to change your seat right now. Please try again later.","-3.0","10:53:13"
"Skywave_Airlines_Agent","02280af3-fd2f-407e-a3b2-de90428b6cdf","Skywave_Airlines_Agent","SKYWAVE_PHASE_4_5","-14.0","13:42:04","b4d43056-74cc-4e3b-ad4e-786dc664a487","Can I move from 23B to an aisle seat?","I could not update your seat assignment. Please contact a service agent.","-14.0","13:41:00"
"Skywave_Airlines_Agent","02280af3-fd2f-407e-a3b2-de90428b6cdf","Skywave_Airlines_Agent","SKYWAVE_PHASE_4_5","-14.0","13:45:22","0f281147-945b-40d3-afeb-83a1d3d29940","Can I move from 23B to an aisle seat?","I could not update your seat assignment. Please contact a service agent.","-14.0","13:44:39"
"Skywave_Airlines_Agent","b4fdb351-5019-4e06-a3ad-b65984fca5db","Skywave_Airlines_Agent","SKYWAVE_PHASE_4_5","-3.0","12:58:24","f9d5fa04-add8-4755-a823-2f2e31e9462a","Show me my upcoming bookings","You have one upcoming booking — LH 1927 BER-MUC-SFO, confirmed.","-3.0","12:55:00"
"Skywave_Airlines_Agent","b4fdb351-5019-4e06-a3ad-b65984fca5db","Skywave_Airlines_Agent","SKYWAVE_PHASE_4_5","-3.0","13:02:37","f092b485-9c6a-49d8-a619-d8255c721d8c","I lost my luggage in Munich last week, can you help?","I have created case 00012345 for your lost luggage. We will contact you within 24 hours.","-3.0","13:00:13"
"Skywave_Airlines_Agent","d2ce0776-4d5e-49fd-a5e5-567acdfeb10e","Skywave_Airlines_Agent","SKYWAVE_PHASE_4_5","-11.0","14:30:49","d19b0b90-3403-4552-a690-54a17a54dce4","What is my tier status?","You are Gold tier with 14,200 qualifying points this year.","-11.0","14:30:00"
"Skywave_Airlines_Agent","d2ce0776-4d5e-49fd-a5e5-567acdfeb10e","Skywave_Airlines_Agent","SKYWAVE_PHASE_4_5","-11.0","14:34:05","1e3b6406-8940-48f7-a730-e70d481f3401","I want to change my seat to a window seat","Sorry, I am unable to change your seat right now. Please try again later.","-11.0","14:31:11"
"Skywave_Airlines_Agent","cd0adb63-3c3e-4c08-a8b2-6827b21d8f14","Skywave_Airlines_Agent","SKYWAVE_PHASE_4_5","-11.0","18:01:46","5bb1df7b-02eb-4b61-adb8-189465d10c84","Cancel my booking ABC123","I have cancelled booking ABC123. A refund of $480 will be issued.","-11.0","17:57:00"
"Skywave_Airlines_Agent","67d6ad5f-9e1a-4adc-a665-e2b24e7836c8","Skywave_Airlines_Agent","SKYWAVE_PHASE_4_5","-7.0","13:40:27","4079448c-a77f-4831-ac8b-0ab0ce3015ab","I lost my luggage in Munich last week, can you help?","I have created case 00012345 for your lost luggage. We will contact you within 24 hours.","-7.0","13:40:00"
"Skywave_Airlines_Agent","972b84eb-f0ed-49c8-a1b2-a3097ee416cd","Skywave_Airlines_Agent","SKYWAVE_PHASE_4_5","-2.0","13:08:59","6131b461-ea5b-44d1-aeb9-c0a1b158bd60","Can I move from 23B to an aisle seat?","I could not update your seat assignment. Please contact a service agent.","-2.0","13:08:00"
"Skywave_Airlines_Agent","680cc0bc-3434-455e-afaa-7eb1fd869998","Skywave_Airlines_Agent","SKYWAVE_PHASE_4_5","-12.0","13:33:23","e31d82ba-88a2-4fcc-a01a-d504b9fa3706","Please correct my last name on booking ABC123","I have updated the passenger name on booking ABC123. A confirmation has been sent.","-12.0","13:33:00"
"Skywave_Airlines_Agent","c4d4259f-7b20-4f60-a358-864aaade7044","Skywave_Airlines_Agent","SKYWAVE_PHASE_4_5","-2.0","15:07:27","cb8f501e-b42d-4349-ad7e-aa0650412db2","My first name is misspelled on my ticket","I have corrected the spelling on your ticket. Please review the updated itinerary.","-2.0","15:03:00"
"Skywave_Airlines_Agent","c4d4259f-7b20-4f60-a358-864aaade7044","Skywave_Airlines_Agent","SKYWAVE_PHASE_4_5","-2.0","15:10:47","b061b391-fc27-4d5e-a490-03cae0c8bbf5","Cancel my booking ABC123","I have cancelled booking ABC123. A refund of $480 will be issued.","-2.0","15:09:09"
"Skywave_Airlines_Agent","c1cfc869-1266-4c13-a39d-031dbeef5cbb","Skywave_Airlines_Agent","SKYWAVE_PHASE_4_5","-10.0","11:32:52","7e02b999-29a0-4ef5-a392-914ec984ceab","Can I move from 23B to an aisle seat?","I could not update your seat assignment. Please contact a service agent.","-10.0","11:30:00"
"Skywave_Airlines_Agent","269d222c-beb5-411f-a5d1-9cac1be610ba","Skywave_Airlines_Agent","SKYWAVE_PHASE_4_5","-9.0","19:32:33","4646288f-3d94-4043-ac30-3a8f32fc212a","Can I move from 23B to an aisle seat?","I could not update your seat assignment. Please contact a service agent.","-9.0","19:32:00"
"Skywave_Airlines_Agent","fd26ab1b-429c-435d-a6f0-69a5f90e0b92","Skywave_Airlines_Agent","SKYWAVE_PHASE_4_5","-3.0","11:47:49","4f19be7c-fdf1-4468-a8d1-49ad85591d88","Cancel my booking ABC123","I have cancelled booking ABC123. A refund of $480 will be issued.","-3.0","11:47:00"
"Skywave_Airlines_Agent","f1de6a80-5e0a-4205-af64-4bc1f90f9757","Skywave_Airlines_Agent","SKYWAVE_PHASE_4_5","-9.0","10:29:40","27997c19-9d2d-4be6-aa40-633990c8e3a6","Can I move from 23B to an aisle seat?","I could not update your seat assignment. Please contact a service agent.","-9.0","10:29:00"
"Skywave_Airlines_Agent","30c831a4-c098-4996-a99a-bff00844a2aa","Skywave_Airlines_Agent","SKYWAVE_PHASE_4_5","-8.0","17:42:54","eeab622b-cbb7-4f34-afe9-058f5582c3ec","What is my tier status?","You are Gold tier with 14,200 qualifying points this year.","-8.0","17:42:00"
"Skywave_Airlines_Agent","30c831a4-c098-4996-a99a-bff00844a2aa","Skywave_Airlines_Agent","SKYWAVE_PHASE_4_5","-8.0","17:44:46","68a4ae2d-489c-4d4d-ae67-5961f0ecd193","What is my tier status?","You are Gold tier with 14,200 qualifying points this year.","-8.0","17:44:05"
"Skywave_Airlines_Agent","30c831a4-c098-4996-a99a-bff00844a2aa","Skywave_Airlines_Agent","SKYWAVE_PHASE_4_5","-8.0","17:48:43","e48abd1a-2d27-4180-a2d3-d24e8e787fb1","I want to change my seat to a window seat","Sorry, I am unable to change your seat right now. Please try again later.","-8.0","17:45:39"
"Skywave_Airlines_Agent","2b3dc4a5-56d8-4197-a61e-a2315c408b96","Skywave_Airlines_Agent","SKYWAVE_PHASE_4_5","-2.0","10:39:07","36664dc3-23fa-4cd5-a563-051d1eea7f96","Whats the weather like in Tokyo?","I can only help with flight bookings and Skywave loyalty questions.","-2.0","10:38:00"
"Skywave_Airlines_Agent","18e49dca-8c1e-40ac-a392-9eb6dc9f3249","Skywave_Airlines_Agent","SKYWAVE_PHASE_4_5","-7.0","13:22:52","2dbc1678-dd89-4bcf-aaf9-48176d2cdb1e","I want to select seat 1A for my flight","I was unable to retrieve the seat map automatically and could not assign the seat.","-7.0","13:18:00"
"Skywave_Airlines_Agent","18e49dca-8c1e-40ac-a392-9eb6dc9f3249","Skywave_Airlines_Agent","SKYWAVE_PHASE_4_5","-7.0","13:28:57","dd9df82c-e136-4759-aab9-bf8c92fa7eb3","Find flights from JFK to HND tomorrow","I found 4 flights for that route. The cheapest is SW1200 at 1pm for $1,280.","-7.0","13:27:44"
"Skywave_Airlines_Agent","a5895352-924b-4684-af99-60adbf3fa920","Skywave_Airlines_Agent","SKYWAVE_PHASE_4_5","-1.0","19:16:45","006fd3a9-96dc-4ce4-a296-47f56e84d833","Tell me a joke","I am a Skywave booking assistant. How can I help with your travel?","-1.0","19:16:00"
"Skywave_Airlines_Agent","a5895352-924b-4684-af99-60adbf3fa920","Skywave_Airlines_Agent","SKYWAVE_PHASE_4_5","-1.0","19:19:13","1ec71efa-4730-4d53-ad3f-c120457a2555","I want to select seat 1A for my flight","I was unable to retrieve the seat map automatically and could not assign the seat.","-1.0","19:18:44"
"Skywave_Airlines_Agent","2227f6d7-5a56-482b-ad7f-39e74d6cb872","Skywave_Airlines_Agent","SKYWAVE_PHASE_4_5","-6.0","12:02:23","6372fb7d-6a58-452e-ab05-cd96fc959944","I lost my luggage in Munich last week, can you help?","I have created case 00012345 for your lost luggage. We will contact you within 24 hours.","-6.0","12:02:00"
"Skywave_Airlines_Agent","2227f6d7-5a56-482b-ad7f-39e74d6cb872","Skywave_Airlines_Agent","SKYWAVE_PHASE_4_5","-6.0","12:04:42","c1e9cd88-2e37-4df0-a419-bad2d42bc0fe","My in-flight wifi did not work, I want a refund","I have logged your complaint as case 00012346. A refund will be processed.","-6.0","12:04:21"
"Skywave_Airlines_Agent","2227f6d7-5a56-482b-ad7f-39e74d6cb872","Skywave_Airlines_Agent","SKYWAVE_PHASE_4_5","-6.0","12:09:00","fd4f0cf0-871d-42fa-a8af-5c359a0ff81d","What is my tier status?","You are Gold tier with 14,200 qualifying points this year.","-6.0","12:08:11"
"Skywave_Airlines_Agent","6998d371-29ff-4850-a891-b069b030eb83","Skywave_Airlines_Agent","SKYWAVE_PHASE_4_5","-1.0","15:58:05","7eb1a488-e833-4b83-a7ee-9a5846876e80","Can I move from 23B to an aisle seat?","I could not update your seat assignment. Please contact a service agent.","-1.0","15:57:00"
"Skywave_Airlines_Agent","6998d371-29ff-4850-a891-b069b030eb83","Skywave_Airlines_Agent","SKYWAVE_PHASE_4_5","-1.0","16:00:26","7596bba3-992d-41d8-aa0e-1f12a32c2caa","I want to select seat 1A for my flight","I was unable to retrieve the seat map automatically and could not assign the seat.","-1.0","15:59:17"
"Skywave_Airlines_Agent","1e221a66-d292-4c44-a629-9c0d4f4afcfb","Skywave_Airlines_Agent","SKYWAVE_PHASE_4_5","-9.0","08:32:16","597b3f6d-7760-4676-adb7-3b9e976109ff","Find flights from JFK to HND tomorrow","I found 4 flights for that route. The cheapest is SW1200 at 1pm for $1,280.","-9.0","08:31:00"
"Skywave_Airlines_Agent","0558aeba-0169-45a5-a863-15192945e7ea","Skywave_Airlines_Agent","SKYWAVE_PHASE_4_5","-3.0","15:36:46","e1bf0310-9c4c-44d1-ab6c-6dcca28970a7","What is my tier status?","You are Gold tier with 14,200 qualifying points this year.","-3.0","15:33:00"
"Skywave_Airlines_Agent","0558aeba-0169-45a5-a863-15192945e7ea","Skywave_Airlines_Agent","SKYWAVE_PHASE_4_5","-3.0","15:38:11","ea6e91ce-3e09-4d73-a0c0-8f7ab67c428f","I want to change my seat to a window seat","Sorry, I am unable to change your seat right now. Please try again later.","-3.0","15:37:32"
"Skywave_Airlines_Agent","cee0936b-6772-44fc-aef7-062a7afac5fb","Skywave_Airlines_Agent","SKYWAVE_PHASE_4_5","-13.0","14:07:41","51a95eb1-d1e4-41dd-a24e-4c72e528670b","Whats the weather like in Tokyo?","I can only help with flight bookings and Skywave loyalty questions.","-13.0","14:07:00"
"Skywave_Airlines_Agent","0a6a4440-d5d1-4c54-accf-942154a88da9","Skywave_Airlines_Agent","SKYWAVE_PHASE_4_5","-4.0","09:06:58","378df9ff-4278-42a9-af32-bf3e17582182","Cancel my booking ABC123","I have cancelled booking ABC123. A refund of $480 will be issued.","-4.0","09:06:00"
"Skywave_Airlines_Agent","7a0ce76c-2f75-4e7f-a570-20f9617d59da","Skywave_Airlines_Agent","SKYWAVE_PHASE_4_5","-7.0","13:39:19","aef9d2c3-4f8e-4de8-a069-d06a665c010c","I want to select seat 1A for my flight","I was unable to retrieve the seat map automatically and could not assign the seat.","-7.0","13:38:00"
"Skywave_Airlines_Agent","7a0ce76c-2f75-4e7f-a570-20f9617d59da","Skywave_Airlines_Agent","SKYWAVE_PHASE_4_5","-7.0","13:41:10","b93272c6-9cbc-46fc-a366-896337218f80","How many miles do I have?","You currently have 18,450 SkyWave miles. You are at Premier tier.","-7.0","13:39:55"
"Skywave_Airlines_Agent","8d363ce9-c3ec-4b71-ac25-5b6a175d035c","Skywave_Airlines_Agent","SKYWAVE_PHASE_4_5","-7.0","15:06:17","71079840-11e5-4039-a5e7-4d37a54131cb","Show me my upcoming bookings","You have one upcoming booking — LH 1927 BER-MUC-SFO, confirmed.","-7.0","15:05:00"
"Skywave_Airlines_Agent","34ebad70-293d-43a5-a0d0-8f887cb87097","Skywave_Airlines_Agent","SKYWAVE_PHASE_4_5","-6.0","18:22:36","f0d8654b-2db8-4b6b-ad9f-33f6b72e0a7a","What is my tier status?","You are Gold tier with 14,200 qualifying points this year.","-6.0","18:19:00"
"Skywave_Airlines_Agent","34ebad70-293d-43a5-a0d0-8f887cb87097","Skywave_Airlines_Agent","SKYWAVE_PHASE_4_5","-6.0","18:25:52","8259e30b-b0cc-4575-aaa6-095f31921b5b","Please correct my last name on booking ABC123","I have updated the passenger name on booking ABC123. A confirmation has been sent.","-6.0","18:23:13"
"Skywave_Airlines_Agent","66f70a93-2bc9-4def-aea9-8657a68bd12e","Skywave_Airlines_Agent","SKYWAVE_PHASE_4_5","-3.0","09:36:34","ceee0233-c4c4-4c06-a974-6d604b3bf453","I want to select seat 1A for my flight","I was unable to retrieve the seat map automatically and could not assign the seat.","-3.0","09:34:00"
"Skywave_Airlines_Agent","a20ba675-49ee-4a70-af69-21bccf6bb7d4","Skywave_Airlines_Agent","SKYWAVE_PHASE_4_5","-4.0","08:27:58","bc2fe8d1-311b-4a4d-a882-9aa3b98aaeb4","Tell me a joke","I am a Skywave booking assistant. How can I help with your travel?","-4.0","08:26:00"
"Skywave_Airlines_Agent","145617bd-f7d5-424d-a37b-2cc54d99cdad","Skywave_Airlines_Agent","SKYWAVE_PHASE_4_5","-12.0","09:01:10","95977a55-cc63-470b-a0c0-8ba686f3068a","I want to change my seat to a window seat","Sorry, I am unable to change your seat right now. Please try again later.","-12.0","09:00:00"
"Skywave_Airlines_Agent","145617bd-f7d5-424d-a37b-2cc54d99cdad","Skywave_Airlines_Agent","SKYWAVE_PHASE_4_5","-12.0","09:05:39","e6fa5eca-188e-44d7-ae31-dfa55bc67919","Can I move from 23B to an aisle seat?","I could not update your seat assignment. Please contact a service agent.","-12.0","09:04:22"
"Skywave_Airlines_Agent","4db350ac-b724-4424-ae6c-a3ae4e58879d","Skywave_Airlines_Agent","SKYWAVE_PHASE_4_5","-10.0","10:40:31","eba6934d-8601-4f6a-ac39-9056920e6f45","Cancel my booking ABC123","I have cancelled booking ABC123. A refund of $480 will be issued.","-10.0","10:40:00"
"Skywave_Airlines_Agent","4db350ac-b724-4424-ae6c-a3ae4e58879d","Skywave_Airlines_Agent","SKYWAVE_PHASE_4_5","-10.0","10:42:08","86acded4-6c9f-4870-a316-3d0950f226ce","I lost my luggage in Munich last week, can you help?","I have created case 00012345 for your lost luggage. We will contact you within 24 hours.","-10.0","10:41:13"
"Skywave_Airlines_Agent","4db350ac-b724-4424-ae6c-a3ae4e58879d","Skywave_Airlines_Agent","SKYWAVE_PHASE_4_5","-10.0","10:47:44","4b2ce914-4d23-4a38-a045-ca62f9f6837d","Show me my upcoming bookings","You have one upcoming booking — LH 1927 BER-MUC-SFO, confirmed.","-10.0","10:44:24"
"Skywave_Airlines_Agent","752c34b2-df40-4027-aef4-8a0b9013ea4d","Skywave_Airlines_Agent","SKYWAVE_PHASE_4_5","-8.0","11:52:22","0b77bb03-a175-4bff-af93-84dcde45e6f2","My in-flight wifi did not work, I want a refund","I have logged your complaint as case 00012346. A refund will be processed.","-8.0","11:48:00"
"Skywave_Airlines_Agent","752c34b2-df40-4027-aef4-8a0b9013ea4d","Skywave_Airlines_Agent","SKYWAVE_PHASE_4_5","-8.0","11:58:13","9a4331a6-d7fd-4fca-a940-8a4faf428238","Tell me a joke","I am a Skywave booking assistant. How can I help with your travel?","-8.0","11:53:29"
"Skywave_Airlines_Agent","7d70bbac-c9f9-4a3a-a36b-5f12f2cab33e","Skywave_Airlines_Agent","SKYWAVE_PHASE_4_5","-13.0","08:28:51","8d5e35c5-76b1-4cd6-ae02-23b1345ec19e","Can I move from 23B to an aisle seat?","I could not update your seat assignment. Please contact a service agent.","-13.0","08:28:00"
"Skywave_Airlines_Agent","3c4e836a-1f12-48e8-a0a7-354059f6d31a","Skywave_Airlines_Agent","SKYWAVE_PHASE_4_5","-11.0","16:41:46","22d7457a-8e89-40b4-aae5-0b6857134f78","Can I move from 23B to an aisle seat?","I could not update your seat assignment. Please contact a service agent.","-11.0","16:41:00"
"Skywave_Airlines_Agent","46a80598-a7da-46dd-ac8c-87fe5b910d51","Skywave_Airlines_Agent","SKYWAVE_PHASE_4_5","-12.0","14:27:10","5e97399a-87a0-4524-ad71-c1e64901409f","Can I move from 23B to an aisle seat?","I could not update your seat assignment. Please contact a service agent.","-12.0","14:26:00"
"Skywave_Airlines_Agent","46a80598-a7da-46dd-ac8c-87fe5b910d51","Skywave_Airlines_Agent","SKYWAVE_PHASE_4_5","-12.0","14:30:35","e66bdedb-f2d8-42ff-a282-f099f8c41621","Please correct my last name on booking ABC123","I have updated the passenger name on booking ABC123. A confirmation has been sent.","-12.0","14:30:08"
"Skywave_Airlines_Agent","7896aff9-6e3f-47e5-aa62-254a49a02a30","Skywave_Airlines_Agent","SKYWAVE_PHASE_4_5","-2.0","13:26:28","7db08040-912a-4352-abff-bc260fab37fd","I want to select seat 1A for my flight","I was unable to retrieve the seat map automatically and could not assign the seat.","-2.0","13:26:00"
"Skywave_Airlines_Agent","7896aff9-6e3f-47e5-aa62-254a49a02a30","Skywave_Airlines_Agent","SKYWAVE_PHASE_4_5","-2.0","13:29:55","7c675fd7-adf6-4d28-a0a8-549a3d7ead4d","Please correct my last name on booking ABC123","I have updated the passenger name on booking ABC123. A confirmation has been sent.","-2.0","13:27:42"
"Skywave_Airlines_Agent","bd2bf299-355e-48ec-a68e-60e40e68bd86","Skywave_Airlines_Agent","SKYWAVE_PHASE_4_5","-6.0","15:25:08","4b19eae2-08ec-4a8c-a278-1d6f2d3ac079","What is my tier status?","You are Gold tier with 14,200 qualifying points this year.","-6.0","15:24:00"
"Skywave_Airlines_Agent","480e9180-c191-4442-a167-154e5071518f","Skywave_Airlines_Agent","SKYWAVE_PHASE_4_5","-10.0","12:42:58","681832ee-30dc-42bd-a68a-3afdd9b88bff","I want to select seat 1A for my flight","I was unable to retrieve the seat map automatically and could not assign the seat.","-10.0","12:42:00"
"Skywave_Airlines_Agent","c043ae46-0689-42ce-a21f-8a31e2fbd980","Skywave_Airlines_Agent","SKYWAVE_PHASE_4_5","-4.0","18:24:05","5348936b-b47a-44c5-a469-9343e92f7cbf","My first name is misspelled on my ticket","I have corrected the spelling on your ticket. Please review the updated itinerary.","-4.0","18:22:00"
"Skywave_Airlines_Agent","a24f525b-d0f0-4d78-a695-56d09f356a84","Skywave_Airlines_Agent","SKYWAVE_PHASE_4_5","-14.0","08:27:28","a2f84a67-5f2b-413e-a9f4-f8f2debe36e4","What is my tier status?","You are Gold tier with 14,200 qualifying points this year.","-14.0","08:27:00"
"Skywave_Airlines_Agent","7697d7cf-8bde-4810-aee5-3b07dc88636b","Skywave_Airlines_Agent","SKYWAVE_PHASE_4_5","-3.0","14:33:38","bf9eb4d7-4a95-44b5-aa7e-41ed5e679ca1","How many miles do I have?","You currently have 18,450 SkyWave miles. You are at Premier tier.","-3.0","14:29:00"
"Skywave_Airlines_Agent","7697d7cf-8bde-4810-aee5-3b07dc88636b","Skywave_Airlines_Agent","SKYWAVE_PHASE_4_5","-3.0","14:35:08","86733c38-8c9d-4941-a477-46a5ef578278","I want to select seat 1A for my flight","I was unable to retrieve the seat map automatically and could not assign the seat.","-3.0","14:34:47"
"Skywave_Airlines_Agent","cb2a38e1-500c-457d-a088-520f6ac0b6a6","Skywave_Airlines_Agent","SKYWAVE_PHASE_4_5","-2.0","15:10:39","cf2e96d9-e2e4-47a0-a7b3-007dd7f7515f","What is my tier status?","You are Gold tier with 14,200 qualifying points this year.","-2.0","15:10:00"
"Skywave_Airlines_Agent","9c687b10-1990-4ddd-a8d1-80dd5b759693","Skywave_Airlines_Agent","SKYWAVE_PHASE_4_5","-8.0","17:14:32","5b48a3d7-30fa-4d41-a858-44d322e66b1c","I want to change my seat to a window seat","Sorry, I am unable to change your seat right now. Please try again later.","-8.0","17:14:00"
"Skywave_Airlines_Agent","9c687b10-1990-4ddd-a8d1-80dd5b759693","Skywave_Airlines_Agent","SKYWAVE_PHASE_4_5","-8.0","17:16:31","a9ef771a-3442-49bb-ac2b-bac98bd7af43","I want to change my seat to a window seat","Sorry, I am unable to change your seat right now. Please try again later.","-8.0","17:15:29"
"Skywave_Airlines_Agent","9c687b10-1990-4ddd-a8d1-80dd5b759693","Skywave_Airlines_Agent","SKYWAVE_PHASE_4_5","-8.0","17:18:14","7f6a33ab-0ef8-46eb-a9b1-419bbdb0aabb","I want to change my seat to a window seat","Sorry, I am unable to change your seat right now. Please try again later.","-8.0","17:17:28"
"Skywave_Airlines_Agent","2a7dd6fd-df5b-4202-a34b-3b437c23dd41","Skywave_Airlines_Agent","SKYWAVE_PHASE_4_5","-1.0","09:56:46","3f057212-c2a8-415d-ab1e-57771a0e49c7","Cancel my booking ABC123","I have cancelled booking ABC123. A refund of $480 will be issued.","-1.0","09:56:00"
"Skywave_Airlines_Agent","2a7dd6fd-df5b-4202-a34b-3b437c23dd41","Skywave_Airlines_Agent","SKYWAVE_PHASE_4_5","-1.0","09:58:14","64e16c2a-66c2-41a3-a894-eba45e8463dd","Tell me a joke","I am a Skywave booking assistant. How can I help with your travel?","-1.0","09:57:11"
"Skywave_Airlines_Agent","c55eee1d-a6e1-4ab2-ab49-5a29adda8d38","Skywave_Airlines_Agent","SKYWAVE_PHASE_4_5","-14.0","09:55:07","80a312ce-f5e9-4099-afb9-107617f3a6e1","My in-flight wifi did not work, I want a refund","I have logged your complaint as case 00012346. A refund will be processed.","-14.0","09:54:00"
"Skywave_Airlines_Agent","a3a231b5-472e-439d-a567-e37d68fe5204","Skywave_Airlines_Agent","SKYWAVE_PHASE_4_5","-6.0","15:34:56","28a70950-5437-40c6-a89d-cf7a308f33a3","Cancel my booking ABC123","I have cancelled booking ABC123. A refund of $480 will be issued.","-6.0","15:34:00"
"Skywave_Airlines_Agent","a3a231b5-472e-439d-a567-e37d68fe5204","Skywave_Airlines_Agent","SKYWAVE_PHASE_4_5","-6.0","15:36:20","28634584-428c-4b3f-aa77-eb22f5677d80","My first name is misspelled on my ticket","I have corrected the spelling on your ticket. Please review the updated itinerary.","-6.0","15:35:32"
"Skywave_Airlines_Agent","26c4d933-dfa3-475d-a904-70b6e882f394","Skywave_Airlines_Agent","SKYWAVE_PHASE_4_5","-12.0","15:43:42","f68115a3-549c-4c4e-aa90-22345b65f766","Show me my upcoming bookings","You have one upcoming booking — LH 1927 BER-MUC-SFO, confirmed.","-12.0","15:43:00"
"Skywave_Airlines_Agent","26c4d933-dfa3-475d-a904-70b6e882f394","Skywave_Airlines_Agent","SKYWAVE_PHASE_4_5","-12.0","15:45:18","7cd61c33-a031-4f4e-a79c-19572aa4e994","My in-flight wifi did not work, I want a refund","I have logged your complaint as case 00012346. A refund will be processed.","-12.0","15:44:45"
"Skywave_Airlines_Agent","5c1db1c6-ab06-4b4d-a937-96244a41fb01","Skywave_Airlines_Agent","SKYWAVE_PHASE_4_5","-8.0","19:06:14","50babab5-8e46-4295-af7d-5b99dc9b6ceb","Can I move from 23B to an aisle seat?","I could not update your seat assignment. Please contact a service agent.","-8.0","19:05:00"
"Skywave_Airlines_Agent","5c1db1c6-ab06-4b4d-a937-96244a41fb01","Skywave_Airlines_Agent","SKYWAVE_PHASE_4_5","-8.0","19:08:32","26e26ba2-06ea-42d8-a276-fed028fa0398","What is my tier status?","You are Gold tier with 14,200 qualifying points this year.","-8.0","19:07:26"
"Skywave_Airlines_Agent","5c1db1c6-ab06-4b4d-a937-96244a41fb01","Skywave_Airlines_Agent","SKYWAVE_PHASE_4_5","-8.0","19:10:53","eb62a13c-cd2f-4087-aba6-f3468a0b6ace","Cancel my booking ABC123","I have cancelled booking ABC123. A refund of $480 will be issued.","-8.0","19:09:17"
"Skywave_Airlines_Agent","3b184498-3c60-4c3e-a3f2-70b4a42ac055","Skywave_Airlines_Agent","SKYWAVE_PHASE_4_5","-6.0","16:57:49","90a53dd4-1776-43f5-a654-298a4cee262b","How many miles do I have?","You currently have 18,450 SkyWave miles. You are at Premier tier.","-6.0","16:57:00"
"Skywave_Airlines_Agent","3b184498-3c60-4c3e-a3f2-70b4a42ac055","Skywave_Airlines_Agent","SKYWAVE_PHASE_4_5","-6.0","16:59:10","b1773f9d-d84d-4811-a47b-6ef195bc6c5c","How many miles do I have?","You currently have 18,450 SkyWave miles. You are at Premier tier.","-6.0","16:58:32"
"Skywave_Airlines_Agent","74e4ce99-5cc8-4a8c-acd6-182f101fb36b","Skywave_Airlines_Agent","SKYWAVE_PHASE_4_5","-6.0","12:19:16","a8d319af-8844-4da2-ad95-d931ffdeb7a6","Find flights from JFK to HND tomorrow","I found 4 flights for that route. The cheapest is SW1200 at 1pm for $1,280.","-6.0","12:18:00"
"Skywave_Airlines_Agent","74e4ce99-5cc8-4a8c-acd6-182f101fb36b","Skywave_Airlines_Agent","SKYWAVE_PHASE_4_5","-6.0","12:22:28","e9a2ac16-662d-4d22-a7c9-12462aac8556","I want to change my seat to a window seat","Sorry, I am unable to change your seat right now. Please try again later.","-6.0","12:19:37"
"Skywave_Airlines_Agent","8fc1fdc0-ced9-44eb-a2db-86314a8c4a25","Skywave_Airlines_Agent","SKYWAVE_PHASE_4_5","-5.0","11:38:14","76c24797-6955-4847-a75a-3f7f71becf00","I want to change my seat to a window seat","Sorry, I am unable to change your seat right now. Please try again later.","-5.0","11:36:00"
"Skywave_Airlines_Agent","f3952e15-3aeb-4de5-ac86-ae87595144be","Skywave_Airlines_Agent","SKYWAVE_PHASE_4_5","-9.0","18:09:54","b91a94c9-444e-4834-a3be-fadc795fafdc","Tell me a joke","I am a Skywave booking assistant. How can I help with your travel?","-9.0","18:09:00"
"Skywave_Airlines_Agent","1633a96e-c3cd-4625-a719-fdf2c0efdad6","Skywave_Airlines_Agent","SKYWAVE_PHASE_4_5","-6.0","12:17:11","74dd0022-c3d9-40be-a082-cf8ae98454be","Can I move from 23B to an aisle seat?","I could not update your seat assignment. Please contact a service agent.","-6.0","12:13:00"
"Skywave_Airlines_Agent","07de51a2-1b06-4114-a251-c83d539d3a5c","Skywave_Airlines_Agent","SKYWAVE_PHASE_4_5","-12.0","18:37:20","0b5cea1e-521e-4f20-acc3-e6c491e86bb9","My first name is misspelled on my ticket","I have corrected the spelling on your ticket. Please review the updated itinerary.","-12.0","18:34:00"
"Skywave_Airlines_Agent","2ebfc0fa-a53c-4b83-a311-35ff708f7f2f","Skywave_Airlines_Agent","SKYWAVE_PHASE_4_5","-13.0","14:23:04","f62f0230-6a19-4dc7-a6d5-7c3f15bbf8c6","Cancel my booking ABC123","I have cancelled booking ABC123. A refund of $480 will be issued.","-13.0","14:22:00"
"Skywave_Airlines_Agent","e2608da8-4441-4b45-ad04-63928f2bedd4","Skywave_Airlines_Agent","SKYWAVE_PHASE_4_5","-7.0","08:09:57","bcc6da36-9af1-4a67-ac6b-356b15f1eccc","Cancel my booking ABC123","I have cancelled booking ABC123. A refund of $480 will be issued.","-7.0","08:09:00"
"Skywave_Airlines_Agent","b95c8774-8883-4c85-a8c1-914265d738de","Skywave_Airlines_Agent","SKYWAVE_PHASE_4_5","-9.0","18:25:17","4c93f258-1a09-4d47-a5c5-5b449585ccf7","What is my tier status?","You are Gold tier with 14,200 qualifying points this year.","-9.0","18:22:00"
"Skywave_Airlines_Agent","b95c8774-8883-4c85-a8c1-914265d738de","Skywave_Airlines_Agent","SKYWAVE_PHASE_4_5","-9.0","18:30:40","da90f913-1fc2-4242-af83-8df4d24dd263","I lost my luggage in Munich last week, can you help?","I have created case 00012345 for your lost luggage. We will contact you within 24 hours.","-9.0","18:25:55"
"Skywave_Airlines_Agent","5c9d42ab-f6e7-48ab-a410-6e362de6b062","Skywave_Airlines_Agent","SKYWAVE_PHASE_4_5","-4.0","16:37:42","5e8a751f-f922-43ea-a4cb-351da68afa12","Whats the weather like in Tokyo?","I can only help with flight bookings and Skywave loyalty questions.","-4.0","16:33:00"
"Skywave_Airlines_Agent","95b08dd8-815b-41a9-aba7-d407161bc273","Skywave_Airlines_Agent","SKYWAVE_PHASE_4_5","-14.0","16:07:09","005fb9d5-1a91-428e-a55b-dbe2de846dce","My in-flight wifi did not work, I want a refund","I have logged your complaint as case 00012346. A refund will be processed.","-14.0","16:05:00"
"Skywave_Airlines_Agent","95b08dd8-815b-41a9-aba7-d407161bc273","Skywave_Airlines_Agent","SKYWAVE_PHASE_4_5","-14.0","16:09:16","f8eb2bdf-1a04-4a8d-a0d0-21967faad6e9","Can I move from 23B to an aisle seat?","I could not update your seat assignment. Please contact a service agent.","-14.0","16:08:03"
"Skywave_Airlines_Agent","1cb9fb7e-4887-46cf-a3e3-22bcc9297266","Skywave_Airlines_Agent","SKYWAVE_PHASE_4_5","-6.0","12:43:38","9bba648f-dbe6-4d9c-abc2-b3753b394b63","I want to change my seat to a window seat","Sorry, I am unable to change your seat right now. Please try again later.","-6.0","12:43:00"
"Skywave_Airlines_Agent","1cb9fb7e-4887-46cf-a3e3-22bcc9297266","Skywave_Airlines_Agent","SKYWAVE_PHASE_4_5","-6.0","12:49:04","3040bed8-e960-4287-a39c-f22d1a78a439","I lost my luggage in Munich last week, can you help?","I have created case 00012345 for your lost luggage. We will contact you within 24 hours.","-6.0","12:44:22"
"Skywave_Airlines_Agent","5b07a274-3196-4bab-a1f3-297c4cbb8d0c","Skywave_Airlines_Agent","SKYWAVE_PHASE_4_5","-12.0","11:44:25","5290e61c-ac5f-44c2-ae55-4567527232c3","What is my tier status?","You are Gold tier with 14,200 qualifying points this year.","-12.0","11:44:00"
"Skywave_Airlines_Agent","38cf3555-c286-4953-a77c-9783da42f349","Skywave_Airlines_Agent","SKYWAVE_PHASE_4_5","-10.0","17:38:08","8b678815-2932-4b38-a409-cbe0c352377f","Whats the weather like in Tokyo?","I can only help with flight bookings and Skywave loyalty questions.","-10.0","17:37:00"
"Skywave_Airlines_Agent","8970948f-d915-47c8-a1c8-cabb1a6c0301","Skywave_Airlines_Agent","SKYWAVE_PHASE_4_5","-8.0","11:48:05","ea6fb676-b71a-4737-a49e-618e20d990d4","My first name is misspelled on my ticket","I have corrected the spelling on your ticket. Please review the updated itinerary.","-8.0","11:47:00"
"Skywave_Airlines_Agent","b44bf475-0a54-426f-ac45-316a0fe6aaba","Skywave_Airlines_Agent","SKYWAVE_PHASE_4_5","-2.0","16:09:51","9fd4eeee-9967-4f71-a2a5-c675bff588c8","What is my tier status?","You are Gold tier with 14,200 qualifying points this year.","-2.0","16:09:00"
"Skywave_Airlines_Agent","bf94994b-253c-4be2-a213-aeb15cc2b39d","Skywave_Airlines_Agent","SKYWAVE_PHASE_4_5","-4.0","13:27:07","38009f71-4f9e-46fa-a203-e3df55ed1132","Please correct my last name on booking ABC123","I have updated the passenger name on booking ABC123. A confirmation has been sent.","-4.0","13:26:00"
"Skywave_Airlines_Agent","71449a30-ca9c-4d5c-a845-37062c6c8f43","Skywave_Airlines_Agent","SKYWAVE_PHASE_4_5","-9.0","12:00:04","11232f46-5b22-4f66-a403-9d1a7eaef074","Show me my upcoming bookings","You have one upcoming booking — LH 1927 BER-MUC-SFO, confirmed.","-9.0","11:56:00"
"Skywave_Airlines_Agent","6cc73e8d-dd8d-4db8-aa9b-4d0a2158f640","Skywave_Airlines_Agent","SKYWAVE_PHASE_4_5","-10.0","16:11:17","0e25c7de-d6cb-4347-aebc-4dda5e326f10","Cancel my booking ABC123","I have cancelled booking ABC123. A refund of $480 will be issued.","-10.0","16:10:00"
"Skywave_Airlines_Agent","a9e81d55-850c-410c-a42b-b9ed6833edf5","Skywave_Airlines_Agent","SKYWAVE_PHASE_4_5","-6.0","09:17:30","d99e25f5-7a45-4171-a0fc-ffc96590a15e","Can I move from 23B to an aisle seat?","I could not update your seat assignment. Please contact a service agent.","-6.0","09:17:00"
"Skywave_Airlines_Agent","28bc583b-4ae6-404e-ada7-5b064ae900ea","Skywave_Airlines_Agent","SKYWAVE_PHASE_4_5","-5.0","09:07:22","ac8d5701-5a94-4a89-a4b5-cef4e2fe099a","I want to change my seat to a window seat","Sorry, I am unable to change your seat right now. Please try again later.","-5.0","09:07:00"
"Skywave_Airlines_Agent","28bc583b-4ae6-404e-ada7-5b064ae900ea","Skywave_Airlines_Agent","SKYWAVE_PHASE_4_5","-5.0","09:11:21","ceb0dcc8-ac34-4d83-a335-3c7146ffb50d","What is my tier status?","You are Gold tier with 14,200 qualifying points this year.","-5.0","09:10:53"
"Skywave_Airlines_Agent","c2489a7a-d5fd-4061-a433-0ddef5d41cfc","Skywave_Airlines_Agent","SKYWAVE_PHASE_4_5","-9.0","14:16:06","bb09febb-aca8-4f61-ac0d-9b69e4412cd9","I lost my luggage in Munich last week, can you help?","I have created case 00012345 for your lost luggage. We will contact you within 24 hours.","-9.0","14:15:00"
"Skywave_Airlines_Agent","c2489a7a-d5fd-4061-a433-0ddef5d41cfc","Skywave_Airlines_Agent","SKYWAVE_PHASE_4_5","-9.0","14:20:46","2ee6c081-b628-4cd0-af4b-3626b5c27292","Please correct my last name on booking ABC123","I have updated the passenger name on booking ABC123. A confirmation has been sent.","-9.0","14:16:46"
"Skywave_Airlines_Agent","c2489a7a-d5fd-4061-a433-0ddef5d41cfc","Skywave_Airlines_Agent","SKYWAVE_PHASE_4_5","-9.0","14:26:42","34cfb06a-f723-4d52-a647-658a3ace64e8","Find flights from JFK to HND tomorrow","I found 4 flights for that route. The cheapest is SW1200 at 1pm for $1,280.","-9.0","14:22:20"
"Skywave_Airlines_Agent","c8d71c86-221f-4da5-ae06-222cf67c5014","Skywave_Airlines_Agent","SKYWAVE_PHASE_4_5","-1.0","11:26:32","515f8771-0fa4-4374-ac74-3395873ab2c8","Can I move from 23B to an aisle seat?","I could not update your seat assignment. Please contact a service agent.","-1.0","11:26:00"
"Skywave_Airlines_Agent","2ee5e9d9-3dfb-4007-a02a-cf9262157223","Skywave_Airlines_Agent","SKYWAVE_PHASE_4_5","-9.0","09:01:04","f40c2ba8-a9fc-40de-a695-03e3faa7d966","Find flights from JFK to HND tomorrow","I found 4 flights for that route. The cheapest is SW1200 at 1pm for $1,280.","-9.0","09:00:00"
"Skywave_Airlines_Agent","59c48ab6-4711-420a-a5c3-4d205cea2e52","Skywave_Airlines_Agent","SKYWAVE_PHASE_4_5","-13.0","17:34:31","fd7dbf10-44d3-416a-af2b-6955cebf99a6","What is my tier status?","You are Gold tier with 14,200 qualifying points this year.","-13.0","17:30:00"
"Skywave_Airlines_Agent","59c48ab6-4711-420a-a5c3-4d205cea2e52","Skywave_Airlines_Agent","SKYWAVE_PHASE_4_5","-13.0","17:37:37","cfeb54ff-c824-40fd-a74d-7825724a7db5","Please correct my last name on booking ABC123","I have updated the passenger name on booking ABC123. A confirmation has been sent.","-13.0","17:34:50"
"Skywave_Airlines_Agent","4f765e31-d7fd-47c6-aedd-5fc36a35e61e","Skywave_Airlines_Agent","SKYWAVE_PHASE_4_5","-10.0","08:40:26","b12a0fca-f4fa-4556-a407-7d6f59d6c4d0","I want to change my seat to a window seat","Sorry, I am unable to change your seat right now. Please try again later.","-10.0","08:38:00"
"Skywave_Airlines_Agent","7df4a9c6-e973-4dcc-a4bd-a4a083f29b94","Skywave_Airlines_Agent","SKYWAVE_PHASE_4_5","-1.0","18:29:01","cbfe432d-aada-4e5f-a830-2230eb58b6ea","Can I move from 23B to an aisle seat?","I could not update your seat assignment. Please contact a service agent.","-1.0","18:28:00"
"Skywave_Airlines_Agent","7df4a9c6-e973-4dcc-a4bd-a4a083f29b94","Skywave_Airlines_Agent","SKYWAVE_PHASE_4_5","-1.0","18:30:13","f1a85527-ce64-426b-af74-82a1475ae7b1","My in-flight wifi did not work, I want a refund","I have logged your complaint as case 00012346. A refund will be processed.","-1.0","18:29:17"
"Skywave_Airlines_Agent","9dbddd8b-753e-4324-add9-6b289357b69d","Skywave_Airlines_Agent","SKYWAVE_PHASE_4_5","-11.0","13:52:35","d9510b2a-2fb9-4815-aeaf-11876f976e19","Cancel my booking ABC123","I have cancelled booking ABC123. A refund of $480 will be issued.","-11.0","13:48:00"
"Skywave_Airlines_Agent","9dbddd8b-753e-4324-add9-6b289357b69d","Skywave_Airlines_Agent","SKYWAVE_PHASE_4_5","-11.0","13:55:33","35dfce37-0fb3-4e70-a7d6-101cf3d5cfea","What is my tier status?","You are Gold tier with 14,200 qualifying points this year.","-11.0","13:53:31"
"Skywave_Airlines_Agent","2166c201-af1d-49ee-aec3-679a308b0957","Skywave_Airlines_Agent","SKYWAVE_PHASE_4_5","-7.0","13:04:22","185592f6-dbf0-487b-a09c-674553c51d46","Find flights from JFK to HND tomorrow","I found 4 flights for that route. The cheapest is SW1200 at 1pm for $1,280.","-7.0","13:04:00"
"Skywave_Airlines_Agent","d1885aa7-ade7-4e9b-a7c9-8d0498dfb8b9","Skywave_Airlines_Agent","SKYWAVE_PHASE_4_5","-14.0","12:00:02","5abfba19-39cc-457e-a44e-8fc5b38c01cf","How many miles do I have?","You currently have 18,450 SkyWave miles. You are at Premier tier.","-14.0","11:59:00"
"Skywave_Airlines_Agent","d1885aa7-ade7-4e9b-a7c9-8d0498dfb8b9","Skywave_Airlines_Agent","SKYWAVE_PHASE_4_5","-14.0","12:07:15","b53018b9-a2be-44a5-a4a8-3ebd2f0f6f03","Can I move from 23B to an aisle seat?","I could not update your seat assignment. Please contact a service agent.","-14.0","12:03:45"
"Skywave_Airlines_Agent","d1885aa7-ade7-4e9b-a7c9-8d0498dfb8b9","Skywave_Airlines_Agent","SKYWAVE_PHASE_4_5","-14.0","12:08:18","3b4ee921-e409-4912-a722-b57eb7ea5339","Find flights from JFK to HND tomorrow","I found 4 flights for that route. The cheapest is SW1200 at 1pm for $1,280.","-14.0","12:07:54"
"Skywave_Airlines_Agent","236d8be4-4a32-40e9-a63c-32872f7c039d","Skywave_Airlines_Agent","SKYWAVE_PHASE_4_5","-11.0","08:51:07","78807803-b071-4fe3-abcd-0bcf6f29032f","How many miles do I have?","You currently have 18,450 SkyWave miles. You are at Premier tier.","-11.0","08:48:00"
"Skywave_Airlines_Agent","236d8be4-4a32-40e9-a63c-32872f7c039d","Skywave_Airlines_Agent","SKYWAVE_PHASE_4_5","-11.0","08:52:13","affef58f-88bc-4cc4-af8e-0fafc4d522d2","Tell me a joke","I am a Skywave booking assistant. How can I help with your travel?","-11.0","08:51:44"
"Skywave_Airlines_Agent","4735a937-8a14-4ac2-ac10-023a1661bfcd","Skywave_Airlines_Agent","SKYWAVE_PHASE_4_5","-14.0","13:10:03","b081e551-73b9-4d0a-a22e-687086067254","Please correct my last name on booking ABC123","I have updated the passenger name on booking ABC123. A confirmation has been sent.","-14.0","13:09:00"
"Skywave_Airlines_Agent","b2ebe055-4bfd-49bd-ae95-1b035c60b704","Skywave_Airlines_Agent","SKYWAVE_PHASE_4_5","-2.0","13:11:27","16379109-48b1-4d6a-a76d-4e395c68d72f","My in-flight wifi did not work, I want a refund","I have logged your complaint as case 00012346. A refund will be processed.","-2.0","13:11:00"
"Skywave_Airlines_Agent","b2ebe055-4bfd-49bd-ae95-1b035c60b704","Skywave_Airlines_Agent","SKYWAVE_PHASE_4_5","-2.0","13:13:11","82c1e293-6392-44f5-a3f6-0f15e423e23d","Show me my upcoming bookings","You have one upcoming booking — LH 1927 BER-MUC-SFO, confirmed.","-2.0","13:12:22"
"Skywave_Airlines_Agent","33124c95-93d5-4d74-a21c-14a341b07feb","Skywave_Airlines_Agent","SKYWAVE_PHASE_4_5","-4.0","08:58:32","03a91dce-ee74-4ba3-a23f-8e1f393f46eb","I want to change my seat to a window seat","Sorry, I am unable to change your seat right now. Please try again later.","-4.0","08:58:00"
"Skywave_Airlines_Agent","33124c95-93d5-4d74-a21c-14a341b07feb","Skywave_Airlines_Agent","SKYWAVE_PHASE_4_5","-4.0","09:00:10","d5b0b2e5-d8b2-42c1-aab2-c7739cdc89c5","What is my tier status?","You are Gold tier with 14,200 qualifying points this year.","-4.0","08:58:55"
"Skywave_Airlines_Agent","c083c4ec-50a4-444d-aed0-ab375cb8739d","Skywave_Airlines_Agent","SKYWAVE_PHASE_4_5","-14.0","15:32:20","c05af206-1333-4ebf-a23c-1bb265b48be6","I want to select seat 1A for my flight","I was unable to retrieve the seat map automatically and could not assign the seat.","-14.0","15:31:00"
"Skywave_Airlines_Agent","68600216-0e91-4aa4-ae01-4250e6e4d281","Skywave_Airlines_Agent","SKYWAVE_PHASE_4_5","-14.0","16:28:43","7accbd21-c382-43a1-a0ee-444117f528de","Whats the weather like in Tokyo?","I can only help with flight bookings and Skywave loyalty questions.","-14.0","16:25:00"
"Skywave_Airlines_Agent","1f227407-1c41-46e6-afb0-cfdf79b4b263","Skywave_Airlines_Agent","SKYWAVE_PHASE_4_5","-13.0","15:43:46","3232d971-b786-4811-ac95-4de2a17cabe8","I lost my luggage in Munich last week, can you help?","I have created case 00012345 for your lost luggage. We will contact you within 24 hours.","-13.0","15:43:00"
"Skywave_Airlines_Agent","1f227407-1c41-46e6-afb0-cfdf79b4b263","Skywave_Airlines_Agent","SKYWAVE_PHASE_4_5","-13.0","15:46:28","d179c126-3837-40bf-a9a6-0724c46710fd","Find flights from JFK to HND tomorrow","I found 4 flights for that route. The cheapest is SW1200 at 1pm for $1,280.","-13.0","15:44:48"
"Skywave_Airlines_Agent","baff2bb4-ea2a-4edc-a1a7-871bdfd826f1","Skywave_Airlines_Agent","SKYWAVE_PHASE_4_5","-10.0","17:48:46","7ec5782e-2839-4dad-a4f4-999916f2feab","Please correct my last name on booking ABC123","I have updated the passenger name on booking ABC123. A confirmation has been sent.","-10.0","17:48:00"
"Skywave_Airlines_Agent","baff2bb4-ea2a-4edc-a1a7-871bdfd826f1","Skywave_Airlines_Agent","SKYWAVE_PHASE_4_5","-10.0","17:50:50","57d1e184-5868-4924-a85f-ca1ac14053fe","Show me my upcoming bookings","You have one upcoming booking — LH 1927 BER-MUC-SFO, confirmed.","-10.0","17:49:31"
"Skywave_Airlines_Agent","826fb0a7-7fb9-433e-a7c4-4d6366f3fca2","Skywave_Airlines_Agent","SKYWAVE_PHASE_4_5","-9.0","13:07:35","6b798a3b-0a2e-42d6-a5a2-5012591905fd","My first name is misspelled on my ticket","I have corrected the spelling on your ticket. Please review the updated itinerary.","-9.0","13:07:00"
"Skywave_Airlines_Agent","826fb0a7-7fb9-433e-a7c4-4d6366f3fca2","Skywave_Airlines_Agent","SKYWAVE_PHASE_4_5","-9.0","13:08:46","e3ed349a-67f6-4953-aa99-3232cb806a4e","My in-flight wifi did not work, I want a refund","I have logged your complaint as case 00012346. A refund will be processed.","-9.0","13:08:10"
"Skywave_Airlines_Agent","04ef7554-3beb-465a-a3d1-54c03e52b276","Skywave_Airlines_Agent","SKYWAVE_PHASE_4_5","-13.0","16:00:15","25ab7df6-8f1a-4eb6-afb3-651b2cbf6863","Please correct my last name on booking ABC123","I have updated the passenger name on booking ABC123. A confirmation has been sent.","-13.0","15:58:00"
"Skywave_Airlines_Agent","04ef7554-3beb-465a-a3d1-54c03e52b276","Skywave_Airlines_Agent","SKYWAVE_PHASE_4_5","-13.0","16:01:53","de8d1fad-44b0-40d1-a18b-779723d521ac","Show me my upcoming bookings","You have one upcoming booking — LH 1927 BER-MUC-SFO, confirmed.","-13.0","16:01:15"
"Skywave_Airlines_Agent","04e75a37-35b9-4b41-a488-4222d9e90532","Skywave_Airlines_Agent","SKYWAVE_PHASE_4_5","-12.0","19:37:18","a16f9e77-1564-41ab-a8dc-3e4458a3e667","I want to change my seat to a window seat","Sorry, I am unable to change your seat right now. Please try again later.","-12.0","19:36:00"
"Skywave_Airlines_Agent","04e75a37-35b9-4b41-a488-4222d9e90532","Skywave_Airlines_Agent","SKYWAVE_PHASE_4_5","-12.0","19:42:36","9a065ad6-7d1f-467a-ac5d-6c2c3f5fdfef","Find flights from JFK to HND tomorrow","I found 4 flights for that route. The cheapest is SW1200 at 1pm for $1,280.","-12.0","19:37:49"
"Skywave_Airlines_Agent","04e75a37-35b9-4b41-a488-4222d9e90532","Skywave_Airlines_Agent","SKYWAVE_PHASE_4_5","-12.0","19:44:51","35d356c7-bb97-4e65-a4ac-674117d1d7ac","What is my tier status?","You are Gold tier with 14,200 qualifying points this year.","-12.0","19:43:32"
"Skywave_Airlines_Agent","5f6b6a09-74bb-4dba-ac11-50d87eb337ff","Skywave_Airlines_Agent","SKYWAVE_PHASE_4_5","-14.0","10:00:39","28405cc1-5d71-4dff-ad5e-d093d93cd802","How many miles do I have?","You currently have 18,450 SkyWave miles. You are at Premier tier.","-14.0","10:00:00"
"Skywave_Airlines_Agent","36de854e-f289-4626-a93c-dd9680a90a27","Skywave_Airlines_Agent","SKYWAVE_PHASE_4_5","-7.0","12:42:53","ff9bbe0e-5e3c-4971-a492-96bb5569ea55","I lost my luggage in Munich last week, can you help?","I have created case 00012345 for your lost luggage. We will contact you within 24 hours.","-7.0","12:42:00"
"Skywave_Airlines_Agent","36de854e-f289-4626-a93c-dd9680a90a27","Skywave_Airlines_Agent","SKYWAVE_PHASE_4_5","-7.0","12:44:04","dd3fde5d-d09e-40fc-acf8-ec44593ed7c6","I want to change my seat to a window seat","Sorry, I am unable to change your seat right now. Please try again later.","-7.0","12:43:25"
"Skywave_Airlines_Agent","36de854e-f289-4626-a93c-dd9680a90a27","Skywave_Airlines_Agent","SKYWAVE_PHASE_4_5","-7.0","12:49:41","d186803f-fe8c-4291-a7a9-7b677f9cc0ba","My first name is misspelled on my ticket","I have corrected the spelling on your ticket. Please review the updated itinerary.","-7.0","12:48:39"
"Skywave_Airlines_Agent","3180d961-580a-437e-a23e-fe0ce6d8273e","Skywave_Airlines_Agent","SKYWAVE_PHASE_4_5","-9.0","11:18:13","6655510d-4b93-404c-a670-677d56b4f924","I want to select seat 1A for my flight","I was unable to retrieve the seat map automatically and could not assign the seat.","-9.0","11:17:00"
"Skywave_Airlines_Agent","d51d09b4-674e-412a-ac8a-3bde65e5d8c6","Skywave_Airlines_Agent","SKYWAVE_PHASE_4_5","-11.0","11:07:40","07500dd5-f611-4744-a1bd-13e02097eb5e","Whats the weather like in Tokyo?","I can only help with flight bookings and Skywave loyalty questions.","-11.0","11:07:00"
"Skywave_Airlines_Agent","e06e17d1-8b09-4bf0-a00f-f7bb594ee616","Skywave_Airlines_Agent","SKYWAVE_PHASE_4_5","-7.0","08:59:39","e99ea0b6-562c-4861-ad61-94663c11a64b","Find flights from JFK to HND tomorrow","I found 4 flights for that route. The cheapest is SW1200 at 1pm for $1,280.","-7.0","08:59:00"
"Skywave_Airlines_Agent","e06e17d1-8b09-4bf0-a00f-f7bb594ee616","Skywave_Airlines_Agent","SKYWAVE_PHASE_4_5","-7.0","09:02:09","2795ecfc-3a92-4742-afb9-d1521fad696f","Show me my upcoming bookings","You have one upcoming booking — LH 1927 BER-MUC-SFO, confirmed.","-7.0","08:59:54"
"Skywave_Airlines_Agent","25253a0d-5811-4dc4-ad87-1d0c5c182273","Skywave_Airlines_Agent","SKYWAVE_PHASE_4_5","-13.0","13:28:06","cc0afb81-6db8-43c3-a5e6-baa275f539e3","Find flights from JFK to HND tomorrow","I found 4 flights for that route. The cheapest is SW1200 at 1pm for $1,280.","-13.0","13:25:00"
"Skywave_Airlines_Agent","940cd7f6-aca9-4c2d-a602-34adb4bda2dd","Skywave_Airlines_Agent","SKYWAVE_PHASE_4_5","-2.0","11:55:49","bb47e328-1ee7-4ac4-a082-dabc8fec2b6e","Find flights from JFK to HND tomorrow","I found 4 flights for that route. The cheapest is SW1200 at 1pm for $1,280.","-2.0","11:55:00"
"Skywave_Airlines_Agent","1e1110ef-e0bc-409e-aed8-44bfdb77d1b4","Skywave_Airlines_Agent","SKYWAVE_PHASE_4_5","-14.0","18:24:09","b0a67632-8bce-4297-ab9c-2556e3c5d00c","I want to change my seat to a window seat","Sorry, I am unable to change your seat right now. Please try again later.","-14.0","18:23:00"
"Skywave_Airlines_Agent","1e1110ef-e0bc-409e-aed8-44bfdb77d1b4","Skywave_Airlines_Agent","SKYWAVE_PHASE_4_5","-14.0","18:29:34","97a0e870-5e65-414b-a205-7e9ca50a7482","What is my tier status?","You are Gold tier with 14,200 qualifying points this year.","-14.0","18:24:58"
"Skywave_Airlines_Agent","0668243e-1720-4f0a-af2d-8dd435e67119","Skywave_Airlines_Agent","SKYWAVE_PHASE_4_5","-11.0","19:31:41","98a78eaa-029d-4349-a9f4-e5403ddf2877","Find flights from JFK to HND tomorrow","I found 4 flights for that route. The cheapest is SW1200 at 1pm for $1,280.","-11.0","19:28:00"
"Skywave_Airlines_Agent","205356e8-9bb1-4e43-aa17-36b12613b6e7","Skywave_Airlines_Agent","SKYWAVE_PHASE_4_5","-13.0","17:54:38","19009620-dc07-4748-ae8a-4b470885cdc3","Find flights from JFK to HND tomorrow","I found 4 flights for that route. The cheapest is SW1200 at 1pm for $1,280.","-13.0","17:54:00"
"Skywave_Airlines_Agent","2f4e8a78-19e3-4166-a275-ef5151735d99","Skywave_Airlines_Agent","SKYWAVE_PHASE_4_5","-6.0","08:17:29","3f057201-4947-40a5-a3f5-b187fb18803e","My in-flight wifi did not work, I want a refund","I have logged your complaint as case 00012346. A refund will be processed.","-6.0","08:17:00"
"Skywave_Airlines_Agent","2f4e8a78-19e3-4166-a275-ef5151735d99","Skywave_Airlines_Agent","SKYWAVE_PHASE_4_5","-6.0","08:22:00","90278cd9-9e3f-4e41-a83f-ca74595a5478","I want to select seat 1A for my flight","I was unable to retrieve the seat map automatically and could not assign the seat.","-6.0","08:18:31"
"Skywave_Airlines_Agent","2f4e8a78-19e3-4166-a275-ef5151735d99","Skywave_Airlines_Agent","SKYWAVE_PHASE_4_5","-6.0","08:25:19","f7437117-e46e-4831-acda-27434f787c13","Show me my upcoming bookings","You have one upcoming booking — LH 1927 BER-MUC-SFO, confirmed.","-6.0","08:22:51"
"Skywave_Airlines_Agent","7ba42436-6c5b-4337-ac3b-08f6b8545eb8","Skywave_Airlines_Agent","SKYWAVE_PHASE_4_5","-1.0","14:24:36","a5e2f82d-31c0-44f3-a4e4-42a05c6ba1cc","I want to change my seat to a window seat","Sorry, I am unable to change your seat right now. Please try again later.","-1.0","14:24:00"
"Skywave_Airlines_Agent","7ba42436-6c5b-4337-ac3b-08f6b8545eb8","Skywave_Airlines_Agent","SKYWAVE_PHASE_4_5","-1.0","14:26:32","55beb394-c8bf-42eb-a790-d2594edb4dd9","My in-flight wifi did not work, I want a refund","I have logged your complaint as case 00012346. A refund will be processed.","-1.0","14:25:49"
"Skywave_Airlines_Agent","7ba42436-6c5b-4337-ac3b-08f6b8545eb8","Skywave_Airlines_Agent","SKYWAVE_PHASE_4_5","-1.0","14:28:12","28a76968-3ccc-4cf0-ab97-e7a2364e2b35","I want to change my seat to a window seat","Sorry, I am unable to change your seat right now. Please try again later.","-1.0","14:27:23"
"Skywave_Airlines_Agent","8d9bf8e3-ec8f-4869-a477-ef2bf3c98344","Skywave_Airlines_Agent","SKYWAVE_PHASE_4_5","-4.0","13:33:46","d180906f-694e-40f2-a264-da3171c503cd","I want to change my seat to a window seat","Sorry, I am unable to change your seat right now. Please try again later.","-4.0","13:33:00"
"Skywave_Airlines_Agent","5eca7121-c765-4ce7-ae72-8258d2b126ae","Skywave_Airlines_Agent","SKYWAVE_PHASE_4_5","-7.0","14:49:13","9381e373-6fab-4dd3-a507-cdbb342c5c71","I want to select seat 1A for my flight","I was unable to retrieve the seat map automatically and could not assign the seat.","-7.0","14:47:00"
"Skywave_Airlines_Agent","86610453-cdbb-4e9b-a7e6-4632419890ba","Skywave_Airlines_Agent","SKYWAVE_PHASE_4_5","-6.0","14:30:12","8623be81-be69-4d7d-a8f8-8bbd1779d400","I want to change my seat to a window seat","Sorry, I am unable to change your seat right now. Please try again later.","-6.0","14:29:00"
"Skywave_Airlines_Agent","0c5938a2-b91b-4fa6-a135-26a3780d53fd","Skywave_Airlines_Agent","SKYWAVE_PHASE_4_5","-1.0","09:40:19","974535b9-f826-42a7-a591-1002f266de0e","I want to change my seat to a window seat","Sorry, I am unable to change your seat right now. Please try again later.","-1.0","09:40:00"
"Skywave_Airlines_Agent","c07d5c82-4c2e-4ae2-a9c9-f055506a7bd4","Skywave_Airlines_Agent","SKYWAVE_PHASE_4_5","-8.0","10:08:41","99f95f28-12f8-487b-a4d9-0367bc3aa091","Can I move from 23B to an aisle seat?","I could not update your seat assignment. Please contact a service agent.","-8.0","10:08:00"
"Skywave_Airlines_Agent","c07d5c82-4c2e-4ae2-a9c9-f055506a7bd4","Skywave_Airlines_Agent","SKYWAVE_PHASE_4_5","-8.0","10:10:26","8861fe59-bda4-448f-abdb-da82a3286c3a","I lost my luggage in Munich last week, can you help?","I have created case 00012345 for your lost luggage. We will contact you within 24 hours.","-8.0","10:09:08"
"Skywave_Airlines_Agent","2bb451e3-4e2e-4bf3-a943-b645a8edaa7a","Skywave_Airlines_Agent","SKYWAVE_PHASE_4_5","-9.0","19:42:57","dc5d080d-d2f7-414f-a822-8476b5b6792e","Can I move from 23B to an aisle seat?","I could not update your seat assignment. Please contact a service agent.","-9.0","19:41:00"
"Skywave_Airlines_Agent","2bdb0338-2a64-4ff4-ac89-012fc6b2d179","Skywave_Airlines_Agent","SKYWAVE_PHASE_4_5","-4.0","10:19:58","4cae9ccd-922f-4d06-a323-bc286cfff3b8","Find flights from JFK to HND tomorrow","I found 4 flights for that route. The cheapest is SW1200 at 1pm for $1,280.","-4.0","10:19:00"
"Skywave_Airlines_Agent","2bdb0338-2a64-4ff4-ac89-012fc6b2d179","Skywave_Airlines_Agent","SKYWAVE_PHASE_4_5","-4.0","10:20:54","26f04184-2de3-4be2-a47b-3f5123bcc16d","My in-flight wifi did not work, I want a refund","I have logged your complaint as case 00012346. A refund will be processed.","-4.0","10:20:23"
"Skywave_Airlines_Agent","b59ae471-4a83-4818-ad18-6f8bf14d0f9e","Skywave_Airlines_Agent","SKYWAVE_PHASE_4_5","-13.0","15:09:37","e71f44ca-39f7-4117-af2e-8f0ac545b462","Please correct my last name on booking ABC123","I have updated the passenger name on booking ABC123. A confirmation has been sent.","-13.0","15:09:00"
"Skywave_Airlines_Agent","06b5e753-e315-455f-a9ba-5cb2fb99f4ac","Skywave_Airlines_Agent","SKYWAVE_PHASE_4_5","-14.0","19:26:48","fdeccf7c-7699-4167-a5a3-7198801f002f","What is my tier status?","You are Gold tier with 14,200 qualifying points this year.","-14.0","19:26:00"
"Skywave_Airlines_Agent","c811202a-d535-4056-a437-b5f47dca624b","Skywave_Airlines_Agent","SKYWAVE_PHASE_4_5","-10.0","13:25:08","662402fb-9109-437d-a68b-461b9fed5344","Whats the weather like in Tokyo?","I can only help with flight bookings and Skywave loyalty questions.","-10.0","13:24:00"
"Skywave_Airlines_Agent","c811202a-d535-4056-a437-b5f47dca624b","Skywave_Airlines_Agent","SKYWAVE_PHASE_4_5","-10.0","13:30:28","e4b9c1db-8fc2-496e-a236-53abff621eef","Show me my upcoming bookings","You have one upcoming booking — LH 1927 BER-MUC-SFO, confirmed.","-10.0","13:29:19"
"Skywave_Airlines_Agent","6f554432-4d35-4eaa-a1b7-67242a484107","Skywave_Airlines_Agent","SKYWAVE_PHASE_4_5","-7.0","08:24:44","7c010607-de1a-48d9-ac0a-7ac836475ea7","How many miles do I have?","You currently have 18,450 SkyWave miles. You are at Premier tier.","-7.0","08:21:00"
"Skywave_Airlines_Agent","702b09d3-b603-47af-ab5d-b6de7804045e","Skywave_Airlines_Agent","SKYWAVE_PHASE_4_5","-3.0","10:08:29","ed7d8b3a-f64e-4885-ac4d-59ed0fab6acf","I want to select seat 1A for my flight","I was unable to retrieve the seat map automatically and could not assign the seat.","-3.0","10:08:00"
"Skywave_Airlines_Agent","8bd72a84-87ce-4c85-a25d-16be5dad0d9a","Skywave_Airlines_Agent","SKYWAVE_PHASE_4_5","-7.0","10:46:10","53dab246-05cc-4191-a9e9-81efec8dbd71","How many miles do I have?","You currently have 18,450 SkyWave miles. You are at Premier tier.","-7.0","10:45:00"
"Skywave_Airlines_Agent","dc0551c7-cdf6-4366-a366-3f7257f45e15","Skywave_Airlines_Agent","SKYWAVE_PHASE_4_5","-1.0","18:47:57","73d64f4d-d422-4b8a-a3b8-81764db0a2d2","Whats the weather like in Tokyo?","I can only help with flight bookings and Skywave loyalty questions.","-1.0","18:47:00"
"Skywave_Airlines_Agent","318c727f-7115-47a4-a73b-b67237c3a650","Skywave_Airlines_Agent","SKYWAVE_PHASE_4_5","-6.0","11:44:09","2cac9653-63ab-4332-ab1b-2ee25f7a696d","Can I move from 23B to an aisle seat?","I could not update your seat assignment. Please contact a service agent.","-6.0","11:43:00"
"Skywave_Airlines_Agent","318c727f-7115-47a4-a73b-b67237c3a650","Skywave_Airlines_Agent","SKYWAVE_PHASE_4_5","-6.0","11:45:37","ddd50656-8e61-411a-a70b-f76d7fef2a19","Show me my upcoming bookings","You have one upcoming booking — LH 1927 BER-MUC-SFO, confirmed.","-6.0","11:44:40"
"Skywave_Airlines_Agent","4ba37bdc-d1c3-47e4-ae6d-47c257170ed3","Skywave_Airlines_Agent","SKYWAVE_PHASE_4_5","-3.0","14:55:48","712f5c8f-b0ca-4dca-afb0-c942a03b0d9f","Show me my upcoming bookings","You have one upcoming booking — LH 1927 BER-MUC-SFO, confirmed.","-3.0","14:55:00"
"Skywave_Airlines_Agent","5d620081-8710-40e8-ae28-1e40c1e12368","Skywave_Airlines_Agent","SKYWAVE_PHASE_4_5","-3.0","13:05:12","a3fe4fb0-f398-437c-aed5-e0b82e6781d4","I want to select seat 1A for my flight","I was unable to retrieve the seat map automatically and could not assign the seat.","-3.0","13:02:00"
"Skywave_Airlines_Agent","667a0b26-cbeb-4ac0-ab15-1de9174b7326","Skywave_Airlines_Agent","SKYWAVE_PHASE_4_5","-14.0","12:06:28","f70f80e3-62b9-44ac-ac87-37b35ba16930","How many miles do I have?","You currently have 18,450 SkyWave miles. You are at Premier tier.","-14.0","12:06:00"
"Skywave_Airlines_Agent","3085502b-a2f9-40cb-a75e-e559481ea150","Skywave_Airlines_Agent","SKYWAVE_PHASE_4_5","-2.0","12:39:24","54e9873d-3d5e-4fa1-a101-238df3a799a7","I want to select seat 1A for my flight","I was unable to retrieve the seat map automatically and could not assign the seat.","-2.0","12:36:00"
"Skywave_Airlines_Agent","3085502b-a2f9-40cb-a75e-e559481ea150","Skywave_Airlines_Agent","SKYWAVE_PHASE_4_5","-2.0","12:41:16","f329fc49-323b-4e1d-a6f7-c18c931d704a","How many miles do I have?","You currently have 18,450 SkyWave miles. You are at Premier tier.","-2.0","12:40:07"
"Skywave_Airlines_Agent","bb3f99b4-5c9d-4d64-ad24-4875d6daf10f","Skywave_Airlines_Agent","SKYWAVE_PHASE_4_5","-11.0","16:50:14","63e56dbd-8702-484b-a23f-15f12f60c645","What is my tier status?","You are Gold tier with 14,200 qualifying points this year.","-11.0","16:49:00"
"Skywave_Airlines_Agent","bb3f99b4-5c9d-4d64-ad24-4875d6daf10f","Skywave_Airlines_Agent","SKYWAVE_PHASE_4_5","-11.0","16:54:11","fe3e4d1d-37ee-4d50-a21f-879712356975","Tell me a joke","I am a Skywave booking assistant. How can I help with your travel?","-11.0","16:53:04"
"Skywave_Airlines_Agent","7dd62e91-ef0f-47cd-a1b0-faca8bf64b40","Skywave_Airlines_Agent","SKYWAVE_PHASE_4_5","-14.0","17:34:52","a161bbd5-d5bf-4c23-aa14-b1b76582ec58","Can I move from 23B to an aisle seat?","I could not update your seat assignment. Please contact a service agent.","-14.0","17:34:00"
"Skywave_Airlines_Agent","ef14238a-6538-4916-a813-1e4bdb8faade","Skywave_Airlines_Agent","SKYWAVE_PHASE_4_5","-11.0","08:20:15","4bdcfde2-caf9-446d-a33b-43058291f7bd","How many miles do I have?","You currently have 18,450 SkyWave miles. You are at Premier tier.","-11.0","08:19:00"
"Skywave_Airlines_Agent","4b4f1d2a-39d0-4b6c-ae55-d3cdbfc938fb","Skywave_Airlines_Agent","SKYWAVE_PHASE_4_5","-10.0","17:06:16","3987d49f-2d91-4979-afbe-4a9405ba11cd","What is my tier status?","You are Gold tier with 14,200 qualifying points this year.","-10.0","17:05:00"
"Skywave_Airlines_Agent","4b4f1d2a-39d0-4b6c-ae55-d3cdbfc938fb","Skywave_Airlines_Agent","SKYWAVE_PHASE_4_5","-10.0","17:11:25","1c9706c8-ddd1-45d2-ade6-9b7b974c908d","Cancel my booking ABC123","I have cancelled booking ABC123. A refund of $480 will be issued.","-10.0","17:06:36"
"Skywave_Airlines_Agent","1fe04cb8-da8f-4f4a-a5cf-8480edb95043","Skywave_Airlines_Agent","SKYWAVE_PHASE_4_5","-14.0","11:06:23","4307bae0-7188-467b-aae6-cccebc949b73","Show me my upcoming bookings","You have one upcoming booking — LH 1927 BER-MUC-SFO, confirmed.","-14.0","11:06:00"
"Skywave_Airlines_Agent","1fe04cb8-da8f-4f4a-a5cf-8480edb95043","Skywave_Airlines_Agent","SKYWAVE_PHASE_4_5","-14.0","11:07:25","52059f4c-e47d-49b5-a89c-c8f6af9c41fe","Find flights from JFK to HND tomorrow","I found 4 flights for that route. The cheapest is SW1200 at 1pm for $1,280.","-14.0","11:06:48"
"Skywave_Airlines_Agent","1fe04cb8-da8f-4f4a-a5cf-8480edb95043","Skywave_Airlines_Agent","SKYWAVE_PHASE_4_5","-14.0","11:15:27","84f35811-159f-4f57-afcc-0708fe1122ce","My first name is misspelled on my ticket","I have corrected the spelling on your ticket. Please review the updated itinerary.","-14.0","11:11:37"
"Skywave_Airlines_Agent","cd514d5c-d8e5-4ec5-a118-7dc2447c5ee8","Skywave_Airlines_Agent","SKYWAVE_PHASE_4_5","-10.0","17:35:14","95ef761f-52c8-4b3f-a0a3-f36d30bf7aac","I want to select seat 1A for my flight","I was unable to retrieve the seat map automatically and could not assign the seat.","-10.0","17:34:00"
"Skywave_Airlines_Agent","cd514d5c-d8e5-4ec5-a118-7dc2447c5ee8","Skywave_Airlines_Agent","SKYWAVE_PHASE_4_5","-10.0","17:36:59","1c091f28-ea35-4a6d-a94e-7b48b17b83f8","My first name is misspelled on my ticket","I have corrected the spelling on your ticket. Please review the updated itinerary.","-10.0","17:36:08"
"Skywave_Airlines_Agent","f345e83a-048a-4411-a007-77356ba72236","Skywave_Airlines_Agent","SKYWAVE_PHASE_4_5","-3.0","13:19:21","2f87e0ff-ebd1-443b-a148-5afca984addc","I want to change my seat to a window seat","Sorry, I am unable to change your seat right now. Please try again later.","-3.0","13:19:00"
"Skywave_Airlines_Agent","559897fd-01b6-441d-a705-16a7c560b39a","Skywave_Airlines_Agent","SKYWAVE_PHASE_4_5","-9.0","17:12:35","6cdda4ad-dec2-4368-a859-7176cbde6420","Cancel my booking ABC123","I have cancelled booking ABC123. A refund of $480 will be issued.","-9.0","17:12:00"
"Skywave_Airlines_Agent","7db9fa46-b920-4ab2-a920-bf518dc784e1","Skywave_Airlines_Agent","SKYWAVE_PHASE_4_5","-2.0","17:42:10","49b575c1-4de2-431c-abf9-55c666d2ed27","Cancel my booking ABC123","I have cancelled booking ABC123. A refund of $480 will be issued.","-2.0","17:39:00"
"Skywave_Airlines_Agent","7db9fa46-b920-4ab2-a920-bf518dc784e1","Skywave_Airlines_Agent","SKYWAVE_PHASE_4_5","-2.0","17:44:49","a8f521ac-c84e-4a3d-a4e8-3d4f0002c10e","Show me my upcoming bookings","You have one upcoming booking — LH 1927 BER-MUC-SFO, confirmed.","-2.0","17:44:19"
"Skywave_Airlines_Agent","a708ae64-57d0-4f12-a47f-d49502d1bad9","Skywave_Airlines_Agent","SKYWAVE_PHASE_4_5","-13.0","17:18:41","1b8591af-9c1d-483e-aadf-a4cc5ae28f6e","How many miles do I have?","You currently have 18,450 SkyWave miles. You are at Premier tier.","-13.0","17:16:00"
"Skywave_Airlines_Agent","a708ae64-57d0-4f12-a47f-d49502d1bad9","Skywave_Airlines_Agent","SKYWAVE_PHASE_4_5","-13.0","17:22:53","0abc278d-9c07-4d86-a449-a5140164e3a6","I want to change my seat to a window seat","Sorry, I am unable to change your seat right now. Please try again later.","-13.0","17:19:37"
"Skywave_Airlines_Agent","be83fe76-bb53-4b29-acf9-358c75aecf3d","Skywave_Airlines_Agent","SKYWAVE_PHASE_4_5","-2.0","08:50:38","ebe733d3-b279-49f8-a70d-7b0857fc50a5","What is my tier status?","You are Gold tier with 14,200 qualifying points this year.","-2.0","08:50:00"
"Skywave_Airlines_Agent","be83fe76-bb53-4b29-acf9-358c75aecf3d","Skywave_Airlines_Agent","SKYWAVE_PHASE_4_5","-2.0","08:53:08","8686276b-b330-467d-a19f-d8d2c81d0383","My first name is misspelled on my ticket","I have corrected the spelling on your ticket. Please review the updated itinerary.","-2.0","08:52:40"
"Skywave_Airlines_Agent","4cb64231-83f0-4c9d-a558-df043f70845f","Skywave_Airlines_Agent","SKYWAVE_PHASE_4_5","-3.0","13:12:38","bdbce5e1-3c13-44cf-a69e-5c7d2116d2fb","What is my tier status?","You are Gold tier with 14,200 qualifying points this year.","-3.0","13:10:00"
"Skywave_Airlines_Agent","4cb64231-83f0-4c9d-a558-df043f70845f","Skywave_Airlines_Agent","SKYWAVE_PHASE_4_5","-3.0","13:20:08","f907beed-49c1-40d1-afb3-0e65835e1de5","Can I move from 23B to an aisle seat?","I could not update your seat assignment. Please contact a service agent.","-3.0","13:16:26"
"Skywave_Airlines_Agent","a441d0c5-8529-4582-ac42-e055f32a4c9e","Skywave_Airlines_Agent","SKYWAVE_PHASE_4_5","-7.0","15:38:47","48c4d148-670f-40aa-a8d7-7472516f889c","I want to select seat 1A for my flight","I was unable to retrieve the seat map automatically and could not assign the seat.","-7.0","15:38:00"
"Skywave_Airlines_Agent","a441d0c5-8529-4582-ac42-e055f32a4c9e","Skywave_Airlines_Agent","SKYWAVE_PHASE_4_5","-7.0","15:40:26","86f778e6-5a3e-44c2-a18a-61e50d8bd87e","I want to select seat 1A for my flight","I was unable to retrieve the seat map automatically and could not assign the seat.","-7.0","15:39:52"
"Skywave_Airlines_Agent","505a5c30-650b-4574-aa8e-a525b858ac20","Skywave_Airlines_Agent","SKYWAVE_PHASE_4_5","-9.0","19:32:30","71d4675a-feb9-4061-ad3b-7d23cb28090f","My in-flight wifi did not work, I want a refund","I have logged your complaint as case 00012346. A refund will be processed.","-9.0","19:32:00"
"Skywave_Airlines_Agent","fc862e68-e5e6-46ac-a242-e0cc7cd519d0","Skywave_Airlines_Agent","SKYWAVE_PHASE_4_5","-12.0","08:45:26","e9e7c7d9-b48c-46cb-a570-499eef58e4f8","I want to change my seat to a window seat","Sorry, I am unable to change your seat right now. Please try again later.","-12.0","08:41:00"
"Skywave_Airlines_Agent","37f82e71-1e9d-4f52-ae60-ca323c492a11","Skywave_Airlines_Agent","SKYWAVE_PHASE_4_5","-12.0","13:30:52","9e80db76-be46-4439-a9ba-caba38e41860","Show me my upcoming bookings","You have one upcoming booking — LH 1927 BER-MUC-SFO, confirmed.","-12.0","13:30:00"
"Skywave_Airlines_Agent","1ba91e36-b6e0-4b8e-a148-8cbc3caf3cb6","Skywave_Airlines_Agent","SKYWAVE_PHASE_4_5","-9.0","11:56:46","4689ae4f-feb2-4ca7-a1d6-9e0d8cc6ce98","Show me my upcoming bookings","You have one upcoming booking — LH 1927 BER-MUC-SFO, confirmed.","-9.0","11:56:00"
"Skywave_Airlines_Agent","0ad3ab4d-6a9c-443c-a911-4a564155e427","Skywave_Airlines_Agent","SKYWAVE_PHASE_4_5","-8.0","14:05:14","dd62faa2-c2e7-4308-ae7e-73bfa7b0f2de","What is my tier status?","You are Gold tier with 14,200 qualifying points this year.","-8.0","14:04:00"
"Skywave_Airlines_Agent","2ee8d6f8-e697-4ba4-a9eb-6867b7aca355","Skywave_Airlines_Agent","SKYWAVE_PHASE_4_5","-9.0","08:37:28","16e08942-88e4-4c48-adc1-a8ec29490eee","I want to change my seat to a window seat","Sorry, I am unable to change your seat right now. Please try again later.","-9.0","08:37:00"
"Skywave_Airlines_Agent","52ef76cf-9b64-4e83-ac3c-34973609e041","Skywave_Airlines_Agent","SKYWAVE_PHASE_4_5","-7.0","11:53:56","6c62d6fa-263c-4f86-acca-f42b0c11741e","I lost my luggage in Munich last week, can you help?","I have created case 00012345 for your lost luggage. We will contact you within 24 hours.","-7.0","11:52:00"
"Skywave_Airlines_Agent","52ef76cf-9b64-4e83-ac3c-34973609e041","Skywave_Airlines_Agent","SKYWAVE_PHASE_4_5","-7.0","11:58:32","e0e70688-c7af-41db-a955-9579691b4f83","I want to select seat 1A for my flight","I was unable to retrieve the seat map automatically and could not assign the seat.","-7.0","11:57:43"
"Skywave_Airlines_Agent","80d46ac0-aaa6-48eb-aec6-6c387069ea41","Skywave_Airlines_Agent","SKYWAVE_PHASE_4_5","-11.0","18:11:24","388acb84-5760-4a1c-a155-d4b60473c4ce","How many miles do I have?","You currently have 18,450 SkyWave miles. You are at Premier tier.","-11.0","18:11:00"
"Skywave_Airlines_Agent","80d46ac0-aaa6-48eb-aec6-6c387069ea41","Skywave_Airlines_Agent","SKYWAVE_PHASE_4_5","-11.0","18:13:06","e48f3c54-8f5b-4f22-a1a9-1256f1a14407","Cancel my booking ABC123","I have cancelled booking ABC123. A refund of $480 will be issued.","-11.0","18:12:09"
"Skywave_Airlines_Agent","80d46ac0-aaa6-48eb-aec6-6c387069ea41","Skywave_Airlines_Agent","SKYWAVE_PHASE_4_5","-11.0","18:14:15","1e93f33e-9d3d-4953-aec8-a390aeb5ddd5","Show me my upcoming bookings","You have one upcoming booking — LH 1927 BER-MUC-SFO, confirmed.","-11.0","18:13:21"
"Skywave_Airlines_Agent","5c0c02d3-d69a-419b-affe-d36f75d70d66","Skywave_Airlines_Agent","SKYWAVE_PHASE_4_5","-9.0","18:05:19","763e8b6c-c391-4dd1-aeaa-9604a5260cd6","I want to change my seat to a window seat","Sorry, I am unable to change your seat right now. Please try again later.","-9.0","18:04:00"
"Skywave_Airlines_Agent","2514ee2d-0b96-4485-a7ac-f724f4422ca4","Skywave_Airlines_Agent","SKYWAVE_PHASE_4_5","-9.0","16:15:30","190104e5-1fc6-429c-a27d-7ca5a4bc53ea","I want to change my seat to a window seat","Sorry, I am unable to change your seat right now. Please try again later.","-9.0","16:15:00"
"Skywave_Airlines_Agent","01503140-8e83-48df-a426-259e5e830964","Skywave_Airlines_Agent","SKYWAVE_PHASE_4_5","-13.0","14:28:07","96f1fb4b-2427-446e-a03b-eba1448b2d35","How many miles do I have?","You currently have 18,450 SkyWave miles. You are at Premier tier.","-13.0","14:27:00"
"Skywave_Airlines_Agent","d719f19b-ffa7-46b0-a389-b18a9f84d158","Skywave_Airlines_Agent","SKYWAVE_PHASE_4_5","-10.0","19:45:32","0da54897-b09c-48bf-a37b-562504ac76b8","I want to change my seat to a window seat","Sorry, I am unable to change your seat right now. Please try again later.","-10.0","19:45:00"
"Skywave_Airlines_Agent","9f476107-5f7f-44be-aa97-30fc96a32b69","Skywave_Airlines_Agent","SKYWAVE_PHASE_4_5","-14.0","17:06:03","bb24a877-6f97-4fae-ad50-d5f5d4588445","I lost my luggage in Munich last week, can you help?","I have created case 00012345 for your lost luggage. We will contact you within 24 hours.","-14.0","17:05:00"
"Skywave_Airlines_Agent","b6000969-6700-4b57-a58c-afe56cc954c4","Skywave_Airlines_Agent","SKYWAVE_PHASE_4_5","-7.0","18:04:14","1afa741c-bfd2-4436-a3bf-14d411b5a21d","Find flights from JFK to HND tomorrow","I found 4 flights for that route. The cheapest is SW1200 at 1pm for $1,280.","-7.0","18:03:00"
"Skywave_Airlines_Agent","a0725cc8-9d74-4aab-a2f2-3fe1fa877d2d","Skywave_Airlines_Agent","SKYWAVE_PHASE_4_5","-3.0","13:07:34","3169ed48-3412-4c67-aec0-8a6b9ed80079","Can I move from 23B to an aisle seat?","I could not update your seat assignment. Please contact a service agent.","-3.0","13:07:00"
"Skywave_Airlines_Agent","57dd2938-ac52-4915-aa25-f652dd68696d","Skywave_Airlines_Agent","SKYWAVE_PHASE_4_5","-1.0","17:48:23","e8242a6f-137d-458b-a4a9-cbe500b9b7a7","I want to select seat 1A for my flight","I was unable to retrieve the seat map automatically and could not assign the seat.","-1.0","17:46:00"
"Skywave_Airlines_Agent","57dd2938-ac52-4915-aa25-f652dd68696d","Skywave_Airlines_Agent","SKYWAVE_PHASE_4_5","-1.0","17:50:36","3be140a9-e448-4a43-ab19-d7e7e2aa4e8c","I lost my luggage in Munich last week, can you help?","I have created case 00012345 for your lost luggage. We will contact you within 24 hours.","-1.0","17:49:55"
"Skywave_Airlines_Agent","c6b8065c-b509-4f73-a264-d935fc77d6b1","Skywave_Airlines_Agent","SKYWAVE_PHASE_4_5","-11.0","17:14:56","592ab7c5-c907-4b62-a373-89ebec4b716a","My in-flight wifi did not work, I want a refund","I have logged your complaint as case 00012346. A refund will be processed.","-11.0","17:10:00"
"Skywave_Airlines_Agent","c6b8065c-b509-4f73-a264-d935fc77d6b1","Skywave_Airlines_Agent","SKYWAVE_PHASE_4_5","-11.0","17:21:52","9b243cf9-66b9-4a5f-ad12-c9ef1329945d","I want to change my seat to a window seat","Sorry, I am unable to change your seat right now. Please try again later.","-11.0","17:19:16"
"Skywave_Airlines_Agent","82beadfa-8d25-49a4-ae19-2856b2fa2e3e","Skywave_Airlines_Agent","SKYWAVE_PHASE_4_5","-2.0","11:11:43","0baabc89-866d-418c-aa48-52173f7684bb","My in-flight wifi did not work, I want a refund","I have logged your complaint as case 00012346. A refund will be processed.","-2.0","11:11:00"
"Skywave_Airlines_Agent","9229b75f-9032-4119-a974-e0c97b7a44bf","Skywave_Airlines_Agent","SKYWAVE_PHASE_4_5","-10.0","15:41:49","908c0d20-66e7-4707-a33f-56984bea0a95","Cancel my booking ABC123","I have cancelled booking ABC123. A refund of $480 will be issued.","-10.0","15:39:00"
"Skywave_Airlines_Agent","48935efc-659c-4d01-a4de-da0d2f7832c0","Skywave_Airlines_Agent","SKYWAVE_PHASE_4_5","-11.0","16:19:39","f4fb973a-c8bb-432b-a054-95cb7774531d","My in-flight wifi did not work, I want a refund","I have logged your complaint as case 00012346. A refund will be processed.","-11.0","16:17:00"
"Skywave_Airlines_Agent","48935efc-659c-4d01-a4de-da0d2f7832c0","Skywave_Airlines_Agent","SKYWAVE_PHASE_4_5","-11.0","16:21:47","992206ca-573d-4d49-a4f1-0dacb863750b","What is my tier status?","You are Gold tier with 14,200 qualifying points this year.","-11.0","16:20:51"
"Skywave_Airlines_Agent","9e973c68-244d-418a-a220-222009a7b764","Skywave_Airlines_Agent","SKYWAVE_PHASE_4_5","-5.0","11:53:59","8615de3b-7638-4adf-a470-d3d440af6214","My first name is misspelled on my ticket","I have corrected the spelling on your ticket. Please review the updated itinerary.","-5.0","11:53:00"
"Skywave_Airlines_Agent","9e973c68-244d-418a-a220-222009a7b764","Skywave_Airlines_Agent","SKYWAVE_PHASE_4_5","-5.0","11:54:57","1cb6739b-4354-4bcf-a565-b354a8f3ae8f","Can I move from 23B to an aisle seat?","I could not update your seat assignment. Please contact a service agent.","-5.0","11:54:35"
"Skywave_Airlines_Agent","4139d101-f681-4663-ab9b-b8c974f233f5","Skywave_Airlines_Agent","SKYWAVE_PHASE_4_5","-3.0","14:10:47","275d7367-49a8-4eeb-a114-a24f3d1c961b","What is my tier status?","You are Gold tier with 14,200 qualifying points this year.","-3.0","14:10:00"
"Skywave_Airlines_Agent","3d756d81-3981-43a2-a023-c18563be47f5","Skywave_Airlines_Agent","SKYWAVE_PHASE_4_5","-7.0","10:52:20","dceefd1d-33cd-404d-a0dd-527b7726f151","Find flights from JFK to HND tomorrow","I found 4 flights for that route. The cheapest is SW1200 at 1pm for $1,280.","-7.0","10:51:00"
"Skywave_Airlines_Agent","3d756d81-3981-43a2-a023-c18563be47f5","Skywave_Airlines_Agent","SKYWAVE_PHASE_4_5","-7.0","10:57:41","10e7ae50-bd18-4c7e-ac81-0035504cf3a7","Find flights from JFK to HND tomorrow","I found 4 flights for that route. The cheapest is SW1200 at 1pm for $1,280.","-7.0","10:53:01"
"Skywave_Airlines_Agent","0f4ba379-485d-41ec-a244-2a85c40e138b","Skywave_Airlines_Agent","SKYWAVE_PHASE_4_5","-14.0","15:52:05","ff96d2c5-cc53-44a1-a7de-cbc1cb757f1c","I want to select seat 1A for my flight","I was unable to retrieve the seat map automatically and could not assign the seat.","-14.0","15:48:00"
"Skywave_Airlines_Agent","0f4ba379-485d-41ec-a244-2a85c40e138b","Skywave_Airlines_Agent","SKYWAVE_PHASE_4_5","-14.0","15:55:53","d6b01d21-c7a8-4a63-af9c-65be5976d39c","My first name is misspelled on my ticket","I have corrected the spelling on your ticket. Please review the updated itinerary.","-14.0","15:52:59"
"Skywave_Airlines_Agent","0f4ba379-485d-41ec-a244-2a85c40e138b","Skywave_Airlines_Agent","SKYWAVE_PHASE_4_5","-14.0","15:58:46","960c5b3c-d46c-4ffc-a091-7bc66e74fffd","I want to select seat 1A for my flight","I was unable to retrieve the seat map automatically and could not assign the seat.","-14.0","15:56:14"
"Skywave_Airlines_Agent","61925ae4-e235-467d-a1f1-245823235934","Skywave_Airlines_Agent","SKYWAVE_PHASE_4_5","-11.0","13:21:49","f527d298-72d3-4a41-acbf-1f75fdedf6ca","My in-flight wifi did not work, I want a refund","I have logged your complaint as case 00012346. A refund will be processed.","-11.0","13:18:00"
"Skywave_Airlines_Agent","716ce78e-e6f2-48b2-a094-e0ac66f181e2","Skywave_Airlines_Agent","SKYWAVE_PHASE_4_5","-14.0","17:34:31","f32f2060-e4ac-4406-a0b8-895af0ae1b9c","What is my tier status?","You are Gold tier with 14,200 qualifying points this year.","-14.0","17:34:00"
"Skywave_Airlines_Agent","5982fefe-3012-44c7-ab27-abf5f579bfdd","Skywave_Airlines_Agent","SKYWAVE_PHASE_4_5","-12.0","08:00:38","f58d2fcd-5f71-42fd-a0fd-ae03d01e56b5","I want to select seat 1A for my flight","I was unable to retrieve the seat map automatically and could not assign the seat.","-12.0","08:00:00"
"Skywave_Airlines_Agent","5982fefe-3012-44c7-ab27-abf5f579bfdd","Skywave_Airlines_Agent","SKYWAVE_PHASE_4_5","-12.0","08:04:59","df43fdde-fdea-454e-abbf-81d20a992f53","My first name is misspelled on my ticket","I have corrected the spelling on your ticket. Please review the updated itinerary.","-12.0","08:01:19"
"Skywave_Airlines_Agent","a1217da6-f271-47b9-a3c0-7f5f4e7a48a1","Skywave_Airlines_Agent","SKYWAVE_PHASE_4_5","-10.0","19:45:23","a5eeb3f0-ff94-40eb-aedd-96df4d12e491","Show me my upcoming bookings","You have one upcoming booking — LH 1927 BER-MUC-SFO, confirmed.","-10.0","19:45:00"
"Skywave_Airlines_Agent","a1217da6-f271-47b9-a3c0-7f5f4e7a48a1","Skywave_Airlines_Agent","SKYWAVE_PHASE_4_5","-10.0","19:48:32","5cf1e62e-c27d-47f3-aaf5-3fea5cda39f4","I want to change my seat to a window seat","Sorry, I am unable to change your seat right now. Please try again later.","-10.0","19:45:45"
"Skywave_Airlines_Agent","a1217da6-f271-47b9-a3c0-7f5f4e7a48a1","Skywave_Airlines_Agent","SKYWAVE_PHASE_4_5","-10.0","19:50:13","7be259ab-c624-437f-adad-a7411066e46f","Please correct my last name on booking ABC123","I have updated the passenger name on booking ABC123. A confirmation has been sent.","-10.0","19:49:21"
"Skywave_Airlines_Agent","25db2cb1-03c4-49f2-a8b0-235af0a7cb1b","Skywave_Airlines_Agent","SKYWAVE_PHASE_4_5","-9.0","16:43:48","7d1314ec-2d7e-498f-a104-9bb250566c69","I want to select seat 1A for my flight","I was unable to retrieve the seat map automatically and could not assign the seat.","-9.0","16:43:00"
"Skywave_Airlines_Agent","d5564a04-06c1-4412-aaa2-690f1cb6e28f","Skywave_Airlines_Agent","SKYWAVE_PHASE_4_5","-4.0","13:53:50","2c4cebbc-510f-49c7-ac39-3772cde1839e","I want to select seat 1A for my flight","I was unable to retrieve the seat map automatically and could not assign the seat.","-4.0","13:49:00"
"Skywave_Airlines_Agent","d5564a04-06c1-4412-aaa2-690f1cb6e28f","Skywave_Airlines_Agent","SKYWAVE_PHASE_4_5","-4.0","13:57:34","cf0d7719-d725-4460-acdb-73784e8b1bc2","How many miles do I have?","You currently have 18,450 SkyWave miles. You are at Premier tier.","-4.0","13:56:35"
"Skywave_Airlines_Agent","d5564a04-06c1-4412-aaa2-690f1cb6e28f","Skywave_Airlines_Agent","SKYWAVE_PHASE_4_5","-4.0","14:03:39","c85207d3-286a-47de-a657-02616540895c","I want to change my seat to a window seat","Sorry, I am unable to change your seat right now. Please try again later.","-4.0","14:02:28"
"Skywave_Airlines_Agent","1e5653c8-3249-4fe9-a8aa-2e5eaf75d977","Skywave_Airlines_Agent","SKYWAVE_PHASE_4_5","-3.0","10:07:07","dc09bd36-ea1d-4c4a-adfc-4f118ef519ff","Can I move from 23B to an aisle seat?","I could not update your seat assignment. Please contact a service agent.","-3.0","10:06:00"
"Skywave_Airlines_Agent","bd071d00-80fa-4132-a942-a8d6f6d14d7b","Skywave_Airlines_Agent","SKYWAVE_PHASE_4_5","-9.0","19:38:27","d89b7a5d-5dc6-4474-abfc-6e290217a03b","I want to change my seat to a window seat","Sorry, I am unable to change your seat right now. Please try again later.","-9.0","19:38:00"
"Skywave_Airlines_Agent","bd071d00-80fa-4132-a942-a8d6f6d14d7b","Skywave_Airlines_Agent","SKYWAVE_PHASE_4_5","-9.0","19:40:41","fe4deebe-9fae-4f03-ae9a-4a767725f9f4","My in-flight wifi did not work, I want a refund","I have logged your complaint as case 00012346. A refund will be processed.","-9.0","19:39:21"
"Skywave_Airlines_Agent","6db6fcdb-2d85-48c2-af99-5300a726640b","Skywave_Airlines_Agent","SKYWAVE_PHASE_4_5","-14.0","17:08:41","60958435-7e0a-4621-a9ec-1f04a9ff75ff","I want to change my seat to a window seat","Sorry, I am unable to change your seat right now. Please try again later.","-14.0","17:08:00"
"Skywave_Airlines_Agent","775d4815-43fc-4c41-a26c-0d32fdcbe7f1","Skywave_Airlines_Agent","SKYWAVE_PHASE_4_5","-7.0","18:05:58","8e3c84a5-e515-475c-a36f-47cf5930986c","Cancel my booking ABC123","I have cancelled booking ABC123. A refund of $480 will be issued.","-7.0","18:03:00"
"Skywave_Airlines_Agent","5158afc0-6650-454a-acad-b3f4341b8063","Skywave_Airlines_Agent","SKYWAVE_PHASE_4_5","-1.0","09:54:35","9d4b4aed-75bb-4d1d-a430-48e20a64fe51","Find flights from JFK to HND tomorrow","I found 4 flights for that route. The cheapest is SW1200 at 1pm for $1,280.","-1.0","09:51:00"
"Skywave_Airlines_Agent","5158afc0-6650-454a-acad-b3f4341b8063","Skywave_Airlines_Agent","SKYWAVE_PHASE_4_5","-1.0","09:56:53","6a7f36bf-4d8c-4d00-aa23-9ced6a2199f8","Find flights from JFK to HND tomorrow","I found 4 flights for that route. The cheapest is SW1200 at 1pm for $1,280.","-1.0","09:55:44"
"Skywave_Airlines_Agent","c96feb31-2570-4628-aa4a-1dd29d498db9","Skywave_Airlines_Agent","SKYWAVE_PHASE_4_5","-13.0","15:32:06","c312d34a-4e79-4617-a259-9680c377038e","Cancel my booking ABC123","I have cancelled booking ABC123. A refund of $480 will be issued.","-13.0","15:28:00"
"Skywave_Airlines_Agent","c96feb31-2570-4628-aa4a-1dd29d498db9","Skywave_Airlines_Agent","SKYWAVE_PHASE_4_5","-13.0","15:37:58","0e99ac67-abff-417f-a9e3-43d6b64065a0","What is my tier status?","You are Gold tier with 14,200 qualifying points this year.","-13.0","15:36:36"
"Skywave_Airlines_Agent","c96feb31-2570-4628-aa4a-1dd29d498db9","Skywave_Airlines_Agent","SKYWAVE_PHASE_4_5","-13.0","15:39:00","07e375ad-a951-435f-adaf-e1f9300b24f8","How many miles do I have?","You currently have 18,450 SkyWave miles. You are at Premier tier.","-13.0","15:38:15"
"Skywave_Airlines_Agent","7c62034e-1410-46ae-aaf3-fba85f8e1233","Skywave_Airlines_Agent","SKYWAVE_PHASE_4_5","-4.0","20:03:48","66e6d0a6-1373-473d-a27e-9795a7aac438","I want to change my seat to a window seat","Sorry, I am unable to change your seat right now. Please try again later.","-4.0","19:59:00"
"Skywave_Airlines_Agent","1e3dfbe9-502b-419c-acbd-63a55cd45590","Skywave_Airlines_Agent","SKYWAVE_PHASE_4_5","-14.0","17:22:11","daec4e62-6b98-4b5b-a782-a197fa6923e4","I want to change my seat to a window seat","Sorry, I am unable to change your seat right now. Please try again later.","-14.0","17:21:00"
"Skywave_Airlines_Agent","9d6937b6-dfc0-4312-aaec-ec96123cf4e4","Skywave_Airlines_Agent","SKYWAVE_PHASE_4_5","-11.0","18:59:48","97c7e48d-19af-4973-a211-20d5804d3f96","I want to change my seat to a window seat","Sorry, I am unable to change your seat right now. Please try again later.","-11.0","18:59:00"
"Skywave_Airlines_Agent","1d637b5b-4467-40b5-ae0d-b82e564b4f0b","Skywave_Airlines_Agent","SKYWAVE_PHASE_4_5","-7.0","14:35:58","f7bfd31a-4b8b-4e27-a340-d985ae60b60e","Show me my upcoming bookings","You have one upcoming booking — LH 1927 BER-MUC-SFO, confirmed.","-7.0","14:35:00"
"Skywave_Airlines_Agent","21b5c4e6-5ae7-4694-a1e0-b3df3c096a74","Skywave_Airlines_Agent","SKYWAVE_PHASE_4_5","-6.0","14:55:57","9e7cf661-4ac9-45d8-aaf6-eeef731b11cf","I want to change my seat to a window seat","Sorry, I am unable to change your seat right now. Please try again later.","-6.0","14:52:00"
"Skywave_Airlines_Agent","105fb06a-30bf-4cdb-a65d-2a55ca24febe","Skywave_Airlines_Agent","SKYWAVE_PHASE_4_5","-13.0","08:01:16","313765f8-a24b-49c8-a451-e2fc4a5b6669","My in-flight wifi did not work, I want a refund","I have logged your complaint as case 00012346. A refund will be processed.","-13.0","08:00:00"
"Skywave_Airlines_Agent","105fb06a-30bf-4cdb-a65d-2a55ca24febe","Skywave_Airlines_Agent","SKYWAVE_PHASE_4_5","-13.0","08:06:50","e60bbea6-0588-44a4-a5d7-21e7e8ec72fe","My first name is misspelled on my ticket","I have corrected the spelling on your ticket. Please review the updated itinerary.","-13.0","08:01:50"
"Skywave_Airlines_Agent","4c09238e-bee2-48cf-ab17-35d83babc5f8","Skywave_Airlines_Agent","SKYWAVE_PHASE_4_5","-14.0","13:45:25","bab4c9ff-ecac-465f-ab88-43e2d7ed8474","Please correct my last name on booking ABC123","I have updated the passenger name on booking ABC123. A confirmation has been sent.","-14.0","13:45:00"
"Skywave_Airlines_Agent","4c09238e-bee2-48cf-ab17-35d83babc5f8","Skywave_Airlines_Agent","SKYWAVE_PHASE_4_5","-14.0","13:48:38","90eea9f9-f907-4356-ade4-2f6c3f3b7070","Tell me a joke","I am a Skywave booking assistant. How can I help with your travel?","-14.0","13:47:38"
"Skywave_Airlines_Agent","457015f6-5fa5-476c-ab3e-ff6d746a12c2","Skywave_Airlines_Agent","SKYWAVE_PHASE_4_5","-1.0","17:56:13","1fd42057-805f-475b-ac3b-2934a7a7b7a0","Tell me a joke","I am a Skywave booking assistant. How can I help with your travel?","-1.0","17:55:00"
"Skywave_Airlines_Agent","503893d1-1e83-47f2-a700-6186cbea5474","Skywave_Airlines_Agent","SKYWAVE_PHASE_4_5","-8.0","08:52:34","8d0c290d-1481-49ca-aec8-7f73982cfbda","Can I move from 23B to an aisle seat?","I could not update your seat assignment. Please contact a service agent.","-8.0","08:52:00"
"Skywave_Airlines_Agent","503893d1-1e83-47f2-a700-6186cbea5474","Skywave_Airlines_Agent","SKYWAVE_PHASE_4_5","-8.0","08:56:44","04bb84d0-1d33-4109-aacd-76a8cf11b1f2","Whats the weather like in Tokyo?","I can only help with flight bookings and Skywave loyalty questions.","-8.0","08:55:51"
"Skywave_Airlines_Agent","0171ae1c-6144-42b5-a507-7420b8e0b6d6","Skywave_Airlines_Agent","SKYWAVE_PHASE_4_5","-4.0","12:04:21","b8f664dc-5d8d-4f37-a61a-ab2ca3e9fa86","My first name is misspelled on my ticket","I have corrected the spelling on your ticket. Please review the updated itinerary.","-4.0","12:04:00"
"Skywave_Airlines_Agent","0171ae1c-6144-42b5-a507-7420b8e0b6d6","Skywave_Airlines_Agent","SKYWAVE_PHASE_4_5","-4.0","12:06:00","315f6cec-307a-4846-a24c-adfeed2de6d9","Find flights from JFK to HND tomorrow","I found 4 flights for that route. The cheapest is SW1200 at 1pm for $1,280.","-4.0","12:05:29"
"Skywave_Airlines_Agent","0171ae1c-6144-42b5-a507-7420b8e0b6d6","Skywave_Airlines_Agent","SKYWAVE_PHASE_4_5","-4.0","12:09:42","f0661c13-8359-498d-a65d-129d6917b2a5","How many miles do I have?","You currently have 18,450 SkyWave miles. You are at Premier tier.","-4.0","12:06:47"
"Skywave_Airlines_Agent","a5e48c8f-6fc6-4046-ac39-6cdb3f3c65c0","Skywave_Airlines_Agent","SKYWAVE_PHASE_4_5","-5.0","15:30:44","86e17551-3dcd-4188-af1f-8b01250f93ac","How many miles do I have?","You currently have 18,450 SkyWave miles. You are at Premier tier.","-5.0","15:26:00"
"Skywave_Airlines_Agent","5827f042-fa4a-423f-a862-8133a4c4eb38","Skywave_Airlines_Agent","SKYWAVE_PHASE_4_5","-13.0","18:26:09","10d953e2-8e4a-4ddf-a41d-64324fd3af09","What is my tier status?","You are Gold tier with 14,200 qualifying points this year.","-13.0","18:25:00"
"Skywave_Airlines_Agent","5827f042-fa4a-423f-a862-8133a4c4eb38","Skywave_Airlines_Agent","SKYWAVE_PHASE_4_5","-13.0","18:30:10","8e383de6-7013-453d-a7aa-72bfcf3dbeed","How many miles do I have?","You currently have 18,450 SkyWave miles. You are at Premier tier.","-13.0","18:29:32"
"Skywave_Airlines_Agent","17a039b4-c01c-442c-ac9d-18efd3f1718e","Skywave_Airlines_Agent","SKYWAVE_PHASE_4_5","-5.0","10:46:21","a1466e85-3440-4738-a27b-fa8a51a6c911","Show me my upcoming bookings","You have one upcoming booking — LH 1927 BER-MUC-SFO, confirmed.","-5.0","10:44:00"
"Skywave_Airlines_Agent","ff0fade3-ea2c-4981-a486-9d4697b69363","Skywave_Airlines_Agent","SKYWAVE_PHASE_4_5","-7.0","17:09:19","01e2f8a9-8983-47a7-ac57-624687e64f57","Show me my upcoming bookings","You have one upcoming booking — LH 1927 BER-MUC-SFO, confirmed.","-7.0","17:08:00"
"Skywave_Airlines_Agent","972059f0-6cb5-4850-ab8f-0ea8ced27a2e","Skywave_Airlines_Agent","SKYWAVE_PHASE_4_5","-6.0","08:35:41","c2f049f9-cdd9-4850-ae2c-e49c42f59496","Please correct my last name on booking ABC123","I have updated the passenger name on booking ABC123. A confirmation has been sent.","-6.0","08:35:00"
"Skywave_Airlines_Agent","e603a673-6c3d-47bc-ae02-f3e9ea89f522","Skywave_Airlines_Agent","SKYWAVE_PHASE_4_5","-14.0","12:05:02","b491cd2f-c2c1-4de1-a943-75c7aebe876d","Please correct my last name on booking ABC123","I have updated the passenger name on booking ABC123. A confirmation has been sent.","-14.0","12:04:00"
"Skywave_Airlines_Agent","a60c2ba6-cae4-4be0-a1c6-a1807b9d3dd4","Skywave_Airlines_Agent","SKYWAVE_PHASE_4_5","-3.0","15:41:50","28d9edcc-4e05-4b27-aade-76d0f0b0c61a","My in-flight wifi did not work, I want a refund","I have logged your complaint as case 00012346. A refund will be processed.","-3.0","15:37:00"
"Skywave_Airlines_Agent","cec292a8-82c9-49cb-a8e5-f789ee7f1fda","Skywave_Airlines_Agent","SKYWAVE_PHASE_4_5","-6.0","16:26:46","cedc797b-587d-40bc-a1bb-14cd98f66546","What is my tier status?","You are Gold tier with 14,200 qualifying points this year.","-6.0","16:26:00"
"Skywave_Airlines_Agent","cec292a8-82c9-49cb-a8e5-f789ee7f1fda","Skywave_Airlines_Agent","SKYWAVE_PHASE_4_5","-6.0","16:30:33","7625edaa-8845-4983-a902-d625652563fe","I want to select seat 1A for my flight","I was unable to retrieve the seat map automatically and could not assign the seat.","-6.0","16:29:25"
"Skywave_Airlines_Agent","21bfe05e-20db-464b-a514-534e8df15a7c","Skywave_Airlines_Agent","SKYWAVE_PHASE_4_5","-14.0","18:01:01","ba2a4980-056e-4700-a84d-b785767b02dc","I want to change my seat to a window seat","Sorry, I am unable to change your seat right now. Please try again later.","-14.0","18:00:00"
"Skywave_Airlines_Agent","459df7af-8bce-4ef4-aefb-decb4eaf7411","Skywave_Airlines_Agent","SKYWAVE_PHASE_4_5","-2.0","17:56:32","3f2f66c7-2d1b-4a9c-a08d-a4e71f68910c","Find flights from JFK to HND tomorrow","I found 4 flights for that route. The cheapest is SW1200 at 1pm for $1,280.","-2.0","17:54:00"
"Skywave_Airlines_Agent","7e773e2a-cb45-404f-ab4f-78c85ce176c1","Skywave_Airlines_Agent","SKYWAVE_PHASE_4_5","-2.0","11:00:13","6896c024-b6c6-45ba-a576-6e8bc1c61b5e","I want to change my seat to a window seat","Sorry, I am unable to change your seat right now. Please try again later.","-2.0","10:59:00"
"Skywave_Airlines_Agent","796f2c32-5eda-4e61-aab1-5c17671f23b8","Skywave_Airlines_Agent","SKYWAVE_PHASE_4_5","-3.0","08:07:55","f9802691-a225-46fe-a83f-37b74c74c5a3","Can I move from 23B to an aisle seat?","I could not update your seat assignment. Please contact a service agent.","-3.0","08:07:00"
"Skywave_Airlines_Agent","796f2c32-5eda-4e61-aab1-5c17671f23b8","Skywave_Airlines_Agent","SKYWAVE_PHASE_4_5","-3.0","08:13:32","dc1aef52-bfcd-47f0-ad6e-51e3fe15dbe6","Tell me a joke","I am a Skywave booking assistant. How can I help with your travel?","-3.0","08:12:40"
"Skywave_Airlines_Agent","0e68250c-e3b9-4a60-a3bd-dbb801bf3b30","Skywave_Airlines_Agent","SKYWAVE_PHASE_4_5","-1.0","19:53:16","59ba22c7-582a-46f9-a686-64e8fcac5949","Can I move from 23B to an aisle seat?","I could not update your seat assignment. Please contact a service agent.","-1.0","19:52:00"
"Skywave_Airlines_Agent","82ae9220-8bb1-4042-a9ae-32052aaa7d44","Skywave_Airlines_Agent","SKYWAVE_PHASE_4_5","-9.0","18:50:01","db5322dd-7bd3-40b9-a1a0-6bad228e4d12","I want to select seat 1A for my flight","I was unable to retrieve the seat map automatically and could not assign the seat.","-9.0","18:49:00"
"Skywave_Airlines_Agent","82ae9220-8bb1-4042-a9ae-32052aaa7d44","Skywave_Airlines_Agent","SKYWAVE_PHASE_4_5","-9.0","18:53:28","700e4245-0174-4c3b-af3d-81ad56ff2257","I lost my luggage in Munich last week, can you help?","I have created case 00012345 for your lost luggage. We will contact you within 24 hours.","-9.0","18:52:50"
"Skywave_Airlines_Agent","eba11486-1105-418c-af42-199e6664852f","Skywave_Airlines_Agent","SKYWAVE_PHASE_4_5","-12.0","14:59:46","60fbfd6a-eb14-4616-aaf7-346e04ba0f1e","I want to select seat 1A for my flight","I was unable to retrieve the seat map automatically and could not assign the seat.","-12.0","14:59:00"
"Skywave_Airlines_Agent","eba11486-1105-418c-af42-199e6664852f","Skywave_Airlines_Agent","SKYWAVE_PHASE_4_5","-12.0","15:05:01","013a9ee2-e0a6-4a58-ae30-72dbfd6c093a","Can I move from 23B to an aisle seat?","I could not update your seat assignment. Please contact a service agent.","-12.0","15:04:27"
"Skywave_Airlines_Agent","84f4fcf7-9e4d-46cc-aaa8-677cdc3d8817","Skywave_Airlines_Agent","SKYWAVE_PHASE_4_5","-8.0","12:28:13","8a98cec3-e056-4471-a8d0-3f76af233e8b","Tell me a joke","I am a Skywave booking assistant. How can I help with your travel?","-8.0","12:26:00"
"Skywave_Airlines_Agent","2633a09c-03f8-49d5-a70a-004a308af979","Skywave_Airlines_Agent","SKYWAVE_PHASE_4_5","-12.0","08:44:38","87a1f3d3-5f76-4201-a642-63ad8ba952e8","I lost my luggage in Munich last week, can you help?","I have created case 00012345 for your lost luggage. We will contact you within 24 hours.","-12.0","08:44:00"
"Skywave_Airlines_Agent","2633a09c-03f8-49d5-a70a-004a308af979","Skywave_Airlines_Agent","SKYWAVE_PHASE_4_5","-12.0","08:45:43","266b0c00-dc5b-4385-a42f-b6fba431e3ed","I want to select seat 1A for my flight","I was unable to retrieve the seat map automatically and could not assign the seat.","-12.0","08:45:16"
"Skywave_Airlines_Agent","e9aeb135-a0a5-4477-a7d3-18417f74f5e9","Skywave_Airlines_Agent","SKYWAVE_PHASE_4_5","-2.0","18:43:15","6be52f3a-6b46-4dd9-af0d-9471b2d12f26","Please correct my last name on booking ABC123","I have updated the passenger name on booking ABC123. A confirmation has been sent.","-2.0","18:41:00"
"Skywave_Airlines_Agent","e9aeb135-a0a5-4477-a7d3-18417f74f5e9","Skywave_Airlines_Agent","SKYWAVE_PHASE_4_5","-2.0","18:45:38","97c508c0-491c-4bfd-a50f-ea3d4401394f","Cancel my booking ABC123","I have cancelled booking ABC123. A refund of $480 will be issued.","-2.0","18:44:22"
"Skywave_Airlines_Agent","72453943-b670-4482-a678-e9bed243d91d","Skywave_Airlines_Agent","SKYWAVE_PHASE_4_5","-8.0","18:09:53","a5f204bf-b23a-4e24-ad52-0cbd0dfdae5a","How many miles do I have?","You currently have 18,450 SkyWave miles. You are at Premier tier.","-8.0","18:07:00"
"Skywave_Airlines_Agent","7e161f8e-8403-4dff-ae96-00c7a6844469","Skywave_Airlines_Agent","SKYWAVE_PHASE_4_5","-11.0","15:17:39","9b086d4b-11da-4faa-a8f6-3faf863889f3","Can I move from 23B to an aisle seat?","I could not update your seat assignment. Please contact a service agent.","-11.0","15:15:00"
"Skywave_Airlines_Agent","0abbe353-ef6b-4df8-aa7c-21aeafff2ec4","Skywave_Airlines_Agent","SKYWAVE_PHASE_4_5","-10.0","18:49:59","aab4d39d-320e-4dd8-a7db-50c6792dc857","How many miles do I have?","You currently have 18,450 SkyWave miles. You are at Premier tier.","-10.0","18:49:00"
"Skywave_Airlines_Agent","f1108bc0-47c8-4d9d-a59c-4835e287b070","Skywave_Airlines_Agent","SKYWAVE_PHASE_4_5","-4.0","11:57:21","ad9569b2-6092-4802-a51a-9088b0d909b2","Cancel my booking ABC123","I have cancelled booking ABC123. A refund of $480 will be issued.","-4.0","11:56:00"
"Skywave_Airlines_Agent","41b7845c-2be4-45aa-ae0f-612d60eb3bff","Skywave_Airlines_Agent","SKYWAVE_PHASE_4_5","-9.0","09:20:38","c48311f9-cad3-4f86-acda-dd138b10aa20","Cancel my booking ABC123","I have cancelled booking ABC123. A refund of $480 will be issued.","-9.0","09:20:00"
"Skywave_Airlines_Agent","48f793d5-fd4f-45f8-a61c-761305b93c9d","Skywave_Airlines_Agent","SKYWAVE_PHASE_4_5","-9.0","10:44:17","39d8eec9-d006-4a89-a06b-5640175bb85d","How many miles do I have?","You currently have 18,450 SkyWave miles. You are at Premier tier.","-9.0","10:43:00"
"Skywave_Airlines_Agent","48f793d5-fd4f-45f8-a61c-761305b93c9d","Skywave_Airlines_Agent","SKYWAVE_PHASE_4_5","-9.0","10:47:22","2ebfc18d-eb1b-4699-aaca-55ab27d311eb","What is my tier status?","You are Gold tier with 14,200 qualifying points this year.","-9.0","10:45:21"
"Skywave_Airlines_Agent","fdd90d86-ef56-4e98-adde-7bbd464fedf9","Skywave_Airlines_Agent","SKYWAVE_PHASE_4_5","-8.0","11:22:04","8ec5b58f-d00e-4346-a026-7866c6c9c8f7","Show me my upcoming bookings","You have one upcoming booking — LH 1927 BER-MUC-SFO, confirmed.","-8.0","11:21:00"
"Skywave_Airlines_Agent","95205238-9f1b-442b-a27e-d0f74827a250","Skywave_Airlines_Agent","SKYWAVE_PHASE_4_5","-10.0","09:21:00","5111c0c7-2d29-45df-a473-cdf65c29ffdb","Can I move from 23B to an aisle seat?","I could not update your seat assignment. Please contact a service agent.","-10.0","09:20:00"
"Skywave_Airlines_Agent","95205238-9f1b-442b-a27e-d0f74827a250","Skywave_Airlines_Agent","SKYWAVE_PHASE_4_5","-10.0","09:25:18","01e529cc-a269-4e6f-adc1-4ffb9fc6ab09","Tell me a joke","I am a Skywave booking assistant. How can I help with your travel?","-10.0","09:21:53"
"Skywave_Airlines_Agent","a306547c-2949-435b-a8cf-b5552b219209","Skywave_Airlines_Agent","SKYWAVE_PHASE_4_5","-11.0","09:57:10","429dc372-c500-440d-aab7-4078620d50a6","What is my tier status?","You are Gold tier with 14,200 qualifying points this year.","-11.0","09:56:00"
"Skywave_Airlines_Agent","1d6560ba-c0f2-485a-a202-fcfa3e87f0ce","Skywave_Airlines_Agent","SKYWAVE_PHASE_4_5","-1.0","09:21:06","37329a83-16de-47a8-a153-4882feceeab1","I lost my luggage in Munich last week, can you help?","I have created case 00012345 for your lost luggage. We will contact you within 24 hours.","-1.0","09:19:00"
"Skywave_Airlines_Agent","1d6560ba-c0f2-485a-a202-fcfa3e87f0ce","Skywave_Airlines_Agent","SKYWAVE_PHASE_4_5","-1.0","09:22:35","abcf1ff3-31ef-4c2e-a5b5-cb473f99461a","Please correct my last name on booking ABC123","I have updated the passenger name on booking ABC123. A confirmation has been sent.","-1.0","09:21:53"
"Skywave_Airlines_Agent","5220d083-ee96-4229-a35b-7452a073c163","Skywave_Airlines_Agent","SKYWAVE_PHASE_4_5","-1.0","19:04:48","d2da083b-513f-4815-a406-fbf130056e00","Cancel my booking ABC123","I have cancelled booking ABC123. A refund of $480 will be issued.","-1.0","19:04:00"
"Skywave_Airlines_Agent","183462a1-030e-4089-a9ac-ae54ca149d2c","Skywave_Airlines_Agent","SKYWAVE_PHASE_4_5","-12.0","18:27:59","884414ae-4ea3-4393-affc-24f812b6ff14","I want to select seat 1A for my flight","I was unable to retrieve the seat map automatically and could not assign the seat.","-12.0","18:25:00"
"Skywave_Airlines_Agent","20d342d0-b525-4d0e-a10d-b29c77eb5a55","Skywave_Airlines_Agent","SKYWAVE_PHASE_4_5","-6.0","08:55:47","4d4b79ab-2797-47d7-af97-4be0b9045abb","What is my tier status?","You are Gold tier with 14,200 qualifying points this year.","-6.0","08:55:00"
"Skywave_Airlines_Agent","20d342d0-b525-4d0e-a10d-b29c77eb5a55","Skywave_Airlines_Agent","SKYWAVE_PHASE_4_5","-6.0","08:57:24","c09f2882-8cf0-495d-afb3-f062cd9f6623","I want to select seat 1A for my flight","I was unable to retrieve the seat map automatically and could not assign the seat.","-6.0","08:56:43"
"Skywave_Airlines_Agent","2e24334d-9069-4096-a2bf-e47ff28d00ca","Skywave_Airlines_Agent","SKYWAVE_PHASE_4_5","-7.0","10:40:28","90d3d77b-7a8c-49ba-a35c-fcc2e8ff3b33","My in-flight wifi did not work, I want a refund","I have logged your complaint as case 00012346. A refund will be processed.","-7.0","10:36:00"
"Skywave_Airlines_Agent","2e24334d-9069-4096-a2bf-e47ff28d00ca","Skywave_Airlines_Agent","SKYWAVE_PHASE_4_5","-7.0","10:42:17","ea06fdc6-1102-4193-a605-886a0c2fddbd","I want to select seat 1A for my flight","I was unable to retrieve the seat map automatically and could not assign the seat.","-7.0","10:41:02"
"Skywave_Airlines_Agent","b5c5b2aa-e0b5-4077-aa71-b7edeb7619d8","Skywave_Airlines_Agent","SKYWAVE_PHASE_4_5","-8.0","16:09:41","1792154a-4d57-4aed-a046-aa2e0eac8aa8","Show me my upcoming bookings","You have one upcoming booking — LH 1927 BER-MUC-SFO, confirmed.","-8.0","16:09:00"
"Skywave_Airlines_Agent","b5c5b2aa-e0b5-4077-aa71-b7edeb7619d8","Skywave_Airlines_Agent","SKYWAVE_PHASE_4_5","-8.0","16:16:02","9966b775-6b6b-4f31-adec-7e581426af94","Find flights from JFK to HND tomorrow","I found 4 flights for that route. The cheapest is SW1200 at 1pm for $1,280.","-8.0","16:14:25"
"Skywave_Airlines_Agent","6cfdaf02-b1b7-4ada-a365-de99ebcdcd8b","Skywave_Airlines_Agent","SKYWAVE_PHASE_4_5","-6.0","19:35:10","1f2cad00-a9b4-4bce-acf9-498e0c13996d","I want to select seat 1A for my flight","I was unable to retrieve the seat map automatically and could not assign the seat.","-6.0","19:31:00"
"Skywave_Airlines_Agent","51c6acfd-5450-4e6f-a48f-60ac26a76878","Skywave_Airlines_Agent","SKYWAVE_PHASE_4_5","-9.0","15:53:40","cffc8ea0-20d9-4408-a372-b01826bedf95","Show me my upcoming bookings","You have one upcoming booking — LH 1927 BER-MUC-SFO, confirmed.","-9.0","15:50:00"
"Skywave_Airlines_Agent","c0a9863a-c3ca-4367-ae4a-6cc75f46844b","Skywave_Airlines_Agent","SKYWAVE_PHASE_4_5","-8.0","11:19:37","7675c562-9736-4c1b-a0cb-f1330328b9ce","My in-flight wifi did not work, I want a refund","I have logged your complaint as case 00012346. A refund will be processed.","-8.0","11:18:00"
"Skywave_Airlines_Agent","c0a9863a-c3ca-4367-ae4a-6cc75f46844b","Skywave_Airlines_Agent","SKYWAVE_PHASE_4_5","-8.0","11:22:33","48ccbbf2-26e6-44e2-ad40-58462fa77643","How many miles do I have?","You currently have 18,450 SkyWave miles. You are at Premier tier.","-8.0","11:21:19"
"Skywave_Airlines_Agent","c0a9863a-c3ca-4367-ae4a-6cc75f46844b","Skywave_Airlines_Agent","SKYWAVE_PHASE_4_5","-8.0","11:25:17","aca5f855-ed12-482e-ae76-b328d3e9c0e7","Please correct my last name on booking ABC123","I have updated the passenger name on booking ABC123. A confirmation has been sent.","-8.0","11:24:39"
"Skywave_Airlines_Agent","d406c0c5-b9c3-42d7-a982-27f97e8f8981","Skywave_Airlines_Agent","SKYWAVE_PHASE_4_5","-7.0","15:42:51","00278cc9-2113-4c04-af75-466acc1c3014","Cancel my booking ABC123","I have cancelled booking ABC123. A refund of $480 will be issued.","-7.0","15:42:00"
"Skywave_Airlines_Agent","22c9eaf1-7169-4021-a628-0b9fcc03bfc5","Skywave_Airlines_Agent","SKYWAVE_PHASE_4_5","-7.0","19:35:10","15b9c4db-79ad-465e-a8f2-db44f0cf55ea","What is my tier status?","You are Gold tier with 14,200 qualifying points this year.","-7.0","19:34:00"
"Skywave_Airlines_Agent","22c9eaf1-7169-4021-a628-0b9fcc03bfc5","Skywave_Airlines_Agent","SKYWAVE_PHASE_4_5","-7.0","19:37:15","885f6c40-845d-4c2f-ae2f-7c7a4cba34c3","Find flights from JFK to HND tomorrow","I found 4 flights for that route. The cheapest is SW1200 at 1pm for $1,280.","-7.0","19:36:07"
"Skywave_Airlines_Agent","03b36bf4-723a-40bd-a27b-2edf20077787","Skywave_Airlines_Agent","SKYWAVE_PHASE_4_5","-14.0","14:40:59","f53e26bf-175a-4a11-a76e-ef13ff5cec17","My first name is misspelled on my ticket","I have corrected the spelling on your ticket. Please review the updated itinerary.","-14.0","14:40:00"
"Skywave_Airlines_Agent","03b36bf4-723a-40bd-a27b-2edf20077787","Skywave_Airlines_Agent","SKYWAVE_PHASE_4_5","-14.0","14:42:16","7cb2ef87-3097-4412-a6d6-2bf0d3da5b78","I want to change my seat to a window seat","Sorry, I am unable to change your seat right now. Please try again later.","-14.0","14:41:57"
"Skywave_Airlines_Agent","8dfc1584-23be-4122-acc1-3819c2b16c86","Skywave_Airlines_Agent","SKYWAVE_PHASE_4_5","-3.0","11:35:49","2b2c29aa-bcdd-4512-affb-7efe675b69f5","I want to change my seat to a window seat","Sorry, I am unable to change your seat right now. Please try again later.","-3.0","11:35:00"
"Skywave_Airlines_Agent","8dfc1584-23be-4122-acc1-3819c2b16c86","Skywave_Airlines_Agent","SKYWAVE_PHASE_4_5","-3.0","11:37:06","84c6f625-c295-41e4-a5cd-c17f623903bd","Show me my upcoming bookings","You have one upcoming booking — LH 1927 BER-MUC-SFO, confirmed.","-3.0","11:36:26"
"Skywave_Airlines_Agent","0babac34-9cfa-4d90-acc6-56fc5a85cf2f","Skywave_Airlines_Agent","SKYWAVE_PHASE_4_5","-7.0","16:20:01","f21070e2-18e2-4b93-a80d-6993aa61ce34","I want to change my seat to a window seat","Sorry, I am unable to change your seat right now. Please try again later.","-7.0","16:19:00"
"Skywave_Airlines_Agent","0babac34-9cfa-4d90-acc6-56fc5a85cf2f","Skywave_Airlines_Agent","SKYWAVE_PHASE_4_5","-7.0","16:23:50","a8567303-3d75-49c7-ae50-b941bfe695cc","Can I move from 23B to an aisle seat?","I could not update your seat assignment. Please contact a service agent.","-7.0","16:20:58"
"Skywave_Airlines_Agent","0babac34-9cfa-4d90-acc6-56fc5a85cf2f","Skywave_Airlines_Agent","SKYWAVE_PHASE_4_5","-7.0","16:28:54","b1508458-21e4-4e9f-aba4-75b37a901ac4","I lost my luggage in Munich last week, can you help?","I have created case 00012345 for your lost luggage. We will contact you within 24 hours.","-7.0","16:25:56"
"Skywave_Airlines_Agent","f3c8055d-ba6b-4909-a4c8-a874aaa406b0","Skywave_Airlines_Agent","SKYWAVE_PHASE_4_5","-10.0","12:11:01","eb7bcc1a-7077-483a-ae9a-d6cf45768f3d","Tell me a joke","I am a Skywave booking assistant. How can I help with your travel?","-10.0","12:07:00"
"Skywave_Airlines_Agent","f3c8055d-ba6b-4909-a4c8-a874aaa406b0","Skywave_Airlines_Agent","SKYWAVE_PHASE_4_5","-10.0","12:12:34","b099543d-1189-4164-a219-bb1395c62f57","How many miles do I have?","You currently have 18,450 SkyWave miles. You are at Premier tier.","-10.0","12:11:25"
"Skywave_Airlines_Agent","1553f4a9-45fd-4033-a3c4-06d6994fb6ed","Skywave_Airlines_Agent","SKYWAVE_PHASE_4_5","-1.0","16:42:53","96f477a4-b8a0-45d2-a72d-a0def6bf37cb","Find flights from JFK to HND tomorrow","I found 4 flights for that route. The cheapest is SW1200 at 1pm for $1,280.","-1.0","16:41:00"
"Skywave_Airlines_Agent","9b1ae7e9-04eb-4ed3-ad83-f9b6da5b90c6","Skywave_Airlines_Agent","SKYWAVE_PHASE_4_5","-10.0","12:52:37","24f1f329-58d2-4a42-ad14-818966fb3685","What is my tier status?","You are Gold tier with 14,200 qualifying points this year.","-10.0","12:52:00"
"Skywave_Airlines_Agent","e68773ce-4fb5-4661-a263-564d8aaa3d9e","Skywave_Airlines_Agent","SKYWAVE_PHASE_4_5","-6.0","17:50:45","d73e8a28-8e98-4d87-a636-39fe106f989c","I want to select seat 1A for my flight","I was unable to retrieve the seat map automatically and could not assign the seat.","-6.0","17:47:00"
"Skywave_Airlines_Agent","bdfdbeed-6de0-4ddc-aafe-4a4f2d8aa63e","Skywave_Airlines_Agent","SKYWAVE_PHASE_4_5","-3.0","12:13:44","b502a599-df24-47a0-aac8-3551db7d61e7","Can I move from 23B to an aisle seat?","I could not update your seat assignment. Please contact a service agent.","-3.0","12:13:00"
"Skywave_Airlines_Agent","5453c639-d287-422b-a7c7-a5c65faac08b","Skywave_Airlines_Agent","SKYWAVE_PHASE_4_5","-3.0","14:53:35","fa96b669-0ac5-48f0-a65b-67fd65d413b4","Show me my upcoming bookings","You have one upcoming booking — LH 1927 BER-MUC-SFO, confirmed.","-3.0","14:53:00"
"Skywave_Airlines_Agent","1f700f7f-c8a2-4e23-a319-5a57f5f32d92","Skywave_Airlines_Agent","SKYWAVE_PHASE_4_5","-14.0","17:49:01","f0d5fe36-d5cf-459e-a926-80169c3c0afd","I lost my luggage in Munich last week, can you help?","I have created case 00012345 for your lost luggage. We will contact you within 24 hours.","-14.0","17:48:00"
"Skywave_Airlines_Agent","98bf763a-1e0c-4e61-a9ac-5cf30fe2daad","Skywave_Airlines_Agent","SKYWAVE_PHASE_4_5","-14.0","10:22:39","7df804c3-ce7a-48f6-a2af-d6ed7864e942","Show me my upcoming bookings","You have one upcoming booking — LH 1927 BER-MUC-SFO, confirmed.","-14.0","10:20:00"
"Skywave_Airlines_Agent","a58e0850-4f18-479a-a2f8-a82137419625","Skywave_Airlines_Agent","SKYWAVE_PHASE_4_5","-9.0","09:21:35","6fcf8aa5-2ffb-4fc0-af5d-6bae79de6466","How many miles do I have?","You currently have 18,450 SkyWave miles. You are at Premier tier.","-9.0","09:21:00"
"Skywave_Airlines_Agent","a58e0850-4f18-479a-a2f8-a82137419625","Skywave_Airlines_Agent","SKYWAVE_PHASE_4_5","-9.0","09:24:53","41905496-d500-4487-a349-c97961bd1f02","My in-flight wifi did not work, I want a refund","I have logged your complaint as case 00012346. A refund will be processed.","-9.0","09:23:57"
"Skywave_Airlines_Agent","a58e0850-4f18-479a-a2f8-a82137419625","Skywave_Airlines_Agent","SKYWAVE_PHASE_4_5","-9.0","09:26:57","7a053293-5c38-4233-a165-21691485ec85","Find flights from JFK to HND tomorrow","I found 4 flights for that route. The cheapest is SW1200 at 1pm for $1,280.","-9.0","09:25:50"
"Skywave_Airlines_Agent","bc7f3478-bdad-4d59-ae53-70c9c3e4e53d","Skywave_Airlines_Agent","SKYWAVE_PHASE_4_5","-5.0","13:26:41","7a83f8e2-57d1-4200-a817-3ab16ce563ab","Whats the weather like in Tokyo?","I can only help with flight bookings and Skywave loyalty questions.","-5.0","13:26:00"
"Skywave_Airlines_Agent","c7c6ac4a-5b4e-4474-aed5-583f03b4653e","Skywave_Airlines_Agent","SKYWAVE_PHASE_4_5","-14.0","12:57:00","3023e5e8-f182-4a8f-a1b1-b099d029c113","My in-flight wifi did not work, I want a refund","I have logged your complaint as case 00012346. A refund will be processed.","-14.0","12:56:00"
"Skywave_Airlines_Agent","c7c6ac4a-5b4e-4474-aed5-583f03b4653e","Skywave_Airlines_Agent","SKYWAVE_PHASE_4_5","-14.0","12:58:34","deb26ad1-7af6-4a2d-af7f-80f1f7dcbde4","Can I move from 23B to an aisle seat?","I could not update your seat assignment. Please contact a service agent.","-14.0","12:57:52"
"Skywave_Airlines_Agent","43fe0c2b-657e-42be-a0e5-d96d6fce0408","Skywave_Airlines_Agent","SKYWAVE_PHASE_4_5","-14.0","18:45:02","f5bb25e6-2087-4fa5-ac2d-14487ac7e82e","I lost my luggage in Munich last week, can you help?","I have created case 00012345 for your lost luggage. We will contact you within 24 hours.","-14.0","18:44:00"
