"AI_Agent_Moment_Id__c","Demo_Identifier__c","External_ID__c","Interaction_Id__c","Start_Days__c","Start_Time__c"
"c4711dc2-4336-4718-a3c5-eba54ae10a6b","SKYWAVE_PHASE_4_5","cb593f97-6255-4cb1-a8f3-6378b52ad178","a5d1a5a1-afd2-4aaa-a76b-5ed43a1f338f","-6.0","18:01:00"
"c4711dc2-4336-4718-a3c5-eba54ae10a6b","SKYWAVE_PHASE_4_5","bb6e8faa-84b0-4ae8-ab18-bd75b6f8d1fd","7f8e0c6a-cdd1-4c8a-a7ac-26269b25655c","-6.0","18:01:51"
"777814b0-cbf1-4954-a7bf-34eb9a950a7d","SKYWAVE_PHASE_4_5","aeea73a5-2ae8-4f73-a8cd-83c76f9dd7ee","e2074bd2-b8ce-44d9-a24d-8eca827749cd","-4.0","08:24:00"
"777814b0-cbf1-4954-a7bf-34eb9a950a7d","SKYWAVE_PHASE_4_5","6bece1bc-7857-4efa-a4d4-104108778342","75690e61-d8ac-4eb6-a52e-b306ea8573ed","-4.0","08:26:08"
"5c6b0032-8f66-4e26-aafa-62d8e42beba5","SKYWAVE_PHASE_4_5","e572e58d-2602-46c6-a66c-a29e2e193563","99344dd8-6b00-4196-a053-d4930fb42516","-5.0","10:00:00"
"5c6b0032-8f66-4e26-aafa-62d8e42beba5","SKYWAVE_PHASE_4_5","65300e38-5b84-49b6-a1ce-d4f4bce0f2c4","9ccf136f-b2da-423f-a2b0-d5d369aa1d14","-5.0","10:00:53"
"3df7c940-8034-48d9-a93f-6bf430a6afc9","SKYWAVE_PHASE_4_5","8aaaa5f9-ddde-43e0-a1d8-c639d216b403","c226328e-9622-427e-ac45-ba42fd4e9f20","-3.0","19:45:00"
"3df7c940-8034-48d9-a93f-6bf430a6afc9","SKYWAVE_PHASE_4_5","fc2e14bb-16a7-4e9a-a536-98e11576f6ec","980f766b-3c39-474a-a383-3dfee2d7e98f","-3.0","19:45:30"
"ffe09c93-0099-4967-aee4-48f1db6dd223","SKYWAVE_PHASE_4_5","be5b8dc7-a8f1-4a7b-a79a-e0a5ccaa8e48","ffac429f-ea59-4b18-a1da-85c009a37b2f","-3.0","19:46:13"
"ffe09c93-0099-4967-aee4-48f1db6dd223","SKYWAVE_PHASE_4_5","b9054087-880c-49b4-ad61-efb9d59b0473","2845e3a9-f275-4c15-a065-f76875a9f374","-3.0","19:46:32"
"2e70b2a4-5ac0-4c8b-a149-81683b15d699","SKYWAVE_PHASE_4_5","016598aa-5b90-49e1-ae0b-b0e42301ffb9","dd61101d-630b-41a2-a09e-a13a41883910","-3.0","19:49:54"
"2e70b2a4-5ac0-4c8b-a149-81683b15d699","SKYWAVE_PHASE_4_5","70cd21f3-6a58-4d4f-ad0f-dae7eb728a7e","10cb7614-59b4-4faf-a401-7a711f946515","-3.0","19:51:10"
"62e4eab9-1bf3-4eb0-a8df-4b7332c8a43e","SKYWAVE_PHASE_4_5","e0fc9c1a-1d02-4c66-a8a5-3bfc5d66a72b","213d38b5-93dc-4863-a754-4b5ef585bd1b","-13.0","14:59:00"
"62e4eab9-1bf3-4eb0-a8df-4b7332c8a43e","SKYWAVE_PHASE_4_5","f8b231e0-4713-4635-aa56-b0fc3ca2a56d","2149739f-38ec-4b70-acfb-3c3483407cc4","-13.0","14:59:50"
"00eeb8af-caf3-4d68-ae7f-568a6b518972","SKYWAVE_PHASE_4_5","69f4c227-72e9-4382-a00f-48f661147afd","2fb90de6-f412-4856-a289-2233b8d6db9f","-13.0","15:00:58"
"00eeb8af-caf3-4d68-ae7f-568a6b518972","SKYWAVE_PHASE_4_5","e3661ad3-4c91-4971-a62c-0ac144c7b8c1","a06d89d5-9e35-4cf8-a526-8f74107f9478","-13.0","15:05:14"
"b70bb037-0095-463b-ac20-ac5b0c6ad609","SKYWAVE_PHASE_4_5","548e15d5-5830-4710-afde-b46249bf8e95","7cf4928b-4eaf-4795-a4c5-80d53a266824","-5.0","10:07:00"
"b70bb037-0095-463b-ac20-ac5b0c6ad609","SKYWAVE_PHASE_4_5","03ca9990-7ff0-4749-a2de-e054f66562d3","f8262dea-e5d2-4534-a96e-8733818c4f7f","-5.0","10:07:25"
"1767067a-8111-4c9f-a68f-b5a48bf029fe","SKYWAVE_PHASE_4_5","427136bb-ddb0-4f2d-ad2f-5c0e1e0be5af","0b26a445-d1ee-4d6b-ad92-534f315e696b","-7.0","17:20:00"
"1767067a-8111-4c9f-a68f-b5a48bf029fe","SKYWAVE_PHASE_4_5","023715fd-8ee6-4a79-ad38-ff8c781e94bc","cdfa1811-409b-482f-afd1-288715a7cb41","-7.0","17:22:25"
"644d931b-c187-401b-a7bd-a20b9e17e43a","SKYWAVE_PHASE_4_5","eab94d7a-d3f8-4385-aa63-82d74703a627","fdbeef0d-9d9a-498e-a2be-d8d4cb4d861f","-7.0","18:27:00"
"644d931b-c187-401b-a7bd-a20b9e17e43a","SKYWAVE_PHASE_4_5","75315880-2326-48c9-ac28-6d0a30451a95","e1644883-aa3f-48d2-a64a-ab15cd086323","-7.0","18:27:25"
"9ede2a02-9f80-4c4f-aabe-f151013f8c6d","SKYWAVE_PHASE_4_5","dc020f05-798b-4367-acf5-dfc0e22e6429","7c285f38-6e92-4c9b-a482-c19b9cbf8882","-11.0","15:54:00"
"9ede2a02-9f80-4c4f-aabe-f151013f8c6d","SKYWAVE_PHASE_4_5","81817894-3a1f-4b84-ad24-5a585bcb7afe","4a309082-6881-449f-ae99-65455a6b6171","-11.0","15:55:53"
"b3995bc0-035f-4475-a6e1-68e50894b4de","SKYWAVE_PHASE_4_5","f503a2f0-f9c0-4817-a4b0-7b534f526044","f840e24f-08ad-4db0-ae3c-9bc04524b1f7","-9.0","19:06:00"
"b3995bc0-035f-4475-a6e1-68e50894b4de","SKYWAVE_PHASE_4_5","094b72db-f506-4bfa-aa33-8a997b1606ce","2b269d05-075c-4a6b-a1b3-d705c9d4e87c","-9.0","19:07:07"
"c1a63546-03c3-405d-ad22-59ed828097f7","SKYWAVE_PHASE_4_5","f789a384-c904-449a-ab21-c31402d918e8","8d5aeaff-2ee4-41bd-af26-1cdc444192a7","-9.0","19:09:11"
"c1a63546-03c3-405d-ad22-59ed828097f7","SKYWAVE_PHASE_4_5","de119da7-a712-4c75-aab3-ae9d5c78f5d7","f5785530-8551-4b8e-acdb-7f375351a4bc","-9.0","19:11:38"
"b666c5e7-a3b3-4d8f-a349-efa773abe2d2","SKYWAVE_PHASE_4_5","3e7fea5f-110a-46ed-a279-17ec3a08c88a","53d72815-19f6-46e7-a67a-9134e5967e32","-13.0","12:12:00"
"b666c5e7-a3b3-4d8f-a349-efa773abe2d2","SKYWAVE_PHASE_4_5","62b4bbf8-4716-4ec7-a818-d58593258655","91107d0f-e8c6-4ac3-a198-da423bc8b4c9","-13.0","12:13:09"
"75f2c33f-ce13-4354-ada3-4af0fb2a3487","SKYWAVE_PHASE_4_5","7950bc57-5ebc-4b08-adf1-4044b6db0fe5","939baabf-d02b-48cf-a9be-bcc30441fec9","-13.0","12:15:22"
"75f2c33f-ce13-4354-ada3-4af0fb2a3487","SKYWAVE_PHASE_4_5","01b89678-a5d6-4d86-a981-468220c00f2d","40695782-3a13-429c-aba6-6b16fc0cbb5c","-13.0","12:16:13"
"75c504f7-b4ab-4c85-a024-65918dbaf49f","SKYWAVE_PHASE_4_5","cc338e12-8894-4334-a5fe-eb35dd511238","972ca142-8262-44e7-a660-c1654e934808","-13.0","12:21:10"
"75c504f7-b4ab-4c85-a024-65918dbaf49f","SKYWAVE_PHASE_4_5","8fd153d6-2941-402d-ad61-0b574cfcaaa2","190d2981-4a9b-4962-acd0-5a1e49ab447f","-13.0","12:21:49"
"9289a767-0a18-4673-a22f-bdd73cb5d021","SKYWAVE_PHASE_4_5","1a695433-936e-490b-a5f9-042d29d37551","dd4f83ba-3b35-4bf4-a28c-b824287d6d41","-11.0","18:08:00"
"9289a767-0a18-4673-a22f-bdd73cb5d021","SKYWAVE_PHASE_4_5","2b2b429b-6cf5-44e1-afa4-0910d0dfbadf","eb8ac24d-c707-4223-a1b6-175df9d1364f","-11.0","18:11:31"
"521c8133-68cc-4e93-a830-d8e577a23ddb","SKYWAVE_PHASE_4_5","4e928e62-437d-42d4-ae6c-890afa575872","d745e297-7ead-48ef-a389-68fb9814f53c","-11.0","18:13:43"
"521c8133-68cc-4e93-a830-d8e577a23ddb","SKYWAVE_PHASE_4_5","abf450e5-0024-4863-a566-6f6963ae92cd","8e257473-518e-45c7-a1c2-f5c138d84a09","-11.0","18:14:42"
"a21b37ff-9588-4449-a05e-de41bcc7e82c","SKYWAVE_PHASE_4_5","b19bf524-a503-4f8e-a554-94251d9f4133","2674e620-b596-49b8-a9ad-b90662973e51","-3.0","10:23:00"
"a21b37ff-9588-4449-a05e-de41bcc7e82c","SKYWAVE_PHASE_4_5","8b34fea8-ec1e-42ad-a6cd-d963a579a8de","f0bbdf98-ad2d-433d-a70a-cbec16cc189c","-3.0","10:23:25"
"9715bbcb-4eea-446c-acba-fedfb25b8675","SKYWAVE_PHASE_4_5","7e707d4c-4ece-47c6-a904-185a4794a694","528890eb-98ed-4662-af6d-b80ad976d2d5","-3.0","10:25:50"
"9715bbcb-4eea-446c-acba-fedfb25b8675","SKYWAVE_PHASE_4_5","7dbf7307-4a00-4cc4-a6b7-1241dc01843f","e95123e7-6b94-4f2e-a262-534c16b930d6","-3.0","10:27:00"
"cb9ea2e1-9a0b-4038-a7ab-b611539ff26f","SKYWAVE_PHASE_4_5","c25dbc07-3f64-43b8-a1c7-dce498259052","39f65344-ceec-40c1-adaa-fbc6dbf147b6","-8.0","13:15:00"
"cb9ea2e1-9a0b-4038-a7ab-b611539ff26f","SKYWAVE_PHASE_4_5","04453682-6cf6-40a4-a483-a516caf1bf55","b2d16823-46ff-4b65-a03a-270f6cc713e1","-8.0","13:16:01"
"530b9daa-ea30-45ea-a317-55e891c2014b","SKYWAVE_PHASE_4_5","22223eda-c13b-4dba-a498-098ce51c982f","983c87b6-d024-482a-aaf6-9ad87cbd579e","-3.0","16:18:00"
"530b9daa-ea30-45ea-a317-55e891c2014b","SKYWAVE_PHASE_4_5","c9afcf6e-4624-4534-a6ea-0afdd8dd3d5c","49b633ba-f538-465d-ad43-cad6de1c4797","-3.0","16:18:44"
"6dfa2fd0-43b7-4018-a007-cb67084c128e","SKYWAVE_PHASE_4_5","7a34163d-aa08-4ff8-a137-c6b35544c239","da4c258f-162d-4c28-a114-26fc004cb897","-3.0","19:25:00"
"6dfa2fd0-43b7-4018-a007-cb67084c128e","SKYWAVE_PHASE_4_5","a86504d7-ad42-4a94-a937-60e52e2e275a","398b5414-87c9-4cba-ae06-b009aa70630b","-3.0","19:27:57"
"bb0d0b90-f07f-4b6b-a740-0d66eb2dbe0a","SKYWAVE_PHASE_4_5","f8331dde-46ee-4127-a97a-a2b8809c6361","2d01a1b2-35f2-4b63-a5ef-e933a40deb7e","-3.0","19:29:32"
"bb0d0b90-f07f-4b6b-a740-0d66eb2dbe0a","SKYWAVE_PHASE_4_5","03e86418-7899-479e-ab06-27083f7b4805","731833b7-e1f6-40f8-ad4d-5da7269487c7","-3.0","19:33:12"
"abfd65d4-09e0-4e75-afb9-64aaed4fba4e","SKYWAVE_PHASE_4_5","53a3a207-99b5-460f-ac9e-8d31c0fa7b7c","41f3f5d8-9ce3-44f5-ac20-23be2c94c3ec","-3.0","19:35:13"
"abfd65d4-09e0-4e75-afb9-64aaed4fba4e","SKYWAVE_PHASE_4_5","2c3a75f5-fadf-4003-abc7-dc63462c3c44","942b50d6-cff1-4c5a-af6f-ccc37e9a6be2","-3.0","19:35:54"
"044bb861-c9ca-4c58-a262-5defae18c8a3","SKYWAVE_PHASE_4_5","59722130-5cfb-4af1-a556-eecb58c72442","ff6ad063-8e17-4adb-a7fc-0692dce2064c","-9.0","19:11:00"
"044bb861-c9ca-4c58-a262-5defae18c8a3","SKYWAVE_PHASE_4_5","bdb7677f-c31e-45c9-add2-54208a67a2e3","9429c2c8-c10a-40b0-a3ab-929216ca4d28","-9.0","19:12:01"
"20a20b32-d0ad-4fe5-a864-27cc0371c70b","SKYWAVE_PHASE_4_5","287693f2-42e2-41cf-aad2-f19c8a107c30","930ba0b4-59c8-4621-aacf-eaf9c3110410","-10.0","12:19:00"
"20a20b32-d0ad-4fe5-a864-27cc0371c70b","SKYWAVE_PHASE_4_5","d7667b3e-021f-47b0-a876-4c3b3c6f69a5","5dd87239-9fc7-42aa-a985-e02fc4572f5a","-10.0","12:19:46"
"4bf6456d-1165-464c-aa23-2e312dbc21aa","SKYWAVE_PHASE_4_5","60ab3dae-3d62-4954-a043-6cffd2a89c28","25403249-d417-4f23-ab9e-84741eea2e99","-10.0","12:20:38"
"4bf6456d-1165-464c-aa23-2e312dbc21aa","SKYWAVE_PHASE_4_5","422d2e90-2b1a-471c-ab73-0a8e95749f3f","5f1e8ee4-9d4f-4871-afd2-1b1231c21de3","-10.0","12:23:13"
"6af34c1c-0dbb-4424-ab38-d6c9bf65598c","SKYWAVE_PHASE_4_5","4db51af4-e626-4651-a404-5d384de1b793","39a7b891-31f6-4b62-add4-2be870f8d94d","-2.0","18:55:00"
"6af34c1c-0dbb-4424-ab38-d6c9bf65598c","SKYWAVE_PHASE_4_5","21de0a30-f42b-4325-a22e-7db314911490","c3a9e928-59a1-4214-a4fa-e5dc3c8cc0b4","-2.0","18:55:53"
"0c163462-f6e9-46bb-aeb0-fe55b4d06f6b","SKYWAVE_PHASE_4_5","2e1959c4-d207-4d6e-a8b4-0f678cf920c5","e23e62f2-28ef-43d5-a65c-adf7e3b95fa9","-2.0","18:56:17"
"0c163462-f6e9-46bb-aeb0-fe55b4d06f6b","SKYWAVE_PHASE_4_5","0a8ea0a9-fa82-42b0-a882-46284f0eb018","7d6bfdd7-7aed-4cd4-ad4a-49c0bd505b43","-2.0","18:57:21"
"e3ab09be-2545-4dd8-a844-315f77e6fb5b","SKYWAVE_PHASE_4_5","05dc66f9-77b9-4597-abda-97e17127efa9","73f98462-eeeb-4b83-a866-c6500779f601","-4.0","16:25:00"
"e3ab09be-2545-4dd8-a844-315f77e6fb5b","SKYWAVE_PHASE_4_5","a9f16eac-be83-46ba-a45b-62c9a0904db1","8dd702e1-6028-46d6-a26e-a6ebfc7bb1c4","-4.0","16:26:13"
"5069524b-840a-4fc4-a0cd-a2848f005e03","SKYWAVE_PHASE_4_5","5e4cb867-071e-4fb1-af29-2cb430268817","b16a745c-0690-4119-a110-90af4cd1ff82","-2.0","19:00:00"
"5069524b-840a-4fc4-a0cd-a2848f005e03","SKYWAVE_PHASE_4_5","4f901286-61ad-4de7-a01e-dd818afe1e57","ae64f304-ff12-4df7-a282-616308e5d7e6","-2.0","19:00:26"
"e00ac82c-b3da-40d1-a5f3-80232bd6ed7d","SKYWAVE_PHASE_4_5","7d256342-863c-4f9e-a1e8-f9b39437eb0e","163bb50c-2f9c-4728-afaf-d09e433bd835","-5.0","11:15:00"
"e00ac82c-b3da-40d1-a5f3-80232bd6ed7d","SKYWAVE_PHASE_4_5","ec1a7070-c15c-4c84-a367-71c88b3d56b4","5645a4ee-98a2-4b08-ad95-945bfb128c3a","-5.0","11:19:05"
"9402e447-3dbe-481f-ae29-cbcf2c53a6c6","SKYWAVE_PHASE_4_5","650f5189-a344-4088-a9a1-38bfaddc2d5e","6e75b663-2632-4d87-a19b-829ffc329bae","-2.0","11:54:00"
"9402e447-3dbe-481f-ae29-cbcf2c53a6c6","SKYWAVE_PHASE_4_5","3b5ec38b-cee5-4250-a13a-64869cbe35cb","9075c635-d6d3-4dd4-a7a1-675a6bb274a6","-2.0","11:57:37"
"f3b6ab04-bc79-40e0-aafd-90a0499fbb24","SKYWAVE_PHASE_4_5","a9fe025a-ac00-45b9-a327-cd4f9d744112","b0d1c698-c5b9-4921-a79a-a69f0e077764","-2.0","14:48:00"
"f3b6ab04-bc79-40e0-aafd-90a0499fbb24","SKYWAVE_PHASE_4_5","f7ba1b6f-e87b-47a7-a47a-720cd2a49011","c0aa55f7-0c72-4504-a211-e1972550a362","-2.0","14:49:09"
"31fe7694-c478-4b48-a2f0-ff13485bb1d7","SKYWAVE_PHASE_4_5","108cc975-1cf9-4fa8-ab0b-5941f752ca7b","919080aa-9bd5-4fe1-afdf-9aabcbd45a3a","-2.0","14:50:23"
"31fe7694-c478-4b48-a2f0-ff13485bb1d7","SKYWAVE_PHASE_4_5","9af04294-244e-4ef5-a3e4-49ff7403ca55","61023e00-b41f-4000-aa49-08a4cb6834db","-2.0","14:53:12"
"7f032568-acbb-4f50-a4f3-53f30def3477","SKYWAVE_PHASE_4_5","e76645ce-c5ca-4525-a19c-a022a0f43540","6668eeef-e955-4b48-a2cc-5005ada3e60c","-3.0","10:48:00"
"7f032568-acbb-4f50-a4f3-53f30def3477","SKYWAVE_PHASE_4_5","488d532c-e6d8-44ad-ac92-831c7965fc17","aa29fded-7771-479b-aace-24c6002af8ee","-3.0","10:52:25"
"43c7c430-2882-468c-a127-1b42881fba20","SKYWAVE_PHASE_4_5","2d4dcf83-7655-46e1-a0af-cb4ce64fea60","aaaf0145-64a0-4e78-a258-9a6a2e261c1e","-10.0","16:55:00"
"43c7c430-2882-468c-a127-1b42881fba20","SKYWAVE_PHASE_4_5","bb4db3b0-f587-45fc-a708-1f4be92730e7","f077401f-d964-4704-ab5f-94906c549265","-10.0","16:55:44"
"fa709547-4ce9-4f2a-a4e8-5464236e2dba","SKYWAVE_PHASE_4_5","743da2f7-eadd-4275-abb4-ab4b4cda816f","6f8b04e2-20ac-4560-ab40-a579ce23cf4e","-10.0","16:09:00"
"fa709547-4ce9-4f2a-a4e8-5464236e2dba","SKYWAVE_PHASE_4_5","eab2c396-9642-4080-a9f5-5a9125135b3b","388e849f-282b-4c87-ab37-d3e5c2f10e7a","-10.0","16:09:36"
"484bfd6a-2141-404d-a22e-0e4b1ba59e0e","SKYWAVE_PHASE_4_5","3c102b41-f653-4e54-a8d0-5e23c8c27e5d","94f4cf80-b100-4a0d-a202-9f1d9a97b95e","-10.0","16:14:05"
"484bfd6a-2141-404d-a22e-0e4b1ba59e0e","SKYWAVE_PHASE_4_5","3f1115a7-318b-48e0-ad9f-a741f4ae0ee8","b675d2bc-a991-408e-a020-f86a86fef5bc","-10.0","16:14:30"
"de2be8f3-f86d-44a4-a4eb-a782ce0988bf","SKYWAVE_PHASE_4_5","7d6c2125-2a73-4416-a5a0-e764018df7e7","b2f69432-3d73-4114-a0bf-1022cefa057c","-12.0","18:21:00"
"de2be8f3-f86d-44a4-a4eb-a782ce0988bf","SKYWAVE_PHASE_4_5","44799129-896a-4e2f-aa2d-949251fa2f16","dd2ec8a7-a678-4b18-a868-be04824bfdf9","-12.0","18:22:11"
"17628b78-73b9-4a2a-a3b4-9ac9d443e433","SKYWAVE_PHASE_4_5","88b624f4-31fa-4c69-af2a-f0490dd455f6","1b45bf81-a194-4795-a656-680d6e08d09c","-12.0","18:22:43"
"17628b78-73b9-4a2a-a3b4-9ac9d443e433","SKYWAVE_PHASE_4_5","9b0c50d4-7430-4175-a40e-5a84fa8020c0","0108459c-b866-4151-aa52-ca398635c6f2","-12.0","18:23:44"
"af5c2d32-017b-496d-aab0-13eb077091dc","SKYWAVE_PHASE_4_5","b33ced6d-2f33-4346-a74c-344d3e7edfd0","1eb6b8f3-5c15-4ae3-a76e-2823e7b73d99","-1.0","16:09:00"
"af5c2d32-017b-496d-aab0-13eb077091dc","SKYWAVE_PHASE_4_5","7c49ef69-d0b4-4470-ab18-c5c825486ae9","0362a637-8acb-4c54-ae87-01627ec0d4b2","-1.0","16:09:29"
"b0fb4f2f-7c53-41da-ae27-f6ad9e3af92f","SKYWAVE_PHASE_4_5","b28b15c7-093a-4112-a89c-9fb07823f62a","348582d3-8cf3-4053-a44a-3704617451b8","-13.0","19:18:00"
"b0fb4f2f-7c53-41da-ae27-f6ad9e3af92f","SKYWAVE_PHASE_4_5","718dbb95-e64d-4c59-a74d-e3b3a4c2a8de","49a11879-d278-462a-a0d2-6aa31e32b35b","-13.0","19:21:55"
"96defaf3-5cfc-4e96-a991-43ced9562b20","SKYWAVE_PHASE_4_5","b5797a25-b1ce-43c3-acca-c5f816b7e84e","911b76fd-b86a-4376-a028-0c2528549632","-1.0","16:01:00"
"96defaf3-5cfc-4e96-a991-43ced9562b20","SKYWAVE_PHASE_4_5","90d96e43-d164-4c78-a57d-7f161e0e0919","bee77148-14ae-4948-a129-81f37b634218","-1.0","16:03:11"
"31488231-0d53-489d-a4df-4095d2362714","SKYWAVE_PHASE_4_5","e4062edc-9ea2-4425-a729-764777f62d15","04fb4edf-e67f-409c-adf7-b02a5c32ff7c","-1.0","16:05:03"
"31488231-0d53-489d-a4df-4095d2362714","SKYWAVE_PHASE_4_5","84c63974-8722-41ff-affc-8395df323880","f96525b4-5bf8-4dc2-ae4c-a6aeba27cc70","-1.0","16:06:16"
"430e794c-356d-4404-adb1-fb57a3beaa91","SKYWAVE_PHASE_4_5","3ca921c9-77f6-4055-adce-1f05aa884515","0f02cdb0-5928-40fa-a747-edf3c3887ff5","-9.0","18:51:00"
"430e794c-356d-4404-adb1-fb57a3beaa91","SKYWAVE_PHASE_4_5","79f7d912-5af5-4ed5-adb4-1ceb2af39dfd","946651dd-3372-4443-aa22-2125f02833e1","-9.0","18:51:30"
"ef3ad973-56b1-4012-aa18-7777d5da85f4","SKYWAVE_PHASE_4_5","196ea440-1e11-4551-adb7-8dcda212f8d1","483ca3e9-d895-4594-aaf9-db2eb1c0b4ef","-9.0","18:52:25"
"ef3ad973-56b1-4012-aa18-7777d5da85f4","SKYWAVE_PHASE_4_5","d61d50cf-3503-4e2d-a1cb-48b4facc3d22","e6bc0006-4994-47e8-a89a-9bd2d26ee0ca","-9.0","18:52:48"
"5ac74688-fe4a-4f57-adeb-400aed9f7dbb","SKYWAVE_PHASE_4_5","96b234be-dac3-40c8-a854-cc3e9465bab9","0a7cd7e2-710d-4b90-a7ae-cd094bae87b1","-2.0","12:19:00"
"5ac74688-fe4a-4f57-adeb-400aed9f7dbb","SKYWAVE_PHASE_4_5","c8a139e8-4922-4708-aec2-7f0a42cf0fd2","39617c11-194d-4be6-abea-d765e13d11c4","-2.0","12:19:43"
"1d418511-9c62-4bf1-a9a2-c5c2d825bd6e","SKYWAVE_PHASE_4_5","7c46726c-28e2-46ce-a477-2231b1a04f89","54ced2ad-714a-4583-a2ab-5d54d5f53dcf","-2.0","12:21:54"
"1d418511-9c62-4bf1-a9a2-c5c2d825bd6e","SKYWAVE_PHASE_4_5","b1c13b16-c428-47ed-a8a2-f51205793a5c","12f08eb8-af24-491b-aafb-6bec1aa56abb","-2.0","12:22:39"
"a5905b4a-5df7-413d-a0e6-e1f3bf4d925b","SKYWAVE_PHASE_4_5","ebe372af-4fa2-414c-a6e0-25bd680d157a","c938859e-0e6f-4cdd-ae64-f9fc49033305","-1.0","17:48:00"
"a5905b4a-5df7-413d-a0e6-e1f3bf4d925b","SKYWAVE_PHASE_4_5","1227dfef-cf56-4836-a52a-7f2624fbbdc7","f1749896-1b08-4269-aa2d-025305acde2e","-1.0","17:49:02"
"623892ec-a5cd-471d-ad18-6432dafb69e6","SKYWAVE_PHASE_4_5","f004b53b-c04a-4f8d-ac4a-5c2c5e6274f6","e4576abb-06e8-4c47-ae2e-e9904f94e812","-8.0","13:02:00"
"623892ec-a5cd-471d-ad18-6432dafb69e6","SKYWAVE_PHASE_4_5","700b8879-fc38-40de-ae77-9eb03f2a80e9","19d10227-2045-487b-a8f4-db1d7c8ff396","-8.0","13:02:41"
"94d2addf-fb79-4b92-a4ca-308c25fe7501","SKYWAVE_PHASE_4_5","a403f5fa-0055-4888-a3d7-3d521424c218","b3c5ef29-b6ae-4f8f-ac51-c3d5d616d300","-8.0","17:37:00"
"94d2addf-fb79-4b92-a4ca-308c25fe7501","SKYWAVE_PHASE_4_5","1c5f5d09-c9c1-4318-ad65-cc564e9416af","271a2ce9-a50f-4eae-a6e0-82deef4569bd","-8.0","17:41:30"
"fb557551-32e3-4629-a88c-0e7d33f19044","SKYWAVE_PHASE_4_5","e4ac35b6-2f7d-472d-a0d2-ee2d58253446","e49f267a-0d67-4d06-ae9c-c1e4de7074ec","-7.0","17:10:00"
"fb557551-32e3-4629-a88c-0e7d33f19044","SKYWAVE_PHASE_4_5","747086bc-c390-45cb-ad49-7faf9ddf4bef","66e88d95-cd3b-4268-a7f9-6603f4ec94f9","-7.0","17:12:46"
"4c372de3-5d95-4e94-a04f-00c815ace854","SKYWAVE_PHASE_4_5","b45597eb-90e7-439e-a276-704d06c69e3c","7bcd64c9-74be-4e4a-a50a-72978c38a51c","-7.0","17:13:52"
"4c372de3-5d95-4e94-a04f-00c815ace854","SKYWAVE_PHASE_4_5","76bd12e7-5ce7-49b0-a9ff-6179de2965ed","ff3715be-c9f3-45e3-aeda-e03a2af6febb","-7.0","17:15:06"
"2d1e6c4f-7f33-4de5-a257-871c57033c95","SKYWAVE_PHASE_4_5","ebf33ec9-21b8-4526-a5de-529b095c1fea","2184d19e-2085-4aa8-a41e-bcfbf1626f02","-7.0","17:15:42"
"2d1e6c4f-7f33-4de5-a257-871c57033c95","SKYWAVE_PHASE_4_5","636c4fe8-5cb7-4474-a2fb-befbec8e4e19","38af1c17-0855-469b-a4bb-7f74a7246bb4","-7.0","17:16:34"
"4f2ec292-2d17-4be7-aecc-3261c6826dc9","SKYWAVE_PHASE_4_5","6b966a71-6a0c-45c2-a01d-8d5543de921d","5ca19326-932e-40b4-ab3b-bc6274b45c69","-12.0","13:32:00"
"4f2ec292-2d17-4be7-aecc-3261c6826dc9","SKYWAVE_PHASE_4_5","11d5e71c-5041-4bf7-abca-7a04f8db3a3d","ba6dcaba-8477-493c-ae92-c0539df1f0a5","-12.0","13:32:44"
"34ef6dfd-da70-45d0-af27-2c426b3a48f0","SKYWAVE_PHASE_4_5","1b343db1-7d52-4600-a4be-54bee93c578e","9de53a7a-926e-4c15-a1ea-062fa1ac45c8","-4.0","09:02:00"
"34ef6dfd-da70-45d0-af27-2c426b3a48f0","SKYWAVE_PHASE_4_5","f4782f65-7f54-42f9-a708-19f9716648c0","b50ff7b7-5445-4af8-a36d-3e24d94b7eba","-4.0","09:06:19"
"74e8f18a-e293-4273-a2e8-f172356ea341","SKYWAVE_PHASE_4_5","8026fc8f-590f-46a8-a7b9-fc71a0dfb67e","623c6e7b-c68b-4074-a791-f999cadb80bf","-4.0","09:08:00"
"74e8f18a-e293-4273-a2e8-f172356ea341","SKYWAVE_PHASE_4_5","e410c75c-233e-490d-a24d-56efa341260a","96736b43-d2ed-4231-ad08-744a66aac080","-4.0","09:11:35"
"b827dc2f-af72-4010-a0bd-fbc6e4c3941f","SKYWAVE_PHASE_4_5","991570b6-2c51-48ab-acc4-ac9c093be72c","94f518c1-5c39-4eb8-a61a-75a83cf00d42","-4.0","09:14:40"
"b827dc2f-af72-4010-a0bd-fbc6e4c3941f","SKYWAVE_PHASE_4_5","af733bbf-c125-4830-a45a-ecba7461a7c7","495e35da-dfc8-4e60-a565-7a186573b057","-4.0","09:16:36"
"2b1e3029-f172-4e76-a1a8-d4836ba14efd","SKYWAVE_PHASE_4_5","74d9d755-4f38-4665-af33-05ddc0b914c1","cd0ff80f-1ed9-4901-a572-21fe3375d6d0","-6.0","16:55:00"
"2b1e3029-f172-4e76-a1a8-d4836ba14efd","SKYWAVE_PHASE_4_5","07df9339-a1a8-45a7-aa36-a50b5b6f8ccf","cda4be92-ab8c-4123-a3c6-53351e9f09e6","-6.0","16:55:40"
"2ea8a2e1-17e4-41db-a4b9-053e6c32881a","SKYWAVE_PHASE_4_5","24913208-67d9-4451-ae82-8a0bdf6c1593","adf6a619-a46e-4b16-a717-cb9477629417","-6.0","16:57:38"
"2ea8a2e1-17e4-41db-a4b9-053e6c32881a","SKYWAVE_PHASE_4_5","8580b55a-6581-4895-ac6f-bee6d8c5c561","f7f77fab-257b-46c9-ae43-8bc489861874","-6.0","16:58:16"
"e7664e1a-0ca9-4568-afe9-ee7f84ffa1bf","SKYWAVE_PHASE_4_5","617d50c0-189d-4951-acd8-43a5a7a95963","2ffe3de7-1139-4f29-ac3b-7066081ef0e2","-8.0","13:23:00"
"e7664e1a-0ca9-4568-afe9-ee7f84ffa1bf","SKYWAVE_PHASE_4_5","0379e3c0-cc3f-4772-ab81-505fbaaf15be","ddcdeb1e-9dfd-4fc5-a206-88fd4a30768b","-8.0","13:25:01"
"6486cf8f-6f53-4559-ae85-4c34def54d20","SKYWAVE_PHASE_4_5","64c2da62-d6ab-4fa0-aeeb-655946b0963d","236550cf-efd3-471e-a750-d72198614d53","-5.0","12:42:00"
"6486cf8f-6f53-4559-ae85-4c34def54d20","SKYWAVE_PHASE_4_5","331dcbff-ef24-4fed-a89d-5515f54c9707","133d51ce-fded-465a-ab5a-19d6bf87e762","-5.0","12:44:09"
"16193354-dc9c-4617-a69f-007967379b3d","SKYWAVE_PHASE_4_5","2a942f89-869d-4050-afed-10ad458d2b62","3785c6c2-26f4-4e22-ab66-8c84883f81d1","-5.0","12:44:49"
"16193354-dc9c-4617-a69f-007967379b3d","SKYWAVE_PHASE_4_5","26c3896f-3450-466f-a068-1a27b276c6f9","9ff128c0-f8c6-4abd-a8dc-cd45a79567e3","-5.0","12:45:53"
"d8c9b6e3-536f-4079-abb3-55e34b3c2111","SKYWAVE_PHASE_4_5","6535be34-1bd4-4a0f-ae47-8459ca55424c","c3f38f21-cf3a-46df-acca-6ab741fba583","-14.0","08:42:00"
"d8c9b6e3-536f-4079-abb3-55e34b3c2111","SKYWAVE_PHASE_4_5","90780fa5-b0a4-4782-a714-f23e7603ce5c","f78ed1af-54c6-43bc-a551-9b144e77ac71","-14.0","08:42:20"
"be232820-a53a-4858-a165-73ab44a57cb9","SKYWAVE_PHASE_4_5","17761986-4499-4a1c-add5-64c605f66d2b","0d2084c7-a0a1-40e8-ab86-8eca95eb2b3e","-13.0","16:40:00"
"be232820-a53a-4858-a165-73ab44a57cb9","SKYWAVE_PHASE_4_5","c7154dc0-bee2-4697-adbe-d27e3dc904a0","c1b2b8f4-c0ed-4285-a4ed-03f8790a47c1","-13.0","16:42:23"
"5f0dbba7-40f1-4c5c-a03b-f66f7d5d448f","SKYWAVE_PHASE_4_5","b46eb220-e173-469c-a8bc-80a2b5c31018","fae4fe93-6fed-4f18-a357-69a34bd5d175","-7.0","18:54:00"
"5f0dbba7-40f1-4c5c-a03b-f66f7d5d448f","SKYWAVE_PHASE_4_5","9fdad392-303d-456d-a2d6-d619a1fbe35d","9493e3a8-25cb-49e8-a411-41f5631048ec","-7.0","18:54:44"
"45e44efa-1d52-4b28-a9f0-034a0f818a46","SKYWAVE_PHASE_4_5","6a4ac0ee-6511-4922-a29b-d807f69428a0","25cf561f-f14c-4d61-a23d-15c687966cf7","-7.0","18:58:41"
"45e44efa-1d52-4b28-a9f0-034a0f818a46","SKYWAVE_PHASE_4_5","08fc92b9-0f86-44f1-af42-7ac1b71bfe5b","64dafff9-d052-4ff7-a468-fde201f0a2cf","-7.0","18:59:25"
"c0e54dd2-48b5-4516-a877-a5f69449b910","SKYWAVE_PHASE_4_5","6cfa20e1-0543-4623-a647-ccf72695bc80","1ddaf3fd-d4bb-4804-a57f-c186b1ecb709","-9.0","08:51:00"
"c0e54dd2-48b5-4516-a877-a5f69449b910","SKYWAVE_PHASE_4_5","d161c327-4f33-4738-a49b-b3d8b2f234c8","8d6eba87-f89f-4a81-add6-7b625f256ffa","-9.0","08:55:38"
"4de6bbfc-a709-419d-a039-f5f52ca9d963","SKYWAVE_PHASE_4_5","1c1cddd1-0bdc-443a-a058-ff12f77b78ba","31bc57dc-fc03-409f-ab32-eeb1542e7189","-9.0","08:56:01"
"4de6bbfc-a709-419d-a039-f5f52ca9d963","SKYWAVE_PHASE_4_5","aa106135-5a91-4083-a01c-e3f62f7625d0","31540c6b-e8b4-4713-a3f5-937c1100d54b","-9.0","08:57:15"
"a3a09283-3f6d-4dc6-aef5-4901f2f82a0b","SKYWAVE_PHASE_4_5","150a841b-c7ac-4219-a4f6-cdf1e57aaa20","b384f27e-c572-44d4-a04b-57902d681ddf","-14.0","12:50:00"
"a3a09283-3f6d-4dc6-aef5-4901f2f82a0b","SKYWAVE_PHASE_4_5","e505ba43-ff55-443b-ae70-d210db7b928e","704132d2-f467-4a21-a947-d5754eb1e4a0","-14.0","12:50:47"
"b643a729-c544-4306-a642-907140c1e753","SKYWAVE_PHASE_4_5","f525cf47-6df0-4bc5-ab07-8311633d0834","257e6350-f6f1-44f9-a81b-986efdfe6186","-12.0","13:18:00"
"b643a729-c544-4306-a642-907140c1e753","SKYWAVE_PHASE_4_5","3d914e32-5555-4860-a1f5-e9dd9c78d788","3fc9e4de-3cd3-4b45-ab1c-c3bb7fcc06ec","-12.0","13:18:46"
"09d1641b-b427-4eb2-af9f-d38294a52cf2","SKYWAVE_PHASE_4_5","cba957ad-665f-49eb-ab96-55fcf06e8980","c3f759be-0280-4fba-a048-c3def95fc251","-12.0","13:20:03"
"09d1641b-b427-4eb2-af9f-d38294a52cf2","SKYWAVE_PHASE_4_5","0eb35079-7353-4a86-aea0-9e77e361e33c","bc26e486-17d4-4777-a035-1309031ae068","-12.0","13:22:44"
"fa00c4bf-7be2-4f88-af43-08589c7117b8","SKYWAVE_PHASE_4_5","485c1fd5-5979-4dc9-a719-caa30e148cb7","6eaa66ed-7af4-4597-a181-16af1819a7ce","-1.0","18:22:00"
"fa00c4bf-7be2-4f88-af43-08589c7117b8","SKYWAVE_PHASE_4_5","48e9b034-2565-4491-ac92-a46cba2655c2","6bacb187-eefc-4ad4-a13b-7d7aee008fe1","-1.0","18:26:07"
"385cea45-bcb6-45dd-af55-d1e3266fffc1","SKYWAVE_PHASE_4_5","c18ab967-74ea-47dc-ad7f-202b9bc1b6a2","a47d345d-4e3c-4090-a095-af7177570756","-1.0","18:27:07"
"385cea45-bcb6-45dd-af55-d1e3266fffc1","SKYWAVE_PHASE_4_5","e3c7f5dc-8865-4df0-a4a1-f1f30635f0ef","a9fa2fed-8fb2-40d5-a6d3-abf77e39946c","-1.0","18:27:37"
"6f9c36b5-9e5b-4547-a73b-662693fb11ab","SKYWAVE_PHASE_4_5","c06c243e-6edc-4210-a897-3d84f13dcad7","15605841-3dae-452e-a16c-389811709864","-1.0","18:30:12"
"6f9c36b5-9e5b-4547-a73b-662693fb11ab","SKYWAVE_PHASE_4_5","fbfef0cf-df43-4a36-a37b-99914d824b88","ff87697a-eac6-4123-a491-8448fe4afbfd","-1.0","18:31:14"
"99925696-3470-45ee-ae56-e63b65232f99","SKYWAVE_PHASE_4_5","30c63ece-cff1-4737-a3a8-367801a23a3c","35aba1e8-c6c8-4992-a025-2449a2681a73","-1.0","16:07:00"
"99925696-3470-45ee-ae56-e63b65232f99","SKYWAVE_PHASE_4_5","3e785116-5d3d-4754-a0a7-339ca7a4de70","92614c21-7342-47e5-ad40-ce245cc746bb","-1.0","16:07:20"
"3694dc0b-8444-4fde-ab92-ce614fdd3616","SKYWAVE_PHASE_4_5","1a17e56f-fc8f-451a-a82e-dd21513060fd","cbe93813-9b62-4d19-afcf-bd5b351c0839","-13.0","14:25:00"
"3694dc0b-8444-4fde-ab92-ce614fdd3616","SKYWAVE_PHASE_4_5","41e1f28e-6464-4a70-a94c-46eef1dbdb01","ae3feec1-bb6d-4d16-ad01-739b89035f4c","-13.0","14:25:25"
"1b697161-00b2-4689-ae8e-f8add50d0946","SKYWAVE_PHASE_4_5","c2372c37-98ad-49a6-a552-24d99b488ffa","f51fbfc8-4f9b-49d2-a047-bc5fb2de2919","-13.0","14:25:44"
"1b697161-00b2-4689-ae8e-f8add50d0946","SKYWAVE_PHASE_4_5","5256772a-7d16-4b46-a934-ac466a4770a1","9c1735bc-dac3-4808-a8c4-a3f7b441b418","-13.0","14:27:50"
"2853aefa-7646-4ac4-a055-d89411a84e97","SKYWAVE_PHASE_4_5","6cdd0afd-43cb-402d-adc9-5165aed30264","7695b133-f98f-4ef3-a308-ab8ed3e4ba1f","-1.0","08:14:00"
"2853aefa-7646-4ac4-a055-d89411a84e97","SKYWAVE_PHASE_4_5","b60bbf3b-411d-456e-a230-13a7fde5183f","5bd10e11-53f5-4ed0-a4be-118e5dc6d8cb","-1.0","08:14:50"
"bd4621a6-878a-46ee-add0-745c868c2a99","SKYWAVE_PHASE_4_5","fea0f070-b79d-49fc-ac31-e0b7698cfdf7","f44b894d-12af-45bf-a84c-95fdfb0c88a5","-1.0","13:41:00"
"bd4621a6-878a-46ee-add0-745c868c2a99","SKYWAVE_PHASE_4_5","c32149e7-9b44-418c-ab26-3fe9cf68bef1","bfce1eb9-e9a0-4827-acf2-a6cd15845edd","-1.0","13:42:09"
"02879a3f-3ff2-4fce-ac23-07cfb6d91202","SKYWAVE_PHASE_4_5","239abc08-6b88-4e3e-a677-f3e9ef7b06c9","96bf7b65-a55a-465f-ac1b-c7d3166eebf5","-1.0","13:42:56"
"02879a3f-3ff2-4fce-ac23-07cfb6d91202","SKYWAVE_PHASE_4_5","d7651cb8-8289-444b-a3cc-93fe98dc481b","f3beb5f6-6584-4843-a9cb-ec6493c20994","-1.0","13:43:31"
"1143d970-20be-495f-aca0-866eb1e90197","SKYWAVE_PHASE_4_5","0ccfb94a-fd31-4737-a497-e457b2ccdb87","fb1aa619-d822-43b0-a247-251d35b05920","-2.0","16:34:00"
"1143d970-20be-495f-aca0-866eb1e90197","SKYWAVE_PHASE_4_5","57081210-4be3-4a84-a2a0-70b6a1cd9411","43042ce3-12f1-4e4f-aad3-8e73cc37ab8e","-2.0","16:38:20"
"5787f7cb-03d1-4ac9-ad8a-68090e99806f","SKYWAVE_PHASE_4_5","1ff48176-b88a-4d6a-a91a-2593ef8937b5","9dee6ed9-4ffe-4004-a72b-a8e39c81e47a","-6.0","15:20:00"
"5787f7cb-03d1-4ac9-ad8a-68090e99806f","SKYWAVE_PHASE_4_5","a0a54a17-e1af-4621-abfc-113e6e46355b","e51190d4-f276-4383-ae3c-3a0fd2d835b3","-6.0","15:20:49"
"6e7b36e7-b7a1-4d69-a789-3a9336c103e8","SKYWAVE_PHASE_4_5","12ba209c-8b22-4aa4-a035-6ac38e40278f","04f03e79-e9cc-46af-a3fe-08fb4a41966a","-7.0","13:05:00"
"6e7b36e7-b7a1-4d69-a789-3a9336c103e8","SKYWAVE_PHASE_4_5","a460f3e7-5126-4927-ab40-46f1f9c58db2","e11c341d-a8f0-4d9e-a60c-f756ea0ee59b","-7.0","13:05:37"
"acd6610f-0f45-442d-a953-d35d84f28534","SKYWAVE_PHASE_4_5","9f0da1a0-ee4f-4459-aff1-4320347abf70","58e2fe80-2a87-4078-ab53-9bcc01b7cab1","-7.0","13:05:58"
"acd6610f-0f45-442d-a953-d35d84f28534","SKYWAVE_PHASE_4_5","3bd347be-b44b-4a4f-a9d1-576aee0eb99c","bea8f807-3dc8-48b6-a7d6-b16c7ccb04b7","-7.0","13:06:16"
"0b30e925-df26-4cd2-ab08-d84c688416ce","SKYWAVE_PHASE_4_5","5491861e-1234-472e-ac9c-caceab476250","9b9f53c3-ee45-4d8e-acdb-462aa6cc712b","-12.0","12:55:00"
"0b30e925-df26-4cd2-ab08-d84c688416ce","SKYWAVE_PHASE_4_5","489d6591-9e9c-400b-a29b-d597cf433118","d16130c6-fc02-45c8-ae4c-9d9788ee365e","-12.0","12:55:36"
"6c12fece-580d-43f0-a359-5090fd880fdd","SKYWAVE_PHASE_4_5","1f060cf5-662b-4b42-aac4-e0e6e138b03e","0a0ffe2d-3718-44a1-a508-03fa2a15d7e1","-7.0","17:16:00"
"6c12fece-580d-43f0-a359-5090fd880fdd","SKYWAVE_PHASE_4_5","100d1ca5-cf03-4f3d-a360-0bea82c0bda8","5539428a-abc9-4c1f-af17-63e25e9d98fc","-7.0","17:16:50"
"565fbe35-9c1c-4e48-a5f1-bcf848d76b53","SKYWAVE_PHASE_4_5","2a53ea2f-9c6f-4c4e-a343-4404e73be46a","8a19bf4e-58d4-4414-a868-de60ea4a4580","-7.0","17:17:39"
"565fbe35-9c1c-4e48-a5f1-bcf848d76b53","SKYWAVE_PHASE_4_5","58c1badc-b315-47f6-a974-cf1c486faea6","da328b69-3af7-4ca2-a09b-6fae797c33b3","-7.0","17:18:00"
"f57a97ce-dc42-4deb-a4a6-92da81458884","SKYWAVE_PHASE_4_5","2e712b41-5654-43b8-ace2-042f8924ac18","d2a079b9-8b37-4079-aa61-6badda658336","-7.0","17:19:05"
"f57a97ce-dc42-4deb-a4a6-92da81458884","SKYWAVE_PHASE_4_5","3e9e3ab4-c4fe-4742-a628-69c199f54650","f7d6f860-2163-4455-a6c0-37a255cc981e","-7.0","17:22:10"
"dd761d9a-ea95-4a60-a9ae-d48b35f80df1","SKYWAVE_PHASE_4_5","d3672509-c097-4272-a70e-8f822977ddf8","2bd56f51-26af-4948-ab3b-7fee1a1e8a2d","-9.0","19:37:00"
"dd761d9a-ea95-4a60-a9ae-d48b35f80df1","SKYWAVE_PHASE_4_5","fe925260-a769-4c72-a323-89af4bfd04a0","cfa0a5ea-97d9-4f42-a966-2aac8a51d611","-9.0","19:38:57"
"a3d84389-75a2-4a4e-aff0-66225043615b","SKYWAVE_PHASE_4_5","c8952e5b-6db1-4fde-afdf-9a39eb8f194a","12a57833-f319-4a34-a543-dd720e9a5ed6","-9.0","19:39:37"
"a3d84389-75a2-4a4e-aff0-66225043615b","SKYWAVE_PHASE_4_5","88f49bb8-61a7-4a1f-a368-416ba947f0ea","7d98f33d-13be-44a9-adc5-d91a1998985b","-9.0","19:39:59"
"ad20d9d0-deee-450f-ac65-061eed3d455e","SKYWAVE_PHASE_4_5","7017f199-d98f-439e-a2eb-70ec0e9d815a","f7c160fc-1c0c-40bb-a3d4-2da05c7cb6a0","-9.0","19:40:44"
"ad20d9d0-deee-450f-ac65-061eed3d455e","SKYWAVE_PHASE_4_5","55cd0bc2-2d91-4338-a167-08aed23025ed","546ee7d6-8930-4a9b-a728-4263dec85b12","-9.0","19:41:51"
"e7581ec0-6b19-4037-a870-85977351a81e","SKYWAVE_PHASE_4_5","7853ccdd-ba13-4f4e-af12-de9531efc6b2","d3628f7b-8ff3-4b29-a759-d66861be399b","-8.0","11:31:00"
"e7581ec0-6b19-4037-a870-85977351a81e","SKYWAVE_PHASE_4_5","2f9d0dda-455a-4c9f-a698-467c67ec675f","37d72e61-d466-491c-a772-686cfe937274","-8.0","11:31:39"
"89be91bf-ce9e-45f8-aa50-54dda57eaab7","SKYWAVE_PHASE_4_5","262eca95-3b44-45ab-a33e-505586d0330b","531c3e66-a9f9-42f1-acca-7695938d33e6","-8.0","11:32:26"
"89be91bf-ce9e-45f8-aa50-54dda57eaab7","SKYWAVE_PHASE_4_5","12ebfbd9-c5a0-4d04-a376-80102d7e28db","146a8646-989c-4bd3-a618-9fb488a0bbeb","-8.0","11:35:20"
"8cc56e5c-ec49-433a-a062-d4c5be7bb099","SKYWAVE_PHASE_4_5","83074e36-00be-4546-a38d-5dd3c0f044c6","523af3a4-d876-4ca5-a559-e1bc7783513d","-14.0","12:27:00"
"8cc56e5c-ec49-433a-a062-d4c5be7bb099","SKYWAVE_PHASE_4_5","8cd24512-d0e0-4df0-af47-8b97cb479362","37db5ac9-8935-45d4-ae94-bdb67f19951e","-14.0","12:29:40"
"fe182180-a098-4fe5-ae54-436443640e23","SKYWAVE_PHASE_4_5","c99387b5-e10b-4b10-a72f-df9b89358fc0","51bfc73f-4548-45dc-aba3-73d6b8ef8b4e","-12.0","15:44:00"
"fe182180-a098-4fe5-ae54-436443640e23","SKYWAVE_PHASE_4_5","0ed3c567-4174-4c2c-a76d-adadadc3fceb","b7a3db97-febd-400e-aeee-d6ba5778a85c","-12.0","15:44:21"
"0d1e03b6-a7c7-4d0d-ab84-fe76d749e3a8","SKYWAVE_PHASE_4_5","b8090f9e-8855-450f-a848-fe4e048be165","4b407bc8-b2ad-4c27-abc0-8a2f92d90e93","-12.0","15:44:45"
"0d1e03b6-a7c7-4d0d-ab84-fe76d749e3a8","SKYWAVE_PHASE_4_5","6b39bd0e-5960-4bca-af63-c0a31ff84298","266a07b9-432b-41c4-ac80-b266689b78d2","-12.0","15:45:03"
"3cc093c3-65db-4ff8-ad4a-8bed83307c77","SKYWAVE_PHASE_4_5","d381940d-29ff-49cc-a4c6-1c907cadf409","0838afe6-598a-4ccc-aaf2-5b9528d6562c","-12.0","15:45:32"
"3cc093c3-65db-4ff8-ad4a-8bed83307c77","SKYWAVE_PHASE_4_5","a0bb0f11-f350-40d3-a4bf-b58d309618bf","10304044-604e-4538-afda-b2ae96ad851c","-12.0","15:46:26"
"19291b0d-b030-4774-a6b2-002c682e4e26","SKYWAVE_PHASE_4_5","75fdd4d2-b1c4-4f0a-add4-d88c23ca8235","fcec7553-01f8-4980-a4aa-20f921fe7ff0","-7.0","15:01:00"
"19291b0d-b030-4774-a6b2-002c682e4e26","SKYWAVE_PHASE_4_5","64fa876a-f43d-486c-ac42-5de5e94ce972","2671433d-4cf6-491e-a1d0-b36c4433bb8c","-7.0","15:02:15"
"d2de579b-7260-48c4-a5e1-8419cf527318","SKYWAVE_PHASE_4_5","f2cdbbb4-9d4e-4f18-a207-db7def79c2bd","08a75050-0b7a-487e-a657-92d767ff65d7","-7.0","14:17:00"
"d2de579b-7260-48c4-a5e1-8419cf527318","SKYWAVE_PHASE_4_5","dfc5afe4-449b-4886-a6bb-cd518410942d","cd47325e-a9a0-4dc3-ac3c-4f7e9670d583","-7.0","14:21:33"
"3761e3f1-d0c8-42eb-ab39-84e57d3abd98","SKYWAVE_PHASE_4_5","a7832654-933f-465e-a6df-cca6aa76f2cc","dcd4925d-588b-4fc6-a0b6-20e06fa38255","-7.0","14:22:47"
"3761e3f1-d0c8-42eb-ab39-84e57d3abd98","SKYWAVE_PHASE_4_5","dfa81012-59f3-4e07-a007-fd5121310a8e","c59c03b6-efe1-4cfd-aea4-3183c2f89270","-7.0","14:23:48"
"a2ac31da-5804-4445-af1e-e95985e05440","SKYWAVE_PHASE_4_5","3e0458fa-f69e-4df1-a536-497faf82c9ab","60b913f7-da38-45e5-a6d5-adeb3575e7b2","-6.0","19:32:00"
"a2ac31da-5804-4445-af1e-e95985e05440","SKYWAVE_PHASE_4_5","0b4098f5-e5ba-4b14-a102-2e82642c8f23","c9a6fec9-443e-425e-aadb-f65024f5773d","-6.0","19:33:08"
"7ada3972-4ea1-4a56-aa9e-3ca2bedce8dd","SKYWAVE_PHASE_4_5","ab6c4411-2741-458f-a25e-041589af9cbd","cabd6a95-54ee-4b28-aa71-57a6d4bc1dfb","-6.0","19:33:48"
"7ada3972-4ea1-4a56-aa9e-3ca2bedce8dd","SKYWAVE_PHASE_4_5","b4d11991-43c5-4cdd-ab22-f0785eca247f","836ddf4a-01d5-4e55-a4e8-ea01b6401e7d","-6.0","19:34:41"
"a7ca1c14-e0ee-4e73-aa0d-20a5dd4f764b","SKYWAVE_PHASE_4_5","15e3b471-886a-448f-a392-ad2d92ef7cd0","abeba71c-74f0-4fb5-a91e-0dbf485e29a7","-7.0","10:33:00"
"a7ca1c14-e0ee-4e73-aa0d-20a5dd4f764b","SKYWAVE_PHASE_4_5","3f355070-33a8-498e-ad90-0ddaf0d05648","206880b4-1c89-40eb-adf3-08af780903ae","-7.0","10:33:31"
"f0fe812f-8fdb-4f60-a1ce-adbc3acdb230","SKYWAVE_PHASE_4_5","ce86dcf0-824d-4b19-ab6c-b81e6ac4dcdc","d737d535-4503-4804-a3ba-b1fe930ca5a4","-7.0","14:44:00"
"f0fe812f-8fdb-4f60-a1ce-adbc3acdb230","SKYWAVE_PHASE_4_5","f42516ec-743f-495e-a160-45ea9ad1db05","9e38618d-5daa-40d0-aa98-3105778d2d12","-7.0","14:45:17"
"9c735d21-a6b7-4191-a1fd-56c8155a6a77","SKYWAVE_PHASE_4_5","9256cabf-1cf7-4da2-a16e-09966be788a5","54ed9035-0778-429b-a3f7-d24232df4337","-6.0","15:32:00"
"9c735d21-a6b7-4191-a1fd-56c8155a6a77","SKYWAVE_PHASE_4_5","e3f6f1d7-26fe-4c38-a110-634e9a406f61","169624c7-f4d3-45f0-aa7c-5975cec886fe","-6.0","15:32:57"
"a98ca031-5710-47c0-a888-0860c1adc9c2","SKYWAVE_PHASE_4_5","8bed8dbc-be18-4f08-ab70-7436a1999e93","5aad53c1-0a21-4f78-a531-82213e4688f7","-4.0","10:36:00"
"a98ca031-5710-47c0-a888-0860c1adc9c2","SKYWAVE_PHASE_4_5","7d8104fd-e022-4370-ac13-fcf33ef21be3","da731ee3-9f61-4d33-a316-917e66249cfd","-4.0","10:38:23"
"e216f2d3-ed38-4e54-a3c5-502022a78fb5","SKYWAVE_PHASE_4_5","b7228c34-3f6b-45ca-a360-908ffb20b49b","ccadc81e-31ba-4a4e-af02-357a7890d326","-4.0","10:38:42"
"e216f2d3-ed38-4e54-a3c5-502022a78fb5","SKYWAVE_PHASE_4_5","73d2eee4-85d2-4d70-a959-155bd54f2565","6f0442bf-3582-4f72-af9f-58804b475762","-4.0","10:39:30"
"5d0a08b2-e501-48cb-ace1-510320cbeed5","SKYWAVE_PHASE_4_5","b7648757-5078-406a-a0ce-64317cc1321b","69b6ad92-0364-49ab-a9d0-bb59e264218b","-2.0","17:19:00"
"5d0a08b2-e501-48cb-ace1-510320cbeed5","SKYWAVE_PHASE_4_5","22860d25-83fa-47f2-ade4-50b33bc00742","8dc69d00-7a99-4775-af89-a2aeafa4f720","-2.0","17:22:22"
"fcdd729d-9e7a-4713-a8c5-adda3a3b5c59","SKYWAVE_PHASE_4_5","adea53ad-4cc5-4eed-a234-4703b5cf97fa","80d5cbe2-c777-4346-af38-8b680a33c7cb","-2.0","17:23:05"
"fcdd729d-9e7a-4713-a8c5-adda3a3b5c59","SKYWAVE_PHASE_4_5","880199d6-2dc2-4783-aa7b-a6e9268b03e0","6905d08b-9d90-4a65-a82f-2db0a47debdb","-2.0","17:28:06"
"96e059f0-8914-4d7e-a943-4002e3403f33","SKYWAVE_PHASE_4_5","ae36330f-cad9-433d-a1e0-ba15ee334b87","b14a5073-1df1-4a5d-acf5-7b773b751e81","-5.0","12:36:00"
"96e059f0-8914-4d7e-a943-4002e3403f33","SKYWAVE_PHASE_4_5","400e6a38-1f57-4f3f-a457-1a0e54bacfea","acef90f4-edf2-4908-aaf1-c1a423decfb2","-5.0","12:36:45"
"5aa2f76d-0d34-4bbc-a3b9-05988f68e321","SKYWAVE_PHASE_4_5","2468a060-362c-44f1-a084-32da254d7ab4","7005afcb-1eca-4d10-a57a-1af92d1a9f6c","-7.0","16:38:00"
"5aa2f76d-0d34-4bbc-a3b9-05988f68e321","SKYWAVE_PHASE_4_5","2a850d4b-5ee8-45ab-a4cf-0507ab63096f","6555f540-9b9d-4b4d-a67e-efcfeb3559b7","-7.0","16:41:45"
"2338823a-30b1-4ddb-a1bb-d5ac95796b40","SKYWAVE_PHASE_4_5","810be11d-98a6-4622-a403-690b9bdba518","c9a467f3-e89a-475b-a66d-2413a3eb13b0","-7.0","16:42:38"
"2338823a-30b1-4ddb-a1bb-d5ac95796b40","SKYWAVE_PHASE_4_5","7dc1831b-56ae-4429-abdb-f283926954f1","23060757-9c27-4a4e-aa73-e57589544bbb","-7.0","16:43:22"
"ff53609d-19d3-4c96-ae2d-0c6b5e21d714","SKYWAVE_PHASE_4_5","0687d4fa-a148-4435-a77f-13479f3e260e","a3135d7c-b2b2-459e-ac0c-278f442e239c","-4.0","17:46:00"
"ff53609d-19d3-4c96-ae2d-0c6b5e21d714","SKYWAVE_PHASE_4_5","35834c3b-3817-467d-a841-6ccc3b88ec3d","d54df476-dbb3-49f9-a232-f348d962761f","-4.0","17:47:15"
"94f378ee-34f5-47a7-af61-6eeec3f162ea","SKYWAVE_PHASE_4_5","a2bffa91-f0a9-4dc8-a45b-8173e9ee302b","8f28643b-8f7f-4398-a891-d851a3ef35bb","-3.0","11:33:00"
"94f378ee-34f5-47a7-af61-6eeec3f162ea","SKYWAVE_PHASE_4_5","e534242d-5371-4bba-a31d-402611b48465","879051e1-e561-412e-a503-ffe5c1f54901","-3.0","11:33:56"
"47eb6e81-90e9-4f0c-a15f-f613b1ae9703","SKYWAVE_PHASE_4_5","3fdcf993-515e-4859-af36-b57249533ebb","d821867a-21f9-4bca-a9e0-e60fa7ca51e5","-2.0","09:42:00"
"47eb6e81-90e9-4f0c-a15f-f613b1ae9703","SKYWAVE_PHASE_4_5","9976163f-e825-4140-a667-735076db144b","8bf1ffaf-89e1-46da-aa3b-9507756c7b1d","-2.0","09:46:44"
"ea2cec24-c9b2-4f14-ae34-56e167cbd6ae","SKYWAVE_PHASE_4_5","c0a8db7d-a3bc-4175-a688-99b686cd61c6","075193ee-d477-4ad8-abca-cc84ead4b5a5","-2.0","09:47:43"
"ea2cec24-c9b2-4f14-ae34-56e167cbd6ae","SKYWAVE_PHASE_4_5","28ee7153-c322-4582-afbd-33fda53d99fd","2da071cd-5570-4a75-a40d-9d86bf69e2e9","-2.0","09:52:04"
"74f7f740-e06e-47da-a877-f7414794630c","SKYWAVE_PHASE_4_5","631f52b3-717e-41b1-a687-47558d6129fc","1d499dcc-4515-4225-a77a-f8d1e85b0b7a","-10.0","19:36:00"
"74f7f740-e06e-47da-a877-f7414794630c","SKYWAVE_PHASE_4_5","cd9ebdfb-507a-45fc-ab49-f92837be6735","a15ac5ea-5dec-4216-acc0-c296de0a6c4d","-10.0","19:40:39"
"06a02457-bcf4-4ea5-aed3-f41effbdf81c","SKYWAVE_PHASE_4_5","f4cc66c5-13be-47f4-ae0f-912143b62278","5b0b655c-4e9e-4fc0-a5b4-5b6e9b55b03a","-10.0","19:41:19"
"06a02457-bcf4-4ea5-aed3-f41effbdf81c","SKYWAVE_PHASE_4_5","c05f55b0-d7ff-4ae3-aebd-993dd0084bbb","8d19da3b-0e26-4d6e-a54e-ff9a42034da5","-10.0","19:44:35"
"d6869083-d814-49b6-ac97-0c4675040676","SKYWAVE_PHASE_4_5","25e07fad-64f9-4aae-a677-5a6fbdef5ade","2656196c-9931-4525-a507-f0d59fe25215","-10.0","18:20:00"
"d6869083-d814-49b6-ac97-0c4675040676","SKYWAVE_PHASE_4_5","566a9f07-946e-498a-ae64-e508ec7a18d6","64d76e2a-1453-4d16-af4a-e3bbeb6de2f4","-10.0","18:22:17"
"21521698-576d-4b8a-a3fc-47ebf104dd80","SKYWAVE_PHASE_4_5","16b81b8e-a68f-4387-acef-b740cf317fe8","2ea5ca62-caf1-412d-aa8b-c2a60d566de4","-13.0","08:55:00"
"21521698-576d-4b8a-a3fc-47ebf104dd80","SKYWAVE_PHASE_4_5","9c451305-ccda-4e2f-aef8-e5f33074a5ff","78392cd2-e682-4574-a18e-98501509859c","-13.0","08:55:38"
"5631fa80-2d5d-479b-a02d-eaee17234587","SKYWAVE_PHASE_4_5","b1d920e2-b51c-4e3d-a61e-87e38797b82a","1f1932c4-1534-47ad-a3ac-9948cd764120","-8.0","13:03:00"
"5631fa80-2d5d-479b-a02d-eaee17234587","SKYWAVE_PHASE_4_5","fb6e9da2-2e1e-46b5-a700-fe4be735f18f","2de145b1-f5ad-4357-a806-2e2efc28b78f","-8.0","13:03:55"
"4919d3cf-7e84-4b2a-a5f8-709f3adbc363","SKYWAVE_PHASE_4_5","af55cbd0-e259-4222-a63a-1b8bf9dd1774","e0b14e43-82f8-4200-a686-4782598e0ba2","-4.0","17:33:00"
"4919d3cf-7e84-4b2a-a5f8-709f3adbc363","SKYWAVE_PHASE_4_5","dc6002c6-42af-4d85-adf4-cc1c32aeb087","ef78b928-517a-4413-a5e8-8bad4dae2140","-4.0","17:33:42"
"ae3672f7-e147-4903-ac40-a71ed3e8d374","SKYWAVE_PHASE_4_5","a40cf71a-cc77-4ccd-a785-19765efafcc5","083c0bc1-0edc-4615-a2e2-d640a6371200","-9.0","11:59:00"
"ae3672f7-e147-4903-ac40-a71ed3e8d374","SKYWAVE_PHASE_4_5","543beae9-0cc1-4f1f-a899-0b306626765c","4d4188e0-566e-471d-adf0-ff2d579f0406","-9.0","11:59:47"
"f2549936-976b-4954-a279-6b92f7035f90","SKYWAVE_PHASE_4_5","c63417ae-9fa5-4b8a-aea1-7143acc818f7","6e433a5a-d01e-42b5-a76a-337238fe78d8","-6.0","08:14:00"
"f2549936-976b-4954-a279-6b92f7035f90","SKYWAVE_PHASE_4_5","39f923cb-d244-4f0f-aeaa-0f938d16c758","82396430-5262-4ae7-a57f-e3d86a73eb30","-6.0","08:15:54"
"441d2787-540a-45fe-ac71-e4d6fcd09a44","SKYWAVE_PHASE_4_5","cd35e304-1094-428f-a403-b4b60e61f0dd","bca3b102-5763-4374-a032-59aadfaba682","-9.0","17:16:00"
"441d2787-540a-45fe-ac71-e4d6fcd09a44","SKYWAVE_PHASE_4_5","58b057b5-6571-4847-a662-2f4aa4cee9e0","37d292ff-1a04-4f0a-ab06-68d191107ab1","-9.0","17:16:35"
"5a78dcb3-97d6-463c-a69f-9112ed1e85e7","SKYWAVE_PHASE_4_5","de3364cd-7d87-4a7c-afbc-6e821225b7ac","3a5bd216-9131-4241-a85b-6cea48eecd5d","-8.0","08:37:00"
"5a78dcb3-97d6-463c-a69f-9112ed1e85e7","SKYWAVE_PHASE_4_5","a41793f9-f148-4145-ade2-e4176b9e2457","b5962b53-4d65-4c88-a82d-01d5135dd7e9","-8.0","08:38:12"
"970d4268-f3da-4d95-ae9c-53ef322542dd","SKYWAVE_PHASE_4_5","923c6d67-29ef-484b-a2b6-0c2894de944a","ef4f4c66-162c-413d-a0c2-484f2ca13987","-8.0","08:38:50"
"970d4268-f3da-4d95-ae9c-53ef322542dd","SKYWAVE_PHASE_4_5","e12614be-5341-40d0-a680-0bfe501723e2","f79fe719-16e9-40ce-a1c1-a370c1ca762b","-8.0","08:39:35"
"dbfecbe6-0638-46ae-a7e0-b64719c3c91d","SKYWAVE_PHASE_4_5","4efe9316-6deb-42be-a11f-bda33457062d","04a2a976-5ac6-4137-ae5b-ecf1ba40fbf2","-8.0","08:40:44"
"dbfecbe6-0638-46ae-a7e0-b64719c3c91d","SKYWAVE_PHASE_4_5","71697098-c2f0-420f-aa20-7ad0acf22c1e","82aeda41-3b43-463e-a7a4-f47b6cca5bc6","-8.0","08:41:39"
"a4a2c622-71c8-4153-aa95-a528d6a2d30a","SKYWAVE_PHASE_4_5","9ba6d50d-d605-4122-a7b3-05d95f53cc98","88c1cff8-31ca-4bf1-ae1e-5030ee2bf733","-1.0","08:45:00"
"a4a2c622-71c8-4153-aa95-a528d6a2d30a","SKYWAVE_PHASE_4_5","7f0c0c48-9a71-4282-afc9-ed3eebf712bc","e881c542-dde2-44dc-abf0-83a8fc5d0d2e","-1.0","08:49:23"
"b04707df-6565-4c70-a43e-cc51f6f42d6a","SKYWAVE_PHASE_4_5","9b250f2e-79bc-4089-a23e-295ca79758f4","20aea23c-3839-4130-a8c9-8aee7c8067f8","-1.0","08:51:44"
"b04707df-6565-4c70-a43e-cc51f6f42d6a","SKYWAVE_PHASE_4_5","e25e4464-d4cd-480a-aa71-f053800ca8bf","e6aa291b-34e0-4224-a9c1-c918f30b166b","-1.0","08:52:55"
"9207da09-d5ee-4e94-a259-b61aa90be3e6","SKYWAVE_PHASE_4_5","0a8f2cc5-dc0f-4ee3-aa72-472ba0d2f5c3","36291813-861f-461c-a49c-f91a9a5f0936","-8.0","19:11:00"
"9207da09-d5ee-4e94-a259-b61aa90be3e6","SKYWAVE_PHASE_4_5","c8f8067c-1338-4693-a0c1-bd031e99fd3e","76f3e656-7d87-4055-a712-de182adb09f4","-8.0","19:11:21"
"d30792b3-6920-47f1-ad9c-6f8ceadce87e","SKYWAVE_PHASE_4_5","c31091bb-089a-4d25-abc9-8d0faf68cac7","7a2fb600-1844-40a4-a4ad-be544e2bc766","-8.0","19:12:24"
"d30792b3-6920-47f1-ad9c-6f8ceadce87e","SKYWAVE_PHASE_4_5","fa1f579c-4c09-45ee-a13b-a082b6c5ed42","d422b9ff-ea46-4612-a71d-cd7d4b2585b8","-8.0","19:13:25"
"a4ed732c-1118-4a1c-a94c-a0661f53dab1","SKYWAVE_PHASE_4_5","573b0c52-413e-4e67-a863-b6a06da1649d","25949e3d-5c5a-488a-af94-60e63fcd8305","-11.0","14:38:00"
"a4ed732c-1118-4a1c-a94c-a0661f53dab1","SKYWAVE_PHASE_4_5","1cd81c4c-6de1-43ad-abe0-f069a005a50c","9af54a9e-78d2-4737-ae68-3a47a4c07c2a","-11.0","14:38:24"
"a41a43bb-5186-4174-ab20-687053769745","SKYWAVE_PHASE_4_5","c6e1b26f-960b-4e4e-a8e3-d96f2226c54b","33996d8b-1879-4092-aaae-2f3435ef6af3","-11.0","14:42:03"
"a41a43bb-5186-4174-ab20-687053769745","SKYWAVE_PHASE_4_5","f9f346df-2dec-4b2a-a634-5af6a1f0e28d","c1eaff79-ec1b-4caf-afbb-1717928e0fbd","-11.0","14:43:08"
"ee2dd2fe-86e6-44ea-a139-44229e0a518b","SKYWAVE_PHASE_4_5","fc81b157-9206-4b15-a43a-3b5fb0ddada5","4af55919-4caa-4c03-a050-19514deb912e","-11.0","14:43:26"
"ee2dd2fe-86e6-44ea-a139-44229e0a518b","SKYWAVE_PHASE_4_5","fb48bad1-0d90-4176-a525-cfe757273af8","9cd3886c-f4f7-4183-a173-9d55b56f9ef2","-11.0","14:44:33"
"0df6ebf5-d9ce-4c9b-a724-ae3740b62c7e","SKYWAVE_PHASE_4_5","96c20722-4bbf-461b-af62-e596b96b3f61","f018cbbc-900c-4410-ac85-b3006d0fd678","-12.0","13:30:00"
"0df6ebf5-d9ce-4c9b-a724-ae3740b62c7e","SKYWAVE_PHASE_4_5","0d4c80bf-a918-45f2-abf7-5c52a9d7e7e0","c24c55a4-1735-4319-a440-f39c2065d417","-12.0","13:30:27"
"f9cc9d39-e1b6-4360-ac79-9a9126bc18ed","SKYWAVE_PHASE_4_5","2acf682b-94bc-4984-a5f2-813e50187ba3","727da5e9-5890-4acb-ab43-038b3e1ac3e0","-12.0","15:16:00"
"f9cc9d39-e1b6-4360-ac79-9a9126bc18ed","SKYWAVE_PHASE_4_5","78c455fa-89db-44a7-acb9-e076be486b0b","55dae72a-791e-4f95-ade6-c02c38288e03","-12.0","15:17:08"
"97f1e0e4-f0ef-4b1d-a5ca-0d33c5352b30","SKYWAVE_PHASE_4_5","9bbffc20-d119-4e5d-af63-809827a57a0f","a0c3d96f-4fdd-40eb-a822-64fe11715350","-12.0","15:17:53"
"97f1e0e4-f0ef-4b1d-a5ca-0d33c5352b30","SKYWAVE_PHASE_4_5","d0961235-b2fe-4cb9-a9f6-573e1f866639","24b60240-388e-4a53-a729-ddd0a394851a","-12.0","15:19:08"
"ecedd859-ffdc-4774-a1d9-1956a1c1b9dd","SKYWAVE_PHASE_4_5","76694f8d-ce72-4000-a351-d2fdfa012a13","1ce3c869-f0a5-458b-a2be-77b22f7c3be4","-3.0","19:03:00"
"ecedd859-ffdc-4774-a1d9-1956a1c1b9dd","SKYWAVE_PHASE_4_5","4c47f9f6-1f00-4f45-a143-55a3c7f4825f","32fd5d11-62cd-4603-a549-eed31f0a4ef8","-3.0","19:04:15"
"33435682-aad9-4fc8-a76a-d50c9e51de0a","SKYWAVE_PHASE_4_5","f3772c5a-dbdd-4900-a094-60b4efb13bde","e6f47f7a-361f-42ae-acc7-0a2d7e5628bd","-8.0","09:40:00"
"33435682-aad9-4fc8-a76a-d50c9e51de0a","SKYWAVE_PHASE_4_5","5e3934a3-10bb-4ad1-aabd-e1f2892d721f","782043e1-2689-4369-a036-8cf8264ab5ca","-8.0","09:40:23"
"23c58c71-0b7c-4a25-ab6d-be2e697f40ee","SKYWAVE_PHASE_4_5","c3ea6f7e-9eb2-46a0-ae41-01ab78cf8b6b","a09c1b4e-bb0a-4848-a9ea-6aca4a399e8e","-11.0","08:57:00"
"23c58c71-0b7c-4a25-ab6d-be2e697f40ee","SKYWAVE_PHASE_4_5","f119fcf7-b2d3-4316-accc-cbc12d38d30c","d2772a31-67de-4e52-a92a-a5beb7a90a79","-11.0","09:01:59"
"34e2528e-61c9-4393-a015-025e35af9695","SKYWAVE_PHASE_4_5","1fbb895e-8872-4b53-a444-5cd53ed33d17","d4cc8e46-ef75-46c9-a897-ed8215f81fdb","-11.0","09:03:43"
"34e2528e-61c9-4393-a015-025e35af9695","SKYWAVE_PHASE_4_5","8c57c4ce-5bbb-4ad6-a6fc-329eb50b063d","368763e5-f8d6-46f2-a6b4-0cf446399526","-11.0","09:04:49"
"338c6632-370a-49b6-a7d8-c53856c32fdb","SKYWAVE_PHASE_4_5","1f6d872e-20e3-48ea-a2d5-cfc3be7ac339","beba6954-9028-4883-acae-a2ea389f9536","-11.0","09:05:55"
"338c6632-370a-49b6-a7d8-c53856c32fdb","SKYWAVE_PHASE_4_5","917dbcb4-e23d-45c3-ab10-78a62f616e5f","e0ec56f8-bd68-4525-a183-5d9d0720fc25","-11.0","09:08:30"
"151ede18-07ee-43da-a4b1-d6d754cde4e9","SKYWAVE_PHASE_4_5","7be2e81a-f440-430a-a323-3fbe755d5caf","44fd3617-25cc-4982-a3a4-52f1bdc266ba","-7.0","18:44:00"
"151ede18-07ee-43da-a4b1-d6d754cde4e9","SKYWAVE_PHASE_4_5","5c6c11ab-f228-4f84-a4b2-b2b3c08503c5","9e9a9029-7079-488d-ad55-1ef2b343473b","-7.0","18:44:43"
"5305854f-5be1-4df3-af69-aacf55512016","SKYWAVE_PHASE_4_5","7d125551-f8d5-49b9-a3de-e652f14f69ba","dfeb96a9-d2de-4004-aa17-178e6d0c0ce8","-6.0","19:10:00"
"5305854f-5be1-4df3-af69-aacf55512016","SKYWAVE_PHASE_4_5","a6e593b4-614a-49c8-a53a-5f162d8483b4","9f65838b-d3d9-43aa-acd9-d35d61faf9a2","-6.0","19:13:51"
"dbb9ec69-5f7b-4a63-ad9d-cefec7fffcf6","SKYWAVE_PHASE_4_5","3d15606e-9c9d-41ba-a094-4e318f9f8103","dd1c6452-49ce-4ad0-a585-ded4a829d827","-3.0","12:07:00"
"dbb9ec69-5f7b-4a63-ad9d-cefec7fffcf6","SKYWAVE_PHASE_4_5","3af21201-ef7a-4a00-a8b9-c716cd8b4fda","38cf6606-3e83-4188-a946-a5b9a57b3240","-3.0","12:07:34"
"c550f380-191f-40f1-a0e7-e9973814c4cc","SKYWAVE_PHASE_4_5","d0152f6c-7870-452a-a1fe-ffc8f89b71f3","7dfd9675-5ce9-4fe2-a475-e1f251ac4ec0","-10.0","09:17:00"
"c550f380-191f-40f1-a0e7-e9973814c4cc","SKYWAVE_PHASE_4_5","c0e97a2c-9741-439f-a3c0-05f7069885cc","99f7a432-bcbe-4ae5-a2cd-4612ac81e9e4","-10.0","09:17:58"
"94d3b1a0-71bc-43f7-afe0-2bf22b8574de","SKYWAVE_PHASE_4_5","d469728b-dbef-406e-a927-835ae0fc51e9","a71cd37f-2890-428c-a136-f9ff23eb7624","-10.0","15:07:00"
"94d3b1a0-71bc-43f7-afe0-2bf22b8574de","SKYWAVE_PHASE_4_5","553850f9-d30c-4c74-afa3-dac801c4f695","0be8bd3b-53ee-4b0b-a70a-c24b4f77a20b","-10.0","15:07:44"
"fcd850e5-fab3-4478-a7f0-8b521af93b5d","SKYWAVE_PHASE_4_5","2eb8d77c-fa7f-4700-a518-b05f4530cfe9","8ab65b4d-044a-408a-a49b-ccfd319d68e6","-10.0","15:11:22"
"fcd850e5-fab3-4478-a7f0-8b521af93b5d","SKYWAVE_PHASE_4_5","377ab378-dbd8-460d-a64b-9ae3139689f8","fb860ee6-f1e9-4569-a79d-7fe2648a6202","-10.0","15:12:38"
"416f0da5-d8b3-470a-af62-396d3b8a3f39","SKYWAVE_PHASE_4_5","05b96f2e-d1ca-4db9-ac57-b3ca89853636","a4b024d4-33eb-4b13-ad73-b1398516f037","-7.0","19:07:00"
"416f0da5-d8b3-470a-af62-396d3b8a3f39","SKYWAVE_PHASE_4_5","650715d3-08d8-4ffc-a0f7-d2f8664a8b1a","e4dc0aa0-a16e-4f89-a661-b929fd65e96b","-7.0","19:07:59"
"8edd6ea3-32a6-4879-a6eb-fbc73e7e1c21","SKYWAVE_PHASE_4_5","0dc3252c-87c8-40f7-a842-29d79d351e89","249c3b9a-4a91-4b28-a697-a37d2c7f5cef","-7.0","19:11:51"
"8edd6ea3-32a6-4879-a6eb-fbc73e7e1c21","SKYWAVE_PHASE_4_5","bcc3b2e1-40c3-493a-ab4e-02da5b5387c4","0ba8e322-9e69-4976-ad5f-0160d96ee340","-7.0","19:16:25"
"96f84315-09c9-4ad2-ae04-0ccba6177082","SKYWAVE_PHASE_4_5","c9e1e1b5-c87d-4908-a4ee-d7a4613f2455","601880d6-46d5-482b-aa7d-b9beb009226f","-11.0","17:31:00"
"96f84315-09c9-4ad2-ae04-0ccba6177082","SKYWAVE_PHASE_4_5","3098e2ef-4162-4e88-ac3e-dccf2b11f173","1b15ea70-f5f1-490d-a484-e7ab0f557f34","-11.0","17:31:51"
"7c1c8a76-1fe4-4478-ad65-a3de969ca6ed","SKYWAVE_PHASE_4_5","d016c8f9-8d98-498a-a6b8-17c91bbfd137","10dbc210-699f-4a82-a0a3-1f0b92778bd2","-7.0","18:18:00"
"7c1c8a76-1fe4-4478-ad65-a3de969ca6ed","SKYWAVE_PHASE_4_5","29db28ae-f847-485f-aed9-4df1f3b0094b","19209d1f-4d94-4f2f-a2a9-6cc0635a00bc","-7.0","18:18:39"
"83b0fee2-0354-4527-ad2f-02b8440c6750","SKYWAVE_PHASE_4_5","2e6a7268-1901-4d0c-aa55-e82b5b138f01","45d65ba0-f5af-437b-a29c-8261bd1efda2","-7.0","18:59:00"
"83b0fee2-0354-4527-ad2f-02b8440c6750","SKYWAVE_PHASE_4_5","8f5e2e0b-f39c-493c-a788-ef397d1af468","d2e2d592-4999-4e28-ac96-7b4f38e6def1","-7.0","19:00:02"
"f25e614b-6af7-4ad2-aa8f-4fe9b6c51a5c","SKYWAVE_PHASE_4_5","b9665e39-8026-4c48-a5d0-c6ca9b79e9d4","07deb0bd-c8f0-422c-acbc-ebfb204bc1b6","-10.0","14:20:00"
"f25e614b-6af7-4ad2-aa8f-4fe9b6c51a5c","SKYWAVE_PHASE_4_5","8965801e-05ec-41c5-ab01-fac9a17403a9","421fd8eb-5ec0-4418-a89f-4ac6292c575d","-10.0","14:20:54"
"6f1a6560-5e73-488f-aeb7-f0ef9ce06dc6","SKYWAVE_PHASE_4_5","f5b345fc-021a-4797-a1cb-a245c1c24256","21bb3e46-2416-4aad-a418-cd37dd9b2cc8","-8.0","15:22:00"
"6f1a6560-5e73-488f-aeb7-f0ef9ce06dc6","SKYWAVE_PHASE_4_5","7712efc2-c3a0-4250-a2fc-56dba4215fc2","b9696556-95c8-42dc-a7af-02560f406278","-8.0","15:22:43"
"90cecf28-9689-445a-a093-be400eaf90a6","SKYWAVE_PHASE_4_5","24d312d4-061f-427d-a1e9-e6ba5a15331a","bb5aa69d-44d7-4205-ab2d-e16a10eed58c","-8.0","15:23:31"
"90cecf28-9689-445a-a093-be400eaf90a6","SKYWAVE_PHASE_4_5","7fcd7f0c-2863-4d9b-a3b3-ad53c5506bf4","613027e6-7b11-4090-ac18-5ff4aa3e5562","-8.0","15:27:05"
"de36c73c-1884-44cc-a533-6027068ab2df","SKYWAVE_PHASE_4_5","04cfaffb-147b-414a-a655-650ddc77b20f","07dccd15-da8a-4269-a799-a8a4f68b177f","-5.0","14:45:00"
"de36c73c-1884-44cc-a533-6027068ab2df","SKYWAVE_PHASE_4_5","d8056326-e68b-4c77-a36d-be717f32812f","44670c3e-09c3-4192-a110-f82b664e95a6","-5.0","14:48:13"
"4fee1f48-8bae-4d42-a4f7-77df29e6dc3e","SKYWAVE_PHASE_4_5","52dc30ea-a992-42fe-ac78-9d1514f76bf3","21ba206b-887a-4561-a882-c25a347413dd","-5.0","14:52:13"
"4fee1f48-8bae-4d42-a4f7-77df29e6dc3e","SKYWAVE_PHASE_4_5","36e8d093-3628-41f9-a0ef-8e3eb1e5343e","d72dd892-e43a-4591-a891-98a877e53812","-5.0","14:53:04"
"1473ff23-0e37-4054-a410-44937ea581cc","SKYWAVE_PHASE_4_5","1de60dfb-6959-44d6-aab8-c7af72093198","2c725959-53ae-4352-aa4a-2f29b82a5ea4","-8.0","18:38:00"
"1473ff23-0e37-4054-a410-44937ea581cc","SKYWAVE_PHASE_4_5","b38c0382-6002-415a-afb9-7b895233b9b0","d5e0aaf9-3336-4dde-a720-33eb4be0dde9","-8.0","18:41:52"
"3507571c-a5d7-44e2-af96-8673ee64ef45","SKYWAVE_PHASE_4_5","b2b8e100-70c8-4dd8-a5d3-c0649899d832","edf9d5f1-99c7-4503-ae1c-8e80dcd48635","-2.0","10:40:00"
"3507571c-a5d7-44e2-af96-8673ee64ef45","SKYWAVE_PHASE_4_5","d3432510-70a8-4301-adeb-f4a4d6eb6367","6af8cd8d-83cc-45dc-aaf6-b0deed083cc4","-2.0","10:40:21"
"2e1d2f4c-ffdb-4abf-a5cf-db63b925c9df","SKYWAVE_PHASE_4_5","cb49d3b7-cf9c-49da-ae5d-a8fc0fcf41a6","92f702a2-af47-494c-a08e-224cbb4f0218","-2.0","10:41:06"
"2e1d2f4c-ffdb-4abf-a5cf-db63b925c9df","SKYWAVE_PHASE_4_5","7b558917-77be-4819-aa77-2bc9c8292b7c","fe42be72-7fb3-499d-af0c-72811612f7fd","-2.0","10:41:24"
"ac420e1b-fb39-4bb5-a537-c30c75bfb81e","SKYWAVE_PHASE_4_5","47f09670-95d3-4a10-ae42-74d70f75a88d","f6883ae2-6510-4d06-a08d-00c5487eea91","-1.0","14:24:00"
"ac420e1b-fb39-4bb5-a537-c30c75bfb81e","SKYWAVE_PHASE_4_5","7156e2cd-92cd-4bfe-a631-35cafd4a34f6","4d7c9e4f-c1d7-4494-a59a-2317fb6a7c1d","-1.0","14:28:25"
"33d18d80-8e73-43b1-aa45-ed1fb7a55ea4","SKYWAVE_PHASE_4_5","1f38eeca-bfc2-4f23-a5e7-cb477fdd2f4b","b703b9b9-fdf7-4394-a0b4-4c9256a55dae","-1.0","14:29:14"
"33d18d80-8e73-43b1-aa45-ed1fb7a55ea4","SKYWAVE_PHASE_4_5","b94785fa-9ec6-46d2-a08b-036bc9dee06d","dd454a23-3865-40c6-af67-822ee82b1f8a","-1.0","14:30:14"
"349e4a4b-4a51-463b-ab68-1f8f6c005c32","SKYWAVE_PHASE_4_5","5b6c25b5-d2d2-41f6-aeca-ff6cedb883ed","084f801a-728c-4bf5-a13c-70b425ec1a42","-3.0","11:25:00"
"349e4a4b-4a51-463b-ab68-1f8f6c005c32","SKYWAVE_PHASE_4_5","89dd6dc7-af2f-4a78-a80e-a41599971768","64e84878-4def-4ed1-a45f-d45abc5323ae","-3.0","11:27:47"
"cb4187e6-cc0a-4ba2-a186-d5ceea373ec7","SKYWAVE_PHASE_4_5","e666ec3f-657e-44a3-abc6-b7794ce64a20","5ae09648-18da-4c74-ace8-5a9808cd9f38","-3.0","11:29:00"
"cb4187e6-cc0a-4ba2-a186-d5ceea373ec7","SKYWAVE_PHASE_4_5","4f4740b7-4fb2-4fb7-a98d-05008569f7e8","2f996fe7-ff9f-4a3b-aa1b-19c7698d456a","-3.0","11:30:36"
"b8c52a43-80a3-45a7-a246-c8fabe2aa1fc","SKYWAVE_PHASE_4_5","f1f8b197-05b6-4675-a712-01c7ac602db6","ba0ac210-033d-465b-a826-4fba385f4ce0","-3.0","11:31:35"
"b8c52a43-80a3-45a7-a246-c8fabe2aa1fc","SKYWAVE_PHASE_4_5","2e40c2ea-56b6-418e-a6b1-9e8a004fa8dc","1d4073eb-9668-4b6f-ae80-833748eda011","-3.0","11:32:36"
"98114efa-26bd-46cc-a67e-a2938615357b","SKYWAVE_PHASE_4_5","997cac98-bcb7-4a97-af20-e5b426b08417","e118ac07-dc30-42f8-af15-b1c017c98a8c","-2.0","08:10:00"
"98114efa-26bd-46cc-a67e-a2938615357b","SKYWAVE_PHASE_4_5","1a0a885e-2caf-42b4-a114-dd546c0a6297","fdb94e74-7b96-4b71-a235-f573a3d1d8d2","-2.0","08:11:05"
"7cc8d918-d3cf-4531-a7c6-e1f4b1512294","SKYWAVE_PHASE_4_5","4bca42b7-b249-4693-acf7-2d221baaa7f1","0bcfb2bc-9a7d-4237-afe6-d5267bf487de","-10.0","08:12:00"
"7cc8d918-d3cf-4531-a7c6-e1f4b1512294","SKYWAVE_PHASE_4_5","b61a4100-6fd9-4a29-ab12-9b9dbb56671d","024df9bf-4a82-4895-a493-8a483c867a17","-10.0","08:15:15"
"d6819885-c766-49ee-a790-beb80966aded","SKYWAVE_PHASE_4_5","22a9c0b7-c436-4d9e-a415-21606c131abd","8fd5f36c-cd9e-4912-a69e-6ba580bca4bf","-9.0","14:33:00"
"d6819885-c766-49ee-a790-beb80966aded","SKYWAVE_PHASE_4_5","1bd059b3-50c6-4b33-af6e-811509a4e638","f29533cc-2947-4ad6-a88f-1cfbc1f48d93","-9.0","14:34:58"
"ee296584-9d7c-4e62-a10a-93d2846b7a29","SKYWAVE_PHASE_4_5","b7eb90c9-36d0-4137-af56-27d96d540214","b266b096-3b60-4089-aa24-c5aa40dce8e0","-6.0","08:03:00"
"ee296584-9d7c-4e62-a10a-93d2846b7a29","SKYWAVE_PHASE_4_5","a404cb92-97dd-4261-a6b4-3d0e84909d14","566e85bf-1ff2-4ce9-aaeb-11ba6ff685b2","-6.0","08:03:19"
"6fb2d851-22eb-46ce-a4da-b35d4ac8cd73","SKYWAVE_PHASE_4_5","394483bf-26e0-47cb-a11d-1757960a9db5","f0e93e33-77e0-4f18-a9a9-991b5e281f15","-6.0","08:03:56"
"6fb2d851-22eb-46ce-a4da-b35d4ac8cd73","SKYWAVE_PHASE_4_5","fbafa396-3812-49df-ac80-9bfd650cd9af","bea55544-93b6-47c3-a7b4-2d8f6351101b","-6.0","08:04:42"
"747809ad-ecfe-4ff1-a54f-62d32425cf1a","SKYWAVE_PHASE_4_5","162c56fe-a7fe-4ecf-a993-1189a212ba83","78191d61-7a97-4677-ad11-e9efbd50eae9","-10.0","08:13:00"
"747809ad-ecfe-4ff1-a54f-62d32425cf1a","SKYWAVE_PHASE_4_5","15ef5296-3643-41bb-a670-6e5119cfaeb6","860e677b-be95-4597-a751-77466b732b57","-10.0","08:13:33"
"c49f3569-6bea-4ced-a242-46e0bdae971d","SKYWAVE_PHASE_4_5","9a633423-2798-4e37-ad61-b707f7f5312c","f50997e0-76de-4a95-abee-2991c96cbd4d","-10.0","08:16:07"
"c49f3569-6bea-4ced-a242-46e0bdae971d","SKYWAVE_PHASE_4_5","965635aa-e394-4173-a872-c3d52d1d46d9","9a598dc9-b0dc-4184-a413-6f583787d441","-10.0","08:17:11"
"9f0ead68-4c91-4929-a255-91e2d001c47b","SKYWAVE_PHASE_4_5","623336ea-c3d5-43e2-a8e5-78991ae038d3","480f2205-1d44-47ed-a2c1-eab07742c54c","-1.0","15:07:00"
"9f0ead68-4c91-4929-a255-91e2d001c47b","SKYWAVE_PHASE_4_5","52856790-9fed-4cd9-aeed-d2ac3d7496eb","9b4dc30b-68bd-4259-a75d-02a9aa1a53e1","-1.0","15:07:25"
"86214021-cef3-441f-aaad-c332efda58ed","SKYWAVE_PHASE_4_5","8d038714-7921-4bf1-a219-1149c99121a3","3755eb80-05f3-4c1b-ad3a-9c2c1523b8f1","-1.0","15:07:53"
"86214021-cef3-441f-aaad-c332efda58ed","SKYWAVE_PHASE_4_5","54c6f8d2-f166-48e2-a894-bb0a45aaaea7","840c75df-efd0-4e89-af4f-2ed8244992a0","-1.0","15:10:58"
"d9929ab8-999c-4386-a511-f324469ef39e","SKYWAVE_PHASE_4_5","3ad7bcec-b8e6-43a3-af00-3308e093a541","a2515e70-1146-412f-ab3a-75a6d9cd8d9f","-13.0","18:02:00"
"d9929ab8-999c-4386-a511-f324469ef39e","SKYWAVE_PHASE_4_5","afd50039-e6db-45fe-a823-7d62f066179b","ab589783-1026-4f47-aaee-8d1d3a42b41e","-13.0","18:02:29"
"b2a55f0b-53ad-4da4-a659-f645c2bf8089","SKYWAVE_PHASE_4_5","0bf22fbb-186a-45c8-ae9d-c2ccdeb21037","7794ba8c-1e86-44be-a3a5-4361aad8d22e","-13.0","18:03:42"
"b2a55f0b-53ad-4da4-a659-f645c2bf8089","SKYWAVE_PHASE_4_5","9b483791-fb15-49af-a779-1ea78ba58e16","237c0bd1-6ca5-4cbe-a83d-db65eb18d087","-13.0","18:04:19"
"9cba6ef2-b961-49b2-ac3a-7944e80c9770","SKYWAVE_PHASE_4_5","60bcc40c-f94f-47df-a9ba-70a7d30eec4c","c8b4527f-faf6-4b4b-a2da-83bdae6cfab4","-3.0","09:04:00"
"9cba6ef2-b961-49b2-ac3a-7944e80c9770","SKYWAVE_PHASE_4_5","c78f157f-f2c1-4e9a-a80e-85447b21cec8","bc4e3e10-f32c-46cb-a305-2a30c5181dc8","-3.0","09:04:51"
"3021122a-f4a8-438b-a828-75d616878e30","SKYWAVE_PHASE_4_5","e426fa42-e62e-4024-af3c-30edb678466c","2a6602c0-8bcc-42a7-a806-f4ea940cbc3e","-3.0","09:06:25"
"3021122a-f4a8-438b-a828-75d616878e30","SKYWAVE_PHASE_4_5","3064bcde-76c3-4309-a456-bd0690085582","3a89dc5c-65c5-4e08-a59f-4f0390f4360a","-3.0","09:06:45"
"90c6965b-9626-4599-a561-5d5ffe5fdb26","SKYWAVE_PHASE_4_5","b8b25246-8380-47ee-a5dd-bb684bf94826","f0f69c3c-76a9-4e13-afd8-584924a12ccc","-3.0","09:07:27"
"90c6965b-9626-4599-a561-5d5ffe5fdb26","SKYWAVE_PHASE_4_5","68a1efb2-e970-4574-a1f4-46f0bda538ec","54f2fdaf-db0a-4a26-a8df-89b5f8e257ef","-3.0","09:08:04"
"fe446b6e-ad50-436d-a9d8-55465077a816","SKYWAVE_PHASE_4_5","9846dc28-1e1d-42a7-a8c9-28afd80c7c80","8e08d5a2-e662-4835-a212-821f07c89228","-9.0","14:16:00"
"fe446b6e-ad50-436d-a9d8-55465077a816","SKYWAVE_PHASE_4_5","c7d41391-9946-4c2e-a195-9e8841bae48b","47f079d2-a9c5-4ef8-ab85-a39a6407dcd4","-9.0","14:16:31"
"a409ba20-b731-4e4b-a2fe-bb100f0495ec","SKYWAVE_PHASE_4_5","134e6c68-eb52-4e45-a0fb-1974ddbbded6","5ad243a1-cbd2-4b23-a273-d82d2c2fadf8","-9.0","14:19:59"
"a409ba20-b731-4e4b-a2fe-bb100f0495ec","SKYWAVE_PHASE_4_5","0cfb819b-3f20-4410-afe5-200960f6cb85","e82321c6-db2c-4713-a8d8-7bfaa1a7476c","-9.0","14:21:06"
"9482d3f8-2aa3-47f7-a45b-a5833a1316fd","SKYWAVE_PHASE_4_5","f65b8162-1dea-46f3-a96f-549a0c5dfad3","f54a96c9-da1c-4880-ae79-faa4293f6efe","-9.0","14:21:27"
"9482d3f8-2aa3-47f7-a45b-a5833a1316fd","SKYWAVE_PHASE_4_5","ebca8185-4364-47b8-a7b1-5b29ce3751c6","b8bf9596-f72d-436c-a1f4-9af48c4ad037","-9.0","14:24:48"
"3f974b02-f064-4887-a308-03454e3392ff","SKYWAVE_PHASE_4_5","b29c8500-1a2d-40b6-a85e-3fa8e5d217e0","4512dc9b-6df1-44e0-a80b-591b1124d86f","-1.0","19:39:00"
"3f974b02-f064-4887-a308-03454e3392ff","SKYWAVE_PHASE_4_5","edd1c2af-aae8-4e97-a549-f2153a5115e9","6247c325-5900-4a2f-ae88-725ed3fe46b9","-1.0","19:40:11"
"874ed0cc-5230-4b14-a8dd-b7c47743332e","SKYWAVE_PHASE_4_5","d51f459a-bee4-4354-a9c2-4075ebe10edb","6e5e89c4-5f9d-42c5-a85a-f8a2ca800a48","-13.0","18:08:00"
"874ed0cc-5230-4b14-a8dd-b7c47743332e","SKYWAVE_PHASE_4_5","287d3728-ca4f-44be-ac68-e7696c4db573","b168e758-c011-4f80-a8d6-e1982c0c099b","-13.0","18:10:01"
"7823171c-8481-40a0-a1c0-44cf595ac587","SKYWAVE_PHASE_4_5","c1256959-b1b4-481b-a0b6-435d8beb8b89","70138f39-68db-4b5a-a323-ad1202fbe590","-13.0","18:11:08"
"7823171c-8481-40a0-a1c0-44cf595ac587","SKYWAVE_PHASE_4_5","40058768-3bad-4aff-a5c2-5dbd1af51f33","f710234c-c804-4c1d-a0e4-cfdbb515690a","-13.0","18:13:45"
"2c85a3d8-e6b1-4c24-a803-2e3068edbe9e","SKYWAVE_PHASE_4_5","3c90e58e-64b7-4583-a351-ad71c37ad343","eb4039d4-e4d4-4663-abcd-6c445d584940","-13.0","18:14:30"
"2c85a3d8-e6b1-4c24-a803-2e3068edbe9e","SKYWAVE_PHASE_4_5","96150279-240f-43d4-ab42-01186aa6d605","6b5b09f3-bf8a-4d65-a7dc-bf43974a0fb1","-13.0","18:15:37"
"075504de-64c7-4938-a027-c23f99895c09","SKYWAVE_PHASE_4_5","5cf9c19a-1b29-4021-a260-3cd60ae6a710","3e8c3875-d221-46e2-afa9-611681020038","-10.0","15:04:00"
"075504de-64c7-4938-a027-c23f99895c09","SKYWAVE_PHASE_4_5","b94d0b68-a234-4dd7-a43c-e31246501e92","d2732438-e9bd-4ed1-ac3f-64bdb3cae327","-10.0","15:05:00"
"a7115232-74f1-4f43-a45e-e786fd0f0c13","SKYWAVE_PHASE_4_5","bac1c350-278b-4409-aad1-0f6a91c76a49","5cdb6770-241c-4afc-a150-2a91ceccf295","-12.0","09:49:00"
"a7115232-74f1-4f43-a45e-e786fd0f0c13","SKYWAVE_PHASE_4_5","735752ce-379a-4127-a37d-ea996e1e33a3","8a4d2db4-954f-4ee7-af66-fbb6536ad4f3","-12.0","09:51:18"
"afe47eda-6a36-4db8-a30f-98ee47d80657","SKYWAVE_PHASE_4_5","d6d4fa5a-a14a-415b-aeac-c325f0d313d5","9f9da544-6523-4bc9-a7e7-d794b0ef7078","-5.0","16:20:00"
"afe47eda-6a36-4db8-a30f-98ee47d80657","SKYWAVE_PHASE_4_5","fa3b1934-e3e4-43e6-ace9-18abae7dcb60","34d6a226-64b3-42b6-a1e8-34db83e621f4","-5.0","16:22:55"
"7d541c74-77a5-46ea-a3c7-b442d135e9b1","SKYWAVE_PHASE_4_5","4b5f0e6d-a755-4d00-a231-8033b123f338","9bb72154-9b25-488f-ab10-5dc91056dfb6","-5.0","16:23:17"
"7d541c74-77a5-46ea-a3c7-b442d135e9b1","SKYWAVE_PHASE_4_5","408cf622-6bea-481e-a185-b8931d36c7be","8d13309b-f6a8-4ced-a34c-509841a8d5e6","-5.0","16:24:25"
"8aa7ef05-ade2-4a8b-ac90-b0c0d813a328","SKYWAVE_PHASE_4_5","aa25c24f-ce31-4521-a236-2883a81cb5d0","d2dbd6ab-80cc-4903-add9-5929e1b1de1c","-5.0","16:27:12"
"8aa7ef05-ade2-4a8b-ac90-b0c0d813a328","SKYWAVE_PHASE_4_5","bc55ddbc-2c40-4435-a209-4a18ea949f90","cf2fa513-0c96-4a48-a509-94e59348de90","-5.0","16:28:09"
"09c0a137-c537-4c69-aa8c-f6c1d011f84b","SKYWAVE_PHASE_4_5","6bceb5f0-23d9-404b-a017-3b9a2983ef37","390164fa-b93f-4aa2-a011-52873bb648ae","-10.0","13:44:00"
"09c0a137-c537-4c69-aa8c-f6c1d011f84b","SKYWAVE_PHASE_4_5","8b5c0058-a836-405e-a883-9a8dde3c28cf","3205b77e-f316-4020-a2ed-14886c9ab061","-10.0","13:44:30"
"b65bf259-ee33-4adc-a821-9115e88c6e78","SKYWAVE_PHASE_4_5","d274c026-8e43-49eb-aa09-10d21e2a10a1","49d49712-5ae9-4588-abac-7cf90d5b19da","-1.0","13:51:00"
"b65bf259-ee33-4adc-a821-9115e88c6e78","SKYWAVE_PHASE_4_5","89c06d34-1a95-4355-a2a2-498b0e8b85dc","3024b330-463b-4b3a-a5d3-d3282a641cc6","-1.0","13:52:06"
"c9943bb6-0fcf-48a4-a5b8-9d09d2586df3","SKYWAVE_PHASE_4_5","aedc887a-6dcf-482f-a5e2-bebc745031ac","78c6ad0a-ed4a-4e37-ac41-cf75a3e1ff8a","-1.0","13:52:49"
"c9943bb6-0fcf-48a4-a5b8-9d09d2586df3","SKYWAVE_PHASE_4_5","28c3bd15-9c71-4ec0-af8e-54a8ca85aa37","bf19615e-4862-48f1-a90b-3991d16f1e1d","-1.0","13:56:36"
"f4e24778-0942-4d40-a5fa-ba85145536b0","SKYWAVE_PHASE_4_5","8cde88e1-3402-4df4-a08f-1f5855ed7980","2a72545b-0534-46c1-af5b-dd16020b1aea","-4.0","19:50:00"
"f4e24778-0942-4d40-a5fa-ba85145536b0","SKYWAVE_PHASE_4_5","21847317-6004-4185-a2d4-341f1d21235d","0f274669-b9bc-46d1-a9f5-a7f5e485f552","-4.0","19:50:26"
"b01de665-f037-412d-a8f2-12d041cbdc0d","SKYWAVE_PHASE_4_5","2d392a54-e102-47de-a400-bfee4c3115f8","3ab42500-44c6-4436-a819-ba863514ff75","-7.0","15:27:00"
"b01de665-f037-412d-a8f2-12d041cbdc0d","SKYWAVE_PHASE_4_5","741389ff-3c56-4d24-a7b7-680e5f468e9f","869487e6-192e-484e-a86c-bc0dd4b0d836","-7.0","15:27:59"
"ba7465b4-5095-4549-afa6-a6ae796595b7","SKYWAVE_PHASE_4_5","103327a9-be91-42bc-a7b6-ed5d650f1bcb","cb3ed79c-fa80-4d1e-a926-7518633730a9","-12.0","08:47:00"
"ba7465b4-5095-4549-afa6-a6ae796595b7","SKYWAVE_PHASE_4_5","4b4a075d-9382-4860-aef1-0935f0f173cf","cf9882e9-a0da-4c57-a674-d939d35317f4","-12.0","08:49:09"
"785cff7e-ed7c-41da-a6b9-9e64ccf5e88e","SKYWAVE_PHASE_4_5","d07937fb-4ac3-4a4b-ab9c-57afef51e29b","77dd6ed7-32ad-41a8-aefd-1a0e12aee0c4","-12.0","08:50:01"
"785cff7e-ed7c-41da-a6b9-9e64ccf5e88e","SKYWAVE_PHASE_4_5","752971b2-2fad-4348-ae47-5699ed7c5faa","1aa5dfbf-415a-49ba-a1e3-5df614ca39b9","-12.0","08:50:38"
"767caba7-d00f-4228-ab3b-d3df9ddccd97","SKYWAVE_PHASE_4_5","0e0f8595-0871-4720-a26a-22a531a0e9e7","e22edae0-e2a5-45c5-acd4-c67776af29a7","-12.0","08:51:50"
"767caba7-d00f-4228-ab3b-d3df9ddccd97","SKYWAVE_PHASE_4_5","cf084dc0-2ac7-475e-ad6b-92e43233b2e1","58aeb846-370d-4167-a37d-3fc36f43f2aa","-12.0","08:52:15"
"b7eff8f0-e175-4649-aaf8-a2a35720ad37","SKYWAVE_PHASE_4_5","bc87cea9-8ae8-4ba1-a14b-3fc1249cdb9c","05929bfa-49a8-4e6b-a795-089c72596e51","-12.0","18:24:00"
"b7eff8f0-e175-4649-aaf8-a2a35720ad37","SKYWAVE_PHASE_4_5","01e96aa2-cdf0-4ae3-a0cf-e9a0a5598cc1","48bcde94-4bf5-43dd-ac63-c5037b0114f8","-12.0","18:25:16"
"33f8579e-1b0c-4246-a310-adcce680a820","SKYWAVE_PHASE_4_5","42b30bfe-77fe-4b2c-a95d-f77d346e0279","22b4209a-5a3f-4881-a875-7aa31d2ac506","-10.0","18:59:00"
"33f8579e-1b0c-4246-a310-adcce680a820","SKYWAVE_PHASE_4_5","48ef06f0-1417-4ebf-a670-066499265681","f9f2793b-a8fa-497a-a76c-60d86cc1529b","-10.0","19:03:51"
"a0fc2231-8c98-4523-a2e5-529e74bc085c","SKYWAVE_PHASE_4_5","e62f48f4-d643-4169-ac02-e248ae32e257","04155f6d-2418-4f3a-afdf-b8395854bddc","-13.0","12:42:00"
"a0fc2231-8c98-4523-a2e5-529e74bc085c","SKYWAVE_PHASE_4_5","dcf1ed80-2add-4e9b-a932-207aca3ba7b8","14c6aeed-037f-4274-acee-ad6f00f11c8f","-13.0","12:44:48"
"294f4b0d-8f86-4584-a1d8-bc569ddc280e","SKYWAVE_PHASE_4_5","1538c470-51aa-43ac-afe0-dfd5d0409bea","b5ae2d4c-f270-4dce-aed3-0d134f3a9e13","-13.0","12:45:51"
"294f4b0d-8f86-4584-a1d8-bc569ddc280e","SKYWAVE_PHASE_4_5","e55243c9-8e5a-428a-a041-2ffb40fef523","7cd665eb-7f02-4a6a-acab-579be496a43c","-13.0","12:46:24"
"d1707131-4685-4e31-af11-f7c0d0b5da79","SKYWAVE_PHASE_4_5","10bce90b-39e8-4f15-a811-52eef782421c","432a4fdc-669d-41d9-a6dc-9d6a72547a23","-13.0","19:54:00"
"d1707131-4685-4e31-af11-f7c0d0b5da79","SKYWAVE_PHASE_4_5","69a786a1-4591-4934-accb-cf081f54f45f","be200337-d72f-45ad-a5c1-c0b651f9a9dd","-13.0","19:54:44"
"bd31085d-043b-4e79-a27f-51815fb89c21","SKYWAVE_PHASE_4_5","08910a8a-cc25-4643-a11e-ef61fe4141f3","fcbd50cd-1814-48d6-a2be-4297745ba016","-13.0","19:55:54"
"bd31085d-043b-4e79-a27f-51815fb89c21","SKYWAVE_PHASE_4_5","96cf4ba6-9bac-4888-adb6-5d05cc45edfa","ac836657-543a-4004-ae8d-fafafddcc887","-13.0","19:56:51"
"b97f8b05-da19-43bb-a3aa-acb723e43f48","SKYWAVE_PHASE_4_5","630d461c-7bc1-4dea-a4cc-b2e979faa5c4","1ec082f6-e76f-4544-ab2a-8e14b994f5ec","-13.0","19:57:39"
"b97f8b05-da19-43bb-a3aa-acb723e43f48","SKYWAVE_PHASE_4_5","38dfa72d-27aa-451e-a480-7faf7126222b","0cfd79ed-230e-46a9-ac05-678adc0ab1da","-13.0","19:58:32"
"cd95231f-9669-440c-ad74-944977864a79","SKYWAVE_PHASE_4_5","fe95e6ea-e383-4dae-a144-e233a557ec9e","c3a3a963-ca80-4138-ad11-ba3227c0160f","-7.0","13:49:00"
"cd95231f-9669-440c-ad74-944977864a79","SKYWAVE_PHASE_4_5","c6d36988-ce5b-44ae-aaaf-56bb738cf89c","a9787d6b-cffb-4fde-a543-8bc76d68198b","-7.0","13:50:07"
"6c91ca18-2bfa-4e83-a0c1-db25c39bffcc","SKYWAVE_PHASE_4_5","91f7ebff-5b44-4d3d-a43c-f72881f2ae55","1841f7f0-8073-4bae-a943-2f196c5c4fca","-11.0","09:14:00"
"6c91ca18-2bfa-4e83-a0c1-db25c39bffcc","SKYWAVE_PHASE_4_5","fd5af76e-0c76-4923-af13-a8ee5f843eb6","f9cc88c4-fcab-47f5-a5ae-063a76cc68fe","-11.0","09:14:59"
"7e383c73-c553-4bea-a8e4-44dd54b9690f","SKYWAVE_PHASE_4_5","c48c3721-e1a1-435a-a27a-bb2aa92e7944","a546d30a-096c-4028-aec7-d2a0d1f494ec","-1.0","08:07:00"
"7e383c73-c553-4bea-a8e4-44dd54b9690f","SKYWAVE_PHASE_4_5","2f0f86fa-3c97-4bbf-a6d8-6dbe726c5bfa","c5301998-faa0-4caf-aa8c-8eaf27849e06","-1.0","08:07:19"
"b0f14553-ec55-44ca-a992-cb84c7d52f68","SKYWAVE_PHASE_4_5","c8156979-274d-4c02-ae1e-7c0b58157f14","dd792234-e5d9-4093-a741-1c085be7ef1c","-14.0","14:02:00"
"b0f14553-ec55-44ca-a992-cb84c7d52f68","SKYWAVE_PHASE_4_5","60fea5c8-bf84-46bb-abea-38963c3686db","71cbe86d-3ea3-4124-a526-fda41e676e99","-14.0","14:02:40"
"1a37c0c7-f229-487d-ad54-148f993bd213","SKYWAVE_PHASE_4_5","d2f129ec-31bc-4246-a395-36ddaf581bcf","4925a9ce-77c1-4831-abf2-ebeb2ce007a7","-10.0","16:07:00"
"1a37c0c7-f229-487d-ad54-148f993bd213","SKYWAVE_PHASE_4_5","d8cf7d8a-144e-4407-ab25-7855d5db0baa","efd22c65-e984-4dcd-ae03-f25f032cb963","-10.0","16:08:16"
"925edd0f-7e6e-4c65-a52a-8b3636709313","SKYWAVE_PHASE_4_5","7970341d-ecad-45bd-a8c8-f6e033d514d5","2cdb323b-fd29-4ae3-a90c-c72d43332b36","-10.0","16:08:50"
"925edd0f-7e6e-4c65-a52a-8b3636709313","SKYWAVE_PHASE_4_5","2581334e-fd47-4a6e-acd9-360a326b5810","df5d9e28-0a36-4daa-ade3-f2dd0eac48c3","-10.0","16:09:44"
"53dd18c4-e097-432f-a8b9-6ad9659bf4cb","SKYWAVE_PHASE_4_5","9e784cd1-4f9f-4730-a2fe-7e453c1a9b08","ac77c889-f6a6-42fc-a618-4c8af5ec8176","-3.0","09:22:00"
"53dd18c4-e097-432f-a8b9-6ad9659bf4cb","SKYWAVE_PHASE_4_5","3fe519c8-a014-4138-a6fe-ff2222eb7425","59ea527e-3574-4f8e-ab2a-cde754ce0927","-3.0","09:23:10"
"b3c3275e-b1ae-4861-a02f-78b320ae551d","SKYWAVE_PHASE_4_5","764a5074-cae7-4851-ad37-3528455e85c3","85823f2d-7706-4d2c-a55b-45b4e286c1d7","-5.0","16:05:00"
"b3c3275e-b1ae-4861-a02f-78b320ae551d","SKYWAVE_PHASE_4_5","f796fd0b-95fc-4bfc-a9e5-ec734851d97c","abf7f2b2-82a9-4358-a9de-d0c930751de3","-5.0","16:08:59"
"95e1eb2c-bb57-4e0a-a5e1-bec23ab7ba95","SKYWAVE_PHASE_4_5","ef1db44d-2ee1-4507-a92c-375399e6a666","3d0f9c13-e7a7-4ab2-a7c6-1430c2f05f2c","-5.0","16:10:15"
"95e1eb2c-bb57-4e0a-a5e1-bec23ab7ba95","SKYWAVE_PHASE_4_5","4c65e278-449d-422a-ad27-250418164717","4ec537c4-1742-494b-a9f9-edd1e436d8a5","-5.0","16:11:13"
"b5f0881f-1457-47ef-a2f5-c3d36b4404f8","SKYWAVE_PHASE_4_5","d19e0dc7-9311-4479-a8c0-47424106fd4f","8a19c74c-1fc7-48c2-a7eb-afa7e001964f","-5.0","11:52:00"
"b5f0881f-1457-47ef-a2f5-c3d36b4404f8","SKYWAVE_PHASE_4_5","591e4f0d-9979-4686-a092-de45ac10bf3c","18806551-382a-4034-a348-391cd161fb0a","-5.0","11:53:03"
"dcf0499b-f24f-46a4-a134-e68aabd1a299","SKYWAVE_PHASE_4_5","cf8934ba-8f92-4cda-a077-e5d57473dc93","a1c8c6bd-e7af-4be7-a4c4-cfe417503939","-5.0","11:53:33"
"dcf0499b-f24f-46a4-a134-e68aabd1a299","SKYWAVE_PHASE_4_5","902c0e94-6e9c-489a-a475-d51a7d526cad","33cc3041-0af4-4d9a-a4b5-00eff746f558","-5.0","11:54:00"
"1b5367c0-846c-4dd4-a22f-936dd9809178","SKYWAVE_PHASE_4_5","1223e0b8-25b8-4080-a67f-b3511637cd42","218dba25-db5c-4c00-a0d2-e7fd263bd904","-7.0","13:12:00"
"1b5367c0-846c-4dd4-a22f-936dd9809178","SKYWAVE_PHASE_4_5","d4ea60ef-d908-48d8-af19-d5b0929db7e8","3799cb68-63cf-4166-af43-febfa5a4fe97","-7.0","13:13:38"
"4cf00d96-2e8c-4aaf-a4e4-aae649ed5e83","SKYWAVE_PHASE_4_5","d9d4ba80-e58e-4efa-a883-5b7443e58744","d41e033a-0c0a-4339-a62d-511592c89bc9","-1.0","14:16:00"
"4cf00d96-2e8c-4aaf-a4e4-aae649ed5e83","SKYWAVE_PHASE_4_5","46484b9f-7975-439a-ab44-5c21e6406166","433aa9fa-8836-42b4-afe9-8d43e812989d","-1.0","14:19:44"
"c0d5728e-8209-41d5-a97a-dac9a79dd33c","SKYWAVE_PHASE_4_5","6fea3739-2613-445b-a169-96d36c7f6a9d","4e77d237-c0c7-4c50-ac82-76fec857d519","-14.0","18:07:00"
"c0d5728e-8209-41d5-a97a-dac9a79dd33c","SKYWAVE_PHASE_4_5","856dc584-ae84-4100-aab5-360607e80bff","d12ad135-de08-4cad-a32e-e933ccd66c3e","-14.0","18:07:49"
"863a42f2-2112-48e8-ab73-cfd199de765a","SKYWAVE_PHASE_4_5","42bd0a9e-b294-4603-a542-cfcc653644b0","0186add9-253b-4b27-a3d5-5d62d0449584","-14.0","18:08:22"
"863a42f2-2112-48e8-ab73-cfd199de765a","SKYWAVE_PHASE_4_5","434a9a7c-363c-4b21-a59e-c63f236ccec1","567c24ef-5bed-469b-a823-1b23298a93ee","-14.0","18:09:21"
"a30fe7ca-ff5f-4702-ab73-debb3e58ef65","SKYWAVE_PHASE_4_5","79128d6b-c5f3-4da9-ad33-af34122f8ee8","2548ea1a-542e-4b7c-a5a6-a8cd7b9b1b35","-10.0","12:08:00"
"a30fe7ca-ff5f-4702-ab73-debb3e58ef65","SKYWAVE_PHASE_4_5","999507e3-72a2-4451-a72b-d8e4b07ff711","efe8e16d-8b2c-43ab-a2f5-8eaf8917b93b","-10.0","12:09:07"
"a411d25b-9f7d-4058-aa52-b02a3493b010","SKYWAVE_PHASE_4_5","36c4890e-be2d-4f51-a41f-1297912f08d5","26342274-6dc8-4c19-aced-de3c9951a006","-7.0","10:09:00"
"a411d25b-9f7d-4058-aa52-b02a3493b010","SKYWAVE_PHASE_4_5","13a71f6d-2a21-47f3-a699-6c8a155368f5","94734e2b-96f8-4c0d-a4d9-ea1046284db2","-7.0","10:09:28"
"280c3857-7e51-4a9a-a63d-d383e3ea2660","SKYWAVE_PHASE_4_5","158def46-5196-483e-a2dd-5b86dac95ee3","e24156f0-2d4d-41d8-a945-8a0bf6f58365","-10.0","12:43:00"
"280c3857-7e51-4a9a-a63d-d383e3ea2660","SKYWAVE_PHASE_4_5","cc119c3c-715b-4517-ad81-fab7de393eb1","663274a4-71e6-4e3b-a538-970cdf899468","-10.0","12:44:12"
"7ded9825-750f-4d96-ae64-15fc086100cd","SKYWAVE_PHASE_4_5","f876e3d5-b530-4f10-a04d-510047742579","a2adce84-d02c-4d91-a943-2da51406acb7","-10.0","12:44:36"
"7ded9825-750f-4d96-ae64-15fc086100cd","SKYWAVE_PHASE_4_5","11eeacab-f030-4244-abbf-ee5df72eb626","4f5875e6-ec0f-4545-a4e1-cee41726836d","-10.0","12:45:08"
"cccb3b1c-466b-4108-a152-ae140dbe5bfc","SKYWAVE_PHASE_4_5","e6bba27a-4152-4cdf-a183-e85f8bdec996","d684cb2d-1323-457b-a0bb-35858d7768eb","-7.0","19:52:00"
"cccb3b1c-466b-4108-a152-ae140dbe5bfc","SKYWAVE_PHASE_4_5","9d037d4f-eefb-4dab-a024-2261e52b8134","00f0a3f2-f905-488e-a5b5-018741047530","-7.0","19:54:30"
"9c98d98c-06e2-4fb3-adf4-12dffc1ef570","SKYWAVE_PHASE_4_5","2077d848-0478-4378-a781-57e83a3dc4d4","c6e7f7e5-b747-40ba-a561-ad97bf4d1326","-8.0","13:55:00"
"9c98d98c-06e2-4fb3-adf4-12dffc1ef570","SKYWAVE_PHASE_4_5","c33e5552-0cc9-4dc1-a31f-2cf8d6108b35","32e54e3b-007b-4bed-a3a3-acccf883b33d","-8.0","13:57:19"
"8f678075-0575-46a7-a3a1-76331c8f6f6a","SKYWAVE_PHASE_4_5","77d4a3c6-286f-4603-acd4-032da5429a22","461fcecd-af35-496d-afe6-e33799a836e5","-8.0","14:01:06"
"8f678075-0575-46a7-a3a1-76331c8f6f6a","SKYWAVE_PHASE_4_5","30a08d98-4538-4cdc-a3ed-0eef60131afa","ac942208-5871-44e4-a96a-7c3ed46579f5","-8.0","14:02:18"
"9d96e64f-3fe8-47a3-af45-9a07e4d52953","SKYWAVE_PHASE_4_5","0d0b153f-ce7b-4208-a9b0-96b1e08bf7c4","6136b16c-c113-4ee7-ab24-40ab462ad8e3","-14.0","14:29:00"
"9d96e64f-3fe8-47a3-af45-9a07e4d52953","SKYWAVE_PHASE_4_5","6e69d52e-24af-43f3-a0b6-f0b575ec3b7b","397b5eb0-0f85-45b0-a994-dc088794ca80","-14.0","14:29:39"
"1330856c-d23d-47bb-a3fa-579ea2fdcfa1","SKYWAVE_PHASE_4_5","0f5061b5-f7f5-4fd8-a70c-1974258ca370","d4a0ea16-70ec-4dc7-a19a-37e8a68cde0c","-6.0","08:02:00"
"1330856c-d23d-47bb-a3fa-579ea2fdcfa1","SKYWAVE_PHASE_4_5","e136daf9-f2ff-4369-ac24-ed0d61a3a9a5","e345302f-01d1-4038-ac9b-94af13daa84a","-6.0","08:02:32"
"17e851e9-7ea0-4a24-aa53-fc65be92c04c","SKYWAVE_PHASE_4_5","b853a94e-9a9c-49b3-a9bd-17e0c670b17c","0dffa12f-b571-4a9c-afaf-92ebdbfabb3d","-6.0","08:03:22"
"17e851e9-7ea0-4a24-aa53-fc65be92c04c","SKYWAVE_PHASE_4_5","86a15abc-10d3-4c98-a68f-00f6a5818031","7849e8c3-98da-4374-ae31-ed057746785c","-6.0","08:06:32"
"ca7baf71-a56f-40d7-a4d6-62e1c076226d","SKYWAVE_PHASE_4_5","57bc47f2-fc81-494b-ae0c-ff1f97cf88da","a257564e-d0a5-4d34-a28e-42bd0c2c0d69","-9.0","09:05:00"
"ca7baf71-a56f-40d7-a4d6-62e1c076226d","SKYWAVE_PHASE_4_5","ecbfd7f8-98b4-4063-a59b-5ea34e195a7e","1f2f44e8-5089-4e12-ab4e-89215964d00e","-9.0","09:08:49"
"442d3ee1-90ca-4862-a441-019674c22775","SKYWAVE_PHASE_4_5","013c873f-a13f-479b-afb0-461451d58265","9fcb3884-a9a4-4735-a45d-1ea7d47c628f","-9.0","09:09:52"
"442d3ee1-90ca-4862-a441-019674c22775","SKYWAVE_PHASE_4_5","b0a29240-2069-433f-a215-77d520eb0608","1d797c4d-0356-422d-a6fb-dd76066ca84a","-9.0","09:10:34"
"22e44c4b-1b91-46f9-a4e1-5eec73ee764d","SKYWAVE_PHASE_4_5","a9789f6a-12eb-49ab-afda-f3812be78fe9","f85bef53-f784-47da-a44f-ff28e8d48a3f","-4.0","19:17:00"
"22e44c4b-1b91-46f9-a4e1-5eec73ee764d","SKYWAVE_PHASE_4_5","f716ca9f-b82f-43f3-abfd-9e5c190c624e","1db0a468-1765-4f5a-a7c4-4d07966afb39","-4.0","19:20:35"
"f2766435-75e2-4fa7-a219-e87277edfc04","SKYWAVE_PHASE_4_5","f4ca1d16-6d0c-4286-ab50-e7bfde9259b7","770321a4-2863-47f2-a228-c4c9c78c4518","-4.0","19:21:00"
"f2766435-75e2-4fa7-a219-e87277edfc04","SKYWAVE_PHASE_4_5","63b20d94-7e53-42b6-ab07-18d0105f7863","b8da34eb-c0d4-48a0-af5f-7dba77cde90f","-4.0","19:21:49"
"b51db69d-3a44-452c-adce-93dc9920f62b","SKYWAVE_PHASE_4_5","10852fc8-fc74-42a5-a452-6a7e30965497","1b5bc7e3-009d-488e-aa65-b97b2f399737","-14.0","17:53:00"
"b51db69d-3a44-452c-adce-93dc9920f62b","SKYWAVE_PHASE_4_5","8f7e75d7-5abc-49ea-a2dd-28e0da91d87e","6674f601-3069-4cd3-ad53-e9a53fbda5d4","-14.0","17:54:04"
"e27dce13-dffc-4390-a500-ac130435250e","SKYWAVE_PHASE_4_5","f4d0bf32-fb48-4653-a5a3-5478af1d7034","02bc5131-b24c-41f7-a26c-ef4de9538944","-14.0","17:59:04"
"e27dce13-dffc-4390-a500-ac130435250e","SKYWAVE_PHASE_4_5","b26b8229-c5a7-4484-a93c-f1b6f96c8635","7dd0fa37-3549-41f6-a3b0-454a68b03798","-14.0","17:59:28"
"4bd21549-09b2-431c-aa9d-cdd07010a6b1","SKYWAVE_PHASE_4_5","c8893599-7c95-4a8d-ab99-d7b7e8fdda45","4d6db97a-7b45-4895-a98e-812479619894","-14.0","18:02:16"
"4bd21549-09b2-431c-aa9d-cdd07010a6b1","SKYWAVE_PHASE_4_5","ff7a30b7-3fd5-4b1b-a8c5-309344c23576","9e959ad0-f3a9-422e-a6ef-2c62a575c355","-14.0","18:03:29"
"7ed0585e-3869-4c81-aef5-7b17467a5a6d","SKYWAVE_PHASE_4_5","a55735c0-c379-4c29-a4e3-3b16c13da542","7c80996c-410d-415d-a210-ddcb4025166e","-10.0","19:11:00"
"7ed0585e-3869-4c81-aef5-7b17467a5a6d","SKYWAVE_PHASE_4_5","0ec36a20-ffaa-4a8e-ae04-903686a1af1f","8b74a57e-0109-4e23-a78f-11a1a64352de","-10.0","19:12:48"
"36f18eef-4655-413a-aa6c-c2391fa5012a","SKYWAVE_PHASE_4_5","8563c970-cb16-4ff3-a71e-304e9d63f0fb","6a43c4c3-e0e1-4079-a0f6-a3683fbb548d","-14.0","19:38:00"
"36f18eef-4655-413a-aa6c-c2391fa5012a","SKYWAVE_PHASE_4_5","a704d941-15b5-498d-a30c-8b5226c4345f","cc471b1b-a64a-4815-a067-1476b94c7f18","-14.0","19:38:26"
"cae4d35c-c521-446f-adb8-de1f62f160d5","SKYWAVE_PHASE_4_5","1922830f-7cd1-49a4-aaa7-f73492ab844b","a75b4813-a709-4046-a8fc-5fbe32d78959","-1.0","10:00:00"
"cae4d35c-c521-446f-adb8-de1f62f160d5","SKYWAVE_PHASE_4_5","258d6065-da19-42dc-a869-69c80b8ae4e5","457c2d6e-e61a-45dd-a6a0-2b2168c982ca","-1.0","10:02:59"
"aa95a24b-7690-43ac-a877-8b4d6bf630e7","SKYWAVE_PHASE_4_5","295678f0-1dc5-4b85-acc5-f06650f7f0ce","5fb225a0-cda4-41d3-af7b-a9135776f896","-8.0","14:01:00"
"aa95a24b-7690-43ac-a877-8b4d6bf630e7","SKYWAVE_PHASE_4_5","2d62133d-6527-435d-acf8-e300bda95449","e6e07efd-e814-4c46-a712-09ec761fa935","-8.0","14:02:04"
"2db6b561-88c6-41a0-ad5a-76df8228fe37","SKYWAVE_PHASE_4_5","f097bc2c-46c9-4783-a222-808ffdec7065","50b7cf02-da65-4210-a52f-824c0ce79d58","-8.0","14:03:06"
"2db6b561-88c6-41a0-ad5a-76df8228fe37","SKYWAVE_PHASE_4_5","cf43ce18-7015-4c00-a496-7bb04705ff89","9d9f26d9-22ad-40ea-aac5-5a68230acf91","-8.0","14:03:56"
"68392e48-21e9-4924-af52-8baef3ac6725","SKYWAVE_PHASE_4_5","7e2a1995-ec24-4738-a106-5fb71ba0419c","a87f3241-c21c-4669-a2e1-9d3c90406dd9","-8.0","14:08:45"
"68392e48-21e9-4924-af52-8baef3ac6725","SKYWAVE_PHASE_4_5","ccd4bf5b-70bc-4223-ac1f-71e31abe136a","53f31425-ed0d-430e-a975-ff5128ddb66d","-8.0","14:09:09"
"b52dc071-4ccc-49e1-a06c-d654c6948ee7","SKYWAVE_PHASE_4_5","33df6316-4d7f-41fe-a19f-58b1e31cc541","4bb5be6e-e0d8-47bf-aecb-6ff2bfc21341","-13.0","11:52:00"
"b52dc071-4ccc-49e1-a06c-d654c6948ee7","SKYWAVE_PHASE_4_5","4fa20a23-3d9f-4132-a0ee-48c898925c76","b65a98c5-9665-49e6-ab16-43068d6e8463","-13.0","11:53:01"
"007b17c0-7ad0-410a-a1b9-1b86e5cc65c9","SKYWAVE_PHASE_4_5","a0dcd860-d25c-41d2-a1a9-1d1edb16dfd3","423a5125-8145-4e1a-a365-9fabb79e6081","-8.0","17:13:00"
"007b17c0-7ad0-410a-a1b9-1b86e5cc65c9","SKYWAVE_PHASE_4_5","6d06402b-6fbf-4bda-a843-53913d58fd8c","065e517b-20de-417b-a77e-8da50366e1d4","-8.0","17:13:28"
"468ea1a5-4fa8-4229-a3f2-7b7d1d2a1b61","SKYWAVE_PHASE_4_5","e21a88cc-8ec8-4bb1-adfe-0cfd8831b07e","ee423bf5-3b3a-4fd6-ac96-a956aabfd12f","-4.0","15:20:00"
"468ea1a5-4fa8-4229-a3f2-7b7d1d2a1b61","SKYWAVE_PHASE_4_5","e450cbfa-8400-48a4-a1a0-203f533d09d3","2cb74aa0-0226-4882-aa1a-6d72b57b09b8","-4.0","15:21:10"
"d43221d9-2ebb-483b-ae4f-7946dd58193a","SKYWAVE_PHASE_4_5","2604ef13-6384-425c-a7d9-642a391e4f90","a8d6026e-db2d-481c-a166-388b57cf4235","-4.0","15:22:06"
"d43221d9-2ebb-483b-ae4f-7946dd58193a","SKYWAVE_PHASE_4_5","faba84d4-c8c5-49aa-a410-827d147c3da4","c601aec0-106d-4745-a4e1-8817afb741ed","-4.0","15:25:03"
"21e1b5b7-2009-400e-a9af-cbb32bd2a760","SKYWAVE_PHASE_4_5","030b0f90-d71c-4fbb-a051-45d92f41135e","6f16ab0c-3ac3-41ed-a460-12d4acfa407f","-4.0","15:26:12"
"21e1b5b7-2009-400e-a9af-cbb32bd2a760","SKYWAVE_PHASE_4_5","9063d3a5-f288-4c83-aaf0-b2e62f212d25","1ab1b9c6-afc5-4975-a7cc-6ba62fd6e888","-4.0","15:27:02"
"fd8eca5a-bfc9-48b9-aa58-c772a2a60ce1","SKYWAVE_PHASE_4_5","78fbac58-96d5-4e6b-a3a7-88643d4fcfe4","36722f33-5099-4c2c-a039-32066685b89b","-3.0","12:10:00"
"fd8eca5a-bfc9-48b9-aa58-c772a2a60ce1","SKYWAVE_PHASE_4_5","61c8fcdd-a26a-4e68-a5e1-a1fe93bf214b","c89277d3-dbbd-4d20-a5d2-88ef251a0111","-3.0","12:13:45"
"1ccc873b-a709-4ddc-a026-50d95f955db5","SKYWAVE_PHASE_4_5","5e2b039c-af6d-4a1f-aff2-f998ae336fa7","6b607f7e-097f-4317-aae2-8b770dce32d8","-12.0","18:40:00"
"1ccc873b-a709-4ddc-a026-50d95f955db5","SKYWAVE_PHASE_4_5","b2e7310d-4328-4afd-a437-eba7c0508e50","872cdd04-0e8e-4562-a52e-7445dc101891","-12.0","18:40:37"
"61ed4350-e297-4bea-aa3b-1a3f68a831a7","SKYWAVE_PHASE_4_5","ecb99f4c-a837-4b49-ac94-11b98be74609","22a0a091-a959-4f99-a23a-f5e9dde3043d","-4.0","16:41:00"
"61ed4350-e297-4bea-aa3b-1a3f68a831a7","SKYWAVE_PHASE_4_5","a98521e5-7fe2-412d-a22a-de93216f0541","089b536d-c4cd-4cb2-aa69-915bb68fd8a0","-4.0","16:45:58"
"7b7da672-d438-4028-a69c-8ab107270a7d","SKYWAVE_PHASE_4_5","3e8207a9-e3c2-4629-a5dd-e397e9a15c1f","b0d2057c-d417-48e9-a0b4-da161ec94a41","-4.0","16:49:06"
"7b7da672-d438-4028-a69c-8ab107270a7d","SKYWAVE_PHASE_4_5","f53751f1-5eb7-4572-aca9-a622de4dd547","4f4212d9-ea88-45df-a962-1fdfadf59a3e","-4.0","16:50:09"
"4eaadef8-dcff-4840-a389-ac12848b2f05","SKYWAVE_PHASE_4_5","c26218f3-0c53-46f9-a761-e56108f2b84c","97f24005-09aa-429e-a250-2ac4f7a6fdb0","-12.0","14:08:00"
"4eaadef8-dcff-4840-a389-ac12848b2f05","SKYWAVE_PHASE_4_5","8bd60d9f-856b-435b-a833-491208400cd7","e5e31386-5eb9-40b8-a8a3-43b3811e1638","-12.0","14:08:34"
"a03504d7-bc1d-4c9d-a793-d6c02fa9ab70","SKYWAVE_PHASE_4_5","77a9f7df-afb5-495f-ac11-cfda867b479e","e81d19a0-427d-4e54-af23-2472b8cb1e5e","-3.0","12:54:00"
"a03504d7-bc1d-4c9d-a793-d6c02fa9ab70","SKYWAVE_PHASE_4_5","6c77ee67-571e-43ea-a3a1-8c5e828c91b7","eaecde34-730e-4b0a-a7ad-5bfabe55347e","-3.0","12:54:50"
"d7edced6-a42e-43c8-ab9d-de956dcfd6a6","SKYWAVE_PHASE_4_5","fff2d0fd-e6fb-4cf6-ae8c-76f8470282b0","a8c80924-2540-4fb0-a39a-380d333065e8","-3.0","12:55:25"
"d7edced6-a42e-43c8-ab9d-de956dcfd6a6","SKYWAVE_PHASE_4_5","7a07a38e-0ecc-47c4-a93b-00b377b6e409","d0ae5251-e743-4d59-abdf-1593f39b01e2","-3.0","12:56:33"
"d60cf8ea-6826-43b2-a204-8b398222996e","SKYWAVE_PHASE_4_5","0de80af8-0326-429b-a642-cacb496f7c86","1f0ba4a8-ec77-46bd-a573-7debe3b72b81","-2.0","08:59:00"
"d60cf8ea-6826-43b2-a204-8b398222996e","SKYWAVE_PHASE_4_5","bfbff102-26b7-4ae0-a50a-ac5381f17d29","e87b0ef6-c145-4ece-a48b-615b4112ec57","-2.0","08:59:59"
"d556c9ed-9ed2-4a6c-acfd-e12929377ca4","SKYWAVE_PHASE_4_5","403cd5c1-4461-4460-af40-abd181c72f55","fd9eb47d-52aa-4127-aafa-96763d9a12df","-10.0","09:21:00"
"d556c9ed-9ed2-4a6c-acfd-e12929377ca4","SKYWAVE_PHASE_4_5","e74bebbd-5e25-456f-a549-47ad1dfecd31","deb5a42c-b8f0-46e0-a004-90f793fd1e31","-10.0","09:22:07"
"1efd4a0a-1022-4364-a8d3-0490186d1ea2","SKYWAVE_PHASE_4_5","c101a73b-cf96-4c73-a384-821ab3668052","996a7058-123d-4f9a-ac10-482ea5efd94f","-10.0","09:22:43"
"1efd4a0a-1022-4364-a8d3-0490186d1ea2","SKYWAVE_PHASE_4_5","9bb58d1d-436f-43ff-a8d1-75e8d29f1820","aba0394b-a231-4927-a1ad-5471d0b3d006","-10.0","09:23:04"
"1f968e3e-5554-4803-ab5b-36f97e939fc2","SKYWAVE_PHASE_4_5","aee59e54-f59b-45a0-a4d7-fd83ac91c1cb","616891b5-4390-4ce6-ad66-248bfc5a2e00","-12.0","09:22:00"
"1f968e3e-5554-4803-ab5b-36f97e939fc2","SKYWAVE_PHASE_4_5","dfcd17fb-5a47-40ed-a6fe-3c15377756d9","5804bd06-2284-4307-a30f-8a27ea5db1e9","-12.0","09:22:47"
"b8baa6ab-6634-45cd-a8c6-f522b8c85ce7","SKYWAVE_PHASE_4_5","15cc7d04-9ba7-4cb2-a894-458b5663724c","7f274c24-24c8-4717-a75d-6d0369790665","-6.0","10:56:00"
"b8baa6ab-6634-45cd-a8c6-f522b8c85ce7","SKYWAVE_PHASE_4_5","f07b9082-9a3d-4bd0-ae7b-a30c477814fa","3b8b9686-6665-4667-ad0a-387089d6b627","-6.0","10:56:43"
"c251e683-53d3-4e81-aa9f-d3de786139bd","SKYWAVE_PHASE_4_5","6467b340-0987-4cea-a258-f04c7945e529","61299ca8-7828-481e-a16d-90f8f731b241","-7.0","08:28:00"
"c251e683-53d3-4e81-aa9f-d3de786139bd","SKYWAVE_PHASE_4_5","433c1634-f004-42ec-a5ba-88b6ed48e30e","3c421fd4-4f34-4a85-a125-f540063d677f","-7.0","08:29:09"
"5a9839a0-d4e0-4c71-a5d6-81bb2ea3e044","SKYWAVE_PHASE_4_5","257af151-b2b1-44cd-a19c-986505fc7147","f5d69d3d-662d-4aa5-a669-25a492956ee1","-3.0","10:47:00"
"5a9839a0-d4e0-4c71-a5d6-81bb2ea3e044","SKYWAVE_PHASE_4_5","e6ceaba4-9e88-4dcf-a567-c56608946fe2","0b151c3d-51f0-4f87-a61c-9ff5ee4a6e7c","-3.0","10:50:32"
"441e7dbe-bec7-4450-a647-6aebd4016980","SKYWAVE_PHASE_4_5","b72a9d2b-e95e-487b-acb2-7cfc4d62eaea","0f11262b-8d28-4ba1-a0bb-24cd7af82524","-3.0","10:50:59"
"441e7dbe-bec7-4450-a647-6aebd4016980","SKYWAVE_PHASE_4_5","fb811df1-62a6-4c08-aa61-f388daacd04c","b0aa5211-2814-4771-add6-2c2a03ab959c","-3.0","10:51:57"
"f8877cb7-5c4c-4484-ae2e-d402d450f32b","SKYWAVE_PHASE_4_5","e4f966b1-1471-4ed7-ac41-8a0e65e68e1f","7b40f8c3-d8f3-4e05-a4d4-b9b47cb48cf8","-3.0","10:53:13"
"f8877cb7-5c4c-4484-ae2e-d402d450f32b","SKYWAVE_PHASE_4_5","40992693-f550-4a0a-ac8b-cbb31bdb8c37","6b69e358-260b-4395-a5d2-563ae8af9682","-3.0","10:57:42"
"b4d43056-74cc-4e3b-ad4e-786dc664a487","SKYWAVE_PHASE_4_5","64d9c63d-5209-47af-a24a-df679a626e12","f082d7cf-48bf-4f7b-a31b-db9c06aa7f87","-14.0","13:41:00"
"b4d43056-74cc-4e3b-ad4e-786dc664a487","SKYWAVE_PHASE_4_5","70175e13-b6b4-4578-acae-2aac6bc77386","75038fdc-cc87-4660-a727-68c70ab3ed6c","-14.0","13:42:00"
"0f281147-945b-40d3-afeb-83a1d3d29940","SKYWAVE_PHASE_4_5","5e2ea63a-8621-40c9-a14d-adf06d211eb1","3a32d093-b354-456e-a7df-33a7279e51ef","-14.0","13:44:39"
"0f281147-945b-40d3-afeb-83a1d3d29940","SKYWAVE_PHASE_4_5","54b11cea-0373-4f14-aaf2-d9b98f150990","2293a008-b9e6-42e4-a3bb-1064a07f6a38","-14.0","13:45:18"
"f9d5fa04-add8-4755-a823-2f2e31e9462a","SKYWAVE_PHASE_4_5","4f079734-f990-4164-a717-2871ddb4da8e","b59c2e5c-a8aa-454a-ae69-7446709b1d2f","-3.0","12:55:00"
"f9d5fa04-add8-4755-a823-2f2e31e9462a","SKYWAVE_PHASE_4_5","51281f18-d720-4d13-ad39-5724c354e1c3","472af0eb-feb8-43dd-a2f7-435811fe92ac","-3.0","12:58:22"
"f092b485-9c6a-49d8-a619-d8255c721d8c","SKYWAVE_PHASE_4_5","fbfee45b-1281-458d-a718-5fccbe357ac8","46e68df9-8cd5-487f-a6a9-210c4e7509a7","-3.0","13:00:13"
"f092b485-9c6a-49d8-a619-d8255c721d8c","SKYWAVE_PHASE_4_5","c0a9cfaa-ca86-4c71-a90e-810261c9a0d1","f74a9495-1447-479a-a1fa-b59a6026dbd1","-3.0","13:02:35"
"d19b0b90-3403-4552-a690-54a17a54dce4","SKYWAVE_PHASE_4_5","ef478491-e16a-4ada-a72b-f60faf6528fe","74f1e031-a89f-44af-a1e8-802a3653e663","-11.0","14:30:00"
"d19b0b90-3403-4552-a690-54a17a54dce4","SKYWAVE_PHASE_4_5","1345ebff-9313-46df-ac3b-d925ca7563ee","1075ec8b-0800-4c7e-a77d-79246e2dbcf5","-11.0","14:30:47"
"1e3b6406-8940-48f7-a730-e70d481f3401","SKYWAVE_PHASE_4_5","5af1d0b6-9b73-4d20-a8ab-d30e9b6e05de","a287e8fd-49b4-48fa-aad8-cd03940412c0","-11.0","14:31:11"
"1e3b6406-8940-48f7-a730-e70d481f3401","SKYWAVE_PHASE_4_5","3c2e9dec-649b-4667-a568-a20b9fed30e2","3c9049a8-6caa-4c5c-a195-d6c7609471a3","-11.0","14:34:02"
"5bb1df7b-02eb-4b61-adb8-189465d10c84","SKYWAVE_PHASE_4_5","07603204-a5a1-42d8-a04c-8697bfaee925","00ebcfeb-2fb9-4601-abce-f0b817854cef","-11.0","17:57:00"
"5bb1df7b-02eb-4b61-adb8-189465d10c84","SKYWAVE_PHASE_4_5","6b733e6c-6186-45e8-a382-e5d3c567f508","f0c79f79-e98d-4840-ab9d-7b5899d31d16","-11.0","18:01:44"
"4079448c-a77f-4831-ac8b-0ab0ce3015ab","SKYWAVE_PHASE_4_5","b19bb822-0a33-45cb-ab03-560e413b0b8d","0537c7b1-77bf-4e2b-af47-03c6b7ea1789","-7.0","13:40:00"
"4079448c-a77f-4831-ac8b-0ab0ce3015ab","SKYWAVE_PHASE_4_5","3e4a97ff-ff6c-4cc3-a4f2-70674dff86d4","0a2229c0-982b-49a3-a780-e739e24af21d","-7.0","13:40:24"
"6131b461-ea5b-44d1-aeb9-c0a1b158bd60","SKYWAVE_PHASE_4_5","e64faed6-36a3-46d4-a152-54d664591381","b64126ce-e818-404f-a5d6-e6e0c8b27c99","-2.0","13:08:00"
"6131b461-ea5b-44d1-aeb9-c0a1b158bd60","SKYWAVE_PHASE_4_5","c2535c40-6027-448b-a902-c7e46dd10082","9aa76b04-1ac1-42af-a911-0dd75975e4da","-2.0","13:08:55"
"e31d82ba-88a2-4fcc-a01a-d504b9fa3706","SKYWAVE_PHASE_4_5","db1a00fe-43a1-4a52-a6c5-0340e9828163","b9ff2437-28d1-48ac-a59e-b4cf5c70fe74","-12.0","13:33:00"
"e31d82ba-88a2-4fcc-a01a-d504b9fa3706","SKYWAVE_PHASE_4_5","9070a828-af8e-47a0-a6f1-d9b174ff5402","a9378504-4e76-497d-aaf1-f428808a88c9","-12.0","13:33:19"
"cb8f501e-b42d-4349-ad7e-aa0650412db2","SKYWAVE_PHASE_4_5","dac04424-62bd-4e64-af89-fa567b5ab05b","b4da20cb-9554-4ba1-a591-60e9e1ac9619","-2.0","15:03:00"
"cb8f501e-b42d-4349-ad7e-aa0650412db2","SKYWAVE_PHASE_4_5","07596a08-f6b8-4ba0-ac28-9c77a7bb41cd","f5f161b6-e3c1-4221-a86b-636fb2ee59b8","-2.0","15:07:23"
"b061b391-fc27-4d5e-a490-03cae0c8bbf5","SKYWAVE_PHASE_4_5","6f1b8021-548e-44b3-a391-cd08a4f68b0b","6a0ed7eb-c7bf-45fe-a842-6dd84f7ee70b","-2.0","15:09:09"
"b061b391-fc27-4d5e-a490-03cae0c8bbf5","SKYWAVE_PHASE_4_5","72d5a3ff-f24c-41f5-ae38-bdd795adc917","ff7a8a66-2fc9-404d-a290-49c075c34d44","-2.0","15:10:45"
"7e02b999-29a0-4ef5-a392-914ec984ceab","SKYWAVE_PHASE_4_5","df6a1050-1358-45c4-a4b8-d236d93f8f92","5a82fa09-01e4-456b-a9ee-6009fa8ad17e","-10.0","11:30:00"
"7e02b999-29a0-4ef5-a392-914ec984ceab","SKYWAVE_PHASE_4_5","2fcdcfd5-6300-4954-ab4d-f57cb5b62cef","4c8bc227-305f-4621-afa6-83692cf665f1","-10.0","11:32:48"
"4646288f-3d94-4043-ac30-3a8f32fc212a","SKYWAVE_PHASE_4_5","e80b9583-750b-4fbd-ae78-2701275d2e9a","faee4d7c-a7d5-492f-a1cb-e3d3647bb69d","-9.0","19:32:00"
"4646288f-3d94-4043-ac30-3a8f32fc212a","SKYWAVE_PHASE_4_5","20919e1a-1ca2-4ca7-aa79-ece6d86ae490","980771d4-b891-4472-ad55-66fdf2a8eb16","-9.0","19:32:29"
"4f19be7c-fdf1-4468-a8d1-49ad85591d88","SKYWAVE_PHASE_4_5","9102e9a8-7243-4386-a5a7-c609c52df81c","7a2eed37-4e64-454d-a1ab-7c7d4e08fb81","-3.0","11:47:00"
"4f19be7c-fdf1-4468-a8d1-49ad85591d88","SKYWAVE_PHASE_4_5","940314a5-44fa-4390-a554-793515e0d25c","e5c213ba-a5da-44ef-a21f-b6f22c295662","-3.0","11:47:46"
"27997c19-9d2d-4be6-aa40-633990c8e3a6","SKYWAVE_PHASE_4_5","4775fce0-46f5-4452-a1cd-6e6752175cf8","8ef08546-c0b4-41a3-a7a9-9dc3e0c52d74","-9.0","10:29:00"
"27997c19-9d2d-4be6-aa40-633990c8e3a6","SKYWAVE_PHASE_4_5","6e8681b9-0ca5-495f-aa9e-bc3fce5548f6","937dcc7b-0768-4b82-a7a8-12a17a4a5895","-9.0","10:29:37"
"eeab622b-cbb7-4f34-afe9-058f5582c3ec","SKYWAVE_PHASE_4_5","82947eb0-7b6b-4b18-aa00-edad4a62a85c","52b5101b-80dd-47c2-af97-a98500412be9","-8.0","17:42:00"
"eeab622b-cbb7-4f34-afe9-058f5582c3ec","SKYWAVE_PHASE_4_5","2c69240f-0cb0-4a82-a879-5d8cc41e2e4c","c439e8fa-7c41-4466-a728-89d18eadf013","-8.0","17:42:50"
"68a4ae2d-489c-4d4d-ae67-5961f0ecd193","SKYWAVE_PHASE_4_5","ca5bba8a-c057-4677-addb-d5686a3ce409","2982f2f6-2215-4b98-a193-e33c56684b8b","-8.0","17:44:05"
"68a4ae2d-489c-4d4d-ae67-5961f0ecd193","SKYWAVE_PHASE_4_5","6d053995-79c4-4c3e-a24e-e473441f89f3","7c6c89f0-3023-4136-a362-3b84ffa30dc3","-8.0","17:44:43"
"e48abd1a-2d27-4180-a2d3-d24e8e787fb1","SKYWAVE_PHASE_4_5","88126d8a-031b-4576-ae00-11c13dd8b2f5","25383ba9-5491-45b9-a368-5880a46f978d","-8.0","17:45:39"
"e48abd1a-2d27-4180-a2d3-d24e8e787fb1","SKYWAVE_PHASE_4_5","d3d6363a-63e9-4801-ab92-9e2771312e80","1928081c-32e5-4d68-ada2-256070b1d418","-8.0","17:48:39"
"36664dc3-23fa-4cd5-a563-051d1eea7f96","SKYWAVE_PHASE_4_5","e83ca36f-a2d6-4958-aeae-7d9308620fea","ac25fcd9-8d38-49a1-ae04-8e60a1832bd1","-2.0","10:38:00"
"36664dc3-23fa-4cd5-a563-051d1eea7f96","SKYWAVE_PHASE_4_5","fad4eade-7b7f-4380-af9d-e44b36fbe45a","ea3bde0f-5000-4c81-a35d-78d11167b5cd","-2.0","10:39:04"
"2dbc1678-dd89-4bcf-aaf9-48176d2cdb1e","SKYWAVE_PHASE_4_5","002b962e-6d6a-45a1-a36b-1e2d20dc38e7","8042f219-8f50-4d0a-a4af-2d6eec8dda7b","-7.0","13:18:00"
"2dbc1678-dd89-4bcf-aaf9-48176d2cdb1e","SKYWAVE_PHASE_4_5","22ca1b2c-3f2b-446a-aa59-e885e93b105f","a525f506-6108-4b74-aac0-94b96bbbb67a","-7.0","13:22:50"
"dd9df82c-e136-4759-aab9-bf8c92fa7eb3","SKYWAVE_PHASE_4_5","ce6d8828-e72b-434a-a39a-f1b8b82a2cdc","624aa46b-9226-422d-a31b-5297a3195689","-7.0","13:27:44"
"dd9df82c-e136-4759-aab9-bf8c92fa7eb3","SKYWAVE_PHASE_4_5","3f917625-b25d-43c3-ac37-dd281cf223bc","529b0699-5e0d-4bbc-a089-fca7e1c7ac9d","-7.0","13:28:55"
"006fd3a9-96dc-4ce4-a296-47f56e84d833","SKYWAVE_PHASE_4_5","84040d76-0ef1-4813-a522-fcfd3e086529","57ea1800-357b-4209-a888-c0718e894b8c","-1.0","19:16:00"
"006fd3a9-96dc-4ce4-a296-47f56e84d833","SKYWAVE_PHASE_4_5","a705208f-9cb4-4ea6-a71e-f270c06ec057","97ad1b95-295e-4600-ae32-2f83ef73ae64","-1.0","19:16:41"
"1ec71efa-4730-4d53-ad3f-c120457a2555","SKYWAVE_PHASE_4_5","91ae2ab4-5af6-4bfc-a5d9-9b20075dd41e","54444748-2514-40d7-aec3-63e9cf12e919","-1.0","19:18:44"
"1ec71efa-4730-4d53-ad3f-c120457a2555","SKYWAVE_PHASE_4_5","449e9fa8-fb1d-49da-a494-ca7ff16de560","f8041da2-9cbb-4260-aff0-e15a8d76075c","-1.0","19:19:10"
"6372fb7d-6a58-452e-ab05-cd96fc959944","SKYWAVE_PHASE_4_5","d8a09450-181f-4a5d-a8c2-d4095d9a8fb3","191c0b70-24f6-4b2c-af2a-07cc0c567092","-6.0","12:02:00"
"6372fb7d-6a58-452e-ab05-cd96fc959944","SKYWAVE_PHASE_4_5","3177253c-35a0-41cf-afe9-8c93ebe92bf7","5843901e-dea1-4360-ae77-beb5981ce805","-6.0","12:02:19"
"c1e9cd88-2e37-4df0-a419-bad2d42bc0fe","SKYWAVE_PHASE_4_5","9a931c1c-375a-4727-a0cc-335538f84c47","8fb3aee0-d7d7-440e-a172-cdc500ca972b","-6.0","12:04:21"
"c1e9cd88-2e37-4df0-a419-bad2d42bc0fe","SKYWAVE_PHASE_4_5","8651c9ac-b564-4801-a8c1-08aee7850e92","18b16f67-4822-4b2a-ac4f-538c25a0db11","-6.0","12:04:40"
"fd4f0cf0-871d-42fa-a8af-5c359a0ff81d","SKYWAVE_PHASE_4_5","dd573a8f-f678-4f72-a9ef-32bcc8c15ad4","a3d0067c-07f0-4f6f-ae67-41139d01f26d","-6.0","12:08:11"
"fd4f0cf0-871d-42fa-a8af-5c359a0ff81d","SKYWAVE_PHASE_4_5","44439994-77b6-4465-a6b6-44a16aed5f22","314c8929-0609-464d-a3c0-bf3955093f12","-6.0","12:08:56"
"7eb1a488-e833-4b83-a7ee-9a5846876e80","SKYWAVE_PHASE_4_5","7cd8942c-4644-4c9d-ad4a-13dc576529de","ff46a495-a901-40a5-a441-5d8dad175320","-1.0","15:57:00"
"7eb1a488-e833-4b83-a7ee-9a5846876e80","SKYWAVE_PHASE_4_5","1ec18f62-4a9a-4e25-afe8-af1ac99f37f4","1da92cd8-1931-4892-a757-2d72a8339fb8","-1.0","15:58:02"
"7596bba3-992d-41d8-aa0e-1f12a32c2caa","SKYWAVE_PHASE_4_5","c033e6ab-cd92-405e-aab9-b6c125fee87f","b9fc48f2-03c0-45cb-ae9c-0f313ca56678","-1.0","15:59:17"
"7596bba3-992d-41d8-aa0e-1f12a32c2caa","SKYWAVE_PHASE_4_5","1fcb6c5b-8da4-4bac-a0fe-13d1738ab664","d614f0bf-0456-4b5d-a7c3-61fe854799bc","-1.0","16:00:22"
"597b3f6d-7760-4676-adb7-3b9e976109ff","SKYWAVE_PHASE_4_5","87815976-0a7d-4ddf-a28b-2a0819dd4be6","02625666-6c93-4c7c-ad9d-d58e0171a1db","-9.0","08:31:00"
"597b3f6d-7760-4676-adb7-3b9e976109ff","SKYWAVE_PHASE_4_5","bfb75c09-9ad3-436f-a11d-c8b0e31df777","ec461e91-b8f4-4216-a429-db7312b070ce","-9.0","08:32:13"
"e1bf0310-9c4c-44d1-ab6c-6dcca28970a7","SKYWAVE_PHASE_4_5","840222a7-e405-406d-ac6f-a58381126837","8191775b-8c27-4e50-a376-93cae9e4a104","-3.0","15:33:00"
"e1bf0310-9c4c-44d1-ab6c-6dcca28970a7","SKYWAVE_PHASE_4_5","f4422a65-c8ef-43d0-a7f7-d4a22445670d","56cacb6e-9219-4fa0-a59a-1bf13a8d9f68","-3.0","15:36:42"
"ea6e91ce-3e09-4d73-a0c0-8f7ab67c428f","SKYWAVE_PHASE_4_5","1a41aef0-6d6d-472a-af00-769ae929e76a","868c65d3-e613-4a06-a40c-fe7b57e5a6bd","-3.0","15:37:32"
"ea6e91ce-3e09-4d73-a0c0-8f7ab67c428f","SKYWAVE_PHASE_4_5","e5f5161c-2be1-4915-aa76-2f47f7cbbcc9","9e774d1d-d6cb-4ed9-aee2-6077ae689285","-3.0","15:38:08"
"51a95eb1-d1e4-41dd-a24e-4c72e528670b","SKYWAVE_PHASE_4_5","a65c32a6-d183-44b5-a56f-f0255db85cbb","71a9d296-11af-46c3-af46-f6f91a232643","-13.0","14:07:00"
"51a95eb1-d1e4-41dd-a24e-4c72e528670b","SKYWAVE_PHASE_4_5","9d6aac19-8ecc-4ebf-af3d-1febac5c3963","d45688e7-773d-4ecb-a91f-95576baf22d6","-13.0","14:07:39"
"378df9ff-4278-42a9-af32-bf3e17582182","SKYWAVE_PHASE_4_5","a971fea4-10a4-45c7-aa9b-eb3c5e3bc425","f78f149d-655d-4c1d-a3ff-20905860cb3f","-4.0","09:06:00"
"378df9ff-4278-42a9-af32-bf3e17582182","SKYWAVE_PHASE_4_5","620cfa26-28cb-429d-aef8-16bf63b7bbb3","e5f71b85-c327-44ea-a633-41f81be0faae","-4.0","09:06:55"
"aef9d2c3-4f8e-4de8-a069-d06a665c010c","SKYWAVE_PHASE_4_5","c8c41324-1316-499e-a88b-6808de69bfdf","46fec467-a280-4af4-a5f8-b37e9c521101","-7.0","13:38:00"
"aef9d2c3-4f8e-4de8-a069-d06a665c010c","SKYWAVE_PHASE_4_5","c4bb2d59-06b6-49a5-a48a-749b606300fc","01b1b910-c11c-4141-a38d-62460402ae77","-7.0","13:39:15"
"b93272c6-9cbc-46fc-a366-896337218f80","SKYWAVE_PHASE_4_5","daa9bfee-f8c2-4330-a764-70547573a4b3","b175b624-7a68-4cf6-acfb-ba24298c346a","-7.0","13:39:55"
"b93272c6-9cbc-46fc-a366-896337218f80","SKYWAVE_PHASE_4_5","bf21fe86-3f68-4c29-ae75-de2c7b6eaff6","55bd87b1-0586-4452-a3fc-ead2b6f31a7b","-7.0","13:41:06"
"71079840-11e5-4039-a5e7-4d37a54131cb","SKYWAVE_PHASE_4_5","97895a3b-7469-455b-ad66-720f1f36d6c1","b1f43d8d-1cf9-4402-a0e4-ebb89ab99366","-7.0","15:05:00"
"71079840-11e5-4039-a5e7-4d37a54131cb","SKYWAVE_PHASE_4_5","74788b92-b1fc-402e-aeb4-89691df8bd05","8e877f10-ea64-41b8-aa13-22a2e674b84f","-7.0","15:06:15"
"f0d8654b-2db8-4b6b-ad9f-33f6b72e0a7a","SKYWAVE_PHASE_4_5","9671487f-7f06-4b0d-aa7d-fbc697fb2ff4","a309e253-c12a-4488-ae7b-ffbca0d837c5","-6.0","18:19:00"
"f0d8654b-2db8-4b6b-ad9f-33f6b72e0a7a","SKYWAVE_PHASE_4_5","08b99d37-96a0-4f8e-a477-bdd512f2e768","95f6b81d-6a6a-4a6e-ac29-c015e15c9668","-6.0","18:22:34"
"8259e30b-b0cc-4575-aaa6-095f31921b5b","SKYWAVE_PHASE_4_5","2d68a098-6370-486d-a36a-e117b2f450dc","14c401ed-11b9-4b43-acff-70130ff28cc5","-6.0","18:23:13"
"8259e30b-b0cc-4575-aaa6-095f31921b5b","SKYWAVE_PHASE_4_5","40a860c2-b476-441d-a175-ccbf42263b11","0b88ab6c-e1e4-4240-a73e-43e78e0bf4ff","-6.0","18:25:48"
"ceee0233-c4c4-4c06-a974-6d604b3bf453","SKYWAVE_PHASE_4_5","9db80c58-344a-4925-abc9-f8e5d3c92658","9d78e8ac-3533-481c-ab1e-02a198141aee","-3.0","09:34:00"
"ceee0233-c4c4-4c06-a974-6d604b3bf453","SKYWAVE_PHASE_4_5","feae5964-0714-435f-ab25-dab70165665a","cec5172e-2909-4ac3-a417-6241c59eb856","-3.0","09:36:31"
"bc2fe8d1-311b-4a4d-a882-9aa3b98aaeb4","SKYWAVE_PHASE_4_5","146a2366-c344-464c-a2df-835edede1aa7","9c7c3812-cfe5-4a5c-af74-ed70773e6247","-4.0","08:26:00"
"bc2fe8d1-311b-4a4d-a882-9aa3b98aaeb4","SKYWAVE_PHASE_4_5","4ebd9df3-f975-4960-aa5b-e398c1bc1bb3","8e9b8ac0-5643-4303-ac73-0874e1f88322","-4.0","08:27:54"
"95977a55-cc63-470b-a0c0-8ba686f3068a","SKYWAVE_PHASE_4_5","19508216-15e1-482e-a42d-49ed7278334a","af042bcf-1f7b-445e-a18d-4e155758648d","-12.0","09:00:00"
"95977a55-cc63-470b-a0c0-8ba686f3068a","SKYWAVE_PHASE_4_5","b56f5c29-38ef-4eb9-a824-2b7371b997da","049c40f6-bda6-493d-a79d-8e53ceb6ec0d","-12.0","09:01:07"
"e6fa5eca-188e-44d7-ae31-dfa55bc67919","SKYWAVE_PHASE_4_5","73938ffc-5f1b-45a0-a009-2d1188f027d5","6adc1f08-700b-4d9c-ae7d-5fa7eb26e163","-12.0","09:04:22"
"e6fa5eca-188e-44d7-ae31-dfa55bc67919","SKYWAVE_PHASE_4_5","55971b45-6a45-43d7-aa83-4ebdb8a0ebbd","a9342b48-2c6b-4ec4-af56-4f48ee0111ec","-12.0","09:05:36"
"eba6934d-8601-4f6a-ac39-9056920e6f45","SKYWAVE_PHASE_4_5","29882474-ce3c-4013-afbb-eea81cc3627f","a507931e-e419-48b4-aa7e-d6ce2b7fde14","-10.0","10:40:00"
"eba6934d-8601-4f6a-ac39-9056920e6f45","SKYWAVE_PHASE_4_5","e5a06285-01ea-42e8-a743-5de4ed671206","86b9b360-b03d-4b15-a30f-c49fbce0752c","-10.0","10:40:29"
"86acded4-6c9f-4870-a316-3d0950f226ce","SKYWAVE_PHASE_4_5","e846dae2-0ae7-4825-a806-bfea59e0b9ab","2a1ee837-18e0-41d5-a046-4fa355c97618","-10.0","10:41:13"
"86acded4-6c9f-4870-a316-3d0950f226ce","SKYWAVE_PHASE_4_5","38aef114-4df5-422d-a0ab-26b7de69176f","9bca2ee1-f5b0-4ea9-a61b-8f3a3aca3150","-10.0","10:42:05"
"4b2ce914-4d23-4a38-a045-ca62f9f6837d","SKYWAVE_PHASE_4_5","3080ba8d-69e2-43d9-a3e7-e7a80acacf89","310fca8d-c05f-4b6c-a6e7-a120f60adf83","-10.0","10:44:24"
"4b2ce914-4d23-4a38-a045-ca62f9f6837d","SKYWAVE_PHASE_4_5","1e006033-0147-4592-a70c-a3f46552791b","c3bdc0e5-18a9-4d0c-afd7-e4328df12759","-10.0","10:47:41"
"0b77bb03-a175-4bff-af93-84dcde45e6f2","SKYWAVE_PHASE_4_5","a1a48491-4402-4457-a8d8-447bde6f0816","e0458874-1274-4b64-a621-30e5a972bd9b","-8.0","11:48:00"
"0b77bb03-a175-4bff-af93-84dcde45e6f2","SKYWAVE_PHASE_4_5","703ffa44-9dec-49d3-aec0-b852409b035f","4eca774e-c7d4-4c09-a49e-386de4c04a05","-8.0","11:52:18"
"9a4331a6-d7fd-4fca-a940-8a4faf428238","SKYWAVE_PHASE_4_5","e867989f-b2a2-4a53-a796-c5a40372c4b6","6795ac14-f826-4ea5-a15d-6fef070f62ca","-8.0","11:53:29"
"9a4331a6-d7fd-4fca-a940-8a4faf428238","SKYWAVE_PHASE_4_5","f93f671c-2fd1-4943-a22f-5dd12617065d","8c5edc68-7818-4a79-abb4-5fbc9944b8ac","-8.0","11:58:11"
"8d5e35c5-76b1-4cd6-ae02-23b1345ec19e","SKYWAVE_PHASE_4_5","a2484f62-28f7-47b6-a252-65f7d7506306","6c43efd4-2824-4e36-abda-371305c51fa3","-13.0","08:28:00"
"8d5e35c5-76b1-4cd6-ae02-23b1345ec19e","SKYWAVE_PHASE_4_5","9de353fd-9f62-45aa-acbf-ebb1672726b1","908f08be-fdc5-4e95-a195-8a4b3d9c871c","-13.0","08:28:49"
"22d7457a-8e89-40b4-aae5-0b6857134f78","SKYWAVE_PHASE_4_5","c06a0c88-076d-4d36-ae76-e0c33c3d1868","746b36bd-452c-4dc4-a8e6-a56063028f65","-11.0","16:41:00"
"22d7457a-8e89-40b4-aae5-0b6857134f78","SKYWAVE_PHASE_4_5","8cec3848-60ee-4f9f-acd5-1c0a90296aa5","d4ee7e77-867a-427d-a7b7-4b8b01345b81","-11.0","16:41:43"
"5e97399a-87a0-4524-ad71-c1e64901409f","SKYWAVE_PHASE_4_5","f2752316-3007-445f-ae79-cf7570b2fdd7","d30d2dc9-6ab5-4a95-a6e2-1f22981d2e1c","-12.0","14:26:00"
"5e97399a-87a0-4524-ad71-c1e64901409f","SKYWAVE_PHASE_4_5","4ced2cb3-1d27-4c6a-a7f7-0a518a3c95dc","031c518f-deaf-421b-a160-5c826fded6a9","-12.0","14:27:06"
"e66bdedb-f2d8-42ff-a282-f099f8c41621","SKYWAVE_PHASE_4_5","28d265bf-a2d3-4506-ad52-1c0e54cb5a3c","e9a0157c-3af7-4369-a3e9-350f40b61667","-12.0","14:30:08"
"e66bdedb-f2d8-42ff-a282-f099f8c41621","SKYWAVE_PHASE_4_5","80b77dfb-9ce2-428f-aec7-92e12eaaf4e6","b5b8d677-e595-406f-ac03-cc575078254c","-12.0","14:30:31"
"7db08040-912a-4352-abff-bc260fab37fd","SKYWAVE_PHASE_4_5","2243968b-fe89-4bb1-a78d-18350a759e78","016f6f42-8ca6-4f13-add6-f0c59854382e","-2.0","13:26:00"
"7db08040-912a-4352-abff-bc260fab37fd","SKYWAVE_PHASE_4_5","f118c21f-94ad-4d99-a5e0-b2ffe0ac5285","64a0d2f3-98a2-43db-a31b-9b2b6f034951","-2.0","13:26:24"
"7c675fd7-adf6-4d28-a0a8-549a3d7ead4d","SKYWAVE_PHASE_4_5","573f2e49-be61-4716-a73c-b3159382e9db","d8dac585-601b-43ce-a3cd-f4253eb9c4bb","-2.0","13:27:42"
"7c675fd7-adf6-4d28-a0a8-549a3d7ead4d","SKYWAVE_PHASE_4_5","a9571713-1414-4cc0-a8b4-f4d248ca93f3","8e70dbf4-d743-45bd-a369-904c879f166e","-2.0","13:29:52"
"4b19eae2-08ec-4a8c-a278-1d6f2d3ac079","SKYWAVE_PHASE_4_5","2d63e382-067a-4300-a1f9-838df26ac545","750e81c5-b91d-48fe-a700-87f469130c17","-6.0","15:24:00"
"4b19eae2-08ec-4a8c-a278-1d6f2d3ac079","SKYWAVE_PHASE_4_5","4f265a69-765c-4045-ae26-88daa0e46c68","fad2def7-979f-490d-aa64-ebaac1fccfa9","-6.0","15:25:05"
"681832ee-30dc-42bd-a68a-3afdd9b88bff","SKYWAVE_PHASE_4_5","abd48db4-c63e-4382-af7e-a74d179f2665","8be980cf-06ba-4f0e-a5d9-f468104ee6cc","-10.0","12:42:00"
"681832ee-30dc-42bd-a68a-3afdd9b88bff","SKYWAVE_PHASE_4_5","b5065633-39b4-44e9-a09d-0643a9984b4b","372294e0-3bfc-403f-a2da-df73c97b81c3","-10.0","12:42:56"
"5348936b-b47a-44c5-a469-9343e92f7cbf","SKYWAVE_PHASE_4_5","5374c568-24d0-4c85-afe6-158e5a74acc0","a1e44b78-2a64-42dd-a13f-8fbf499fb3ec","-4.0","18:22:00"
"5348936b-b47a-44c5-a469-9343e92f7cbf","SKYWAVE_PHASE_4_5","803c42d7-3838-467a-a2cb-9e920325528b","e04b8f28-962e-47c6-ac22-645d0f0260b4","-4.0","18:24:01"
"a2f84a67-5f2b-413e-a9f4-f8f2debe36e4","SKYWAVE_PHASE_4_5","c188ae28-82bb-4ffa-af05-33293cd171ac","ffdfa13a-5603-4a77-a42f-13d96ea1ccad","-14.0","08:27:00"
"a2f84a67-5f2b-413e-a9f4-f8f2debe36e4","SKYWAVE_PHASE_4_5","68d4ee90-3c78-4fa9-aee2-73c5fcaec81f","f4111e62-d575-4f68-a300-2017567d62db","-14.0","08:27:24"
"bf9eb4d7-4a95-44b5-aa7e-41ed5e679ca1","SKYWAVE_PHASE_4_5","d4ca08f9-78d6-4043-ae03-374560bfa2d0","7ac835a2-e1d4-49c6-a10e-b34d080f7fbc","-3.0","14:29:00"
"bf9eb4d7-4a95-44b5-aa7e-41ed5e679ca1","SKYWAVE_PHASE_4_5","e0bca9e8-3e8a-4a60-a98a-a7116bb3e464","cd3349d4-1767-4f01-a7cb-bba6b222e163","-3.0","14:33:34"
"86733c38-8c9d-4941-a477-46a5ef578278","SKYWAVE_PHASE_4_5","59acfd7b-61db-4e3c-a605-13e6d962b3a4","e0d8defd-3035-433d-a440-6f9fee95ffc9","-3.0","14:34:47"
"86733c38-8c9d-4941-a477-46a5ef578278","SKYWAVE_PHASE_4_5","80882edd-af21-48fb-ac42-16df1407e3f3","6da2150b-6003-4d36-ab0d-d36f18ec2632","-3.0","14:35:04"
"cf2e96d9-e2e4-47a0-a7b3-007dd7f7515f","SKYWAVE_PHASE_4_5","da2f5c61-a388-4e1f-a9c3-41263d1e96c5","9b7b247a-a0b6-41e2-aec1-10367f76dafc","-2.0","15:10:00"
"cf2e96d9-e2e4-47a0-a7b3-007dd7f7515f","SKYWAVE_PHASE_4_5","41c57574-cb93-4977-af28-a681a242376f","58c4c6d3-0b07-4b9d-a064-382581b0221f","-2.0","15:10:36"
"5b48a3d7-30fa-4d41-a858-44d322e66b1c","SKYWAVE_PHASE_4_5","b9452ed1-8720-485f-aa9f-7e905101c541","d7a4d61f-8738-4952-a136-78666b56647b","-8.0","17:14:00"
"5b48a3d7-30fa-4d41-a858-44d322e66b1c","SKYWAVE_PHASE_4_5","18a4a440-c2c9-4fc2-a3df-0800fbdef784","4d3add6e-1d42-45cf-a20d-b3ccf9994ef5","-8.0","17:14:29"
"a9ef771a-3442-49bb-ac2b-bac98bd7af43","SKYWAVE_PHASE_4_5","74bcc1b2-125e-43aa-af83-9e851a96ebac","82ec42c2-b684-47fb-a618-29d9b3681d4f","-8.0","17:15:29"
"a9ef771a-3442-49bb-ac2b-bac98bd7af43","SKYWAVE_PHASE_4_5","7acc1d0c-9c46-4ff8-aa7f-f1a6cd8fcebd","aa847594-ca8b-448c-a551-d3c4f53691f5","-8.0","17:16:29"
"7f6a33ab-0ef8-46eb-a9b1-419bbdb0aabb","SKYWAVE_PHASE_4_5","23f22acf-6f47-402a-ad49-54841cd76e01","1676d3e7-55b8-4c98-aa63-9adb4007d2b3","-8.0","17:17:28"
"7f6a33ab-0ef8-46eb-a9b1-419bbdb0aabb","SKYWAVE_PHASE_4_5","879ca831-1d0e-40c9-a2a4-45795aeb9138","9ab98af4-78d9-473c-a0d3-5b74054e4842","-8.0","17:18:10"
"3f057212-c2a8-415d-ab1e-57771a0e49c7","SKYWAVE_PHASE_4_5","3b6f45ad-09f1-47d0-af6d-1da73c8c8ec1","138154d2-3054-4dd8-a6e7-b19a4c76d296","-1.0","09:56:00"
"3f057212-c2a8-415d-ab1e-57771a0e49c7","SKYWAVE_PHASE_4_5","298d9c08-f7c5-4c31-a015-9f31852be762","48fab597-e447-49e6-a694-16b703e12160","-1.0","09:56:43"
"64e16c2a-66c2-41a3-a894-eba45e8463dd","SKYWAVE_PHASE_4_5","6dd9eb11-40fa-4f29-a63e-13fd868b3282","8c6abb1a-6588-4bc4-a458-5b1a557022ae","-1.0","09:57:11"
"64e16c2a-66c2-41a3-a894-eba45e8463dd","SKYWAVE_PHASE_4_5","f2b061c5-5014-4f62-aed9-3868791475dc","e939f0c5-af43-4b6d-a421-d9dba607d418","-1.0","09:58:10"
"80a312ce-f5e9-4099-afb9-107617f3a6e1","SKYWAVE_PHASE_4_5","34226e82-298e-41ec-a1ea-ea8096f5bcca","cece7d07-a6f9-4757-a289-f71e1a0d5459","-14.0","09:54:00"
"80a312ce-f5e9-4099-afb9-107617f3a6e1","SKYWAVE_PHASE_4_5","48497690-37b7-47f1-a4e0-72b99d30a04d","a90bf541-bfe0-43fb-af4e-38685e5b0eb9","-14.0","09:55:04"
"28a70950-5437-40c6-a89d-cf7a308f33a3","SKYWAVE_PHASE_4_5","b94fe409-7a72-448e-a536-20796934035b","bf2486c0-38e9-4c06-a036-6e693b7bb9c9","-6.0","15:34:00"
"28a70950-5437-40c6-a89d-cf7a308f33a3","SKYWAVE_PHASE_4_5","c7b24b9f-31f9-43d2-acae-3d53c55a9189","cbc49ab6-4cef-4a9d-a5cd-17c3c3d6b28b","-6.0","15:34:54"
"28634584-428c-4b3f-aa77-eb22f5677d80","SKYWAVE_PHASE_4_5","eec5f5a4-12b4-4fee-ac8e-06ceca8e0b8f","873890b6-60c1-4be7-a273-93a7c8891b1f","-6.0","15:35:32"
"28634584-428c-4b3f-aa77-eb22f5677d80","SKYWAVE_PHASE_4_5","53757bdd-0746-4a15-a450-0715686b7b0a","b8784da9-dbdb-489d-a220-27d1ae74e8e3","-6.0","15:36:17"
"f68115a3-549c-4c4e-aa90-22345b65f766","SKYWAVE_PHASE_4_5","5c8d019c-61d5-425e-a9ed-b3696476d421","5e89779e-9124-44db-a1c5-0b628103ac5a","-12.0","15:43:00"
"f68115a3-549c-4c4e-aa90-22345b65f766","SKYWAVE_PHASE_4_5","2bd20fb5-5290-4e69-a277-86333540197f","37b271b3-94ca-42d5-acd7-69fc113a1aa4","-12.0","15:43:40"
"7cd61c33-a031-4f4e-a79c-19572aa4e994","SKYWAVE_PHASE_4_5","cac26fa2-4cee-456a-ad6b-2b1834ccbbd2","13f2e7e6-32be-4fa5-a80d-7be43c724f1b","-12.0","15:44:45"
"7cd61c33-a031-4f4e-a79c-19572aa4e994","SKYWAVE_PHASE_4_5","4163e995-547b-442e-a7f1-d1b0d6b97e4b","3bcf0e4a-8771-4f5b-aae8-9485da161fbd","-12.0","15:45:15"
"50babab5-8e46-4295-af7d-5b99dc9b6ceb","SKYWAVE_PHASE_4_5","d3ecd2cd-78a4-431f-a5d3-f321f9232ef6","19675dcd-f307-44ed-acc3-e0b43e93f925","-8.0","19:05:00"
"50babab5-8e46-4295-af7d-5b99dc9b6ceb","SKYWAVE_PHASE_4_5","fef65b92-d168-4283-a345-f83330b7df19","8cb1e241-f517-4770-a9c2-189e76194c27","-8.0","19:06:10"
"26e26ba2-06ea-42d8-a276-fed028fa0398","SKYWAVE_PHASE_4_5","d4b132ee-441d-448b-a141-ac35e14e6024","120062bf-e530-4e3b-acde-53f1a8601bd3","-8.0","19:07:26"
"26e26ba2-06ea-42d8-a276-fed028fa0398","SKYWAVE_PHASE_4_5","1af41fd8-248e-4cd3-a61e-a331925fad4e","18444197-0c8c-4594-ab94-1ddb81b230a3","-8.0","19:08:29"
"eb62a13c-cd2f-4087-aba6-f3468a0b6ace","SKYWAVE_PHASE_4_5","dc3edcec-f353-4fe6-ac0c-e560eb08ee4f","796d1b56-eb97-4365-a870-2bc931606e9e","-8.0","19:09:17"
"eb62a13c-cd2f-4087-aba6-f3468a0b6ace","SKYWAVE_PHASE_4_5","25988d4d-adc3-442a-a08e-31dfd20247d6","d137980e-7e68-461a-abda-c560a1ed1f94","-8.0","19:10:50"
"90a53dd4-1776-43f5-a654-298a4cee262b","SKYWAVE_PHASE_4_5","f9d0a8ac-4af4-472b-a54f-3d25dfe56b5d","a49cf9b0-82b4-418a-acec-4b356803d129","-6.0","16:57:00"
"90a53dd4-1776-43f5-a654-298a4cee262b","SKYWAVE_PHASE_4_5","2dfc6416-78d5-4b06-acc0-1f73aaad768f","eea382f9-3104-4fdc-abd9-84355cae5952","-6.0","16:57:47"
"b1773f9d-d84d-4811-a47b-6ef195bc6c5c","SKYWAVE_PHASE_4_5","257422d4-c913-4099-a340-efd9a0b5e9bf","8747d6ca-78b5-45be-a0e6-c5e0af9234c9","-6.0","16:58:32"
"b1773f9d-d84d-4811-a47b-6ef195bc6c5c","SKYWAVE_PHASE_4_5","aae07695-d4e1-4d3e-aaf5-f0f3c7a8be1b","82372e7f-ff77-4a2d-a78d-5459d1c53f1e","-6.0","16:59:08"
"a8d319af-8844-4da2-ad95-d931ffdeb7a6","SKYWAVE_PHASE_4_5","32ad0978-fab3-4270-ab33-2162675e19db","452c5dec-647a-4b10-a164-c743e9f38d36","-6.0","12:18:00"
"a8d319af-8844-4da2-ad95-d931ffdeb7a6","SKYWAVE_PHASE_4_5","4f37c599-d345-4e90-a0e4-165502f8b2c9","4644fcf5-e365-4ef4-aa4d-764ece648cdb","-6.0","12:19:12"
"e9a2ac16-662d-4d22-a7c9-12462aac8556","SKYWAVE_PHASE_4_5","425999a9-4665-44b3-aa20-312a4d8c28fc","16dca90e-9025-40a1-aec9-70ec20f6e02c","-6.0","12:19:37"
"e9a2ac16-662d-4d22-a7c9-12462aac8556","SKYWAVE_PHASE_4_5","2b0b2b55-1af2-4aaf-ae90-04f3000cc846","9ef4909c-b85d-464c-abe0-e914de987285","-6.0","12:22:25"
"76c24797-6955-4847-a75a-3f7f71becf00","SKYWAVE_PHASE_4_5","ee461ae4-a7c8-4e6e-a01c-0b54d443436a","e64508c2-b33e-4155-a1e7-8f3612fcbca7","-5.0","11:36:00"
"76c24797-6955-4847-a75a-3f7f71becf00","SKYWAVE_PHASE_4_5","0312021e-7e88-4797-a36d-d490541f745e","be5495ef-82cd-4577-a00f-f9797b6c35a0","-5.0","11:38:10"
"b91a94c9-444e-4834-a3be-fadc795fafdc","SKYWAVE_PHASE_4_5","7cf81b39-6262-4f4d-a3a7-2483abcd9a28","4c799b9c-d995-4bb3-aea2-1f75109520b0","-9.0","18:09:00"
"b91a94c9-444e-4834-a3be-fadc795fafdc","SKYWAVE_PHASE_4_5","a2aef8da-107c-4c3f-a6e1-3167431b9397","b29ba55b-4424-421d-a0be-b07589ce4103","-9.0","18:09:51"
"74dd0022-c3d9-40be-a082-cf8ae98454be","SKYWAVE_PHASE_4_5","9623a0f9-3d9d-44ee-a3ec-413bf9bfb065","e29ff5a1-990e-474a-ae2b-d9ce56fe1bf6","-6.0","12:13:00"
"74dd0022-c3d9-40be-a082-cf8ae98454be","SKYWAVE_PHASE_4_5","25a7d084-22c8-4883-a050-a32afa33e089","e7f3893b-3198-4145-a429-8a73ad30f7ec","-6.0","12:17:07"
"0b5cea1e-521e-4f20-acc3-e6c491e86bb9","SKYWAVE_PHASE_4_5","6d8bfec6-dbb4-419a-a07f-09f447626087","55af6820-e3d9-4ff0-a4ea-c3370a0c904f","-12.0","18:34:00"
"0b5cea1e-521e-4f20-acc3-e6c491e86bb9","SKYWAVE_PHASE_4_5","1ecc15db-9692-4ef1-a07e-3efcf1ebc8d4","d9623a38-53bb-446e-ae51-d0e3277f8192","-12.0","18:37:18"
"f62f0230-6a19-4dc7-a6d5-7c3f15bbf8c6","SKYWAVE_PHASE_4_5","307bbb7f-d898-4896-aed9-3abd582cab4b","68e3411c-2967-44ec-aea9-e3e9a8980bb0","-13.0","14:22:00"
"f62f0230-6a19-4dc7-a6d5-7c3f15bbf8c6","SKYWAVE_PHASE_4_5","968fc88d-cf91-418c-ab04-d49135355f8c","aa12f0df-a9e9-48fb-a19f-e324bf22ba16","-13.0","14:23:02"
"bcc6da36-9af1-4a67-ac6b-356b15f1eccc","SKYWAVE_PHASE_4_5","44711554-7057-48c2-a0c8-762a326fb9c7","b9af752a-7866-4b87-a904-deaf66e3b73c","-7.0","08:09:00"
"bcc6da36-9af1-4a67-ac6b-356b15f1eccc","SKYWAVE_PHASE_4_5","bb5cd53d-1301-436e-ae34-2355774fc2a6","58e6e79f-ddec-43f6-a204-cd8a70b1ada9","-7.0","08:09:54"
"4c93f258-1a09-4d47-a5c5-5b449585ccf7","SKYWAVE_PHASE_4_5","369c1099-9c4f-4d73-a21f-a6482fb1a615","b5b5cd36-6390-4ee6-a86f-9aa368d22691","-9.0","18:22:00"
"4c93f258-1a09-4d47-a5c5-5b449585ccf7","SKYWAVE_PHASE_4_5","0b77d7f4-ce82-4f69-aa58-ceff9be55b8c","9ca6f901-d7ce-4297-ab2e-4215870ee8ea","-9.0","18:25:13"
"da90f913-1fc2-4242-af83-8df4d24dd263","SKYWAVE_PHASE_4_5","ccd3dfa7-5534-4971-a361-e2c84c9b49e8","27b146ca-fae7-4461-a0f4-b215cc56d148","-9.0","18:25:55"
"da90f913-1fc2-4242-af83-8df4d24dd263","SKYWAVE_PHASE_4_5","d0d49ee0-b8a4-4792-abb6-ed548c5ebc99","5e358994-dd97-40df-a93b-682e1b66530c","-9.0","18:30:37"
"5e8a751f-f922-43ea-a4cb-351da68afa12","SKYWAVE_PHASE_4_5","9fc06527-fa09-41cd-adf4-a2f2cd6ef6bd","e042e7ac-4924-443c-a823-12a51a9e3479","-4.0","16:33:00"
"5e8a751f-f922-43ea-a4cb-351da68afa12","SKYWAVE_PHASE_4_5","cee2ff02-d797-4a78-a7f1-7e36c6345b76","0278242e-696f-4c6a-a4af-70737cd42d56","-4.0","16:37:40"
"005fb9d5-1a91-428e-a55b-dbe2de846dce","SKYWAVE_PHASE_4_5","87a6b100-f292-4f60-a722-63d164d73019","577e7163-ce8d-488b-a0f9-0020ce128e0e","-14.0","16:05:00"
"005fb9d5-1a91-428e-a55b-dbe2de846dce","SKYWAVE_PHASE_4_5","bc04a443-fb74-4d04-a450-e29fe9754abb","7eac57d2-37dd-40db-a361-53d253bbb359","-14.0","16:07:05"
"f8eb2bdf-1a04-4a8d-a0d0-21967faad6e9","SKYWAVE_PHASE_4_5","8eff12d8-af9a-4e5a-a4c8-11300f0471a0","07091e15-7c39-4034-a612-edeff606a22d","-14.0","16:08:03"
"f8eb2bdf-1a04-4a8d-a0d0-21967faad6e9","SKYWAVE_PHASE_4_5","e3466f05-ed75-47be-a949-5a35f1a46de0","ff60829e-c558-4f60-a0dc-564595229a6d","-14.0","16:09:12"
"9bba648f-dbe6-4d9c-abc2-b3753b394b63","SKYWAVE_PHASE_4_5","e91b2873-91bf-4a2e-a1d5-e8364f3c9c1a","34edab39-c5b8-437c-aa46-7f7c19ccf37d","-6.0","12:43:00"
"9bba648f-dbe6-4d9c-abc2-b3753b394b63","SKYWAVE_PHASE_4_5","d62274fb-220c-41ff-aea0-70fe84bd5043","9a042765-d499-4fd8-a230-70adadeb1c41","-6.0","12:43:36"
"3040bed8-e960-4287-a39c-f22d1a78a439","SKYWAVE_PHASE_4_5","cc8fe1c2-2ca3-4f0f-ae23-018167c3eddf","a2e42140-4456-4dc5-a20e-bad5e08477ac","-6.0","12:44:22"
"3040bed8-e960-4287-a39c-f22d1a78a439","SKYWAVE_PHASE_4_5","d113da70-58e1-48c7-a1ad-6d67cae814c9","13b3145d-8ef3-44ea-af21-ffa9660c5d6f","-6.0","12:49:02"
"5290e61c-ac5f-44c2-ae55-4567527232c3","SKYWAVE_PHASE_4_5","6b7af3b4-be48-47e5-a48d-7f4d100c851b","32ad7304-b551-4f01-ad79-43597cee7286","-12.0","11:44:00"
"5290e61c-ac5f-44c2-ae55-4567527232c3","SKYWAVE_PHASE_4_5","9f2274df-b2cb-4fbd-ab4b-6c5e9a2a0cb9","b0e2b8ae-fe97-41dc-a57d-dc06562433de","-12.0","11:44:22"
"8b678815-2932-4b38-a409-cbe0c352377f","SKYWAVE_PHASE_4_5","97574502-53af-4243-a659-1f3984f96057","4e8c6c44-32cd-4c3f-ab35-865f84b4afb5","-10.0","17:37:00"
"8b678815-2932-4b38-a409-cbe0c352377f","SKYWAVE_PHASE_4_5","4f0781f2-03bc-4094-a2f2-04148c8f9603","db6804b8-c699-4e46-a448-31074980b6bc","-10.0","17:38:06"
"ea6fb676-b71a-4737-a49e-618e20d990d4","SKYWAVE_PHASE_4_5","49338cb7-7235-498c-a0e3-ccc45f9c750c","535f4797-41bb-4c40-ab0f-52fcb2dd4117","-8.0","11:47:00"
"ea6fb676-b71a-4737-a49e-618e20d990d4","SKYWAVE_PHASE_4_5","3801af88-fbcb-48fa-a30a-182a04a7d77f","326779fd-508e-494c-a0fa-06e0ca02789c","-8.0","11:48:01"
"9fd4eeee-9967-4f71-a2a5-c675bff588c8","SKYWAVE_PHASE_4_5","3b185249-c101-4282-a39f-1bcf39839fce","bf831655-10f4-41a3-a685-5b8a9608e8b6","-2.0","16:09:00"
"9fd4eeee-9967-4f71-a2a5-c675bff588c8","SKYWAVE_PHASE_4_5","e65707dd-801d-48f4-a279-1d29cbba15ef","7bc5cda8-fb53-44c0-a1a0-474a0450cd56","-2.0","16:09:47"
"38009f71-4f9e-46fa-a203-e3df55ed1132","SKYWAVE_PHASE_4_5","59e55e5d-2b44-49db-a15c-02c10bad2c82","cab3f1a8-8db9-4996-ad53-56547f942092","-4.0","13:26:00"
"38009f71-4f9e-46fa-a203-e3df55ed1132","SKYWAVE_PHASE_4_5","81807efd-2ca4-4999-a386-7220b7d32994","f785e27f-1983-42f7-a1c2-7fec5b1f7c38","-4.0","13:27:04"
"11232f46-5b22-4f66-a403-9d1a7eaef074","SKYWAVE_PHASE_4_5","33930d10-ac32-4889-a0bc-cc0c71b523d3","8acecb80-a5f3-4b0a-a602-be384ba5a885","-9.0","11:56:00"
"11232f46-5b22-4f66-a403-9d1a7eaef074","SKYWAVE_PHASE_4_5","eb881119-f7f2-4843-a1c7-1480f8bfd62a","01456406-6fee-4d5f-a192-c0d6b121f03d","-9.0","12:00:00"
"0e25c7de-d6cb-4347-aebc-4dda5e326f10","SKYWAVE_PHASE_4_5","8c98f080-1bcd-4d64-ac41-16471e9033a0","2487a457-c507-4b0f-a3a0-628b835293a8","-10.0","16:10:00"
"0e25c7de-d6cb-4347-aebc-4dda5e326f10","SKYWAVE_PHASE_4_5","f6212c48-b23f-4694-abd3-5aa30a93d3b3","f0faa45d-391a-4b1c-acd1-2fb88c87f802","-10.0","16:11:15"
"d99e25f5-7a45-4171-a0fc-ffc96590a15e","SKYWAVE_PHASE_4_5","9d672f93-6c44-4e56-a76b-dfe5c5c8e0bf","a9921169-2471-42bf-a8e0-e9f9c87b5dd8","-6.0","09:17:00"
"d99e25f5-7a45-4171-a0fc-ffc96590a15e","SKYWAVE_PHASE_4_5","56959910-6f9d-421e-a226-06c4b72f2e5e","4dcc1880-812d-48e9-aa27-a63101406916","-6.0","09:17:26"
"ac8d5701-5a94-4a89-a4b5-cef4e2fe099a","SKYWAVE_PHASE_4_5","17c56b68-0d72-47bf-a4de-42e35f82e42e","397ee72c-0ba9-4b66-aaaa-2020afd4abdf","-5.0","09:07:00"
"ac8d5701-5a94-4a89-a4b5-cef4e2fe099a","SKYWAVE_PHASE_4_5","5478dd34-2051-46a1-ae0e-cc65c230521a","2dbaa9db-1e2c-42fe-a73b-aeae42631b3e","-5.0","09:07:18"
"ceb0dcc8-ac34-4d83-a335-3c7146ffb50d","SKYWAVE_PHASE_4_5","e48a1a97-6eca-4704-aaac-f4fe9ee78c3c","f7afb34b-64db-4f73-afbf-eb0bab0004ae","-5.0","09:10:53"
"ceb0dcc8-ac34-4d83-a335-3c7146ffb50d","SKYWAVE_PHASE_4_5","5380cee5-7ed0-49eb-ae55-3af5b564fe02","2a04f670-2c05-44b4-ac48-da3b4218d693","-5.0","09:11:17"
"bb09febb-aca8-4f61-ac0d-9b69e4412cd9","SKYWAVE_PHASE_4_5","2b6bd0b6-ff8b-4104-a5f1-69fafdd0ef4c","ea0a2636-7858-4849-a2ae-fe442c1e137d","-9.0","14:15:00"
"bb09febb-aca8-4f61-ac0d-9b69e4412cd9","SKYWAVE_PHASE_4_5","1022bc4e-2023-4b42-af38-753122cf191b","41067165-4d8b-4a3e-acaa-c906bb35f3c8","-9.0","14:16:04"
"2ee6c081-b628-4cd0-af4b-3626b5c27292","SKYWAVE_PHASE_4_5","473b8fe7-3c77-4344-aecd-44fccd38b1b0","0aa1a406-e802-429f-a0c7-33f51ae7d340","-9.0","14:16:46"
"2ee6c081-b628-4cd0-af4b-3626b5c27292","SKYWAVE_PHASE_4_5","e90fc8a3-ca03-4426-aef2-abe983831eb4","67440288-912a-4477-a895-73a32819ab04","-9.0","14:20:43"
"34cfb06a-f723-4d52-a647-658a3ace64e8","SKYWAVE_PHASE_4_5","732775fc-ef3f-46ae-a81d-e8e839ed0a7c","7cfa7355-693a-494c-a699-b6943a8dd5a1","-9.0","14:22:20"
"34cfb06a-f723-4d52-a647-658a3ace64e8","SKYWAVE_PHASE_4_5","bcf0740b-3951-49d2-ade7-f96e62245cfe","79ea1053-4f68-4d66-a253-69e65cc5bc7d","-9.0","14:26:38"
"515f8771-0fa4-4374-ac74-3395873ab2c8","SKYWAVE_PHASE_4_5","75adb185-b06e-4774-aa70-552a86152cc8","8dc57e01-9ecd-431c-aa79-e941fb28470b","-1.0","11:26:00"
"515f8771-0fa4-4374-ac74-3395873ab2c8","SKYWAVE_PHASE_4_5","fb59122b-24e5-4980-a86f-4ad194627b4f","58172fbe-3f92-4735-a1b7-73ef46202a03","-1.0","11:26:30"
"f40c2ba8-a9fc-40de-a695-03e3faa7d966","SKYWAVE_PHASE_4_5","f5c251b3-b411-473d-ae34-d07f9c2c41e1","136f46eb-08c2-42a5-ac24-f4407b8e1676","-9.0","09:00:00"
"f40c2ba8-a9fc-40de-a695-03e3faa7d966","SKYWAVE_PHASE_4_5","65aae87a-17f6-4c6b-a5bf-3c301bafbf59","22ddb14b-9af2-4e7c-adb4-c8935ffa8f3c","-9.0","09:01:00"
"fd7dbf10-44d3-416a-af2b-6955cebf99a6","SKYWAVE_PHASE_4_5","2cbf7b48-da28-4445-aea2-cc8ed7e0bee5","ed2fbcb1-842f-4da8-afde-5cdb066f04f9","-13.0","17:30:00"
"fd7dbf10-44d3-416a-af2b-6955cebf99a6","SKYWAVE_PHASE_4_5","bbf08950-cbb1-4c58-a125-5082d5b9845c","cb74a4ae-f365-4535-a246-2734b950e6a5","-13.0","17:34:29"
"cfeb54ff-c824-40fd-a74d-7825724a7db5","SKYWAVE_PHASE_4_5","e43bf503-88bc-49b1-a4d4-2aedac8495d0","4fb4c522-ba83-4f06-a79b-75eaeefb9520","-13.0","17:34:50"
"cfeb54ff-c824-40fd-a74d-7825724a7db5","SKYWAVE_PHASE_4_5","204e2bac-ffda-4423-abef-7df50f478361","149427fb-694d-4988-a996-48f8969b9543","-13.0","17:37:34"
"b12a0fca-f4fa-4556-a407-7d6f59d6c4d0","SKYWAVE_PHASE_4_5","28e03ddf-10fc-4f2c-a088-b287f78b3aac","94f0c9f9-bb50-42ee-a12b-ab51e53799a9","-10.0","08:38:00"
"b12a0fca-f4fa-4556-a407-7d6f59d6c4d0","SKYWAVE_PHASE_4_5","0e920cf4-d382-4684-a269-e560313dd8b9","b6ab502a-fa29-461f-a83e-6acf9f134de4","-10.0","08:40:22"
"cbfe432d-aada-4e5f-a830-2230eb58b6ea","SKYWAVE_PHASE_4_5","4ba0cf51-5c01-451c-ac6d-591eb4d30d9d","1b6dd0ea-6d40-4563-ad61-4c71fd5032b4","-1.0","18:28:00"
"cbfe432d-aada-4e5f-a830-2230eb58b6ea","SKYWAVE_PHASE_4_5","3e8a576f-adff-46fe-ad0e-4bd1b07e4060","2e9ad686-c429-4ee0-a8ed-7f35f36690c4","-1.0","18:28:59"
"f1a85527-ce64-426b-af74-82a1475ae7b1","SKYWAVE_PHASE_4_5","9002de7a-29f3-4a63-aabf-732ffe28bead","442a0ca7-72ac-4c6c-ae02-e8f16a89e0ef","-1.0","18:29:17"
"f1a85527-ce64-426b-af74-82a1475ae7b1","SKYWAVE_PHASE_4_5","abd2fb4d-1ea5-427d-a8ca-f149ba5be428","fb448afa-6a47-4a9f-a60f-dabac6f57d42","-1.0","18:30:09"
"d9510b2a-2fb9-4815-aeaf-11876f976e19","SKYWAVE_PHASE_4_5","b516fcd4-8e20-4259-adde-41c6dc322deb","de2d907f-d421-45b4-a6ca-357e389a9737","-11.0","13:48:00"
"d9510b2a-2fb9-4815-aeaf-11876f976e19","SKYWAVE_PHASE_4_5","0ae7938a-08ca-4875-ae60-fb76908e1655","a3b8f0c7-40a3-4231-ae0b-94a0f539bb0f","-11.0","13:52:33"
"35dfce37-0fb3-4e70-a7d6-101cf3d5cfea","SKYWAVE_PHASE_4_5","1a0a7841-1382-4124-aab8-8a64e8d0f963","28a245f7-4ec3-42d4-a8d0-87db0fae62cf","-11.0","13:53:31"
"35dfce37-0fb3-4e70-a7d6-101cf3d5cfea","SKYWAVE_PHASE_4_5","92c86f62-4587-4f76-a4fa-1eb29bac9ede","b3b0058b-9903-4119-ade7-ed9ae26b1167","-11.0","13:55:31"
"185592f6-dbf0-487b-a09c-674553c51d46","SKYWAVE_PHASE_4_5","e9a3a8f4-abf8-4322-a3fe-95a27d0f4669","81d60bbd-0a07-4fc6-a1a2-ca79e3ba2f55","-7.0","13:04:00"
"185592f6-dbf0-487b-a09c-674553c51d46","SKYWAVE_PHASE_4_5","babbd5f2-726d-479d-aaf0-7d530edbeb0c","78b1742f-cba8-4103-ad52-59ddace49664","-7.0","13:04:19"
"5abfba19-39cc-457e-a44e-8fc5b38c01cf","SKYWAVE_PHASE_4_5","379a915f-ac8a-4c12-a23b-f73932eb637e","152fafff-08cc-4408-acc7-7f811bb2b996","-14.0","11:59:00"
"5abfba19-39cc-457e-a44e-8fc5b38c01cf","SKYWAVE_PHASE_4_5","30e09755-3028-483f-ad61-0c9f8d1a1ea8","fca31b3e-b49c-4df2-a9fc-2c478fa2ee57","-14.0","11:59:58"
"b53018b9-a2be-44a5-a4a8-3ebd2f0f6f03","SKYWAVE_PHASE_4_5","55796809-10ad-43db-a64a-23bb50071657","12136931-6583-4e4a-aa93-478913467f88","-14.0","12:03:45"
"b53018b9-a2be-44a5-a4a8-3ebd2f0f6f03","SKYWAVE_PHASE_4_5","fd766dd0-b285-4e89-ab57-a166030ad23b","217db39a-43b4-40b4-ab2c-37ba5da890c8","-14.0","12:07:12"
"3b4ee921-e409-4912-a722-b57eb7ea5339","SKYWAVE_PHASE_4_5","a2f1b9df-1352-4e7c-a8ec-326619cef978","30756f43-b2f7-4a1c-abac-3bcd2f80b5e0","-14.0","12:07:54"
"3b4ee921-e409-4912-a722-b57eb7ea5339","SKYWAVE_PHASE_4_5","666a92ad-19e9-4221-a0d4-9b9a19f3812e","7d30f7ae-9f25-4abc-ab1f-1cc2f6f298c3","-14.0","12:08:15"
"78807803-b071-4fe3-abcd-0bcf6f29032f","SKYWAVE_PHASE_4_5","46ec0f21-165c-4912-abbb-d9441cb1f827","b36d5d50-bff3-4eba-af81-e54966596f5d","-11.0","08:48:00"
"78807803-b071-4fe3-abcd-0bcf6f29032f","SKYWAVE_PHASE_4_5","889a6948-1e3c-4fd8-a712-5d95f9f23d33","ea312851-5d11-4092-a352-776fdef258a5","-11.0","08:51:05"
"affef58f-88bc-4cc4-af8e-0fafc4d522d2","SKYWAVE_PHASE_4_5","89648816-d28a-4a65-ab98-bd14f8311030","2faec352-a535-4698-abc9-13cbc2f8d3e6","-11.0","08:51:44"
"affef58f-88bc-4cc4-af8e-0fafc4d522d2","SKYWAVE_PHASE_4_5","2e3dda0c-1c40-449c-af5d-f25455bde75c","a1f391ea-e022-4258-aa71-42f820ad1ab8","-11.0","08:52:09"
"b081e551-73b9-4d0a-a22e-687086067254","SKYWAVE_PHASE_4_5","976a319b-4751-4c44-ad76-5ae65c043260","495b4843-6329-4068-a767-f1e2d076d9c3","-14.0","13:09:00"
"b081e551-73b9-4d0a-a22e-687086067254","SKYWAVE_PHASE_4_5","2baea6b5-c29b-4b44-a8c2-fd136843719e","65fa500d-af64-4f4d-a43b-7447bc39ab4e","-14.0","13:10:01"
"16379109-48b1-4d6a-a76d-4e395c68d72f","SKYWAVE_PHASE_4_5","c64d5436-4551-4c7c-aebf-cce4f6a59031","6699db1f-dad8-44a5-a444-9e818c279370","-2.0","13:11:00"
"16379109-48b1-4d6a-a76d-4e395c68d72f","SKYWAVE_PHASE_4_5","89fcb800-2a22-4f7d-a17c-4eb53892ece2","76feb8e8-eb85-49ff-a975-930c71e5dd4c","-2.0","13:11:24"
"82c1e293-6392-44f5-a3f6-0f15e423e23d","SKYWAVE_PHASE_4_5","8ef765ec-6fc5-4a06-a144-8cac51351cd6","415ef96b-5066-44c5-ade7-7267395883f7","-2.0","13:12:22"
"82c1e293-6392-44f5-a3f6-0f15e423e23d","SKYWAVE_PHASE_4_5","023084bd-cfb7-4381-a6c6-aaaf0016d81f","07faca37-a535-47d3-a926-19ded7792ac9","-2.0","13:13:07"
"03a91dce-ee74-4ba3-a23f-8e1f393f46eb","SKYWAVE_PHASE_4_5","b71c8bdc-6aa4-4673-a4d0-a2d7de47051d","86871482-7d23-485c-a517-24c816e4dae4","-4.0","08:58:00"
"03a91dce-ee74-4ba3-a23f-8e1f393f46eb","SKYWAVE_PHASE_4_5","dc7ff980-730e-42d1-a5df-c1f4365287de","43fbe3fd-d366-41a8-a006-1d0a94233df9","-4.0","08:58:30"
"d5b0b2e5-d8b2-42c1-aab2-c7739cdc89c5","SKYWAVE_PHASE_4_5","8da2c992-b768-441a-ae4d-500f9177dd58","61e543f4-f660-439f-a709-747a0c170db6","-4.0","08:58:55"
"d5b0b2e5-d8b2-42c1-aab2-c7739cdc89c5","SKYWAVE_PHASE_4_5","3e3ae642-675c-41e0-aece-1a45391917ff","0ca2cdf2-6c61-4154-a2c5-4a7096190aa7","-4.0","09:00:07"
"c05af206-1333-4ebf-a23c-1bb265b48be6","SKYWAVE_PHASE_4_5","fb18ac1e-eb45-4777-a5da-e37e407a68ac","c05dbf79-033b-40ad-a407-6e5421a8ae16","-14.0","15:31:00"
"c05af206-1333-4ebf-a23c-1bb265b48be6","SKYWAVE_PHASE_4_5","0da52e40-c1af-455b-a0b5-750fdfea8255","845158c0-861e-45a3-a27a-9aad27917900","-14.0","15:32:17"
"7accbd21-c382-43a1-a0ee-444117f528de","SKYWAVE_PHASE_4_5","913208d3-a7b5-4a77-a339-53da540be9e7","bb1dabf7-105a-40c0-a623-42ea3a450b72","-14.0","16:25:00"
"7accbd21-c382-43a1-a0ee-444117f528de","SKYWAVE_PHASE_4_5","b7ebeb8c-d223-4db7-a120-b4830cc20e23","cd6534d8-45ea-4f73-aee5-112d50333a75","-14.0","16:28:39"
"3232d971-b786-4811-ac95-4de2a17cabe8","SKYWAVE_PHASE_4_5","3ccda1a6-2754-4c56-ac6d-9a29ef5fc2d6","62cff3e1-6d46-4e2b-a14a-66a86d138d09","-13.0","15:43:00"
"3232d971-b786-4811-ac95-4de2a17cabe8","SKYWAVE_PHASE_4_5","1166a2cb-ee1c-4840-a6ac-00e132b8a2cd","26a8b2a6-661d-493b-a067-2f887a998340","-13.0","15:43:43"
"d179c126-3837-40bf-a9a6-0724c46710fd","SKYWAVE_PHASE_4_5","355c199d-96a6-4c5d-ad82-3ac3b67d377e","5f0852b4-dbd4-44f5-a42e-d5ed706a1c9a","-13.0","15:44:48"
"d179c126-3837-40bf-a9a6-0724c46710fd","SKYWAVE_PHASE_4_5","a5f67b2b-4d7a-445a-ac43-af73fd2a9c50","9e257ea0-0f18-4511-ac58-1a3910a36bb1","-13.0","15:46:25"
"7ec5782e-2839-4dad-a4f4-999916f2feab","SKYWAVE_PHASE_4_5","2ead8238-5d04-41f9-afdf-eb800e3a8581","f5a00398-ba9f-44a1-a77c-8016f7106be6","-10.0","17:48:00"
"7ec5782e-2839-4dad-a4f4-999916f2feab","SKYWAVE_PHASE_4_5","0fbf7958-ee4b-4ce5-a831-2473c2e9e500","aa395caf-595a-4aaf-a3a4-6b6bbeada0fa","-10.0","17:48:43"
"57d1e184-5868-4924-a85f-ca1ac14053fe","SKYWAVE_PHASE_4_5","42917867-6c5e-4b58-a40a-2ef520b095e9","c4b0df2f-7c34-47b2-ae77-1dea7adf047b","-10.0","17:49:31"
"57d1e184-5868-4924-a85f-ca1ac14053fe","SKYWAVE_PHASE_4_5","5fb7bf0c-a45d-4369-a641-3bb94191f2f5","170d996c-da3b-4895-ae50-404f4a87e2f7","-10.0","17:50:47"
"6b798a3b-0a2e-42d6-a5a2-5012591905fd","SKYWAVE_PHASE_4_5","49ffca4c-90a0-40bb-a9e7-0be725d620f8","5d53d83d-b545-498d-ada9-005a795f44e9","-9.0","13:07:00"
"6b798a3b-0a2e-42d6-a5a2-5012591905fd","SKYWAVE_PHASE_4_5","b9287a08-6fb2-4dd0-ae96-8bc9fad1e130","03e35142-65cb-4eaa-a6cb-fa68eb295e65","-9.0","13:07:32"
"e3ed349a-67f6-4953-aa99-3232cb806a4e","SKYWAVE_PHASE_4_5","c8984a44-5cf2-4adb-aab1-b0a70c54144c","d0d30e2a-514c-432e-a7b6-b320387c31a3","-9.0","13:08:10"
"e3ed349a-67f6-4953-aa99-3232cb806a4e","SKYWAVE_PHASE_4_5","68de6dff-ae58-4442-a47c-35fa415b6338","349f1bcd-4886-4185-a983-fe8a835a72c2","-9.0","13:08:42"
"25ab7df6-8f1a-4eb6-afb3-651b2cbf6863","SKYWAVE_PHASE_4_5","18bba300-2600-4070-a146-109b8feeadde","af258437-e284-41bc-a5c5-5b28bf373d89","-13.0","15:58:00"
"25ab7df6-8f1a-4eb6-afb3-651b2cbf6863","SKYWAVE_PHASE_4_5","cc3ef164-4936-4461-a88b-b00bd293b4ac","2aab44d4-6e2f-4f53-a197-5c2983670db4","-13.0","16:00:11"
"de8d1fad-44b0-40d1-a18b-779723d521ac","SKYWAVE_PHASE_4_5","1dd4a314-fc93-45a8-abc5-c9d7099aab83","aa876bbf-4649-4985-ad1d-4c69b473f232","-13.0","16:01:15"
"de8d1fad-44b0-40d1-a18b-779723d521ac","SKYWAVE_PHASE_4_5","9b2e1b07-e050-45e1-a771-06a580ffa65d","c1b6470b-e480-4ff6-a040-24078db3b51e","-13.0","16:01:51"
"a16f9e77-1564-41ab-a8dc-3e4458a3e667","SKYWAVE_PHASE_4_5","dee1306a-92e3-4cd2-a7f4-f6a004797944","91ea2597-d5a0-4410-adb2-2fcb7bf9186c","-12.0","19:36:00"
"a16f9e77-1564-41ab-a8dc-3e4458a3e667","SKYWAVE_PHASE_4_5","f6a3bfd6-81d6-40e0-ae5b-31306da37fcd","acb23f24-d047-4479-a048-4fc504eb82d9","-12.0","19:37:15"
"9a065ad6-7d1f-467a-ac5d-6c2c3f5fdfef","SKYWAVE_PHASE_4_5","e1d37dc9-3a11-47af-a20f-b7d52192fe89","066b59d6-fdb8-424b-a7f4-58e211bdbc2c","-12.0","19:37:49"
"9a065ad6-7d1f-467a-ac5d-6c2c3f5fdfef","SKYWAVE_PHASE_4_5","5e733b89-9835-4aef-a546-390c4ab969ca","1e217c68-ca60-4f4c-a44b-d70286802bba","-12.0","19:42:33"
"35d356c7-bb97-4e65-a4ac-674117d1d7ac","SKYWAVE_PHASE_4_5","9308caed-f8ae-424e-a91e-9df4eb49bf00","a68f5055-27e0-478b-a4c5-a94d052d190d","-12.0","19:43:32"
"35d356c7-bb97-4e65-a4ac-674117d1d7ac","SKYWAVE_PHASE_4_5","4e165640-54a1-45a1-a021-45bc1f691427","767c7b60-66b5-4820-a9cf-544b2277d0b2","-12.0","19:44:47"
"28405cc1-5d71-4dff-ad5e-d093d93cd802","SKYWAVE_PHASE_4_5","0063cabc-8a7b-44a7-a7bd-9bd0721fd1f3","3dc94a19-ef8f-4672-ab13-d7850174b4d3","-14.0","10:00:00"
"28405cc1-5d71-4dff-ad5e-d093d93cd802","SKYWAVE_PHASE_4_5","79e17a03-88b4-475e-a1f4-164669d16a3e","33f6e5d8-ba2a-4685-a3ee-fb5ce8d33203","-14.0","10:00:37"
"ff9bbe0e-5e3c-4971-a492-96bb5569ea55","SKYWAVE_PHASE_4_5","76e0bed2-6c08-4732-aac5-3ddd6b29d1c9","bd8b538f-c4e6-4363-aaef-22ab04a071dc","-7.0","12:42:00"
"ff9bbe0e-5e3c-4971-a492-96bb5569ea55","SKYWAVE_PHASE_4_5","243b393e-07f6-403e-a8ac-6f3a77656d91","aa943b5e-69ff-4331-accf-225e36118c71","-7.0","12:42:49"
"dd3fde5d-d09e-40fc-acf8-ec44593ed7c6","SKYWAVE_PHASE_4_5","493a6e0e-9a7d-4b09-a595-7aa66136da11","9a6a4b5b-f11b-4dd8-a08b-fc741c02522f","-7.0","12:43:25"
"dd3fde5d-d09e-40fc-acf8-ec44593ed7c6","SKYWAVE_PHASE_4_5","342c95d1-6e50-4891-a26a-012e107b9bde","af7466e4-b895-41dd-a8a4-cb0eedcee928","-7.0","12:44:02"
"d186803f-fe8c-4291-a7a9-7b677f9cc0ba","SKYWAVE_PHASE_4_5","f8146814-8e28-412b-adaa-41d436cad8ac","1044a8e9-fa46-4990-ad43-4cb1fe06bf7a","-7.0","12:48:39"
"d186803f-fe8c-4291-a7a9-7b677f9cc0ba","SKYWAVE_PHASE_4_5","64dfae79-2978-4339-a751-26477384b940","647250c5-eac8-4607-a235-2b32d674d094","-7.0","12:49:39"
"6655510d-4b93-404c-a670-677d56b4f924","SKYWAVE_PHASE_4_5","930c3640-43ef-4436-a339-0c1f72283eba","4ca767be-4c29-433e-a9f1-015bde2b1f5c","-9.0","11:17:00"
"6655510d-4b93-404c-a670-677d56b4f924","SKYWAVE_PHASE_4_5","03934075-c396-4309-a783-722fbba2b3f0","f3ccdd18-71a5-405d-a416-255e46a6e7d7","-9.0","11:18:10"
"07500dd5-f611-4744-a1bd-13e02097eb5e","SKYWAVE_PHASE_4_5","ea27d064-c5b4-460f-af5d-ba9dab422ec3","7d19a42a-2aaf-41ce-aee4-1f238ca01f63","-11.0","11:07:00"
"07500dd5-f611-4744-a1bd-13e02097eb5e","SKYWAVE_PHASE_4_5","33ac15f1-982e-4eba-aa13-d5d96b7979c5","e97f7eef-ab4d-4c19-aad0-3111ec572b7d","-11.0","11:07:37"
"e99ea0b6-562c-4861-ad61-94663c11a64b","SKYWAVE_PHASE_4_5","85d267f9-9467-416c-ad12-e396f6cd80d9","eae9ec65-6daa-488f-aee6-628942a79703","-7.0","08:59:00"
"e99ea0b6-562c-4861-ad61-94663c11a64b","SKYWAVE_PHASE_4_5","4fb50ae0-d52a-4598-a577-06ecc276d110","6ae4ec80-9245-4d49-a51e-bb44ae83ad12","-7.0","08:59:36"
"2795ecfc-3a92-4742-afb9-d1521fad696f","SKYWAVE_PHASE_4_5","a1a5ce1a-4d62-400c-afc8-01303f72aba4","bee54c16-8978-4b8b-ada0-91fdcb7f163f","-7.0","08:59:54"
"2795ecfc-3a92-4742-afb9-d1521fad696f","SKYWAVE_PHASE_4_5","5d99a374-62f2-44ca-a394-9f26830981bd","9d14ba83-a622-4e29-ac7b-ddc0e54c2e70","-7.0","09:02:07"
"cc0afb81-6db8-43c3-a5e6-baa275f539e3","SKYWAVE_PHASE_4_5","7e120a0c-9b06-4f81-a7b8-5d680c44818d","45f762fd-52b5-43c3-a2a1-73eca8eec32a","-13.0","13:25:00"
"cc0afb81-6db8-43c3-a5e6-baa275f539e3","SKYWAVE_PHASE_4_5","a2064320-d037-471f-a810-9ec860d45e1a","8e1e6291-2b10-4df8-a645-f45d06036f01","-13.0","13:28:03"
"bb47e328-1ee7-4ac4-a082-dabc8fec2b6e","SKYWAVE_PHASE_4_5","e5719359-f451-4322-a6c4-7d0c88e7966e","c91f0033-8a56-4def-a828-bf7e62f31b64","-2.0","11:55:00"
"bb47e328-1ee7-4ac4-a082-dabc8fec2b6e","SKYWAVE_PHASE_4_5","22927333-d262-47f6-af6c-09df729f1176","03232cf2-853d-4e64-abee-721719f30f62","-2.0","11:55:46"
"b0a67632-8bce-4297-ab9c-2556e3c5d00c","SKYWAVE_PHASE_4_5","483d6c26-5926-4cbd-afc2-1434cf3b5ed6","59aa55b1-54c2-41f5-a433-ab7919f8c52d","-14.0","18:23:00"
"b0a67632-8bce-4297-ab9c-2556e3c5d00c","SKYWAVE_PHASE_4_5","2ee34d4b-c95a-4021-a658-9489eece3736","d73fda1b-8233-4180-a98c-3ff1866ed634","-14.0","18:24:05"
"97a0e870-5e65-414b-a205-7e9ca50a7482","SKYWAVE_PHASE_4_5","ae3f536c-0398-4054-a4af-ae5ea341fb61","03dfce30-8795-4eb7-ac70-cc0917a28130","-14.0","18:24:58"
"97a0e870-5e65-414b-a205-7e9ca50a7482","SKYWAVE_PHASE_4_5","a4afb70e-6608-4f4d-a4a6-be91df7eba40","5e279a0f-7ccc-4425-a96c-b12ce95de19e","-14.0","18:29:32"
"98a78eaa-029d-4349-a9f4-e5403ddf2877","SKYWAVE_PHASE_4_5","51416aea-acc0-42e4-a0dc-a1f4ee99e736","4b576a28-5733-4333-a62f-e0c77c71631d","-11.0","19:28:00"
"98a78eaa-029d-4349-a9f4-e5403ddf2877","SKYWAVE_PHASE_4_5","ba22d093-bb0b-4505-aedb-e2a07c45f81b","aff0a716-c087-4d74-ab3c-182c1ff38009","-11.0","19:31:37"
"19009620-dc07-4748-ae8a-4b470885cdc3","SKYWAVE_PHASE_4_5","f217247c-ba81-4fc4-aac8-2206eca53fa2","a04e4651-a3fa-4dd7-a04d-ee6b915ab1b1","-13.0","17:54:00"
"19009620-dc07-4748-ae8a-4b470885cdc3","SKYWAVE_PHASE_4_5","40b73b42-30a8-40a3-a719-64286e8dc8d0","2b585b36-d496-4782-aa3d-ac01c65c7837","-13.0","17:54:35"
"3f057201-4947-40a5-a3f5-b187fb18803e","SKYWAVE_PHASE_4_5","5dff4ebd-c458-4c22-a985-4820223636a0","2ca234dd-feef-4e10-a31e-1c7023ca058b","-6.0","08:17:00"
"3f057201-4947-40a5-a3f5-b187fb18803e","SKYWAVE_PHASE_4_5","53c312b7-57e0-4718-a82d-8c874d82776a","9836aaa3-6ae4-4e03-a634-96b634d6edda","-6.0","08:17:26"
"90278cd9-9e3f-4e41-a83f-ca74595a5478","SKYWAVE_PHASE_4_5","64896964-6c64-4f7b-a7f5-35711009f82b","b31d6b38-c9f2-423c-a78f-5cfad22adf22","-6.0","08:18:31"
"90278cd9-9e3f-4e41-a83f-ca74595a5478","SKYWAVE_PHASE_4_5","2cdca4e6-5432-4670-a7e1-274018abc43d","882786ea-6568-463d-a717-4e71589c8c36","-6.0","08:21:56"
"f7437117-e46e-4831-acda-27434f787c13","SKYWAVE_PHASE_4_5","71157cca-367e-4d00-a1a5-2d3ef4ef6af6","85a039cd-40c9-4dcc-a219-619985880d72","-6.0","08:22:51"
"f7437117-e46e-4831-acda-27434f787c13","SKYWAVE_PHASE_4_5","1a11d04d-901d-41d0-a992-945230d37fb3","c45cd101-a596-47a4-a7e5-1ca5b663e6c0","-6.0","08:25:17"
"a5e2f82d-31c0-44f3-a4e4-42a05c6ba1cc","SKYWAVE_PHASE_4_5","de458e61-c5a8-4a29-a4c1-ae8b9106e3b0","7ef593dc-28af-440a-aed1-e33f94522ee9","-1.0","14:24:00"
"a5e2f82d-31c0-44f3-a4e4-42a05c6ba1cc","SKYWAVE_PHASE_4_5","d8d0d9df-30d2-4b22-af0f-e8447804e3eb","0cb07d69-b22f-4606-aa6a-4dde5e650e18","-1.0","14:24:32"
"55beb394-c8bf-42eb-a790-d2594edb4dd9","SKYWAVE_PHASE_4_5","a90eac0e-56b0-4bed-a09c-433efa5a61ec","fe7042d7-ec32-404c-a920-79b57df23b74","-1.0","14:25:49"
"55beb394-c8bf-42eb-a790-d2594edb4dd9","SKYWAVE_PHASE_4_5","44697ccc-509a-47f7-aea5-93a3e9bd12ea","5a3e0330-bf13-415d-a49a-3742898ceb97","-1.0","14:26:30"
"28a76968-3ccc-4cf0-ab97-e7a2364e2b35","SKYWAVE_PHASE_4_5","1ccf6259-8ff9-4585-adb0-158a6c977cab","b621bfea-c221-44ca-a950-72f08afad6da","-1.0","14:27:23"
"28a76968-3ccc-4cf0-ab97-e7a2364e2b35","SKYWAVE_PHASE_4_5","e8f4ee84-2408-48e1-a1cd-0d7e26643aac","832b1a20-002e-4d2f-a985-3f6a122ac2eb","-1.0","14:28:10"
"d180906f-694e-40f2-a264-da3171c503cd","SKYWAVE_PHASE_4_5","6921869d-46ba-4d39-a4f2-af2cda468acb","451e377d-947f-4659-a6e5-8f064ff6ba1f","-4.0","13:33:00"
"d180906f-694e-40f2-a264-da3171c503cd","SKYWAVE_PHASE_4_5","28fbc3d7-8a9a-4006-a942-9300810338e9","a24d249b-89b0-4dea-a82c-4131d38d206f","-4.0","13:33:42"
"9381e373-6fab-4dd3-a507-cdbb342c5c71","SKYWAVE_PHASE_4_5","43dc8596-505f-4e47-a74a-716fce3aef2f","8d557c83-9980-44a6-a56b-5feb28e7b598","-7.0","14:47:00"
"9381e373-6fab-4dd3-a507-cdbb342c5c71","SKYWAVE_PHASE_4_5","a6f82865-5f42-4b9f-aa44-de7b1c42cb81","a4f0e937-5c34-45aa-a8c9-c5dbce1f1bbc","-7.0","14:49:11"
"8623be81-be69-4d7d-a8f8-8bbd1779d400","SKYWAVE_PHASE_4_5","5660cc1a-d6f0-427f-a4c5-8ea2dc27d917","7296682c-6608-4122-a347-e00b0a76dbf6","-6.0","14:29:00"
"8623be81-be69-4d7d-a8f8-8bbd1779d400","SKYWAVE_PHASE_4_5","c9f57ebf-1020-4c84-aa30-faeaa5db25f4","fd3ae148-95b1-4d45-aedf-9ecb8e37e7bb","-6.0","14:30:10"
"974535b9-f826-42a7-a591-1002f266de0e","SKYWAVE_PHASE_4_5","d6c3712e-a74c-4e53-a01a-b36cdef88533","b5e98434-7f22-4606-ad37-fd02e9df3d90","-1.0","09:40:00"
"974535b9-f826-42a7-a591-1002f266de0e","SKYWAVE_PHASE_4_5","2e7ded7d-960e-4cbc-a06c-e32967de8d30","f5408f56-afe2-46ae-a293-10d877ccda57","-1.0","09:40:17"
"99f95f28-12f8-487b-a4d9-0367bc3aa091","SKYWAVE_PHASE_4_5","97cac329-a3b9-48b7-a042-a91ab21a554e","9565e9db-e24a-4fdf-a9b2-324a8a027bf4","-8.0","10:08:00"
"99f95f28-12f8-487b-a4d9-0367bc3aa091","SKYWAVE_PHASE_4_5","13fcf958-2fd7-4118-a5e1-53c8499bf6d1","2370bd21-5f8b-47b5-a0f3-11bcbc189407","-8.0","10:08:39"
"8861fe59-bda4-448f-abdb-da82a3286c3a","SKYWAVE_PHASE_4_5","33dd9639-487d-4cb1-a172-2e3e1fed0d56","adc41687-7989-4a6f-acb8-fdf1b5cabc7b","-8.0","10:09:08"
"8861fe59-bda4-448f-abdb-da82a3286c3a","SKYWAVE_PHASE_4_5","7abb2847-ff59-4eae-a274-949f744d2f8e","f9525d4f-dd99-4c05-a69c-8a1a9acbdc9e","-8.0","10:10:24"
"dc5d080d-d2f7-414f-a822-8476b5b6792e","SKYWAVE_PHASE_4_5","3f288cb7-2e6a-4d24-a441-045e87f9d74d","965c75e3-a17d-4e73-a712-cd888a3d63d1","-9.0","19:41:00"
"dc5d080d-d2f7-414f-a822-8476b5b6792e","SKYWAVE_PHASE_4_5","dde08173-3130-4d6f-a6fd-3479a7573375","0c03eecb-d536-4542-a05d-cc2f0e199026","-9.0","19:42:55"
"4cae9ccd-922f-4d06-a323-bc286cfff3b8","SKYWAVE_PHASE_4_5","35264439-a31f-452a-a919-7cb4bab1d02e","da40c736-4e89-4f9c-a319-fd253d563efd","-4.0","10:19:00"
"4cae9ccd-922f-4d06-a323-bc286cfff3b8","SKYWAVE_PHASE_4_5","0b717883-30c2-4b67-a3b7-aed3f3e091a4","1686a20d-8761-457a-aa96-5a903bfc3616","-4.0","10:19:54"
"26f04184-2de3-4be2-a47b-3f5123bcc16d","SKYWAVE_PHASE_4_5","99950552-bb32-47f8-a6ec-210a0c68cc14","c0b0ed84-fd2d-4745-a4e4-267f992f5172","-4.0","10:20:23"
"26f04184-2de3-4be2-a47b-3f5123bcc16d","SKYWAVE_PHASE_4_5","e6a83ae0-0c19-49f9-accb-73fac99ec0e1","408e5e04-98da-4b23-a930-e2889a2f89ba","-4.0","10:20:51"
"e71f44ca-39f7-4117-af2e-8f0ac545b462","SKYWAVE_PHASE_4_5","d2c2803a-e7a7-4f4d-ae91-80a934fc7ff0","bd63f948-dd4a-43a1-a2fb-675e900751e9","-13.0","15:09:00"
"e71f44ca-39f7-4117-af2e-8f0ac545b462","SKYWAVE_PHASE_4_5","c0b95cd9-52e6-47c0-aa27-d0a5e113dd6c","31593693-6dd2-4c87-a751-595bad0217d3","-13.0","15:09:35"
"fdeccf7c-7699-4167-a5a3-7198801f002f","SKYWAVE_PHASE_4_5","3149d064-2a0e-46c4-a673-c1752cd14801","b824a458-ba6e-4f82-a15f-48773ad3609d","-14.0","19:26:00"
"fdeccf7c-7699-4167-a5a3-7198801f002f","SKYWAVE_PHASE_4_5","bbe53614-36b3-4893-aaef-1794ffe08d1f","3c7750f5-045b-4aa4-a2de-96d57397b63d","-14.0","19:26:45"
"662402fb-9109-437d-a68b-461b9fed5344","SKYWAVE_PHASE_4_5","8f30ffe7-6717-4fe9-a845-e35de17ee922","85373c09-8de5-4f9f-ab01-2fdf7984717d","-10.0","13:24:00"
"662402fb-9109-437d-a68b-461b9fed5344","SKYWAVE_PHASE_4_5","a7a65b73-f64f-43e3-ac76-409f89ed10d6","a639dd82-5d58-4a8d-a23c-32baf4cd94a5","-10.0","13:25:06"
"e4b9c1db-8fc2-496e-a236-53abff621eef","SKYWAVE_PHASE_4_5","827b3cf3-276d-4742-aba6-cc56cdb90f32","98ae1283-1de8-4c13-a750-5de8d7eedd11","-10.0","13:29:19"
"e4b9c1db-8fc2-496e-a236-53abff621eef","SKYWAVE_PHASE_4_5","c0c1a2b6-6b89-434d-a251-d24c306e8592","de5d0fad-8a02-4d8f-ab46-3a45732b6a7f","-10.0","13:30:24"
"7c010607-de1a-48d9-ac0a-7ac836475ea7","SKYWAVE_PHASE_4_5","acfd93ce-b47a-4804-affb-32106b677a40","cb76e36b-0077-4bbe-ac1d-f2e0525ae167","-7.0","08:21:00"
"7c010607-de1a-48d9-ac0a-7ac836475ea7","SKYWAVE_PHASE_4_5","6e190004-73ed-44da-af5b-c9648ff64a82","2b9a7e69-d430-4b64-a20c-d8312a3d3e37","-7.0","08:24:41"
"ed7d8b3a-f64e-4885-ac4d-59ed0fab6acf","SKYWAVE_PHASE_4_5","c106f95f-507a-4ddb-a1b4-eee29a608789","683e199d-5567-4c01-aabd-7c626a119e17","-3.0","10:08:00"
"ed7d8b3a-f64e-4885-ac4d-59ed0fab6acf","SKYWAVE_PHASE_4_5","aeb6d006-ae90-4dfb-aa65-7313c995e37b","a588ef78-318b-48a4-a2d7-cacffa8093f3","-3.0","10:08:25"
"53dab246-05cc-4191-a9e9-81efec8dbd71","SKYWAVE_PHASE_4_5","c3cf349b-0cf9-42b5-a46d-a0cc0d33595b","a593a7c3-cc0e-48e8-a344-2a1e6c4a9ee2","-7.0","10:45:00"
"53dab246-05cc-4191-a9e9-81efec8dbd71","SKYWAVE_PHASE_4_5","8ecaaecb-92d2-40bd-ae01-068f7c98bf78","72a689b4-641e-4625-a1a2-321d5364a90d","-7.0","10:46:06"
"73d64f4d-d422-4b8a-a3b8-81764db0a2d2","SKYWAVE_PHASE_4_5","70bed529-c2da-419f-a152-5ed0dcf3a2b4","ca758cd8-2a3a-4192-a9ad-8239039ae66b","-1.0","18:47:00"
"73d64f4d-d422-4b8a-a3b8-81764db0a2d2","SKYWAVE_PHASE_4_5","42fd5023-3b9a-493e-aa51-586108963767","9621b173-fdaa-461c-a5c3-944c34dbb6ed","-1.0","18:47:55"
"2cac9653-63ab-4332-ab1b-2ee25f7a696d","SKYWAVE_PHASE_4_5","ea44d762-3b61-4150-a0db-e5584691da47","aa068671-9e9b-43d2-a66b-8f7fcb77e1a1","-6.0","11:43:00"
"2cac9653-63ab-4332-ab1b-2ee25f7a696d","SKYWAVE_PHASE_4_5","0144a959-f252-452b-a31d-bc047873254a","0cda9a48-5014-4fbf-a980-28a2242dcbd3","-6.0","11:44:07"
"ddd50656-8e61-411a-a70b-f76d7fef2a19","SKYWAVE_PHASE_4_5","b0215948-6615-4e95-ab84-cea3a72406e1","830b6bb8-f2f7-4539-a0ed-d99e878521bc","-6.0","11:44:40"
"ddd50656-8e61-411a-a70b-f76d7fef2a19","SKYWAVE_PHASE_4_5","417846b3-a759-4046-a858-7c943d106e8f","c3071580-d2ef-4ff1-aa1e-2ed70f252d2b","-6.0","11:45:34"
"712f5c8f-b0ca-4dca-afb0-c942a03b0d9f","SKYWAVE_PHASE_4_5","3c4b3c6c-8eea-4adb-a4e2-bca9d26bae9d","dab349e1-4f55-4301-a95b-b2d3e6446a10","-3.0","14:55:00"
"712f5c8f-b0ca-4dca-afb0-c942a03b0d9f","SKYWAVE_PHASE_4_5","fde2800f-9859-47a8-a743-541521dfeba1","c8185f44-cc36-4b27-a04f-2f7dc04c342d","-3.0","14:55:45"
"a3fe4fb0-f398-437c-aed5-e0b82e6781d4","SKYWAVE_PHASE_4_5","3b56f2b2-c163-49ba-a63b-8f74659d4d36","b2d27b14-7a61-4506-a639-bdaaf0075459","-3.0","13:02:00"
"a3fe4fb0-f398-437c-aed5-e0b82e6781d4","SKYWAVE_PHASE_4_5","0d546033-65cd-4541-afe1-638b6f18780a","38cca61f-3229-4754-aef5-e4897f715e48","-3.0","13:05:08"
"f70f80e3-62b9-44ac-ac87-37b35ba16930","SKYWAVE_PHASE_4_5","c2e89bc2-6cca-414d-a87c-16d60312b22d","b795def3-e540-4e4f-aa1a-78971021c7e5","-14.0","12:06:00"
"f70f80e3-62b9-44ac-ac87-37b35ba16930","SKYWAVE_PHASE_4_5","15727b37-0c22-45b2-ae6b-3d93d29b31c5","34e13354-f905-4834-a47a-0116ad0b58e1","-14.0","12:06:24"
"54e9873d-3d5e-4fa1-a101-238df3a799a7","SKYWAVE_PHASE_4_5","3da555ce-4433-4ae6-a04e-7a89f11b362d","73ce9a98-d70f-4197-a250-08ead83cab3e","-2.0","12:36:00"
"54e9873d-3d5e-4fa1-a101-238df3a799a7","SKYWAVE_PHASE_4_5","80209a2a-6a73-4042-a806-13d00d0abfbd","979bce1d-19ae-44ca-ae1e-9c08169b0d77","-2.0","12:39:22"
"f329fc49-323b-4e1d-a6f7-c18c931d704a","SKYWAVE_PHASE_4_5","57b3647d-7896-46fc-adb0-2508cafaaedf","943529ef-2de1-4259-abcf-a252c728b902","-2.0","12:40:07"
"f329fc49-323b-4e1d-a6f7-c18c931d704a","SKYWAVE_PHASE_4_5","c53c4b38-958d-4dd8-abbe-7dd0a1b238d3","8f579115-380a-4e13-a94b-fa718d848ae8","-2.0","12:41:13"
"63e56dbd-8702-484b-a23f-15f12f60c645","SKYWAVE_PHASE_4_5","8eed0e48-76ae-4398-a941-e32fb3f0107f","749e5e55-2720-48b9-a873-5ebae44158c3","-11.0","16:49:00"
"63e56dbd-8702-484b-a23f-15f12f60c645","SKYWAVE_PHASE_4_5","2abc5d5e-a8a2-4726-af11-26c748f058c7","55aa05e3-7986-4e74-a58c-cba7cf691930","-11.0","16:50:12"
"fe3e4d1d-37ee-4d50-a21f-879712356975","SKYWAVE_PHASE_4_5","2028540c-3adb-465c-a81d-18ebe1966fe2","015b24d2-d8d4-4b2c-ad9d-4964dcb4a4ba","-11.0","16:53:04"
"fe3e4d1d-37ee-4d50-a21f-879712356975","SKYWAVE_PHASE_4_5","67eb92cb-f84c-4aa5-ae62-e355b61e67ef","759940c1-09a3-470e-a497-5b024f3874db","-11.0","16:54:09"
"a161bbd5-d5bf-4c23-aa14-b1b76582ec58","SKYWAVE_PHASE_4_5","284aa0b2-c016-458b-a714-a9183bf83215","b17eaf02-e993-4674-a964-34f1ed444352","-14.0","17:34:00"
"a161bbd5-d5bf-4c23-aa14-b1b76582ec58","SKYWAVE_PHASE_4_5","979fd5db-b1c7-41b5-a282-b1f34011250d","3a3e5a4a-71a7-4235-a784-0f0e0aa0556b","-14.0","17:34:48"
"4bdcfde2-caf9-446d-a33b-43058291f7bd","SKYWAVE_PHASE_4_5","334b7fc6-56d1-4edb-a060-5964c84dbae6","430f8b23-5687-4267-adaf-7065b3b5ae2c","-11.0","08:19:00"
"4bdcfde2-caf9-446d-a33b-43058291f7bd","SKYWAVE_PHASE_4_5","f21fd7a4-0b0f-44e7-a8e7-aae8141989fc","1ecb41a9-6ce6-4c87-a08f-9f1b0d265a6d","-11.0","08:20:13"
"3987d49f-2d91-4979-afbe-4a9405ba11cd","SKYWAVE_PHASE_4_5","cd3fe0a3-2303-4cd8-aee4-5f3bf5aff4f7","c1933881-e451-42f0-a230-904b5bcd578f","-10.0","17:05:00"
"3987d49f-2d91-4979-afbe-4a9405ba11cd","SKYWAVE_PHASE_4_5","854da118-8813-4014-ad3e-d073cca4d163","cb62c195-1331-40c1-a508-69eb3b8d7ec6","-10.0","17:06:12"
"1c9706c8-ddd1-45d2-ade6-9b7b974c908d","SKYWAVE_PHASE_4_5","4c47496f-6b02-40dd-ad49-4cb0277557e6","7aab2c59-8365-4f9e-a754-2f106379dec2","-10.0","17:06:36"
"1c9706c8-ddd1-45d2-ade6-9b7b974c908d","SKYWAVE_PHASE_4_5","df30a212-5273-4c46-ad5b-8298dc975d12","e60ad8ff-7b27-4c1f-ae65-cd99cae2e1e8","-10.0","17:11:22"
"4307bae0-7188-467b-aae6-cccebc949b73","SKYWAVE_PHASE_4_5","4cfe4925-b1cb-430e-aad6-f98ef8a06c9a","e712df2d-3833-45d4-a48e-84bf067e7ab9","-14.0","11:06:00"
"4307bae0-7188-467b-aae6-cccebc949b73","SKYWAVE_PHASE_4_5","0f413558-adf0-4498-a831-f496a0d08183","bd79972e-190d-4953-a09b-8ed3b549a3de","-14.0","11:06:20"
"52059f4c-e47d-49b5-a89c-c8f6af9c41fe","SKYWAVE_PHASE_4_5","5f92da8e-f359-4d33-a8d9-2e6c2fe39191","8aed026b-5515-4e62-aa5d-08d4a298c5ef","-14.0","11:06:48"
"52059f4c-e47d-49b5-a89c-c8f6af9c41fe","SKYWAVE_PHASE_4_5","089052de-0b4f-4301-ad71-dfa93773fc1e","0c6b8ca0-cb3e-4f01-abc6-50d8959e0b8b","-14.0","11:07:23"
"84f35811-159f-4f57-afcc-0708fe1122ce","SKYWAVE_PHASE_4_5","0d017041-0b93-400f-add5-53223303c74d","f46af958-bb74-4ca1-ad3f-bd0f6080451b","-14.0","11:11:37"
"84f35811-159f-4f57-afcc-0708fe1122ce","SKYWAVE_PHASE_4_5","25758c92-8116-41f7-a713-295d228c0611","788b44bb-02a2-4bfa-a1cb-4ba21a65f6c1","-14.0","11:15:24"
"95ef761f-52c8-4b3f-a0a3-f36d30bf7aac","SKYWAVE_PHASE_4_5","79eeefb4-d38b-4e5b-af6c-a8bb08135123","356db4f4-4c67-47b8-a0ba-536ba0dcaca4","-10.0","17:34:00"
"95ef761f-52c8-4b3f-a0a3-f36d30bf7aac","SKYWAVE_PHASE_4_5","b8829792-a1fb-4e64-aa54-d2ecf3f84f09","71f60be7-84fa-4970-adb1-4c33b772f8ce","-10.0","17:35:11"
"1c091f28-ea35-4a6d-a94e-7b48b17b83f8","SKYWAVE_PHASE_4_5","9c521e62-3cac-4992-af22-8e8042964400","23f1e2bb-7669-42bb-a175-9d9fb80a6a00","-10.0","17:36:08"
"1c091f28-ea35-4a6d-a94e-7b48b17b83f8","SKYWAVE_PHASE_4_5","c05f4ebb-c422-4c15-ac6a-d6e286f4a954","47d29887-bf68-4576-a6b6-aa47dd2d0a8d","-10.0","17:36:55"
"2f87e0ff-ebd1-443b-a148-5afca984addc","SKYWAVE_PHASE_4_5","b5d988e8-9779-4ee8-aec5-ddad7c0ab61b","459686e3-0011-479f-a874-ca77f17057a9","-3.0","13:19:00"
"2f87e0ff-ebd1-443b-a148-5afca984addc","SKYWAVE_PHASE_4_5","7790a0b9-3efe-4cd5-a189-efbe9b2d051b","347af4b8-7453-41cf-aaae-bbf7db9b5f4c","-3.0","13:19:19"
"6cdda4ad-dec2-4368-a859-7176cbde6420","SKYWAVE_PHASE_4_5","5c8eaf4d-e95a-4dde-afdf-73adb9a6f3a0","f4762edf-a66f-450c-a7a8-07f79e8418a4","-9.0","17:12:00"
"6cdda4ad-dec2-4368-a859-7176cbde6420","SKYWAVE_PHASE_4_5","b72d8b9a-0bcf-482c-a78c-ccdc6e9022ea","c75df79b-2900-410a-aa9d-973fc358c2e2","-9.0","17:12:33"
"49b575c1-4de2-431c-abf9-55c666d2ed27","SKYWAVE_PHASE_4_5","d7018684-9d44-4469-a01a-a2ca050da405","d267aae2-b792-4b8c-aae4-817497f292f3","-2.0","17:39:00"
"49b575c1-4de2-431c-abf9-55c666d2ed27","SKYWAVE_PHASE_4_5","f9b94b41-8e62-4f53-a7e7-9e423572e65e","59c5a0d7-1a3c-4633-a638-ff7a7af43a70","-2.0","17:42:07"
"a8f521ac-c84e-4a3d-a4e8-3d4f0002c10e","SKYWAVE_PHASE_4_5","83b0762f-dbcf-476b-aa1d-7f3b10c01866","f7e791a5-001e-4cc5-ae5a-d7284307902a","-2.0","17:44:19"
"a8f521ac-c84e-4a3d-a4e8-3d4f0002c10e","SKYWAVE_PHASE_4_5","2ddc0c49-0394-4a2a-a87f-812c658ce4df","6553f2d0-6a5e-40b4-ae85-77fcf3fcb526","-2.0","17:44:45"
"1b8591af-9c1d-483e-aadf-a4cc5ae28f6e","SKYWAVE_PHASE_4_5","7fbd8c7c-ee1c-45e1-a0c2-b90a8f8fde80","df15f878-a078-49f2-acfe-f7edcbf70717","-13.0","17:16:00"
"1b8591af-9c1d-483e-aadf-a4cc5ae28f6e","SKYWAVE_PHASE_4_5","9541dd91-27a2-42be-adc0-99e047095c7e","f4f69902-0634-46ed-afc0-b591e47974e8","-13.0","17:18:37"
"0abc278d-9c07-4d86-a449-a5140164e3a6","SKYWAVE_PHASE_4_5","9acac33d-68c9-4d7a-a0c8-c9d406f80cb6","895776ae-5eae-422a-a927-1cf26b1efec6","-13.0","17:19:37"
"0abc278d-9c07-4d86-a449-a5140164e3a6","SKYWAVE_PHASE_4_5","7c93fd75-63b7-4f81-a557-148c7b2cdc68","4b86882c-20a6-4529-a2b2-1efcf0295e89","-13.0","17:22:51"
"ebe733d3-b279-49f8-a70d-7b0857fc50a5","SKYWAVE_PHASE_4_5","5086084a-5dc1-45ff-a390-2f94f879ea59","8f78c8e3-9e1a-49ff-a4b1-bcbc8cd8f0a6","-2.0","08:50:00"
"ebe733d3-b279-49f8-a70d-7b0857fc50a5","SKYWAVE_PHASE_4_5","b146acaf-51ee-47dc-ac5d-d78b7014abc2","4a5aa5e9-672e-4ebb-a185-46b7087e3f8d","-2.0","08:50:34"
"8686276b-b330-467d-a19f-d8d2c81d0383","SKYWAVE_PHASE_4_5","296961b5-154c-4ac0-a601-dddccba6061e","bfc223dd-88e0-4800-a979-fd2c4b92841b","-2.0","08:52:40"
"8686276b-b330-467d-a19f-d8d2c81d0383","SKYWAVE_PHASE_4_5","6e3d2fcc-47ba-4afb-a26d-6c995f3fa8c5","d1b41690-dd91-47bf-a10c-4682632fda7b","-2.0","08:53:06"
"bdbce5e1-3c13-44cf-a69e-5c7d2116d2fb","SKYWAVE_PHASE_4_5","0e7700ec-24ad-405d-aaa6-a553320a9516","c48df527-e91e-48b0-ac3e-3b1df036de0c","-3.0","13:10:00"
"bdbce5e1-3c13-44cf-a69e-5c7d2116d2fb","SKYWAVE_PHASE_4_5","9bd7126e-c0ec-412c-a00e-b495aa4698cd","4a654f47-7c51-418f-aa24-d404469f639c","-3.0","13:12:36"
"f907beed-49c1-40d1-afb3-0e65835e1de5","SKYWAVE_PHASE_4_5","affba723-4f39-46ca-aeea-4718e21ad208","b7b58ca0-2cf1-43ee-a065-d2a597985390","-3.0","13:16:26"
"f907beed-49c1-40d1-afb3-0e65835e1de5","SKYWAVE_PHASE_4_5","7fe94399-3014-4063-a101-4b7b1be0e835","e518e443-ddc6-4e4b-aa31-2e7efb948f00","-3.0","13:20:06"
"48c4d148-670f-40aa-a8d7-7472516f889c","SKYWAVE_PHASE_4_5","c8175c1a-3cf7-45eb-a16a-d3216281b2de","f973f1fa-1dba-4e68-a4d3-676e9bfd94b6","-7.0","15:38:00"
"48c4d148-670f-40aa-a8d7-7472516f889c","SKYWAVE_PHASE_4_5","29e589a3-b57e-4d7a-a942-00abd3d65195","537c3cf9-cb89-49fd-a718-73af78363ec7","-7.0","15:38:45"
"86f778e6-5a3e-44c2-a18a-61e50d8bd87e","SKYWAVE_PHASE_4_5","260b86e2-8cf7-46c4-ad1a-11046cb16d26","81c6c1a1-8882-4a4c-aff6-ad6e8b37ae1e","-7.0","15:39:52"
"86f778e6-5a3e-44c2-a18a-61e50d8bd87e","SKYWAVE_PHASE_4_5","1aa16a64-e678-4ee6-a6c5-55b255174f12","ad83af8f-1bbb-4d5e-a94d-b340502d239c","-7.0","15:40:24"
"71d4675a-feb9-4061-ad3b-7d23cb28090f","SKYWAVE_PHASE_4_5","9c70aa68-f94d-4953-a518-f35550acdae2","9c86296c-9b1d-4e12-a30e-0d41956cf7de","-9.0","19:32:00"
"71d4675a-feb9-4061-ad3b-7d23cb28090f","SKYWAVE_PHASE_4_5","efeffe6f-cc56-4e16-a0af-d0e1cc43c0c6","6f6e584d-4ab0-4fbc-a327-de55c19061fa","-9.0","19:32:28"
"e9e7c7d9-b48c-46cb-a570-499eef58e4f8","SKYWAVE_PHASE_4_5","df7d94af-8dc8-426c-aca3-5029e17f41c5","ccf2286b-30c7-45c4-a651-ad7f98da6134","-12.0","08:41:00"
"e9e7c7d9-b48c-46cb-a570-499eef58e4f8","SKYWAVE_PHASE_4_5","66c55dc9-a4ca-4950-aa26-922d026b8954","3446690e-585f-4b85-af0b-97ad3d86e868","-12.0","08:45:22"
"9e80db76-be46-4439-a9ba-caba38e41860","SKYWAVE_PHASE_4_5","8881706a-4643-44fd-a9f4-5b5ed3d1c154","a879e7b6-1c8e-48cf-a40b-7235d5e4e0c7","-12.0","13:30:00"
"9e80db76-be46-4439-a9ba-caba38e41860","SKYWAVE_PHASE_4_5","d250afd8-0bae-4a19-a6ff-33c4df3868e7","e26fc834-86d3-43ec-afd4-b88a9226e199","-12.0","13:30:48"
"4689ae4f-feb2-4ca7-a1d6-9e0d8cc6ce98","SKYWAVE_PHASE_4_5","fd5b8d6a-a044-4930-a601-c360a80db9a8","25781291-2519-4da7-a187-3e57255dd6f4","-9.0","11:56:00"
"4689ae4f-feb2-4ca7-a1d6-9e0d8cc6ce98","SKYWAVE_PHASE_4_5","e98fa82a-cc4b-4db3-a7d1-1ba2a5a60b24","dcf688f1-cb31-4c45-a794-100bb739ec4a","-9.0","11:56:43"
"dd62faa2-c2e7-4308-ae7e-73bfa7b0f2de","SKYWAVE_PHASE_4_5","73ffafd9-9869-4e03-a484-3758012d40e1","eb974b8e-ee71-4977-af62-158356a8c1d4","-8.0","14:04:00"
"dd62faa2-c2e7-4308-ae7e-73bfa7b0f2de","SKYWAVE_PHASE_4_5","628e30f3-22f7-4061-ade3-ec3b0534d535","e91f3f6e-5815-4ac4-a7ed-8122df4cc037","-8.0","14:05:10"
"16e08942-88e4-4c48-adc1-a8ec29490eee","SKYWAVE_PHASE_4_5","4befa416-0409-47f8-a0a7-2f3747defd44","d503cea8-6210-4155-a43b-14f90901affb","-9.0","08:37:00"
"16e08942-88e4-4c48-adc1-a8ec29490eee","SKYWAVE_PHASE_4_5","9f67ab48-ee10-4c3b-aab8-178306ac2d6c","220391c2-85a3-4498-a2d4-0adba23df809","-9.0","08:37:25"
"6c62d6fa-263c-4f86-acca-f42b0c11741e","SKYWAVE_PHASE_4_5","6451772e-f9c5-48a7-a3f0-c0372939736c","8be58f77-e6eb-4135-a8e6-859d49046e6b","-7.0","11:52:00"
"6c62d6fa-263c-4f86-acca-f42b0c11741e","SKYWAVE_PHASE_4_5","7f6b37cf-db06-493f-a25f-dcb2e2f21475","5d679afd-57f5-4e34-a0bd-4b66b41e831a","-7.0","11:53:53"
"e0e70688-c7af-41db-a955-9579691b4f83","SKYWAVE_PHASE_4_5","d8609ca2-f8eb-4543-afd4-3d451651c944","18604809-1e22-441a-aa78-cf3a8bf39b8a","-7.0","11:57:43"
"e0e70688-c7af-41db-a955-9579691b4f83","SKYWAVE_PHASE_4_5","fde899bc-1e22-4986-af98-3ec962b87f0c","efab6e86-ede4-4feb-a77e-b1b21d5d9e2c","-7.0","11:58:30"
"388acb84-5760-4a1c-a155-d4b60473c4ce","SKYWAVE_PHASE_4_5","e27bd5cf-60dd-411b-aac6-f9ad60d87742","ca6e799c-6271-4001-aaaf-cc52f42a4881","-11.0","18:11:00"
"388acb84-5760-4a1c-a155-d4b60473c4ce","SKYWAVE_PHASE_4_5","c1e8d490-02f1-45ed-a598-d22e6f298fe4","5c90b84c-0eea-4f81-a8c8-e043bb41991c","-11.0","18:11:21"
"e48f3c54-8f5b-4f22-a1a9-1256f1a14407","SKYWAVE_PHASE_4_5","5984cdb3-dc2f-474d-a7b9-ffdf777ad737","a6e750ee-c1ab-48a8-a081-5d69cdf084df","-11.0","18:12:09"
"e48f3c54-8f5b-4f22-a1a9-1256f1a14407","SKYWAVE_PHASE_4_5","c509f74d-a5dd-4828-a7f2-b1fa9dea2bd1","c9b66b9e-4230-47f1-aac5-c8720dda081a","-11.0","18:13:02"
"1e93f33e-9d3d-4953-aec8-a390aeb5ddd5","SKYWAVE_PHASE_4_5","91c8abfd-58af-4973-af67-a8ec99d2a7d2","3ba8e866-6814-4228-a513-ecd80446d548","-11.0","18:13:21"
"1e93f33e-9d3d-4953-aec8-a390aeb5ddd5","SKYWAVE_PHASE_4_5","607412ef-c621-4b22-ac52-ac149e705190","289f8a43-0d50-4484-ac0e-8413ef140584","-11.0","18:14:13"
"763e8b6c-c391-4dd1-aeaa-9604a5260cd6","SKYWAVE_PHASE_4_5","cc746264-56d4-40c4-a925-b251b06358ed","8b08d42e-0b89-462b-a7e0-b20904b6edcc","-9.0","18:04:00"
"763e8b6c-c391-4dd1-aeaa-9604a5260cd6","SKYWAVE_PHASE_4_5","a20942bd-ba66-409b-a9ca-918624d20429","14b67e13-aef7-4c16-a24e-876bec47f6d3","-9.0","18:05:17"
"190104e5-1fc6-429c-a27d-7ca5a4bc53ea","SKYWAVE_PHASE_4_5","eba2bd2b-c110-465a-a6ac-42fb638692a8","ecdc1351-1197-41f0-a9d3-4f3e3aca6492","-9.0","16:15:00"
"190104e5-1fc6-429c-a27d-7ca5a4bc53ea","SKYWAVE_PHASE_4_5","16b4ec76-2045-40ab-adb6-e89d4c946d36","8808ff32-2655-4e88-aa40-184afa790ed7","-9.0","16:15:28"
"96f1fb4b-2427-446e-a03b-eba1448b2d35","SKYWAVE_PHASE_4_5","268880f3-897c-4786-a83f-992e7a92a708","3a347452-c802-45e6-a61f-cc60595b08f9","-13.0","14:27:00"
"96f1fb4b-2427-446e-a03b-eba1448b2d35","SKYWAVE_PHASE_4_5","c04d1764-5934-4b5c-af79-137b438e784f","05e7b901-f820-4cf2-ab16-6df7df918b2d","-13.0","14:28:04"
"0da54897-b09c-48bf-a37b-562504ac76b8","SKYWAVE_PHASE_4_5","bc483d4f-d7bb-42a0-a12c-45a7604d0f4f","1220a3a8-36ca-4538-a8de-0f572e58b5dc","-10.0","19:45:00"
"0da54897-b09c-48bf-a37b-562504ac76b8","SKYWAVE_PHASE_4_5","5012e57d-9e17-4e81-a121-8f1b6af92f46","4c3319d2-5558-45bb-a9d9-815de523966a","-10.0","19:45:30"
"bb24a877-6f97-4fae-ad50-d5f5d4588445","SKYWAVE_PHASE_4_5","84a9860c-b768-45ff-a0f2-abc518bbeca0","75ba72d3-4c8a-446c-aec4-ecf7a228b48b","-14.0","17:05:00"
"bb24a877-6f97-4fae-ad50-d5f5d4588445","SKYWAVE_PHASE_4_5","2abefb4c-29fd-41cb-aaa6-8ce0aba6f919","e6167125-6115-4b81-a02e-5031739ca0f9","-14.0","17:05:59"
"1afa741c-bfd2-4436-a3bf-14d411b5a21d","SKYWAVE_PHASE_4_5","0e3feea8-8897-44f5-a008-70143f5a8fd4","478d3d56-c8f3-4d62-ac6c-39511cbbd701","-7.0","18:03:00"
"1afa741c-bfd2-4436-a3bf-14d411b5a21d","SKYWAVE_PHASE_4_5","3074d547-dd26-4a82-a21a-0941801bcbf0","fed412ec-a8d6-416d-a329-bda9f900fea6","-7.0","18:04:10"
"3169ed48-3412-4c67-aec0-8a6b9ed80079","SKYWAVE_PHASE_4_5","bbad40d8-d553-46d9-ae69-182ceae6fdfa","ae4b38bc-5f12-4a07-af25-d473da5a592f","-3.0","13:07:00"
"3169ed48-3412-4c67-aec0-8a6b9ed80079","SKYWAVE_PHASE_4_5","5c052d69-0bda-424a-a5b3-9d70d5ed2e6d","43f426b1-2946-473f-af3a-0412e04d6309","-3.0","13:07:31"
"e8242a6f-137d-458b-a4a9-cbe500b9b7a7","SKYWAVE_PHASE_4_5","36a297b6-c209-4813-acc3-f3fb616f6539","7a717685-98cf-4ae3-aa24-bd4318b2df12","-1.0","17:46:00"
"e8242a6f-137d-458b-a4a9-cbe500b9b7a7","SKYWAVE_PHASE_4_5","8a3b9a5a-9abc-4208-a3a7-31d96c26ae70","f24e59de-ba87-4171-a2ea-16983f336052","-1.0","17:48:20"
"3be140a9-e448-4a43-ab19-d7e7e2aa4e8c","SKYWAVE_PHASE_4_5","e703efa2-a039-4516-a583-babbcdfa0db1","dc3abef5-104b-4e0b-a474-38480cfdad6b","-1.0","17:49:55"
"3be140a9-e448-4a43-ab19-d7e7e2aa4e8c","SKYWAVE_PHASE_4_5","3ee059a7-dd90-4ad4-ac98-e7249131726a","65e832ab-96d3-42e6-a7e1-32e72d27bb33","-1.0","17:50:33"
"592ab7c5-c907-4b62-a373-89ebec4b716a","SKYWAVE_PHASE_4_5","847ff5a7-2915-4c7a-a2dc-f7669ff4ea3d","8d6a5e42-ff90-4ee9-a2c4-febb46be8a37","-11.0","17:10:00"
"592ab7c5-c907-4b62-a373-89ebec4b716a","SKYWAVE_PHASE_4_5","13a7a652-85e8-4a65-a010-f76b70ac6d16","d78b609f-c458-4824-aabf-7ed14009538d","-11.0","17:14:52"
"9b243cf9-66b9-4a5f-ad12-c9ef1329945d","SKYWAVE_PHASE_4_5","d9511994-15ef-4ada-a723-64f8284e127c","65d8a70e-f0b0-47cc-aa77-2f95a610b9cb","-11.0","17:19:16"
"9b243cf9-66b9-4a5f-ad12-c9ef1329945d","SKYWAVE_PHASE_4_5","e3477748-f7d3-4f97-ada2-b5eaa160de93","e77a5e2f-7a4a-4651-ad81-e112ac8b715e","-11.0","17:21:50"
"0baabc89-866d-418c-aa48-52173f7684bb","SKYWAVE_PHASE_4_5","7b8be9cd-76a4-4728-a894-b75b48dc5f17","2773347a-629a-4fa2-ad6c-9a69077d4662","-2.0","11:11:00"
"0baabc89-866d-418c-aa48-52173f7684bb","SKYWAVE_PHASE_4_5","12cf223b-377e-4ae1-ad11-37da4a28f54f","536f75a0-5419-45e2-a26d-4028e852f8b1","-2.0","11:11:39"
"908c0d20-66e7-4707-a33f-56984bea0a95","SKYWAVE_PHASE_4_5","a33066d3-34c1-429f-afc7-af4e328a2a19","326dcc7a-6451-4594-ad89-f87c63d0410c","-10.0","15:39:00"
"908c0d20-66e7-4707-a33f-56984bea0a95","SKYWAVE_PHASE_4_5","1eebd8ea-99f6-4517-a0a8-09e9d09195ec","b9c9714d-6a42-4e6f-a0da-c8a6a996958b","-10.0","15:41:47"
"f4fb973a-c8bb-432b-a054-95cb7774531d","SKYWAVE_PHASE_4_5","c0086876-ae36-4788-a6ec-2673dbdbcd44","766f0fa9-7948-4086-aa66-9622b88b2aea","-11.0","16:17:00"
"f4fb973a-c8bb-432b-a054-95cb7774531d","SKYWAVE_PHASE_4_5","640a3b0b-6edf-4fe5-ac10-1efc3f7cf4d9","5f0c5f0e-c72f-4e59-aa43-5ef860cf6379","-11.0","16:19:37"
"992206ca-573d-4d49-a4f1-0dacb863750b","SKYWAVE_PHASE_4_5","782c5075-8025-482a-a8d5-af77ae7205c2","456de40b-fa0f-4560-adbd-2cf5e4390f75","-11.0","16:20:51"
"992206ca-573d-4d49-a4f1-0dacb863750b","SKYWAVE_PHASE_4_5","81338b19-a17c-4d88-a8a1-9125262794b2","77e4771e-08fb-4c63-a227-f92cc2901b2e","-11.0","16:21:45"
"8615de3b-7638-4adf-a470-d3d440af6214","SKYWAVE_PHASE_4_5","c30b620f-a732-4632-ab7d-1c39d25f9c39","828604da-73af-493e-a0af-30cc16b165aa","-5.0","11:53:00"
"8615de3b-7638-4adf-a470-d3d440af6214","SKYWAVE_PHASE_4_5","015af20e-6b27-41bc-a3a1-4b389dc18d55","8911184c-f368-4116-a997-289a58c7d50b","-5.0","11:53:56"
"1cb6739b-4354-4bcf-a565-b354a8f3ae8f","SKYWAVE_PHASE_4_5","49a385d9-25d6-4747-a69d-f4d614edf785","3f719d5d-cbad-42ed-a304-23df6d3083eb","-5.0","11:54:35"
"1cb6739b-4354-4bcf-a565-b354a8f3ae8f","SKYWAVE_PHASE_4_5","8729f717-b81e-4f4e-a6e3-a08b178a8df1","6cf83a17-b13e-430f-a589-8ff9f23313fd","-5.0","11:54:54"
"275d7367-49a8-4eeb-a114-a24f3d1c961b","SKYWAVE_PHASE_4_5","30abecd6-cdbe-4b89-a9df-359ee819a6cd","b5d519df-4a93-40fa-af3a-5098f9e3c529","-3.0","14:10:00"
"275d7367-49a8-4eeb-a114-a24f3d1c961b","SKYWAVE_PHASE_4_5","df89c90e-a687-42cc-a292-67fa9c3d7aac","ca03d4ea-ba4b-4d90-aeb2-11cb4147894f","-3.0","14:10:45"
"dceefd1d-33cd-404d-a0dd-527b7726f151","SKYWAVE_PHASE_4_5","8f0ccf2f-1f6d-4c11-a176-3e46537b2de2","5ee37c70-32c4-4ed6-a968-668e709db716","-7.0","10:51:00"
"dceefd1d-33cd-404d-a0dd-527b7726f151","SKYWAVE_PHASE_4_5","b7695392-88f5-4308-a6d9-51b8ae7658ba","4231b882-d3f6-4f25-a585-efb02d6ee5a5","-7.0","10:52:16"
"10e7ae50-bd18-4c7e-ac81-0035504cf3a7","SKYWAVE_PHASE_4_5","7bfd14fe-b0d1-4a7a-ad5f-dffbfc307fc5","55924bb0-81ef-42cb-ac4d-7d350b60e636","-7.0","10:53:01"
"10e7ae50-bd18-4c7e-ac81-0035504cf3a7","SKYWAVE_PHASE_4_5","3db6ba56-3fe0-4aa1-aea4-69a11c62a875","23c38084-8c3e-4526-a982-8c364aa2292e","-7.0","10:57:38"
"ff96d2c5-cc53-44a1-a7de-cbc1cb757f1c","SKYWAVE_PHASE_4_5","266e8e3e-6b1e-48dc-ae04-c465aba4c741","37b6336c-67a3-4b4d-ad36-431aa4968fd5","-14.0","15:48:00"
"ff96d2c5-cc53-44a1-a7de-cbc1cb757f1c","SKYWAVE_PHASE_4_5","9796d62a-6266-405b-a62a-39198b9f1028","178bd623-ae0f-4e32-af51-726d5d75a5bd","-14.0","15:52:03"
"d6b01d21-c7a8-4a63-af9c-65be5976d39c","SKYWAVE_PHASE_4_5","d77ec195-9664-49bf-a5de-ab2a3c590ab5","eb24735c-0c01-4adf-ae3b-f5f24fbd880c","-14.0","15:52:59"
"d6b01d21-c7a8-4a63-af9c-65be5976d39c","SKYWAVE_PHASE_4_5","dfc119f3-6afa-4723-a61a-4ceb30b7e86b","9341e55a-42cb-419b-a8ca-ff46d9a18d86","-14.0","15:55:49"
"960c5b3c-d46c-4ffc-a091-7bc66e74fffd","SKYWAVE_PHASE_4_5","55ac00f0-d65b-4589-a1c5-7b48a64b0d1d","a877ea11-358b-4ab1-a2c8-919ba81eaa95","-14.0","15:56:14"
"960c5b3c-d46c-4ffc-a091-7bc66e74fffd","SKYWAVE_PHASE_4_5","0d5795a2-f32d-4928-a7a2-5873e26dbc56","de90393f-c781-424a-aea5-a8161b32bcd4","-14.0","15:58:44"
"f527d298-72d3-4a41-acbf-1f75fdedf6ca","SKYWAVE_PHASE_4_5","3a6bfc6f-1eaa-44f1-af5c-6300bc0553bd","c389f8b4-65e6-47a3-abc2-79036e5788dc","-11.0","13:18:00"
"f527d298-72d3-4a41-acbf-1f75fdedf6ca","SKYWAVE_PHASE_4_5","85e8926a-94a5-46a0-a7bb-67dcd2099914","536fda92-42f7-4424-a1ef-46efb919b18b","-11.0","13:21:47"
"f32f2060-e4ac-4406-a0b8-895af0ae1b9c","SKYWAVE_PHASE_4_5","d5e1335f-eb7d-4e3a-ae39-7d37bcc39d5c","b5230c6a-c578-4720-a406-257673c09593","-14.0","17:34:00"
"f32f2060-e4ac-4406-a0b8-895af0ae1b9c","SKYWAVE_PHASE_4_5","6cf38531-bd5e-4271-a16a-7a975401a7a7","f85d04cd-f690-4c91-af55-c703642d2415","-14.0","17:34:27"
"f58d2fcd-5f71-42fd-a0fd-ae03d01e56b5","SKYWAVE_PHASE_4_5","02e24600-8f55-4827-abc0-4003e4000bec","ce2ec1eb-4560-494b-aee5-430feaa50022","-12.0","08:00:00"
"f58d2fcd-5f71-42fd-a0fd-ae03d01e56b5","SKYWAVE_PHASE_4_5","ffe98d69-d0d4-46ad-a82b-5361489cdd2f","016123bd-54f5-4fa2-a6dc-d171fdc0a5b8","-12.0","08:00:36"
"df43fdde-fdea-454e-abbf-81d20a992f53","SKYWAVE_PHASE_4_5","d99224cc-b1ad-4608-a1c1-8ce3de3cc9b4","59da3070-e1c2-47ef-aa43-c2e5862bf3a8","-12.0","08:01:19"
"df43fdde-fdea-454e-abbf-81d20a992f53","SKYWAVE_PHASE_4_5","54c7f9d1-f223-4e1a-a208-b142481ddcbd","29cb24ba-63ff-4f1a-a3ec-e48158eff8fd","-12.0","08:04:56"
"a5eeb3f0-ff94-40eb-aedd-96df4d12e491","SKYWAVE_PHASE_4_5","ba025fd4-8bf6-46b9-af8f-8d1422047dfd","9e116d95-15c0-493f-ae30-8108ef6c94dd","-10.0","19:45:00"
"a5eeb3f0-ff94-40eb-aedd-96df4d12e491","SKYWAVE_PHASE_4_5","b4af31a0-cefb-410e-a9af-8a0221b790d6","d050373a-24ca-446c-a23f-631a5235cff1","-10.0","19:45:21"
"5cf1e62e-c27d-47f3-aaf5-3fea5cda39f4","SKYWAVE_PHASE_4_5","e2f2ce86-894c-489c-af30-078accff0aed","fa25dadf-f496-4f64-afa5-ce2803b75629","-10.0","19:45:45"
"5cf1e62e-c27d-47f3-aaf5-3fea5cda39f4","SKYWAVE_PHASE_4_5","a205c808-edf0-481a-a7bf-2b734a66e5e1","6e5f43c8-bd65-4468-af32-f9af0b1be3f7","-10.0","19:48:29"
"7be259ab-c624-437f-adad-a7411066e46f","SKYWAVE_PHASE_4_5","a0c69c33-37dc-4eeb-a0fa-08e9d0c9aae5","b2c61223-27ba-4049-a734-969102551e5a","-10.0","19:49:21"
"7be259ab-c624-437f-adad-a7411066e46f","SKYWAVE_PHASE_4_5","38c7c7c9-c8a5-4a49-ad20-d1a411bec653","26e58001-6e03-4769-a2c7-b91e7d1e73b7","-10.0","19:50:09"
"7d1314ec-2d7e-498f-a104-9bb250566c69","SKYWAVE_PHASE_4_5","4c27de10-24f4-4f2c-af2d-a2a535faf827","ac241a9c-5a13-45d3-a7c7-741a3843b1c9","-9.0","16:43:00"
"7d1314ec-2d7e-498f-a104-9bb250566c69","SKYWAVE_PHASE_4_5","d4c82417-da17-4886-a4ce-6ffb8a186d67","b323c61c-c033-4a50-a11d-715af714c559","-9.0","16:43:45"
"2c4cebbc-510f-49c7-ac39-3772cde1839e","SKYWAVE_PHASE_4_5","9eca49d3-89cb-4919-a74b-d25854f9fc66","ec8844a0-c771-435e-a881-3a960c5c64a9","-4.0","13:49:00"
"2c4cebbc-510f-49c7-ac39-3772cde1839e","SKYWAVE_PHASE_4_5","9626b151-9d47-431c-a7b1-1adfb0422e07","5ce28369-3e94-4a98-afd4-ffe55e374a50","-4.0","13:53:48"
"cf0d7719-d725-4460-acdb-73784e8b1bc2","SKYWAVE_PHASE_4_5","1d8faa8c-8a37-49e5-a3da-017ad65db970","7e8e51cb-4c7f-4cb1-abdb-4c997435f2ed","-4.0","13:56:35"
"cf0d7719-d725-4460-acdb-73784e8b1bc2","SKYWAVE_PHASE_4_5","96eef86d-14fc-45de-ad46-9abc65de950c","f39acb14-3de7-4443-ae1b-e3850950b20e","-4.0","13:57:30"
"c85207d3-286a-47de-a657-02616540895c","SKYWAVE_PHASE_4_5","30eabf81-5360-4828-ac6a-3750742961f9","0468a962-d95f-44cf-a558-309e5b1758ba","-4.0","14:02:28"
"c85207d3-286a-47de-a657-02616540895c","SKYWAVE_PHASE_4_5","31c03f1d-3589-43a2-a48c-9b1c33369658","ab7521b1-8cad-4831-ac73-03a28c9f7987","-4.0","14:03:37"
"dc09bd36-ea1d-4c4a-adfc-4f118ef519ff","SKYWAVE_PHASE_4_5","6e3eb180-4be8-4c5f-a504-b1a3b2927d21","f76bbb08-d198-4044-a0f4-763af23227b4","-3.0","10:06:00"
"dc09bd36-ea1d-4c4a-adfc-4f118ef519ff","SKYWAVE_PHASE_4_5","49ea8dab-bd8e-4e50-a9c4-52e31be3de12","9626456d-6f1c-424b-a9e6-47435192a972","-3.0","10:07:04"
"d89b7a5d-5dc6-4474-abfc-6e290217a03b","SKYWAVE_PHASE_4_5","df174050-1fcf-4762-a534-f729d3744307","0c5be4ba-afe7-4a6d-a2ec-34c6a15437be","-9.0","19:38:00"
"d89b7a5d-5dc6-4474-abfc-6e290217a03b","SKYWAVE_PHASE_4_5","b849d257-6a16-4314-a487-4128b6462dbc","97d135d9-c37a-4258-a375-d80b81266376","-9.0","19:38:23"
"fe4deebe-9fae-4f03-ae9a-4a767725f9f4","SKYWAVE_PHASE_4_5","204c5932-161c-426b-a9bf-083433662e44","28b47969-1e05-45a4-a671-354e2e3540a1","-9.0","19:39:21"
"fe4deebe-9fae-4f03-ae9a-4a767725f9f4","SKYWAVE_PHASE_4_5","dcc12024-ae6e-41f8-a2be-3da6521df4ce","db45c6e3-7b12-4be7-a17e-ab631846d8ad","-9.0","19:40:38"
"60958435-7e0a-4621-a9ec-1f04a9ff75ff","SKYWAVE_PHASE_4_5","43307cd7-de1c-45a7-af6c-3dc0fd35cd52","85a8bfa4-58d9-4670-a5a6-17cbaffe1517","-14.0","17:08:00"
"60958435-7e0a-4621-a9ec-1f04a9ff75ff","SKYWAVE_PHASE_4_5","ccdbaddc-444d-4083-ad54-56806f5cb4c4","4e6d9e2d-bab4-40d7-a227-26bea6b46f31","-14.0","17:08:37"
"8e3c84a5-e515-475c-a36f-47cf5930986c","SKYWAVE_PHASE_4_5","9e1629ee-69ed-4273-a3ae-8f20c31b8172","aac4a7f2-de81-4a26-a459-91f6f7a80f80","-7.0","18:03:00"
"8e3c84a5-e515-475c-a36f-47cf5930986c","SKYWAVE_PHASE_4_5","03ec8791-faa0-4106-a777-7d2e2710f831","502fab68-2c9d-4a5f-ad08-4c69332b1493","-7.0","18:05:54"
"9d4b4aed-75bb-4d1d-a430-48e20a64fe51","SKYWAVE_PHASE_4_5","f202f9c2-2d94-4cc1-af25-9a1d78bbbfa8","af636e40-9750-48f1-afbe-6413cc1f5055","-1.0","09:51:00"
"9d4b4aed-75bb-4d1d-a430-48e20a64fe51","SKYWAVE_PHASE_4_5","e92da4ee-fcea-4ac7-aedf-1d5ce3811d9f","5b1ad27a-aeb3-451a-a611-63f934a53300","-1.0","09:54:33"
"6a7f36bf-4d8c-4d00-aa23-9ced6a2199f8","SKYWAVE_PHASE_4_5","41029869-6c2d-4858-af39-3029fab368d0","7905790a-4829-4f18-ab75-2fb5c2379233","-1.0","09:55:44"
"6a7f36bf-4d8c-4d00-aa23-9ced6a2199f8","SKYWAVE_PHASE_4_5","d55136f4-e658-4f87-afde-8be63720874d","5aa806c7-feb9-4b28-aa94-549fbce03b6a","-1.0","09:56:51"
"c312d34a-4e79-4617-a259-9680c377038e","SKYWAVE_PHASE_4_5","90221617-0d92-4462-a62c-bcfe17d5d741","12f90a5c-d6f4-4dd2-aa70-53a156247b8a","-13.0","15:28:00"
"c312d34a-4e79-4617-a259-9680c377038e","SKYWAVE_PHASE_4_5","279989e7-12f9-4b79-ab99-bb5d448ab4e1","f4ba525a-6fbe-4b32-abbf-74c81b086cea","-13.0","15:32:04"
"0e99ac67-abff-417f-a9e3-43d6b64065a0","SKYWAVE_PHASE_4_5","604b2e3a-66c7-4892-ae13-2f5e1721c2d5","ee2c421a-1a10-4f91-a953-50f131cec04c","-13.0","15:36:36"
"0e99ac67-abff-417f-a9e3-43d6b64065a0","SKYWAVE_PHASE_4_5","0c2d28ec-b710-4771-a822-6cdaef9d9549","4459f6a8-8164-44eb-ac9e-9cb2f76caee1","-13.0","15:37:54"
"07e375ad-a951-435f-adaf-e1f9300b24f8","SKYWAVE_PHASE_4_5","ea0ed891-bfae-499d-a36f-887593ca2f56","5de0384b-3a1b-47e4-a990-459cbba6c2f8","-13.0","15:38:15"
"07e375ad-a951-435f-adaf-e1f9300b24f8","SKYWAVE_PHASE_4_5","51b29df4-2e8c-4353-a6f4-aa135901025b","56853552-a12f-4e3a-aa76-10d0b8f10a8e","-13.0","15:38:56"
"66e6d0a6-1373-473d-a27e-9795a7aac438","SKYWAVE_PHASE_4_5","29193642-2461-4708-af7c-6c297224160c","cef64d62-2eef-44ad-afb1-0dfe326845a9","-4.0","19:59:00"
"66e6d0a6-1373-473d-a27e-9795a7aac438","SKYWAVE_PHASE_4_5","f19ae84e-e56b-4152-ad7e-650ce61f41ba","66888928-4e5c-4d48-a5c4-8240e672f4bf","-4.0","20:03:44"
"daec4e62-6b98-4b5b-a782-a197fa6923e4","SKYWAVE_PHASE_4_5","ac0502b8-ffe9-4b98-a444-ff21e22d8de4","25b0a73c-d1f0-4f18-adbf-386734694fdd","-14.0","17:21:00"
"daec4e62-6b98-4b5b-a782-a197fa6923e4","SKYWAVE_PHASE_4_5","ee6049c4-b69b-42ba-aefc-20fb3c41238e","d766225c-9da9-48aa-aa32-fc005440c3c6","-14.0","17:22:07"
"97c7e48d-19af-4973-a211-20d5804d3f96","SKYWAVE_PHASE_4_5","926ae7d4-033b-42af-a4de-9ee515ed80ef","a84538dc-3d43-47c5-ac9b-04f6a86c2959","-11.0","18:59:00"
"97c7e48d-19af-4973-a211-20d5804d3f96","SKYWAVE_PHASE_4_5","c9931e97-1078-412d-a5c7-66bc3e1f23b8","b4489010-30d8-41b5-a609-a925144e6bf2","-11.0","18:59:44"
"f7bfd31a-4b8b-4e27-a340-d985ae60b60e","SKYWAVE_PHASE_4_5","d20e2c1a-51e6-4d09-a31f-67ebdfca8f74","a9249c5f-8ce3-4b6f-a6ad-7dc0765ef0f9","-7.0","14:35:00"
"f7bfd31a-4b8b-4e27-a340-d985ae60b60e","SKYWAVE_PHASE_4_5","c7deea4c-0309-4285-abdc-a5b29fddbd89","48892322-1c15-48d5-aa47-531a4b538371","-7.0","14:35:56"
"9e7cf661-4ac9-45d8-aaf6-eeef731b11cf","SKYWAVE_PHASE_4_5","7a44b72c-30a1-48e7-a291-fca59c630858","fe0fce2a-d0f8-481d-a91b-58e728d3440b","-6.0","14:52:00"
"9e7cf661-4ac9-45d8-aaf6-eeef731b11cf","SKYWAVE_PHASE_4_5","23819ff6-58e1-4aa7-a648-5a3bd8f910a5","4ea79d5e-74bd-4a4d-ade2-854c9048e04f","-6.0","14:55:54"
"313765f8-a24b-49c8-a451-e2fc4a5b6669","SKYWAVE_PHASE_4_5","c18d407b-7ed3-4f42-ac45-a9caee3942ec","c7055b55-7c67-4275-a6d6-4425e05ef02f","-13.0","08:00:00"
"313765f8-a24b-49c8-a451-e2fc4a5b6669","SKYWAVE_PHASE_4_5","37df0203-e797-4eae-a69f-fd84eb11d26a","e71dc9ea-6d8b-4984-af6e-cf6e2f2d1d75","-13.0","08:01:12"
"e60bbea6-0588-44a4-a5d7-21e7e8ec72fe","SKYWAVE_PHASE_4_5","2195b0b0-fda2-45cb-a7d2-7fc4da344428","61b37944-ff65-4250-ab50-07bd2be075d6","-13.0","08:01:50"
"e60bbea6-0588-44a4-a5d7-21e7e8ec72fe","SKYWAVE_PHASE_4_5","dbe4f034-c323-46c1-a81b-d0259bab6a4b","2339379f-cf8b-4858-a7eb-ed36e87c7767","-13.0","08:06:47"
"bab4c9ff-ecac-465f-ab88-43e2d7ed8474","SKYWAVE_PHASE_4_5","b659e906-b3a1-408e-a351-fc295c6dc338","d211604c-34fa-4a7c-a6b3-4fb75e7a2809","-14.0","13:45:00"
"bab4c9ff-ecac-465f-ab88-43e2d7ed8474","SKYWAVE_PHASE_4_5","3adcf33d-e026-4c08-a254-9f0b192eb517","302e7e89-3f36-4d00-a687-29c40f52be59","-14.0","13:45:22"
"90eea9f9-f907-4356-ade4-2f6c3f3b7070","SKYWAVE_PHASE_4_5","218f57f3-f3a9-47f2-a7f4-3acab2fc5881","928e653b-a0d2-44fb-a467-81375ce900cc","-14.0","13:47:38"
"90eea9f9-f907-4356-ade4-2f6c3f3b7070","SKYWAVE_PHASE_4_5","ab5baf6c-88b6-4f5d-a93c-6e653dbffa1b","4e8a51b5-4546-411d-a20f-f10014f5cf15","-14.0","13:48:35"
"1fd42057-805f-475b-ac3b-2934a7a7b7a0","SKYWAVE_PHASE_4_5","df2eb820-c0fa-44a7-a8e4-37c3f9d21d4a","263280b8-4ebd-4434-a4b6-1695ff8fc520","-1.0","17:55:00"
"1fd42057-805f-475b-ac3b-2934a7a7b7a0","SKYWAVE_PHASE_4_5","5f8df38a-0dce-4039-a69c-10a441e0f849","74538f66-b56d-4f04-accc-e024e3950492","-1.0","17:56:10"
"8d0c290d-1481-49ca-aec8-7f73982cfbda","SKYWAVE_PHASE_4_5","b8deaeab-f4c6-4a4c-a858-a63452a8250c","64642a69-8b79-4a48-a197-3ffb36ecb5bb","-8.0","08:52:00"
"8d0c290d-1481-49ca-aec8-7f73982cfbda","SKYWAVE_PHASE_4_5","1ae5c190-b9dc-42e6-a197-529170dbb4b3","9bb8bb7a-f635-4550-a1b7-561ddb4ad8de","-8.0","08:52:31"
"04bb84d0-1d33-4109-aacd-76a8cf11b1f2","SKYWAVE_PHASE_4_5","71003049-ab82-4672-a897-6446e79c09fe","a0c0ddb0-c9e6-4a32-ad25-93361c89ee0d","-8.0","08:55:51"
"04bb84d0-1d33-4109-aacd-76a8cf11b1f2","SKYWAVE_PHASE_4_5","00b5841d-6e58-4f2a-a319-ecea33586f0d","efdc4e3a-4cc4-4e55-a0d6-ed3bbf343dab","-8.0","08:56:41"
"b8f664dc-5d8d-4f37-a61a-ab2ca3e9fa86","SKYWAVE_PHASE_4_5","42a991d6-da81-4341-a0bf-3132b34f7f58","447dadee-40a5-4932-ad3a-9c49751b83f9","-4.0","12:04:00"
"b8f664dc-5d8d-4f37-a61a-ab2ca3e9fa86","SKYWAVE_PHASE_4_5","7a5ad213-37a6-4923-ae27-f2e676f886b6","6a0b8f3b-bd1e-4250-a173-2a5aaeec5bd1","-4.0","12:04:18"
"315f6cec-307a-4846-a24c-adfeed2de6d9","SKYWAVE_PHASE_4_5","c9a8797b-2d28-4448-ad95-b75d96e19696","f3546f1a-d395-42ea-a3e9-c7b7bd984b39","-4.0","12:05:29"
"315f6cec-307a-4846-a24c-adfeed2de6d9","SKYWAVE_PHASE_4_5","128f315b-ec15-49a5-aa3d-be7df6afe352","f4f7d75b-6f68-4b8c-a937-8aab53bc2090","-4.0","12:05:57"
"f0661c13-8359-498d-a65d-129d6917b2a5","SKYWAVE_PHASE_4_5","b76c233e-5237-408a-a518-0994789f84ca","cc3e320a-f7b2-41a3-aa00-7e86fb9778a9","-4.0","12:06:47"
"f0661c13-8359-498d-a65d-129d6917b2a5","SKYWAVE_PHASE_4_5","b5afdfcc-927d-4a92-ab83-c3369997062a","03462722-2bfa-47e9-a97f-1d3663e7ac1c","-4.0","12:09:40"
"86e17551-3dcd-4188-af1f-8b01250f93ac","SKYWAVE_PHASE_4_5","0cc874f4-e8d4-4083-a352-a41a3617cb8c","22f5b403-1e5e-4591-a12a-f71f9e385974","-5.0","15:26:00"
"86e17551-3dcd-4188-af1f-8b01250f93ac","SKYWAVE_PHASE_4_5","722be465-00ab-4c03-a24b-eb15cb3b4b67","56e4c6c8-066a-4c9b-a594-39491201e5c0","-5.0","15:30:41"
"10d953e2-8e4a-4ddf-a41d-64324fd3af09","SKYWAVE_PHASE_4_5","54897279-3594-4dde-ad94-26e8d60c3827","f6ee7a8b-74dc-4084-a414-6a54c5363643","-13.0","18:25:00"
"10d953e2-8e4a-4ddf-a41d-64324fd3af09","SKYWAVE_PHASE_4_5","5750352e-a10b-4da8-a33d-22d09de51d51","87bb66a5-1817-4d64-aa0c-6a304062aeee","-13.0","18:26:06"
"8e383de6-7013-453d-a7aa-72bfcf3dbeed","SKYWAVE_PHASE_4_5","480d35d8-274f-4e9e-a109-4e514ae9ff2e","daa53e62-68e4-4afd-a365-f2ca11316484","-13.0","18:29:32"
"8e383de6-7013-453d-a7aa-72bfcf3dbeed","SKYWAVE_PHASE_4_5","cdca999e-3871-42a5-a833-04a047c35471","2d70a5cf-b3d2-4417-a0bc-816c0eef1898","-13.0","18:30:07"
"a1466e85-3440-4738-a27b-fa8a51a6c911","SKYWAVE_PHASE_4_5","a09e5002-ee65-41bd-aba1-fc708fcee014","54b6f630-a3f7-4021-afe4-3a130e640a09","-5.0","10:44:00"
"a1466e85-3440-4738-a27b-fa8a51a6c911","SKYWAVE_PHASE_4_5","1801c17f-a5f2-41b2-a3dd-cae2cfdb550d","d369a1fe-4342-4d20-a40f-56fbe839328d","-5.0","10:46:18"
"01e2f8a9-8983-47a7-ac57-624687e64f57","SKYWAVE_PHASE_4_5","110196bd-aa2f-4d5c-ac43-ba3f35b3dad5","77b4a9bf-5e6d-40b5-a917-58636cd03ce2","-7.0","17:08:00"
"01e2f8a9-8983-47a7-ac57-624687e64f57","SKYWAVE_PHASE_4_5","b0d7a4a2-56a6-4ab7-a3e5-743064b8c2e2","e9695b3e-5bf4-4639-aabb-30d1770cd9ec","-7.0","17:09:16"
"c2f049f9-cdd9-4850-ae2c-e49c42f59496","SKYWAVE_PHASE_4_5","6be36ca0-c33d-4e9c-ad43-7c5072df7d79","a48ff8c6-634f-4718-a599-8e73a6edfc01","-6.0","08:35:00"
"c2f049f9-cdd9-4850-ae2c-e49c42f59496","SKYWAVE_PHASE_4_5","bcc51e8c-0a95-4057-a49b-4d32ee372c8f","50b65a75-e176-44f0-aa39-f276ab692071","-6.0","08:35:39"
"b491cd2f-c2c1-4de1-a943-75c7aebe876d","SKYWAVE_PHASE_4_5","633aaf27-67e3-4cb7-a1c2-3bd67170584e","ffb80c6b-84f9-4b93-aae5-1bbdcef0340a","-14.0","12:04:00"
"b491cd2f-c2c1-4de1-a943-75c7aebe876d","SKYWAVE_PHASE_4_5","f94d5420-4d53-4e1e-adef-7f31a5aa4616","67e26eeb-16d3-49de-a5ee-01fe05438a31","-14.0","12:04:59"
"28d9edcc-4e05-4b27-aade-76d0f0b0c61a","SKYWAVE_PHASE_4_5","300ba492-d5c8-4988-a557-ced9e5a28352","da6b7d88-3524-4dc3-a785-0f8b37d5d590","-3.0","15:37:00"
"28d9edcc-4e05-4b27-aade-76d0f0b0c61a","SKYWAVE_PHASE_4_5","beacd24f-a424-4d6e-a615-dc328e0079d4","2f13b465-3974-4969-adfd-297922b36d7b","-3.0","15:41:46"
"cedc797b-587d-40bc-a1bb-14cd98f66546","SKYWAVE_PHASE_4_5","1c64a5fa-8a7a-4141-a9d6-66607468c373","3dd6a568-c218-4616-a879-9cb72201a518","-6.0","16:26:00"
"cedc797b-587d-40bc-a1bb-14cd98f66546","SKYWAVE_PHASE_4_5","f6d9c097-5959-4c2c-a4a1-75f708cec3fc","124161d1-1324-4cd9-a15b-bfce37fad302","-6.0","16:26:44"
"7625edaa-8845-4983-a902-d625652563fe","SKYWAVE_PHASE_4_5","400cb0fb-c963-4b41-a42d-026c96792049","cf65de5b-4160-49ed-a24e-be10dc087e14","-6.0","16:29:25"
"7625edaa-8845-4983-a902-d625652563fe","SKYWAVE_PHASE_4_5","407a7a9c-0313-4451-a33c-6a82f554e679","4c2a500c-536f-4a04-ac9c-f110c0be45a5","-6.0","16:30:31"
"ba2a4980-056e-4700-a84d-b785767b02dc","SKYWAVE_PHASE_4_5","2a56342b-d680-4541-a129-bdd5420b21f3","cf290eeb-3b2f-4ad5-a836-5ced90333595","-14.0","18:00:00"
"ba2a4980-056e-4700-a84d-b785767b02dc","SKYWAVE_PHASE_4_5","85649435-2dcd-4db8-a192-c0760bfca757","2b703ab5-8f45-48f9-ada6-66b63497adec","-14.0","18:00:58"
"3f2f66c7-2d1b-4a9c-a08d-a4e71f68910c","SKYWAVE_PHASE_4_5","95884a30-d1f9-4338-ad22-006903025000","29cccf83-55d9-4cc5-a93c-0ff2d5440c32","-2.0","17:54:00"
"3f2f66c7-2d1b-4a9c-a08d-a4e71f68910c","SKYWAVE_PHASE_4_5","cd0d055d-0785-414e-aa18-e2ff29a946b3","b69eeb72-81d3-44c6-ae20-534a40f61ffd","-2.0","17:56:30"
"6896c024-b6c6-45ba-a576-6e8bc1c61b5e","SKYWAVE_PHASE_4_5","c19d6413-af79-4caa-ac43-c2fe1a5426c3","6640666d-f929-4eff-abc2-bfda094ccdf0","-2.0","10:59:00"
"6896c024-b6c6-45ba-a576-6e8bc1c61b5e","SKYWAVE_PHASE_4_5","b03c0161-af21-41cb-a571-dfcb1f524b82","964b7cf2-28eb-4189-a1c9-1002f4088372","-2.0","11:00:10"
"f9802691-a225-46fe-a83f-37b74c74c5a3","SKYWAVE_PHASE_4_5","70024da3-1af4-4226-aa7f-d91c20680d19","b6ac7535-8af5-44d3-a059-33fce46b751d","-3.0","08:07:00"
"f9802691-a225-46fe-a83f-37b74c74c5a3","SKYWAVE_PHASE_4_5","69a228af-2b67-49bc-a448-4c99a825f4ab","5069bc49-4626-4a8f-a093-baf60b1fe0ba","-3.0","08:07:51"
"dc1aef52-bfcd-47f0-ad6e-51e3fe15dbe6","SKYWAVE_PHASE_4_5","c30d657b-2e15-4a3c-a472-d4dc557387b8","48a6afb2-def8-4ba4-afa0-509fb8882afd","-3.0","08:12:40"
"dc1aef52-bfcd-47f0-ad6e-51e3fe15dbe6","SKYWAVE_PHASE_4_5","64fd2099-9eb9-4052-ac55-1ef2803e2e6c","7842374d-7c2a-4150-ab23-c07e10a2c0af","-3.0","08:13:30"
"59ba22c7-582a-46f9-a686-64e8fcac5949","SKYWAVE_PHASE_4_5","674efff3-ef7d-4639-ad5a-335c74fcc8a9","081154bd-c478-4cee-abc1-22c1ee052380","-1.0","19:52:00"
"59ba22c7-582a-46f9-a686-64e8fcac5949","SKYWAVE_PHASE_4_5","cfcbef2a-b6e1-444b-af94-f56b9055a747","1fff6793-297c-4aac-a371-97008fdb1a00","-1.0","19:53:13"
"db5322dd-7bd3-40b9-a1a0-6bad228e4d12","SKYWAVE_PHASE_4_5","d76522a8-bc44-4fcb-acdc-a2974730bf1d","4e1f5d31-d50f-4d86-a033-30dda3681742","-9.0","18:49:00"
"db5322dd-7bd3-40b9-a1a0-6bad228e4d12","SKYWAVE_PHASE_4_5","70cf5b23-1d09-4177-a8b9-b632f7b5f6f4","6ded1553-b9d1-4f06-a2c6-1e972b152772","-9.0","18:49:59"
"700e4245-0174-4c3b-af3d-81ad56ff2257","SKYWAVE_PHASE_4_5","40ac2957-7c4e-4ea6-a067-815e5ce424fc","d860a7ed-b749-408c-a767-9f39e5278722","-9.0","18:52:50"
"700e4245-0174-4c3b-af3d-81ad56ff2257","SKYWAVE_PHASE_4_5","089e3728-6b8a-4435-a1ff-870ffffacb71","0f8e5cf0-fefa-430d-a8f9-c3b1f7fd6769","-9.0","18:53:24"
"60fbfd6a-eb14-4616-aaf7-346e04ba0f1e","SKYWAVE_PHASE_4_5","228099e4-e858-4e33-a6f1-d3de81a3066f","90828dae-46c6-4b63-a2af-832d51c799e1","-12.0","14:59:00"
"60fbfd6a-eb14-4616-aaf7-346e04ba0f1e","SKYWAVE_PHASE_4_5","da381a29-5dae-4fe3-a4f2-9e34720895b8","8b3bca48-7009-45d0-ad38-9d656f3c67cb","-12.0","14:59:42"
"013a9ee2-e0a6-4a58-ae30-72dbfd6c093a","SKYWAVE_PHASE_4_5","128cec47-e1b9-4cdb-ae42-7f0ad3962861","a2272799-b2f6-4547-a3e8-32590d14f2f2","-12.0","15:04:27"
"013a9ee2-e0a6-4a58-ae30-72dbfd6c093a","SKYWAVE_PHASE_4_5","da3faf82-fb8e-4f45-a2e0-3c9e2e25f9df","198a42cc-d2f5-4e52-a89c-7938ed33a61f","-12.0","15:04:59"
"8a98cec3-e056-4471-a8d0-3f76af233e8b","SKYWAVE_PHASE_4_5","2afef766-b95a-4b1e-ac6a-cdec87bfb672","ae720d29-a9c7-4d45-a0e5-c7277ce4b414","-8.0","12:26:00"
"8a98cec3-e056-4471-a8d0-3f76af233e8b","SKYWAVE_PHASE_4_5","72458ff5-199d-4839-a05c-97c4715d857c","b55fb440-a0b8-4227-af04-35bd2c013bf1","-8.0","12:28:10"
"87a1f3d3-5f76-4201-a642-63ad8ba952e8","SKYWAVE_PHASE_4_5","45755880-ba37-45cd-a47b-17eb9bdafd00","aaecacd3-80c2-4016-a256-ae9ad5a19024","-12.0","08:44:00"
"87a1f3d3-5f76-4201-a642-63ad8ba952e8","SKYWAVE_PHASE_4_5","beca70ae-06bc-46d8-a861-bd2ab02ece12","a2ed122f-31a3-4ad1-ab27-b04e0a0f4de8","-12.0","08:44:36"
"266b0c00-dc5b-4385-a42f-b6fba431e3ed","SKYWAVE_PHASE_4_5","6bd6bd02-c8fc-4e2b-a1c7-afa61c83151e","bad6afb0-aba2-4836-a829-415647b34cd8","-12.0","08:45:16"
"266b0c00-dc5b-4385-a42f-b6fba431e3ed","SKYWAVE_PHASE_4_5","0905b37b-de3f-4a55-abef-74a79ba3fbaf","95ee7945-18c5-421f-aa04-01664cc64031","-12.0","08:45:41"
"6be52f3a-6b46-4dd9-af0d-9471b2d12f26","SKYWAVE_PHASE_4_5","62c4b649-725a-4c76-a4a6-62079a6f4b36","0f0ae90e-d4bd-448b-ab58-3ca7381e81d8","-2.0","18:41:00"
"6be52f3a-6b46-4dd9-af0d-9471b2d12f26","SKYWAVE_PHASE_4_5","5f89531b-32bb-46f9-a734-c973383b096d","a925ae75-3b51-48db-abc1-223637d4967f","-2.0","18:43:13"
"97c508c0-491c-4bfd-a50f-ea3d4401394f","SKYWAVE_PHASE_4_5","04b8aec1-faa9-43fd-a635-9955ed30a0dd","9aec0824-2961-4ab3-adc5-e1b278528e75","-2.0","18:44:22"
"97c508c0-491c-4bfd-a50f-ea3d4401394f","SKYWAVE_PHASE_4_5","7f165487-2940-4634-a335-7b32dea3f2fe","c724328d-0fa9-4891-a798-9e5936b5cd86","-2.0","18:45:34"
"a5f204bf-b23a-4e24-ad52-0cbd0dfdae5a","SKYWAVE_PHASE_4_5","f4e162f4-07f4-46a8-aa77-29f13665c1be","26759b22-f1b7-4d0c-a341-61236f862bd3","-8.0","18:07:00"
"a5f204bf-b23a-4e24-ad52-0cbd0dfdae5a","SKYWAVE_PHASE_4_5","b9302dff-c863-4587-a704-8b67c193fcda","96cdd865-28b0-486f-a3c1-6909dad98b77","-8.0","18:09:51"
"9b086d4b-11da-4faa-a8f6-3faf863889f3","SKYWAVE_PHASE_4_5","f5be05bc-cea8-4e75-a3ea-800c86cee0d2","d98c1f30-3316-4a05-a513-fa5aa9023211","-11.0","15:15:00"
"9b086d4b-11da-4faa-a8f6-3faf863889f3","SKYWAVE_PHASE_4_5","7b1f5a36-ff39-4c56-a257-e324b01c0c99","0fe00eef-1dcc-4fae-a495-9c0c056bdb08","-11.0","15:17:37"
"aab4d39d-320e-4dd8-a7db-50c6792dc857","SKYWAVE_PHASE_4_5","183edeed-1605-4d28-ab76-2acbb6e8eeb5","be13aaab-dcdc-4dc2-a773-adaa3c4902bd","-10.0","18:49:00"
"aab4d39d-320e-4dd8-a7db-50c6792dc857","SKYWAVE_PHASE_4_5","44dacd9e-edcf-45ed-a3a5-010ba7edecd2","595a2bac-67c1-4694-aab1-c1dd29219958","-10.0","18:49:57"
"ad9569b2-6092-4802-a51a-9088b0d909b2","SKYWAVE_PHASE_4_5","8f612c9a-a0a1-4e56-ab8b-71ccb4cf39d3","2f2c4552-da63-40d3-aa21-424627a15400","-4.0","11:56:00"
"ad9569b2-6092-4802-a51a-9088b0d909b2","SKYWAVE_PHASE_4_5","04577353-6173-4bfd-a6c4-9fa95b9fba55","2d4b7ca0-957b-46b6-ae3b-55461ba25dff","-4.0","11:57:17"
"c48311f9-cad3-4f86-acda-dd138b10aa20","SKYWAVE_PHASE_4_5","9ba33243-11fd-4e68-acd1-316e2add437e","781f764d-ca53-4b5a-a78f-e4588282134e","-9.0","09:20:00"
"c48311f9-cad3-4f86-acda-dd138b10aa20","SKYWAVE_PHASE_4_5","68932580-8c54-4022-ac50-3b6958d36300","c6382107-9ec6-49e8-a25e-895fe44eef17","-9.0","09:20:35"
"39d8eec9-d006-4a89-a06b-5640175bb85d","SKYWAVE_PHASE_4_5","a742f6f7-9d2b-4eee-a938-fe5e43885f9b","0185a33f-3a24-454f-af17-4e4738aa3382","-9.0","10:43:00"
"39d8eec9-d006-4a89-a06b-5640175bb85d","SKYWAVE_PHASE_4_5","6a4b3859-6490-4637-a259-1779f9b88e1a","a67b0341-4396-49f4-ae98-48dd93feb34a","-9.0","10:44:13"
"2ebfc18d-eb1b-4699-aaca-55ab27d311eb","SKYWAVE_PHASE_4_5","7023ebe4-f104-4509-a416-3889963fb5b5","7c131acf-1325-46a9-a1c8-3a0683513f3f","-9.0","10:45:21"
"2ebfc18d-eb1b-4699-aaca-55ab27d311eb","SKYWAVE_PHASE_4_5","96fdeb5f-0378-4a51-a7d6-419a156c9118","9abade4d-a4cf-422f-a8b4-45d5e3ea99d2","-9.0","10:47:19"
"8ec5b58f-d00e-4346-a026-7866c6c9c8f7","SKYWAVE_PHASE_4_5","5134bf34-443f-4b06-a439-e495fcdf8c9a","7f13ab5d-3385-4a47-a7b8-a12524f12c8b","-8.0","11:21:00"
"8ec5b58f-d00e-4346-a026-7866c6c9c8f7","SKYWAVE_PHASE_4_5","a2050adf-95f3-414d-a116-26176f1719bf","9651dad3-2b10-483c-a190-a617340ad382","-8.0","11:22:01"
"5111c0c7-2d29-45df-a473-cdf65c29ffdb","SKYWAVE_PHASE_4_5","0ab9f7c2-7df6-4c26-a824-37e815d840c4","86c843db-6bf2-4bda-abb7-49c2bb5efe85","-10.0","09:20:00"
"5111c0c7-2d29-45df-a473-cdf65c29ffdb","SKYWAVE_PHASE_4_5","d869aaaf-0dd8-484c-a6d5-25ca59fd8a0d","45aae516-f21a-4393-adaf-74d949ade225","-10.0","09:20:57"
"01e529cc-a269-4e6f-adc1-4ffb9fc6ab09","SKYWAVE_PHASE_4_5","a6fb25d7-3114-469b-a8b5-738f529965b3","a52516c2-0dca-4e6c-ac4e-2e987912fccb","-10.0","09:21:53"
"01e529cc-a269-4e6f-adc1-4ffb9fc6ab09","SKYWAVE_PHASE_4_5","7f244e98-6784-4248-a5d4-ae3d3c3fa1ba","87c752e0-d40d-45e0-a650-f2b66d781381","-10.0","09:25:15"
"429dc372-c500-440d-aab7-4078620d50a6","SKYWAVE_PHASE_4_5","7a41edc4-4d9f-4b5d-a61e-57dec12bfc8e","ff62ffab-92e7-4ac0-a806-7a09bc1e0ecd","-11.0","09:56:00"
"429dc372-c500-440d-aab7-4078620d50a6","SKYWAVE_PHASE_4_5","c370fe7a-c8c2-4dc0-ad2f-43f19e5a327e","0de983bd-9f15-4e85-a6ad-edbaa621dc3d","-11.0","09:57:07"
"37329a83-16de-47a8-a153-4882feceeab1","SKYWAVE_PHASE_4_5","f62c29f9-bafc-4470-a4b3-26e22985d9af","366031e2-e8ff-4e96-aa0b-d770fb7e32ad","-1.0","09:19:00"
"37329a83-16de-47a8-a153-4882feceeab1","SKYWAVE_PHASE_4_5","4bfdb07e-e6d5-421a-a44a-8bcb8c5ca8ad","db15798a-b39d-43bb-ac3b-17e9d6c4a23f","-1.0","09:21:02"
"abcf1ff3-31ef-4c2e-a5b5-cb473f99461a","SKYWAVE_PHASE_4_5","e0d8d53f-3442-40c3-a1c4-2a33d8b3b631","9eba77b1-0c1c-4d03-ad85-650b230632e2","-1.0","09:21:53"
"abcf1ff3-31ef-4c2e-a5b5-cb473f99461a","SKYWAVE_PHASE_4_5","f1736b8b-717a-48b1-a34b-f28c42d80090","60b6d920-c379-4f85-abdc-36c0a3a2975a","-1.0","09:22:33"
"d2da083b-513f-4815-a406-fbf130056e00","SKYWAVE_PHASE_4_5","61d31da1-dc1e-4074-a5a8-f1da634f5f04","7b738341-156c-4a72-a4cf-8dbb08c19ed2","-1.0","19:04:00"
"d2da083b-513f-4815-a406-fbf130056e00","SKYWAVE_PHASE_4_5","1820940b-88cd-4d09-a30a-47e28a79cafe","e4c07844-aa45-4915-aa34-238ce234e13e","-1.0","19:04:46"
"884414ae-4ea3-4393-affc-24f812b6ff14","SKYWAVE_PHASE_4_5","f8cedec5-a506-4ae2-a9ad-c9102c8b9b8a","b39d8e00-e3f4-4288-a3ad-851623fa0fed","-12.0","18:25:00"
"884414ae-4ea3-4393-affc-24f812b6ff14","SKYWAVE_PHASE_4_5","35e7f492-fe32-4606-a714-bf7971ebd497","1f944fc5-b7d2-41b7-a345-2558220c97a8","-12.0","18:27:55"
"4d4b79ab-2797-47d7-af97-4be0b9045abb","SKYWAVE_PHASE_4_5","4e63e9e3-8a23-4bc1-ad3a-36d485215f0a","080c2bb6-cf1b-4200-a75e-e1bd238dced3","-6.0","08:55:00"
"4d4b79ab-2797-47d7-af97-4be0b9045abb","SKYWAVE_PHASE_4_5","d7647d79-d927-41fb-ab4a-619c8a5bb98d","753853b7-f73b-430b-abc3-004d6806c10f","-6.0","08:55:43"
"c09f2882-8cf0-495d-afb3-f062cd9f6623","SKYWAVE_PHASE_4_5","9453fd9a-03fa-4d13-a753-2ecfb5a49d35","6f92af4a-4322-4b15-ab66-679336374d4d","-6.0","08:56:43"
"c09f2882-8cf0-495d-afb3-f062cd9f6623","SKYWAVE_PHASE_4_5","df315d53-ff9d-4c0c-a71b-7dfc9e47ab5a","896031bd-01a4-4c85-a574-6229d18d46da","-6.0","08:57:22"
"90d3d77b-7a8c-49ba-a35c-fcc2e8ff3b33","SKYWAVE_PHASE_4_5","4cfa03cd-76bb-4b3b-a11f-144b815e91b1","2ebb1767-3467-4caa-aec7-5000b52ef533","-7.0","10:36:00"
"90d3d77b-7a8c-49ba-a35c-fcc2e8ff3b33","SKYWAVE_PHASE_4_5","89a91211-dff3-41a7-a238-750875152869","42daa636-6ef9-4dd0-adb9-275479a66e63","-7.0","10:40:25"
"ea06fdc6-1102-4193-a605-886a0c2fddbd","SKYWAVE_PHASE_4_5","ae1bcfe1-3e4a-459a-a6f3-45b314dd581f","41e3122b-69d8-4ab8-aa24-92a96f49a9db","-7.0","10:41:02"
"ea06fdc6-1102-4193-a605-886a0c2fddbd","SKYWAVE_PHASE_4_5","3f3e5d6f-7fb2-48e0-a2c2-c28ff6462c54","9c0a92e2-7bd6-400f-ad9a-9a997d917a05","-7.0","10:42:13"
"1792154a-4d57-4aed-a046-aa2e0eac8aa8","SKYWAVE_PHASE_4_5","76e54a1d-2a06-4bb3-a99d-468f9611f9b9","31c256c4-942f-4579-aec1-fae3d9ccb4d9","-8.0","16:09:00"
"1792154a-4d57-4aed-a046-aa2e0eac8aa8","SKYWAVE_PHASE_4_5","aceed597-747f-4024-a782-960f529467a3","06a58202-dcf3-4084-a545-5e0714691ce0","-8.0","16:09:37"
"9966b775-6b6b-4f31-adec-7e581426af94","SKYWAVE_PHASE_4_5","ebbb2906-5a22-46e0-aadf-61d583514e90","8bbe9b8a-b171-4ffa-a725-df7d66098bf8","-8.0","16:14:25"
"9966b775-6b6b-4f31-adec-7e581426af94","SKYWAVE_PHASE_4_5","b24bd5ee-f445-40b0-a795-7932cddb75c1","13fbb254-a7d5-48c8-a513-571f38f822d7","-8.0","16:16:00"
"1f2cad00-a9b4-4bce-acf9-498e0c13996d","SKYWAVE_PHASE_4_5","15c31a39-0a5e-4b63-aff3-4f4b74c387ae","165231d9-d09f-4eb5-a30d-ba4a21a3f9cb","-6.0","19:31:00"
"1f2cad00-a9b4-4bce-acf9-498e0c13996d","SKYWAVE_PHASE_4_5","2ee8f3c4-f8cf-403a-a317-8d98cb5f2dc5","32dfd454-8c34-48a2-a6a9-c3c62902aca5","-6.0","19:35:08"
"cffc8ea0-20d9-4408-a372-b01826bedf95","SKYWAVE_PHASE_4_5","4b1bdda3-d7fa-4b5f-aad8-8cc3e7d42560","e9f0318f-3f49-41a8-a0b3-99d5b1f89ee0","-9.0","15:50:00"
"cffc8ea0-20d9-4408-a372-b01826bedf95","SKYWAVE_PHASE_4_5","42609dde-3f07-4d84-a38a-547e13bec8c6","7d2ccccc-6a88-4e7e-a3db-f1d89b942946","-9.0","15:53:38"
"7675c562-9736-4c1b-a0cb-f1330328b9ce","SKYWAVE_PHASE_4_5","e40c063b-3d65-4453-a884-f6d7ba243ab3","ee0bd900-057f-4635-afe2-5d38f5e6a6ac","-8.0","11:18:00"
"7675c562-9736-4c1b-a0cb-f1330328b9ce","SKYWAVE_PHASE_4_5","a8866a58-3544-4331-a497-2791d75fe2ed","42242fe2-9077-49e7-a4f6-654e5acd83b2","-8.0","11:19:34"
"48ccbbf2-26e6-44e2-ad40-58462fa77643","SKYWAVE_PHASE_4_5","9997a891-946b-4bf7-adf6-1dcfcf6df0ad","c65a081b-58c0-466a-adea-3391c843defe","-8.0","11:21:19"
"48ccbbf2-26e6-44e2-ad40-58462fa77643","SKYWAVE_PHASE_4_5","6c33a1e0-2a3f-4681-a995-84212c1d81a0","7aa94132-1b35-4541-af0f-24a42354f121","-8.0","11:22:31"
"aca5f855-ed12-482e-ae76-b328d3e9c0e7","SKYWAVE_PHASE_4_5","20151a8d-a24f-4163-a97d-5bf092dd7278","b6f0f82b-701b-40f1-afb2-60f40ac2cbdb","-8.0","11:24:39"
"aca5f855-ed12-482e-ae76-b328d3e9c0e7","SKYWAVE_PHASE_4_5","4d1d6c04-fb50-4c0e-a2db-f7611a9940a3","007a043f-a71e-4fa0-a9f5-f39f79ba1e42","-8.0","11:25:15"
"00278cc9-2113-4c04-af75-466acc1c3014","SKYWAVE_PHASE_4_5","ae6de528-6864-4095-a331-a45c784ce2de","1d4e7531-57a1-4a57-a80e-940dfc05abef","-7.0","15:42:00"
"00278cc9-2113-4c04-af75-466acc1c3014","SKYWAVE_PHASE_4_5","8a21bb8f-2c7e-4704-afd4-910416bc97ad","c1b9b0ae-c667-42ba-afd6-61cdaea756d1","-7.0","15:42:49"
"15b9c4db-79ad-465e-a8f2-db44f0cf55ea","SKYWAVE_PHASE_4_5","b1a6602e-8ae9-4277-a525-47ba18890d25","83620876-df1e-462d-a5d1-382e8addc4a9","-7.0","19:34:00"
"15b9c4db-79ad-465e-a8f2-db44f0cf55ea","SKYWAVE_PHASE_4_5","ae08a06a-9704-4689-a50a-08bfcf04699e","f6d7a900-8e5c-4065-a443-51c53687b37b","-7.0","19:35:06"
"885f6c40-845d-4c2f-ae2f-7c7a4cba34c3","SKYWAVE_PHASE_4_5","45601a5b-bc11-4214-a68a-75520b2d3aa0","60c6f624-24db-423f-a808-976410ebca12","-7.0","19:36:07"
"885f6c40-845d-4c2f-ae2f-7c7a4cba34c3","SKYWAVE_PHASE_4_5","22865ac4-4541-4cb3-a994-7843a51a6444","a1068d3d-6b80-4ec8-ae4d-41f909921c3f","-7.0","19:37:13"
"f53e26bf-175a-4a11-a76e-ef13ff5cec17","SKYWAVE_PHASE_4_5","c89e8463-739a-409c-ad20-be6bc7037888","eaadc728-73b9-4f21-a9fd-50c4d148eeef","-14.0","14:40:00"
"f53e26bf-175a-4a11-a76e-ef13ff5cec17","SKYWAVE_PHASE_4_5","9ee719cc-7ce4-4058-aa25-f01b3dc832a4","6f8ca71a-adcd-4fcd-a471-d1b1b6312493","-14.0","14:40:57"
"7cb2ef87-3097-4412-a6d6-2bf0d3da5b78","SKYWAVE_PHASE_4_5","47afeedc-d8a2-4dfa-ad93-5c7d82c9eaa2","b3ae5e28-d9c4-4dab-a341-b0de3ffdabe2","-14.0","14:41:57"
"7cb2ef87-3097-4412-a6d6-2bf0d3da5b78","SKYWAVE_PHASE_4_5","d0b4408a-ee88-45bc-a86c-ddf669905b54","8eacf8dc-bc87-4a69-a58d-b280a5b9f6b7","-14.0","14:42:14"
"2b2c29aa-bcdd-4512-affb-7efe675b69f5","SKYWAVE_PHASE_4_5","a48c1e0f-e54b-4611-a0df-e63f32f21a8d","d734cc65-a253-434f-a0c7-427cda2338f2","-3.0","11:35:00"
"2b2c29aa-bcdd-4512-affb-7efe675b69f5","SKYWAVE_PHASE_4_5","9e34ad02-8036-409a-a48f-8468159d8ef1","808166e8-3fd3-433d-aed9-674543b8ff7f","-3.0","11:35:47"
"84c6f625-c295-41e4-a5cd-c17f623903bd","SKYWAVE_PHASE_4_5","a00be157-8c2b-42a9-a638-f78fc0bf8d3a","6db3ed7e-3f57-4917-a9c1-6dcc9ba42d30","-3.0","11:36:26"
"84c6f625-c295-41e4-a5cd-c17f623903bd","SKYWAVE_PHASE_4_5","cc9b0b2b-92f0-485e-ae98-d7694a648d02","8148f376-0179-4303-a38c-f3b8a6207087","-3.0","11:37:02"
"f21070e2-18e2-4b93-a80d-6993aa61ce34","SKYWAVE_PHASE_4_5","b221f739-7a24-487a-a944-afb2b305bcbb","dec263fa-0def-4701-a90c-705a7aedea3c","-7.0","16:19:00"
"f21070e2-18e2-4b93-a80d-6993aa61ce34","SKYWAVE_PHASE_4_5","2a3e50fb-4d7a-4b7c-a390-39f6729e4ba9","36d035ac-69c7-443a-a836-48497b7c4323","-7.0","16:19:57"
"a8567303-3d75-49c7-ae50-b941bfe695cc","SKYWAVE_PHASE_4_5","9db2c666-60df-4bd8-a940-30ad79d337b3","0d671f41-0bfd-41dd-ac91-1659516fc5a0","-7.0","16:20:58"
"a8567303-3d75-49c7-ae50-b941bfe695cc","SKYWAVE_PHASE_4_5","2cbe1c74-6920-4da0-a3fa-1920a92cfc3c","11eed51e-2942-45f9-addd-2e32a9ca73cb","-7.0","16:23:47"
"b1508458-21e4-4e9f-aba4-75b37a901ac4","SKYWAVE_PHASE_4_5","515edae0-777c-495d-ad25-15faaf56266a","d85982bd-1d26-4019-affb-a2f9ce65582f","-7.0","16:25:56"
"b1508458-21e4-4e9f-aba4-75b37a901ac4","SKYWAVE_PHASE_4_5","721538e4-dd52-454e-ac6d-670cdd57b754","4539cc75-0cb9-4899-acf4-60fa2461b95d","-7.0","16:28:51"
"eb7bcc1a-7077-483a-ae9a-d6cf45768f3d","SKYWAVE_PHASE_4_5","63dad7e4-d2cd-4c4f-a85a-fb34a27deab6","efd9dd4b-127a-4d93-a662-2f12e1670640","-10.0","12:07:00"
"eb7bcc1a-7077-483a-ae9a-d6cf45768f3d","SKYWAVE_PHASE_4_5","a86315ff-7250-42b2-a0fc-f0df59540b4e","fae2df92-fa58-453e-ad50-aebe08614aff","-10.0","12:10:59"
"b099543d-1189-4164-a219-bb1395c62f57","SKYWAVE_PHASE_4_5","c5d56abd-cfb7-4a42-a6e4-124a8da30a30","8ac28920-1b32-4bee-a3f4-54d5a272b640","-10.0","12:11:25"
"b099543d-1189-4164-a219-bb1395c62f57","SKYWAVE_PHASE_4_5","0f7423b3-3fdb-4d7e-a903-10702a719966","876a3d74-aa46-4bb0-a766-8758dbdb429b","-10.0","12:12:32"
"96f477a4-b8a0-45d2-a72d-a0def6bf37cb","SKYWAVE_PHASE_4_5","c3c291a8-b9d2-46dd-adb9-e38258cd090d","00fc2057-703b-4945-a10d-8bba2334ccd5","-1.0","16:41:00"
"96f477a4-b8a0-45d2-a72d-a0def6bf37cb","SKYWAVE_PHASE_4_5","18795dd9-bfa6-4014-af34-ef9793feb5a0","0f171d71-aa98-40a7-a217-97e015963846","-1.0","16:42:50"
"24f1f329-58d2-4a42-ad14-818966fb3685","SKYWAVE_PHASE_4_5","9a26fed3-9962-45bf-a120-7e2ca4fdf9a0","aa0a65c9-649e-4777-abe9-883ea30c50af","-10.0","12:52:00"
"24f1f329-58d2-4a42-ad14-818966fb3685","SKYWAVE_PHASE_4_5","da02ece4-a3ad-44c1-a832-a53c5649f026","8deb0587-70b6-4f26-a909-7b7be5564a03","-10.0","12:52:34"
"d73e8a28-8e98-4d87-a636-39fe106f989c","SKYWAVE_PHASE_4_5","3fc1a52d-8096-421d-a045-1342769e5d65","c131fbe1-56dc-4230-a458-f2c9eb61ba60","-6.0","17:47:00"
"d73e8a28-8e98-4d87-a636-39fe106f989c","SKYWAVE_PHASE_4_5","91614d75-e573-4470-a154-22d1efb5f67a","cbcbc23d-3b83-4610-a487-61bb133665c5","-6.0","17:50:42"
"b502a599-df24-47a0-aac8-3551db7d61e7","SKYWAVE_PHASE_4_5","efd4931c-bf33-4c1b-aeed-40976a3f345f","8b667eaf-5eac-4c98-a160-66abf64cebbb","-3.0","12:13:00"
"b502a599-df24-47a0-aac8-3551db7d61e7","SKYWAVE_PHASE_4_5","0d58ae24-0f4c-4f2f-a6bf-956f6833aea0","5f3232b9-544e-4d90-afb7-be2f8e4de3f2","-3.0","12:13:42"
"fa96b669-0ac5-48f0-a65b-67fd65d413b4","SKYWAVE_PHASE_4_5","60bbed11-f97d-4661-a57c-3a0c914728ac","91e5fad1-325b-45d5-a21c-79c64cf1573f","-3.0","14:53:00"
"fa96b669-0ac5-48f0-a65b-67fd65d413b4","SKYWAVE_PHASE_4_5","8667fecb-a617-49b8-a0e5-13c1b69e0db8","bfab582e-32ca-4aef-ae72-876f83acaae2","-3.0","14:53:31"
"f0d5fe36-d5cf-459e-a926-80169c3c0afd","SKYWAVE_PHASE_4_5","efa27ec3-8245-4976-a7cb-cd94f650b61f","aba08b15-19cc-427c-aa2f-0ba9f3e9fd50","-14.0","17:48:00"
"f0d5fe36-d5cf-459e-a926-80169c3c0afd","SKYWAVE_PHASE_4_5","c903dd34-25f5-4ba5-afca-72cc00134687","174bca95-c501-4b65-a7f9-bb11ac35cab2","-14.0","17:48:59"
"7df804c3-ce7a-48f6-a2af-d6ed7864e942","SKYWAVE_PHASE_4_5","9609c45e-1a99-4d8e-a50a-f536a9b8de66","c5691206-90f5-4b8a-ae30-9677ba147704","-14.0","10:20:00"
"7df804c3-ce7a-48f6-a2af-d6ed7864e942","SKYWAVE_PHASE_4_5","eda56184-56df-42e5-a784-38af760a97fd","0be26ad2-444c-4d2d-aeae-7352f8a2b768","-14.0","10:22:35"
"6fcf8aa5-2ffb-4fc0-af5d-6bae79de6466","SKYWAVE_PHASE_4_5","6d6bfb5a-7a42-4d0d-a924-ebee0a1cc0be","9cb1ad08-d5e4-4418-a715-c34a37a9f428","-9.0","09:21:00"
"6fcf8aa5-2ffb-4fc0-af5d-6bae79de6466","SKYWAVE_PHASE_4_5","6b388ed8-eb57-414a-acd3-f7d26411abf8","f1a80e6b-80aa-4485-a9c0-413dfd03782d","-9.0","09:21:32"
"41905496-d500-4487-a349-c97961bd1f02","SKYWAVE_PHASE_4_5","04375e65-8089-4442-ad6a-b22fdacbf92f","4942d91f-f21c-4451-a5be-a21be53d0d2e","-9.0","09:23:57"
"41905496-d500-4487-a349-c97961bd1f02","SKYWAVE_PHASE_4_5","d1507c85-3445-47ca-a36c-4d88cfedfb4f","9892fa5c-a822-47ac-a5b1-66e14bd5dbb0","-9.0","09:24:50"
"7a053293-5c38-4233-a165-21691485ec85","SKYWAVE_PHASE_4_5","4e3793f3-c8a0-4c2f-ac39-a6522a73b8b9","0dcdce32-655a-4995-aff5-84a5b5b41875","-9.0","09:25:50"
"7a053293-5c38-4233-a165-21691485ec85","SKYWAVE_PHASE_4_5","87c6d7b4-c42b-48f8-a0b9-82f3021286b7","224d7a28-6857-48ba-add3-dd79950d5730","-9.0","09:26:55"
"7a83f8e2-57d1-4200-a817-3ab16ce563ab","SKYWAVE_PHASE_4_5","f74243af-f610-42a0-ac3d-29d38d02102e","ce4e3c13-fb80-4334-a4b3-f507cc18ac12","-5.0","13:26:00"
"7a83f8e2-57d1-4200-a817-3ab16ce563ab","SKYWAVE_PHASE_4_5","173320aa-83d3-498f-adf3-bf16d18d9cd1","77e2e49e-21c7-46b2-ae34-ac4c010872a2","-5.0","13:26:38"
"3023e5e8-f182-4a8f-a1b1-b099d029c113","SKYWAVE_PHASE_4_5","e0783ef3-553a-40a8-a68f-e0dc80190ff4","724b8f94-da02-430e-a0cd-e3d4c2b5edf8","-14.0","12:56:00"
"3023e5e8-f182-4a8f-a1b1-b099d029c113","SKYWAVE_PHASE_4_5","5ddc8ae8-2d79-4a3b-a879-475040a7d35e","078479c4-4871-45a2-aa5d-874f96528910","-14.0","12:56:58"
"deb26ad1-7af6-4a2d-af7f-80f1f7dcbde4","SKYWAVE_PHASE_4_5","1c2b2ed9-f34b-4933-aec8-0113909b31e4","8eb23339-1420-424e-adca-faf0af3a368e","-14.0","12:57:52"
"deb26ad1-7af6-4a2d-af7f-80f1f7dcbde4","SKYWAVE_PHASE_4_5","f502c7d4-5df8-4d6f-a260-801d54ae6ea2","6774dfad-1bcb-4d82-a58c-abb42c1052a2","-14.0","12:58:32"
"f5bb25e6-2087-4fa5-ac2d-14487ac7e82e","SKYWAVE_PHASE_4_5","9cdbace8-3e7c-4dc3-ae9f-bae31da4161a","37731913-f6d5-42e4-a5c5-adf467db12fa","-14.0","18:44:00"
"f5bb25e6-2087-4fa5-ac2d-14487ac7e82e","SKYWAVE_PHASE_4_5","b4e652f6-fb43-4be2-af1b-9bcae6e573b8","8b8ec65f-1baf-4d27-a577-aecaf83eb62b","-14.0","18:44:58"
