"AI_Agent_Moment_Id__c","AI_Agent_Session_Id__c","AI_Agent_Tag_Definition_Association_Id__c","AI_Agent_Tag_Id__c","Association_Reason__c","Created_Days__c","Created_Time__c","Demo_Identifier__c","External_ID__c"
"83b0fee2-0354-4527-ad2f-02b8440c6750","7e73d629-d8ed-47cc-a52d-f67e92978c3e","1ffdfd0c-70cf-4803-a2e6-ddee39a8c748","2883b794-f6d9-4a0e-aba0-5b86d2c4611e","Intent: Miles Redemption Requests","-7.0","19:00:06","SKYWAVE_PHASE_4_5","dfa3df99-a110-4b23-a080-cf0cf70ec190"
"83b0fee2-0354-4527-ad2f-02b8440c6750","7e73d629-d8ed-47cc-a52d-f67e92978c3e","6f4cb788-6a4e-49fa-af8b-8ad6a3b0de02","40c6f573-42d6-4b9d-a349-a5de3d11ffbe","Quality score 4","-7.0","19:00:06","SKYWAVE_PHASE_4_5","84d035b8-c246-4e22-a69f-2cb6fe3fe02c"
"f25e614b-6af7-4ad2-aa8f-4fe9b6c51a5c","6fca1511-a001-493d-a18e-d900d5c8e35a","1ffdfd0c-70cf-4803-a2e6-ddee39a8c748","2d33fe06-0fb9-4956-a183-1d3bb672ddb7","Intent: Flight Search and Booking","-10.0","14:20:57","SKYWAVE_PHASE_4_5","b6ba9053-7ab1-4007-ab08-5725e409a492"
"f25e614b-6af7-4ad2-aa8f-4fe9b6c51a5c","6fca1511-a001-493d-a18e-d900d5c8e35a","6f4cb788-6a4e-49fa-af8b-8ad6a3b0de02","977bd81d-f2eb-40c7-a021-c4702b7cdf22","Quality score 5","-10.0","14:20:57","SKYWAVE_PHASE_4_5","474bfe31-90aa-4526-a463-98bdaea3a91e"
"6f1a6560-5e73-488f-aeb7-f0ef9ce06dc6","21b39ac1-ef27-46f8-a083-1049716257bf","1ffdfd0c-70cf-4803-a2e6-ddee39a8c748","560e4777-8dfc-4ecd-aa43-643d9c351ac5","Intent: Seat Upgrade Requests","-8.0","15:22:45","SKYWAVE_PHASE_4_5","e5219f6b-2dc9-48bf-a562-25831575e496"
"6f1a6560-5e73-488f-aeb7-f0ef9ce06dc6","21b39ac1-ef27-46f8-a083-1049716257bf","6f4cb788-6a4e-49fa-af8b-8ad6a3b0de02","a07613f1-f4c8-413f-a7ac-d8af0a446e4e","Quality score 1","-8.0","15:22:45","SKYWAVE_PHASE_4_5","4a203ddf-8205-4f37-ab4d-be2f1a0196ed"
"90cecf28-9689-445a-a093-be400eaf90a6","21b39ac1-ef27-46f8-a083-1049716257bf","1ffdfd0c-70cf-4803-a2e6-ddee39a8c748","6bfb174a-8001-4add-abf0-6d381e435574","Intent: Reservation Modifications and Cancellations","-8.0","15:27:08","SKYWAVE_PHASE_4_5","45e59651-bb1f-432a-a449-b698a6155b6e"
"90cecf28-9689-445a-a093-be400eaf90a6","21b39ac1-ef27-46f8-a083-1049716257bf","6f4cb788-6a4e-49fa-af8b-8ad6a3b0de02","977bd81d-f2eb-40c7-a021-c4702b7cdf22","Quality score 5","-8.0","15:27:08","SKYWAVE_PHASE_4_5","bedd3f78-a8bc-4da5-a6da-13e767ed2fd7"
"de36c73c-1884-44cc-a533-6027068ab2df","6f8a4776-f09f-4eec-a78d-296a0dfb2786","1ffdfd0c-70cf-4803-a2e6-ddee39a8c748","33d24820-e5ef-443f-a050-6eb5489180c6","Intent: Tier Status and Benefits","-5.0","14:48:15","SKYWAVE_PHASE_4_5","a997b31a-b182-48e6-ab27-a38fd89816fe"
"de36c73c-1884-44cc-a533-6027068ab2df","6f8a4776-f09f-4eec-a78d-296a0dfb2786","6f4cb788-6a4e-49fa-af8b-8ad6a3b0de02","977bd81d-f2eb-40c7-a021-c4702b7cdf22","Quality score 5","-5.0","14:48:15","SKYWAVE_PHASE_4_5","bf2e0e08-384b-4352-a5b4-6396a7a0859b"
"4fee1f48-8bae-4d42-a4f7-77df29e6dc3e","6f8a4776-f09f-4eec-a78d-296a0dfb2786","1ffdfd0c-70cf-4803-a2e6-ddee39a8c748","981cada7-964f-4af6-a2c5-41f9a73aa021","Intent: Mileage Balance Inquiries","-5.0","14:53:06","SKYWAVE_PHASE_4_5","4ac2e8df-d38b-4aaf-acef-534d90a98df4"
"4fee1f48-8bae-4d42-a4f7-77df29e6dc3e","6f8a4776-f09f-4eec-a78d-296a0dfb2786","6f4cb788-6a4e-49fa-af8b-8ad6a3b0de02","40c6f573-42d6-4b9d-a349-a5de3d11ffbe","Quality score 4","-5.0","14:53:06","SKYWAVE_PHASE_4_5","cd0404b4-f2ea-4963-a723-98a8ba176805"
"1473ff23-0e37-4054-a410-44937ea581cc","73e4f2ed-19eb-4356-a669-55109b437c94","1ffdfd0c-70cf-4803-a2e6-ddee39a8c748","560e4777-8dfc-4ecd-aa43-643d9c351ac5","Intent: Seat Upgrade Requests","-8.0","18:41:56","SKYWAVE_PHASE_4_5","f36af2f2-f672-4fb0-a4a1-df1b9e4fc5d8"
"1473ff23-0e37-4054-a410-44937ea581cc","73e4f2ed-19eb-4356-a669-55109b437c94","6f4cb788-6a4e-49fa-af8b-8ad6a3b0de02","a07613f1-f4c8-413f-a7ac-d8af0a446e4e","Quality score 1","-8.0","18:41:56","SKYWAVE_PHASE_4_5","0ada2f50-d2d3-4f33-a518-b7feab59906c"
"3507571c-a5d7-44e2-af96-8673ee64ef45","ca56d848-cdc7-4125-abcd-71e979196093","1ffdfd0c-70cf-4803-a2e6-ddee39a8c748","2d33fe06-0fb9-4956-a183-1d3bb672ddb7","Intent: Flight Search and Booking","-2.0","10:40:24","SKYWAVE_PHASE_4_5","ba5c08ce-cd70-4388-ac00-5f9130fc9d39"
"3507571c-a5d7-44e2-af96-8673ee64ef45","ca56d848-cdc7-4125-abcd-71e979196093","6f4cb788-6a4e-49fa-af8b-8ad6a3b0de02","977bd81d-f2eb-40c7-a021-c4702b7cdf22","Quality score 5","-2.0","10:40:24","SKYWAVE_PHASE_4_5","a0661339-e751-411c-a0b8-652a631b421a"
"2e1d2f4c-ffdb-4abf-a5cf-db63b925c9df","ca56d848-cdc7-4125-abcd-71e979196093","1ffdfd0c-70cf-4803-a2e6-ddee39a8c748","ac0c4c75-904b-4cbd-a97e-fce7a397945a","Intent: Booking Confirmation Queries","-2.0","10:41:26","SKYWAVE_PHASE_4_5","0ef8e2af-a217-4e67-ac8e-a9dc1b766ed3"
"2e1d2f4c-ffdb-4abf-a5cf-db63b925c9df","ca56d848-cdc7-4125-abcd-71e979196093","6f4cb788-6a4e-49fa-af8b-8ad6a3b0de02","40c6f573-42d6-4b9d-a349-a5de3d11ffbe","Quality score 4","-2.0","10:41:26","SKYWAVE_PHASE_4_5","a948bc94-6544-4a1b-a977-0af01fca132d"
"ac420e1b-fb39-4bb5-a537-c30c75bfb81e","7c4ac7b5-8fda-4aa6-a0ae-11a628fab688","1ffdfd0c-70cf-4803-a2e6-ddee39a8c748","b7100962-8e79-41cb-a1d9-3b96207d2954","Intent: In-Flight Service Complaints","-1.0","14:28:27","SKYWAVE_PHASE_4_5","61e400b6-4ea0-45cb-a1c0-a5178255dfba"
"ac420e1b-fb39-4bb5-a537-c30c75bfb81e","7c4ac7b5-8fda-4aa6-a0ae-11a628fab688","6f4cb788-6a4e-49fa-af8b-8ad6a3b0de02","af9276e0-232c-453b-ab8e-a994f431cbff","Quality score 3","-1.0","14:28:27","SKYWAVE_PHASE_4_5","503c9b1f-66dc-4470-ae12-d5cf1afbf93f"
"33d18d80-8e73-43b1-aa45-ed1fb7a55ea4","7c4ac7b5-8fda-4aa6-a0ae-11a628fab688","1ffdfd0c-70cf-4803-a2e6-ddee39a8c748","2d33fe06-0fb9-4956-a183-1d3bb672ddb7","Intent: Flight Search and Booking","-1.0","14:30:18","SKYWAVE_PHASE_4_5","b1f232cc-fdcc-4293-acc8-a50cbe6a3745"
"33d18d80-8e73-43b1-aa45-ed1fb7a55ea4","7c4ac7b5-8fda-4aa6-a0ae-11a628fab688","6f4cb788-6a4e-49fa-af8b-8ad6a3b0de02","977bd81d-f2eb-40c7-a021-c4702b7cdf22","Quality score 5","-1.0","14:30:18","SKYWAVE_PHASE_4_5","cce9bda4-19b6-45c4-a82d-f4496dfd480c"
"349e4a4b-4a51-463b-ab68-1f8f6c005c32","03b41a51-9fec-4279-a37b-d6995ae387ec","1ffdfd0c-70cf-4803-a2e6-ddee39a8c748","bed60ad3-4558-43b9-a5ea-06d58fe3bdcc","Intent: Seat Change Requests","-3.0","11:27:50","SKYWAVE_PHASE_4_5","69635b99-17f7-4024-aef8-6bcb69da3b48"
"349e4a4b-4a51-463b-ab68-1f8f6c005c32","03b41a51-9fec-4279-a37b-d6995ae387ec","6f4cb788-6a4e-49fa-af8b-8ad6a3b0de02","bfa3f155-5222-4840-a6d3-fddc7e72ef30","Quality score 2","-3.0","11:27:50","SKYWAVE_PHASE_4_5","e5ebeb10-bd77-495a-abd5-b37447656681"
"cb4187e6-cc0a-4ba2-a186-d5ceea373ec7","03b41a51-9fec-4279-a37b-d6995ae387ec","1ffdfd0c-70cf-4803-a2e6-ddee39a8c748","84c29cfb-8468-49f6-aeed-f126d271a498","Intent: Off-Topic General Queries","-3.0","11:30:40","SKYWAVE_PHASE_4_5","0b7251c8-d4e4-4226-a620-9af7f5401469"
"cb4187e6-cc0a-4ba2-a186-d5ceea373ec7","03b41a51-9fec-4279-a37b-d6995ae387ec","6f4cb788-6a4e-49fa-af8b-8ad6a3b0de02","bfa3f155-5222-4840-a6d3-fddc7e72ef30","Quality score 2","-3.0","11:30:40","SKYWAVE_PHASE_4_5","54f8c602-6d93-4445-a7d1-74e5c3378fa1"
"b8c52a43-80a3-45a7-a246-c8fabe2aa1fc","03b41a51-9fec-4279-a37b-d6995ae387ec","1ffdfd0c-70cf-4803-a2e6-ddee39a8c748","560e4777-8dfc-4ecd-aa43-643d9c351ac5","Intent: Seat Upgrade Requests","-3.0","11:32:40","SKYWAVE_PHASE_4_5","171c5298-8f34-44f6-a68e-803db31b56d2"
"b8c52a43-80a3-45a7-a246-c8fabe2aa1fc","03b41a51-9fec-4279-a37b-d6995ae387ec","6f4cb788-6a4e-49fa-af8b-8ad6a3b0de02","bfa3f155-5222-4840-a6d3-fddc7e72ef30","Quality score 2","-3.0","11:32:40","SKYWAVE_PHASE_4_5","a718feda-66ae-47ea-aed3-a3ba34a762b0"
"98114efa-26bd-46cc-a67e-a2938615357b","f91b856c-4e71-4821-a2a6-e5fe68d84610","1ffdfd0c-70cf-4803-a2e6-ddee39a8c748","2176793d-4536-4299-a815-665cd12e3689","Intent: Seat Assignment Corrections","-2.0","08:11:07","SKYWAVE_PHASE_4_5","4fffabbf-12b8-49b5-a4e1-13fd8220f27f"
"98114efa-26bd-46cc-a67e-a2938615357b","f91b856c-4e71-4821-a2a6-e5fe68d84610","6f4cb788-6a4e-49fa-af8b-8ad6a3b0de02","a07613f1-f4c8-413f-a7ac-d8af0a446e4e","Quality score 1","-2.0","08:11:07","SKYWAVE_PHASE_4_5","28c6aad0-0c01-4bf3-a6ae-10cfaa9ddee2"
"7cc8d918-d3cf-4531-a7c6-e1f4b1512294","206bc0ec-59be-4520-a666-b54b70fa1d1c","1ffdfd0c-70cf-4803-a2e6-ddee39a8c748","981cada7-964f-4af6-a2c5-41f9a73aa021","Intent: Mileage Balance Inquiries","-10.0","08:15:19","SKYWAVE_PHASE_4_5","6a3433d0-0e80-4d4e-ab38-1450958b776d"
"7cc8d918-d3cf-4531-a7c6-e1f4b1512294","206bc0ec-59be-4520-a666-b54b70fa1d1c","6f4cb788-6a4e-49fa-af8b-8ad6a3b0de02","40c6f573-42d6-4b9d-a349-a5de3d11ffbe","Quality score 4","-10.0","08:15:19","SKYWAVE_PHASE_4_5","28745cca-572c-4eaf-ad83-10b46f78188c"
"d6819885-c766-49ee-a790-beb80966aded","3d839c22-f9f5-4ac6-a322-6e270f3c7684","1ffdfd0c-70cf-4803-a2e6-ddee39a8c748","acf92f95-57da-46f9-aff0-c1b33d6cc9d4","Intent: Passenger Name Corrections","-9.0","14:35:02","SKYWAVE_PHASE_4_5","90923733-7b2e-4121-aa52-e04c321b867e"
"d6819885-c766-49ee-a790-beb80966aded","3d839c22-f9f5-4ac6-a322-6e270f3c7684","6f4cb788-6a4e-49fa-af8b-8ad6a3b0de02","40c6f573-42d6-4b9d-a349-a5de3d11ffbe","Quality score 4","-9.0","14:35:02","SKYWAVE_PHASE_4_5","e3e94928-0c98-4493-a97e-ba68eabcdba4"
"ee296584-9d7c-4e62-a10a-93d2846b7a29","c2fa2845-f102-4bf8-a95d-a505f9b38bb9","1ffdfd0c-70cf-4803-a2e6-ddee39a8c748","ac0c4c75-904b-4cbd-a97e-fce7a397945a","Intent: Booking Confirmation Queries","-6.0","08:03:22","SKYWAVE_PHASE_4_5","06d16eca-09a8-4f2c-ae63-58eeef79bb67"
"ee296584-9d7c-4e62-a10a-93d2846b7a29","c2fa2845-f102-4bf8-a95d-a505f9b38bb9","6f4cb788-6a4e-49fa-af8b-8ad6a3b0de02","40c6f573-42d6-4b9d-a349-a5de3d11ffbe","Quality score 4","-6.0","08:03:22","SKYWAVE_PHASE_4_5","573cb3ca-0451-4f28-a860-8cfab2a10457"
"6fb2d851-22eb-46ce-a4da-b35d4ac8cd73","c2fa2845-f102-4bf8-a95d-a505f9b38bb9","1ffdfd0c-70cf-4803-a2e6-ddee39a8c748","981cada7-964f-4af6-a2c5-41f9a73aa021","Intent: Mileage Balance Inquiries","-6.0","08:04:46","SKYWAVE_PHASE_4_5","d9305367-7724-440f-a63a-9b80533fe423"
"6fb2d851-22eb-46ce-a4da-b35d4ac8cd73","c2fa2845-f102-4bf8-a95d-a505f9b38bb9","6f4cb788-6a4e-49fa-af8b-8ad6a3b0de02","977bd81d-f2eb-40c7-a021-c4702b7cdf22","Quality score 5","-6.0","08:04:46","SKYWAVE_PHASE_4_5","5eb2fcc0-94e0-4c9d-a003-ab474d0ad931"
"747809ad-ecfe-4ff1-a54f-62d32425cf1a","0c5bad76-92bc-45c9-aef6-3abf4fa5de9c","1ffdfd0c-70cf-4803-a2e6-ddee39a8c748","2176793d-4536-4299-a815-665cd12e3689","Intent: Seat Assignment Corrections","-10.0","08:13:37","SKYWAVE_PHASE_4_5","3c936afc-b147-46c4-ad82-c4580e9f1c2e"
"747809ad-ecfe-4ff1-a54f-62d32425cf1a","0c5bad76-92bc-45c9-aef6-3abf4fa5de9c","6f4cb788-6a4e-49fa-af8b-8ad6a3b0de02","bfa3f155-5222-4840-a6d3-fddc7e72ef30","Quality score 2","-10.0","08:13:37","SKYWAVE_PHASE_4_5","d72873a3-c49c-4617-ac1e-989aff445ef8"
"c49f3569-6bea-4ced-a242-46e0bdae971d","0c5bad76-92bc-45c9-aef6-3abf4fa5de9c","1ffdfd0c-70cf-4803-a2e6-ddee39a8c748","0cc5b3be-ec6a-4ca7-a940-5bbf1f92a89a","Intent: Name Spelling Updates","-10.0","08:17:15","SKYWAVE_PHASE_4_5","498533f8-71a0-4672-af08-8902875b1563"
"c49f3569-6bea-4ced-a242-46e0bdae971d","0c5bad76-92bc-45c9-aef6-3abf4fa5de9c","6f4cb788-6a4e-49fa-af8b-8ad6a3b0de02","977bd81d-f2eb-40c7-a021-c4702b7cdf22","Quality score 5","-10.0","08:17:15","SKYWAVE_PHASE_4_5","a594b550-2446-4086-aaca-300620c1a709"
"9f0ead68-4c91-4929-a255-91e2d001c47b","e3db960d-710c-4d96-a58c-11beb9e26fda","1ffdfd0c-70cf-4803-a2e6-ddee39a8c748","33d24820-e5ef-443f-a050-6eb5489180c6","Intent: Tier Status and Benefits","-1.0","15:07:28","SKYWAVE_PHASE_4_5","2564f3f2-5009-4eb9-a329-ea7a37c3526b"
"9f0ead68-4c91-4929-a255-91e2d001c47b","e3db960d-710c-4d96-a58c-11beb9e26fda","6f4cb788-6a4e-49fa-af8b-8ad6a3b0de02","977bd81d-f2eb-40c7-a021-c4702b7cdf22","Quality score 5","-1.0","15:07:28","SKYWAVE_PHASE_4_5","71b786ca-3338-4f97-af0e-8e06c7a20418"
"86214021-cef3-441f-aaad-c332efda58ed","e3db960d-710c-4d96-a58c-11beb9e26fda","1ffdfd0c-70cf-4803-a2e6-ddee39a8c748","6bfb174a-8001-4add-abf0-6d381e435574","Intent: Reservation Modifications and Cancellations","-1.0","15:11:01","SKYWAVE_PHASE_4_5","83a76a1b-700f-4c53-a87a-0fab9faec2bf"
"86214021-cef3-441f-aaad-c332efda58ed","e3db960d-710c-4d96-a58c-11beb9e26fda","6f4cb788-6a4e-49fa-af8b-8ad6a3b0de02","977bd81d-f2eb-40c7-a021-c4702b7cdf22","Quality score 5","-1.0","15:11:01","SKYWAVE_PHASE_4_5","1c0bcf78-6718-434d-a90b-c35a970b9dee"
"d9929ab8-999c-4386-a511-f324469ef39e","3558ee33-c510-4b83-a0f9-cfc4c599b9bc","1ffdfd0c-70cf-4803-a2e6-ddee39a8c748","560e4777-8dfc-4ecd-aa43-643d9c351ac5","Intent: Seat Upgrade Requests","-13.0","18:02:32","SKYWAVE_PHASE_4_5","c6502eaa-9b3e-4736-af2b-4dccf8f8aaf2"
"d9929ab8-999c-4386-a511-f324469ef39e","3558ee33-c510-4b83-a0f9-cfc4c599b9bc","6f4cb788-6a4e-49fa-af8b-8ad6a3b0de02","bfa3f155-5222-4840-a6d3-fddc7e72ef30","Quality score 2","-13.0","18:02:32","SKYWAVE_PHASE_4_5","10603544-b97a-4471-a12d-9a7d5348a04e"
"b2a55f0b-53ad-4da4-a659-f645c2bf8089","3558ee33-c510-4b83-a0f9-cfc4c599b9bc","1ffdfd0c-70cf-4803-a2e6-ddee39a8c748","bf97a1fb-438c-420f-a37b-d4e6cf4aea0e","Intent: Refund Requests for Service Issues","-13.0","18:04:22","SKYWAVE_PHASE_4_5","15eecfe2-bb61-4c35-a15f-48aa9036a5bc"
"b2a55f0b-53ad-4da4-a659-f645c2bf8089","3558ee33-c510-4b83-a0f9-cfc4c599b9bc","6f4cb788-6a4e-49fa-af8b-8ad6a3b0de02","40c6f573-42d6-4b9d-a349-a5de3d11ffbe","Quality score 4","-13.0","18:04:22","SKYWAVE_PHASE_4_5","34727092-7f4b-4552-ac33-0f41dcbc8ecc"
"9cba6ef2-b961-49b2-ac3a-7944e80c9770","25a98ac2-95a9-43a8-a4ab-76b613cf9ffe","1ffdfd0c-70cf-4803-a2e6-ddee39a8c748","560e4777-8dfc-4ecd-aa43-643d9c351ac5","Intent: Seat Upgrade Requests","-3.0","09:04:54","SKYWAVE_PHASE_4_5","36c004e3-9a0b-4c7f-a816-93e86455e395"
"9cba6ef2-b961-49b2-ac3a-7944e80c9770","25a98ac2-95a9-43a8-a4ab-76b613cf9ffe","6f4cb788-6a4e-49fa-af8b-8ad6a3b0de02","a07613f1-f4c8-413f-a7ac-d8af0a446e4e","Quality score 1","-3.0","09:04:54","SKYWAVE_PHASE_4_5","6076247e-5263-4ef3-af41-4542493c5582"
"3021122a-f4a8-438b-a828-75d616878e30","25a98ac2-95a9-43a8-a4ab-76b613cf9ffe","1ffdfd0c-70cf-4803-a2e6-ddee39a8c748","2883b794-f6d9-4a0e-aba0-5b86d2c4611e","Intent: Miles Redemption Requests","-3.0","09:06:49","SKYWAVE_PHASE_4_5","7511c4bb-0a8d-4a7c-a505-7b410e4921cb"
"3021122a-f4a8-438b-a828-75d616878e30","25a98ac2-95a9-43a8-a4ab-76b613cf9ffe","6f4cb788-6a4e-49fa-af8b-8ad6a3b0de02","40c6f573-42d6-4b9d-a349-a5de3d11ffbe","Quality score 4","-3.0","09:06:49","SKYWAVE_PHASE_4_5","0f6ceb9b-2aa9-49c3-abc7-1cdb6788e497"
"90c6965b-9626-4599-a561-5d5ffe5fdb26","25a98ac2-95a9-43a8-a4ab-76b613cf9ffe","1ffdfd0c-70cf-4803-a2e6-ddee39a8c748","bed60ad3-4558-43b9-a5ea-06d58fe3bdcc","Intent: Seat Change Requests","-3.0","09:08:06","SKYWAVE_PHASE_4_5","785af45e-8e5e-482e-a714-23ecaaedf8d9"
"90c6965b-9626-4599-a561-5d5ffe5fdb26","25a98ac2-95a9-43a8-a4ab-76b613cf9ffe","6f4cb788-6a4e-49fa-af8b-8ad6a3b0de02","bfa3f155-5222-4840-a6d3-fddc7e72ef30","Quality score 2","-3.0","09:08:06","SKYWAVE_PHASE_4_5","3f0578a2-96cc-4aa0-a542-551a2675a1ea"
"fe446b6e-ad50-436d-a9d8-55465077a816","cac584e0-9e70-4a2e-abec-25caa6f3146e","1ffdfd0c-70cf-4803-a2e6-ddee39a8c748","bed60ad3-4558-43b9-a5ea-06d58fe3bdcc","Intent: Seat Change Requests","-9.0","14:16:33","SKYWAVE_PHASE_4_5","5183ae44-f567-4405-a678-a62691a59627"
"fe446b6e-ad50-436d-a9d8-55465077a816","cac584e0-9e70-4a2e-abec-25caa6f3146e","6f4cb788-6a4e-49fa-af8b-8ad6a3b0de02","bfa3f155-5222-4840-a6d3-fddc7e72ef30","Quality score 2","-9.0","14:16:33","SKYWAVE_PHASE_4_5","2cee16f8-c8d7-4637-ad04-9a0a6fd255fb"
"a409ba20-b731-4e4b-a2fe-bb100f0495ec","cac584e0-9e70-4a2e-abec-25caa6f3146e","1ffdfd0c-70cf-4803-a2e6-ddee39a8c748","0cc5b3be-ec6a-4ca7-a940-5bbf1f92a89a","Intent: Name Spelling Updates","-9.0","14:21:10","SKYWAVE_PHASE_4_5","e18c9f20-4a08-4f9f-a444-8514b19348e3"
"a409ba20-b731-4e4b-a2fe-bb100f0495ec","cac584e0-9e70-4a2e-abec-25caa6f3146e","6f4cb788-6a4e-49fa-af8b-8ad6a3b0de02","40c6f573-42d6-4b9d-a349-a5de3d11ffbe","Quality score 4","-9.0","14:21:10","SKYWAVE_PHASE_4_5","a0345de6-6900-4c36-a227-08ec0ecaba4f"
"9482d3f8-2aa3-47f7-a45b-a5833a1316fd","cac584e0-9e70-4a2e-abec-25caa6f3146e","1ffdfd0c-70cf-4803-a2e6-ddee39a8c748","0cc5b3be-ec6a-4ca7-a940-5bbf1f92a89a","Intent: Name Spelling Updates","-9.0","14:24:50","SKYWAVE_PHASE_4_5","c824dc26-99c3-42be-a64e-01325fd66c1e"
"9482d3f8-2aa3-47f7-a45b-a5833a1316fd","cac584e0-9e70-4a2e-abec-25caa6f3146e","6f4cb788-6a4e-49fa-af8b-8ad6a3b0de02","977bd81d-f2eb-40c7-a021-c4702b7cdf22","Quality score 5","-9.0","14:24:50","SKYWAVE_PHASE_4_5","034a25fa-16ef-4325-a87d-919dfe623bf6"
"3f974b02-f064-4887-a308-03454e3392ff","8e367453-c31e-452b-a42c-a40c64adfdf5","1ffdfd0c-70cf-4803-a2e6-ddee39a8c748","6bfb174a-8001-4add-abf0-6d381e435574","Intent: Reservation Modifications and Cancellations","-1.0","19:40:14","SKYWAVE_PHASE_4_5","71122fad-b6fe-4db4-aa08-1e8dfbf0169e"
"3f974b02-f064-4887-a308-03454e3392ff","8e367453-c31e-452b-a42c-a40c64adfdf5","6f4cb788-6a4e-49fa-af8b-8ad6a3b0de02","40c6f573-42d6-4b9d-a349-a5de3d11ffbe","Quality score 4","-1.0","19:40:14","SKYWAVE_PHASE_4_5","a100911f-42a4-4906-a11b-7aeefc783bbf"
"874ed0cc-5230-4b14-a8dd-b7c47743332e","3648a988-5c8f-4eeb-a5c6-b14d73bd687a","1ffdfd0c-70cf-4803-a2e6-ddee39a8c748","84c29cfb-8468-49f6-aeed-f126d271a498","Intent: Off-Topic General Queries","-13.0","18:10:05","SKYWAVE_PHASE_4_5","8df443e5-b501-4774-aa78-56eb3de28cf5"
"874ed0cc-5230-4b14-a8dd-b7c47743332e","3648a988-5c8f-4eeb-a5c6-b14d73bd687a","6f4cb788-6a4e-49fa-af8b-8ad6a3b0de02","bfa3f155-5222-4840-a6d3-fddc7e72ef30","Quality score 2","-13.0","18:10:05","SKYWAVE_PHASE_4_5","f507afba-826a-4245-adb5-e3688eac1c42"
"7823171c-8481-40a0-a1c0-44cf595ac587","3648a988-5c8f-4eeb-a5c6-b14d73bd687a","1ffdfd0c-70cf-4803-a2e6-ddee39a8c748","981cada7-964f-4af6-a2c5-41f9a73aa021","Intent: Mileage Balance Inquiries","-13.0","18:13:49","SKYWAVE_PHASE_4_5","73518008-5351-491d-af0e-ad1919f9cacb"
"7823171c-8481-40a0-a1c0-44cf595ac587","3648a988-5c8f-4eeb-a5c6-b14d73bd687a","6f4cb788-6a4e-49fa-af8b-8ad6a3b0de02","977bd81d-f2eb-40c7-a021-c4702b7cdf22","Quality score 5","-13.0","18:13:49","SKYWAVE_PHASE_4_5","f46773f2-6f5b-4451-ac34-4a6abebe329c"
"2c85a3d8-e6b1-4c24-a803-2e3068edbe9e","3648a988-5c8f-4eeb-a5c6-b14d73bd687a","1ffdfd0c-70cf-4803-a2e6-ddee39a8c748","0cc5b3be-ec6a-4ca7-a940-5bbf1f92a89a","Intent: Name Spelling Updates","-13.0","18:15:40","SKYWAVE_PHASE_4_5","22c9d111-d363-434b-ae68-d6e02f8f19a4"
"2c85a3d8-e6b1-4c24-a803-2e3068edbe9e","3648a988-5c8f-4eeb-a5c6-b14d73bd687a","6f4cb788-6a4e-49fa-af8b-8ad6a3b0de02","977bd81d-f2eb-40c7-a021-c4702b7cdf22","Quality score 5","-13.0","18:15:40","SKYWAVE_PHASE_4_5","5b8373e3-2c73-4af3-aa10-f18f48cd90c9"
"075504de-64c7-4938-a027-c23f99895c09","45d1fd02-36b6-487d-a87c-d528a8114087","1ffdfd0c-70cf-4803-a2e6-ddee39a8c748","acf92f95-57da-46f9-aff0-c1b33d6cc9d4","Intent: Passenger Name Corrections","-10.0","15:05:03","SKYWAVE_PHASE_4_5","b8ca4d0c-893e-4f27-aca6-8f4727c4cf3e"
"075504de-64c7-4938-a027-c23f99895c09","45d1fd02-36b6-487d-a87c-d528a8114087","6f4cb788-6a4e-49fa-af8b-8ad6a3b0de02","40c6f573-42d6-4b9d-a349-a5de3d11ffbe","Quality score 4","-10.0","15:05:03","SKYWAVE_PHASE_4_5","c050488f-8811-4026-aef4-9d488038251e"
"a7115232-74f1-4f43-a45e-e786fd0f0c13","14b2d4fa-6cbf-424e-a429-9a7da02e87ec","1ffdfd0c-70cf-4803-a2e6-ddee39a8c748","2883b794-f6d9-4a0e-aba0-5b86d2c4611e","Intent: Miles Redemption Requests","-12.0","09:51:20","SKYWAVE_PHASE_4_5","e41c705b-672e-4ed2-aa33-65e38cb79968"
"a7115232-74f1-4f43-a45e-e786fd0f0c13","14b2d4fa-6cbf-424e-a429-9a7da02e87ec","6f4cb788-6a4e-49fa-af8b-8ad6a3b0de02","40c6f573-42d6-4b9d-a349-a5de3d11ffbe","Quality score 4","-12.0","09:51:20","SKYWAVE_PHASE_4_5","0b394cb6-87dc-45b1-abe3-91d1902d5c2b"
"afe47eda-6a36-4db8-a30f-98ee47d80657","6b1caea2-ad67-4922-af12-83333c219dd7","1ffdfd0c-70cf-4803-a2e6-ddee39a8c748","f8b5e0e4-571a-46fe-aa92-fcd50b885cc5","Intent: Unsupported Requests","-5.0","16:22:58","SKYWAVE_PHASE_4_5","0a1e4aee-515f-4c00-a6f3-99d8532bf09c"
"afe47eda-6a36-4db8-a30f-98ee47d80657","6b1caea2-ad67-4922-af12-83333c219dd7","6f4cb788-6a4e-49fa-af8b-8ad6a3b0de02","af9276e0-232c-453b-ab8e-a994f431cbff","Quality score 3","-5.0","16:22:58","SKYWAVE_PHASE_4_5","22874a9e-6294-4bb6-ae40-cc468306ee46"
"7d541c74-77a5-46ea-a3c7-b442d135e9b1","6b1caea2-ad67-4922-af12-83333c219dd7","1ffdfd0c-70cf-4803-a2e6-ddee39a8c748","2176793d-4536-4299-a815-665cd12e3689","Intent: Seat Assignment Corrections","-5.0","16:24:28","SKYWAVE_PHASE_4_5","3092d902-9774-4774-ac2a-2430f1083823"
"7d541c74-77a5-46ea-a3c7-b442d135e9b1","6b1caea2-ad67-4922-af12-83333c219dd7","6f4cb788-6a4e-49fa-af8b-8ad6a3b0de02","a07613f1-f4c8-413f-a7ac-d8af0a446e4e","Quality score 1","-5.0","16:24:28","SKYWAVE_PHASE_4_5","6a57f8b5-822a-4842-a5c4-7d338460684b"
"8aa7ef05-ade2-4a8b-ac90-b0c0d813a328","6b1caea2-ad67-4922-af12-83333c219dd7","1ffdfd0c-70cf-4803-a2e6-ddee39a8c748","acf92f95-57da-46f9-aff0-c1b33d6cc9d4","Intent: Passenger Name Corrections","-5.0","16:28:12","SKYWAVE_PHASE_4_5","0a4d003b-5cfb-4b87-a53d-db6e532d49de"
"8aa7ef05-ade2-4a8b-ac90-b0c0d813a328","6b1caea2-ad67-4922-af12-83333c219dd7","6f4cb788-6a4e-49fa-af8b-8ad6a3b0de02","40c6f573-42d6-4b9d-a349-a5de3d11ffbe","Quality score 4","-5.0","16:28:12","SKYWAVE_PHASE_4_5","b49ff3cc-d0c7-4d04-ae14-4be06f2c6551"
"09c0a137-c537-4c69-aa8c-f6c1d011f84b","2a3c5541-65b0-4bc8-a1ac-6de7f5138679","1ffdfd0c-70cf-4803-a2e6-ddee39a8c748","84c29cfb-8468-49f6-aeed-f126d271a498","Intent: Off-Topic General Queries","-10.0","13:44:34","SKYWAVE_PHASE_4_5","f0de8950-c160-4cdf-a844-efb68596aff0"
"09c0a137-c537-4c69-aa8c-f6c1d011f84b","2a3c5541-65b0-4bc8-a1ac-6de7f5138679","6f4cb788-6a4e-49fa-af8b-8ad6a3b0de02","bfa3f155-5222-4840-a6d3-fddc7e72ef30","Quality score 2","-10.0","13:44:34","SKYWAVE_PHASE_4_5","ba66d42d-b6bc-4aa2-a91a-644773d63a0b"
"b65bf259-ee33-4adc-a821-9115e88c6e78","fb62c36b-fd29-4e70-a606-6c709dc951d7","1ffdfd0c-70cf-4803-a2e6-ddee39a8c748","2176793d-4536-4299-a815-665cd12e3689","Intent: Seat Assignment Corrections","-1.0","13:52:09","SKYWAVE_PHASE_4_5","8ae3e991-74d3-4e00-a756-690a60b19c42"
"b65bf259-ee33-4adc-a821-9115e88c6e78","fb62c36b-fd29-4e70-a606-6c709dc951d7","6f4cb788-6a4e-49fa-af8b-8ad6a3b0de02","bfa3f155-5222-4840-a6d3-fddc7e72ef30","Quality score 2","-1.0","13:52:09","SKYWAVE_PHASE_4_5","2743583c-2a9f-4293-aa30-cda883af0ed3"
"c9943bb6-0fcf-48a4-a5b8-9d09d2586df3","fb62c36b-fd29-4e70-a606-6c709dc951d7","1ffdfd0c-70cf-4803-a2e6-ddee39a8c748","f8b5e0e4-571a-46fe-aa92-fcd50b885cc5","Intent: Unsupported Requests","-1.0","13:56:40","SKYWAVE_PHASE_4_5","659fbef5-b762-4a84-aa9a-3e1a72f63974"
"c9943bb6-0fcf-48a4-a5b8-9d09d2586df3","fb62c36b-fd29-4e70-a606-6c709dc951d7","6f4cb788-6a4e-49fa-af8b-8ad6a3b0de02","bfa3f155-5222-4840-a6d3-fddc7e72ef30","Quality score 2","-1.0","13:56:40","SKYWAVE_PHASE_4_5","1d2d9df8-ec3c-4c27-a704-80aeba4061f5"
"f4e24778-0942-4d40-a5fa-ba85145536b0","2d7a7c19-6b2a-4f5b-aab7-2bac527dfd91","1ffdfd0c-70cf-4803-a2e6-ddee39a8c748","2d33fe06-0fb9-4956-a183-1d3bb672ddb7","Intent: Flight Search and Booking","-4.0","19:50:28","SKYWAVE_PHASE_4_5","5bfa5bb0-aa51-46ae-a5f0-bf51e534643b"
"f4e24778-0942-4d40-a5fa-ba85145536b0","2d7a7c19-6b2a-4f5b-aab7-2bac527dfd91","6f4cb788-6a4e-49fa-af8b-8ad6a3b0de02","40c6f573-42d6-4b9d-a349-a5de3d11ffbe","Quality score 4","-4.0","19:50:28","SKYWAVE_PHASE_4_5","618b040b-f1bc-4144-a676-91d533c47f1d"
"b01de665-f037-412d-a8f2-12d041cbdc0d","1e2a4660-a4d7-4bee-a438-d925f4369077","1ffdfd0c-70cf-4803-a2e6-ddee39a8c748","560e4777-8dfc-4ecd-aa43-643d9c351ac5","Intent: Seat Upgrade Requests","-7.0","15:28:03","SKYWAVE_PHASE_4_5","37ea3f35-b6a3-4564-a866-45fbce7534b4"
"b01de665-f037-412d-a8f2-12d041cbdc0d","1e2a4660-a4d7-4bee-a438-d925f4369077","6f4cb788-6a4e-49fa-af8b-8ad6a3b0de02","bfa3f155-5222-4840-a6d3-fddc7e72ef30","Quality score 2","-7.0","15:28:03","SKYWAVE_PHASE_4_5","e8d720fc-039f-4614-ab23-0d363b3b087b"
"ba7465b4-5095-4549-afa6-a6ae796595b7","551fc493-e42e-4281-a013-e9233d7a7df0","1ffdfd0c-70cf-4803-a2e6-ddee39a8c748","acf92f95-57da-46f9-aff0-c1b33d6cc9d4","Intent: Passenger Name Corrections","-12.0","08:49:11","SKYWAVE_PHASE_4_5","59731d24-ca57-46d0-a64a-41246ab7ed82"
"ba7465b4-5095-4549-afa6-a6ae796595b7","551fc493-e42e-4281-a013-e9233d7a7df0","6f4cb788-6a4e-49fa-af8b-8ad6a3b0de02","40c6f573-42d6-4b9d-a349-a5de3d11ffbe","Quality score 4","-12.0","08:49:11","SKYWAVE_PHASE_4_5","0334c2ad-4481-4769-a21d-0ce6c308d9de"
"785cff7e-ed7c-41da-a6b9-9e64ccf5e88e","551fc493-e42e-4281-a013-e9233d7a7df0","1ffdfd0c-70cf-4803-a2e6-ddee39a8c748","2176793d-4536-4299-a815-665cd12e3689","Intent: Seat Assignment Corrections","-12.0","08:50:42","SKYWAVE_PHASE_4_5","8e150abb-a86d-4edc-a0be-159b5524eccc"
"785cff7e-ed7c-41da-a6b9-9e64ccf5e88e","551fc493-e42e-4281-a013-e9233d7a7df0","6f4cb788-6a4e-49fa-af8b-8ad6a3b0de02","a07613f1-f4c8-413f-a7ac-d8af0a446e4e","Quality score 1","-12.0","08:50:42","SKYWAVE_PHASE_4_5","3d8ad0b0-7f98-4870-a725-f83af3c9add5"
"767caba7-d00f-4228-ab3b-d3df9ddccd97","551fc493-e42e-4281-a013-e9233d7a7df0","1ffdfd0c-70cf-4803-a2e6-ddee39a8c748","2d33fe06-0fb9-4956-a183-1d3bb672ddb7","Intent: Flight Search and Booking","-12.0","08:52:17","SKYWAVE_PHASE_4_5","a641759e-38f5-4c4f-afb2-9fde1bfe755f"
"767caba7-d00f-4228-ab3b-d3df9ddccd97","551fc493-e42e-4281-a013-e9233d7a7df0","6f4cb788-6a4e-49fa-af8b-8ad6a3b0de02","977bd81d-f2eb-40c7-a021-c4702b7cdf22","Quality score 5","-12.0","08:52:17","SKYWAVE_PHASE_4_5","61bb08fd-cd24-46cd-a9e3-58434083af40"
"b7eff8f0-e175-4649-aaf8-a2a35720ad37","6a028b10-3524-4224-a001-cfea6fbcb3f6","1ffdfd0c-70cf-4803-a2e6-ddee39a8c748","acf92f95-57da-46f9-aff0-c1b33d6cc9d4","Intent: Passenger Name Corrections","-12.0","18:25:18","SKYWAVE_PHASE_4_5","a5525fa4-f733-45fc-a054-2203eace29c2"
"b7eff8f0-e175-4649-aaf8-a2a35720ad37","6a028b10-3524-4224-a001-cfea6fbcb3f6","6f4cb788-6a4e-49fa-af8b-8ad6a3b0de02","977bd81d-f2eb-40c7-a021-c4702b7cdf22","Quality score 5","-12.0","18:25:18","SKYWAVE_PHASE_4_5","c34329d5-8966-4297-aa11-54e39ab362b4"
"c4711dc2-4336-4718-a3c5-eba54ae10a6b","5cf1fc74-d2e4-419d-a70d-26ea7e964a84","1ffdfd0c-70cf-4803-a2e6-ddee39a8c748","84c29cfb-8468-49f6-aeed-f126d271a498","Intent: Off-Topic General Queries","-6.0","18:01:53","SKYWAVE_PHASE_4_5","0710be0a-fa96-4558-a82b-7ab2ecebb14e"
"c4711dc2-4336-4718-a3c5-eba54ae10a6b","5cf1fc74-d2e4-419d-a70d-26ea7e964a84","6f4cb788-6a4e-49fa-af8b-8ad6a3b0de02","bfa3f155-5222-4840-a6d3-fddc7e72ef30","Quality score 2","-6.0","18:01:53","SKYWAVE_PHASE_4_5","b7e16a56-c6ad-4034-a365-a8d15da851bd"
"777814b0-cbf1-4954-a7bf-34eb9a950a7d","219da89a-c5cd-4fdf-a612-b98d244a5bcb","1ffdfd0c-70cf-4803-a2e6-ddee39a8c748","33d24820-e5ef-443f-a050-6eb5489180c6","Intent: Tier Status and Benefits","-4.0","08:26:12","SKYWAVE_PHASE_4_5","c129b80e-96d2-4f98-a8d5-5b6e520d5220"
"777814b0-cbf1-4954-a7bf-34eb9a950a7d","219da89a-c5cd-4fdf-a612-b98d244a5bcb","6f4cb788-6a4e-49fa-af8b-8ad6a3b0de02","977bd81d-f2eb-40c7-a021-c4702b7cdf22","Quality score 5","-4.0","08:26:12","SKYWAVE_PHASE_4_5","f2255192-13ac-422e-a835-0a9bd3e3660d"
"5c6b0032-8f66-4e26-aafa-62d8e42beba5","9a68f314-dc0e-48d1-aed7-44af7c2479c9","1ffdfd0c-70cf-4803-a2e6-ddee39a8c748","560e4777-8dfc-4ecd-aa43-643d9c351ac5","Intent: Seat Upgrade Requests","-5.0","10:00:57","SKYWAVE_PHASE_4_5","e2cf7aa2-6413-43ba-a395-d5e45af86af1"
"5c6b0032-8f66-4e26-aafa-62d8e42beba5","9a68f314-dc0e-48d1-aed7-44af7c2479c9","6f4cb788-6a4e-49fa-af8b-8ad6a3b0de02","bfa3f155-5222-4840-a6d3-fddc7e72ef30","Quality score 2","-5.0","10:00:57","SKYWAVE_PHASE_4_5","c764a3ae-9850-4d69-ab6a-0a2620e1c458"
"3df7c940-8034-48d9-a93f-6bf430a6afc9","5dd36b0a-d270-41be-a9ef-93ffb2daaa6b","1ffdfd0c-70cf-4803-a2e6-ddee39a8c748","2d33fe06-0fb9-4956-a183-1d3bb672ddb7","Intent: Flight Search and Booking","-3.0","19:45:32","SKYWAVE_PHASE_4_5","7b458c7f-a150-4214-aec4-4f25937ae720"
"3df7c940-8034-48d9-a93f-6bf430a6afc9","5dd36b0a-d270-41be-a9ef-93ffb2daaa6b","6f4cb788-6a4e-49fa-af8b-8ad6a3b0de02","977bd81d-f2eb-40c7-a021-c4702b7cdf22","Quality score 5","-3.0","19:45:32","SKYWAVE_PHASE_4_5","4ee30657-8b75-4fe9-a8e3-11d068cb086f"
"ffe09c93-0099-4967-aee4-48f1db6dd223","5dd36b0a-d270-41be-a9ef-93ffb2daaa6b","1ffdfd0c-70cf-4803-a2e6-ddee39a8c748","6bfb174a-8001-4add-abf0-6d381e435574","Intent: Reservation Modifications and Cancellations","-3.0","19:46:34","SKYWAVE_PHASE_4_5","c249ba90-6586-449c-ad92-dba08e4073f7"
"ffe09c93-0099-4967-aee4-48f1db6dd223","5dd36b0a-d270-41be-a9ef-93ffb2daaa6b","6f4cb788-6a4e-49fa-af8b-8ad6a3b0de02","40c6f573-42d6-4b9d-a349-a5de3d11ffbe","Quality score 4","-3.0","19:46:34","SKYWAVE_PHASE_4_5","c90f8115-60b9-4bbb-a95c-9cbaa31520ad"
"2e70b2a4-5ac0-4c8b-a149-81683b15d699","5dd36b0a-d270-41be-a9ef-93ffb2daaa6b","1ffdfd0c-70cf-4803-a2e6-ddee39a8c748","2176793d-4536-4299-a815-665cd12e3689","Intent: Seat Assignment Corrections","-3.0","19:51:12","SKYWAVE_PHASE_4_5","76603d9b-1227-44be-a65b-d6c43a32b381"
"2e70b2a4-5ac0-4c8b-a149-81683b15d699","5dd36b0a-d270-41be-a9ef-93ffb2daaa6b","6f4cb788-6a4e-49fa-af8b-8ad6a3b0de02","bfa3f155-5222-4840-a6d3-fddc7e72ef30","Quality score 2","-3.0","19:51:12","SKYWAVE_PHASE_4_5","9c123cf2-a49d-4071-ac9b-0b717677331d"
"62e4eab9-1bf3-4eb0-a8df-4b7332c8a43e","a3013d9c-2301-4a5a-a6cd-274731e8af2e","1ffdfd0c-70cf-4803-a2e6-ddee39a8c748","560e4777-8dfc-4ecd-aa43-643d9c351ac5","Intent: Seat Upgrade Requests","-13.0","14:59:52","SKYWAVE_PHASE_4_5","daa43d3e-4e08-447c-aa89-5ae8d489c8ce"
"62e4eab9-1bf3-4eb0-a8df-4b7332c8a43e","a3013d9c-2301-4a5a-a6cd-274731e8af2e","6f4cb788-6a4e-49fa-af8b-8ad6a3b0de02","bfa3f155-5222-4840-a6d3-fddc7e72ef30","Quality score 2","-13.0","14:59:52","SKYWAVE_PHASE_4_5","f06b1b5b-36ef-4d4a-aa3e-385ba1970757"
"00eeb8af-caf3-4d68-ae7f-568a6b518972","a3013d9c-2301-4a5a-a6cd-274731e8af2e","1ffdfd0c-70cf-4803-a2e6-ddee39a8c748","2883b794-f6d9-4a0e-aba0-5b86d2c4611e","Intent: Miles Redemption Requests","-13.0","15:05:16","SKYWAVE_PHASE_4_5","b3e8627c-cbe3-442c-a7d2-8778f902b146"
"00eeb8af-caf3-4d68-ae7f-568a6b518972","a3013d9c-2301-4a5a-a6cd-274731e8af2e","6f4cb788-6a4e-49fa-af8b-8ad6a3b0de02","40c6f573-42d6-4b9d-a349-a5de3d11ffbe","Quality score 4","-13.0","15:05:16","SKYWAVE_PHASE_4_5","a94ef26b-cae4-4be8-a981-c839d1e317a8"
"b70bb037-0095-463b-ac20-ac5b0c6ad609","92137894-6f0f-4506-ac2b-52fa3776ad99","1ffdfd0c-70cf-4803-a2e6-ddee39a8c748","2176793d-4536-4299-a815-665cd12e3689","Intent: Seat Assignment Corrections","-5.0","10:07:27","SKYWAVE_PHASE_4_5","7fa6020d-d5e3-4b6a-ac2b-cc7492ac1d57"
"b70bb037-0095-463b-ac20-ac5b0c6ad609","92137894-6f0f-4506-ac2b-52fa3776ad99","6f4cb788-6a4e-49fa-af8b-8ad6a3b0de02","bfa3f155-5222-4840-a6d3-fddc7e72ef30","Quality score 2","-5.0","10:07:27","SKYWAVE_PHASE_4_5","bbaf1abe-7346-4755-a3ee-32c91529e088"
"1767067a-8111-4c9f-a68f-b5a48bf029fe","80c20992-72e7-4c38-af22-3c49576d4458","1ffdfd0c-70cf-4803-a2e6-ddee39a8c748","981cada7-964f-4af6-a2c5-41f9a73aa021","Intent: Mileage Balance Inquiries","-7.0","17:22:29","SKYWAVE_PHASE_4_5","54774dd1-2a31-40b8-a767-96f5bf7e6428"
"1767067a-8111-4c9f-a68f-b5a48bf029fe","80c20992-72e7-4c38-af22-3c49576d4458","6f4cb788-6a4e-49fa-af8b-8ad6a3b0de02","977bd81d-f2eb-40c7-a021-c4702b7cdf22","Quality score 5","-7.0","17:22:29","SKYWAVE_PHASE_4_5","630d10d8-1f32-4a64-a84c-93154b02f8a2"
"644d931b-c187-401b-a7bd-a20b9e17e43a","008e224e-6b5e-47fc-a054-a8f16b3a8263","1ffdfd0c-70cf-4803-a2e6-ddee39a8c748","2883b794-f6d9-4a0e-aba0-5b86d2c4611e","Intent: Miles Redemption Requests","-7.0","18:27:28","SKYWAVE_PHASE_4_5","2869933a-6aac-4066-a0ee-753a0c2a3950"
"644d931b-c187-401b-a7bd-a20b9e17e43a","008e224e-6b5e-47fc-a054-a8f16b3a8263","6f4cb788-6a4e-49fa-af8b-8ad6a3b0de02","977bd81d-f2eb-40c7-a021-c4702b7cdf22","Quality score 5","-7.0","18:27:28","SKYWAVE_PHASE_4_5","73387e70-6d54-4892-a2da-a3bb7ba16d60"
"9ede2a02-9f80-4c4f-aabe-f151013f8c6d","4bcc7729-5fbe-4bd5-a16c-63248ea1247f","1ffdfd0c-70cf-4803-a2e6-ddee39a8c748","560e4777-8dfc-4ecd-aa43-643d9c351ac5","Intent: Seat Upgrade Requests","-11.0","15:55:55","SKYWAVE_PHASE_4_5","259c2239-436d-4f6c-a102-57c130b8ac47"
"9ede2a02-9f80-4c4f-aabe-f151013f8c6d","4bcc7729-5fbe-4bd5-a16c-63248ea1247f","6f4cb788-6a4e-49fa-af8b-8ad6a3b0de02","bfa3f155-5222-4840-a6d3-fddc7e72ef30","Quality score 2","-11.0","15:55:55","SKYWAVE_PHASE_4_5","7323c8bb-ca22-4071-a0bd-4331d20530b6"
"b3995bc0-035f-4475-a6e1-68e50894b4de","9b72b6e7-d7b7-463d-ad6a-72cc999124a9","1ffdfd0c-70cf-4803-a2e6-ddee39a8c748","2d33fe06-0fb9-4956-a183-1d3bb672ddb7","Intent: Flight Search and Booking","-9.0","19:07:09","SKYWAVE_PHASE_4_5","f3c9ca57-855d-4c34-a183-15a0e66e2b70"
"b3995bc0-035f-4475-a6e1-68e50894b4de","9b72b6e7-d7b7-463d-ad6a-72cc999124a9","6f4cb788-6a4e-49fa-af8b-8ad6a3b0de02","40c6f573-42d6-4b9d-a349-a5de3d11ffbe","Quality score 4","-9.0","19:07:09","SKYWAVE_PHASE_4_5","e569fef6-aa60-43e3-a42e-429f83ca3870"
"c1a63546-03c3-405d-ad22-59ed828097f7","9b72b6e7-d7b7-463d-ad6a-72cc999124a9","1ffdfd0c-70cf-4803-a2e6-ddee39a8c748","560e4777-8dfc-4ecd-aa43-643d9c351ac5","Intent: Seat Upgrade Requests","-9.0","19:11:42","SKYWAVE_PHASE_4_5","330755ec-9b52-4401-ad30-2e9b3498384f"
"c1a63546-03c3-405d-ad22-59ed828097f7","9b72b6e7-d7b7-463d-ad6a-72cc999124a9","6f4cb788-6a4e-49fa-af8b-8ad6a3b0de02","bfa3f155-5222-4840-a6d3-fddc7e72ef30","Quality score 2","-9.0","19:11:42","SKYWAVE_PHASE_4_5","61f8126e-cd26-4684-ac38-82c3b7453083"
"b666c5e7-a3b3-4d8f-a349-efa773abe2d2","49529b76-dfaf-4818-a202-fd6381395f50","1ffdfd0c-70cf-4803-a2e6-ddee39a8c748","33d24820-e5ef-443f-a050-6eb5489180c6","Intent: Tier Status and Benefits","-13.0","12:13:13","SKYWAVE_PHASE_4_5","bacf0a64-1a34-48f4-adbf-efb4514089e7"
"b666c5e7-a3b3-4d8f-a349-efa773abe2d2","49529b76-dfaf-4818-a202-fd6381395f50","6f4cb788-6a4e-49fa-af8b-8ad6a3b0de02","40c6f573-42d6-4b9d-a349-a5de3d11ffbe","Quality score 4","-13.0","12:13:13","SKYWAVE_PHASE_4_5","3dec8e1f-5e94-4796-adc5-6919d166cff2"
"75f2c33f-ce13-4354-ada3-4af0fb2a3487","49529b76-dfaf-4818-a202-fd6381395f50","1ffdfd0c-70cf-4803-a2e6-ddee39a8c748","b7100962-8e79-41cb-a1d9-3b96207d2954","Intent: In-Flight Service Complaints","-13.0","12:16:17","SKYWAVE_PHASE_4_5","738fab37-58a9-41e6-a97f-806e7546e1b0"
"75f2c33f-ce13-4354-ada3-4af0fb2a3487","49529b76-dfaf-4818-a202-fd6381395f50","6f4cb788-6a4e-49fa-af8b-8ad6a3b0de02","af9276e0-232c-453b-ab8e-a994f431cbff","Quality score 3","-13.0","12:16:17","SKYWAVE_PHASE_4_5","c4cc4ad3-956f-4c8b-a087-ec55b3aa7e32"
"75c504f7-b4ab-4c85-a024-65918dbaf49f","49529b76-dfaf-4818-a202-fd6381395f50","1ffdfd0c-70cf-4803-a2e6-ddee39a8c748","2176793d-4536-4299-a815-665cd12e3689","Intent: Seat Assignment Corrections","-13.0","12:21:53","SKYWAVE_PHASE_4_5","1c765d46-ca6a-4224-a762-90a7cf7fafa3"
"75c504f7-b4ab-4c85-a024-65918dbaf49f","49529b76-dfaf-4818-a202-fd6381395f50","6f4cb788-6a4e-49fa-af8b-8ad6a3b0de02","bfa3f155-5222-4840-a6d3-fddc7e72ef30","Quality score 2","-13.0","12:21:53","SKYWAVE_PHASE_4_5","0f46ca34-8319-4218-a177-41d2735437e1"
"9289a767-0a18-4673-a22f-bdd73cb5d021","7f60af3c-9304-46e8-a7e2-f8aec150ad99","1ffdfd0c-70cf-4803-a2e6-ddee39a8c748","2d33fe06-0fb9-4956-a183-1d3bb672ddb7","Intent: Flight Search and Booking","-11.0","18:11:35","SKYWAVE_PHASE_4_5","4719b2f2-b72b-4bc6-ac5a-facb050a0344"
"9289a767-0a18-4673-a22f-bdd73cb5d021","7f60af3c-9304-46e8-a7e2-f8aec150ad99","6f4cb788-6a4e-49fa-af8b-8ad6a3b0de02","977bd81d-f2eb-40c7-a021-c4702b7cdf22","Quality score 5","-11.0","18:11:35","SKYWAVE_PHASE_4_5","a3949d67-e24b-4776-a199-2bc341177d16"
"521c8133-68cc-4e93-a830-d8e577a23ddb","7f60af3c-9304-46e8-a7e2-f8aec150ad99","1ffdfd0c-70cf-4803-a2e6-ddee39a8c748","2176793d-4536-4299-a815-665cd12e3689","Intent: Seat Assignment Corrections","-11.0","18:14:44","SKYWAVE_PHASE_4_5","f211fa7c-60f8-44fb-a3b6-b71873c43f75"
"521c8133-68cc-4e93-a830-d8e577a23ddb","7f60af3c-9304-46e8-a7e2-f8aec150ad99","6f4cb788-6a4e-49fa-af8b-8ad6a3b0de02","bfa3f155-5222-4840-a6d3-fddc7e72ef30","Quality score 2","-11.0","18:14:44","SKYWAVE_PHASE_4_5","cbd66591-e718-4c24-ac90-0ea0de05fe90"
"a21b37ff-9588-4449-a05e-de41bcc7e82c","f8ebdf6a-afac-4695-ab24-7f206ccb7cf2","1ffdfd0c-70cf-4803-a2e6-ddee39a8c748","6bfb174a-8001-4add-abf0-6d381e435574","Intent: Reservation Modifications and Cancellations","-3.0","10:23:29","SKYWAVE_PHASE_4_5","eb6e6b06-52a3-400d-a380-5286fc4dad38"
"a21b37ff-9588-4449-a05e-de41bcc7e82c","f8ebdf6a-afac-4695-ab24-7f206ccb7cf2","6f4cb788-6a4e-49fa-af8b-8ad6a3b0de02","40c6f573-42d6-4b9d-a349-a5de3d11ffbe","Quality score 4","-3.0","10:23:29","SKYWAVE_PHASE_4_5","4dc1ae1c-285d-42c7-a023-c8701b3d9af1"
"9715bbcb-4eea-446c-acba-fedfb25b8675","f8ebdf6a-afac-4695-ab24-7f206ccb7cf2","1ffdfd0c-70cf-4803-a2e6-ddee39a8c748","560e4777-8dfc-4ecd-aa43-643d9c351ac5","Intent: Seat Upgrade Requests","-3.0","10:27:03","SKYWAVE_PHASE_4_5","6a8ec651-5573-4804-a538-ec9fcc4d8e06"
"9715bbcb-4eea-446c-acba-fedfb25b8675","f8ebdf6a-afac-4695-ab24-7f206ccb7cf2","6f4cb788-6a4e-49fa-af8b-8ad6a3b0de02","a07613f1-f4c8-413f-a7ac-d8af0a446e4e","Quality score 1","-3.0","10:27:03","SKYWAVE_PHASE_4_5","9e054214-e9ab-4ab1-a9d8-5c204c73a970"
"cb9ea2e1-9a0b-4038-a7ab-b611539ff26f","2cec9cab-1cae-4ac7-a385-4bcefe645804","1ffdfd0c-70cf-4803-a2e6-ddee39a8c748","6bfb174a-8001-4add-abf0-6d381e435574","Intent: Reservation Modifications and Cancellations","-8.0","13:16:05","SKYWAVE_PHASE_4_5","74d696aa-eb45-4e4c-a2f9-b9faa6b810c3"
"cb9ea2e1-9a0b-4038-a7ab-b611539ff26f","2cec9cab-1cae-4ac7-a385-4bcefe645804","6f4cb788-6a4e-49fa-af8b-8ad6a3b0de02","977bd81d-f2eb-40c7-a021-c4702b7cdf22","Quality score 5","-8.0","13:16:05","SKYWAVE_PHASE_4_5","5993d623-6a60-4bcf-a036-875a15f27a7b"
"530b9daa-ea30-45ea-a317-55e891c2014b","17b778a3-ea97-4809-a1a9-819d99bd0074","1ffdfd0c-70cf-4803-a2e6-ddee39a8c748","bed60ad3-4558-43b9-a5ea-06d58fe3bdcc","Intent: Seat Change Requests","-3.0","16:18:48","SKYWAVE_PHASE_4_5","311be6ff-6b45-4b50-ad64-9b2026bc091f"
"530b9daa-ea30-45ea-a317-55e891c2014b","17b778a3-ea97-4809-a1a9-819d99bd0074","6f4cb788-6a4e-49fa-af8b-8ad6a3b0de02","bfa3f155-5222-4840-a6d3-fddc7e72ef30","Quality score 2","-3.0","16:18:48","SKYWAVE_PHASE_4_5","a3cb3f80-b681-408d-a8f3-4848b172e772"
"6dfa2fd0-43b7-4018-a007-cb67084c128e","e96c9eb2-0ce5-41a6-acfd-7f5f144b9f20","1ffdfd0c-70cf-4803-a2e6-ddee39a8c748","bed60ad3-4558-43b9-a5ea-06d58fe3bdcc","Intent: Seat Change Requests","-3.0","19:28:01","SKYWAVE_PHASE_4_5","7fa48d59-495a-4788-a46d-380961b25485"
"6dfa2fd0-43b7-4018-a007-cb67084c128e","e96c9eb2-0ce5-41a6-acfd-7f5f144b9f20","6f4cb788-6a4e-49fa-af8b-8ad6a3b0de02","a07613f1-f4c8-413f-a7ac-d8af0a446e4e","Quality score 1","-3.0","19:28:01","SKYWAVE_PHASE_4_5","fcb53878-0c2d-4b64-ac6b-a37cab0ed83a"
"bb0d0b90-f07f-4b6b-a740-0d66eb2dbe0a","e96c9eb2-0ce5-41a6-acfd-7f5f144b9f20","1ffdfd0c-70cf-4803-a2e6-ddee39a8c748","8b8f0ad6-2180-4df9-ad17-393b2d1daf41","Intent: Lost Baggage Claims","-3.0","19:33:15","SKYWAVE_PHASE_4_5","d475f4ab-8659-4d5d-a49b-cc784da5d9db"
"bb0d0b90-f07f-4b6b-a740-0d66eb2dbe0a","e96c9eb2-0ce5-41a6-acfd-7f5f144b9f20","6f4cb788-6a4e-49fa-af8b-8ad6a3b0de02","40c6f573-42d6-4b9d-a349-a5de3d11ffbe","Quality score 4","-3.0","19:33:15","SKYWAVE_PHASE_4_5","1a5269b2-0544-4fb8-a8c0-8990d7630346"
"abfd65d4-09e0-4e75-afb9-64aaed4fba4e","e96c9eb2-0ce5-41a6-acfd-7f5f144b9f20","1ffdfd0c-70cf-4803-a2e6-ddee39a8c748","2176793d-4536-4299-a815-665cd12e3689","Intent: Seat Assignment Corrections","-3.0","19:35:57","SKYWAVE_PHASE_4_5","098fb86f-e4ce-4968-a8c0-013fadf87458"
"abfd65d4-09e0-4e75-afb9-64aaed4fba4e","e96c9eb2-0ce5-41a6-acfd-7f5f144b9f20","6f4cb788-6a4e-49fa-af8b-8ad6a3b0de02","a07613f1-f4c8-413f-a7ac-d8af0a446e4e","Quality score 1","-3.0","19:35:57","SKYWAVE_PHASE_4_5","d6238e09-38fc-42a2-a7d8-a6ba101b1e38"
"044bb861-c9ca-4c58-a262-5defae18c8a3","9de69977-6d3b-4b2c-afcb-0c119a26ae38","1ffdfd0c-70cf-4803-a2e6-ddee39a8c748","2883b794-f6d9-4a0e-aba0-5b86d2c4611e","Intent: Miles Redemption Requests","-9.0","19:12:05","SKYWAVE_PHASE_4_5","ea3884dd-3158-4d07-a64e-4cdf4b87a85f"
"044bb861-c9ca-4c58-a262-5defae18c8a3","9de69977-6d3b-4b2c-afcb-0c119a26ae38","6f4cb788-6a4e-49fa-af8b-8ad6a3b0de02","40c6f573-42d6-4b9d-a349-a5de3d11ffbe","Quality score 4","-9.0","19:12:05","SKYWAVE_PHASE_4_5","1ed33f9d-9740-4b9d-a0cf-bb4b6e622947"
"20a20b32-d0ad-4fe5-a864-27cc0371c70b","7d98dda4-aa43-43af-af0f-ef10bfe99442","1ffdfd0c-70cf-4803-a2e6-ddee39a8c748","33d24820-e5ef-443f-a050-6eb5489180c6","Intent: Tier Status and Benefits","-10.0","12:19:49","SKYWAVE_PHASE_4_5","59952bb3-ab60-4f59-a681-10a812648b70"
"20a20b32-d0ad-4fe5-a864-27cc0371c70b","7d98dda4-aa43-43af-af0f-ef10bfe99442","6f4cb788-6a4e-49fa-af8b-8ad6a3b0de02","977bd81d-f2eb-40c7-a021-c4702b7cdf22","Quality score 5","-10.0","12:19:49","SKYWAVE_PHASE_4_5","9eabeede-9d10-4528-a5b5-765c9b5fa9cb"
"4bf6456d-1165-464c-aa23-2e312dbc21aa","7d98dda4-aa43-43af-af0f-ef10bfe99442","1ffdfd0c-70cf-4803-a2e6-ddee39a8c748","2176793d-4536-4299-a815-665cd12e3689","Intent: Seat Assignment Corrections","-10.0","12:23:16","SKYWAVE_PHASE_4_5","213c35b0-04c5-4f36-aae4-c2750d7a7391"
"4bf6456d-1165-464c-aa23-2e312dbc21aa","7d98dda4-aa43-43af-af0f-ef10bfe99442","6f4cb788-6a4e-49fa-af8b-8ad6a3b0de02","a07613f1-f4c8-413f-a7ac-d8af0a446e4e","Quality score 1","-10.0","12:23:16","SKYWAVE_PHASE_4_5","376e83ae-ae32-488d-a30e-177e8ab78e24"
"6af34c1c-0dbb-4424-ab38-d6c9bf65598c","68024bc0-7a86-4886-a8f4-013b34c15244","1ffdfd0c-70cf-4803-a2e6-ddee39a8c748","6bfb174a-8001-4add-abf0-6d381e435574","Intent: Reservation Modifications and Cancellations","-2.0","18:55:55","SKYWAVE_PHASE_4_5","fe12c236-bea5-40a4-afaa-758a80ce3156"
"6af34c1c-0dbb-4424-ab38-d6c9bf65598c","68024bc0-7a86-4886-a8f4-013b34c15244","6f4cb788-6a4e-49fa-af8b-8ad6a3b0de02","977bd81d-f2eb-40c7-a021-c4702b7cdf22","Quality score 5","-2.0","18:55:55","SKYWAVE_PHASE_4_5","0a4fc47a-205d-4036-a3a4-aad478c8814b"
"0c163462-f6e9-46bb-aeb0-fe55b4d06f6b","68024bc0-7a86-4886-a8f4-013b34c15244","1ffdfd0c-70cf-4803-a2e6-ddee39a8c748","2176793d-4536-4299-a815-665cd12e3689","Intent: Seat Assignment Corrections","-2.0","18:57:23","SKYWAVE_PHASE_4_5","92655ac3-de56-4cbc-af83-d49e51b76742"
"0c163462-f6e9-46bb-aeb0-fe55b4d06f6b","68024bc0-7a86-4886-a8f4-013b34c15244","6f4cb788-6a4e-49fa-af8b-8ad6a3b0de02","a07613f1-f4c8-413f-a7ac-d8af0a446e4e","Quality score 1","-2.0","18:57:23","SKYWAVE_PHASE_4_5","e32e1409-e4ec-40ed-a665-05473ae508ba"
"e3ab09be-2545-4dd8-a844-315f77e6fb5b","18742c64-7e9d-4e5d-a264-6e0973b015db","1ffdfd0c-70cf-4803-a2e6-ddee39a8c748","981cada7-964f-4af6-a2c5-41f9a73aa021","Intent: Mileage Balance Inquiries","-4.0","16:26:15","SKYWAVE_PHASE_4_5","e9c5c8d7-df96-492c-ab22-3168ecfb16f1"
"e3ab09be-2545-4dd8-a844-315f77e6fb5b","18742c64-7e9d-4e5d-a264-6e0973b015db","6f4cb788-6a4e-49fa-af8b-8ad6a3b0de02","977bd81d-f2eb-40c7-a021-c4702b7cdf22","Quality score 5","-4.0","16:26:15","SKYWAVE_PHASE_4_5","85531936-adce-4973-a4c4-792bb2bc0a8a"
"5069524b-840a-4fc4-a0cd-a2848f005e03","bc817ceb-5459-4a6c-a5d6-07c3e96dfb35","1ffdfd0c-70cf-4803-a2e6-ddee39a8c748","2176793d-4536-4299-a815-665cd12e3689","Intent: Seat Assignment Corrections","-2.0","19:00:28","SKYWAVE_PHASE_4_5","ce0eecb2-624e-4cda-ad7e-aa1d8ca1babd"
"5069524b-840a-4fc4-a0cd-a2848f005e03","bc817ceb-5459-4a6c-a5d6-07c3e96dfb35","6f4cb788-6a4e-49fa-af8b-8ad6a3b0de02","bfa3f155-5222-4840-a6d3-fddc7e72ef30","Quality score 2","-2.0","19:00:28","SKYWAVE_PHASE_4_5","4eaf87e9-77e2-47b5-a847-09866ade206b"
"e00ac82c-b3da-40d1-a5f3-80232bd6ed7d","f6b0021b-6913-41b3-aa8f-d5217ac0e4fe","1ffdfd0c-70cf-4803-a2e6-ddee39a8c748","2176793d-4536-4299-a815-665cd12e3689","Intent: Seat Assignment Corrections","-5.0","11:19:08","SKYWAVE_PHASE_4_5","3247ea62-3cd0-40a2-ad3f-e19e64bbc360"
"e00ac82c-b3da-40d1-a5f3-80232bd6ed7d","f6b0021b-6913-41b3-aa8f-d5217ac0e4fe","6f4cb788-6a4e-49fa-af8b-8ad6a3b0de02","a07613f1-f4c8-413f-a7ac-d8af0a446e4e","Quality score 1","-5.0","11:19:08","SKYWAVE_PHASE_4_5","9b87ec2f-41c3-4e59-a1b1-7479a339127b"
"9402e447-3dbe-481f-ae29-cbcf2c53a6c6","a6b4541a-2de5-4311-aa6a-a1734b0fb27f","1ffdfd0c-70cf-4803-a2e6-ddee39a8c748","f8b5e0e4-571a-46fe-aa92-fcd50b885cc5","Intent: Unsupported Requests","-2.0","11:57:40","SKYWAVE_PHASE_4_5","cef3353e-957c-4088-a403-a0c8654ed35a"
"9402e447-3dbe-481f-ae29-cbcf2c53a6c6","a6b4541a-2de5-4311-aa6a-a1734b0fb27f","6f4cb788-6a4e-49fa-af8b-8ad6a3b0de02","af9276e0-232c-453b-ab8e-a994f431cbff","Quality score 3","-2.0","11:57:40","SKYWAVE_PHASE_4_5","6eb1df3e-5d78-42be-af08-fd9396fd5c9c"
"f3b6ab04-bc79-40e0-aafd-90a0499fbb24","16cce24b-d2b4-4e40-a007-c9e280109e0c","1ffdfd0c-70cf-4803-a2e6-ddee39a8c748","b7100962-8e79-41cb-a1d9-3b96207d2954","Intent: In-Flight Service Complaints","-2.0","14:49:12","SKYWAVE_PHASE_4_5","476d6275-9400-4884-a95b-a52b58902178"
"f3b6ab04-bc79-40e0-aafd-90a0499fbb24","16cce24b-d2b4-4e40-a007-c9e280109e0c","6f4cb788-6a4e-49fa-af8b-8ad6a3b0de02","40c6f573-42d6-4b9d-a349-a5de3d11ffbe","Quality score 4","-2.0","14:49:12","SKYWAVE_PHASE_4_5","3beb2eb1-7186-4c1f-a7a0-cfefa19e5b3f"
"31fe7694-c478-4b48-a2f0-ff13485bb1d7","16cce24b-d2b4-4e40-a007-c9e280109e0c","1ffdfd0c-70cf-4803-a2e6-ddee39a8c748","ac0c4c75-904b-4cbd-a97e-fce7a397945a","Intent: Booking Confirmation Queries","-2.0","14:53:14","SKYWAVE_PHASE_4_5","2ab6ce22-0450-4a85-ae74-bef723f34702"
"31fe7694-c478-4b48-a2f0-ff13485bb1d7","16cce24b-d2b4-4e40-a007-c9e280109e0c","6f4cb788-6a4e-49fa-af8b-8ad6a3b0de02","40c6f573-42d6-4b9d-a349-a5de3d11ffbe","Quality score 4","-2.0","14:53:14","SKYWAVE_PHASE_4_5","1333ce29-ed37-4ffe-ab6f-cc5ea29930e1"
"7f032568-acbb-4f50-a4f3-53f30def3477","71a998a2-e14c-45ad-a12e-b457d7efcff8","1ffdfd0c-70cf-4803-a2e6-ddee39a8c748","84c29cfb-8468-49f6-aeed-f126d271a498","Intent: Off-Topic General Queries","-3.0","10:52:27","SKYWAVE_PHASE_4_5","e8876078-42a1-444c-a0ad-ebb7679f7716"
"7f032568-acbb-4f50-a4f3-53f30def3477","71a998a2-e14c-45ad-a12e-b457d7efcff8","6f4cb788-6a4e-49fa-af8b-8ad6a3b0de02","bfa3f155-5222-4840-a6d3-fddc7e72ef30","Quality score 2","-3.0","10:52:27","SKYWAVE_PHASE_4_5","e2c8cac3-6d79-4517-a447-5dc4b8b679df"
"43c7c430-2882-468c-a127-1b42881fba20","0baea545-b2dc-460f-aa08-7b5eb3dd7a1b","1ffdfd0c-70cf-4803-a2e6-ddee39a8c748","bed60ad3-4558-43b9-a5ea-06d58fe3bdcc","Intent: Seat Change Requests","-10.0","16:55:47","SKYWAVE_PHASE_4_5","7e078db1-046b-480e-a9d3-819e52af596e"
"43c7c430-2882-468c-a127-1b42881fba20","0baea545-b2dc-460f-aa08-7b5eb3dd7a1b","6f4cb788-6a4e-49fa-af8b-8ad6a3b0de02","a07613f1-f4c8-413f-a7ac-d8af0a446e4e","Quality score 1","-10.0","16:55:47","SKYWAVE_PHASE_4_5","e6bd832d-365f-4068-ae78-ae6a6d3ae87e"
"fa709547-4ce9-4f2a-a4e8-5464236e2dba","fd1e575e-35d2-4b05-a655-9c10eca5507d","1ffdfd0c-70cf-4803-a2e6-ddee39a8c748","f8b5e0e4-571a-46fe-aa92-fcd50b885cc5","Intent: Unsupported Requests","-10.0","16:09:38","SKYWAVE_PHASE_4_5","e439ad9b-38b6-48bd-a0ff-167ef4ca62aa"
"fa709547-4ce9-4f2a-a4e8-5464236e2dba","fd1e575e-35d2-4b05-a655-9c10eca5507d","6f4cb788-6a4e-49fa-af8b-8ad6a3b0de02","bfa3f155-5222-4840-a6d3-fddc7e72ef30","Quality score 2","-10.0","16:09:38","SKYWAVE_PHASE_4_5","53622a31-5396-4680-a2ea-7b0f25216533"
"484bfd6a-2141-404d-a22e-0e4b1ba59e0e","fd1e575e-35d2-4b05-a655-9c10eca5507d","1ffdfd0c-70cf-4803-a2e6-ddee39a8c748","981cada7-964f-4af6-a2c5-41f9a73aa021","Intent: Mileage Balance Inquiries","-10.0","16:14:32","SKYWAVE_PHASE_4_5","7c3995ae-bbc2-40dd-a5eb-2303cc8067b7"
"484bfd6a-2141-404d-a22e-0e4b1ba59e0e","fd1e575e-35d2-4b05-a655-9c10eca5507d","6f4cb788-6a4e-49fa-af8b-8ad6a3b0de02","40c6f573-42d6-4b9d-a349-a5de3d11ffbe","Quality score 4","-10.0","16:14:32","SKYWAVE_PHASE_4_5","7fc8b3bd-e8aa-4934-a670-509a09dd7157"
"de2be8f3-f86d-44a4-a4eb-a782ce0988bf","74a2c710-3ab0-447f-a8b2-b6072dd759b2","1ffdfd0c-70cf-4803-a2e6-ddee39a8c748","560e4777-8dfc-4ecd-aa43-643d9c351ac5","Intent: Seat Upgrade Requests","-12.0","18:22:15","SKYWAVE_PHASE_4_5","19d92327-11b2-4a67-a979-2316434810f9"
"de2be8f3-f86d-44a4-a4eb-a782ce0988bf","74a2c710-3ab0-447f-a8b2-b6072dd759b2","6f4cb788-6a4e-49fa-af8b-8ad6a3b0de02","bfa3f155-5222-4840-a6d3-fddc7e72ef30","Quality score 2","-12.0","18:22:15","SKYWAVE_PHASE_4_5","a0be1a5c-8f4c-4417-a3f2-44e4c398115b"
"17628b78-73b9-4a2a-a3b4-9ac9d443e433","74a2c710-3ab0-447f-a8b2-b6072dd759b2","1ffdfd0c-70cf-4803-a2e6-ddee39a8c748","2d33fe06-0fb9-4956-a183-1d3bb672ddb7","Intent: Flight Search and Booking","-12.0","18:23:47","SKYWAVE_PHASE_4_5","1c278797-ce8c-4ece-a778-aa2a044873a4"
"17628b78-73b9-4a2a-a3b4-9ac9d443e433","74a2c710-3ab0-447f-a8b2-b6072dd759b2","6f4cb788-6a4e-49fa-af8b-8ad6a3b0de02","40c6f573-42d6-4b9d-a349-a5de3d11ffbe","Quality score 4","-12.0","18:23:47","SKYWAVE_PHASE_4_5","8ac6c3a9-3434-48c0-a51a-1279b41d85b1"
"af5c2d32-017b-496d-aab0-13eb077091dc","9dce345a-4d85-41ef-a29d-f6b83e38bc90","1ffdfd0c-70cf-4803-a2e6-ddee39a8c748","f8b5e0e4-571a-46fe-aa92-fcd50b885cc5","Intent: Unsupported Requests","-1.0","16:09:31","SKYWAVE_PHASE_4_5","17157971-1d3e-4812-a7b6-2712fc409d62"
"af5c2d32-017b-496d-aab0-13eb077091dc","9dce345a-4d85-41ef-a29d-f6b83e38bc90","6f4cb788-6a4e-49fa-af8b-8ad6a3b0de02","af9276e0-232c-453b-ab8e-a994f431cbff","Quality score 3","-1.0","16:09:31","SKYWAVE_PHASE_4_5","7f196b11-949a-491d-abe1-55484c2d52fb"
"b0fb4f2f-7c53-41da-ae27-f6ad9e3af92f","8aa6b65f-9560-4405-a4ea-480fd3b83864","1ffdfd0c-70cf-4803-a2e6-ddee39a8c748","f8b5e0e4-571a-46fe-aa92-fcd50b885cc5","Intent: Unsupported Requests","-13.0","19:21:57","SKYWAVE_PHASE_4_5","0da66c7e-556e-45c1-a4ff-a4ae6739c36c"
"b0fb4f2f-7c53-41da-ae27-f6ad9e3af92f","8aa6b65f-9560-4405-a4ea-480fd3b83864","6f4cb788-6a4e-49fa-af8b-8ad6a3b0de02","bfa3f155-5222-4840-a6d3-fddc7e72ef30","Quality score 2","-13.0","19:21:57","SKYWAVE_PHASE_4_5","ba76d838-48a2-4d0e-ae8f-acfb5f66f388"
"96defaf3-5cfc-4e96-a991-43ced9562b20","9564a0f8-7090-40b7-a251-2b6e1bb76d72","1ffdfd0c-70cf-4803-a2e6-ddee39a8c748","33d24820-e5ef-443f-a050-6eb5489180c6","Intent: Tier Status and Benefits","-1.0","16:03:15","SKYWAVE_PHASE_4_5","febdf3f7-6512-48f3-a6a6-ebb7e4d29286"
"96defaf3-5cfc-4e96-a991-43ced9562b20","9564a0f8-7090-40b7-a251-2b6e1bb76d72","6f4cb788-6a4e-49fa-af8b-8ad6a3b0de02","977bd81d-f2eb-40c7-a021-c4702b7cdf22","Quality score 5","-1.0","16:03:15","SKYWAVE_PHASE_4_5","6172098a-33c0-43cb-a13f-194a3bd1993a"
"31488231-0d53-489d-a4df-4095d2362714","9564a0f8-7090-40b7-a251-2b6e1bb76d72","1ffdfd0c-70cf-4803-a2e6-ddee39a8c748","b7100962-8e79-41cb-a1d9-3b96207d2954","Intent: In-Flight Service Complaints","-1.0","16:06:20","SKYWAVE_PHASE_4_5","caacdc43-cb83-477e-a9c5-a5307bb490d6"
"31488231-0d53-489d-a4df-4095d2362714","9564a0f8-7090-40b7-a251-2b6e1bb76d72","6f4cb788-6a4e-49fa-af8b-8ad6a3b0de02","40c6f573-42d6-4b9d-a349-a5de3d11ffbe","Quality score 4","-1.0","16:06:20","SKYWAVE_PHASE_4_5","a2d43f5d-50b4-4aa2-a527-035889afa832"
"430e794c-356d-4404-adb1-fb57a3beaa91","7e0e05c6-98f0-4732-a25b-ceb4d3c0ae6d","1ffdfd0c-70cf-4803-a2e6-ddee39a8c748","acf92f95-57da-46f9-aff0-c1b33d6cc9d4","Intent: Passenger Name Corrections","-9.0","18:51:33","SKYWAVE_PHASE_4_5","ec66cba4-daa1-4ffb-ad2e-6b47aa72088d"
"430e794c-356d-4404-adb1-fb57a3beaa91","7e0e05c6-98f0-4732-a25b-ceb4d3c0ae6d","6f4cb788-6a4e-49fa-af8b-8ad6a3b0de02","40c6f573-42d6-4b9d-a349-a5de3d11ffbe","Quality score 4","-9.0","18:51:33","SKYWAVE_PHASE_4_5","4e8572fb-8b62-414c-a7c1-4773886b64cc"
"ef3ad973-56b1-4012-aa18-7777d5da85f4","7e0e05c6-98f0-4732-a25b-ceb4d3c0ae6d","1ffdfd0c-70cf-4803-a2e6-ddee39a8c748","560e4777-8dfc-4ecd-aa43-643d9c351ac5","Intent: Seat Upgrade Requests","-9.0","18:52:52","SKYWAVE_PHASE_4_5","db2f820b-e342-4e05-aa10-3d4fd866ed9c"
"ef3ad973-56b1-4012-aa18-7777d5da85f4","7e0e05c6-98f0-4732-a25b-ceb4d3c0ae6d","6f4cb788-6a4e-49fa-af8b-8ad6a3b0de02","a07613f1-f4c8-413f-a7ac-d8af0a446e4e","Quality score 1","-9.0","18:52:52","SKYWAVE_PHASE_4_5","8013bcad-27c8-4c0b-aed2-ce967a41c6b7"
"5ac74688-fe4a-4f57-adeb-400aed9f7dbb","6d3ba60d-dcd1-4d4f-a2c8-b8325a420e1f","1ffdfd0c-70cf-4803-a2e6-ddee39a8c748","bed60ad3-4558-43b9-a5ea-06d58fe3bdcc","Intent: Seat Change Requests","-2.0","12:19:46","SKYWAVE_PHASE_4_5","8f4c72a8-917e-4a06-a847-bedb6e9e2ec6"
"5ac74688-fe4a-4f57-adeb-400aed9f7dbb","6d3ba60d-dcd1-4d4f-a2c8-b8325a420e1f","6f4cb788-6a4e-49fa-af8b-8ad6a3b0de02","bfa3f155-5222-4840-a6d3-fddc7e72ef30","Quality score 2","-2.0","12:19:46","SKYWAVE_PHASE_4_5","f8d5bff4-6435-4f99-ad38-40349dc9543d"
"1d418511-9c62-4bf1-a9a2-c5c2d825bd6e","6d3ba60d-dcd1-4d4f-a2c8-b8325a420e1f","1ffdfd0c-70cf-4803-a2e6-ddee39a8c748","6bfb174a-8001-4add-abf0-6d381e435574","Intent: Reservation Modifications and Cancellations","-2.0","12:22:43","SKYWAVE_PHASE_4_5","f3687e96-6fe0-4f5d-af2e-f28c663de7fc"
"1d418511-9c62-4bf1-a9a2-c5c2d825bd6e","6d3ba60d-dcd1-4d4f-a2c8-b8325a420e1f","6f4cb788-6a4e-49fa-af8b-8ad6a3b0de02","977bd81d-f2eb-40c7-a021-c4702b7cdf22","Quality score 5","-2.0","12:22:43","SKYWAVE_PHASE_4_5","5557a1e8-ae83-4aed-a7d7-15463de6bcee"
"a5905b4a-5df7-413d-a0e6-e1f3bf4d925b","42c1b1c7-40b5-48fc-aa2c-b8af97c32f15","1ffdfd0c-70cf-4803-a2e6-ddee39a8c748","2176793d-4536-4299-a815-665cd12e3689","Intent: Seat Assignment Corrections","-1.0","17:49:06","SKYWAVE_PHASE_4_5","363d3013-2ba0-48f3-a7ec-3ddf5d7d3083"
"a5905b4a-5df7-413d-a0e6-e1f3bf4d925b","42c1b1c7-40b5-48fc-aa2c-b8af97c32f15","6f4cb788-6a4e-49fa-af8b-8ad6a3b0de02","a07613f1-f4c8-413f-a7ac-d8af0a446e4e","Quality score 1","-1.0","17:49:06","SKYWAVE_PHASE_4_5","3ab4cf30-2f61-4558-ae56-913bd6999f3d"
"623892ec-a5cd-471d-ad18-6432dafb69e6","a2ffa8cf-179e-43bd-aa79-46141990e949","1ffdfd0c-70cf-4803-a2e6-ddee39a8c748","ac0c4c75-904b-4cbd-a97e-fce7a397945a","Intent: Booking Confirmation Queries","-8.0","13:02:43","SKYWAVE_PHASE_4_5","be04e1b7-3a3b-4161-aab4-86c8b6f50dea"
"623892ec-a5cd-471d-ad18-6432dafb69e6","a2ffa8cf-179e-43bd-aa79-46141990e949","6f4cb788-6a4e-49fa-af8b-8ad6a3b0de02","977bd81d-f2eb-40c7-a021-c4702b7cdf22","Quality score 5","-8.0","13:02:43","SKYWAVE_PHASE_4_5","bb68bc55-f264-4323-add2-811138663482"
"94d2addf-fb79-4b92-a4ca-308c25fe7501","3dfbe3e6-fba8-4f49-a81c-7523ecad0a47","1ffdfd0c-70cf-4803-a2e6-ddee39a8c748","0cc5b3be-ec6a-4ca7-a940-5bbf1f92a89a","Intent: Name Spelling Updates","-8.0","17:41:32","SKYWAVE_PHASE_4_5","202c129c-0a47-4651-a14f-501f37c7ae88"
"94d2addf-fb79-4b92-a4ca-308c25fe7501","3dfbe3e6-fba8-4f49-a81c-7523ecad0a47","6f4cb788-6a4e-49fa-af8b-8ad6a3b0de02","977bd81d-f2eb-40c7-a021-c4702b7cdf22","Quality score 5","-8.0","17:41:32","SKYWAVE_PHASE_4_5","f618fc47-89e1-4806-a609-32ac9e8a88d8"
"fb557551-32e3-4629-a88c-0e7d33f19044","d296eb06-56ac-4e77-ace6-87ecf8bbc226","1ffdfd0c-70cf-4803-a2e6-ddee39a8c748","bed60ad3-4558-43b9-a5ea-06d58fe3bdcc","Intent: Seat Change Requests","-7.0","17:12:50","SKYWAVE_PHASE_4_5","a62693aa-4580-4fa8-a99d-174746ccd03e"
"fb557551-32e3-4629-a88c-0e7d33f19044","d296eb06-56ac-4e77-ace6-87ecf8bbc226","6f4cb788-6a4e-49fa-af8b-8ad6a3b0de02","a07613f1-f4c8-413f-a7ac-d8af0a446e4e","Quality score 1","-7.0","17:12:50","SKYWAVE_PHASE_4_5","03888089-f955-4f67-af77-7cbe8be1e248"
"4c372de3-5d95-4e94-a04f-00c815ace854","d296eb06-56ac-4e77-ace6-87ecf8bbc226","1ffdfd0c-70cf-4803-a2e6-ddee39a8c748","2883b794-f6d9-4a0e-aba0-5b86d2c4611e","Intent: Miles Redemption Requests","-7.0","17:15:08","SKYWAVE_PHASE_4_5","1b80fbe8-f11c-45a5-af4b-db1fcbee145f"
"4c372de3-5d95-4e94-a04f-00c815ace854","d296eb06-56ac-4e77-ace6-87ecf8bbc226","6f4cb788-6a4e-49fa-af8b-8ad6a3b0de02","977bd81d-f2eb-40c7-a021-c4702b7cdf22","Quality score 5","-7.0","17:15:08","SKYWAVE_PHASE_4_5","5fc185b0-cbce-496a-abaf-b41ba3f7f71e"
"2d1e6c4f-7f33-4de5-a257-871c57033c95","d296eb06-56ac-4e77-ace6-87ecf8bbc226","1ffdfd0c-70cf-4803-a2e6-ddee39a8c748","33d24820-e5ef-443f-a050-6eb5489180c6","Intent: Tier Status and Benefits","-7.0","17:16:37","SKYWAVE_PHASE_4_5","75f27000-420a-4021-ae2d-17c12fcc14dd"
"2d1e6c4f-7f33-4de5-a257-871c57033c95","d296eb06-56ac-4e77-ace6-87ecf8bbc226","6f4cb788-6a4e-49fa-af8b-8ad6a3b0de02","40c6f573-42d6-4b9d-a349-a5de3d11ffbe","Quality score 4","-7.0","17:16:37","SKYWAVE_PHASE_4_5","53539997-5526-49a9-a46f-99a63755ca08"
"4f2ec292-2d17-4be7-aecc-3261c6826dc9","73986325-4d73-4df2-a23f-4b418945029a","1ffdfd0c-70cf-4803-a2e6-ddee39a8c748","8b8f0ad6-2180-4df9-ad17-393b2d1daf41","Intent: Lost Baggage Claims","-12.0","13:32:46","SKYWAVE_PHASE_4_5","4a5f02b1-019f-42a5-a7af-8fdd3e304798"
"4f2ec292-2d17-4be7-aecc-3261c6826dc9","73986325-4d73-4df2-a23f-4b418945029a","6f4cb788-6a4e-49fa-af8b-8ad6a3b0de02","40c6f573-42d6-4b9d-a349-a5de3d11ffbe","Quality score 4","-12.0","13:32:46","SKYWAVE_PHASE_4_5","97b220f6-75eb-408f-a1df-148aa24485fc"
"34ef6dfd-da70-45d0-af27-2c426b3a48f0","28738406-d9ec-4c67-ac6e-13df75fa62b4","1ffdfd0c-70cf-4803-a2e6-ddee39a8c748","6bfb174a-8001-4add-abf0-6d381e435574","Intent: Reservation Modifications and Cancellations","-4.0","09:06:22","SKYWAVE_PHASE_4_5","4de20eef-4be8-4bc2-acbe-2295b9519d53"
"34ef6dfd-da70-45d0-af27-2c426b3a48f0","28738406-d9ec-4c67-ac6e-13df75fa62b4","6f4cb788-6a4e-49fa-af8b-8ad6a3b0de02","40c6f573-42d6-4b9d-a349-a5de3d11ffbe","Quality score 4","-4.0","09:06:22","SKYWAVE_PHASE_4_5","6e3541db-f710-43e0-a353-478941cc7216"
"74e8f18a-e293-4273-a2e8-f172356ea341","28738406-d9ec-4c67-ac6e-13df75fa62b4","1ffdfd0c-70cf-4803-a2e6-ddee39a8c748","84c29cfb-8468-49f6-aeed-f126d271a498","Intent: Off-Topic General Queries","-4.0","09:11:37","SKYWAVE_PHASE_4_5","8ec36953-9846-44b8-a83a-bfd1e0b8ecc3"
"74e8f18a-e293-4273-a2e8-f172356ea341","28738406-d9ec-4c67-ac6e-13df75fa62b4","6f4cb788-6a4e-49fa-af8b-8ad6a3b0de02","bfa3f155-5222-4840-a6d3-fddc7e72ef30","Quality score 2","-4.0","09:11:37","SKYWAVE_PHASE_4_5","dfacc861-1c93-42a7-acf1-6fbe5e659ce7"
"b827dc2f-af72-4010-a0bd-fbc6e4c3941f","28738406-d9ec-4c67-ac6e-13df75fa62b4","1ffdfd0c-70cf-4803-a2e6-ddee39a8c748","bed60ad3-4558-43b9-a5ea-06d58fe3bdcc","Intent: Seat Change Requests","-4.0","09:16:40","SKYWAVE_PHASE_4_5","71efc9f4-f299-4bdd-a371-0828646ebc36"
"b827dc2f-af72-4010-a0bd-fbc6e4c3941f","28738406-d9ec-4c67-ac6e-13df75fa62b4","6f4cb788-6a4e-49fa-af8b-8ad6a3b0de02","a07613f1-f4c8-413f-a7ac-d8af0a446e4e","Quality score 1","-4.0","09:16:40","SKYWAVE_PHASE_4_5","db3a027b-6047-46a1-a9e4-237d10f3ffa6"
"2b1e3029-f172-4e76-a1a8-d4836ba14efd","e6c958d8-6db4-4e7e-a92f-663813376e91","1ffdfd0c-70cf-4803-a2e6-ddee39a8c748","84c29cfb-8468-49f6-aeed-f126d271a498","Intent: Off-Topic General Queries","-6.0","16:55:42","SKYWAVE_PHASE_4_5","36f825c3-2381-42cd-a4e0-9c32f1eec8b0"
"2b1e3029-f172-4e76-a1a8-d4836ba14efd","e6c958d8-6db4-4e7e-a92f-663813376e91","6f4cb788-6a4e-49fa-af8b-8ad6a3b0de02","bfa3f155-5222-4840-a6d3-fddc7e72ef30","Quality score 2","-6.0","16:55:42","SKYWAVE_PHASE_4_5","9cef931a-e014-450e-a0bb-fc0088d96fa9"
"2ea8a2e1-17e4-41db-a4b9-053e6c32881a","e6c958d8-6db4-4e7e-a92f-663813376e91","1ffdfd0c-70cf-4803-a2e6-ddee39a8c748","2176793d-4536-4299-a815-665cd12e3689","Intent: Seat Assignment Corrections","-6.0","16:58:19","SKYWAVE_PHASE_4_5","4359e898-5388-42e4-a496-a39bb95e7eb9"
"2ea8a2e1-17e4-41db-a4b9-053e6c32881a","e6c958d8-6db4-4e7e-a92f-663813376e91","6f4cb788-6a4e-49fa-af8b-8ad6a3b0de02","a07613f1-f4c8-413f-a7ac-d8af0a446e4e","Quality score 1","-6.0","16:58:19","SKYWAVE_PHASE_4_5","96802aac-8574-4b45-a02f-a7a688e4cfc5"
"e7664e1a-0ca9-4568-afe9-ee7f84ffa1bf","ab8b2235-96e7-4738-a629-22efa69c9817","1ffdfd0c-70cf-4803-a2e6-ddee39a8c748","8b8f0ad6-2180-4df9-ad17-393b2d1daf41","Intent: Lost Baggage Claims","-8.0","13:25:05","SKYWAVE_PHASE_4_5","3136a125-389c-4a23-a9d8-dce74522fd7e"
"e7664e1a-0ca9-4568-afe9-ee7f84ffa1bf","ab8b2235-96e7-4738-a629-22efa69c9817","6f4cb788-6a4e-49fa-af8b-8ad6a3b0de02","af9276e0-232c-453b-ab8e-a994f431cbff","Quality score 3","-8.0","13:25:05","SKYWAVE_PHASE_4_5","71c2a259-9975-4208-a916-6f7e8fc81709"
"6486cf8f-6f53-4559-ae85-4c34def54d20","de407bb5-e33d-49d4-a336-6d05c16f6ece","1ffdfd0c-70cf-4803-a2e6-ddee39a8c748","6bfb174a-8001-4add-abf0-6d381e435574","Intent: Reservation Modifications and Cancellations","-5.0","12:44:11","SKYWAVE_PHASE_4_5","7f3cdfda-feba-4417-acbb-bfe236815013"
"6486cf8f-6f53-4559-ae85-4c34def54d20","de407bb5-e33d-49d4-a336-6d05c16f6ece","6f4cb788-6a4e-49fa-af8b-8ad6a3b0de02","977bd81d-f2eb-40c7-a021-c4702b7cdf22","Quality score 5","-5.0","12:44:11","SKYWAVE_PHASE_4_5","0cac7e44-d4b4-4060-a6bb-ff20c9cb1fe4"
"16193354-dc9c-4617-a69f-007967379b3d","de407bb5-e33d-49d4-a336-6d05c16f6ece","1ffdfd0c-70cf-4803-a2e6-ddee39a8c748","f8b5e0e4-571a-46fe-aa92-fcd50b885cc5","Intent: Unsupported Requests","-5.0","12:45:57","SKYWAVE_PHASE_4_5","389a82cd-9541-4663-abf1-69f9c8af81ab"
"16193354-dc9c-4617-a69f-007967379b3d","de407bb5-e33d-49d4-a336-6d05c16f6ece","6f4cb788-6a4e-49fa-af8b-8ad6a3b0de02","af9276e0-232c-453b-ab8e-a994f431cbff","Quality score 3","-5.0","12:45:57","SKYWAVE_PHASE_4_5","bcb7564f-e188-4e48-a0df-c2ba7428599f"
"d8c9b6e3-536f-4079-abb3-55e34b3c2111","293fc297-3bfa-4417-a530-3bd9b0934edd","1ffdfd0c-70cf-4803-a2e6-ddee39a8c748","bf97a1fb-438c-420f-a37b-d4e6cf4aea0e","Intent: Refund Requests for Service Issues","-14.0","08:42:23","SKYWAVE_PHASE_4_5","4af8a5ae-800a-490d-afbf-d5267999b233"
"d8c9b6e3-536f-4079-abb3-55e34b3c2111","293fc297-3bfa-4417-a530-3bd9b0934edd","6f4cb788-6a4e-49fa-af8b-8ad6a3b0de02","40c6f573-42d6-4b9d-a349-a5de3d11ffbe","Quality score 4","-14.0","08:42:23","SKYWAVE_PHASE_4_5","e9591d79-4769-42e5-a8ef-e08e605ee0a5"
"be232820-a53a-4858-a165-73ab44a57cb9","cbd4e804-7fdd-461b-a786-83c8d68467ae","1ffdfd0c-70cf-4803-a2e6-ddee39a8c748","0cc5b3be-ec6a-4ca7-a940-5bbf1f92a89a","Intent: Name Spelling Updates","-13.0","16:42:27","SKYWAVE_PHASE_4_5","ed7f6bbc-8683-44c0-a5b5-371c8b7209c0"
"be232820-a53a-4858-a165-73ab44a57cb9","cbd4e804-7fdd-461b-a786-83c8d68467ae","6f4cb788-6a4e-49fa-af8b-8ad6a3b0de02","40c6f573-42d6-4b9d-a349-a5de3d11ffbe","Quality score 4","-13.0","16:42:27","SKYWAVE_PHASE_4_5","b0754a93-ed2e-45f0-a49e-0f455b9a4844"
"5f0dbba7-40f1-4c5c-a03b-f66f7d5d448f","8bb69671-3e85-43c1-a954-a4505b13f073","1ffdfd0c-70cf-4803-a2e6-ddee39a8c748","560e4777-8dfc-4ecd-aa43-643d9c351ac5","Intent: Seat Upgrade Requests","-7.0","18:54:47","SKYWAVE_PHASE_4_5","207c9ce3-b6af-4d05-afdc-8cf1efa17a2b"
"5f0dbba7-40f1-4c5c-a03b-f66f7d5d448f","8bb69671-3e85-43c1-a954-a4505b13f073","6f4cb788-6a4e-49fa-af8b-8ad6a3b0de02","bfa3f155-5222-4840-a6d3-fddc7e72ef30","Quality score 2","-7.0","18:54:47","SKYWAVE_PHASE_4_5","f02c3973-24ad-421c-a2bd-e6a59454b01b"
"45e44efa-1d52-4b28-a9f0-034a0f818a46","8bb69671-3e85-43c1-a954-a4505b13f073","1ffdfd0c-70cf-4803-a2e6-ddee39a8c748","2d33fe06-0fb9-4956-a183-1d3bb672ddb7","Intent: Flight Search and Booking","-7.0","18:59:27","SKYWAVE_PHASE_4_5","8db58fbd-c121-40e0-a4ba-ef10d6dea97e"
"45e44efa-1d52-4b28-a9f0-034a0f818a46","8bb69671-3e85-43c1-a954-a4505b13f073","6f4cb788-6a4e-49fa-af8b-8ad6a3b0de02","40c6f573-42d6-4b9d-a349-a5de3d11ffbe","Quality score 4","-7.0","18:59:27","SKYWAVE_PHASE_4_5","4c376302-ec93-42b2-a7b1-8aabe8ba2deb"
"c0e54dd2-48b5-4516-a877-a5f69449b910","28ca6435-65ad-4f7a-a1d8-9bc5573f16a0","1ffdfd0c-70cf-4803-a2e6-ddee39a8c748","981cada7-964f-4af6-a2c5-41f9a73aa021","Intent: Mileage Balance Inquiries","-9.0","08:55:42","SKYWAVE_PHASE_4_5","1b8dd36d-5272-4a82-af3a-230147ce90c8"
"c0e54dd2-48b5-4516-a877-a5f69449b910","28ca6435-65ad-4f7a-a1d8-9bc5573f16a0","6f4cb788-6a4e-49fa-af8b-8ad6a3b0de02","977bd81d-f2eb-40c7-a021-c4702b7cdf22","Quality score 5","-9.0","08:55:42","SKYWAVE_PHASE_4_5","84a53fe6-7a02-405d-a312-8c46eab08f70"
"4de6bbfc-a709-419d-a039-f5f52ca9d963","28ca6435-65ad-4f7a-a1d8-9bc5573f16a0","1ffdfd0c-70cf-4803-a2e6-ddee39a8c748","acf92f95-57da-46f9-aff0-c1b33d6cc9d4","Intent: Passenger Name Corrections","-9.0","08:57:19","SKYWAVE_PHASE_4_5","71d1a9e7-f9ce-4fba-a136-9c3d5dd53656"
"4de6bbfc-a709-419d-a039-f5f52ca9d963","28ca6435-65ad-4f7a-a1d8-9bc5573f16a0","6f4cb788-6a4e-49fa-af8b-8ad6a3b0de02","977bd81d-f2eb-40c7-a021-c4702b7cdf22","Quality score 5","-9.0","08:57:19","SKYWAVE_PHASE_4_5","e6997421-3bc6-4892-a132-f196e9952d04"
"a3a09283-3f6d-4dc6-aef5-4901f2f82a0b","a40c8fdf-8bf0-47a4-ae49-a9d266ac7362","1ffdfd0c-70cf-4803-a2e6-ddee39a8c748","bed60ad3-4558-43b9-a5ea-06d58fe3bdcc","Intent: Seat Change Requests","-14.0","12:50:51","SKYWAVE_PHASE_4_5","f09e2e31-b157-4d55-a683-66c2a881801e"
"a3a09283-3f6d-4dc6-aef5-4901f2f82a0b","a40c8fdf-8bf0-47a4-ae49-a9d266ac7362","6f4cb788-6a4e-49fa-af8b-8ad6a3b0de02","a07613f1-f4c8-413f-a7ac-d8af0a446e4e","Quality score 1","-14.0","12:50:51","SKYWAVE_PHASE_4_5","6b7fdba9-cdd6-4ba6-a4f3-973a35ea94c6"
"b643a729-c544-4306-a642-907140c1e753","566e35bc-b781-432b-a362-adb983d35275","1ffdfd0c-70cf-4803-a2e6-ddee39a8c748","acf92f95-57da-46f9-aff0-c1b33d6cc9d4","Intent: Passenger Name Corrections","-12.0","13:18:50","SKYWAVE_PHASE_4_5","3be4e7e7-b55d-4f06-ae23-223f7c6616b9"
"b643a729-c544-4306-a642-907140c1e753","566e35bc-b781-432b-a362-adb983d35275","6f4cb788-6a4e-49fa-af8b-8ad6a3b0de02","40c6f573-42d6-4b9d-a349-a5de3d11ffbe","Quality score 4","-12.0","13:18:50","SKYWAVE_PHASE_4_5","5bbbc0c4-11b5-4291-afe5-98404afb67c4"
"09d1641b-b427-4eb2-af9f-d38294a52cf2","566e35bc-b781-432b-a362-adb983d35275","1ffdfd0c-70cf-4803-a2e6-ddee39a8c748","2d33fe06-0fb9-4956-a183-1d3bb672ddb7","Intent: Flight Search and Booking","-12.0","13:22:48","SKYWAVE_PHASE_4_5","a85c59b4-de09-417c-a3c1-c883639c953f"
"09d1641b-b427-4eb2-af9f-d38294a52cf2","566e35bc-b781-432b-a362-adb983d35275","6f4cb788-6a4e-49fa-af8b-8ad6a3b0de02","40c6f573-42d6-4b9d-a349-a5de3d11ffbe","Quality score 4","-12.0","13:22:48","SKYWAVE_PHASE_4_5","ce810956-50c3-4e31-a4e8-e96a0ca25512"
"fa00c4bf-7be2-4f88-af43-08589c7117b8","c9de933d-ed30-46ed-aa36-e424d453b093","1ffdfd0c-70cf-4803-a2e6-ddee39a8c748","2176793d-4536-4299-a815-665cd12e3689","Intent: Seat Assignment Corrections","-1.0","18:26:11","SKYWAVE_PHASE_4_5","a94b6efa-66ea-4800-a684-17852b3b2c50"
"fa00c4bf-7be2-4f88-af43-08589c7117b8","c9de933d-ed30-46ed-aa36-e424d453b093","6f4cb788-6a4e-49fa-af8b-8ad6a3b0de02","a07613f1-f4c8-413f-a7ac-d8af0a446e4e","Quality score 1","-1.0","18:26:11","SKYWAVE_PHASE_4_5","7bfc5c71-ff36-4352-a579-ee039da303d4"
"385cea45-bcb6-45dd-af55-d1e3266fffc1","c9de933d-ed30-46ed-aa36-e424d453b093","1ffdfd0c-70cf-4803-a2e6-ddee39a8c748","bed60ad3-4558-43b9-a5ea-06d58fe3bdcc","Intent: Seat Change Requests","-1.0","18:27:41","SKYWAVE_PHASE_4_5","212a21e6-998e-4dfe-a032-5cc78f55f543"
"385cea45-bcb6-45dd-af55-d1e3266fffc1","c9de933d-ed30-46ed-aa36-e424d453b093","6f4cb788-6a4e-49fa-af8b-8ad6a3b0de02","a07613f1-f4c8-413f-a7ac-d8af0a446e4e","Quality score 1","-1.0","18:27:41","SKYWAVE_PHASE_4_5","b581bd3f-a308-47a0-af9b-ab45d35dca62"
"6f9c36b5-9e5b-4547-a73b-662693fb11ab","c9de933d-ed30-46ed-aa36-e424d453b093","1ffdfd0c-70cf-4803-a2e6-ddee39a8c748","560e4777-8dfc-4ecd-aa43-643d9c351ac5","Intent: Seat Upgrade Requests","-1.0","18:31:16","SKYWAVE_PHASE_4_5","92499a0d-4fb9-4a21-ad9f-86c1331ee7cb"
"6f9c36b5-9e5b-4547-a73b-662693fb11ab","c9de933d-ed30-46ed-aa36-e424d453b093","6f4cb788-6a4e-49fa-af8b-8ad6a3b0de02","bfa3f155-5222-4840-a6d3-fddc7e72ef30","Quality score 2","-1.0","18:31:16","SKYWAVE_PHASE_4_5","22c30111-5e0e-42c4-ac9c-14ffca484948"
"99925696-3470-45ee-ae56-e63b65232f99","f387fbd4-6401-4ce5-aa4b-15c775e87c5a","1ffdfd0c-70cf-4803-a2e6-ddee39a8c748","bf97a1fb-438c-420f-a37b-d4e6cf4aea0e","Intent: Refund Requests for Service Issues","-1.0","16:07:24","SKYWAVE_PHASE_4_5","9c7b51ce-2d2a-492e-ab7a-e5e7685cf4c7"
"99925696-3470-45ee-ae56-e63b65232f99","f387fbd4-6401-4ce5-aa4b-15c775e87c5a","6f4cb788-6a4e-49fa-af8b-8ad6a3b0de02","40c6f573-42d6-4b9d-a349-a5de3d11ffbe","Quality score 4","-1.0","16:07:24","SKYWAVE_PHASE_4_5","25280b9c-c109-4e43-a3a3-da86286dced6"
"3694dc0b-8444-4fde-ab92-ce614fdd3616","544d3f4f-2885-40ea-a023-fdf1fe09e42f","1ffdfd0c-70cf-4803-a2e6-ddee39a8c748","560e4777-8dfc-4ecd-aa43-643d9c351ac5","Intent: Seat Upgrade Requests","-13.0","14:25:27","SKYWAVE_PHASE_4_5","662aa4d3-115a-46ce-a008-0fd874753d75"
"3694dc0b-8444-4fde-ab92-ce614fdd3616","544d3f4f-2885-40ea-a023-fdf1fe09e42f","6f4cb788-6a4e-49fa-af8b-8ad6a3b0de02","bfa3f155-5222-4840-a6d3-fddc7e72ef30","Quality score 2","-13.0","14:25:27","SKYWAVE_PHASE_4_5","053b8a31-c1a4-4990-af54-f70aab1ab68b"
"1b697161-00b2-4689-ae8e-f8add50d0946","544d3f4f-2885-40ea-a023-fdf1fe09e42f","1ffdfd0c-70cf-4803-a2e6-ddee39a8c748","2d33fe06-0fb9-4956-a183-1d3bb672ddb7","Intent: Flight Search and Booking","-13.0","14:27:52","SKYWAVE_PHASE_4_5","0c952ae3-be4b-4c9c-ac57-b8101b6e0930"
"1b697161-00b2-4689-ae8e-f8add50d0946","544d3f4f-2885-40ea-a023-fdf1fe09e42f","6f4cb788-6a4e-49fa-af8b-8ad6a3b0de02","977bd81d-f2eb-40c7-a021-c4702b7cdf22","Quality score 5","-13.0","14:27:52","SKYWAVE_PHASE_4_5","2e7abc71-ef0a-4b35-abd2-74e56e740c22"
"2853aefa-7646-4ac4-a055-d89411a84e97","14922ad9-90b3-4444-acf7-8b645e01f09d","1ffdfd0c-70cf-4803-a2e6-ddee39a8c748","ac0c4c75-904b-4cbd-a97e-fce7a397945a","Intent: Booking Confirmation Queries","-1.0","08:14:54","SKYWAVE_PHASE_4_5","e770249b-950e-4ac4-aa49-3c09087cdfcf"
"2853aefa-7646-4ac4-a055-d89411a84e97","14922ad9-90b3-4444-acf7-8b645e01f09d","6f4cb788-6a4e-49fa-af8b-8ad6a3b0de02","40c6f573-42d6-4b9d-a349-a5de3d11ffbe","Quality score 4","-1.0","08:14:54","SKYWAVE_PHASE_4_5","3d42211f-012d-4950-a265-63db4c918b40"
"bd4621a6-878a-46ee-add0-745c868c2a99","d067e117-48f4-4244-a4f5-d9a138cd18eb","1ffdfd0c-70cf-4803-a2e6-ddee39a8c748","8b8f0ad6-2180-4df9-ad17-393b2d1daf41","Intent: Lost Baggage Claims","-1.0","13:42:11","SKYWAVE_PHASE_4_5","b7460f2c-3d36-489d-a603-7d62d95dce1e"
"bd4621a6-878a-46ee-add0-745c868c2a99","d067e117-48f4-4244-a4f5-d9a138cd18eb","6f4cb788-6a4e-49fa-af8b-8ad6a3b0de02","af9276e0-232c-453b-ab8e-a994f431cbff","Quality score 3","-1.0","13:42:11","SKYWAVE_PHASE_4_5","899bbd80-9064-4fb1-a27b-28730abdb03e"
"02879a3f-3ff2-4fce-ac23-07cfb6d91202","d067e117-48f4-4244-a4f5-d9a138cd18eb","1ffdfd0c-70cf-4803-a2e6-ddee39a8c748","560e4777-8dfc-4ecd-aa43-643d9c351ac5","Intent: Seat Upgrade Requests","-1.0","13:43:34","SKYWAVE_PHASE_4_5","d609ed73-35a8-4f61-a931-ff3e1c2f5c87"
"02879a3f-3ff2-4fce-ac23-07cfb6d91202","d067e117-48f4-4244-a4f5-d9a138cd18eb","6f4cb788-6a4e-49fa-af8b-8ad6a3b0de02","a07613f1-f4c8-413f-a7ac-d8af0a446e4e","Quality score 1","-1.0","13:43:34","SKYWAVE_PHASE_4_5","b91878a6-a82a-47a7-af69-774ac818c156"
"1143d970-20be-495f-aca0-866eb1e90197","e9061720-7ee9-4aa9-a7b9-088a44724ec2","1ffdfd0c-70cf-4803-a2e6-ddee39a8c748","b7100962-8e79-41cb-a1d9-3b96207d2954","Intent: In-Flight Service Complaints","-2.0","16:38:23","SKYWAVE_PHASE_4_5","8367ee77-d288-4fd0-a14b-cc1c51c93a80"
"1143d970-20be-495f-aca0-866eb1e90197","e9061720-7ee9-4aa9-a7b9-088a44724ec2","6f4cb788-6a4e-49fa-af8b-8ad6a3b0de02","40c6f573-42d6-4b9d-a349-a5de3d11ffbe","Quality score 4","-2.0","16:38:23","SKYWAVE_PHASE_4_5","e2bb229a-4f05-4a3f-adbe-a73dabd0a341"
"5787f7cb-03d1-4ac9-ad8a-68090e99806f","94148ba5-d821-41f8-ac7b-920ad8825ee9","1ffdfd0c-70cf-4803-a2e6-ddee39a8c748","2883b794-f6d9-4a0e-aba0-5b86d2c4611e","Intent: Miles Redemption Requests","-6.0","15:20:53","SKYWAVE_PHASE_4_5","d09eaa02-c9e8-453c-abef-70eb92d7b012"
"5787f7cb-03d1-4ac9-ad8a-68090e99806f","94148ba5-d821-41f8-ac7b-920ad8825ee9","6f4cb788-6a4e-49fa-af8b-8ad6a3b0de02","40c6f573-42d6-4b9d-a349-a5de3d11ffbe","Quality score 4","-6.0","15:20:53","SKYWAVE_PHASE_4_5","27844fe5-5ba7-4d9d-a3a8-e88e80d0d825"
"6e7b36e7-b7a1-4d69-a789-3a9336c103e8","6ecf46e7-fccf-4e3f-a4ed-8f8db12f5279","1ffdfd0c-70cf-4803-a2e6-ddee39a8c748","6bfb174a-8001-4add-abf0-6d381e435574","Intent: Reservation Modifications and Cancellations","-7.0","13:05:39","SKYWAVE_PHASE_4_5","8510516f-1756-4a72-a985-20f51725b197"
"6e7b36e7-b7a1-4d69-a789-3a9336c103e8","6ecf46e7-fccf-4e3f-a4ed-8f8db12f5279","6f4cb788-6a4e-49fa-af8b-8ad6a3b0de02","40c6f573-42d6-4b9d-a349-a5de3d11ffbe","Quality score 4","-7.0","13:05:39","SKYWAVE_PHASE_4_5","0abc9a26-93cf-4ef8-a55d-03ad54cb5931"
"acd6610f-0f45-442d-a953-d35d84f28534","6ecf46e7-fccf-4e3f-a4ed-8f8db12f5279","1ffdfd0c-70cf-4803-a2e6-ddee39a8c748","2d33fe06-0fb9-4956-a183-1d3bb672ddb7","Intent: Flight Search and Booking","-7.0","13:06:20","SKYWAVE_PHASE_4_5","3d8fe460-728a-43f9-aa93-6ae7e19520eb"
"acd6610f-0f45-442d-a953-d35d84f28534","6ecf46e7-fccf-4e3f-a4ed-8f8db12f5279","6f4cb788-6a4e-49fa-af8b-8ad6a3b0de02","977bd81d-f2eb-40c7-a021-c4702b7cdf22","Quality score 5","-7.0","13:06:20","SKYWAVE_PHASE_4_5","c895061a-f6a1-4d0c-ac11-c0d333730b9c"
"0b30e925-df26-4cd2-ab08-d84c688416ce","2ddbd2bb-5387-4e84-a06c-19b0eaff1b83","1ffdfd0c-70cf-4803-a2e6-ddee39a8c748","bf97a1fb-438c-420f-a37b-d4e6cf4aea0e","Intent: Refund Requests for Service Issues","-12.0","12:55:39","SKYWAVE_PHASE_4_5","5125f1c2-5d53-41be-ac6d-0987890a7928"
"0b30e925-df26-4cd2-ab08-d84c688416ce","2ddbd2bb-5387-4e84-a06c-19b0eaff1b83","6f4cb788-6a4e-49fa-af8b-8ad6a3b0de02","af9276e0-232c-453b-ab8e-a994f431cbff","Quality score 3","-12.0","12:55:39","SKYWAVE_PHASE_4_5","3a9e304f-7f7b-4673-a76f-fedf61dc4f7f"
"6c12fece-580d-43f0-a359-5090fd880fdd","95dd4a66-8a18-4a1e-a0c9-b01f8ab541b5","1ffdfd0c-70cf-4803-a2e6-ddee39a8c748","bf97a1fb-438c-420f-a37b-d4e6cf4aea0e","Intent: Refund Requests for Service Issues","-7.0","17:16:53","SKYWAVE_PHASE_4_5","5442b2e8-9ee3-4667-af9a-98be506910d2"
"6c12fece-580d-43f0-a359-5090fd880fdd","95dd4a66-8a18-4a1e-a0c9-b01f8ab541b5","6f4cb788-6a4e-49fa-af8b-8ad6a3b0de02","40c6f573-42d6-4b9d-a349-a5de3d11ffbe","Quality score 4","-7.0","17:16:53","SKYWAVE_PHASE_4_5","add7d61f-fdfe-4b28-a33b-a3b3949de71f"
"565fbe35-9c1c-4e48-a5f1-bcf848d76b53","95dd4a66-8a18-4a1e-a0c9-b01f8ab541b5","1ffdfd0c-70cf-4803-a2e6-ddee39a8c748","bed60ad3-4558-43b9-a5ea-06d58fe3bdcc","Intent: Seat Change Requests","-7.0","17:18:04","SKYWAVE_PHASE_4_5","a738d24a-85e1-4c05-aacc-541036fad80a"
"565fbe35-9c1c-4e48-a5f1-bcf848d76b53","95dd4a66-8a18-4a1e-a0c9-b01f8ab541b5","6f4cb788-6a4e-49fa-af8b-8ad6a3b0de02","bfa3f155-5222-4840-a6d3-fddc7e72ef30","Quality score 2","-7.0","17:18:04","SKYWAVE_PHASE_4_5","a0e96322-081b-43dd-a0a8-f34eb7fcf718"
"f57a97ce-dc42-4deb-a4a6-92da81458884","95dd4a66-8a18-4a1e-a0c9-b01f8ab541b5","1ffdfd0c-70cf-4803-a2e6-ddee39a8c748","2883b794-f6d9-4a0e-aba0-5b86d2c4611e","Intent: Miles Redemption Requests","-7.0","17:22:12","SKYWAVE_PHASE_4_5","13744a15-1327-4849-a72c-a2d1196df5e1"
"f57a97ce-dc42-4deb-a4a6-92da81458884","95dd4a66-8a18-4a1e-a0c9-b01f8ab541b5","6f4cb788-6a4e-49fa-af8b-8ad6a3b0de02","40c6f573-42d6-4b9d-a349-a5de3d11ffbe","Quality score 4","-7.0","17:22:12","SKYWAVE_PHASE_4_5","6e86e92d-544f-4c19-a176-6391425b13c4"
"dd761d9a-ea95-4a60-a9ae-d48b35f80df1","6987e5e8-c042-4ff9-ac77-c7152a5eb4da","1ffdfd0c-70cf-4803-a2e6-ddee39a8c748","ac0c4c75-904b-4cbd-a97e-fce7a397945a","Intent: Booking Confirmation Queries","-9.0","19:38:59","SKYWAVE_PHASE_4_5","d87102e2-2bcf-4066-ae92-cd8712568805"
"dd761d9a-ea95-4a60-a9ae-d48b35f80df1","6987e5e8-c042-4ff9-ac77-c7152a5eb4da","6f4cb788-6a4e-49fa-af8b-8ad6a3b0de02","40c6f573-42d6-4b9d-a349-a5de3d11ffbe","Quality score 4","-9.0","19:38:59","SKYWAVE_PHASE_4_5","abe7eeb1-81e2-4d77-aae3-b11d82252008"
"a3d84389-75a2-4a4e-aff0-66225043615b","6987e5e8-c042-4ff9-ac77-c7152a5eb4da","1ffdfd0c-70cf-4803-a2e6-ddee39a8c748","560e4777-8dfc-4ecd-aa43-643d9c351ac5","Intent: Seat Upgrade Requests","-9.0","19:40:01","SKYWAVE_PHASE_4_5","a2f55ae0-5174-4d52-a925-004867c9b35b"
"a3d84389-75a2-4a4e-aff0-66225043615b","6987e5e8-c042-4ff9-ac77-c7152a5eb4da","6f4cb788-6a4e-49fa-af8b-8ad6a3b0de02","bfa3f155-5222-4840-a6d3-fddc7e72ef30","Quality score 2","-9.0","19:40:01","SKYWAVE_PHASE_4_5","44408cb0-b7ed-4e3e-af0f-18285f253a81"
"ad20d9d0-deee-450f-ac65-061eed3d455e","6987e5e8-c042-4ff9-ac77-c7152a5eb4da","1ffdfd0c-70cf-4803-a2e6-ddee39a8c748","f8b5e0e4-571a-46fe-aa92-fcd50b885cc5","Intent: Unsupported Requests","-9.0","19:41:55","SKYWAVE_PHASE_4_5","49a1f5ea-c2bb-43e9-a0d6-86ede761fa73"
"ad20d9d0-deee-450f-ac65-061eed3d455e","6987e5e8-c042-4ff9-ac77-c7152a5eb4da","6f4cb788-6a4e-49fa-af8b-8ad6a3b0de02","bfa3f155-5222-4840-a6d3-fddc7e72ef30","Quality score 2","-9.0","19:41:55","SKYWAVE_PHASE_4_5","e8521627-8b1d-4518-af49-9552e7952c7d"
"e7581ec0-6b19-4037-a870-85977351a81e","bb410fd9-097b-4f58-aad0-132aba967735","1ffdfd0c-70cf-4803-a2e6-ddee39a8c748","84c29cfb-8468-49f6-aeed-f126d271a498","Intent: Off-Topic General Queries","-8.0","11:31:42","SKYWAVE_PHASE_4_5","c0c78140-7764-43b8-a56a-29b371284baf"
"e7581ec0-6b19-4037-a870-85977351a81e","bb410fd9-097b-4f58-aad0-132aba967735","6f4cb788-6a4e-49fa-af8b-8ad6a3b0de02","af9276e0-232c-453b-ab8e-a994f431cbff","Quality score 3","-8.0","11:31:42","SKYWAVE_PHASE_4_5","767e0084-7172-4909-a91f-18a25bfdda86"
"89be91bf-ce9e-45f8-aa50-54dda57eaab7","bb410fd9-097b-4f58-aad0-132aba967735","1ffdfd0c-70cf-4803-a2e6-ddee39a8c748","b7100962-8e79-41cb-a1d9-3b96207d2954","Intent: In-Flight Service Complaints","-8.0","11:35:22","SKYWAVE_PHASE_4_5","0368d3de-a1bc-461b-a62a-c406237fc190"
"89be91bf-ce9e-45f8-aa50-54dda57eaab7","bb410fd9-097b-4f58-aad0-132aba967735","6f4cb788-6a4e-49fa-af8b-8ad6a3b0de02","af9276e0-232c-453b-ab8e-a994f431cbff","Quality score 3","-8.0","11:35:22","SKYWAVE_PHASE_4_5","2b4e4baa-0c4e-4509-ace3-2b48fe9b4bf4"
"8cc56e5c-ec49-433a-a062-d4c5be7bb099","4048e5ad-d8c1-4239-ae4a-364810e95cef","1ffdfd0c-70cf-4803-a2e6-ddee39a8c748","6bfb174a-8001-4add-abf0-6d381e435574","Intent: Reservation Modifications and Cancellations","-14.0","12:29:43","SKYWAVE_PHASE_4_5","7fa442b7-696e-4442-a60c-8f25f199060a"
"8cc56e5c-ec49-433a-a062-d4c5be7bb099","4048e5ad-d8c1-4239-ae4a-364810e95cef","6f4cb788-6a4e-49fa-af8b-8ad6a3b0de02","977bd81d-f2eb-40c7-a021-c4702b7cdf22","Quality score 5","-14.0","12:29:43","SKYWAVE_PHASE_4_5","61275417-065e-43df-aed6-362b0d5fbce6"
"fe182180-a098-4fe5-ae54-436443640e23","f04d6e62-cf57-43bb-aee5-d75cb369a098","1ffdfd0c-70cf-4803-a2e6-ddee39a8c748","bed60ad3-4558-43b9-a5ea-06d58fe3bdcc","Intent: Seat Change Requests","-12.0","15:44:23","SKYWAVE_PHASE_4_5","b931817a-cb44-4c55-adb9-278550cb1164"
"fe182180-a098-4fe5-ae54-436443640e23","f04d6e62-cf57-43bb-aee5-d75cb369a098","6f4cb788-6a4e-49fa-af8b-8ad6a3b0de02","bfa3f155-5222-4840-a6d3-fddc7e72ef30","Quality score 2","-12.0","15:44:23","SKYWAVE_PHASE_4_5","8b18d5fa-aef5-4302-a655-56b86986eed7"
"0d1e03b6-a7c7-4d0d-ab84-fe76d749e3a8","f04d6e62-cf57-43bb-aee5-d75cb369a098","1ffdfd0c-70cf-4803-a2e6-ddee39a8c748","bed60ad3-4558-43b9-a5ea-06d58fe3bdcc","Intent: Seat Change Requests","-12.0","15:45:06","SKYWAVE_PHASE_4_5","cbab1031-6723-4e07-a130-f67917bf3202"
"0d1e03b6-a7c7-4d0d-ab84-fe76d749e3a8","f04d6e62-cf57-43bb-aee5-d75cb369a098","6f4cb788-6a4e-49fa-af8b-8ad6a3b0de02","a07613f1-f4c8-413f-a7ac-d8af0a446e4e","Quality score 1","-12.0","15:45:06","SKYWAVE_PHASE_4_5","47abd9f6-57c0-4187-a34d-febcca03ea5d"
"3cc093c3-65db-4ff8-ad4a-8bed83307c77","f04d6e62-cf57-43bb-aee5-d75cb369a098","1ffdfd0c-70cf-4803-a2e6-ddee39a8c748","560e4777-8dfc-4ecd-aa43-643d9c351ac5","Intent: Seat Upgrade Requests","-12.0","15:46:30","SKYWAVE_PHASE_4_5","527a7db4-a3f3-4a91-adad-4bfecd9e4b4a"
"3cc093c3-65db-4ff8-ad4a-8bed83307c77","f04d6e62-cf57-43bb-aee5-d75cb369a098","6f4cb788-6a4e-49fa-af8b-8ad6a3b0de02","bfa3f155-5222-4840-a6d3-fddc7e72ef30","Quality score 2","-12.0","15:46:30","SKYWAVE_PHASE_4_5","5ffd365a-ab9b-4c02-ac8f-c36df8baa605"
"19291b0d-b030-4774-a6b2-002c682e4e26","4f3bc141-0187-44af-af6e-7355c68d2cac","1ffdfd0c-70cf-4803-a2e6-ddee39a8c748","8b8f0ad6-2180-4df9-ad17-393b2d1daf41","Intent: Lost Baggage Claims","-7.0","15:02:18","SKYWAVE_PHASE_4_5","9f308588-e172-47ff-a4ca-1790fe2825a2"
"19291b0d-b030-4774-a6b2-002c682e4e26","4f3bc141-0187-44af-af6e-7355c68d2cac","6f4cb788-6a4e-49fa-af8b-8ad6a3b0de02","af9276e0-232c-453b-ab8e-a994f431cbff","Quality score 3","-7.0","15:02:18","SKYWAVE_PHASE_4_5","91ab2489-1c37-4c02-ac62-5da6a09f5c2f"
"d2de579b-7260-48c4-a5e1-8419cf527318","c57da819-0810-4382-a703-09b7ae1fa124","1ffdfd0c-70cf-4803-a2e6-ddee39a8c748","2176793d-4536-4299-a815-665cd12e3689","Intent: Seat Assignment Corrections","-7.0","14:21:37","SKYWAVE_PHASE_4_5","ebed85f6-895f-44be-a5cf-13726ccb048b"
"d2de579b-7260-48c4-a5e1-8419cf527318","c57da819-0810-4382-a703-09b7ae1fa124","6f4cb788-6a4e-49fa-af8b-8ad6a3b0de02","bfa3f155-5222-4840-a6d3-fddc7e72ef30","Quality score 2","-7.0","14:21:37","SKYWAVE_PHASE_4_5","6b426674-b366-476d-a016-c1064d603882"
"3761e3f1-d0c8-42eb-ab39-84e57d3abd98","c57da819-0810-4382-a703-09b7ae1fa124","1ffdfd0c-70cf-4803-a2e6-ddee39a8c748","f8b5e0e4-571a-46fe-aa92-fcd50b885cc5","Intent: Unsupported Requests","-7.0","14:23:52","SKYWAVE_PHASE_4_5","bb2f930a-ccc4-42b9-aed5-ce7b6637b3db"
"3761e3f1-d0c8-42eb-ab39-84e57d3abd98","c57da819-0810-4382-a703-09b7ae1fa124","6f4cb788-6a4e-49fa-af8b-8ad6a3b0de02","af9276e0-232c-453b-ab8e-a994f431cbff","Quality score 3","-7.0","14:23:52","SKYWAVE_PHASE_4_5","3cd40e5b-eac5-4173-a4cf-674439b9f65d"
"a2ac31da-5804-4445-af1e-e95985e05440","f2934058-8713-4a3d-a92b-22c96be291a0","1ffdfd0c-70cf-4803-a2e6-ddee39a8c748","33d24820-e5ef-443f-a050-6eb5489180c6","Intent: Tier Status and Benefits","-6.0","19:33:11","SKYWAVE_PHASE_4_5","0d58655f-4c88-402d-a5c2-2f6794f7c0bc"
"a2ac31da-5804-4445-af1e-e95985e05440","f2934058-8713-4a3d-a92b-22c96be291a0","6f4cb788-6a4e-49fa-af8b-8ad6a3b0de02","40c6f573-42d6-4b9d-a349-a5de3d11ffbe","Quality score 4","-6.0","19:33:11","SKYWAVE_PHASE_4_5","4191977b-9897-4a2b-aa79-2975e5f3cd69"
"7ada3972-4ea1-4a56-aa9e-3ca2bedce8dd","f2934058-8713-4a3d-a92b-22c96be291a0","1ffdfd0c-70cf-4803-a2e6-ddee39a8c748","33d24820-e5ef-443f-a050-6eb5489180c6","Intent: Tier Status and Benefits","-6.0","19:34:44","SKYWAVE_PHASE_4_5","a972c2f6-a999-45a6-ae66-cb9db255dcf9"
"7ada3972-4ea1-4a56-aa9e-3ca2bedce8dd","f2934058-8713-4a3d-a92b-22c96be291a0","6f4cb788-6a4e-49fa-af8b-8ad6a3b0de02","977bd81d-f2eb-40c7-a021-c4702b7cdf22","Quality score 5","-6.0","19:34:44","SKYWAVE_PHASE_4_5","eacaad0d-8de3-42a7-aaad-e7c9f35b66e6"
"a7ca1c14-e0ee-4e73-aa0d-20a5dd4f764b","33c96ed5-006e-4361-a8c2-e901b03f8167","1ffdfd0c-70cf-4803-a2e6-ddee39a8c748","2883b794-f6d9-4a0e-aba0-5b86d2c4611e","Intent: Miles Redemption Requests","-7.0","10:33:34","SKYWAVE_PHASE_4_5","b7e061a9-e28f-42a4-aff9-9d56496d323d"
"a7ca1c14-e0ee-4e73-aa0d-20a5dd4f764b","33c96ed5-006e-4361-a8c2-e901b03f8167","6f4cb788-6a4e-49fa-af8b-8ad6a3b0de02","977bd81d-f2eb-40c7-a021-c4702b7cdf22","Quality score 5","-7.0","10:33:34","SKYWAVE_PHASE_4_5","b489b3da-4d2b-42ab-aa85-54b9872cee0a"
"f0fe812f-8fdb-4f60-a1ce-adbc3acdb230","a49201da-3ca8-4116-a9b4-8376d96ff55a","1ffdfd0c-70cf-4803-a2e6-ddee39a8c748","981cada7-964f-4af6-a2c5-41f9a73aa021","Intent: Mileage Balance Inquiries","-7.0","14:45:19","SKYWAVE_PHASE_4_5","544488fd-0b3e-41e7-ad30-df108665378f"
"f0fe812f-8fdb-4f60-a1ce-adbc3acdb230","a49201da-3ca8-4116-a9b4-8376d96ff55a","6f4cb788-6a4e-49fa-af8b-8ad6a3b0de02","977bd81d-f2eb-40c7-a021-c4702b7cdf22","Quality score 5","-7.0","14:45:19","SKYWAVE_PHASE_4_5","9e411857-ef53-4fc0-acce-3304305ce50c"
"9c735d21-a6b7-4191-a1fd-56c8155a6a77","ceba1b7e-4333-467d-a860-8532e4e63978","1ffdfd0c-70cf-4803-a2e6-ddee39a8c748","84c29cfb-8468-49f6-aeed-f126d271a498","Intent: Off-Topic General Queries","-6.0","15:33:00","SKYWAVE_PHASE_4_5","330726fa-012c-49d7-aa30-4c1e9230b13a"
"9c735d21-a6b7-4191-a1fd-56c8155a6a77","ceba1b7e-4333-467d-a860-8532e4e63978","6f4cb788-6a4e-49fa-af8b-8ad6a3b0de02","af9276e0-232c-453b-ab8e-a994f431cbff","Quality score 3","-6.0","15:33:00","SKYWAVE_PHASE_4_5","00292ab8-dc63-4e07-a45c-172b4b22edfd"
"a98ca031-5710-47c0-a888-0860c1adc9c2","1566249e-b2a0-4503-aa47-cd4dd18017b5","1ffdfd0c-70cf-4803-a2e6-ddee39a8c748","ac0c4c75-904b-4cbd-a97e-fce7a397945a","Intent: Booking Confirmation Queries","-4.0","10:38:25","SKYWAVE_PHASE_4_5","da0891c8-7607-48c0-af21-22d9b8fc970a"
"a98ca031-5710-47c0-a888-0860c1adc9c2","1566249e-b2a0-4503-aa47-cd4dd18017b5","6f4cb788-6a4e-49fa-af8b-8ad6a3b0de02","40c6f573-42d6-4b9d-a349-a5de3d11ffbe","Quality score 4","-4.0","10:38:25","SKYWAVE_PHASE_4_5","cd2f131d-3809-42a9-a8e4-dce498e86b46"
"e216f2d3-ed38-4e54-a3c5-502022a78fb5","1566249e-b2a0-4503-aa47-cd4dd18017b5","1ffdfd0c-70cf-4803-a2e6-ddee39a8c748","bf97a1fb-438c-420f-a37b-d4e6cf4aea0e","Intent: Refund Requests for Service Issues","-4.0","10:39:34","SKYWAVE_PHASE_4_5","48aa5b5f-8b99-4216-a791-cecaefb16bc0"
"e216f2d3-ed38-4e54-a3c5-502022a78fb5","1566249e-b2a0-4503-aa47-cd4dd18017b5","6f4cb788-6a4e-49fa-af8b-8ad6a3b0de02","40c6f573-42d6-4b9d-a349-a5de3d11ffbe","Quality score 4","-4.0","10:39:34","SKYWAVE_PHASE_4_5","59e9bd06-9ea0-4e42-a8f1-2f37fc2faeca"
"5d0a08b2-e501-48cb-ace1-510320cbeed5","1ef2fb75-a175-447e-ad83-9fde26e7835f","1ffdfd0c-70cf-4803-a2e6-ddee39a8c748","2d33fe06-0fb9-4956-a183-1d3bb672ddb7","Intent: Flight Search and Booking","-2.0","17:22:26","SKYWAVE_PHASE_4_5","373247c8-a790-45bd-aeda-27f1a4b52618"
"5d0a08b2-e501-48cb-ace1-510320cbeed5","1ef2fb75-a175-447e-ad83-9fde26e7835f","6f4cb788-6a4e-49fa-af8b-8ad6a3b0de02","977bd81d-f2eb-40c7-a021-c4702b7cdf22","Quality score 5","-2.0","17:22:26","SKYWAVE_PHASE_4_5","ebd4874a-0c41-45f7-a46a-a9cf96ac3dd6"
"fcdd729d-9e7a-4713-a8c5-adda3a3b5c59","1ef2fb75-a175-447e-ad83-9fde26e7835f","1ffdfd0c-70cf-4803-a2e6-ddee39a8c748","acf92f95-57da-46f9-aff0-c1b33d6cc9d4","Intent: Passenger Name Corrections","-2.0","17:28:08","SKYWAVE_PHASE_4_5","8c579079-d1c7-485e-a1ac-363661b95c82"
"fcdd729d-9e7a-4713-a8c5-adda3a3b5c59","1ef2fb75-a175-447e-ad83-9fde26e7835f","6f4cb788-6a4e-49fa-af8b-8ad6a3b0de02","40c6f573-42d6-4b9d-a349-a5de3d11ffbe","Quality score 4","-2.0","17:28:08","SKYWAVE_PHASE_4_5","9c2fa492-d9b9-4ef3-abd4-9c69399aa7a1"
"96e059f0-8914-4d7e-a943-4002e3403f33","9acff8c0-8643-464a-ae1a-58b590d9579c","1ffdfd0c-70cf-4803-a2e6-ddee39a8c748","2176793d-4536-4299-a815-665cd12e3689","Intent: Seat Assignment Corrections","-5.0","12:36:49","SKYWAVE_PHASE_4_5","79afcf2f-5d48-4910-a0e5-8c81d90fb6a5"
"96e059f0-8914-4d7e-a943-4002e3403f33","9acff8c0-8643-464a-ae1a-58b590d9579c","6f4cb788-6a4e-49fa-af8b-8ad6a3b0de02","a07613f1-f4c8-413f-a7ac-d8af0a446e4e","Quality score 1","-5.0","12:36:49","SKYWAVE_PHASE_4_5","9cda7da9-53f6-47e9-a4a3-23cab00e5b28"
"5aa2f76d-0d34-4bbc-a3b9-05988f68e321","dbd83069-5419-409e-a6f0-6a55b2995b5c","1ffdfd0c-70cf-4803-a2e6-ddee39a8c748","0cc5b3be-ec6a-4ca7-a940-5bbf1f92a89a","Intent: Name Spelling Updates","-7.0","16:41:48","SKYWAVE_PHASE_4_5","3f04b019-fca0-415d-aeff-4874789bc2c9"
"5aa2f76d-0d34-4bbc-a3b9-05988f68e321","dbd83069-5419-409e-a6f0-6a55b2995b5c","6f4cb788-6a4e-49fa-af8b-8ad6a3b0de02","977bd81d-f2eb-40c7-a021-c4702b7cdf22","Quality score 5","-7.0","16:41:48","SKYWAVE_PHASE_4_5","30d66ae1-f62e-4b6c-a616-77f9afe55d89"
"2338823a-30b1-4ddb-a1bb-d5ac95796b40","dbd83069-5419-409e-a6f0-6a55b2995b5c","1ffdfd0c-70cf-4803-a2e6-ddee39a8c748","560e4777-8dfc-4ecd-aa43-643d9c351ac5","Intent: Seat Upgrade Requests","-7.0","16:43:25","SKYWAVE_PHASE_4_5","022e9950-800e-4743-ae48-a44c09339056"
"2338823a-30b1-4ddb-a1bb-d5ac95796b40","dbd83069-5419-409e-a6f0-6a55b2995b5c","6f4cb788-6a4e-49fa-af8b-8ad6a3b0de02","a07613f1-f4c8-413f-a7ac-d8af0a446e4e","Quality score 1","-7.0","16:43:25","SKYWAVE_PHASE_4_5","36fe9f89-9482-4e2e-a677-cfc195d89e6f"
"ff53609d-19d3-4c96-ae2d-0c6b5e21d714","0f45d290-db57-420b-acae-d7d338b17cba","1ffdfd0c-70cf-4803-a2e6-ddee39a8c748","84c29cfb-8468-49f6-aeed-f126d271a498","Intent: Off-Topic General Queries","-4.0","17:47:18","SKYWAVE_PHASE_4_5","eec2148e-2d33-4a45-a934-db3701bbd9dd"
"ff53609d-19d3-4c96-ae2d-0c6b5e21d714","0f45d290-db57-420b-acae-d7d338b17cba","6f4cb788-6a4e-49fa-af8b-8ad6a3b0de02","bfa3f155-5222-4840-a6d3-fddc7e72ef30","Quality score 2","-4.0","17:47:18","SKYWAVE_PHASE_4_5","e81fe097-9123-4f86-a5a6-7ac36eedfdfc"
"94f378ee-34f5-47a7-af61-6eeec3f162ea","7d84821b-2955-49c4-a1c3-92dd6e0a3d0a","1ffdfd0c-70cf-4803-a2e6-ddee39a8c748","acf92f95-57da-46f9-aff0-c1b33d6cc9d4","Intent: Passenger Name Corrections","-3.0","11:33:59","SKYWAVE_PHASE_4_5","a2a88dd3-745d-42fd-abb2-8eb9e9030823"
"94f378ee-34f5-47a7-af61-6eeec3f162ea","7d84821b-2955-49c4-a1c3-92dd6e0a3d0a","6f4cb788-6a4e-49fa-af8b-8ad6a3b0de02","977bd81d-f2eb-40c7-a021-c4702b7cdf22","Quality score 5","-3.0","11:33:59","SKYWAVE_PHASE_4_5","5551e84b-ac7d-4dbb-a647-551a2b9d2fa7"
"47eb6e81-90e9-4f0c-a15f-f613b1ae9703","0d17a3e7-0a9c-4e69-a5ad-ee865b4a7f6e","1ffdfd0c-70cf-4803-a2e6-ddee39a8c748","2883b794-f6d9-4a0e-aba0-5b86d2c4611e","Intent: Miles Redemption Requests","-2.0","09:46:47","SKYWAVE_PHASE_4_5","0ee05ccf-cf60-439a-a5c6-a14dcfc4125d"
"47eb6e81-90e9-4f0c-a15f-f613b1ae9703","0d17a3e7-0a9c-4e69-a5ad-ee865b4a7f6e","6f4cb788-6a4e-49fa-af8b-8ad6a3b0de02","40c6f573-42d6-4b9d-a349-a5de3d11ffbe","Quality score 4","-2.0","09:46:47","SKYWAVE_PHASE_4_5","d49f145f-8d7d-4466-aeff-0db73b856d39"
"ea2cec24-c9b2-4f14-ae34-56e167cbd6ae","0d17a3e7-0a9c-4e69-a5ad-ee865b4a7f6e","1ffdfd0c-70cf-4803-a2e6-ddee39a8c748","84c29cfb-8468-49f6-aeed-f126d271a498","Intent: Off-Topic General Queries","-2.0","09:52:08","SKYWAVE_PHASE_4_5","53ae2193-6926-4276-aeb9-545fc634ce82"
"ea2cec24-c9b2-4f14-ae34-56e167cbd6ae","0d17a3e7-0a9c-4e69-a5ad-ee865b4a7f6e","6f4cb788-6a4e-49fa-af8b-8ad6a3b0de02","af9276e0-232c-453b-ab8e-a994f431cbff","Quality score 3","-2.0","09:52:08","SKYWAVE_PHASE_4_5","18e10b75-b4ae-46dc-ad5c-ebaf18fd25e9"
"74f7f740-e06e-47da-a877-f7414794630c","205161a7-21a1-4478-a3fd-3f3a4d816acb","1ffdfd0c-70cf-4803-a2e6-ddee39a8c748","2d33fe06-0fb9-4956-a183-1d3bb672ddb7","Intent: Flight Search and Booking","-10.0","19:40:41","SKYWAVE_PHASE_4_5","e11632bd-0159-4711-abf2-eabff959f1ef"
"74f7f740-e06e-47da-a877-f7414794630c","205161a7-21a1-4478-a3fd-3f3a4d816acb","6f4cb788-6a4e-49fa-af8b-8ad6a3b0de02","977bd81d-f2eb-40c7-a021-c4702b7cdf22","Quality score 5","-10.0","19:40:41","SKYWAVE_PHASE_4_5","025ce54e-c817-4fe7-a1a1-a31a6f14520e"
"06a02457-bcf4-4ea5-aed3-f41effbdf81c","205161a7-21a1-4478-a3fd-3f3a4d816acb","1ffdfd0c-70cf-4803-a2e6-ddee39a8c748","0cc5b3be-ec6a-4ca7-a940-5bbf1f92a89a","Intent: Name Spelling Updates","-10.0","19:44:37","SKYWAVE_PHASE_4_5","0d82de85-7fbd-414b-abd8-7babe3d1380a"
"06a02457-bcf4-4ea5-aed3-f41effbdf81c","205161a7-21a1-4478-a3fd-3f3a4d816acb","6f4cb788-6a4e-49fa-af8b-8ad6a3b0de02","40c6f573-42d6-4b9d-a349-a5de3d11ffbe","Quality score 4","-10.0","19:44:37","SKYWAVE_PHASE_4_5","a765ae13-6d81-4f82-ab62-963d8ae2c3ca"
"d6869083-d814-49b6-ac97-0c4675040676","131c541b-1a1a-4511-a81d-09595d73a747","1ffdfd0c-70cf-4803-a2e6-ddee39a8c748","bf97a1fb-438c-420f-a37b-d4e6cf4aea0e","Intent: Refund Requests for Service Issues","-10.0","18:22:20","SKYWAVE_PHASE_4_5","b4e35480-c0b0-4203-a6cc-bf7d024d53d0"
"d6869083-d814-49b6-ac97-0c4675040676","131c541b-1a1a-4511-a81d-09595d73a747","6f4cb788-6a4e-49fa-af8b-8ad6a3b0de02","af9276e0-232c-453b-ab8e-a994f431cbff","Quality score 3","-10.0","18:22:20","SKYWAVE_PHASE_4_5","bc44a7b9-c811-45fb-ab2f-2584981ed2a2"
"21521698-576d-4b8a-a3fc-47ebf104dd80","77c2706f-2037-4f38-aaf4-98531717cd46","1ffdfd0c-70cf-4803-a2e6-ddee39a8c748","acf92f95-57da-46f9-aff0-c1b33d6cc9d4","Intent: Passenger Name Corrections","-13.0","08:55:42","SKYWAVE_PHASE_4_5","80bda4df-edee-4257-a99b-fb81a26df2b1"
"21521698-576d-4b8a-a3fc-47ebf104dd80","77c2706f-2037-4f38-aaf4-98531717cd46","6f4cb788-6a4e-49fa-af8b-8ad6a3b0de02","977bd81d-f2eb-40c7-a021-c4702b7cdf22","Quality score 5","-13.0","08:55:42","SKYWAVE_PHASE_4_5","b4c3affd-5aa1-4c06-ae28-ecd438d20da3"
"5631fa80-2d5d-479b-a02d-eaee17234587","d4256d66-76ef-4adb-a872-1d141ec5691d","1ffdfd0c-70cf-4803-a2e6-ddee39a8c748","b7100962-8e79-41cb-a1d9-3b96207d2954","Intent: In-Flight Service Complaints","-8.0","13:03:59","SKYWAVE_PHASE_4_5","07d1398a-ab1b-43c2-ac39-8c5b514cc7cd"
"5631fa80-2d5d-479b-a02d-eaee17234587","d4256d66-76ef-4adb-a872-1d141ec5691d","6f4cb788-6a4e-49fa-af8b-8ad6a3b0de02","af9276e0-232c-453b-ab8e-a994f431cbff","Quality score 3","-8.0","13:03:59","SKYWAVE_PHASE_4_5","cb5bb9a8-76c1-4078-ae19-1dc6d9c035fe"
"4919d3cf-7e84-4b2a-a5f8-709f3adbc363","5a55a42f-1178-4611-a79a-cdd119ded4fa","1ffdfd0c-70cf-4803-a2e6-ddee39a8c748","981cada7-964f-4af6-a2c5-41f9a73aa021","Intent: Mileage Balance Inquiries","-4.0","17:33:44","SKYWAVE_PHASE_4_5","719f5944-1e50-47a5-aaa9-1c74fa8e0118"
"4919d3cf-7e84-4b2a-a5f8-709f3adbc363","5a55a42f-1178-4611-a79a-cdd119ded4fa","6f4cb788-6a4e-49fa-af8b-8ad6a3b0de02","977bd81d-f2eb-40c7-a021-c4702b7cdf22","Quality score 5","-4.0","17:33:44","SKYWAVE_PHASE_4_5","cd3cf781-db55-4021-a8e5-ef203fdb7b0a"
"ae3672f7-e147-4903-ac40-a71ed3e8d374","7d4cbf05-b7e0-4754-a422-57dd945925c2","1ffdfd0c-70cf-4803-a2e6-ddee39a8c748","f8b5e0e4-571a-46fe-aa92-fcd50b885cc5","Intent: Unsupported Requests","-9.0","11:59:50","SKYWAVE_PHASE_4_5","f63ed080-0c49-4934-a69c-b4332b8493f9"
"ae3672f7-e147-4903-ac40-a71ed3e8d374","7d4cbf05-b7e0-4754-a422-57dd945925c2","6f4cb788-6a4e-49fa-af8b-8ad6a3b0de02","bfa3f155-5222-4840-a6d3-fddc7e72ef30","Quality score 2","-9.0","11:59:50","SKYWAVE_PHASE_4_5","a61903ef-cd5b-4ac5-a0e2-4502b4ca7a09"
"f2549936-976b-4954-a279-6b92f7035f90","2c6c74d6-66ae-4949-afa9-bc07ffa40b0c","1ffdfd0c-70cf-4803-a2e6-ddee39a8c748","2176793d-4536-4299-a815-665cd12e3689","Intent: Seat Assignment Corrections","-6.0","08:15:57","SKYWAVE_PHASE_4_5","006c845d-f070-4636-a051-57eb27d7f8da"
"f2549936-976b-4954-a279-6b92f7035f90","2c6c74d6-66ae-4949-afa9-bc07ffa40b0c","6f4cb788-6a4e-49fa-af8b-8ad6a3b0de02","a07613f1-f4c8-413f-a7ac-d8af0a446e4e","Quality score 1","-6.0","08:15:57","SKYWAVE_PHASE_4_5","d7d46b14-7520-44b2-a767-f74bc700873e"
"441d2787-540a-45fe-ac71-e4d6fcd09a44","a003ec71-0bb2-4641-a0ea-80779452da0e","1ffdfd0c-70cf-4803-a2e6-ddee39a8c748","33d24820-e5ef-443f-a050-6eb5489180c6","Intent: Tier Status and Benefits","-9.0","17:16:39","SKYWAVE_PHASE_4_5","e7b0c6de-bb4b-479d-ae77-966989d0cd39"
"441d2787-540a-45fe-ac71-e4d6fcd09a44","a003ec71-0bb2-4641-a0ea-80779452da0e","6f4cb788-6a4e-49fa-af8b-8ad6a3b0de02","977bd81d-f2eb-40c7-a021-c4702b7cdf22","Quality score 5","-9.0","17:16:39","SKYWAVE_PHASE_4_5","febefa94-9be5-408e-ad04-4635a746460b"
"5a78dcb3-97d6-463c-a69f-9112ed1e85e7","19c032a8-8b3c-40ab-ab25-dead61a508b0","1ffdfd0c-70cf-4803-a2e6-ddee39a8c748","ac0c4c75-904b-4cbd-a97e-fce7a397945a","Intent: Booking Confirmation Queries","-8.0","08:38:14","SKYWAVE_PHASE_4_5","8a073b1d-b6b1-467b-a0fd-34a498808610"
"5a78dcb3-97d6-463c-a69f-9112ed1e85e7","19c032a8-8b3c-40ab-ab25-dead61a508b0","6f4cb788-6a4e-49fa-af8b-8ad6a3b0de02","977bd81d-f2eb-40c7-a021-c4702b7cdf22","Quality score 5","-8.0","08:38:14","SKYWAVE_PHASE_4_5","21df0a42-ae50-466b-a2fb-3a9abef59acc"
"970d4268-f3da-4d95-ae9c-53ef322542dd","19c032a8-8b3c-40ab-ab25-dead61a508b0","1ffdfd0c-70cf-4803-a2e6-ddee39a8c748","2883b794-f6d9-4a0e-aba0-5b86d2c4611e","Intent: Miles Redemption Requests","-8.0","08:39:38","SKYWAVE_PHASE_4_5","e210cf70-2568-4da9-a19d-5160c6907480"
"970d4268-f3da-4d95-ae9c-53ef322542dd","19c032a8-8b3c-40ab-ab25-dead61a508b0","6f4cb788-6a4e-49fa-af8b-8ad6a3b0de02","977bd81d-f2eb-40c7-a021-c4702b7cdf22","Quality score 5","-8.0","08:39:38","SKYWAVE_PHASE_4_5","e5c38e78-ba3c-41b4-a13b-4c5d66f0ddf9"
"dbfecbe6-0638-46ae-a7e0-b64719c3c91d","19c032a8-8b3c-40ab-ab25-dead61a508b0","1ffdfd0c-70cf-4803-a2e6-ddee39a8c748","2d33fe06-0fb9-4956-a183-1d3bb672ddb7","Intent: Flight Search and Booking","-8.0","08:41:43","SKYWAVE_PHASE_4_5","3059d500-1b6f-4e87-a5d1-f74843b8964c"
"dbfecbe6-0638-46ae-a7e0-b64719c3c91d","19c032a8-8b3c-40ab-ab25-dead61a508b0","6f4cb788-6a4e-49fa-af8b-8ad6a3b0de02","977bd81d-f2eb-40c7-a021-c4702b7cdf22","Quality score 5","-8.0","08:41:43","SKYWAVE_PHASE_4_5","86bd4d98-aa23-4284-aa22-dbac06c049ac"
"a4a2c622-71c8-4153-aa95-a528d6a2d30a","8df6cd5e-9de2-4378-a36a-5ef0cb297446","1ffdfd0c-70cf-4803-a2e6-ddee39a8c748","bf97a1fb-438c-420f-a37b-d4e6cf4aea0e","Intent: Refund Requests for Service Issues","-1.0","08:49:27","SKYWAVE_PHASE_4_5","57f834e1-3e7d-43b7-a73d-9fbab0eed7f4"
"a4a2c622-71c8-4153-aa95-a528d6a2d30a","8df6cd5e-9de2-4378-a36a-5ef0cb297446","6f4cb788-6a4e-49fa-af8b-8ad6a3b0de02","af9276e0-232c-453b-ab8e-a994f431cbff","Quality score 3","-1.0","08:49:27","SKYWAVE_PHASE_4_5","0ebd0790-6315-4e5d-a2cf-24dbbe9eb4e3"
"b04707df-6565-4c70-a43e-cc51f6f42d6a","8df6cd5e-9de2-4378-a36a-5ef0cb297446","1ffdfd0c-70cf-4803-a2e6-ddee39a8c748","2d33fe06-0fb9-4956-a183-1d3bb672ddb7","Intent: Flight Search and Booking","-1.0","08:52:59","SKYWAVE_PHASE_4_5","f0033e1c-7574-4295-ad51-29e919ebb4ac"
"b04707df-6565-4c70-a43e-cc51f6f42d6a","8df6cd5e-9de2-4378-a36a-5ef0cb297446","6f4cb788-6a4e-49fa-af8b-8ad6a3b0de02","40c6f573-42d6-4b9d-a349-a5de3d11ffbe","Quality score 4","-1.0","08:52:59","SKYWAVE_PHASE_4_5","778b5b8d-91a0-4d56-a0a3-a5338b3264f8"
"9207da09-d5ee-4e94-a259-b61aa90be3e6","3b3498f3-a17f-4b9b-a41c-e7f6b08ee50e","1ffdfd0c-70cf-4803-a2e6-ddee39a8c748","b7100962-8e79-41cb-a1d9-3b96207d2954","Intent: In-Flight Service Complaints","-8.0","19:11:25","SKYWAVE_PHASE_4_5","212fdf5b-a828-494f-a763-e2b4e5456fef"
"9207da09-d5ee-4e94-a259-b61aa90be3e6","3b3498f3-a17f-4b9b-a41c-e7f6b08ee50e","6f4cb788-6a4e-49fa-af8b-8ad6a3b0de02","40c6f573-42d6-4b9d-a349-a5de3d11ffbe","Quality score 4","-8.0","19:11:25","SKYWAVE_PHASE_4_5","67b6adef-b3e4-41f2-a1a3-2f9dcda328f1"
"d30792b3-6920-47f1-ad9c-6f8ceadce87e","3b3498f3-a17f-4b9b-a41c-e7f6b08ee50e","1ffdfd0c-70cf-4803-a2e6-ddee39a8c748","2883b794-f6d9-4a0e-aba0-5b86d2c4611e","Intent: Miles Redemption Requests","-8.0","19:13:27","SKYWAVE_PHASE_4_5","9df2e297-cce3-45db-a9a8-afadeaa03bf8"
"d30792b3-6920-47f1-ad9c-6f8ceadce87e","3b3498f3-a17f-4b9b-a41c-e7f6b08ee50e","6f4cb788-6a4e-49fa-af8b-8ad6a3b0de02","40c6f573-42d6-4b9d-a349-a5de3d11ffbe","Quality score 4","-8.0","19:13:27","SKYWAVE_PHASE_4_5","56e2fc2c-3851-445b-aece-e27be1795005"
"a4ed732c-1118-4a1c-a94c-a0661f53dab1","4999e94d-e3f1-40b5-a61a-17003a3f0174","1ffdfd0c-70cf-4803-a2e6-ddee39a8c748","f8b5e0e4-571a-46fe-aa92-fcd50b885cc5","Intent: Unsupported Requests","-11.0","14:38:28","SKYWAVE_PHASE_4_5","0340b0ac-1de0-408e-a4c8-ffabaadae59a"
"a4ed732c-1118-4a1c-a94c-a0661f53dab1","4999e94d-e3f1-40b5-a61a-17003a3f0174","6f4cb788-6a4e-49fa-af8b-8ad6a3b0de02","af9276e0-232c-453b-ab8e-a994f431cbff","Quality score 3","-11.0","14:38:28","SKYWAVE_PHASE_4_5","65b69ad5-0f67-483b-aa59-5e908c0afeb0"
"a41a43bb-5186-4174-ab20-687053769745","4999e94d-e3f1-40b5-a61a-17003a3f0174","1ffdfd0c-70cf-4803-a2e6-ddee39a8c748","981cada7-964f-4af6-a2c5-41f9a73aa021","Intent: Mileage Balance Inquiries","-11.0","14:43:11","SKYWAVE_PHASE_4_5","865b4414-c4c9-4d4d-a321-8933a9cee144"
"a41a43bb-5186-4174-ab20-687053769745","4999e94d-e3f1-40b5-a61a-17003a3f0174","6f4cb788-6a4e-49fa-af8b-8ad6a3b0de02","977bd81d-f2eb-40c7-a021-c4702b7cdf22","Quality score 5","-11.0","14:43:11","SKYWAVE_PHASE_4_5","9f6e084f-34a1-4dde-ab85-38a19f049475"
"ee2dd2fe-86e6-44ea-a139-44229e0a518b","4999e94d-e3f1-40b5-a61a-17003a3f0174","1ffdfd0c-70cf-4803-a2e6-ddee39a8c748","33d24820-e5ef-443f-a050-6eb5489180c6","Intent: Tier Status and Benefits","-11.0","14:44:35","SKYWAVE_PHASE_4_5","d831d58d-4ac8-4c31-af9a-b12382d0beb5"
"ee2dd2fe-86e6-44ea-a139-44229e0a518b","4999e94d-e3f1-40b5-a61a-17003a3f0174","6f4cb788-6a4e-49fa-af8b-8ad6a3b0de02","40c6f573-42d6-4b9d-a349-a5de3d11ffbe","Quality score 4","-11.0","14:44:35","SKYWAVE_PHASE_4_5","d5193a40-06ec-4db3-a8a8-3910ef135ef3"
"0df6ebf5-d9ce-4c9b-a724-ae3740b62c7e","ab4a289d-9184-4dde-a79f-7e3f493fbc34","1ffdfd0c-70cf-4803-a2e6-ddee39a8c748","2176793d-4536-4299-a815-665cd12e3689","Intent: Seat Assignment Corrections","-12.0","13:30:29","SKYWAVE_PHASE_4_5","3a2ccb9b-261c-4205-a091-af7f4060d877"
"0df6ebf5-d9ce-4c9b-a724-ae3740b62c7e","ab4a289d-9184-4dde-a79f-7e3f493fbc34","6f4cb788-6a4e-49fa-af8b-8ad6a3b0de02","a07613f1-f4c8-413f-a7ac-d8af0a446e4e","Quality score 1","-12.0","13:30:29","SKYWAVE_PHASE_4_5","94fbc522-deb7-4fe9-a555-d4b2bdf17e30"
"f9cc9d39-e1b6-4360-ac79-9a9126bc18ed","1ec0bea2-49a7-4b25-ae63-30961afe41b1","1ffdfd0c-70cf-4803-a2e6-ddee39a8c748","ac0c4c75-904b-4cbd-a97e-fce7a397945a","Intent: Booking Confirmation Queries","-12.0","15:17:11","SKYWAVE_PHASE_4_5","6ebbef1a-cae8-4e78-a01e-77102297c9f7"
"f9cc9d39-e1b6-4360-ac79-9a9126bc18ed","1ec0bea2-49a7-4b25-ae63-30961afe41b1","6f4cb788-6a4e-49fa-af8b-8ad6a3b0de02","40c6f573-42d6-4b9d-a349-a5de3d11ffbe","Quality score 4","-12.0","15:17:11","SKYWAVE_PHASE_4_5","5d8c458c-d0cf-4cd0-aaec-662a0910a0f2"
"97f1e0e4-f0ef-4b1d-a5ca-0d33c5352b30","1ec0bea2-49a7-4b25-ae63-30961afe41b1","1ffdfd0c-70cf-4803-a2e6-ddee39a8c748","8b8f0ad6-2180-4df9-ad17-393b2d1daf41","Intent: Lost Baggage Claims","-12.0","15:19:11","SKYWAVE_PHASE_4_5","61e90728-bea4-44e9-aa3e-b0b1289cd31e"
"97f1e0e4-f0ef-4b1d-a5ca-0d33c5352b30","1ec0bea2-49a7-4b25-ae63-30961afe41b1","6f4cb788-6a4e-49fa-af8b-8ad6a3b0de02","40c6f573-42d6-4b9d-a349-a5de3d11ffbe","Quality score 4","-12.0","15:19:11","SKYWAVE_PHASE_4_5","6c80bf82-f18c-4fdd-aa15-dbc82c53e7fd"
"ecedd859-ffdc-4774-a1d9-1956a1c1b9dd","39845648-158a-40ab-a212-f3eafb3da5e3","1ffdfd0c-70cf-4803-a2e6-ddee39a8c748","acf92f95-57da-46f9-aff0-c1b33d6cc9d4","Intent: Passenger Name Corrections","-3.0","19:04:19","SKYWAVE_PHASE_4_5","3e7a9913-9359-4566-aab7-70af5bb83b34"
"ecedd859-ffdc-4774-a1d9-1956a1c1b9dd","39845648-158a-40ab-a212-f3eafb3da5e3","6f4cb788-6a4e-49fa-af8b-8ad6a3b0de02","977bd81d-f2eb-40c7-a021-c4702b7cdf22","Quality score 5","-3.0","19:04:19","SKYWAVE_PHASE_4_5","4ea251d2-76da-452c-a135-9a3ea783c7ab"
"33435682-aad9-4fc8-a76a-d50c9e51de0a","035852a9-7d5c-401c-a6f6-07b183b3f0b0","1ffdfd0c-70cf-4803-a2e6-ddee39a8c748","f8b5e0e4-571a-46fe-aa92-fcd50b885cc5","Intent: Unsupported Requests","-8.0","09:40:25","SKYWAVE_PHASE_4_5","3a179981-e546-41b8-a5c9-4301c893ee95"
"33435682-aad9-4fc8-a76a-d50c9e51de0a","035852a9-7d5c-401c-a6f6-07b183b3f0b0","6f4cb788-6a4e-49fa-af8b-8ad6a3b0de02","bfa3f155-5222-4840-a6d3-fddc7e72ef30","Quality score 2","-8.0","09:40:25","SKYWAVE_PHASE_4_5","2da9f6b3-3ef3-47af-a94b-3ffa1de7d4d3"
"23c58c71-0b7c-4a25-ab6d-be2e697f40ee","8b2809df-05d3-4224-a333-523d82d24287","1ffdfd0c-70cf-4803-a2e6-ddee39a8c748","b7100962-8e79-41cb-a1d9-3b96207d2954","Intent: In-Flight Service Complaints","-11.0","09:02:03","SKYWAVE_PHASE_4_5","8f9dd737-90d3-419b-abf2-29d9504d0d06"
"23c58c71-0b7c-4a25-ab6d-be2e697f40ee","8b2809df-05d3-4224-a333-523d82d24287","6f4cb788-6a4e-49fa-af8b-8ad6a3b0de02","40c6f573-42d6-4b9d-a349-a5de3d11ffbe","Quality score 4","-11.0","09:02:03","SKYWAVE_PHASE_4_5","ba139771-62bc-40cf-ac5d-05dbfb4af2b7"
"34e2528e-61c9-4393-a015-025e35af9695","8b2809df-05d3-4224-a333-523d82d24287","1ffdfd0c-70cf-4803-a2e6-ddee39a8c748","0cc5b3be-ec6a-4ca7-a940-5bbf1f92a89a","Intent: Name Spelling Updates","-11.0","09:04:52","SKYWAVE_PHASE_4_5","b5344860-4c21-4e17-a2ae-dae165f608a3"
"34e2528e-61c9-4393-a015-025e35af9695","8b2809df-05d3-4224-a333-523d82d24287","6f4cb788-6a4e-49fa-af8b-8ad6a3b0de02","977bd81d-f2eb-40c7-a021-c4702b7cdf22","Quality score 5","-11.0","09:04:52","SKYWAVE_PHASE_4_5","be9a5eae-01a2-466a-a621-b44ff8152b5e"
"338c6632-370a-49b6-a7d8-c53856c32fdb","8b2809df-05d3-4224-a333-523d82d24287","1ffdfd0c-70cf-4803-a2e6-ddee39a8c748","2176793d-4536-4299-a815-665cd12e3689","Intent: Seat Assignment Corrections","-11.0","09:08:33","SKYWAVE_PHASE_4_5","06244f57-6d72-4ee7-af4c-61a89e8c6b75"
"338c6632-370a-49b6-a7d8-c53856c32fdb","8b2809df-05d3-4224-a333-523d82d24287","6f4cb788-6a4e-49fa-af8b-8ad6a3b0de02","bfa3f155-5222-4840-a6d3-fddc7e72ef30","Quality score 2","-11.0","09:08:33","SKYWAVE_PHASE_4_5","494ce089-d0eb-4437-a7ac-b6b5ffa7a82e"
"151ede18-07ee-43da-a4b1-d6d754cde4e9","b661de27-9b1a-43a8-ad15-bd945b9d0e91","1ffdfd0c-70cf-4803-a2e6-ddee39a8c748","f8b5e0e4-571a-46fe-aa92-fcd50b885cc5","Intent: Unsupported Requests","-7.0","18:44:46","SKYWAVE_PHASE_4_5","af116f92-5205-4eff-a250-859b3f9e3358"
"151ede18-07ee-43da-a4b1-d6d754cde4e9","b661de27-9b1a-43a8-ad15-bd945b9d0e91","6f4cb788-6a4e-49fa-af8b-8ad6a3b0de02","af9276e0-232c-453b-ab8e-a994f431cbff","Quality score 3","-7.0","18:44:46","SKYWAVE_PHASE_4_5","2be3308f-4fcf-4b09-a579-287151e34d22"
"5305854f-5be1-4df3-af69-aacf55512016","4d48dd62-9d01-4868-aaab-9bcaabb68cd6","1ffdfd0c-70cf-4803-a2e6-ddee39a8c748","2883b794-f6d9-4a0e-aba0-5b86d2c4611e","Intent: Miles Redemption Requests","-6.0","19:13:53","SKYWAVE_PHASE_4_5","2b64396c-4909-45d8-a202-1449ecb36ee2"
"5305854f-5be1-4df3-af69-aacf55512016","4d48dd62-9d01-4868-aaab-9bcaabb68cd6","6f4cb788-6a4e-49fa-af8b-8ad6a3b0de02","40c6f573-42d6-4b9d-a349-a5de3d11ffbe","Quality score 4","-6.0","19:13:53","SKYWAVE_PHASE_4_5","7da839ac-2ed0-48ce-a0b1-9691da281455"
"dbb9ec69-5f7b-4a63-ad9d-cefec7fffcf6","29f9fc7c-2b3b-414b-ab1d-ad34dfb3897f","1ffdfd0c-70cf-4803-a2e6-ddee39a8c748","ac0c4c75-904b-4cbd-a97e-fce7a397945a","Intent: Booking Confirmation Queries","-3.0","12:07:37","SKYWAVE_PHASE_4_5","a9cc8ba4-4963-409d-ad5d-fcd598e98772"
"dbb9ec69-5f7b-4a63-ad9d-cefec7fffcf6","29f9fc7c-2b3b-414b-ab1d-ad34dfb3897f","6f4cb788-6a4e-49fa-af8b-8ad6a3b0de02","40c6f573-42d6-4b9d-a349-a5de3d11ffbe","Quality score 4","-3.0","12:07:37","SKYWAVE_PHASE_4_5","c12dda79-36a3-4baa-a2b4-567788e2eb1c"
"c550f380-191f-40f1-a0e7-e9973814c4cc","aca4d61b-2e93-4dc7-af35-0ef024f9af5e","1ffdfd0c-70cf-4803-a2e6-ddee39a8c748","bed60ad3-4558-43b9-a5ea-06d58fe3bdcc","Intent: Seat Change Requests","-10.0","09:18:01","SKYWAVE_PHASE_4_5","2bc77a48-7db3-4d49-a753-9bf16a971b8d"
"c550f380-191f-40f1-a0e7-e9973814c4cc","aca4d61b-2e93-4dc7-af35-0ef024f9af5e","6f4cb788-6a4e-49fa-af8b-8ad6a3b0de02","a07613f1-f4c8-413f-a7ac-d8af0a446e4e","Quality score 1","-10.0","09:18:01","SKYWAVE_PHASE_4_5","39cb09c4-9fb3-416a-a51a-f7be6a02ad71"
"94d3b1a0-71bc-43f7-afe0-2bf22b8574de","139f934a-144b-48d7-a7ad-160a06547e24","1ffdfd0c-70cf-4803-a2e6-ddee39a8c748","2883b794-f6d9-4a0e-aba0-5b86d2c4611e","Intent: Miles Redemption Requests","-10.0","15:07:47","SKYWAVE_PHASE_4_5","135e1920-dfdc-41a5-a5ed-969dfa6da014"
"94d3b1a0-71bc-43f7-afe0-2bf22b8574de","139f934a-144b-48d7-a7ad-160a06547e24","6f4cb788-6a4e-49fa-af8b-8ad6a3b0de02","977bd81d-f2eb-40c7-a021-c4702b7cdf22","Quality score 5","-10.0","15:07:47","SKYWAVE_PHASE_4_5","3b074128-14a7-4bbd-abde-c9404a9b9f26"
"fcd850e5-fab3-4478-a7f0-8b521af93b5d","139f934a-144b-48d7-a7ad-160a06547e24","1ffdfd0c-70cf-4803-a2e6-ddee39a8c748","8b8f0ad6-2180-4df9-ad17-393b2d1daf41","Intent: Lost Baggage Claims","-10.0","15:12:40","SKYWAVE_PHASE_4_5","3cc33ef8-2ab2-4d03-adeb-15b0c662623c"
"fcd850e5-fab3-4478-a7f0-8b521af93b5d","139f934a-144b-48d7-a7ad-160a06547e24","6f4cb788-6a4e-49fa-af8b-8ad6a3b0de02","40c6f573-42d6-4b9d-a349-a5de3d11ffbe","Quality score 4","-10.0","15:12:40","SKYWAVE_PHASE_4_5","0efdaa44-b465-4830-af80-007a37f037dd"
"416f0da5-d8b3-470a-af62-396d3b8a3f39","6e3e1249-ade6-4346-a873-0011d348e98f","1ffdfd0c-70cf-4803-a2e6-ddee39a8c748","acf92f95-57da-46f9-aff0-c1b33d6cc9d4","Intent: Passenger Name Corrections","-7.0","19:08:02","SKYWAVE_PHASE_4_5","b772bbf1-cf1c-4d78-a2c1-5dd8ae08c436"
"416f0da5-d8b3-470a-af62-396d3b8a3f39","6e3e1249-ade6-4346-a873-0011d348e98f","6f4cb788-6a4e-49fa-af8b-8ad6a3b0de02","40c6f573-42d6-4b9d-a349-a5de3d11ffbe","Quality score 4","-7.0","19:08:02","SKYWAVE_PHASE_4_5","e606fc46-1458-4973-af79-fe58c3891c7f"
"8edd6ea3-32a6-4879-a6eb-fbc73e7e1c21","6e3e1249-ade6-4346-a873-0011d348e98f","1ffdfd0c-70cf-4803-a2e6-ddee39a8c748","2d33fe06-0fb9-4956-a183-1d3bb672ddb7","Intent: Flight Search and Booking","-7.0","19:16:28","SKYWAVE_PHASE_4_5","2f988fa0-dae5-4383-ad30-23199de52fee"
"8edd6ea3-32a6-4879-a6eb-fbc73e7e1c21","6e3e1249-ade6-4346-a873-0011d348e98f","6f4cb788-6a4e-49fa-af8b-8ad6a3b0de02","977bd81d-f2eb-40c7-a021-c4702b7cdf22","Quality score 5","-7.0","19:16:28","SKYWAVE_PHASE_4_5","072e13b5-2d44-4ea0-a7c8-537f1f0af09c"
"96f84315-09c9-4ad2-ae04-0ccba6177082","8b3a92cf-10f8-459b-a5ad-40f5dd8bfa47","1ffdfd0c-70cf-4803-a2e6-ddee39a8c748","bed60ad3-4558-43b9-a5ea-06d58fe3bdcc","Intent: Seat Change Requests","-11.0","17:31:55","SKYWAVE_PHASE_4_5","07aee8ca-4c2c-40fa-a30e-e583de238dac"
"96f84315-09c9-4ad2-ae04-0ccba6177082","8b3a92cf-10f8-459b-a5ad-40f5dd8bfa47","6f4cb788-6a4e-49fa-af8b-8ad6a3b0de02","bfa3f155-5222-4840-a6d3-fddc7e72ef30","Quality score 2","-11.0","17:31:55","SKYWAVE_PHASE_4_5","ea7da187-7c0f-4fd0-acbd-55f832637fd5"
"7c1c8a76-1fe4-4478-ad65-a3de969ca6ed","736654f6-6af9-480d-a017-736a697332dc","1ffdfd0c-70cf-4803-a2e6-ddee39a8c748","2176793d-4536-4299-a815-665cd12e3689","Intent: Seat Assignment Corrections","-7.0","18:18:43","SKYWAVE_PHASE_4_5","13e57a91-c353-4ad0-a65e-d4ae4ae4d709"
"7c1c8a76-1fe4-4478-ad65-a3de969ca6ed","736654f6-6af9-480d-a017-736a697332dc","6f4cb788-6a4e-49fa-af8b-8ad6a3b0de02","bfa3f155-5222-4840-a6d3-fddc7e72ef30","Quality score 2","-7.0","18:18:43","SKYWAVE_PHASE_4_5","6ae26f72-a0d3-4ade-a894-e54cc3df157a"
"33f8579e-1b0c-4246-a310-adcce680a820","86c88c4b-90dd-4350-ac31-c63603f4d636","1ffdfd0c-70cf-4803-a2e6-ddee39a8c748","2d33fe06-0fb9-4956-a183-1d3bb672ddb7","Intent: Flight Search and Booking","-10.0","19:03:54","SKYWAVE_PHASE_4_5","2a995d44-9775-4dd0-ab13-f02304a2dbf0"
"33f8579e-1b0c-4246-a310-adcce680a820","86c88c4b-90dd-4350-ac31-c63603f4d636","6f4cb788-6a4e-49fa-af8b-8ad6a3b0de02","977bd81d-f2eb-40c7-a021-c4702b7cdf22","Quality score 5","-10.0","19:03:54","SKYWAVE_PHASE_4_5","fac86d6e-fd24-4671-af13-f025de0471ac"
"a0fc2231-8c98-4523-a2e5-529e74bc085c","5ff5713c-a7a9-4937-a7fc-1a8bd138545e","1ffdfd0c-70cf-4803-a2e6-ddee39a8c748","2d33fe06-0fb9-4956-a183-1d3bb672ddb7","Intent: Flight Search and Booking","-13.0","12:44:51","SKYWAVE_PHASE_4_5","6b3789a2-5abc-4bba-a701-4f6a1d11cd83"
"a0fc2231-8c98-4523-a2e5-529e74bc085c","5ff5713c-a7a9-4937-a7fc-1a8bd138545e","6f4cb788-6a4e-49fa-af8b-8ad6a3b0de02","977bd81d-f2eb-40c7-a021-c4702b7cdf22","Quality score 5","-13.0","12:44:51","SKYWAVE_PHASE_4_5","a75acb32-0e3d-4700-a198-6a9541c33514"
"294f4b0d-8f86-4584-a1d8-bc569ddc280e","5ff5713c-a7a9-4937-a7fc-1a8bd138545e","1ffdfd0c-70cf-4803-a2e6-ddee39a8c748","bed60ad3-4558-43b9-a5ea-06d58fe3bdcc","Intent: Seat Change Requests","-13.0","12:46:28","SKYWAVE_PHASE_4_5","b50b51f5-f520-4c37-a05d-88dc7a763dff"
"294f4b0d-8f86-4584-a1d8-bc569ddc280e","5ff5713c-a7a9-4937-a7fc-1a8bd138545e","6f4cb788-6a4e-49fa-af8b-8ad6a3b0de02","a07613f1-f4c8-413f-a7ac-d8af0a446e4e","Quality score 1","-13.0","12:46:28","SKYWAVE_PHASE_4_5","c1baed94-9040-42df-ae99-2577d7ebab3b"
"d1707131-4685-4e31-af11-f7c0d0b5da79","badde09e-5dbf-4155-ac64-0af353c0a724","1ffdfd0c-70cf-4803-a2e6-ddee39a8c748","bed60ad3-4558-43b9-a5ea-06d58fe3bdcc","Intent: Seat Change Requests","-13.0","19:54:48","SKYWAVE_PHASE_4_5","fc711f38-fe68-48cf-a1a2-b527524d9583"
"d1707131-4685-4e31-af11-f7c0d0b5da79","badde09e-5dbf-4155-ac64-0af353c0a724","6f4cb788-6a4e-49fa-af8b-8ad6a3b0de02","bfa3f155-5222-4840-a6d3-fddc7e72ef30","Quality score 2","-13.0","19:54:48","SKYWAVE_PHASE_4_5","c8897b9b-4b4d-46b3-a71d-529802d66def"
"bd31085d-043b-4e79-a27f-51815fb89c21","badde09e-5dbf-4155-ac64-0af353c0a724","1ffdfd0c-70cf-4803-a2e6-ddee39a8c748","2883b794-f6d9-4a0e-aba0-5b86d2c4611e","Intent: Miles Redemption Requests","-13.0","19:56:54","SKYWAVE_PHASE_4_5","064e26e9-08ed-42f6-a825-854d4d4db792"
"bd31085d-043b-4e79-a27f-51815fb89c21","badde09e-5dbf-4155-ac64-0af353c0a724","6f4cb788-6a4e-49fa-af8b-8ad6a3b0de02","40c6f573-42d6-4b9d-a349-a5de3d11ffbe","Quality score 4","-13.0","19:56:54","SKYWAVE_PHASE_4_5","84ee8527-2aea-401a-adaf-51cb61843bb4"
"b97f8b05-da19-43bb-a3aa-acb723e43f48","badde09e-5dbf-4155-ac64-0af353c0a724","1ffdfd0c-70cf-4803-a2e6-ddee39a8c748","b7100962-8e79-41cb-a1d9-3b96207d2954","Intent: In-Flight Service Complaints","-13.0","19:58:36","SKYWAVE_PHASE_4_5","2cda2d1b-f25a-4832-a1ec-017521ab4100"
"b97f8b05-da19-43bb-a3aa-acb723e43f48","badde09e-5dbf-4155-ac64-0af353c0a724","6f4cb788-6a4e-49fa-af8b-8ad6a3b0de02","40c6f573-42d6-4b9d-a349-a5de3d11ffbe","Quality score 4","-13.0","19:58:36","SKYWAVE_PHASE_4_5","52e23ffe-077d-45ce-a58c-1e032d4ce83c"
"cd95231f-9669-440c-ad74-944977864a79","458ea171-e9c6-4450-a2c7-c2c0e500b499","1ffdfd0c-70cf-4803-a2e6-ddee39a8c748","560e4777-8dfc-4ecd-aa43-643d9c351ac5","Intent: Seat Upgrade Requests","-7.0","13:50:11","SKYWAVE_PHASE_4_5","60fc8d7a-5348-4667-a1d2-8633c7c55ce3"
"cd95231f-9669-440c-ad74-944977864a79","458ea171-e9c6-4450-a2c7-c2c0e500b499","6f4cb788-6a4e-49fa-af8b-8ad6a3b0de02","a07613f1-f4c8-413f-a7ac-d8af0a446e4e","Quality score 1","-7.0","13:50:11","SKYWAVE_PHASE_4_5","b22af4ae-9805-487e-a6aa-3e67efe78ba4"
"6c91ca18-2bfa-4e83-a0c1-db25c39bffcc","98f532e7-c750-4ed1-aee0-a35571f47700","1ffdfd0c-70cf-4803-a2e6-ddee39a8c748","ac0c4c75-904b-4cbd-a97e-fce7a397945a","Intent: Booking Confirmation Queries","-11.0","09:15:03","SKYWAVE_PHASE_4_5","d82ce3d1-0a66-43c1-a8b1-421a08d9f326"
"6c91ca18-2bfa-4e83-a0c1-db25c39bffcc","98f532e7-c750-4ed1-aee0-a35571f47700","6f4cb788-6a4e-49fa-af8b-8ad6a3b0de02","977bd81d-f2eb-40c7-a021-c4702b7cdf22","Quality score 5","-11.0","09:15:03","SKYWAVE_PHASE_4_5","daf04d01-9fe9-4b61-a465-bdc9231197b9"
"7e383c73-c553-4bea-a8e4-44dd54b9690f","835c4acd-8ae2-4830-ab31-1d287cd61ff4","1ffdfd0c-70cf-4803-a2e6-ddee39a8c748","560e4777-8dfc-4ecd-aa43-643d9c351ac5","Intent: Seat Upgrade Requests","-1.0","08:07:22","SKYWAVE_PHASE_4_5","b27c8eea-b075-4d70-a920-a1d22eaec45c"
"7e383c73-c553-4bea-a8e4-44dd54b9690f","835c4acd-8ae2-4830-ab31-1d287cd61ff4","6f4cb788-6a4e-49fa-af8b-8ad6a3b0de02","a07613f1-f4c8-413f-a7ac-d8af0a446e4e","Quality score 1","-1.0","08:07:22","SKYWAVE_PHASE_4_5","34905437-631c-4db6-a928-8e7374f09ae0"
"b0f14553-ec55-44ca-a992-cb84c7d52f68","2528817f-5027-45a8-ae93-b2a3a0f9d918","1ffdfd0c-70cf-4803-a2e6-ddee39a8c748","2d33fe06-0fb9-4956-a183-1d3bb672ddb7","Intent: Flight Search and Booking","-14.0","14:02:42","SKYWAVE_PHASE_4_5","41fbcc53-d2e2-44c0-a8fc-fcc520471925"
"b0f14553-ec55-44ca-a992-cb84c7d52f68","2528817f-5027-45a8-ae93-b2a3a0f9d918","6f4cb788-6a4e-49fa-af8b-8ad6a3b0de02","40c6f573-42d6-4b9d-a349-a5de3d11ffbe","Quality score 4","-14.0","14:02:42","SKYWAVE_PHASE_4_5","125fa175-d65f-4fe9-a9f5-1af61b120abe"
"1a37c0c7-f229-487d-ad54-148f993bd213","4e8c5251-86f7-4996-a2fa-f9b05169799b","1ffdfd0c-70cf-4803-a2e6-ddee39a8c748","33d24820-e5ef-443f-a050-6eb5489180c6","Intent: Tier Status and Benefits","-10.0","16:08:18","SKYWAVE_PHASE_4_5","321c116e-7a6b-4a05-a17d-2be51577f818"
"1a37c0c7-f229-487d-ad54-148f993bd213","4e8c5251-86f7-4996-a2fa-f9b05169799b","6f4cb788-6a4e-49fa-af8b-8ad6a3b0de02","977bd81d-f2eb-40c7-a021-c4702b7cdf22","Quality score 5","-10.0","16:08:18","SKYWAVE_PHASE_4_5","f806b246-3518-4cd3-a369-038f3d08c692"
"925edd0f-7e6e-4c65-a52a-8b3636709313","4e8c5251-86f7-4996-a2fa-f9b05169799b","1ffdfd0c-70cf-4803-a2e6-ddee39a8c748","bed60ad3-4558-43b9-a5ea-06d58fe3bdcc","Intent: Seat Change Requests","-10.0","16:09:46","SKYWAVE_PHASE_4_5","906eba62-d293-4cc1-a4b7-c8c0e3cfc915"
"925edd0f-7e6e-4c65-a52a-8b3636709313","4e8c5251-86f7-4996-a2fa-f9b05169799b","6f4cb788-6a4e-49fa-af8b-8ad6a3b0de02","a07613f1-f4c8-413f-a7ac-d8af0a446e4e","Quality score 1","-10.0","16:09:46","SKYWAVE_PHASE_4_5","4abc1f3e-b979-4ccf-ad88-8c30f70333a1"
"53dd18c4-e097-432f-a8b9-6ad9659bf4cb","316ecaa3-7a77-44a2-ad74-af6cef306b1b","1ffdfd0c-70cf-4803-a2e6-ddee39a8c748","b7100962-8e79-41cb-a1d9-3b96207d2954","Intent: In-Flight Service Complaints","-3.0","09:23:13","SKYWAVE_PHASE_4_5","29235577-d082-4986-a788-537a4d5536d8"
"53dd18c4-e097-432f-a8b9-6ad9659bf4cb","316ecaa3-7a77-44a2-ad74-af6cef306b1b","6f4cb788-6a4e-49fa-af8b-8ad6a3b0de02","af9276e0-232c-453b-ab8e-a994f431cbff","Quality score 3","-3.0","09:23:13","SKYWAVE_PHASE_4_5","1ba66750-570c-465f-af17-62c9bd0dee7c"
"b3c3275e-b1ae-4861-a02f-78b320ae551d","19e0fa78-c972-4d91-ad26-6cff9f8884fa","1ffdfd0c-70cf-4803-a2e6-ddee39a8c748","33d24820-e5ef-443f-a050-6eb5489180c6","Intent: Tier Status and Benefits","-5.0","16:09:03","SKYWAVE_PHASE_4_5","8ebd44bf-a35e-49a6-a24f-55ed222692bf"
"b3c3275e-b1ae-4861-a02f-78b320ae551d","19e0fa78-c972-4d91-ad26-6cff9f8884fa","6f4cb788-6a4e-49fa-af8b-8ad6a3b0de02","977bd81d-f2eb-40c7-a021-c4702b7cdf22","Quality score 5","-5.0","16:09:03","SKYWAVE_PHASE_4_5","9a1081ea-8caa-4de5-afce-21341e576f4d"
"95e1eb2c-bb57-4e0a-a5e1-bec23ab7ba95","19e0fa78-c972-4d91-ad26-6cff9f8884fa","1ffdfd0c-70cf-4803-a2e6-ddee39a8c748","2d33fe06-0fb9-4956-a183-1d3bb672ddb7","Intent: Flight Search and Booking","-5.0","16:11:17","SKYWAVE_PHASE_4_5","71f91279-afaa-422c-a3b0-4467722eb9e1"
"95e1eb2c-bb57-4e0a-a5e1-bec23ab7ba95","19e0fa78-c972-4d91-ad26-6cff9f8884fa","6f4cb788-6a4e-49fa-af8b-8ad6a3b0de02","40c6f573-42d6-4b9d-a349-a5de3d11ffbe","Quality score 4","-5.0","16:11:17","SKYWAVE_PHASE_4_5","d18f9941-2d33-4b83-a3d0-a881d94c4752"
"b5f0881f-1457-47ef-a2f5-c3d36b4404f8","4d6797c1-41bb-4ee8-a241-728e445a47fb","1ffdfd0c-70cf-4803-a2e6-ddee39a8c748","b7100962-8e79-41cb-a1d9-3b96207d2954","Intent: In-Flight Service Complaints","-5.0","11:53:06","SKYWAVE_PHASE_4_5","d4c02410-1b84-4689-a90b-74f3067e13b3"
"b5f0881f-1457-47ef-a2f5-c3d36b4404f8","4d6797c1-41bb-4ee8-a241-728e445a47fb","6f4cb788-6a4e-49fa-af8b-8ad6a3b0de02","af9276e0-232c-453b-ab8e-a994f431cbff","Quality score 3","-5.0","11:53:06","SKYWAVE_PHASE_4_5","d197f52e-65ab-4989-a2cc-4228ba09c329"
"dcf0499b-f24f-46a4-a134-e68aabd1a299","4d6797c1-41bb-4ee8-a241-728e445a47fb","1ffdfd0c-70cf-4803-a2e6-ddee39a8c748","2d33fe06-0fb9-4956-a183-1d3bb672ddb7","Intent: Flight Search and Booking","-5.0","11:54:03","SKYWAVE_PHASE_4_5","739f5191-6d9a-44b0-a4fe-43f1a2ecb6ad"
"dcf0499b-f24f-46a4-a134-e68aabd1a299","4d6797c1-41bb-4ee8-a241-728e445a47fb","6f4cb788-6a4e-49fa-af8b-8ad6a3b0de02","977bd81d-f2eb-40c7-a021-c4702b7cdf22","Quality score 5","-5.0","11:54:03","SKYWAVE_PHASE_4_5","5644b893-75ba-4aa8-a6f0-b49cf569b28b"
"1b5367c0-846c-4dd4-a22f-936dd9809178","819436cd-170b-49d9-ae97-ec8bb4c09da2","1ffdfd0c-70cf-4803-a2e6-ddee39a8c748","981cada7-964f-4af6-a2c5-41f9a73aa021","Intent: Mileage Balance Inquiries","-7.0","13:13:42","SKYWAVE_PHASE_4_5","ecd44b74-1c68-40cc-a68e-45e01cea1192"
"1b5367c0-846c-4dd4-a22f-936dd9809178","819436cd-170b-49d9-ae97-ec8bb4c09da2","6f4cb788-6a4e-49fa-af8b-8ad6a3b0de02","977bd81d-f2eb-40c7-a021-c4702b7cdf22","Quality score 5","-7.0","13:13:42","SKYWAVE_PHASE_4_5","30078d8f-74b7-495d-a479-d1772477716f"
"4cf00d96-2e8c-4aaf-a4e4-aae649ed5e83","707078b8-8fb7-4d34-af13-a68a82fe164f","1ffdfd0c-70cf-4803-a2e6-ddee39a8c748","2d33fe06-0fb9-4956-a183-1d3bb672ddb7","Intent: Flight Search and Booking","-1.0","14:19:48","SKYWAVE_PHASE_4_5","f657e74f-2ef4-47d2-ad8b-fa5fc22d3a73"
"4cf00d96-2e8c-4aaf-a4e4-aae649ed5e83","707078b8-8fb7-4d34-af13-a68a82fe164f","6f4cb788-6a4e-49fa-af8b-8ad6a3b0de02","40c6f573-42d6-4b9d-a349-a5de3d11ffbe","Quality score 4","-1.0","14:19:48","SKYWAVE_PHASE_4_5","6c4f4365-fa2e-47ee-aa00-b19e1004ed05"
"c0d5728e-8209-41d5-a97a-dac9a79dd33c","9b257127-52b3-4b51-a432-a6223a12de55","1ffdfd0c-70cf-4803-a2e6-ddee39a8c748","bf97a1fb-438c-420f-a37b-d4e6cf4aea0e","Intent: Refund Requests for Service Issues","-14.0","18:07:52","SKYWAVE_PHASE_4_5","d648c05e-77eb-4de0-a1bf-5457adf721bb"
"c0d5728e-8209-41d5-a97a-dac9a79dd33c","9b257127-52b3-4b51-a432-a6223a12de55","6f4cb788-6a4e-49fa-af8b-8ad6a3b0de02","af9276e0-232c-453b-ab8e-a994f431cbff","Quality score 3","-14.0","18:07:52","SKYWAVE_PHASE_4_5","4207a7ea-9066-4a48-a780-a36ac933b74e"
"863a42f2-2112-48e8-ab73-cfd199de765a","9b257127-52b3-4b51-a432-a6223a12de55","1ffdfd0c-70cf-4803-a2e6-ddee39a8c748","acf92f95-57da-46f9-aff0-c1b33d6cc9d4","Intent: Passenger Name Corrections","-14.0","18:09:24","SKYWAVE_PHASE_4_5","ff82db2a-2d5e-47d8-a442-220875354d44"
"863a42f2-2112-48e8-ab73-cfd199de765a","9b257127-52b3-4b51-a432-a6223a12de55","6f4cb788-6a4e-49fa-af8b-8ad6a3b0de02","977bd81d-f2eb-40c7-a021-c4702b7cdf22","Quality score 5","-14.0","18:09:24","SKYWAVE_PHASE_4_5","63e62a5e-1572-4660-a611-8d71b0a1feba"
"a30fe7ca-ff5f-4702-ab73-debb3e58ef65","9fac2bd7-67a0-49b3-a124-2fdb1281c69d","1ffdfd0c-70cf-4803-a2e6-ddee39a8c748","6bfb174a-8001-4add-abf0-6d381e435574","Intent: Reservation Modifications and Cancellations","-10.0","12:09:11","SKYWAVE_PHASE_4_5","c9ae0c13-823b-44ef-a919-4533c0d468d7"
"a30fe7ca-ff5f-4702-ab73-debb3e58ef65","9fac2bd7-67a0-49b3-a124-2fdb1281c69d","6f4cb788-6a4e-49fa-af8b-8ad6a3b0de02","40c6f573-42d6-4b9d-a349-a5de3d11ffbe","Quality score 4","-10.0","12:09:11","SKYWAVE_PHASE_4_5","3f0f2d73-b7d6-48df-a297-c7c049587031"
"a411d25b-9f7d-4058-aa52-b02a3493b010","47842372-19ad-4ca1-a978-81b81e5b10d7","1ffdfd0c-70cf-4803-a2e6-ddee39a8c748","84c29cfb-8468-49f6-aeed-f126d271a498","Intent: Off-Topic General Queries","-7.0","10:09:31","SKYWAVE_PHASE_4_5","43b00ba6-db51-4f6b-a4f7-7269ddb31444"
"a411d25b-9f7d-4058-aa52-b02a3493b010","47842372-19ad-4ca1-a978-81b81e5b10d7","6f4cb788-6a4e-49fa-af8b-8ad6a3b0de02","bfa3f155-5222-4840-a6d3-fddc7e72ef30","Quality score 2","-7.0","10:09:31","SKYWAVE_PHASE_4_5","669bc520-a26c-45e4-ad59-1712c1d338e1"
"280c3857-7e51-4a9a-a63d-d383e3ea2660","6eea2b47-6f28-4943-a110-c4a9e6101e23","1ffdfd0c-70cf-4803-a2e6-ddee39a8c748","8b8f0ad6-2180-4df9-ad17-393b2d1daf41","Intent: Lost Baggage Claims","-10.0","12:44:15","SKYWAVE_PHASE_4_5","daed0c8e-1537-4a54-a330-9220d915109d"
"280c3857-7e51-4a9a-a63d-d383e3ea2660","6eea2b47-6f28-4943-a110-c4a9e6101e23","6f4cb788-6a4e-49fa-af8b-8ad6a3b0de02","af9276e0-232c-453b-ab8e-a994f431cbff","Quality score 3","-10.0","12:44:15","SKYWAVE_PHASE_4_5","08b28a33-5883-47f6-a534-046d1af949f3"
"7ded9825-750f-4d96-ae64-15fc086100cd","6eea2b47-6f28-4943-a110-c4a9e6101e23","1ffdfd0c-70cf-4803-a2e6-ddee39a8c748","acf92f95-57da-46f9-aff0-c1b33d6cc9d4","Intent: Passenger Name Corrections","-10.0","12:45:12","SKYWAVE_PHASE_4_5","51b75c8c-0cdb-4998-a92d-a810db277e13"
"7ded9825-750f-4d96-ae64-15fc086100cd","6eea2b47-6f28-4943-a110-c4a9e6101e23","6f4cb788-6a4e-49fa-af8b-8ad6a3b0de02","40c6f573-42d6-4b9d-a349-a5de3d11ffbe","Quality score 4","-10.0","12:45:12","SKYWAVE_PHASE_4_5","40aef47a-8ac5-46b8-a976-6291b449a085"
"cccb3b1c-466b-4108-a152-ae140dbe5bfc","8d3ecb44-fdd3-411a-af7e-8b6ec6d3ec39","1ffdfd0c-70cf-4803-a2e6-ddee39a8c748","6bfb174a-8001-4add-abf0-6d381e435574","Intent: Reservation Modifications and Cancellations","-7.0","19:54:32","SKYWAVE_PHASE_4_5","2de04321-9cc5-4838-a72f-63168c366051"
"cccb3b1c-466b-4108-a152-ae140dbe5bfc","8d3ecb44-fdd3-411a-af7e-8b6ec6d3ec39","6f4cb788-6a4e-49fa-af8b-8ad6a3b0de02","40c6f573-42d6-4b9d-a349-a5de3d11ffbe","Quality score 4","-7.0","19:54:32","SKYWAVE_PHASE_4_5","4084583b-cc79-49f0-aff9-a891b0f312a6"
"9c98d98c-06e2-4fb3-adf4-12dffc1ef570","0ca74133-6cab-4d06-a0eb-36b1825723ed","1ffdfd0c-70cf-4803-a2e6-ddee39a8c748","2176793d-4536-4299-a815-665cd12e3689","Intent: Seat Assignment Corrections","-8.0","13:57:22","SKYWAVE_PHASE_4_5","aa33ec3c-2b09-4581-ac9c-2208e5ba6fa5"
"9c98d98c-06e2-4fb3-adf4-12dffc1ef570","0ca74133-6cab-4d06-a0eb-36b1825723ed","6f4cb788-6a4e-49fa-af8b-8ad6a3b0de02","bfa3f155-5222-4840-a6d3-fddc7e72ef30","Quality score 2","-8.0","13:57:22","SKYWAVE_PHASE_4_5","e166d396-210d-4fcf-adfe-34ee0c54ac71"
"8f678075-0575-46a7-a3a1-76331c8f6f6a","0ca74133-6cab-4d06-a0eb-36b1825723ed","1ffdfd0c-70cf-4803-a2e6-ddee39a8c748","8b8f0ad6-2180-4df9-ad17-393b2d1daf41","Intent: Lost Baggage Claims","-8.0","14:02:21","SKYWAVE_PHASE_4_5","a445893b-f88a-4060-a359-0225b41c1e78"
"8f678075-0575-46a7-a3a1-76331c8f6f6a","0ca74133-6cab-4d06-a0eb-36b1825723ed","6f4cb788-6a4e-49fa-af8b-8ad6a3b0de02","40c6f573-42d6-4b9d-a349-a5de3d11ffbe","Quality score 4","-8.0","14:02:21","SKYWAVE_PHASE_4_5","462214f5-2cca-4605-a0a7-f5b96e7c5308"
"9d96e64f-3fe8-47a3-af45-9a07e4d52953","f764db21-c10b-40ae-a624-03320ef958c0","1ffdfd0c-70cf-4803-a2e6-ddee39a8c748","bf97a1fb-438c-420f-a37b-d4e6cf4aea0e","Intent: Refund Requests for Service Issues","-14.0","14:29:42","SKYWAVE_PHASE_4_5","666bc14b-31e3-4289-a272-f30b3fe3b1e6"
"9d96e64f-3fe8-47a3-af45-9a07e4d52953","f764db21-c10b-40ae-a624-03320ef958c0","6f4cb788-6a4e-49fa-af8b-8ad6a3b0de02","af9276e0-232c-453b-ab8e-a994f431cbff","Quality score 3","-14.0","14:29:42","SKYWAVE_PHASE_4_5","22553c83-fb72-4bd8-ae8f-e3344aac7581"
"1330856c-d23d-47bb-a3fa-579ea2fdcfa1","88a9eade-fc06-4a4d-a614-723554b90af2","1ffdfd0c-70cf-4803-a2e6-ddee39a8c748","bf97a1fb-438c-420f-a37b-d4e6cf4aea0e","Intent: Refund Requests for Service Issues","-6.0","08:02:34","SKYWAVE_PHASE_4_5","ef2b10cf-e8b3-4f1f-a308-50c2ba531650"
"1330856c-d23d-47bb-a3fa-579ea2fdcfa1","88a9eade-fc06-4a4d-a614-723554b90af2","6f4cb788-6a4e-49fa-af8b-8ad6a3b0de02","40c6f573-42d6-4b9d-a349-a5de3d11ffbe","Quality score 4","-6.0","08:02:34","SKYWAVE_PHASE_4_5","c268c5d2-7193-40ee-ae90-5fcf9afa76bb"
"17e851e9-7ea0-4a24-aa53-fc65be92c04c","88a9eade-fc06-4a4d-a614-723554b90af2","1ffdfd0c-70cf-4803-a2e6-ddee39a8c748","6bfb174a-8001-4add-abf0-6d381e435574","Intent: Reservation Modifications and Cancellations","-6.0","08:06:36","SKYWAVE_PHASE_4_5","aa4f9a11-4f3f-4e10-aeae-86c25c526607"
"17e851e9-7ea0-4a24-aa53-fc65be92c04c","88a9eade-fc06-4a4d-a614-723554b90af2","6f4cb788-6a4e-49fa-af8b-8ad6a3b0de02","40c6f573-42d6-4b9d-a349-a5de3d11ffbe","Quality score 4","-6.0","08:06:36","SKYWAVE_PHASE_4_5","2f9ec7d2-106c-4a66-a179-b4d539c85c6d"
"ca7baf71-a56f-40d7-a4d6-62e1c076226d","63188277-16b4-49dc-ab87-c028c6f9b436","1ffdfd0c-70cf-4803-a2e6-ddee39a8c748","6bfb174a-8001-4add-abf0-6d381e435574","Intent: Reservation Modifications and Cancellations","-9.0","09:08:51","SKYWAVE_PHASE_4_5","c9da1ae3-74c3-474e-a1a9-dc476c42ddc7"
"ca7baf71-a56f-40d7-a4d6-62e1c076226d","63188277-16b4-49dc-ab87-c028c6f9b436","6f4cb788-6a4e-49fa-af8b-8ad6a3b0de02","40c6f573-42d6-4b9d-a349-a5de3d11ffbe","Quality score 4","-9.0","09:08:51","SKYWAVE_PHASE_4_5","ba49ab3a-42f0-4eb0-a55a-9af5d3a41449"
"442d3ee1-90ca-4862-a441-019674c22775","63188277-16b4-49dc-ab87-c028c6f9b436","1ffdfd0c-70cf-4803-a2e6-ddee39a8c748","2176793d-4536-4299-a815-665cd12e3689","Intent: Seat Assignment Corrections","-9.0","09:10:37","SKYWAVE_PHASE_4_5","93b0bc8f-a23f-4c42-ae10-04a3e69d4f31"
"442d3ee1-90ca-4862-a441-019674c22775","63188277-16b4-49dc-ab87-c028c6f9b436","6f4cb788-6a4e-49fa-af8b-8ad6a3b0de02","a07613f1-f4c8-413f-a7ac-d8af0a446e4e","Quality score 1","-9.0","09:10:37","SKYWAVE_PHASE_4_5","204d753a-45df-422f-a077-daf771c7a9ee"
"22e44c4b-1b91-46f9-a4e1-5eec73ee764d","5167672f-b19f-4ce3-ac61-4e41841f4bc1","1ffdfd0c-70cf-4803-a2e6-ddee39a8c748","bed60ad3-4558-43b9-a5ea-06d58fe3bdcc","Intent: Seat Change Requests","-4.0","19:20:38","SKYWAVE_PHASE_4_5","342a52c5-2846-40cc-af0c-5b2792a57119"
"22e44c4b-1b91-46f9-a4e1-5eec73ee764d","5167672f-b19f-4ce3-ac61-4e41841f4bc1","6f4cb788-6a4e-49fa-af8b-8ad6a3b0de02","bfa3f155-5222-4840-a6d3-fddc7e72ef30","Quality score 2","-4.0","19:20:38","SKYWAVE_PHASE_4_5","98f56625-039b-4e41-a85d-957c9c57686e"
"f2766435-75e2-4fa7-a219-e87277edfc04","5167672f-b19f-4ce3-ac61-4e41841f4bc1","1ffdfd0c-70cf-4803-a2e6-ddee39a8c748","ac0c4c75-904b-4cbd-a97e-fce7a397945a","Intent: Booking Confirmation Queries","-4.0","19:21:53","SKYWAVE_PHASE_4_5","69f7cd63-9c34-42c8-a4aa-823dde922f65"
"f2766435-75e2-4fa7-a219-e87277edfc04","5167672f-b19f-4ce3-ac61-4e41841f4bc1","6f4cb788-6a4e-49fa-af8b-8ad6a3b0de02","977bd81d-f2eb-40c7-a021-c4702b7cdf22","Quality score 5","-4.0","19:21:53","SKYWAVE_PHASE_4_5","2b91d54e-0208-43a2-a64d-064213b31438"
"b51db69d-3a44-452c-adce-93dc9920f62b","4f218353-2e3a-43b9-a651-94c5f0889f6a","1ffdfd0c-70cf-4803-a2e6-ddee39a8c748","84c29cfb-8468-49f6-aeed-f126d271a498","Intent: Off-Topic General Queries","-14.0","17:54:08","SKYWAVE_PHASE_4_5","002d66cb-82b9-4298-a56c-6b0720a1165b"
"b51db69d-3a44-452c-adce-93dc9920f62b","4f218353-2e3a-43b9-a651-94c5f0889f6a","6f4cb788-6a4e-49fa-af8b-8ad6a3b0de02","bfa3f155-5222-4840-a6d3-fddc7e72ef30","Quality score 2","-14.0","17:54:08","SKYWAVE_PHASE_4_5","2aa63d1a-c133-491e-ada4-9093ff9967ad"
"e27dce13-dffc-4390-a500-ac130435250e","4f218353-2e3a-43b9-a651-94c5f0889f6a","1ffdfd0c-70cf-4803-a2e6-ddee39a8c748","8b8f0ad6-2180-4df9-ad17-393b2d1daf41","Intent: Lost Baggage Claims","-14.0","17:59:32","SKYWAVE_PHASE_4_5","16312cc7-d654-411b-aa60-2ae1f00f802d"
"e27dce13-dffc-4390-a500-ac130435250e","4f218353-2e3a-43b9-a651-94c5f0889f6a","6f4cb788-6a4e-49fa-af8b-8ad6a3b0de02","af9276e0-232c-453b-ab8e-a994f431cbff","Quality score 3","-14.0","17:59:32","SKYWAVE_PHASE_4_5","905245c8-78b2-405d-ae40-7fd743b248d3"
"4bd21549-09b2-431c-aa9d-cdd07010a6b1","4f218353-2e3a-43b9-a651-94c5f0889f6a","1ffdfd0c-70cf-4803-a2e6-ddee39a8c748","8b8f0ad6-2180-4df9-ad17-393b2d1daf41","Intent: Lost Baggage Claims","-14.0","18:03:33","SKYWAVE_PHASE_4_5","a3ad13da-e5a8-40ec-a180-61716deb6f09"
"4bd21549-09b2-431c-aa9d-cdd07010a6b1","4f218353-2e3a-43b9-a651-94c5f0889f6a","6f4cb788-6a4e-49fa-af8b-8ad6a3b0de02","af9276e0-232c-453b-ab8e-a994f431cbff","Quality score 3","-14.0","18:03:33","SKYWAVE_PHASE_4_5","e2acf439-6a01-47f2-afd0-2494ff5e021a"
"7ed0585e-3869-4c81-aef5-7b17467a5a6d","481d8c21-ab81-4799-ac97-2c2d7080907e","1ffdfd0c-70cf-4803-a2e6-ddee39a8c748","2176793d-4536-4299-a815-665cd12e3689","Intent: Seat Assignment Corrections","-10.0","19:12:52","SKYWAVE_PHASE_4_5","9547a1de-0bfe-4a5b-a9c7-450f80bf6a43"
"7ed0585e-3869-4c81-aef5-7b17467a5a6d","481d8c21-ab81-4799-ac97-2c2d7080907e","6f4cb788-6a4e-49fa-af8b-8ad6a3b0de02","bfa3f155-5222-4840-a6d3-fddc7e72ef30","Quality score 2","-10.0","19:12:52","SKYWAVE_PHASE_4_5","64489749-82da-4064-a022-f4df0bd91a8a"
"36f18eef-4655-413a-aa6c-c2391fa5012a","427bf0c4-d631-4e88-a540-86a1425fb9d6","1ffdfd0c-70cf-4803-a2e6-ddee39a8c748","6bfb174a-8001-4add-abf0-6d381e435574","Intent: Reservation Modifications and Cancellations","-14.0","19:38:30","SKYWAVE_PHASE_4_5","1ad2c729-69c9-4b88-a0e1-af726b2495a7"
"36f18eef-4655-413a-aa6c-c2391fa5012a","427bf0c4-d631-4e88-a540-86a1425fb9d6","6f4cb788-6a4e-49fa-af8b-8ad6a3b0de02","40c6f573-42d6-4b9d-a349-a5de3d11ffbe","Quality score 4","-14.0","19:38:30","SKYWAVE_PHASE_4_5","bb849662-20aa-4158-a821-16494014abc2"
"cae4d35c-c521-446f-adb8-de1f62f160d5","ea4a996f-8d80-4d4f-af86-311f53621ebd","1ffdfd0c-70cf-4803-a2e6-ddee39a8c748","acf92f95-57da-46f9-aff0-c1b33d6cc9d4","Intent: Passenger Name Corrections","-1.0","10:03:03","SKYWAVE_PHASE_4_5","0897c153-83d5-481a-afcd-7e9d304990d9"
"cae4d35c-c521-446f-adb8-de1f62f160d5","ea4a996f-8d80-4d4f-af86-311f53621ebd","6f4cb788-6a4e-49fa-af8b-8ad6a3b0de02","977bd81d-f2eb-40c7-a021-c4702b7cdf22","Quality score 5","-1.0","10:03:03","SKYWAVE_PHASE_4_5","8f11e212-b097-403d-a5af-4709ce82da92"
"aa95a24b-7690-43ac-a877-8b4d6bf630e7","89c7198c-93d7-40f4-a028-ed21d30f9cf3","1ffdfd0c-70cf-4803-a2e6-ddee39a8c748","33d24820-e5ef-443f-a050-6eb5489180c6","Intent: Tier Status and Benefits","-8.0","14:02:08","SKYWAVE_PHASE_4_5","81eae03d-d4b2-4866-a0ed-fb40d38a8dc9"
"aa95a24b-7690-43ac-a877-8b4d6bf630e7","89c7198c-93d7-40f4-a028-ed21d30f9cf3","6f4cb788-6a4e-49fa-af8b-8ad6a3b0de02","977bd81d-f2eb-40c7-a021-c4702b7cdf22","Quality score 5","-8.0","14:02:08","SKYWAVE_PHASE_4_5","661e5d1b-d43d-4515-a7ba-2be10c49b9d7"
"2db6b561-88c6-41a0-ad5a-76df8228fe37","89c7198c-93d7-40f4-a028-ed21d30f9cf3","1ffdfd0c-70cf-4803-a2e6-ddee39a8c748","981cada7-964f-4af6-a2c5-41f9a73aa021","Intent: Mileage Balance Inquiries","-8.0","14:03:59","SKYWAVE_PHASE_4_5","be33cb0e-4d96-40e6-a724-895626c82994"
"2db6b561-88c6-41a0-ad5a-76df8228fe37","89c7198c-93d7-40f4-a028-ed21d30f9cf3","6f4cb788-6a4e-49fa-af8b-8ad6a3b0de02","977bd81d-f2eb-40c7-a021-c4702b7cdf22","Quality score 5","-8.0","14:03:59","SKYWAVE_PHASE_4_5","928f65ae-8834-4b0f-ae30-49e43ff1b9bc"
"68392e48-21e9-4924-af52-8baef3ac6725","89c7198c-93d7-40f4-a028-ed21d30f9cf3","1ffdfd0c-70cf-4803-a2e6-ddee39a8c748","8b8f0ad6-2180-4df9-ad17-393b2d1daf41","Intent: Lost Baggage Claims","-8.0","14:09:12","SKYWAVE_PHASE_4_5","4f6682bc-05cc-42d1-a2e0-b3881f5e0235"
"68392e48-21e9-4924-af52-8baef3ac6725","89c7198c-93d7-40f4-a028-ed21d30f9cf3","6f4cb788-6a4e-49fa-af8b-8ad6a3b0de02","af9276e0-232c-453b-ab8e-a994f431cbff","Quality score 3","-8.0","14:09:12","SKYWAVE_PHASE_4_5","f212d4f8-a3b8-4827-aa4f-075298b86809"
"b52dc071-4ccc-49e1-a06c-d654c6948ee7","c9b4038e-ca84-4bc0-a6cb-236289b5b4f7","1ffdfd0c-70cf-4803-a2e6-ddee39a8c748","f8b5e0e4-571a-46fe-aa92-fcd50b885cc5","Intent: Unsupported Requests","-13.0","11:53:03","SKYWAVE_PHASE_4_5","ad0c8de1-d500-452c-a8da-19cbcf874ccc"
"b52dc071-4ccc-49e1-a06c-d654c6948ee7","c9b4038e-ca84-4bc0-a6cb-236289b5b4f7","6f4cb788-6a4e-49fa-af8b-8ad6a3b0de02","bfa3f155-5222-4840-a6d3-fddc7e72ef30","Quality score 2","-13.0","11:53:03","SKYWAVE_PHASE_4_5","c73ff546-e248-44e5-a86a-21d447c804ab"
"007b17c0-7ad0-410a-a1b9-1b86e5cc65c9","244eb279-2fde-43c3-a694-a73087fd50d6","1ffdfd0c-70cf-4803-a2e6-ddee39a8c748","6bfb174a-8001-4add-abf0-6d381e435574","Intent: Reservation Modifications and Cancellations","-8.0","17:13:32","SKYWAVE_PHASE_4_5","0f8d7449-d6dc-4e4d-af87-af065a7a361d"
"007b17c0-7ad0-410a-a1b9-1b86e5cc65c9","244eb279-2fde-43c3-a694-a73087fd50d6","6f4cb788-6a4e-49fa-af8b-8ad6a3b0de02","977bd81d-f2eb-40c7-a021-c4702b7cdf22","Quality score 5","-8.0","17:13:32","SKYWAVE_PHASE_4_5","18f485d2-720a-4473-a078-161755d54130"
"468ea1a5-4fa8-4229-a3f2-7b7d1d2a1b61","a541ac12-55df-4732-ac1a-dc7afcf66b6e","1ffdfd0c-70cf-4803-a2e6-ddee39a8c748","6bfb174a-8001-4add-abf0-6d381e435574","Intent: Reservation Modifications and Cancellations","-4.0","15:21:12","SKYWAVE_PHASE_4_5","dfc1abbe-53b4-4917-a2dd-65e24f1b8638"
"468ea1a5-4fa8-4229-a3f2-7b7d1d2a1b61","a541ac12-55df-4732-ac1a-dc7afcf66b6e","6f4cb788-6a4e-49fa-af8b-8ad6a3b0de02","40c6f573-42d6-4b9d-a349-a5de3d11ffbe","Quality score 4","-4.0","15:21:12","SKYWAVE_PHASE_4_5","ac1a6d2f-8a05-4ca4-ada5-d6bfd89e3e18"
"d43221d9-2ebb-483b-ae4f-7946dd58193a","a541ac12-55df-4732-ac1a-dc7afcf66b6e","1ffdfd0c-70cf-4803-a2e6-ddee39a8c748","ac0c4c75-904b-4cbd-a97e-fce7a397945a","Intent: Booking Confirmation Queries","-4.0","15:25:06","SKYWAVE_PHASE_4_5","f1ec8532-3e75-46d5-a242-9b82e11e81a3"
"d43221d9-2ebb-483b-ae4f-7946dd58193a","a541ac12-55df-4732-ac1a-dc7afcf66b6e","6f4cb788-6a4e-49fa-af8b-8ad6a3b0de02","977bd81d-f2eb-40c7-a021-c4702b7cdf22","Quality score 5","-4.0","15:25:06","SKYWAVE_PHASE_4_5","2153c0f3-4e6b-493c-a4f2-9a76886f402e"
"21e1b5b7-2009-400e-a9af-cbb32bd2a760","a541ac12-55df-4732-ac1a-dc7afcf66b6e","1ffdfd0c-70cf-4803-a2e6-ddee39a8c748","2176793d-4536-4299-a815-665cd12e3689","Intent: Seat Assignment Corrections","-4.0","15:27:05","SKYWAVE_PHASE_4_5","e7374bf2-428a-4c9a-ad5a-82b46e5cbaa9"
"21e1b5b7-2009-400e-a9af-cbb32bd2a760","a541ac12-55df-4732-ac1a-dc7afcf66b6e","6f4cb788-6a4e-49fa-af8b-8ad6a3b0de02","a07613f1-f4c8-413f-a7ac-d8af0a446e4e","Quality score 1","-4.0","15:27:05","SKYWAVE_PHASE_4_5","0ed9ba7d-859b-4ee5-a6b4-ed4bb2f1fe9a"
"fd8eca5a-bfc9-48b9-aa58-c772a2a60ce1","f5c3ba54-9910-4fde-a0cf-b2fefc8a6051","1ffdfd0c-70cf-4803-a2e6-ddee39a8c748","0cc5b3be-ec6a-4ca7-a940-5bbf1f92a89a","Intent: Name Spelling Updates","-3.0","12:13:47","SKYWAVE_PHASE_4_5","c48561d3-7d2b-4511-ad96-e0ffa3886c95"
"fd8eca5a-bfc9-48b9-aa58-c772a2a60ce1","f5c3ba54-9910-4fde-a0cf-b2fefc8a6051","6f4cb788-6a4e-49fa-af8b-8ad6a3b0de02","40c6f573-42d6-4b9d-a349-a5de3d11ffbe","Quality score 4","-3.0","12:13:47","SKYWAVE_PHASE_4_5","50213954-efcf-4749-a7a5-366cd01098b2"
"1ccc873b-a709-4ddc-a026-50d95f955db5","97c37d76-81dc-4982-adaa-6552526b047c","1ffdfd0c-70cf-4803-a2e6-ddee39a8c748","6bfb174a-8001-4add-abf0-6d381e435574","Intent: Reservation Modifications and Cancellations","-12.0","18:40:39","SKYWAVE_PHASE_4_5","9c5228f3-d573-471d-afe4-d758f075c990"
"1ccc873b-a709-4ddc-a026-50d95f955db5","97c37d76-81dc-4982-adaa-6552526b047c","6f4cb788-6a4e-49fa-af8b-8ad6a3b0de02","40c6f573-42d6-4b9d-a349-a5de3d11ffbe","Quality score 4","-12.0","18:40:39","SKYWAVE_PHASE_4_5","5e5f098d-ceb9-4387-a4b7-786dc27287d6"
"61ed4350-e297-4bea-aa3b-1a3f68a831a7","613b5885-470e-4aeb-aa5f-d236c6b16764","1ffdfd0c-70cf-4803-a2e6-ddee39a8c748","2d33fe06-0fb9-4956-a183-1d3bb672ddb7","Intent: Flight Search and Booking","-4.0","16:46:02","SKYWAVE_PHASE_4_5","6c1224ba-7048-4aad-a640-21f0724cae37"
"61ed4350-e297-4bea-aa3b-1a3f68a831a7","613b5885-470e-4aeb-aa5f-d236c6b16764","6f4cb788-6a4e-49fa-af8b-8ad6a3b0de02","40c6f573-42d6-4b9d-a349-a5de3d11ffbe","Quality score 4","-4.0","16:46:02","SKYWAVE_PHASE_4_5","1a2596d9-9ddf-4eeb-ac65-d0dd0af5c7e8"
"7b7da672-d438-4028-a69c-8ab107270a7d","613b5885-470e-4aeb-aa5f-d236c6b16764","1ffdfd0c-70cf-4803-a2e6-ddee39a8c748","8b8f0ad6-2180-4df9-ad17-393b2d1daf41","Intent: Lost Baggage Claims","-4.0","16:50:13","SKYWAVE_PHASE_4_5","d2cd4e57-18d1-4e34-a55a-3c479bd319b2"
"7b7da672-d438-4028-a69c-8ab107270a7d","613b5885-470e-4aeb-aa5f-d236c6b16764","6f4cb788-6a4e-49fa-af8b-8ad6a3b0de02","af9276e0-232c-453b-ab8e-a994f431cbff","Quality score 3","-4.0","16:50:13","SKYWAVE_PHASE_4_5","f0bf405f-362e-427c-a937-5586792a4a0f"
"4eaadef8-dcff-4840-a389-ac12848b2f05","eb667c0b-94b1-4814-a601-84e8f1fa47bb","1ffdfd0c-70cf-4803-a2e6-ddee39a8c748","981cada7-964f-4af6-a2c5-41f9a73aa021","Intent: Mileage Balance Inquiries","-12.0","14:08:36","SKYWAVE_PHASE_4_5","a82a854c-88fe-407b-ae23-e11a8274d7f7"
"4eaadef8-dcff-4840-a389-ac12848b2f05","eb667c0b-94b1-4814-a601-84e8f1fa47bb","6f4cb788-6a4e-49fa-af8b-8ad6a3b0de02","977bd81d-f2eb-40c7-a021-c4702b7cdf22","Quality score 5","-12.0","14:08:36","SKYWAVE_PHASE_4_5","a3be6169-9bfd-4212-a7c8-24cbf97f2b34"
"a03504d7-bc1d-4c9d-a793-d6c02fa9ab70","3d7a21b6-8cd1-4106-a1a5-ad823089fb7c","1ffdfd0c-70cf-4803-a2e6-ddee39a8c748","bed60ad3-4558-43b9-a5ea-06d58fe3bdcc","Intent: Seat Change Requests","-3.0","12:54:52","SKYWAVE_PHASE_4_5","0d4ed17c-2515-4202-a320-c382b5eb26ed"
"a03504d7-bc1d-4c9d-a793-d6c02fa9ab70","3d7a21b6-8cd1-4106-a1a5-ad823089fb7c","6f4cb788-6a4e-49fa-af8b-8ad6a3b0de02","a07613f1-f4c8-413f-a7ac-d8af0a446e4e","Quality score 1","-3.0","12:54:52","SKYWAVE_PHASE_4_5","518640fc-93b5-4851-ad13-474817b20f14"
"d7edced6-a42e-43c8-ab9d-de956dcfd6a6","3d7a21b6-8cd1-4106-a1a5-ad823089fb7c","1ffdfd0c-70cf-4803-a2e6-ddee39a8c748","2883b794-f6d9-4a0e-aba0-5b86d2c4611e","Intent: Miles Redemption Requests","-3.0","12:56:35","SKYWAVE_PHASE_4_5","9585ecae-921f-4332-a637-c2522a01082e"
"d7edced6-a42e-43c8-ab9d-de956dcfd6a6","3d7a21b6-8cd1-4106-a1a5-ad823089fb7c","6f4cb788-6a4e-49fa-af8b-8ad6a3b0de02","40c6f573-42d6-4b9d-a349-a5de3d11ffbe","Quality score 4","-3.0","12:56:35","SKYWAVE_PHASE_4_5","e48ac0c7-1ae5-41bb-aaa9-54f82af89da8"
"d60cf8ea-6826-43b2-a204-8b398222996e","6573935b-c3a3-4bce-aedf-759581de0868","1ffdfd0c-70cf-4803-a2e6-ddee39a8c748","bed60ad3-4558-43b9-a5ea-06d58fe3bdcc","Intent: Seat Change Requests","-2.0","09:00:01","SKYWAVE_PHASE_4_5","3afe3f0a-9fb6-497e-a4bd-0e725d2d25b2"
"d60cf8ea-6826-43b2-a204-8b398222996e","6573935b-c3a3-4bce-aedf-759581de0868","6f4cb788-6a4e-49fa-af8b-8ad6a3b0de02","a07613f1-f4c8-413f-a7ac-d8af0a446e4e","Quality score 1","-2.0","09:00:01","SKYWAVE_PHASE_4_5","2649cc4c-b42c-4b10-a85d-49b98875f040"
"d556c9ed-9ed2-4a6c-acfd-e12929377ca4","7eb34650-5a82-49c1-a085-88c212c04861","1ffdfd0c-70cf-4803-a2e6-ddee39a8c748","0cc5b3be-ec6a-4ca7-a940-5bbf1f92a89a","Intent: Name Spelling Updates","-10.0","09:22:10","SKYWAVE_PHASE_4_5","f2265f39-8526-4eb8-a97c-59dbb6a42093"
"d556c9ed-9ed2-4a6c-acfd-e12929377ca4","7eb34650-5a82-49c1-a085-88c212c04861","6f4cb788-6a4e-49fa-af8b-8ad6a3b0de02","40c6f573-42d6-4b9d-a349-a5de3d11ffbe","Quality score 4","-10.0","09:22:10","SKYWAVE_PHASE_4_5","164ac71b-4885-48eb-acca-30dfb3c2dce9"
"1efd4a0a-1022-4364-a8d3-0490186d1ea2","7eb34650-5a82-49c1-a085-88c212c04861","1ffdfd0c-70cf-4803-a2e6-ddee39a8c748","bed60ad3-4558-43b9-a5ea-06d58fe3bdcc","Intent: Seat Change Requests","-10.0","09:23:06","SKYWAVE_PHASE_4_5","33b06529-6da7-42ba-acba-066ac85c0d84"
"1efd4a0a-1022-4364-a8d3-0490186d1ea2","7eb34650-5a82-49c1-a085-88c212c04861","6f4cb788-6a4e-49fa-af8b-8ad6a3b0de02","bfa3f155-5222-4840-a6d3-fddc7e72ef30","Quality score 2","-10.0","09:23:06","SKYWAVE_PHASE_4_5","70eac5e5-b4bd-4e02-a37a-b32e8a1e4f3e"
"1f968e3e-5554-4803-ab5b-36f97e939fc2","31ba6983-a7e1-4051-a6ee-dce2b6c0ef6b","1ffdfd0c-70cf-4803-a2e6-ddee39a8c748","bed60ad3-4558-43b9-a5ea-06d58fe3bdcc","Intent: Seat Change Requests","-12.0","09:22:51","SKYWAVE_PHASE_4_5","030a3df6-d5d1-4a69-a5fd-2c802769b494"
"1f968e3e-5554-4803-ab5b-36f97e939fc2","31ba6983-a7e1-4051-a6ee-dce2b6c0ef6b","6f4cb788-6a4e-49fa-af8b-8ad6a3b0de02","a07613f1-f4c8-413f-a7ac-d8af0a446e4e","Quality score 1","-12.0","09:22:51","SKYWAVE_PHASE_4_5","ed8a7dca-07bd-4fd8-a8ca-aa630213ce23"
"b8baa6ab-6634-45cd-a8c6-f522b8c85ce7","73731351-0c9e-4ef5-a879-2dbe07135d90","1ffdfd0c-70cf-4803-a2e6-ddee39a8c748","2d33fe06-0fb9-4956-a183-1d3bb672ddb7","Intent: Flight Search and Booking","-6.0","10:56:46","SKYWAVE_PHASE_4_5","6f435496-e9f6-4252-a8df-b98e809b4076"
"b8baa6ab-6634-45cd-a8c6-f522b8c85ce7","73731351-0c9e-4ef5-a879-2dbe07135d90","6f4cb788-6a4e-49fa-af8b-8ad6a3b0de02","40c6f573-42d6-4b9d-a349-a5de3d11ffbe","Quality score 4","-6.0","10:56:46","SKYWAVE_PHASE_4_5","2bec33f6-cafd-439d-a191-db499b286242"
"c251e683-53d3-4e81-aa9f-d3de786139bd","07c6a79c-d59f-42ad-ad01-a89520fe1c23","1ffdfd0c-70cf-4803-a2e6-ddee39a8c748","2d33fe06-0fb9-4956-a183-1d3bb672ddb7","Intent: Flight Search and Booking","-7.0","08:29:13","SKYWAVE_PHASE_4_5","4c09ebd2-7673-4d41-acd0-7884a652dc2a"
"c251e683-53d3-4e81-aa9f-d3de786139bd","07c6a79c-d59f-42ad-ad01-a89520fe1c23","6f4cb788-6a4e-49fa-af8b-8ad6a3b0de02","40c6f573-42d6-4b9d-a349-a5de3d11ffbe","Quality score 4","-7.0","08:29:13","SKYWAVE_PHASE_4_5","cc20b11d-f7a9-45a3-a707-912052013a77"
"5a9839a0-d4e0-4c71-a5d6-81bb2ea3e044","58c0c818-c539-490a-a92c-7d792ac03808","1ffdfd0c-70cf-4803-a2e6-ddee39a8c748","2883b794-f6d9-4a0e-aba0-5b86d2c4611e","Intent: Miles Redemption Requests","-3.0","10:50:35","SKYWAVE_PHASE_4_5","d4d61ef3-b59c-4b6a-abb7-d32c02999266"
"5a9839a0-d4e0-4c71-a5d6-81bb2ea3e044","58c0c818-c539-490a-a92c-7d792ac03808","6f4cb788-6a4e-49fa-af8b-8ad6a3b0de02","977bd81d-f2eb-40c7-a021-c4702b7cdf22","Quality score 5","-3.0","10:50:35","SKYWAVE_PHASE_4_5","628a5ced-7f2e-4654-ac18-f7ba1288a627"
"441e7dbe-bec7-4450-a647-6aebd4016980","58c0c818-c539-490a-a92c-7d792ac03808","1ffdfd0c-70cf-4803-a2e6-ddee39a8c748","981cada7-964f-4af6-a2c5-41f9a73aa021","Intent: Mileage Balance Inquiries","-3.0","10:52:01","SKYWAVE_PHASE_4_5","844c0782-fce0-4a63-ae0c-2e60ee332817"
"441e7dbe-bec7-4450-a647-6aebd4016980","58c0c818-c539-490a-a92c-7d792ac03808","6f4cb788-6a4e-49fa-af8b-8ad6a3b0de02","40c6f573-42d6-4b9d-a349-a5de3d11ffbe","Quality score 4","-3.0","10:52:01","SKYWAVE_PHASE_4_5","1be0c243-6533-4c23-a16d-58d08f94b941"
"f8877cb7-5c4c-4484-ae2e-d402d450f32b","58c0c818-c539-490a-a92c-7d792ac03808","1ffdfd0c-70cf-4803-a2e6-ddee39a8c748","bed60ad3-4558-43b9-a5ea-06d58fe3bdcc","Intent: Seat Change Requests","-3.0","10:57:45","SKYWAVE_PHASE_4_5","5378ff87-89e4-4f07-ad42-a440afdee725"
"f8877cb7-5c4c-4484-ae2e-d402d450f32b","58c0c818-c539-490a-a92c-7d792ac03808","6f4cb788-6a4e-49fa-af8b-8ad6a3b0de02","a07613f1-f4c8-413f-a7ac-d8af0a446e4e","Quality score 1","-3.0","10:57:45","SKYWAVE_PHASE_4_5","ab48de06-adea-41a7-a334-579c02d954a9"
"b4d43056-74cc-4e3b-ad4e-786dc664a487","02280af3-fd2f-407e-a3b2-de90428b6cdf","1ffdfd0c-70cf-4803-a2e6-ddee39a8c748","bed60ad3-4558-43b9-a5ea-06d58fe3bdcc","Intent: Seat Change Requests","-14.0","13:42:04","SKYWAVE_PHASE_4_5","5102a797-08df-4b93-aae6-56401d9fcc43"
"b4d43056-74cc-4e3b-ad4e-786dc664a487","02280af3-fd2f-407e-a3b2-de90428b6cdf","6f4cb788-6a4e-49fa-af8b-8ad6a3b0de02","a07613f1-f4c8-413f-a7ac-d8af0a446e4e","Quality score 1","-14.0","13:42:04","SKYWAVE_PHASE_4_5","8c0686fd-3dbf-4a81-a822-8760aaabcb8a"
"0f281147-945b-40d3-afeb-83a1d3d29940","02280af3-fd2f-407e-a3b2-de90428b6cdf","1ffdfd0c-70cf-4803-a2e6-ddee39a8c748","2176793d-4536-4299-a815-665cd12e3689","Intent: Seat Assignment Corrections","-14.0","13:45:22","SKYWAVE_PHASE_4_5","b283f2d3-851e-4f7b-a2f5-ff31dec6caad"
"0f281147-945b-40d3-afeb-83a1d3d29940","02280af3-fd2f-407e-a3b2-de90428b6cdf","6f4cb788-6a4e-49fa-af8b-8ad6a3b0de02","a07613f1-f4c8-413f-a7ac-d8af0a446e4e","Quality score 1","-14.0","13:45:22","SKYWAVE_PHASE_4_5","d112015d-3e72-4320-a941-f6bf2bdd9746"
"f9d5fa04-add8-4755-a823-2f2e31e9462a","b4fdb351-5019-4e06-a3ad-b65984fca5db","1ffdfd0c-70cf-4803-a2e6-ddee39a8c748","ac0c4c75-904b-4cbd-a97e-fce7a397945a","Intent: Booking Confirmation Queries","-3.0","12:58:24","SKYWAVE_PHASE_4_5","fb0913ae-2bd4-49a5-a2cf-665e75a16167"
"f9d5fa04-add8-4755-a823-2f2e31e9462a","b4fdb351-5019-4e06-a3ad-b65984fca5db","6f4cb788-6a4e-49fa-af8b-8ad6a3b0de02","40c6f573-42d6-4b9d-a349-a5de3d11ffbe","Quality score 4","-3.0","12:58:24","SKYWAVE_PHASE_4_5","95b381c6-5b8f-488c-a9a5-e1609b28cef9"
"f092b485-9c6a-49d8-a619-d8255c721d8c","b4fdb351-5019-4e06-a3ad-b65984fca5db","1ffdfd0c-70cf-4803-a2e6-ddee39a8c748","8b8f0ad6-2180-4df9-ad17-393b2d1daf41","Intent: Lost Baggage Claims","-3.0","13:02:37","SKYWAVE_PHASE_4_5","4b42330d-318c-4581-ab15-8581946b7161"
"f092b485-9c6a-49d8-a619-d8255c721d8c","b4fdb351-5019-4e06-a3ad-b65984fca5db","6f4cb788-6a4e-49fa-af8b-8ad6a3b0de02","af9276e0-232c-453b-ab8e-a994f431cbff","Quality score 3","-3.0","13:02:37","SKYWAVE_PHASE_4_5","5c10babb-026f-4c00-aec7-4b537c61964b"
"d19b0b90-3403-4552-a690-54a17a54dce4","d2ce0776-4d5e-49fd-a5e5-567acdfeb10e","1ffdfd0c-70cf-4803-a2e6-ddee39a8c748","981cada7-964f-4af6-a2c5-41f9a73aa021","Intent: Mileage Balance Inquiries","-11.0","14:30:49","SKYWAVE_PHASE_4_5","2aa42d63-d3bc-426d-aaf7-2b06ff9ae99c"
"d19b0b90-3403-4552-a690-54a17a54dce4","d2ce0776-4d5e-49fd-a5e5-567acdfeb10e","6f4cb788-6a4e-49fa-af8b-8ad6a3b0de02","977bd81d-f2eb-40c7-a021-c4702b7cdf22","Quality score 5","-11.0","14:30:49","SKYWAVE_PHASE_4_5","ade82b38-8f68-4426-a75e-c294768932fa"
"1e3b6406-8940-48f7-a730-e70d481f3401","d2ce0776-4d5e-49fd-a5e5-567acdfeb10e","1ffdfd0c-70cf-4803-a2e6-ddee39a8c748","2176793d-4536-4299-a815-665cd12e3689","Intent: Seat Assignment Corrections","-11.0","14:34:05","SKYWAVE_PHASE_4_5","93d4c38f-21b3-47af-ad72-c035fb8cffea"
"1e3b6406-8940-48f7-a730-e70d481f3401","d2ce0776-4d5e-49fd-a5e5-567acdfeb10e","6f4cb788-6a4e-49fa-af8b-8ad6a3b0de02","a07613f1-f4c8-413f-a7ac-d8af0a446e4e","Quality score 1","-11.0","14:34:05","SKYWAVE_PHASE_4_5","20a12a53-355a-42dd-ab7e-b383b5ae3a87"
"5bb1df7b-02eb-4b61-adb8-189465d10c84","cd0adb63-3c3e-4c08-a8b2-6827b21d8f14","1ffdfd0c-70cf-4803-a2e6-ddee39a8c748","6bfb174a-8001-4add-abf0-6d381e435574","Intent: Reservation Modifications and Cancellations","-11.0","18:01:46","SKYWAVE_PHASE_4_5","9c16bf34-1ee6-46fa-ab79-44b12dd6e576"
"5bb1df7b-02eb-4b61-adb8-189465d10c84","cd0adb63-3c3e-4c08-a8b2-6827b21d8f14","6f4cb788-6a4e-49fa-af8b-8ad6a3b0de02","40c6f573-42d6-4b9d-a349-a5de3d11ffbe","Quality score 4","-11.0","18:01:46","SKYWAVE_PHASE_4_5","f2ccd8d3-e8e3-4546-ab82-7668d6f7fecb"
"4079448c-a77f-4831-ac8b-0ab0ce3015ab","67d6ad5f-9e1a-4adc-a665-e2b24e7836c8","1ffdfd0c-70cf-4803-a2e6-ddee39a8c748","8b8f0ad6-2180-4df9-ad17-393b2d1daf41","Intent: Lost Baggage Claims","-7.0","13:40:27","SKYWAVE_PHASE_4_5","003b0f5d-d5fe-4cf4-ab31-16c99d00b5ec"
"4079448c-a77f-4831-ac8b-0ab0ce3015ab","67d6ad5f-9e1a-4adc-a665-e2b24e7836c8","6f4cb788-6a4e-49fa-af8b-8ad6a3b0de02","40c6f573-42d6-4b9d-a349-a5de3d11ffbe","Quality score 4","-7.0","13:40:27","SKYWAVE_PHASE_4_5","0db2a6a4-1c51-4843-a1c3-d02a79c10c88"
"6131b461-ea5b-44d1-aeb9-c0a1b158bd60","972b84eb-f0ed-49c8-a1b2-a3097ee416cd","1ffdfd0c-70cf-4803-a2e6-ddee39a8c748","560e4777-8dfc-4ecd-aa43-643d9c351ac5","Intent: Seat Upgrade Requests","-2.0","13:08:59","SKYWAVE_PHASE_4_5","96c18572-7145-438b-af7d-6ea0e8d71f68"
"6131b461-ea5b-44d1-aeb9-c0a1b158bd60","972b84eb-f0ed-49c8-a1b2-a3097ee416cd","6f4cb788-6a4e-49fa-af8b-8ad6a3b0de02","bfa3f155-5222-4840-a6d3-fddc7e72ef30","Quality score 2","-2.0","13:08:59","SKYWAVE_PHASE_4_5","39e6928b-667f-46b3-a960-c98030d4b20f"
"e31d82ba-88a2-4fcc-a01a-d504b9fa3706","680cc0bc-3434-455e-afaa-7eb1fd869998","1ffdfd0c-70cf-4803-a2e6-ddee39a8c748","0cc5b3be-ec6a-4ca7-a940-5bbf1f92a89a","Intent: Name Spelling Updates","-12.0","13:33:23","SKYWAVE_PHASE_4_5","a1ba6663-7632-4f1b-a677-ae684b7ceef2"
"e31d82ba-88a2-4fcc-a01a-d504b9fa3706","680cc0bc-3434-455e-afaa-7eb1fd869998","6f4cb788-6a4e-49fa-af8b-8ad6a3b0de02","977bd81d-f2eb-40c7-a021-c4702b7cdf22","Quality score 5","-12.0","13:33:23","SKYWAVE_PHASE_4_5","cac4c8e9-7d67-4cd2-aba5-30daee0fb368"
"cb8f501e-b42d-4349-ad7e-aa0650412db2","c4d4259f-7b20-4f60-a358-864aaade7044","1ffdfd0c-70cf-4803-a2e6-ddee39a8c748","0cc5b3be-ec6a-4ca7-a940-5bbf1f92a89a","Intent: Name Spelling Updates","-2.0","15:07:27","SKYWAVE_PHASE_4_5","ac9d1d14-11db-4245-ad76-af88e8808179"
"cb8f501e-b42d-4349-ad7e-aa0650412db2","c4d4259f-7b20-4f60-a358-864aaade7044","6f4cb788-6a4e-49fa-af8b-8ad6a3b0de02","977bd81d-f2eb-40c7-a021-c4702b7cdf22","Quality score 5","-2.0","15:07:27","SKYWAVE_PHASE_4_5","5c7153d4-2034-4ef8-a1ee-4ea9468d8578"
"b061b391-fc27-4d5e-a490-03cae0c8bbf5","c4d4259f-7b20-4f60-a358-864aaade7044","1ffdfd0c-70cf-4803-a2e6-ddee39a8c748","2d33fe06-0fb9-4956-a183-1d3bb672ddb7","Intent: Flight Search and Booking","-2.0","15:10:47","SKYWAVE_PHASE_4_5","364adaf8-3346-4325-a0cc-fb6bf89ac185"
"b061b391-fc27-4d5e-a490-03cae0c8bbf5","c4d4259f-7b20-4f60-a358-864aaade7044","6f4cb788-6a4e-49fa-af8b-8ad6a3b0de02","40c6f573-42d6-4b9d-a349-a5de3d11ffbe","Quality score 4","-2.0","15:10:47","SKYWAVE_PHASE_4_5","889e78d3-c378-4e48-a777-9bf8c1865d0d"
"7e02b999-29a0-4ef5-a392-914ec984ceab","c1cfc869-1266-4c13-a39d-031dbeef5cbb","1ffdfd0c-70cf-4803-a2e6-ddee39a8c748","560e4777-8dfc-4ecd-aa43-643d9c351ac5","Intent: Seat Upgrade Requests","-10.0","11:32:52","SKYWAVE_PHASE_4_5","df1f1008-a915-4ff0-a6e8-df208a796799"
"7e02b999-29a0-4ef5-a392-914ec984ceab","c1cfc869-1266-4c13-a39d-031dbeef5cbb","6f4cb788-6a4e-49fa-af8b-8ad6a3b0de02","bfa3f155-5222-4840-a6d3-fddc7e72ef30","Quality score 2","-10.0","11:32:52","SKYWAVE_PHASE_4_5","3be80f57-2866-4c83-a152-c419080a7859"
"4646288f-3d94-4043-ac30-3a8f32fc212a","269d222c-beb5-411f-a5d1-9cac1be610ba","1ffdfd0c-70cf-4803-a2e6-ddee39a8c748","2176793d-4536-4299-a815-665cd12e3689","Intent: Seat Assignment Corrections","-9.0","19:32:33","SKYWAVE_PHASE_4_5","c1f99729-e54f-4c77-a953-5881ead0ca1a"
"4646288f-3d94-4043-ac30-3a8f32fc212a","269d222c-beb5-411f-a5d1-9cac1be610ba","6f4cb788-6a4e-49fa-af8b-8ad6a3b0de02","bfa3f155-5222-4840-a6d3-fddc7e72ef30","Quality score 2","-9.0","19:32:33","SKYWAVE_PHASE_4_5","6844c347-cff0-4b1b-a863-05f78c8a9df1"
"4f19be7c-fdf1-4468-a8d1-49ad85591d88","fd26ab1b-429c-435d-a6f0-69a5f90e0b92","1ffdfd0c-70cf-4803-a2e6-ddee39a8c748","6bfb174a-8001-4add-abf0-6d381e435574","Intent: Reservation Modifications and Cancellations","-3.0","11:47:49","SKYWAVE_PHASE_4_5","013bef68-252a-4de7-a1da-42d39b50384a"
"4f19be7c-fdf1-4468-a8d1-49ad85591d88","fd26ab1b-429c-435d-a6f0-69a5f90e0b92","6f4cb788-6a4e-49fa-af8b-8ad6a3b0de02","40c6f573-42d6-4b9d-a349-a5de3d11ffbe","Quality score 4","-3.0","11:47:49","SKYWAVE_PHASE_4_5","a4032b2e-41b8-4e04-a5d0-f2ff3e841416"
"27997c19-9d2d-4be6-aa40-633990c8e3a6","f1de6a80-5e0a-4205-af64-4bc1f90f9757","1ffdfd0c-70cf-4803-a2e6-ddee39a8c748","560e4777-8dfc-4ecd-aa43-643d9c351ac5","Intent: Seat Upgrade Requests","-9.0","10:29:40","SKYWAVE_PHASE_4_5","671cc8d6-9963-4888-a20c-77f850b331ae"
"27997c19-9d2d-4be6-aa40-633990c8e3a6","f1de6a80-5e0a-4205-af64-4bc1f90f9757","6f4cb788-6a4e-49fa-af8b-8ad6a3b0de02","a07613f1-f4c8-413f-a7ac-d8af0a446e4e","Quality score 1","-9.0","10:29:40","SKYWAVE_PHASE_4_5","b3c730eb-7801-43a3-a15d-98c50bca51da"
"eeab622b-cbb7-4f34-afe9-058f5582c3ec","30c831a4-c098-4996-a99a-bff00844a2aa","1ffdfd0c-70cf-4803-a2e6-ddee39a8c748","33d24820-e5ef-443f-a050-6eb5489180c6","Intent: Tier Status and Benefits","-8.0","17:42:54","SKYWAVE_PHASE_4_5","915c870d-c37d-42ef-ac9f-9a1c19e4287a"
"eeab622b-cbb7-4f34-afe9-058f5582c3ec","30c831a4-c098-4996-a99a-bff00844a2aa","6f4cb788-6a4e-49fa-af8b-8ad6a3b0de02","977bd81d-f2eb-40c7-a021-c4702b7cdf22","Quality score 5","-8.0","17:42:54","SKYWAVE_PHASE_4_5","831ad602-a29a-485e-a3ab-590f8dabcf51"
"68a4ae2d-489c-4d4d-ae67-5961f0ecd193","30c831a4-c098-4996-a99a-bff00844a2aa","1ffdfd0c-70cf-4803-a2e6-ddee39a8c748","2883b794-f6d9-4a0e-aba0-5b86d2c4611e","Intent: Miles Redemption Requests","-8.0","17:44:46","SKYWAVE_PHASE_4_5","d30927bb-5a66-49e5-a377-9f723a9c2205"
"68a4ae2d-489c-4d4d-ae67-5961f0ecd193","30c831a4-c098-4996-a99a-bff00844a2aa","6f4cb788-6a4e-49fa-af8b-8ad6a3b0de02","977bd81d-f2eb-40c7-a021-c4702b7cdf22","Quality score 5","-8.0","17:44:46","SKYWAVE_PHASE_4_5","1f7697fe-b1b8-47dd-a6f8-ee7ec38e4862"
"e48abd1a-2d27-4180-a2d3-d24e8e787fb1","30c831a4-c098-4996-a99a-bff00844a2aa","1ffdfd0c-70cf-4803-a2e6-ddee39a8c748","2176793d-4536-4299-a815-665cd12e3689","Intent: Seat Assignment Corrections","-8.0","17:48:43","SKYWAVE_PHASE_4_5","932aa659-cbba-47d2-a542-f9152f5c5dc3"
"e48abd1a-2d27-4180-a2d3-d24e8e787fb1","30c831a4-c098-4996-a99a-bff00844a2aa","6f4cb788-6a4e-49fa-af8b-8ad6a3b0de02","a07613f1-f4c8-413f-a7ac-d8af0a446e4e","Quality score 1","-8.0","17:48:43","SKYWAVE_PHASE_4_5","4b8b10d3-7e5e-4fc7-a7a6-de5b00ec3819"
"36664dc3-23fa-4cd5-a563-051d1eea7f96","2b3dc4a5-56d8-4197-a61e-a2315c408b96","1ffdfd0c-70cf-4803-a2e6-ddee39a8c748","84c29cfb-8468-49f6-aeed-f126d271a498","Intent: Off-Topic General Queries","-2.0","10:39:07","SKYWAVE_PHASE_4_5","d6d257ac-b956-45f7-a77c-a5bab27500c5"
"36664dc3-23fa-4cd5-a563-051d1eea7f96","2b3dc4a5-56d8-4197-a61e-a2315c408b96","6f4cb788-6a4e-49fa-af8b-8ad6a3b0de02","bfa3f155-5222-4840-a6d3-fddc7e72ef30","Quality score 2","-2.0","10:39:07","SKYWAVE_PHASE_4_5","03bcda9f-8f01-4a84-ac1d-b17df234d0d8"
"2dbc1678-dd89-4bcf-aaf9-48176d2cdb1e","18e49dca-8c1e-40ac-a392-9eb6dc9f3249","1ffdfd0c-70cf-4803-a2e6-ddee39a8c748","bed60ad3-4558-43b9-a5ea-06d58fe3bdcc","Intent: Seat Change Requests","-7.0","13:22:52","SKYWAVE_PHASE_4_5","e4a123dc-8113-4aeb-a762-f9dd20ffd0a5"
"2dbc1678-dd89-4bcf-aaf9-48176d2cdb1e","18e49dca-8c1e-40ac-a392-9eb6dc9f3249","6f4cb788-6a4e-49fa-af8b-8ad6a3b0de02","bfa3f155-5222-4840-a6d3-fddc7e72ef30","Quality score 2","-7.0","13:22:52","SKYWAVE_PHASE_4_5","8becbeb3-4e1a-445d-ac95-3c8bb26546e9"
"dd9df82c-e136-4759-aab9-bf8c92fa7eb3","18e49dca-8c1e-40ac-a392-9eb6dc9f3249","1ffdfd0c-70cf-4803-a2e6-ddee39a8c748","2d33fe06-0fb9-4956-a183-1d3bb672ddb7","Intent: Flight Search and Booking","-7.0","13:28:57","SKYWAVE_PHASE_4_5","61fb6e93-6dfc-41e8-a6df-6d9649d18b94"
"dd9df82c-e136-4759-aab9-bf8c92fa7eb3","18e49dca-8c1e-40ac-a392-9eb6dc9f3249","6f4cb788-6a4e-49fa-af8b-8ad6a3b0de02","40c6f573-42d6-4b9d-a349-a5de3d11ffbe","Quality score 4","-7.0","13:28:57","SKYWAVE_PHASE_4_5","3c242c75-dc22-4f38-a190-8f355679659e"
"006fd3a9-96dc-4ce4-a296-47f56e84d833","a5895352-924b-4684-af99-60adbf3fa920","1ffdfd0c-70cf-4803-a2e6-ddee39a8c748","84c29cfb-8468-49f6-aeed-f126d271a498","Intent: Off-Topic General Queries","-1.0","19:16:45","SKYWAVE_PHASE_4_5","2e9bf015-de21-419c-aba3-d5e0f9bd76c8"
"006fd3a9-96dc-4ce4-a296-47f56e84d833","a5895352-924b-4684-af99-60adbf3fa920","6f4cb788-6a4e-49fa-af8b-8ad6a3b0de02","bfa3f155-5222-4840-a6d3-fddc7e72ef30","Quality score 2","-1.0","19:16:45","SKYWAVE_PHASE_4_5","59969305-91cb-437a-a6d7-0642cd39a868"
"1ec71efa-4730-4d53-ad3f-c120457a2555","a5895352-924b-4684-af99-60adbf3fa920","1ffdfd0c-70cf-4803-a2e6-ddee39a8c748","560e4777-8dfc-4ecd-aa43-643d9c351ac5","Intent: Seat Upgrade Requests","-1.0","19:19:13","SKYWAVE_PHASE_4_5","585edf07-8527-445f-a35b-4b5af3c65874"
"1ec71efa-4730-4d53-ad3f-c120457a2555","a5895352-924b-4684-af99-60adbf3fa920","6f4cb788-6a4e-49fa-af8b-8ad6a3b0de02","a07613f1-f4c8-413f-a7ac-d8af0a446e4e","Quality score 1","-1.0","19:19:13","SKYWAVE_PHASE_4_5","912e2005-15e9-4a30-a5b3-6ab3d061e6cd"
"6372fb7d-6a58-452e-ab05-cd96fc959944","2227f6d7-5a56-482b-ad7f-39e74d6cb872","1ffdfd0c-70cf-4803-a2e6-ddee39a8c748","8b8f0ad6-2180-4df9-ad17-393b2d1daf41","Intent: Lost Baggage Claims","-6.0","12:02:23","SKYWAVE_PHASE_4_5","10ea262d-0b41-47b5-a2c9-e17ddb3c9f0e"
"6372fb7d-6a58-452e-ab05-cd96fc959944","2227f6d7-5a56-482b-ad7f-39e74d6cb872","6f4cb788-6a4e-49fa-af8b-8ad6a3b0de02","40c6f573-42d6-4b9d-a349-a5de3d11ffbe","Quality score 4","-6.0","12:02:23","SKYWAVE_PHASE_4_5","ff4b5a16-3c47-4549-a50a-e0da99c10c62"
"c1e9cd88-2e37-4df0-a419-bad2d42bc0fe","2227f6d7-5a56-482b-ad7f-39e74d6cb872","1ffdfd0c-70cf-4803-a2e6-ddee39a8c748","bf97a1fb-438c-420f-a37b-d4e6cf4aea0e","Intent: Refund Requests for Service Issues","-6.0","12:04:42","SKYWAVE_PHASE_4_5","0e20bddd-f8b0-476e-a9d6-06ad77843d10"
"c1e9cd88-2e37-4df0-a419-bad2d42bc0fe","2227f6d7-5a56-482b-ad7f-39e74d6cb872","6f4cb788-6a4e-49fa-af8b-8ad6a3b0de02","af9276e0-232c-453b-ab8e-a994f431cbff","Quality score 3","-6.0","12:04:42","SKYWAVE_PHASE_4_5","08eb287f-0513-4a17-a919-d1e25068e413"
"fd4f0cf0-871d-42fa-a8af-5c359a0ff81d","2227f6d7-5a56-482b-ad7f-39e74d6cb872","1ffdfd0c-70cf-4803-a2e6-ddee39a8c748","33d24820-e5ef-443f-a050-6eb5489180c6","Intent: Tier Status and Benefits","-6.0","12:09:00","SKYWAVE_PHASE_4_5","e04ed409-fd88-437b-a22b-8f613db5c8e8"
"fd4f0cf0-871d-42fa-a8af-5c359a0ff81d","2227f6d7-5a56-482b-ad7f-39e74d6cb872","6f4cb788-6a4e-49fa-af8b-8ad6a3b0de02","977bd81d-f2eb-40c7-a021-c4702b7cdf22","Quality score 5","-6.0","12:09:00","SKYWAVE_PHASE_4_5","9f9453b4-1d6b-475a-aec3-5eca9bddbbf9"
"7eb1a488-e833-4b83-a7ee-9a5846876e80","6998d371-29ff-4850-a891-b069b030eb83","1ffdfd0c-70cf-4803-a2e6-ddee39a8c748","bed60ad3-4558-43b9-a5ea-06d58fe3bdcc","Intent: Seat Change Requests","-1.0","15:58:05","SKYWAVE_PHASE_4_5","caa9f751-1afb-4369-a733-f9d835289f67"
"7eb1a488-e833-4b83-a7ee-9a5846876e80","6998d371-29ff-4850-a891-b069b030eb83","6f4cb788-6a4e-49fa-af8b-8ad6a3b0de02","bfa3f155-5222-4840-a6d3-fddc7e72ef30","Quality score 2","-1.0","15:58:05","SKYWAVE_PHASE_4_5","55fd09f1-8751-47e2-a175-1e6f31b0d0b0"
"7596bba3-992d-41d8-aa0e-1f12a32c2caa","6998d371-29ff-4850-a891-b069b030eb83","1ffdfd0c-70cf-4803-a2e6-ddee39a8c748","2176793d-4536-4299-a815-665cd12e3689","Intent: Seat Assignment Corrections","-1.0","16:00:26","SKYWAVE_PHASE_4_5","a3ba8400-590a-4ba4-abb4-c6d385bd902c"
"7596bba3-992d-41d8-aa0e-1f12a32c2caa","6998d371-29ff-4850-a891-b069b030eb83","6f4cb788-6a4e-49fa-af8b-8ad6a3b0de02","bfa3f155-5222-4840-a6d3-fddc7e72ef30","Quality score 2","-1.0","16:00:26","SKYWAVE_PHASE_4_5","a9fe3b6a-b530-4fb6-a1e8-213539ba246f"
"597b3f6d-7760-4676-adb7-3b9e976109ff","1e221a66-d292-4c44-a629-9c0d4f4afcfb","1ffdfd0c-70cf-4803-a2e6-ddee39a8c748","2d33fe06-0fb9-4956-a183-1d3bb672ddb7","Intent: Flight Search and Booking","-9.0","08:32:16","SKYWAVE_PHASE_4_5","d64f5946-43ed-4539-a26c-e0c367ee6a7c"
"597b3f6d-7760-4676-adb7-3b9e976109ff","1e221a66-d292-4c44-a629-9c0d4f4afcfb","6f4cb788-6a4e-49fa-af8b-8ad6a3b0de02","977bd81d-f2eb-40c7-a021-c4702b7cdf22","Quality score 5","-9.0","08:32:16","SKYWAVE_PHASE_4_5","9e748920-c53c-4bef-a6c8-52b31c622f98"
"e1bf0310-9c4c-44d1-ab6c-6dcca28970a7","0558aeba-0169-45a5-a863-15192945e7ea","1ffdfd0c-70cf-4803-a2e6-ddee39a8c748","2883b794-f6d9-4a0e-aba0-5b86d2c4611e","Intent: Miles Redemption Requests","-3.0","15:36:46","SKYWAVE_PHASE_4_5","c710d2c0-c870-468e-ae84-87d072e1a198"
"e1bf0310-9c4c-44d1-ab6c-6dcca28970a7","0558aeba-0169-45a5-a863-15192945e7ea","6f4cb788-6a4e-49fa-af8b-8ad6a3b0de02","977bd81d-f2eb-40c7-a021-c4702b7cdf22","Quality score 5","-3.0","15:36:46","SKYWAVE_PHASE_4_5","68d8afa4-cf1d-4ddf-a32d-ee4c0b94d7f1"
"ea6e91ce-3e09-4d73-a0c0-8f7ab67c428f","0558aeba-0169-45a5-a863-15192945e7ea","1ffdfd0c-70cf-4803-a2e6-ddee39a8c748","560e4777-8dfc-4ecd-aa43-643d9c351ac5","Intent: Seat Upgrade Requests","-3.0","15:38:11","SKYWAVE_PHASE_4_5","a3f72f22-fe1b-42bf-a07d-5efe724c0fcb"
"ea6e91ce-3e09-4d73-a0c0-8f7ab67c428f","0558aeba-0169-45a5-a863-15192945e7ea","6f4cb788-6a4e-49fa-af8b-8ad6a3b0de02","a07613f1-f4c8-413f-a7ac-d8af0a446e4e","Quality score 1","-3.0","15:38:11","SKYWAVE_PHASE_4_5","6af734e6-954d-4057-ad13-2d95d9e29631"
"51a95eb1-d1e4-41dd-a24e-4c72e528670b","cee0936b-6772-44fc-aef7-062a7afac5fb","1ffdfd0c-70cf-4803-a2e6-ddee39a8c748","f8b5e0e4-571a-46fe-aa92-fcd50b885cc5","Intent: Unsupported Requests","-13.0","14:07:41","SKYWAVE_PHASE_4_5","64e725f8-2f38-49db-a7a1-a9581a3478ca"
"51a95eb1-d1e4-41dd-a24e-4c72e528670b","cee0936b-6772-44fc-aef7-062a7afac5fb","6f4cb788-6a4e-49fa-af8b-8ad6a3b0de02","af9276e0-232c-453b-ab8e-a994f431cbff","Quality score 3","-13.0","14:07:41","SKYWAVE_PHASE_4_5","54f140cb-b83a-4743-af8e-91e93ace15ee"
"378df9ff-4278-42a9-af32-bf3e17582182","0a6a4440-d5d1-4c54-accf-942154a88da9","1ffdfd0c-70cf-4803-a2e6-ddee39a8c748","6bfb174a-8001-4add-abf0-6d381e435574","Intent: Reservation Modifications and Cancellations","-4.0","09:06:58","SKYWAVE_PHASE_4_5","f59d862c-f062-4800-afae-2ce94a502940"
"378df9ff-4278-42a9-af32-bf3e17582182","0a6a4440-d5d1-4c54-accf-942154a88da9","6f4cb788-6a4e-49fa-af8b-8ad6a3b0de02","977bd81d-f2eb-40c7-a021-c4702b7cdf22","Quality score 5","-4.0","09:06:58","SKYWAVE_PHASE_4_5","df9b741c-be60-430a-a2fd-4b8d9897a887"
"aef9d2c3-4f8e-4de8-a069-d06a665c010c","7a0ce76c-2f75-4e7f-a570-20f9617d59da","1ffdfd0c-70cf-4803-a2e6-ddee39a8c748","560e4777-8dfc-4ecd-aa43-643d9c351ac5","Intent: Seat Upgrade Requests","-7.0","13:39:19","SKYWAVE_PHASE_4_5","092b1565-c063-4869-a011-62d694f41d13"
"aef9d2c3-4f8e-4de8-a069-d06a665c010c","7a0ce76c-2f75-4e7f-a570-20f9617d59da","6f4cb788-6a4e-49fa-af8b-8ad6a3b0de02","a07613f1-f4c8-413f-a7ac-d8af0a446e4e","Quality score 1","-7.0","13:39:19","SKYWAVE_PHASE_4_5","d7af1dd5-63a5-4ab0-a7b0-0d72a15fa1a5"
"b93272c6-9cbc-46fc-a366-896337218f80","7a0ce76c-2f75-4e7f-a570-20f9617d59da","1ffdfd0c-70cf-4803-a2e6-ddee39a8c748","981cada7-964f-4af6-a2c5-41f9a73aa021","Intent: Mileage Balance Inquiries","-7.0","13:41:10","SKYWAVE_PHASE_4_5","1812efef-5a13-4ba4-a474-1620fe5f17e9"
"b93272c6-9cbc-46fc-a366-896337218f80","7a0ce76c-2f75-4e7f-a570-20f9617d59da","6f4cb788-6a4e-49fa-af8b-8ad6a3b0de02","40c6f573-42d6-4b9d-a349-a5de3d11ffbe","Quality score 4","-7.0","13:41:10","SKYWAVE_PHASE_4_5","9f2b3fee-e9ba-4b80-ae16-3206b57cadbf"
"71079840-11e5-4039-a5e7-4d37a54131cb","8d363ce9-c3ec-4b71-ac25-5b6a175d035c","1ffdfd0c-70cf-4803-a2e6-ddee39a8c748","ac0c4c75-904b-4cbd-a97e-fce7a397945a","Intent: Booking Confirmation Queries","-7.0","15:06:17","SKYWAVE_PHASE_4_5","bae38709-5e99-4ea4-a06d-3d4ca7f6bdaa"
"71079840-11e5-4039-a5e7-4d37a54131cb","8d363ce9-c3ec-4b71-ac25-5b6a175d035c","6f4cb788-6a4e-49fa-af8b-8ad6a3b0de02","40c6f573-42d6-4b9d-a349-a5de3d11ffbe","Quality score 4","-7.0","15:06:17","SKYWAVE_PHASE_4_5","f21d3b52-b085-4cef-a4bb-bef2a94b3216"
"f0d8654b-2db8-4b6b-ad9f-33f6b72e0a7a","34ebad70-293d-43a5-a0d0-8f887cb87097","1ffdfd0c-70cf-4803-a2e6-ddee39a8c748","2883b794-f6d9-4a0e-aba0-5b86d2c4611e","Intent: Miles Redemption Requests","-6.0","18:22:36","SKYWAVE_PHASE_4_5","527740a7-80c6-47d8-a8b3-7a92a371c278"
"f0d8654b-2db8-4b6b-ad9f-33f6b72e0a7a","34ebad70-293d-43a5-a0d0-8f887cb87097","6f4cb788-6a4e-49fa-af8b-8ad6a3b0de02","40c6f573-42d6-4b9d-a349-a5de3d11ffbe","Quality score 4","-6.0","18:22:36","SKYWAVE_PHASE_4_5","70b35540-42dc-4429-a699-95774a0540ba"
"8259e30b-b0cc-4575-aaa6-095f31921b5b","34ebad70-293d-43a5-a0d0-8f887cb87097","1ffdfd0c-70cf-4803-a2e6-ddee39a8c748","acf92f95-57da-46f9-aff0-c1b33d6cc9d4","Intent: Passenger Name Corrections","-6.0","18:25:52","SKYWAVE_PHASE_4_5","00115a66-56cf-4c99-af23-6e18fec51e00"
"8259e30b-b0cc-4575-aaa6-095f31921b5b","34ebad70-293d-43a5-a0d0-8f887cb87097","6f4cb788-6a4e-49fa-af8b-8ad6a3b0de02","977bd81d-f2eb-40c7-a021-c4702b7cdf22","Quality score 5","-6.0","18:25:52","SKYWAVE_PHASE_4_5","1cbe1122-edc7-4e84-ae7b-6e1060950fc9"
"ceee0233-c4c4-4c06-a974-6d604b3bf453","66f70a93-2bc9-4def-aea9-8657a68bd12e","1ffdfd0c-70cf-4803-a2e6-ddee39a8c748","560e4777-8dfc-4ecd-aa43-643d9c351ac5","Intent: Seat Upgrade Requests","-3.0","09:36:34","SKYWAVE_PHASE_4_5","eb123f61-9a7e-4807-adfa-274947287afe"
"ceee0233-c4c4-4c06-a974-6d604b3bf453","66f70a93-2bc9-4def-aea9-8657a68bd12e","6f4cb788-6a4e-49fa-af8b-8ad6a3b0de02","bfa3f155-5222-4840-a6d3-fddc7e72ef30","Quality score 2","-3.0","09:36:34","SKYWAVE_PHASE_4_5","43b614e4-7516-4c40-a57a-f87f655d0d55"
"bc2fe8d1-311b-4a4d-a882-9aa3b98aaeb4","a20ba675-49ee-4a70-af69-21bccf6bb7d4","1ffdfd0c-70cf-4803-a2e6-ddee39a8c748","f8b5e0e4-571a-46fe-aa92-fcd50b885cc5","Intent: Unsupported Requests","-4.0","08:27:58","SKYWAVE_PHASE_4_5","7aeb8c20-3f97-42ed-a404-52fcbcf4bfae"
"bc2fe8d1-311b-4a4d-a882-9aa3b98aaeb4","a20ba675-49ee-4a70-af69-21bccf6bb7d4","6f4cb788-6a4e-49fa-af8b-8ad6a3b0de02","bfa3f155-5222-4840-a6d3-fddc7e72ef30","Quality score 2","-4.0","08:27:58","SKYWAVE_PHASE_4_5","ed1444fb-3ec5-4443-abbb-51b0cfeb0289"
"95977a55-cc63-470b-a0c0-8ba686f3068a","145617bd-f7d5-424d-a37b-2cc54d99cdad","1ffdfd0c-70cf-4803-a2e6-ddee39a8c748","2176793d-4536-4299-a815-665cd12e3689","Intent: Seat Assignment Corrections","-12.0","09:01:10","SKYWAVE_PHASE_4_5","ab848e7c-e1f6-4b53-ac9f-bc2d285da339"
"95977a55-cc63-470b-a0c0-8ba686f3068a","145617bd-f7d5-424d-a37b-2cc54d99cdad","6f4cb788-6a4e-49fa-af8b-8ad6a3b0de02","a07613f1-f4c8-413f-a7ac-d8af0a446e4e","Quality score 1","-12.0","09:01:10","SKYWAVE_PHASE_4_5","df65997e-e0cc-4ebe-ad47-139d3f3159e2"
"e6fa5eca-188e-44d7-ae31-dfa55bc67919","145617bd-f7d5-424d-a37b-2cc54d99cdad","1ffdfd0c-70cf-4803-a2e6-ddee39a8c748","2176793d-4536-4299-a815-665cd12e3689","Intent: Seat Assignment Corrections","-12.0","09:05:39","SKYWAVE_PHASE_4_5","e83b269a-abd0-4324-af49-58648b0304a6"
"e6fa5eca-188e-44d7-ae31-dfa55bc67919","145617bd-f7d5-424d-a37b-2cc54d99cdad","6f4cb788-6a4e-49fa-af8b-8ad6a3b0de02","a07613f1-f4c8-413f-a7ac-d8af0a446e4e","Quality score 1","-12.0","09:05:39","SKYWAVE_PHASE_4_5","af574239-b68a-4d04-a9df-532ba348a97e"
"eba6934d-8601-4f6a-ac39-9056920e6f45","4db350ac-b724-4424-ae6c-a3ae4e58879d","1ffdfd0c-70cf-4803-a2e6-ddee39a8c748","ac0c4c75-904b-4cbd-a97e-fce7a397945a","Intent: Booking Confirmation Queries","-10.0","10:40:31","SKYWAVE_PHASE_4_5","85c941b0-1d10-4eac-a145-fe69ebb74ddb"
"eba6934d-8601-4f6a-ac39-9056920e6f45","4db350ac-b724-4424-ae6c-a3ae4e58879d","6f4cb788-6a4e-49fa-af8b-8ad6a3b0de02","977bd81d-f2eb-40c7-a021-c4702b7cdf22","Quality score 5","-10.0","10:40:31","SKYWAVE_PHASE_4_5","cdcd2ee9-a1cc-47e0-ab56-2255306553e9"
"86acded4-6c9f-4870-a316-3d0950f226ce","4db350ac-b724-4424-ae6c-a3ae4e58879d","1ffdfd0c-70cf-4803-a2e6-ddee39a8c748","b7100962-8e79-41cb-a1d9-3b96207d2954","Intent: In-Flight Service Complaints","-10.0","10:42:08","SKYWAVE_PHASE_4_5","4df7ec95-fcad-4634-a6df-7f897dfaf0f0"
"86acded4-6c9f-4870-a316-3d0950f226ce","4db350ac-b724-4424-ae6c-a3ae4e58879d","6f4cb788-6a4e-49fa-af8b-8ad6a3b0de02","40c6f573-42d6-4b9d-a349-a5de3d11ffbe","Quality score 4","-10.0","10:42:08","SKYWAVE_PHASE_4_5","5cf89a62-47b2-41fa-a066-cbb27f17a2e7"
"4b2ce914-4d23-4a38-a045-ca62f9f6837d","4db350ac-b724-4424-ae6c-a3ae4e58879d","1ffdfd0c-70cf-4803-a2e6-ddee39a8c748","ac0c4c75-904b-4cbd-a97e-fce7a397945a","Intent: Booking Confirmation Queries","-10.0","10:47:44","SKYWAVE_PHASE_4_5","ea6db8fb-e3a1-4fee-a6c9-08c6ffd4be83"
"4b2ce914-4d23-4a38-a045-ca62f9f6837d","4db350ac-b724-4424-ae6c-a3ae4e58879d","6f4cb788-6a4e-49fa-af8b-8ad6a3b0de02","40c6f573-42d6-4b9d-a349-a5de3d11ffbe","Quality score 4","-10.0","10:47:44","SKYWAVE_PHASE_4_5","a36c7686-72c0-4323-adf4-c080dfb63845"
"0b77bb03-a175-4bff-af93-84dcde45e6f2","752c34b2-df40-4027-aef4-8a0b9013ea4d","1ffdfd0c-70cf-4803-a2e6-ddee39a8c748","b7100962-8e79-41cb-a1d9-3b96207d2954","Intent: In-Flight Service Complaints","-8.0","11:52:22","SKYWAVE_PHASE_4_5","439325ca-c8f7-4b35-aa6c-b6034ad4c4f0"
"0b77bb03-a175-4bff-af93-84dcde45e6f2","752c34b2-df40-4027-aef4-8a0b9013ea4d","6f4cb788-6a4e-49fa-af8b-8ad6a3b0de02","40c6f573-42d6-4b9d-a349-a5de3d11ffbe","Quality score 4","-8.0","11:52:22","SKYWAVE_PHASE_4_5","104e016f-f200-4212-a9cd-58766fb01066"
"9a4331a6-d7fd-4fca-a940-8a4faf428238","752c34b2-df40-4027-aef4-8a0b9013ea4d","1ffdfd0c-70cf-4803-a2e6-ddee39a8c748","84c29cfb-8468-49f6-aeed-f126d271a498","Intent: Off-Topic General Queries","-8.0","11:58:13","SKYWAVE_PHASE_4_5","007e762a-e0bc-492b-a861-26d4162229b5"
"9a4331a6-d7fd-4fca-a940-8a4faf428238","752c34b2-df40-4027-aef4-8a0b9013ea4d","6f4cb788-6a4e-49fa-af8b-8ad6a3b0de02","af9276e0-232c-453b-ab8e-a994f431cbff","Quality score 3","-8.0","11:58:13","SKYWAVE_PHASE_4_5","c6b89e95-0de1-4c0e-a60a-94bf9260b7e7"
"8d5e35c5-76b1-4cd6-ae02-23b1345ec19e","7d70bbac-c9f9-4a3a-a36b-5f12f2cab33e","1ffdfd0c-70cf-4803-a2e6-ddee39a8c748","560e4777-8dfc-4ecd-aa43-643d9c351ac5","Intent: Seat Upgrade Requests","-13.0","08:28:51","SKYWAVE_PHASE_4_5","637c700d-6fef-44ed-a83c-c65e75809a42"
"8d5e35c5-76b1-4cd6-ae02-23b1345ec19e","7d70bbac-c9f9-4a3a-a36b-5f12f2cab33e","6f4cb788-6a4e-49fa-af8b-8ad6a3b0de02","bfa3f155-5222-4840-a6d3-fddc7e72ef30","Quality score 2","-13.0","08:28:51","SKYWAVE_PHASE_4_5","607f3732-9dd7-41cc-ab91-d0ebe3ac71ce"
"22d7457a-8e89-40b4-aae5-0b6857134f78","3c4e836a-1f12-48e8-a0a7-354059f6d31a","1ffdfd0c-70cf-4803-a2e6-ddee39a8c748","2176793d-4536-4299-a815-665cd12e3689","Intent: Seat Assignment Corrections","-11.0","16:41:46","SKYWAVE_PHASE_4_5","74ca611e-5a35-4a56-a5e1-70aebd36b1fd"
"22d7457a-8e89-40b4-aae5-0b6857134f78","3c4e836a-1f12-48e8-a0a7-354059f6d31a","6f4cb788-6a4e-49fa-af8b-8ad6a3b0de02","a07613f1-f4c8-413f-a7ac-d8af0a446e4e","Quality score 1","-11.0","16:41:46","SKYWAVE_PHASE_4_5","a8f26768-c8b5-4ca4-a5f3-a2161efd538f"
"5e97399a-87a0-4524-ad71-c1e64901409f","46a80598-a7da-46dd-ac8c-87fe5b910d51","1ffdfd0c-70cf-4803-a2e6-ddee39a8c748","2176793d-4536-4299-a815-665cd12e3689","Intent: Seat Assignment Corrections","-12.0","14:27:10","SKYWAVE_PHASE_4_5","5bb0ac29-0093-4e59-a851-258a56a68d68"
"5e97399a-87a0-4524-ad71-c1e64901409f","46a80598-a7da-46dd-ac8c-87fe5b910d51","6f4cb788-6a4e-49fa-af8b-8ad6a3b0de02","a07613f1-f4c8-413f-a7ac-d8af0a446e4e","Quality score 1","-12.0","14:27:10","SKYWAVE_PHASE_4_5","00ee280d-fe0f-49b4-a9bb-430a7c868721"
"e66bdedb-f2d8-42ff-a282-f099f8c41621","46a80598-a7da-46dd-ac8c-87fe5b910d51","1ffdfd0c-70cf-4803-a2e6-ddee39a8c748","acf92f95-57da-46f9-aff0-c1b33d6cc9d4","Intent: Passenger Name Corrections","-12.0","14:30:35","SKYWAVE_PHASE_4_5","a28fdd28-3d82-4165-afea-19b60b82ce0d"
"e66bdedb-f2d8-42ff-a282-f099f8c41621","46a80598-a7da-46dd-ac8c-87fe5b910d51","6f4cb788-6a4e-49fa-af8b-8ad6a3b0de02","977bd81d-f2eb-40c7-a021-c4702b7cdf22","Quality score 5","-12.0","14:30:35","SKYWAVE_PHASE_4_5","0192f362-2fb1-4934-abaf-101220126d46"
"7db08040-912a-4352-abff-bc260fab37fd","7896aff9-6e3f-47e5-aa62-254a49a02a30","1ffdfd0c-70cf-4803-a2e6-ddee39a8c748","560e4777-8dfc-4ecd-aa43-643d9c351ac5","Intent: Seat Upgrade Requests","-2.0","13:26:28","SKYWAVE_PHASE_4_5","a766ca5a-d4d4-4d0a-a2d0-483a5cc7c349"
"7db08040-912a-4352-abff-bc260fab37fd","7896aff9-6e3f-47e5-aa62-254a49a02a30","6f4cb788-6a4e-49fa-af8b-8ad6a3b0de02","a07613f1-f4c8-413f-a7ac-d8af0a446e4e","Quality score 1","-2.0","13:26:28","SKYWAVE_PHASE_4_5","aa297170-0f51-4f07-a17a-dd0e0b1e2a2e"
"7c675fd7-adf6-4d28-a0a8-549a3d7ead4d","7896aff9-6e3f-47e5-aa62-254a49a02a30","1ffdfd0c-70cf-4803-a2e6-ddee39a8c748","0cc5b3be-ec6a-4ca7-a940-5bbf1f92a89a","Intent: Name Spelling Updates","-2.0","13:29:55","SKYWAVE_PHASE_4_5","47f3e586-086d-44b9-ab68-af43712fa02c"
"7c675fd7-adf6-4d28-a0a8-549a3d7ead4d","7896aff9-6e3f-47e5-aa62-254a49a02a30","6f4cb788-6a4e-49fa-af8b-8ad6a3b0de02","977bd81d-f2eb-40c7-a021-c4702b7cdf22","Quality score 5","-2.0","13:29:55","SKYWAVE_PHASE_4_5","67439ab5-8b91-4d36-aafb-89783f56a34b"
"4b19eae2-08ec-4a8c-a278-1d6f2d3ac079","bd2bf299-355e-48ec-a68e-60e40e68bd86","1ffdfd0c-70cf-4803-a2e6-ddee39a8c748","2883b794-f6d9-4a0e-aba0-5b86d2c4611e","Intent: Miles Redemption Requests","-6.0","15:25:08","SKYWAVE_PHASE_4_5","cf3d119a-2dbe-4acd-ad89-cf4756d82c4d"
"4b19eae2-08ec-4a8c-a278-1d6f2d3ac079","bd2bf299-355e-48ec-a68e-60e40e68bd86","6f4cb788-6a4e-49fa-af8b-8ad6a3b0de02","40c6f573-42d6-4b9d-a349-a5de3d11ffbe","Quality score 4","-6.0","15:25:08","SKYWAVE_PHASE_4_5","28b526c7-9b1a-4094-a198-1602dc481957"
"681832ee-30dc-42bd-a68a-3afdd9b88bff","480e9180-c191-4442-a167-154e5071518f","1ffdfd0c-70cf-4803-a2e6-ddee39a8c748","2176793d-4536-4299-a815-665cd12e3689","Intent: Seat Assignment Corrections","-10.0","12:42:58","SKYWAVE_PHASE_4_5","996ae8a8-311c-42cf-af89-5576473c87e3"
"681832ee-30dc-42bd-a68a-3afdd9b88bff","480e9180-c191-4442-a167-154e5071518f","6f4cb788-6a4e-49fa-af8b-8ad6a3b0de02","a07613f1-f4c8-413f-a7ac-d8af0a446e4e","Quality score 1","-10.0","12:42:58","SKYWAVE_PHASE_4_5","d1ff4580-e67f-4c20-ac7c-97251aa2d35c"
"5348936b-b47a-44c5-a469-9343e92f7cbf","c043ae46-0689-42ce-a21f-8a31e2fbd980","1ffdfd0c-70cf-4803-a2e6-ddee39a8c748","acf92f95-57da-46f9-aff0-c1b33d6cc9d4","Intent: Passenger Name Corrections","-4.0","18:24:05","SKYWAVE_PHASE_4_5","d5829c02-03df-47f7-a801-83cbd05091eb"
"5348936b-b47a-44c5-a469-9343e92f7cbf","c043ae46-0689-42ce-a21f-8a31e2fbd980","6f4cb788-6a4e-49fa-af8b-8ad6a3b0de02","977bd81d-f2eb-40c7-a021-c4702b7cdf22","Quality score 5","-4.0","18:24:05","SKYWAVE_PHASE_4_5","b5ee1199-c643-4f24-acd4-1f7d3cc1ecac"
"a2f84a67-5f2b-413e-a9f4-f8f2debe36e4","a24f525b-d0f0-4d78-a695-56d09f356a84","1ffdfd0c-70cf-4803-a2e6-ddee39a8c748","2883b794-f6d9-4a0e-aba0-5b86d2c4611e","Intent: Miles Redemption Requests","-14.0","08:27:28","SKYWAVE_PHASE_4_5","506a1c6c-619a-471d-a793-5a7ecae9650f"
"a2f84a67-5f2b-413e-a9f4-f8f2debe36e4","a24f525b-d0f0-4d78-a695-56d09f356a84","6f4cb788-6a4e-49fa-af8b-8ad6a3b0de02","40c6f573-42d6-4b9d-a349-a5de3d11ffbe","Quality score 4","-14.0","08:27:28","SKYWAVE_PHASE_4_5","36d7cbd6-90b8-4c6c-a193-61462dc6a62a"
"bf9eb4d7-4a95-44b5-aa7e-41ed5e679ca1","7697d7cf-8bde-4810-aee5-3b07dc88636b","1ffdfd0c-70cf-4803-a2e6-ddee39a8c748","33d24820-e5ef-443f-a050-6eb5489180c6","Intent: Tier Status and Benefits","-3.0","14:33:38","SKYWAVE_PHASE_4_5","017bc1f8-a5e6-46e6-a2ec-67b2b00819ed"
"bf9eb4d7-4a95-44b5-aa7e-41ed5e679ca1","7697d7cf-8bde-4810-aee5-3b07dc88636b","6f4cb788-6a4e-49fa-af8b-8ad6a3b0de02","977bd81d-f2eb-40c7-a021-c4702b7cdf22","Quality score 5","-3.0","14:33:38","SKYWAVE_PHASE_4_5","8730eec4-951d-47be-aa87-90384d9355eb"
"86733c38-8c9d-4941-a477-46a5ef578278","7697d7cf-8bde-4810-aee5-3b07dc88636b","1ffdfd0c-70cf-4803-a2e6-ddee39a8c748","bed60ad3-4558-43b9-a5ea-06d58fe3bdcc","Intent: Seat Change Requests","-3.0","14:35:08","SKYWAVE_PHASE_4_5","0aeb878b-bd93-4f15-a38a-4743b1b7a630"
"86733c38-8c9d-4941-a477-46a5ef578278","7697d7cf-8bde-4810-aee5-3b07dc88636b","6f4cb788-6a4e-49fa-af8b-8ad6a3b0de02","bfa3f155-5222-4840-a6d3-fddc7e72ef30","Quality score 2","-3.0","14:35:08","SKYWAVE_PHASE_4_5","2de02df2-2d61-43d1-af9b-50cba24c17f5"
"cf2e96d9-e2e4-47a0-a7b3-007dd7f7515f","cb2a38e1-500c-457d-a088-520f6ac0b6a6","1ffdfd0c-70cf-4803-a2e6-ddee39a8c748","2883b794-f6d9-4a0e-aba0-5b86d2c4611e","Intent: Miles Redemption Requests","-2.0","15:10:39","SKYWAVE_PHASE_4_5","8f65bf4e-d3cd-41ba-aa6f-cb23045f1910"
"cf2e96d9-e2e4-47a0-a7b3-007dd7f7515f","cb2a38e1-500c-457d-a088-520f6ac0b6a6","6f4cb788-6a4e-49fa-af8b-8ad6a3b0de02","977bd81d-f2eb-40c7-a021-c4702b7cdf22","Quality score 5","-2.0","15:10:39","SKYWAVE_PHASE_4_5","27974cc6-2451-4210-a24e-d3a8f3d5e0ba"
"5b48a3d7-30fa-4d41-a858-44d322e66b1c","9c687b10-1990-4ddd-a8d1-80dd5b759693","1ffdfd0c-70cf-4803-a2e6-ddee39a8c748","bed60ad3-4558-43b9-a5ea-06d58fe3bdcc","Intent: Seat Change Requests","-8.0","17:14:32","SKYWAVE_PHASE_4_5","4c6bcb3a-775d-480b-ac56-ddc3db3c53ca"
"5b48a3d7-30fa-4d41-a858-44d322e66b1c","9c687b10-1990-4ddd-a8d1-80dd5b759693","6f4cb788-6a4e-49fa-af8b-8ad6a3b0de02","bfa3f155-5222-4840-a6d3-fddc7e72ef30","Quality score 2","-8.0","17:14:32","SKYWAVE_PHASE_4_5","6dedda88-7ce1-4e6f-ab18-db8de2bd8eed"
"a9ef771a-3442-49bb-ac2b-bac98bd7af43","9c687b10-1990-4ddd-a8d1-80dd5b759693","1ffdfd0c-70cf-4803-a2e6-ddee39a8c748","2176793d-4536-4299-a815-665cd12e3689","Intent: Seat Assignment Corrections","-8.0","17:16:31","SKYWAVE_PHASE_4_5","7ec84a25-f01f-4a44-a881-bb3a6a24ef8f"
"a9ef771a-3442-49bb-ac2b-bac98bd7af43","9c687b10-1990-4ddd-a8d1-80dd5b759693","6f4cb788-6a4e-49fa-af8b-8ad6a3b0de02","a07613f1-f4c8-413f-a7ac-d8af0a446e4e","Quality score 1","-8.0","17:16:31","SKYWAVE_PHASE_4_5","facd317b-cdec-45be-a8f3-aeca0f029223"
"7f6a33ab-0ef8-46eb-a9b1-419bbdb0aabb","9c687b10-1990-4ddd-a8d1-80dd5b759693","1ffdfd0c-70cf-4803-a2e6-ddee39a8c748","2176793d-4536-4299-a815-665cd12e3689","Intent: Seat Assignment Corrections","-8.0","17:18:14","SKYWAVE_PHASE_4_5","b81d0657-b7d5-41a2-ab56-712b5da23d90"
"7f6a33ab-0ef8-46eb-a9b1-419bbdb0aabb","9c687b10-1990-4ddd-a8d1-80dd5b759693","6f4cb788-6a4e-49fa-af8b-8ad6a3b0de02","bfa3f155-5222-4840-a6d3-fddc7e72ef30","Quality score 2","-8.0","17:18:14","SKYWAVE_PHASE_4_5","a3af019f-dc5b-4f3b-a5fa-7208823559d5"
"3f057212-c2a8-415d-ab1e-57771a0e49c7","2a7dd6fd-df5b-4202-a34b-3b437c23dd41","1ffdfd0c-70cf-4803-a2e6-ddee39a8c748","ac0c4c75-904b-4cbd-a97e-fce7a397945a","Intent: Booking Confirmation Queries","-1.0","09:56:46","SKYWAVE_PHASE_4_5","b128fd0d-ff25-47b7-ac38-84063ff3a06d"
"3f057212-c2a8-415d-ab1e-57771a0e49c7","2a7dd6fd-df5b-4202-a34b-3b437c23dd41","6f4cb788-6a4e-49fa-af8b-8ad6a3b0de02","40c6f573-42d6-4b9d-a349-a5de3d11ffbe","Quality score 4","-1.0","09:56:46","SKYWAVE_PHASE_4_5","12c561cc-bc56-47c5-a6d7-e699c01fafb6"
"64e16c2a-66c2-41a3-a894-eba45e8463dd","2a7dd6fd-df5b-4202-a34b-3b437c23dd41","1ffdfd0c-70cf-4803-a2e6-ddee39a8c748","84c29cfb-8468-49f6-aeed-f126d271a498","Intent: Off-Topic General Queries","-1.0","09:58:14","SKYWAVE_PHASE_4_5","e6e6f297-2dc4-45b5-ac79-57ca44fc583f"
"64e16c2a-66c2-41a3-a894-eba45e8463dd","2a7dd6fd-df5b-4202-a34b-3b437c23dd41","6f4cb788-6a4e-49fa-af8b-8ad6a3b0de02","bfa3f155-5222-4840-a6d3-fddc7e72ef30","Quality score 2","-1.0","09:58:14","SKYWAVE_PHASE_4_5","632cbc49-da6d-417f-a72b-5a08ed58c89b"
"80a312ce-f5e9-4099-afb9-107617f3a6e1","c55eee1d-a6e1-4ab2-ab49-5a29adda8d38","1ffdfd0c-70cf-4803-a2e6-ddee39a8c748","8b8f0ad6-2180-4df9-ad17-393b2d1daf41","Intent: Lost Baggage Claims","-14.0","09:55:07","SKYWAVE_PHASE_4_5","28338efd-4594-4d29-ab3e-06ec48fc4feb"
"80a312ce-f5e9-4099-afb9-107617f3a6e1","c55eee1d-a6e1-4ab2-ab49-5a29adda8d38","6f4cb788-6a4e-49fa-af8b-8ad6a3b0de02","40c6f573-42d6-4b9d-a349-a5de3d11ffbe","Quality score 4","-14.0","09:55:07","SKYWAVE_PHASE_4_5","e7426919-1512-404a-adf5-d3d60f11303e"
"28a70950-5437-40c6-a89d-cf7a308f33a3","a3a231b5-472e-439d-a567-e37d68fe5204","1ffdfd0c-70cf-4803-a2e6-ddee39a8c748","2d33fe06-0fb9-4956-a183-1d3bb672ddb7","Intent: Flight Search and Booking","-6.0","15:34:56","SKYWAVE_PHASE_4_5","ba55687f-6f3a-4369-a4b3-f66f3200ef0d"
"28a70950-5437-40c6-a89d-cf7a308f33a3","a3a231b5-472e-439d-a567-e37d68fe5204","6f4cb788-6a4e-49fa-af8b-8ad6a3b0de02","977bd81d-f2eb-40c7-a021-c4702b7cdf22","Quality score 5","-6.0","15:34:56","SKYWAVE_PHASE_4_5","8f93e036-3a6e-4a1f-a60a-821b56fd9aa8"
"28634584-428c-4b3f-aa77-eb22f5677d80","a3a231b5-472e-439d-a567-e37d68fe5204","1ffdfd0c-70cf-4803-a2e6-ddee39a8c748","0cc5b3be-ec6a-4ca7-a940-5bbf1f92a89a","Intent: Name Spelling Updates","-6.0","15:36:20","SKYWAVE_PHASE_4_5","f1ce773d-5a7b-4461-aa8c-994355743eb0"
"28634584-428c-4b3f-aa77-eb22f5677d80","a3a231b5-472e-439d-a567-e37d68fe5204","6f4cb788-6a4e-49fa-af8b-8ad6a3b0de02","40c6f573-42d6-4b9d-a349-a5de3d11ffbe","Quality score 4","-6.0","15:36:20","SKYWAVE_PHASE_4_5","74c00b10-b39e-4204-a3cd-20dc59338d3a"
"f68115a3-549c-4c4e-aa90-22345b65f766","26c4d933-dfa3-475d-a904-70b6e882f394","1ffdfd0c-70cf-4803-a2e6-ddee39a8c748","6bfb174a-8001-4add-abf0-6d381e435574","Intent: Reservation Modifications and Cancellations","-12.0","15:43:42","SKYWAVE_PHASE_4_5","88394e11-5913-48f2-ad17-3c5fd53a4739"
"f68115a3-549c-4c4e-aa90-22345b65f766","26c4d933-dfa3-475d-a904-70b6e882f394","6f4cb788-6a4e-49fa-af8b-8ad6a3b0de02","40c6f573-42d6-4b9d-a349-a5de3d11ffbe","Quality score 4","-12.0","15:43:42","SKYWAVE_PHASE_4_5","18b33af8-1ebc-4daa-ac12-21718b863c86"
"7cd61c33-a031-4f4e-a79c-19572aa4e994","26c4d933-dfa3-475d-a904-70b6e882f394","1ffdfd0c-70cf-4803-a2e6-ddee39a8c748","b7100962-8e79-41cb-a1d9-3b96207d2954","Intent: In-Flight Service Complaints","-12.0","15:45:18","SKYWAVE_PHASE_4_5","7b9eb9bc-34db-4d54-aa5d-8a940926e88f"
"7cd61c33-a031-4f4e-a79c-19572aa4e994","26c4d933-dfa3-475d-a904-70b6e882f394","6f4cb788-6a4e-49fa-af8b-8ad6a3b0de02","40c6f573-42d6-4b9d-a349-a5de3d11ffbe","Quality score 4","-12.0","15:45:18","SKYWAVE_PHASE_4_5","be1fc725-c867-419b-ad5c-c1919e2af812"
"50babab5-8e46-4295-af7d-5b99dc9b6ceb","5c1db1c6-ab06-4b4d-a937-96244a41fb01","1ffdfd0c-70cf-4803-a2e6-ddee39a8c748","2176793d-4536-4299-a815-665cd12e3689","Intent: Seat Assignment Corrections","-8.0","19:06:14","SKYWAVE_PHASE_4_5","7b1a1bcc-7872-4ed4-a034-aae73fb27b04"
"50babab5-8e46-4295-af7d-5b99dc9b6ceb","5c1db1c6-ab06-4b4d-a937-96244a41fb01","6f4cb788-6a4e-49fa-af8b-8ad6a3b0de02","bfa3f155-5222-4840-a6d3-fddc7e72ef30","Quality score 2","-8.0","19:06:14","SKYWAVE_PHASE_4_5","22891351-5a39-48b7-a399-e2022cf9944b"
"26e26ba2-06ea-42d8-a276-fed028fa0398","5c1db1c6-ab06-4b4d-a937-96244a41fb01","1ffdfd0c-70cf-4803-a2e6-ddee39a8c748","2883b794-f6d9-4a0e-aba0-5b86d2c4611e","Intent: Miles Redemption Requests","-8.0","19:08:32","SKYWAVE_PHASE_4_5","b1a5b10b-efd2-4fc1-a643-3d611ef84fba"
"26e26ba2-06ea-42d8-a276-fed028fa0398","5c1db1c6-ab06-4b4d-a937-96244a41fb01","6f4cb788-6a4e-49fa-af8b-8ad6a3b0de02","40c6f573-42d6-4b9d-a349-a5de3d11ffbe","Quality score 4","-8.0","19:08:32","SKYWAVE_PHASE_4_5","82bcde61-e79f-4fae-a57d-ad588fd5fa69"
"eb62a13c-cd2f-4087-aba6-f3468a0b6ace","5c1db1c6-ab06-4b4d-a937-96244a41fb01","1ffdfd0c-70cf-4803-a2e6-ddee39a8c748","6bfb174a-8001-4add-abf0-6d381e435574","Intent: Reservation Modifications and Cancellations","-8.0","19:10:53","SKYWAVE_PHASE_4_5","d99a592c-25f3-47fd-a3a1-e438e99c934b"
"eb62a13c-cd2f-4087-aba6-f3468a0b6ace","5c1db1c6-ab06-4b4d-a937-96244a41fb01","6f4cb788-6a4e-49fa-af8b-8ad6a3b0de02","40c6f573-42d6-4b9d-a349-a5de3d11ffbe","Quality score 4","-8.0","19:10:53","SKYWAVE_PHASE_4_5","05862a54-4faa-4e81-a1b4-d2a3e6b5c046"
"90a53dd4-1776-43f5-a654-298a4cee262b","3b184498-3c60-4c3e-a3f2-70b4a42ac055","1ffdfd0c-70cf-4803-a2e6-ddee39a8c748","33d24820-e5ef-443f-a050-6eb5489180c6","Intent: Tier Status and Benefits","-6.0","16:57:49","SKYWAVE_PHASE_4_5","88a90834-e596-4395-ad4b-e7898e545a06"
"90a53dd4-1776-43f5-a654-298a4cee262b","3b184498-3c60-4c3e-a3f2-70b4a42ac055","6f4cb788-6a4e-49fa-af8b-8ad6a3b0de02","977bd81d-f2eb-40c7-a021-c4702b7cdf22","Quality score 5","-6.0","16:57:49","SKYWAVE_PHASE_4_5","d5e63ac7-1047-4a1d-a486-92f05ceddc91"
"b1773f9d-d84d-4811-a47b-6ef195bc6c5c","3b184498-3c60-4c3e-a3f2-70b4a42ac055","1ffdfd0c-70cf-4803-a2e6-ddee39a8c748","33d24820-e5ef-443f-a050-6eb5489180c6","Intent: Tier Status and Benefits","-6.0","16:59:10","SKYWAVE_PHASE_4_5","891d138c-f5df-4585-a0bb-79c51d00bf48"
"b1773f9d-d84d-4811-a47b-6ef195bc6c5c","3b184498-3c60-4c3e-a3f2-70b4a42ac055","6f4cb788-6a4e-49fa-af8b-8ad6a3b0de02","40c6f573-42d6-4b9d-a349-a5de3d11ffbe","Quality score 4","-6.0","16:59:10","SKYWAVE_PHASE_4_5","181552db-fea4-4be9-ab34-bbf52c600d8b"
"a8d319af-8844-4da2-ad95-d931ffdeb7a6","74e4ce99-5cc8-4a8c-acd6-182f101fb36b","1ffdfd0c-70cf-4803-a2e6-ddee39a8c748","2d33fe06-0fb9-4956-a183-1d3bb672ddb7","Intent: Flight Search and Booking","-6.0","12:19:16","SKYWAVE_PHASE_4_5","4d3739ee-7926-4c97-a434-c8147a7cf8fb"
"a8d319af-8844-4da2-ad95-d931ffdeb7a6","74e4ce99-5cc8-4a8c-acd6-182f101fb36b","6f4cb788-6a4e-49fa-af8b-8ad6a3b0de02","977bd81d-f2eb-40c7-a021-c4702b7cdf22","Quality score 5","-6.0","12:19:16","SKYWAVE_PHASE_4_5","b3813b18-9bad-4de2-a6e3-5d6060c20388"
"e9a2ac16-662d-4d22-a7c9-12462aac8556","74e4ce99-5cc8-4a8c-acd6-182f101fb36b","1ffdfd0c-70cf-4803-a2e6-ddee39a8c748","bed60ad3-4558-43b9-a5ea-06d58fe3bdcc","Intent: Seat Change Requests","-6.0","12:22:28","SKYWAVE_PHASE_4_5","f8309f48-0033-4e47-afa6-9584503078bc"
"e9a2ac16-662d-4d22-a7c9-12462aac8556","74e4ce99-5cc8-4a8c-acd6-182f101fb36b","6f4cb788-6a4e-49fa-af8b-8ad6a3b0de02","bfa3f155-5222-4840-a6d3-fddc7e72ef30","Quality score 2","-6.0","12:22:28","SKYWAVE_PHASE_4_5","ff4dde67-6381-4979-aea2-32b95dd759d7"
"76c24797-6955-4847-a75a-3f7f71becf00","8fc1fdc0-ced9-44eb-a2db-86314a8c4a25","1ffdfd0c-70cf-4803-a2e6-ddee39a8c748","bed60ad3-4558-43b9-a5ea-06d58fe3bdcc","Intent: Seat Change Requests","-5.0","11:38:14","SKYWAVE_PHASE_4_5","3581b15d-e00b-402a-a890-06d34c629ca0"
"76c24797-6955-4847-a75a-3f7f71becf00","8fc1fdc0-ced9-44eb-a2db-86314a8c4a25","6f4cb788-6a4e-49fa-af8b-8ad6a3b0de02","bfa3f155-5222-4840-a6d3-fddc7e72ef30","Quality score 2","-5.0","11:38:14","SKYWAVE_PHASE_4_5","8518ae7d-7bed-44b8-ab22-554db0231d5c"
"b91a94c9-444e-4834-a3be-fadc795fafdc","f3952e15-3aeb-4de5-ac86-ae87595144be","1ffdfd0c-70cf-4803-a2e6-ddee39a8c748","f8b5e0e4-571a-46fe-aa92-fcd50b885cc5","Intent: Unsupported Requests","-9.0","18:09:54","SKYWAVE_PHASE_4_5","6d59058e-72dc-44aa-aea6-1c91bcab9769"
"b91a94c9-444e-4834-a3be-fadc795fafdc","f3952e15-3aeb-4de5-ac86-ae87595144be","6f4cb788-6a4e-49fa-af8b-8ad6a3b0de02","bfa3f155-5222-4840-a6d3-fddc7e72ef30","Quality score 2","-9.0","18:09:54","SKYWAVE_PHASE_4_5","f52d16fb-9ce0-4381-a5e3-23fd22a08af3"
"74dd0022-c3d9-40be-a082-cf8ae98454be","1633a96e-c3cd-4625-a719-fdf2c0efdad6","1ffdfd0c-70cf-4803-a2e6-ddee39a8c748","bed60ad3-4558-43b9-a5ea-06d58fe3bdcc","Intent: Seat Change Requests","-6.0","12:17:11","SKYWAVE_PHASE_4_5","73dc1c6a-c1d5-4fa8-aa03-07dc78058b4b"
"74dd0022-c3d9-40be-a082-cf8ae98454be","1633a96e-c3cd-4625-a719-fdf2c0efdad6","6f4cb788-6a4e-49fa-af8b-8ad6a3b0de02","a07613f1-f4c8-413f-a7ac-d8af0a446e4e","Quality score 1","-6.0","12:17:11","SKYWAVE_PHASE_4_5","ea110d9f-d38c-40c2-a9f0-47b8cf6629d9"
"0b5cea1e-521e-4f20-acc3-e6c491e86bb9","07de51a2-1b06-4114-a251-c83d539d3a5c","1ffdfd0c-70cf-4803-a2e6-ddee39a8c748","acf92f95-57da-46f9-aff0-c1b33d6cc9d4","Intent: Passenger Name Corrections","-12.0","18:37:20","SKYWAVE_PHASE_4_5","c99b801e-a4eb-479b-a584-1e6d5827d125"
"0b5cea1e-521e-4f20-acc3-e6c491e86bb9","07de51a2-1b06-4114-a251-c83d539d3a5c","6f4cb788-6a4e-49fa-af8b-8ad6a3b0de02","977bd81d-f2eb-40c7-a021-c4702b7cdf22","Quality score 5","-12.0","18:37:20","SKYWAVE_PHASE_4_5","e8cddffe-e86d-4be4-a594-25b791954f13"
"f62f0230-6a19-4dc7-a6d5-7c3f15bbf8c6","2ebfc0fa-a53c-4b83-a311-35ff708f7f2f","1ffdfd0c-70cf-4803-a2e6-ddee39a8c748","2d33fe06-0fb9-4956-a183-1d3bb672ddb7","Intent: Flight Search and Booking","-13.0","14:23:04","SKYWAVE_PHASE_4_5","c3be3809-06f9-415a-acd3-a38e39843339"
"f62f0230-6a19-4dc7-a6d5-7c3f15bbf8c6","2ebfc0fa-a53c-4b83-a311-35ff708f7f2f","6f4cb788-6a4e-49fa-af8b-8ad6a3b0de02","40c6f573-42d6-4b9d-a349-a5de3d11ffbe","Quality score 4","-13.0","14:23:04","SKYWAVE_PHASE_4_5","0bfef664-75e7-43b0-aa76-6a6d26383c14"
"bcc6da36-9af1-4a67-ac6b-356b15f1eccc","e2608da8-4441-4b45-ad04-63928f2bedd4","1ffdfd0c-70cf-4803-a2e6-ddee39a8c748","2d33fe06-0fb9-4956-a183-1d3bb672ddb7","Intent: Flight Search and Booking","-7.0","08:09:57","SKYWAVE_PHASE_4_5","92021bc6-ec31-4c8c-accc-c8c1ea0bace2"
"bcc6da36-9af1-4a67-ac6b-356b15f1eccc","e2608da8-4441-4b45-ad04-63928f2bedd4","6f4cb788-6a4e-49fa-af8b-8ad6a3b0de02","977bd81d-f2eb-40c7-a021-c4702b7cdf22","Quality score 5","-7.0","08:09:57","SKYWAVE_PHASE_4_5","e41119b1-a5ef-4e24-ab58-967e72f33d78"
"4c93f258-1a09-4d47-a5c5-5b449585ccf7","b95c8774-8883-4c85-a8c1-914265d738de","1ffdfd0c-70cf-4803-a2e6-ddee39a8c748","2883b794-f6d9-4a0e-aba0-5b86d2c4611e","Intent: Miles Redemption Requests","-9.0","18:25:17","SKYWAVE_PHASE_4_5","df3e516f-d6e1-4ba3-afb4-6049811b26da"
"4c93f258-1a09-4d47-a5c5-5b449585ccf7","b95c8774-8883-4c85-a8c1-914265d738de","6f4cb788-6a4e-49fa-af8b-8ad6a3b0de02","40c6f573-42d6-4b9d-a349-a5de3d11ffbe","Quality score 4","-9.0","18:25:17","SKYWAVE_PHASE_4_5","bc901b14-552c-4d93-a987-4777daa66365"
"da90f913-1fc2-4242-af83-8df4d24dd263","b95c8774-8883-4c85-a8c1-914265d738de","1ffdfd0c-70cf-4803-a2e6-ddee39a8c748","bf97a1fb-438c-420f-a37b-d4e6cf4aea0e","Intent: Refund Requests for Service Issues","-9.0","18:30:40","SKYWAVE_PHASE_4_5","cfde5c59-b538-45ab-ae13-92a254b2f4e9"
"da90f913-1fc2-4242-af83-8df4d24dd263","b95c8774-8883-4c85-a8c1-914265d738de","6f4cb788-6a4e-49fa-af8b-8ad6a3b0de02","af9276e0-232c-453b-ab8e-a994f431cbff","Quality score 3","-9.0","18:30:40","SKYWAVE_PHASE_4_5","a567311f-1624-4a3d-a538-4f0ec6db1799"
"5e8a751f-f922-43ea-a4cb-351da68afa12","5c9d42ab-f6e7-48ab-a410-6e362de6b062","1ffdfd0c-70cf-4803-a2e6-ddee39a8c748","f8b5e0e4-571a-46fe-aa92-fcd50b885cc5","Intent: Unsupported Requests","-4.0","16:37:42","SKYWAVE_PHASE_4_5","555d8b2d-3c2f-4956-ac88-2318a27a1a6a"
"5e8a751f-f922-43ea-a4cb-351da68afa12","5c9d42ab-f6e7-48ab-a410-6e362de6b062","6f4cb788-6a4e-49fa-af8b-8ad6a3b0de02","af9276e0-232c-453b-ab8e-a994f431cbff","Quality score 3","-4.0","16:37:42","SKYWAVE_PHASE_4_5","a7e3f444-e3ef-4e02-aff8-c6b38301f501"
"005fb9d5-1a91-428e-a55b-dbe2de846dce","95b08dd8-815b-41a9-aba7-d407161bc273","1ffdfd0c-70cf-4803-a2e6-ddee39a8c748","bf97a1fb-438c-420f-a37b-d4e6cf4aea0e","Intent: Refund Requests for Service Issues","-14.0","16:07:09","SKYWAVE_PHASE_4_5","fc415524-ab58-4870-af0a-e313dc700c36"
"005fb9d5-1a91-428e-a55b-dbe2de846dce","95b08dd8-815b-41a9-aba7-d407161bc273","6f4cb788-6a4e-49fa-af8b-8ad6a3b0de02","af9276e0-232c-453b-ab8e-a994f431cbff","Quality score 3","-14.0","16:07:09","SKYWAVE_PHASE_4_5","abe6a78b-c424-4104-a3fb-91e33c94207f"
"f8eb2bdf-1a04-4a8d-a0d0-21967faad6e9","95b08dd8-815b-41a9-aba7-d407161bc273","1ffdfd0c-70cf-4803-a2e6-ddee39a8c748","bed60ad3-4558-43b9-a5ea-06d58fe3bdcc","Intent: Seat Change Requests","-14.0","16:09:16","SKYWAVE_PHASE_4_5","c738ec08-14b6-4608-ad05-bbb562f347c6"
"f8eb2bdf-1a04-4a8d-a0d0-21967faad6e9","95b08dd8-815b-41a9-aba7-d407161bc273","6f4cb788-6a4e-49fa-af8b-8ad6a3b0de02","a07613f1-f4c8-413f-a7ac-d8af0a446e4e","Quality score 1","-14.0","16:09:16","SKYWAVE_PHASE_4_5","905695db-2add-4331-aea5-17a7fdf24981"
"9bba648f-dbe6-4d9c-abc2-b3753b394b63","1cb9fb7e-4887-46cf-a3e3-22bcc9297266","1ffdfd0c-70cf-4803-a2e6-ddee39a8c748","bed60ad3-4558-43b9-a5ea-06d58fe3bdcc","Intent: Seat Change Requests","-6.0","12:43:38","SKYWAVE_PHASE_4_5","b00be3fd-42e0-49b5-a8dd-967f09e12415"
"9bba648f-dbe6-4d9c-abc2-b3753b394b63","1cb9fb7e-4887-46cf-a3e3-22bcc9297266","6f4cb788-6a4e-49fa-af8b-8ad6a3b0de02","a07613f1-f4c8-413f-a7ac-d8af0a446e4e","Quality score 1","-6.0","12:43:38","SKYWAVE_PHASE_4_5","ee114344-0f4b-48f4-a578-40f2dbf51086"
"3040bed8-e960-4287-a39c-f22d1a78a439","1cb9fb7e-4887-46cf-a3e3-22bcc9297266","1ffdfd0c-70cf-4803-a2e6-ddee39a8c748","b7100962-8e79-41cb-a1d9-3b96207d2954","Intent: In-Flight Service Complaints","-6.0","12:49:04","SKYWAVE_PHASE_4_5","b6bd9051-7ba7-4367-a208-b3d47eb1c4e3"
"3040bed8-e960-4287-a39c-f22d1a78a439","1cb9fb7e-4887-46cf-a3e3-22bcc9297266","6f4cb788-6a4e-49fa-af8b-8ad6a3b0de02","40c6f573-42d6-4b9d-a349-a5de3d11ffbe","Quality score 4","-6.0","12:49:04","SKYWAVE_PHASE_4_5","4f932e58-242b-49f8-af73-2b4f64fe5ab1"
"5290e61c-ac5f-44c2-ae55-4567527232c3","5b07a274-3196-4bab-a1f3-297c4cbb8d0c","1ffdfd0c-70cf-4803-a2e6-ddee39a8c748","33d24820-e5ef-443f-a050-6eb5489180c6","Intent: Tier Status and Benefits","-12.0","11:44:25","SKYWAVE_PHASE_4_5","ea49fa7b-97f2-4203-ad0a-7d7311fe20ec"
"5290e61c-ac5f-44c2-ae55-4567527232c3","5b07a274-3196-4bab-a1f3-297c4cbb8d0c","6f4cb788-6a4e-49fa-af8b-8ad6a3b0de02","40c6f573-42d6-4b9d-a349-a5de3d11ffbe","Quality score 4","-12.0","11:44:25","SKYWAVE_PHASE_4_5","92477a75-8a56-48ab-a177-cce63c9b061b"
"8b678815-2932-4b38-a409-cbe0c352377f","38cf3555-c286-4953-a77c-9783da42f349","1ffdfd0c-70cf-4803-a2e6-ddee39a8c748","84c29cfb-8468-49f6-aeed-f126d271a498","Intent: Off-Topic General Queries","-10.0","17:38:08","SKYWAVE_PHASE_4_5","b99c1fee-7770-449c-aba2-a1e0acd2a569"
"8b678815-2932-4b38-a409-cbe0c352377f","38cf3555-c286-4953-a77c-9783da42f349","6f4cb788-6a4e-49fa-af8b-8ad6a3b0de02","af9276e0-232c-453b-ab8e-a994f431cbff","Quality score 3","-10.0","17:38:08","SKYWAVE_PHASE_4_5","6135a2e8-4278-4643-ae87-84f8d6e377d1"
"ea6fb676-b71a-4737-a49e-618e20d990d4","8970948f-d915-47c8-a1c8-cabb1a6c0301","1ffdfd0c-70cf-4803-a2e6-ddee39a8c748","acf92f95-57da-46f9-aff0-c1b33d6cc9d4","Intent: Passenger Name Corrections","-8.0","11:48:05","SKYWAVE_PHASE_4_5","c793f962-9ae2-4d75-a43b-a8b9d0202f00"
"ea6fb676-b71a-4737-a49e-618e20d990d4","8970948f-d915-47c8-a1c8-cabb1a6c0301","6f4cb788-6a4e-49fa-af8b-8ad6a3b0de02","40c6f573-42d6-4b9d-a349-a5de3d11ffbe","Quality score 4","-8.0","11:48:05","SKYWAVE_PHASE_4_5","7f7b1075-0369-4889-ae56-3fedb913750e"
"9fd4eeee-9967-4f71-a2a5-c675bff588c8","b44bf475-0a54-426f-ac45-316a0fe6aaba","1ffdfd0c-70cf-4803-a2e6-ddee39a8c748","33d24820-e5ef-443f-a050-6eb5489180c6","Intent: Tier Status and Benefits","-2.0","16:09:51","SKYWAVE_PHASE_4_5","0a811940-5341-4ca6-acfd-61068a79a16f"
"9fd4eeee-9967-4f71-a2a5-c675bff588c8","b44bf475-0a54-426f-ac45-316a0fe6aaba","6f4cb788-6a4e-49fa-af8b-8ad6a3b0de02","40c6f573-42d6-4b9d-a349-a5de3d11ffbe","Quality score 4","-2.0","16:09:51","SKYWAVE_PHASE_4_5","690a7d91-365b-4cbd-ad1c-b1888bfd4271"
"38009f71-4f9e-46fa-a203-e3df55ed1132","bf94994b-253c-4be2-a213-aeb15cc2b39d","1ffdfd0c-70cf-4803-a2e6-ddee39a8c748","acf92f95-57da-46f9-aff0-c1b33d6cc9d4","Intent: Passenger Name Corrections","-4.0","13:27:07","SKYWAVE_PHASE_4_5","173975c8-941a-467f-a20e-4540bf37ae1e"
"38009f71-4f9e-46fa-a203-e3df55ed1132","bf94994b-253c-4be2-a213-aeb15cc2b39d","6f4cb788-6a4e-49fa-af8b-8ad6a3b0de02","40c6f573-42d6-4b9d-a349-a5de3d11ffbe","Quality score 4","-4.0","13:27:07","SKYWAVE_PHASE_4_5","68ca39f2-c679-43e9-a68c-a4c6d8fc45ec"
"11232f46-5b22-4f66-a403-9d1a7eaef074","71449a30-ca9c-4d5c-a845-37062c6c8f43","1ffdfd0c-70cf-4803-a2e6-ddee39a8c748","6bfb174a-8001-4add-abf0-6d381e435574","Intent: Reservation Modifications and Cancellations","-9.0","12:00:04","SKYWAVE_PHASE_4_5","77aba8cf-b860-43f1-a664-68b921cc9183"
"11232f46-5b22-4f66-a403-9d1a7eaef074","71449a30-ca9c-4d5c-a845-37062c6c8f43","6f4cb788-6a4e-49fa-af8b-8ad6a3b0de02","977bd81d-f2eb-40c7-a021-c4702b7cdf22","Quality score 5","-9.0","12:00:04","SKYWAVE_PHASE_4_5","c22da070-082c-4e69-ac2d-4de02e21b7f6"
"0e25c7de-d6cb-4347-aebc-4dda5e326f10","6cc73e8d-dd8d-4db8-aa9b-4d0a2158f640","1ffdfd0c-70cf-4803-a2e6-ddee39a8c748","6bfb174a-8001-4add-abf0-6d381e435574","Intent: Reservation Modifications and Cancellations","-10.0","16:11:17","SKYWAVE_PHASE_4_5","da9d631b-4097-44ad-aae1-7a946d963131"
"0e25c7de-d6cb-4347-aebc-4dda5e326f10","6cc73e8d-dd8d-4db8-aa9b-4d0a2158f640","6f4cb788-6a4e-49fa-af8b-8ad6a3b0de02","40c6f573-42d6-4b9d-a349-a5de3d11ffbe","Quality score 4","-10.0","16:11:17","SKYWAVE_PHASE_4_5","18776e96-560a-41bd-ab67-dab6faf543c8"
"d99e25f5-7a45-4171-a0fc-ffc96590a15e","a9e81d55-850c-410c-a42b-b9ed6833edf5","1ffdfd0c-70cf-4803-a2e6-ddee39a8c748","bed60ad3-4558-43b9-a5ea-06d58fe3bdcc","Intent: Seat Change Requests","-6.0","09:17:30","SKYWAVE_PHASE_4_5","be68d789-63d9-4a46-a15b-93e13b57dd81"
"d99e25f5-7a45-4171-a0fc-ffc96590a15e","a9e81d55-850c-410c-a42b-b9ed6833edf5","6f4cb788-6a4e-49fa-af8b-8ad6a3b0de02","bfa3f155-5222-4840-a6d3-fddc7e72ef30","Quality score 2","-6.0","09:17:30","SKYWAVE_PHASE_4_5","2611d2dd-656a-4e27-ab3d-4cf604467214"
"ac8d5701-5a94-4a89-a4b5-cef4e2fe099a","28bc583b-4ae6-404e-ada7-5b064ae900ea","1ffdfd0c-70cf-4803-a2e6-ddee39a8c748","bed60ad3-4558-43b9-a5ea-06d58fe3bdcc","Intent: Seat Change Requests","-5.0","09:07:22","SKYWAVE_PHASE_4_5","73cf6f30-6874-4324-ad3f-36f1909c8df0"
"ac8d5701-5a94-4a89-a4b5-cef4e2fe099a","28bc583b-4ae6-404e-ada7-5b064ae900ea","6f4cb788-6a4e-49fa-af8b-8ad6a3b0de02","a07613f1-f4c8-413f-a7ac-d8af0a446e4e","Quality score 1","-5.0","09:07:22","SKYWAVE_PHASE_4_5","e4e96828-ddff-4420-a8c0-8db1925d9255"
"ceb0dcc8-ac34-4d83-a335-3c7146ffb50d","28bc583b-4ae6-404e-ada7-5b064ae900ea","1ffdfd0c-70cf-4803-a2e6-ddee39a8c748","33d24820-e5ef-443f-a050-6eb5489180c6","Intent: Tier Status and Benefits","-5.0","09:11:21","SKYWAVE_PHASE_4_5","f5ceba03-aabc-4788-a022-7addd7d9b92e"
"ceb0dcc8-ac34-4d83-a335-3c7146ffb50d","28bc583b-4ae6-404e-ada7-5b064ae900ea","6f4cb788-6a4e-49fa-af8b-8ad6a3b0de02","40c6f573-42d6-4b9d-a349-a5de3d11ffbe","Quality score 4","-5.0","09:11:21","SKYWAVE_PHASE_4_5","24a6f5b1-dcdb-459f-ad83-ce23cbb4c8d2"
"bb09febb-aca8-4f61-ac0d-9b69e4412cd9","c2489a7a-d5fd-4061-a433-0ddef5d41cfc","1ffdfd0c-70cf-4803-a2e6-ddee39a8c748","bf97a1fb-438c-420f-a37b-d4e6cf4aea0e","Intent: Refund Requests for Service Issues","-9.0","14:16:06","SKYWAVE_PHASE_4_5","14393c03-0288-4fb3-a141-8478e2a95f91"
"bb09febb-aca8-4f61-ac0d-9b69e4412cd9","c2489a7a-d5fd-4061-a433-0ddef5d41cfc","6f4cb788-6a4e-49fa-af8b-8ad6a3b0de02","40c6f573-42d6-4b9d-a349-a5de3d11ffbe","Quality score 4","-9.0","14:16:06","SKYWAVE_PHASE_4_5","3c5248fc-4760-4212-aefc-4d3955abd40e"
"2ee6c081-b628-4cd0-af4b-3626b5c27292","c2489a7a-d5fd-4061-a433-0ddef5d41cfc","1ffdfd0c-70cf-4803-a2e6-ddee39a8c748","0cc5b3be-ec6a-4ca7-a940-5bbf1f92a89a","Intent: Name Spelling Updates","-9.0","14:20:46","SKYWAVE_PHASE_4_5","6959a52e-69f0-47f0-aa75-656ea857abca"
"2ee6c081-b628-4cd0-af4b-3626b5c27292","c2489a7a-d5fd-4061-a433-0ddef5d41cfc","6f4cb788-6a4e-49fa-af8b-8ad6a3b0de02","40c6f573-42d6-4b9d-a349-a5de3d11ffbe","Quality score 4","-9.0","14:20:46","SKYWAVE_PHASE_4_5","b23b48f1-473c-4458-aa7f-40d87459b4aa"
"34cfb06a-f723-4d52-a647-658a3ace64e8","c2489a7a-d5fd-4061-a433-0ddef5d41cfc","1ffdfd0c-70cf-4803-a2e6-ddee39a8c748","2d33fe06-0fb9-4956-a183-1d3bb672ddb7","Intent: Flight Search and Booking","-9.0","14:26:42","SKYWAVE_PHASE_4_5","9d05c1af-0bf6-4da3-a06c-bbdbbb7797c9"
"34cfb06a-f723-4d52-a647-658a3ace64e8","c2489a7a-d5fd-4061-a433-0ddef5d41cfc","6f4cb788-6a4e-49fa-af8b-8ad6a3b0de02","977bd81d-f2eb-40c7-a021-c4702b7cdf22","Quality score 5","-9.0","14:26:42","SKYWAVE_PHASE_4_5","f28d3d0f-18ed-49b6-aa5a-6882c45cdf0b"
"515f8771-0fa4-4374-ac74-3395873ab2c8","c8d71c86-221f-4da5-ae06-222cf67c5014","1ffdfd0c-70cf-4803-a2e6-ddee39a8c748","560e4777-8dfc-4ecd-aa43-643d9c351ac5","Intent: Seat Upgrade Requests","-1.0","11:26:32","SKYWAVE_PHASE_4_5","11d56bd5-4cdd-4aa7-a24c-04af054c58f9"
"515f8771-0fa4-4374-ac74-3395873ab2c8","c8d71c86-221f-4da5-ae06-222cf67c5014","6f4cb788-6a4e-49fa-af8b-8ad6a3b0de02","a07613f1-f4c8-413f-a7ac-d8af0a446e4e","Quality score 1","-1.0","11:26:32","SKYWAVE_PHASE_4_5","103b80fe-965b-42bf-a4ff-2f2077b399a2"
"f40c2ba8-a9fc-40de-a695-03e3faa7d966","2ee5e9d9-3dfb-4007-a02a-cf9262157223","1ffdfd0c-70cf-4803-a2e6-ddee39a8c748","2d33fe06-0fb9-4956-a183-1d3bb672ddb7","Intent: Flight Search and Booking","-9.0","09:01:04","SKYWAVE_PHASE_4_5","df834b46-17b2-4f00-a01e-b80727715729"
"f40c2ba8-a9fc-40de-a695-03e3faa7d966","2ee5e9d9-3dfb-4007-a02a-cf9262157223","6f4cb788-6a4e-49fa-af8b-8ad6a3b0de02","977bd81d-f2eb-40c7-a021-c4702b7cdf22","Quality score 5","-9.0","09:01:04","SKYWAVE_PHASE_4_5","ff2f75fd-9776-402b-ae9a-52ba2406f403"
"fd7dbf10-44d3-416a-af2b-6955cebf99a6","59c48ab6-4711-420a-a5c3-4d205cea2e52","1ffdfd0c-70cf-4803-a2e6-ddee39a8c748","2883b794-f6d9-4a0e-aba0-5b86d2c4611e","Intent: Miles Redemption Requests","-13.0","17:34:31","SKYWAVE_PHASE_4_5","863ef2c1-e9a8-4c9d-a743-ce188fc57c81"
"fd7dbf10-44d3-416a-af2b-6955cebf99a6","59c48ab6-4711-420a-a5c3-4d205cea2e52","6f4cb788-6a4e-49fa-af8b-8ad6a3b0de02","40c6f573-42d6-4b9d-a349-a5de3d11ffbe","Quality score 4","-13.0","17:34:31","SKYWAVE_PHASE_4_5","68e75ced-5b29-4519-acff-de442ad029f6"
"cfeb54ff-c824-40fd-a74d-7825724a7db5","59c48ab6-4711-420a-a5c3-4d205cea2e52","1ffdfd0c-70cf-4803-a2e6-ddee39a8c748","acf92f95-57da-46f9-aff0-c1b33d6cc9d4","Intent: Passenger Name Corrections","-13.0","17:37:37","SKYWAVE_PHASE_4_5","4dbfdfcf-39c9-4400-a389-192397c3ba0b"
"cfeb54ff-c824-40fd-a74d-7825724a7db5","59c48ab6-4711-420a-a5c3-4d205cea2e52","6f4cb788-6a4e-49fa-af8b-8ad6a3b0de02","977bd81d-f2eb-40c7-a021-c4702b7cdf22","Quality score 5","-13.0","17:37:37","SKYWAVE_PHASE_4_5","2b2aef91-0301-4fa0-aa5c-0108dfcbf53c"
"b12a0fca-f4fa-4556-a407-7d6f59d6c4d0","4f765e31-d7fd-47c6-aedd-5fc36a35e61e","1ffdfd0c-70cf-4803-a2e6-ddee39a8c748","bed60ad3-4558-43b9-a5ea-06d58fe3bdcc","Intent: Seat Change Requests","-10.0","08:40:26","SKYWAVE_PHASE_4_5","8a8fa731-0950-4010-a772-778f6cf24965"
"b12a0fca-f4fa-4556-a407-7d6f59d6c4d0","4f765e31-d7fd-47c6-aedd-5fc36a35e61e","6f4cb788-6a4e-49fa-af8b-8ad6a3b0de02","a07613f1-f4c8-413f-a7ac-d8af0a446e4e","Quality score 1","-10.0","08:40:26","SKYWAVE_PHASE_4_5","7f7a2fb4-e178-48e8-a404-b7cf306946b8"
"cbfe432d-aada-4e5f-a830-2230eb58b6ea","7df4a9c6-e973-4dcc-a4bd-a4a083f29b94","1ffdfd0c-70cf-4803-a2e6-ddee39a8c748","560e4777-8dfc-4ecd-aa43-643d9c351ac5","Intent: Seat Upgrade Requests","-1.0","18:29:01","SKYWAVE_PHASE_4_5","4fd6405a-c8e1-424b-a6b4-d69972f72058"
"cbfe432d-aada-4e5f-a830-2230eb58b6ea","7df4a9c6-e973-4dcc-a4bd-a4a083f29b94","6f4cb788-6a4e-49fa-af8b-8ad6a3b0de02","a07613f1-f4c8-413f-a7ac-d8af0a446e4e","Quality score 1","-1.0","18:29:01","SKYWAVE_PHASE_4_5","6f6f2696-6493-4c9f-afec-71ae0bc9676c"
"f1a85527-ce64-426b-af74-82a1475ae7b1","7df4a9c6-e973-4dcc-a4bd-a4a083f29b94","1ffdfd0c-70cf-4803-a2e6-ddee39a8c748","bf97a1fb-438c-420f-a37b-d4e6cf4aea0e","Intent: Refund Requests for Service Issues","-1.0","18:30:13","SKYWAVE_PHASE_4_5","be1a8276-402b-4825-a519-06cbcd55ccb0"
"f1a85527-ce64-426b-af74-82a1475ae7b1","7df4a9c6-e973-4dcc-a4bd-a4a083f29b94","6f4cb788-6a4e-49fa-af8b-8ad6a3b0de02","af9276e0-232c-453b-ab8e-a994f431cbff","Quality score 3","-1.0","18:30:13","SKYWAVE_PHASE_4_5","3d886b51-f854-44fb-ac7d-04ab8fb0a30b"
"d9510b2a-2fb9-4815-aeaf-11876f976e19","9dbddd8b-753e-4324-add9-6b289357b69d","1ffdfd0c-70cf-4803-a2e6-ddee39a8c748","6bfb174a-8001-4add-abf0-6d381e435574","Intent: Reservation Modifications and Cancellations","-11.0","13:52:35","SKYWAVE_PHASE_4_5","edba90d2-8cdd-483e-a235-0cdf32aacd96"
"d9510b2a-2fb9-4815-aeaf-11876f976e19","9dbddd8b-753e-4324-add9-6b289357b69d","6f4cb788-6a4e-49fa-af8b-8ad6a3b0de02","40c6f573-42d6-4b9d-a349-a5de3d11ffbe","Quality score 4","-11.0","13:52:35","SKYWAVE_PHASE_4_5","936888f2-c74c-4828-a4f2-75f4cd1e9f80"
"35dfce37-0fb3-4e70-a7d6-101cf3d5cfea","9dbddd8b-753e-4324-add9-6b289357b69d","1ffdfd0c-70cf-4803-a2e6-ddee39a8c748","981cada7-964f-4af6-a2c5-41f9a73aa021","Intent: Mileage Balance Inquiries","-11.0","13:55:33","SKYWAVE_PHASE_4_5","0c1d1d2b-bbfc-44e4-ae49-bd6fceccee6f"
"35dfce37-0fb3-4e70-a7d6-101cf3d5cfea","9dbddd8b-753e-4324-add9-6b289357b69d","6f4cb788-6a4e-49fa-af8b-8ad6a3b0de02","40c6f573-42d6-4b9d-a349-a5de3d11ffbe","Quality score 4","-11.0","13:55:33","SKYWAVE_PHASE_4_5","c3839c83-83a7-4a33-af1f-02e7670cec1d"
"185592f6-dbf0-487b-a09c-674553c51d46","2166c201-af1d-49ee-aec3-679a308b0957","1ffdfd0c-70cf-4803-a2e6-ddee39a8c748","ac0c4c75-904b-4cbd-a97e-fce7a397945a","Intent: Booking Confirmation Queries","-7.0","13:04:22","SKYWAVE_PHASE_4_5","16f80cae-8206-4f1c-af49-28a98ee31a1a"
"185592f6-dbf0-487b-a09c-674553c51d46","2166c201-af1d-49ee-aec3-679a308b0957","6f4cb788-6a4e-49fa-af8b-8ad6a3b0de02","40c6f573-42d6-4b9d-a349-a5de3d11ffbe","Quality score 4","-7.0","13:04:22","SKYWAVE_PHASE_4_5","219ef87f-4160-4dc1-a165-e460a99a3286"
"5abfba19-39cc-457e-a44e-8fc5b38c01cf","d1885aa7-ade7-4e9b-a7c9-8d0498dfb8b9","1ffdfd0c-70cf-4803-a2e6-ddee39a8c748","33d24820-e5ef-443f-a050-6eb5489180c6","Intent: Tier Status and Benefits","-14.0","12:00:02","SKYWAVE_PHASE_4_5","faaeedf6-225f-449f-a1df-c1a3e222079f"
"5abfba19-39cc-457e-a44e-8fc5b38c01cf","d1885aa7-ade7-4e9b-a7c9-8d0498dfb8b9","6f4cb788-6a4e-49fa-af8b-8ad6a3b0de02","977bd81d-f2eb-40c7-a021-c4702b7cdf22","Quality score 5","-14.0","12:00:02","SKYWAVE_PHASE_4_5","d4089d73-958c-4409-a014-ec66f9d7d7f4"
"b53018b9-a2be-44a5-a4a8-3ebd2f0f6f03","d1885aa7-ade7-4e9b-a7c9-8d0498dfb8b9","1ffdfd0c-70cf-4803-a2e6-ddee39a8c748","bed60ad3-4558-43b9-a5ea-06d58fe3bdcc","Intent: Seat Change Requests","-14.0","12:07:15","SKYWAVE_PHASE_4_5","54357b18-f9c7-4dce-a0d9-47211047fc9d"
"b53018b9-a2be-44a5-a4a8-3ebd2f0f6f03","d1885aa7-ade7-4e9b-a7c9-8d0498dfb8b9","6f4cb788-6a4e-49fa-af8b-8ad6a3b0de02","bfa3f155-5222-4840-a6d3-fddc7e72ef30","Quality score 2","-14.0","12:07:15","SKYWAVE_PHASE_4_5","6f6e5e1b-2258-4460-a8cd-527fcdd538be"
"3b4ee921-e409-4912-a722-b57eb7ea5339","d1885aa7-ade7-4e9b-a7c9-8d0498dfb8b9","1ffdfd0c-70cf-4803-a2e6-ddee39a8c748","6bfb174a-8001-4add-abf0-6d381e435574","Intent: Reservation Modifications and Cancellations","-14.0","12:08:18","SKYWAVE_PHASE_4_5","16a2b345-8645-4f56-a879-22ec98885b7f"
"3b4ee921-e409-4912-a722-b57eb7ea5339","d1885aa7-ade7-4e9b-a7c9-8d0498dfb8b9","6f4cb788-6a4e-49fa-af8b-8ad6a3b0de02","40c6f573-42d6-4b9d-a349-a5de3d11ffbe","Quality score 4","-14.0","12:08:18","SKYWAVE_PHASE_4_5","19f1374d-772f-41aa-a09b-bd84bb6f86b8"
"78807803-b071-4fe3-abcd-0bcf6f29032f","236d8be4-4a32-40e9-a63c-32872f7c039d","1ffdfd0c-70cf-4803-a2e6-ddee39a8c748","2883b794-f6d9-4a0e-aba0-5b86d2c4611e","Intent: Miles Redemption Requests","-11.0","08:51:07","SKYWAVE_PHASE_4_5","f1829b8a-3bd1-494c-aaea-85bf87d25033"
"78807803-b071-4fe3-abcd-0bcf6f29032f","236d8be4-4a32-40e9-a63c-32872f7c039d","6f4cb788-6a4e-49fa-af8b-8ad6a3b0de02","977bd81d-f2eb-40c7-a021-c4702b7cdf22","Quality score 5","-11.0","08:51:07","SKYWAVE_PHASE_4_5","34cd3198-d978-45bd-a63c-0f1607e032ce"
"affef58f-88bc-4cc4-af8e-0fafc4d522d2","236d8be4-4a32-40e9-a63c-32872f7c039d","1ffdfd0c-70cf-4803-a2e6-ddee39a8c748","f8b5e0e4-571a-46fe-aa92-fcd50b885cc5","Intent: Unsupported Requests","-11.0","08:52:13","SKYWAVE_PHASE_4_5","74dfdaf7-aa0d-4211-afe7-8c05572e8d1f"
"affef58f-88bc-4cc4-af8e-0fafc4d522d2","236d8be4-4a32-40e9-a63c-32872f7c039d","6f4cb788-6a4e-49fa-af8b-8ad6a3b0de02","af9276e0-232c-453b-ab8e-a994f431cbff","Quality score 3","-11.0","08:52:13","SKYWAVE_PHASE_4_5","0d2ae0fa-29e3-4ab5-ac86-5b2180c4a734"
"b081e551-73b9-4d0a-a22e-687086067254","4735a937-8a14-4ac2-ac10-023a1661bfcd","1ffdfd0c-70cf-4803-a2e6-ddee39a8c748","0cc5b3be-ec6a-4ca7-a940-5bbf1f92a89a","Intent: Name Spelling Updates","-14.0","13:10:03","SKYWAVE_PHASE_4_5","7ee27b61-0614-4688-a003-170cd2230bc8"
"b081e551-73b9-4d0a-a22e-687086067254","4735a937-8a14-4ac2-ac10-023a1661bfcd","6f4cb788-6a4e-49fa-af8b-8ad6a3b0de02","40c6f573-42d6-4b9d-a349-a5de3d11ffbe","Quality score 4","-14.0","13:10:03","SKYWAVE_PHASE_4_5","f6565e09-3001-4326-a662-f469b0a5e06c"
"16379109-48b1-4d6a-a76d-4e395c68d72f","b2ebe055-4bfd-49bd-ae95-1b035c60b704","1ffdfd0c-70cf-4803-a2e6-ddee39a8c748","b7100962-8e79-41cb-a1d9-3b96207d2954","Intent: In-Flight Service Complaints","-2.0","13:11:27","SKYWAVE_PHASE_4_5","839b1ed0-2c44-4902-aa29-c0a66b3069eb"
"16379109-48b1-4d6a-a76d-4e395c68d72f","b2ebe055-4bfd-49bd-ae95-1b035c60b704","6f4cb788-6a4e-49fa-af8b-8ad6a3b0de02","40c6f573-42d6-4b9d-a349-a5de3d11ffbe","Quality score 4","-2.0","13:11:27","SKYWAVE_PHASE_4_5","34191d9e-eaae-481c-a566-a064c358b4fe"
"82c1e293-6392-44f5-a3f6-0f15e423e23d","b2ebe055-4bfd-49bd-ae95-1b035c60b704","1ffdfd0c-70cf-4803-a2e6-ddee39a8c748","2d33fe06-0fb9-4956-a183-1d3bb672ddb7","Intent: Flight Search and Booking","-2.0","13:13:11","SKYWAVE_PHASE_4_5","5e313311-ab66-433f-a33a-fb5b0db13b94"
"82c1e293-6392-44f5-a3f6-0f15e423e23d","b2ebe055-4bfd-49bd-ae95-1b035c60b704","6f4cb788-6a4e-49fa-af8b-8ad6a3b0de02","40c6f573-42d6-4b9d-a349-a5de3d11ffbe","Quality score 4","-2.0","13:13:11","SKYWAVE_PHASE_4_5","03c7c714-da9c-4bc5-a975-7957bc59f004"
"03a91dce-ee74-4ba3-a23f-8e1f393f46eb","33124c95-93d5-4d74-a21c-14a341b07feb","1ffdfd0c-70cf-4803-a2e6-ddee39a8c748","bed60ad3-4558-43b9-a5ea-06d58fe3bdcc","Intent: Seat Change Requests","-4.0","08:58:32","SKYWAVE_PHASE_4_5","c4a8b4f2-ffbe-423c-a89f-d9e4d417e33a"
"03a91dce-ee74-4ba3-a23f-8e1f393f46eb","33124c95-93d5-4d74-a21c-14a341b07feb","6f4cb788-6a4e-49fa-af8b-8ad6a3b0de02","a07613f1-f4c8-413f-a7ac-d8af0a446e4e","Quality score 1","-4.0","08:58:32","SKYWAVE_PHASE_4_5","d2e57650-ef00-43eb-a6f8-3db9389a67ab"
"d5b0b2e5-d8b2-42c1-aab2-c7739cdc89c5","33124c95-93d5-4d74-a21c-14a341b07feb","1ffdfd0c-70cf-4803-a2e6-ddee39a8c748","981cada7-964f-4af6-a2c5-41f9a73aa021","Intent: Mileage Balance Inquiries","-4.0","09:00:10","SKYWAVE_PHASE_4_5","15d1fc26-b7cd-4de6-a121-2b39ba1e9588"
"d5b0b2e5-d8b2-42c1-aab2-c7739cdc89c5","33124c95-93d5-4d74-a21c-14a341b07feb","6f4cb788-6a4e-49fa-af8b-8ad6a3b0de02","977bd81d-f2eb-40c7-a021-c4702b7cdf22","Quality score 5","-4.0","09:00:10","SKYWAVE_PHASE_4_5","7b11ad30-dabc-415f-a2cc-808589958e39"
"c05af206-1333-4ebf-a23c-1bb265b48be6","c083c4ec-50a4-444d-aed0-ab375cb8739d","1ffdfd0c-70cf-4803-a2e6-ddee39a8c748","bed60ad3-4558-43b9-a5ea-06d58fe3bdcc","Intent: Seat Change Requests","-14.0","15:32:20","SKYWAVE_PHASE_4_5","2c460fb7-e596-4a55-aaae-0ed2c45b6765"
"c05af206-1333-4ebf-a23c-1bb265b48be6","c083c4ec-50a4-444d-aed0-ab375cb8739d","6f4cb788-6a4e-49fa-af8b-8ad6a3b0de02","bfa3f155-5222-4840-a6d3-fddc7e72ef30","Quality score 2","-14.0","15:32:20","SKYWAVE_PHASE_4_5","a64bab33-5b0f-4975-afa9-16af9cfcaf72"
"7accbd21-c382-43a1-a0ee-444117f528de","68600216-0e91-4aa4-ae01-4250e6e4d281","1ffdfd0c-70cf-4803-a2e6-ddee39a8c748","f8b5e0e4-571a-46fe-aa92-fcd50b885cc5","Intent: Unsupported Requests","-14.0","16:28:43","SKYWAVE_PHASE_4_5","490e9ddd-dfb3-41c6-ae9a-632cb5053bd1"
"7accbd21-c382-43a1-a0ee-444117f528de","68600216-0e91-4aa4-ae01-4250e6e4d281","6f4cb788-6a4e-49fa-af8b-8ad6a3b0de02","af9276e0-232c-453b-ab8e-a994f431cbff","Quality score 3","-14.0","16:28:43","SKYWAVE_PHASE_4_5","c4695c5b-4e0d-40ef-a357-392049ac9b49"
"3232d971-b786-4811-ac95-4de2a17cabe8","1f227407-1c41-46e6-afb0-cfdf79b4b263","1ffdfd0c-70cf-4803-a2e6-ddee39a8c748","8b8f0ad6-2180-4df9-ad17-393b2d1daf41","Intent: Lost Baggage Claims","-13.0","15:43:46","SKYWAVE_PHASE_4_5","bba3bf9e-7be2-45dd-adc7-beabbff69c97"
"3232d971-b786-4811-ac95-4de2a17cabe8","1f227407-1c41-46e6-afb0-cfdf79b4b263","6f4cb788-6a4e-49fa-af8b-8ad6a3b0de02","40c6f573-42d6-4b9d-a349-a5de3d11ffbe","Quality score 4","-13.0","15:43:46","SKYWAVE_PHASE_4_5","2c9a165e-33ae-4281-a773-1f70f2162f8a"
"d179c126-3837-40bf-a9a6-0724c46710fd","1f227407-1c41-46e6-afb0-cfdf79b4b263","1ffdfd0c-70cf-4803-a2e6-ddee39a8c748","2d33fe06-0fb9-4956-a183-1d3bb672ddb7","Intent: Flight Search and Booking","-13.0","15:46:28","SKYWAVE_PHASE_4_5","bc8d4362-89ac-4f58-a95c-d2e18b994cc5"
"d179c126-3837-40bf-a9a6-0724c46710fd","1f227407-1c41-46e6-afb0-cfdf79b4b263","6f4cb788-6a4e-49fa-af8b-8ad6a3b0de02","977bd81d-f2eb-40c7-a021-c4702b7cdf22","Quality score 5","-13.0","15:46:28","SKYWAVE_PHASE_4_5","34f6ad99-0605-48f2-a4d0-20d8256dd465"
"7ec5782e-2839-4dad-a4f4-999916f2feab","baff2bb4-ea2a-4edc-a1a7-871bdfd826f1","1ffdfd0c-70cf-4803-a2e6-ddee39a8c748","acf92f95-57da-46f9-aff0-c1b33d6cc9d4","Intent: Passenger Name Corrections","-10.0","17:48:46","SKYWAVE_PHASE_4_5","7e6e2894-e320-4671-ac24-b7a11dc1ca0c"
"7ec5782e-2839-4dad-a4f4-999916f2feab","baff2bb4-ea2a-4edc-a1a7-871bdfd826f1","6f4cb788-6a4e-49fa-af8b-8ad6a3b0de02","40c6f573-42d6-4b9d-a349-a5de3d11ffbe","Quality score 4","-10.0","17:48:46","SKYWAVE_PHASE_4_5","6493bac0-11ba-4c21-aca1-1eefa9091a57"
"57d1e184-5868-4924-a85f-ca1ac14053fe","baff2bb4-ea2a-4edc-a1a7-871bdfd826f1","1ffdfd0c-70cf-4803-a2e6-ddee39a8c748","6bfb174a-8001-4add-abf0-6d381e435574","Intent: Reservation Modifications and Cancellations","-10.0","17:50:50","SKYWAVE_PHASE_4_5","a3ee5ce7-2ba7-44f2-a1ce-db41ed4d1871"
"57d1e184-5868-4924-a85f-ca1ac14053fe","baff2bb4-ea2a-4edc-a1a7-871bdfd826f1","6f4cb788-6a4e-49fa-af8b-8ad6a3b0de02","40c6f573-42d6-4b9d-a349-a5de3d11ffbe","Quality score 4","-10.0","17:50:50","SKYWAVE_PHASE_4_5","e8a9fbd2-6096-4df4-aa90-fecfc344abfc"
"6b798a3b-0a2e-42d6-a5a2-5012591905fd","826fb0a7-7fb9-433e-a7c4-4d6366f3fca2","1ffdfd0c-70cf-4803-a2e6-ddee39a8c748","acf92f95-57da-46f9-aff0-c1b33d6cc9d4","Intent: Passenger Name Corrections","-9.0","13:07:35","SKYWAVE_PHASE_4_5","a951add4-fd96-4fc7-ab2d-a0c578ab5903"
"6b798a3b-0a2e-42d6-a5a2-5012591905fd","826fb0a7-7fb9-433e-a7c4-4d6366f3fca2","6f4cb788-6a4e-49fa-af8b-8ad6a3b0de02","40c6f573-42d6-4b9d-a349-a5de3d11ffbe","Quality score 4","-9.0","13:07:35","SKYWAVE_PHASE_4_5","cd02f868-d06f-4719-abdc-16ee909763f4"
"e3ed349a-67f6-4953-aa99-3232cb806a4e","826fb0a7-7fb9-433e-a7c4-4d6366f3fca2","1ffdfd0c-70cf-4803-a2e6-ddee39a8c748","b7100962-8e79-41cb-a1d9-3b96207d2954","Intent: In-Flight Service Complaints","-9.0","13:08:46","SKYWAVE_PHASE_4_5","afc49643-fd7a-4bcd-a64f-f07639e7e916"
"e3ed349a-67f6-4953-aa99-3232cb806a4e","826fb0a7-7fb9-433e-a7c4-4d6366f3fca2","6f4cb788-6a4e-49fa-af8b-8ad6a3b0de02","40c6f573-42d6-4b9d-a349-a5de3d11ffbe","Quality score 4","-9.0","13:08:46","SKYWAVE_PHASE_4_5","e598fdad-0c7a-4269-adaf-589268209c69"
"25ab7df6-8f1a-4eb6-afb3-651b2cbf6863","04ef7554-3beb-465a-a3d1-54c03e52b276","1ffdfd0c-70cf-4803-a2e6-ddee39a8c748","0cc5b3be-ec6a-4ca7-a940-5bbf1f92a89a","Intent: Name Spelling Updates","-13.0","16:00:15","SKYWAVE_PHASE_4_5","8a1dcf2f-9c06-4429-aa6d-0a0a0e273953"
"25ab7df6-8f1a-4eb6-afb3-651b2cbf6863","04ef7554-3beb-465a-a3d1-54c03e52b276","6f4cb788-6a4e-49fa-af8b-8ad6a3b0de02","40c6f573-42d6-4b9d-a349-a5de3d11ffbe","Quality score 4","-13.0","16:00:15","SKYWAVE_PHASE_4_5","6b2af452-270f-49a8-ad77-d3b30a8ff59b"
"de8d1fad-44b0-40d1-a18b-779723d521ac","04ef7554-3beb-465a-a3d1-54c03e52b276","1ffdfd0c-70cf-4803-a2e6-ddee39a8c748","2d33fe06-0fb9-4956-a183-1d3bb672ddb7","Intent: Flight Search and Booking","-13.0","16:01:53","SKYWAVE_PHASE_4_5","4ba12eba-e28d-48a4-a72b-0750e4922cf6"
"de8d1fad-44b0-40d1-a18b-779723d521ac","04ef7554-3beb-465a-a3d1-54c03e52b276","6f4cb788-6a4e-49fa-af8b-8ad6a3b0de02","40c6f573-42d6-4b9d-a349-a5de3d11ffbe","Quality score 4","-13.0","16:01:53","SKYWAVE_PHASE_4_5","33c019cd-595a-40bb-a8ab-05dc6753c368"
"a16f9e77-1564-41ab-a8dc-3e4458a3e667","04e75a37-35b9-4b41-a488-4222d9e90532","1ffdfd0c-70cf-4803-a2e6-ddee39a8c748","560e4777-8dfc-4ecd-aa43-643d9c351ac5","Intent: Seat Upgrade Requests","-12.0","19:37:18","SKYWAVE_PHASE_4_5","cea655ef-d958-4311-aaf2-1e3401b1e7a3"
"a16f9e77-1564-41ab-a8dc-3e4458a3e667","04e75a37-35b9-4b41-a488-4222d9e90532","6f4cb788-6a4e-49fa-af8b-8ad6a3b0de02","bfa3f155-5222-4840-a6d3-fddc7e72ef30","Quality score 2","-12.0","19:37:18","SKYWAVE_PHASE_4_5","a62b52c8-6a6d-4233-a9fb-c538127e6318"
"9a065ad6-7d1f-467a-ac5d-6c2c3f5fdfef","04e75a37-35b9-4b41-a488-4222d9e90532","1ffdfd0c-70cf-4803-a2e6-ddee39a8c748","ac0c4c75-904b-4cbd-a97e-fce7a397945a","Intent: Booking Confirmation Queries","-12.0","19:42:36","SKYWAVE_PHASE_4_5","7f7d008b-edb8-40bb-ac50-9434ce8daa4b"
"9a065ad6-7d1f-467a-ac5d-6c2c3f5fdfef","04e75a37-35b9-4b41-a488-4222d9e90532","6f4cb788-6a4e-49fa-af8b-8ad6a3b0de02","977bd81d-f2eb-40c7-a021-c4702b7cdf22","Quality score 5","-12.0","19:42:36","SKYWAVE_PHASE_4_5","d43a9aa6-2b5b-440c-a16a-dba9c3985449"
"35d356c7-bb97-4e65-a4ac-674117d1d7ac","04e75a37-35b9-4b41-a488-4222d9e90532","1ffdfd0c-70cf-4803-a2e6-ddee39a8c748","981cada7-964f-4af6-a2c5-41f9a73aa021","Intent: Mileage Balance Inquiries","-12.0","19:44:51","SKYWAVE_PHASE_4_5","61665ed7-e840-40cf-ab07-ab9853db9dbc"
"35d356c7-bb97-4e65-a4ac-674117d1d7ac","04e75a37-35b9-4b41-a488-4222d9e90532","6f4cb788-6a4e-49fa-af8b-8ad6a3b0de02","977bd81d-f2eb-40c7-a021-c4702b7cdf22","Quality score 5","-12.0","19:44:51","SKYWAVE_PHASE_4_5","acc2adb6-ef65-4cd9-a510-e234657365bf"
"28405cc1-5d71-4dff-ad5e-d093d93cd802","5f6b6a09-74bb-4dba-ac11-50d87eb337ff","1ffdfd0c-70cf-4803-a2e6-ddee39a8c748","2883b794-f6d9-4a0e-aba0-5b86d2c4611e","Intent: Miles Redemption Requests","-14.0","10:00:39","SKYWAVE_PHASE_4_5","1e53f8c7-5260-47cb-aaf3-67e0cb5b16a1"
"28405cc1-5d71-4dff-ad5e-d093d93cd802","5f6b6a09-74bb-4dba-ac11-50d87eb337ff","6f4cb788-6a4e-49fa-af8b-8ad6a3b0de02","977bd81d-f2eb-40c7-a021-c4702b7cdf22","Quality score 5","-14.0","10:00:39","SKYWAVE_PHASE_4_5","f8f1c706-8fd9-4b83-aefc-2889a1e2fcd4"
"ff9bbe0e-5e3c-4971-a492-96bb5569ea55","36de854e-f289-4626-a93c-dd9680a90a27","1ffdfd0c-70cf-4803-a2e6-ddee39a8c748","bf97a1fb-438c-420f-a37b-d4e6cf4aea0e","Intent: Refund Requests for Service Issues","-7.0","12:42:53","SKYWAVE_PHASE_4_5","23526d74-229a-42f0-a31d-a3f1cc0968d2"
"ff9bbe0e-5e3c-4971-a492-96bb5569ea55","36de854e-f289-4626-a93c-dd9680a90a27","6f4cb788-6a4e-49fa-af8b-8ad6a3b0de02","40c6f573-42d6-4b9d-a349-a5de3d11ffbe","Quality score 4","-7.0","12:42:53","SKYWAVE_PHASE_4_5","8cb9fb2b-65ad-4906-a13e-c1747ca14c17"
"dd3fde5d-d09e-40fc-acf8-ec44593ed7c6","36de854e-f289-4626-a93c-dd9680a90a27","1ffdfd0c-70cf-4803-a2e6-ddee39a8c748","560e4777-8dfc-4ecd-aa43-643d9c351ac5","Intent: Seat Upgrade Requests","-7.0","12:44:04","SKYWAVE_PHASE_4_5","117cbaa8-a092-4e6d-a0d0-24a82f8b2777"
"dd3fde5d-d09e-40fc-acf8-ec44593ed7c6","36de854e-f289-4626-a93c-dd9680a90a27","6f4cb788-6a4e-49fa-af8b-8ad6a3b0de02","a07613f1-f4c8-413f-a7ac-d8af0a446e4e","Quality score 1","-7.0","12:44:04","SKYWAVE_PHASE_4_5","3f5c9594-c3ce-4e53-adac-a4cea521d1da"
"d186803f-fe8c-4291-a7a9-7b677f9cc0ba","36de854e-f289-4626-a93c-dd9680a90a27","1ffdfd0c-70cf-4803-a2e6-ddee39a8c748","0cc5b3be-ec6a-4ca7-a940-5bbf1f92a89a","Intent: Name Spelling Updates","-7.0","12:49:41","SKYWAVE_PHASE_4_5","2d6e392a-0903-45f3-ac8b-c7dac49e45eb"
"d186803f-fe8c-4291-a7a9-7b677f9cc0ba","36de854e-f289-4626-a93c-dd9680a90a27","6f4cb788-6a4e-49fa-af8b-8ad6a3b0de02","40c6f573-42d6-4b9d-a349-a5de3d11ffbe","Quality score 4","-7.0","12:49:41","SKYWAVE_PHASE_4_5","24a6e9f2-a690-4daf-aa1a-b28e1182fe53"
"6655510d-4b93-404c-a670-677d56b4f924","3180d961-580a-437e-a23e-fe0ce6d8273e","1ffdfd0c-70cf-4803-a2e6-ddee39a8c748","bed60ad3-4558-43b9-a5ea-06d58fe3bdcc","Intent: Seat Change Requests","-9.0","11:18:13","SKYWAVE_PHASE_4_5","609fcf5c-32d0-4713-a482-6ff419ce470e"
"6655510d-4b93-404c-a670-677d56b4f924","3180d961-580a-437e-a23e-fe0ce6d8273e","6f4cb788-6a4e-49fa-af8b-8ad6a3b0de02","bfa3f155-5222-4840-a6d3-fddc7e72ef30","Quality score 2","-9.0","11:18:13","SKYWAVE_PHASE_4_5","a3a97f51-68de-4c9f-acb2-fc088cbcf7a9"
"07500dd5-f611-4744-a1bd-13e02097eb5e","d51d09b4-674e-412a-ac8a-3bde65e5d8c6","1ffdfd0c-70cf-4803-a2e6-ddee39a8c748","f8b5e0e4-571a-46fe-aa92-fcd50b885cc5","Intent: Unsupported Requests","-11.0","11:07:40","SKYWAVE_PHASE_4_5","c24f0bff-3883-476a-a721-664ab5f23b1b"
"07500dd5-f611-4744-a1bd-13e02097eb5e","d51d09b4-674e-412a-ac8a-3bde65e5d8c6","6f4cb788-6a4e-49fa-af8b-8ad6a3b0de02","af9276e0-232c-453b-ab8e-a994f431cbff","Quality score 3","-11.0","11:07:40","SKYWAVE_PHASE_4_5","01c09da4-bbdb-4673-a6d7-d3e1d2e4f03e"
"e99ea0b6-562c-4861-ad61-94663c11a64b","e06e17d1-8b09-4bf0-a00f-f7bb594ee616","1ffdfd0c-70cf-4803-a2e6-ddee39a8c748","6bfb174a-8001-4add-abf0-6d381e435574","Intent: Reservation Modifications and Cancellations","-7.0","08:59:39","SKYWAVE_PHASE_4_5","e16b9646-54b5-4e35-a7e7-9baa293de081"
"e99ea0b6-562c-4861-ad61-94663c11a64b","e06e17d1-8b09-4bf0-a00f-f7bb594ee616","6f4cb788-6a4e-49fa-af8b-8ad6a3b0de02","977bd81d-f2eb-40c7-a021-c4702b7cdf22","Quality score 5","-7.0","08:59:39","SKYWAVE_PHASE_4_5","4eae2da4-9f93-4b6d-afcf-f47df6708948"
"2795ecfc-3a92-4742-afb9-d1521fad696f","e06e17d1-8b09-4bf0-a00f-f7bb594ee616","1ffdfd0c-70cf-4803-a2e6-ddee39a8c748","2d33fe06-0fb9-4956-a183-1d3bb672ddb7","Intent: Flight Search and Booking","-7.0","09:02:09","SKYWAVE_PHASE_4_5","512a57ae-ede2-45da-a9b4-1a4668856b81"
"2795ecfc-3a92-4742-afb9-d1521fad696f","e06e17d1-8b09-4bf0-a00f-f7bb594ee616","6f4cb788-6a4e-49fa-af8b-8ad6a3b0de02","977bd81d-f2eb-40c7-a021-c4702b7cdf22","Quality score 5","-7.0","09:02:09","SKYWAVE_PHASE_4_5","9ed7fa0b-f7e6-4ab3-a7b9-eefc14f8f902"
"cc0afb81-6db8-43c3-a5e6-baa275f539e3","25253a0d-5811-4dc4-ad87-1d0c5c182273","1ffdfd0c-70cf-4803-a2e6-ddee39a8c748","2d33fe06-0fb9-4956-a183-1d3bb672ddb7","Intent: Flight Search and Booking","-13.0","13:28:06","SKYWAVE_PHASE_4_5","9cf5aed9-d693-455b-a4a5-f93b31e95daf"
"cc0afb81-6db8-43c3-a5e6-baa275f539e3","25253a0d-5811-4dc4-ad87-1d0c5c182273","6f4cb788-6a4e-49fa-af8b-8ad6a3b0de02","977bd81d-f2eb-40c7-a021-c4702b7cdf22","Quality score 5","-13.0","13:28:06","SKYWAVE_PHASE_4_5","c81a8334-0527-47fc-a042-26665751348c"
"bb47e328-1ee7-4ac4-a082-dabc8fec2b6e","940cd7f6-aca9-4c2d-a602-34adb4bda2dd","1ffdfd0c-70cf-4803-a2e6-ddee39a8c748","2d33fe06-0fb9-4956-a183-1d3bb672ddb7","Intent: Flight Search and Booking","-2.0","11:55:49","SKYWAVE_PHASE_4_5","6f0d5e01-2887-430e-af8f-600e3d8dd0c8"
"bb47e328-1ee7-4ac4-a082-dabc8fec2b6e","940cd7f6-aca9-4c2d-a602-34adb4bda2dd","6f4cb788-6a4e-49fa-af8b-8ad6a3b0de02","977bd81d-f2eb-40c7-a021-c4702b7cdf22","Quality score 5","-2.0","11:55:49","SKYWAVE_PHASE_4_5","46dbfcac-00e4-4cce-a8ca-e961aae59715"
"b0a67632-8bce-4297-ab9c-2556e3c5d00c","1e1110ef-e0bc-409e-aed8-44bfdb77d1b4","1ffdfd0c-70cf-4803-a2e6-ddee39a8c748","bed60ad3-4558-43b9-a5ea-06d58fe3bdcc","Intent: Seat Change Requests","-14.0","18:24:09","SKYWAVE_PHASE_4_5","31c1d432-467d-43ae-a109-d81e3d678ae2"
"b0a67632-8bce-4297-ab9c-2556e3c5d00c","1e1110ef-e0bc-409e-aed8-44bfdb77d1b4","6f4cb788-6a4e-49fa-af8b-8ad6a3b0de02","a07613f1-f4c8-413f-a7ac-d8af0a446e4e","Quality score 1","-14.0","18:24:09","SKYWAVE_PHASE_4_5","6171b3dd-08d3-493e-a881-57e4477b4205"
"97a0e870-5e65-414b-a205-7e9ca50a7482","1e1110ef-e0bc-409e-aed8-44bfdb77d1b4","1ffdfd0c-70cf-4803-a2e6-ddee39a8c748","2883b794-f6d9-4a0e-aba0-5b86d2c4611e","Intent: Miles Redemption Requests","-14.0","18:29:34","SKYWAVE_PHASE_4_5","f5ce5d03-1cad-42c6-a519-0a043a7912c9"
"97a0e870-5e65-414b-a205-7e9ca50a7482","1e1110ef-e0bc-409e-aed8-44bfdb77d1b4","6f4cb788-6a4e-49fa-af8b-8ad6a3b0de02","40c6f573-42d6-4b9d-a349-a5de3d11ffbe","Quality score 4","-14.0","18:29:34","SKYWAVE_PHASE_4_5","031883a0-153a-4aa9-a2a2-12a622603f0b"
"98a78eaa-029d-4349-a9f4-e5403ddf2877","0668243e-1720-4f0a-af2d-8dd435e67119","1ffdfd0c-70cf-4803-a2e6-ddee39a8c748","2d33fe06-0fb9-4956-a183-1d3bb672ddb7","Intent: Flight Search and Booking","-11.0","19:31:41","SKYWAVE_PHASE_4_5","ce8d51c8-fdf8-46e9-abd3-3324a2ea6f94"
"98a78eaa-029d-4349-a9f4-e5403ddf2877","0668243e-1720-4f0a-af2d-8dd435e67119","6f4cb788-6a4e-49fa-af8b-8ad6a3b0de02","40c6f573-42d6-4b9d-a349-a5de3d11ffbe","Quality score 4","-11.0","19:31:41","SKYWAVE_PHASE_4_5","bbabf5b5-d387-44c8-afa1-73d111ad3c0a"
"19009620-dc07-4748-ae8a-4b470885cdc3","205356e8-9bb1-4e43-aa17-36b12613b6e7","1ffdfd0c-70cf-4803-a2e6-ddee39a8c748","2d33fe06-0fb9-4956-a183-1d3bb672ddb7","Intent: Flight Search and Booking","-13.0","17:54:38","SKYWAVE_PHASE_4_5","63d21367-4298-461b-a4d9-ff2d5f334f1a"
"19009620-dc07-4748-ae8a-4b470885cdc3","205356e8-9bb1-4e43-aa17-36b12613b6e7","6f4cb788-6a4e-49fa-af8b-8ad6a3b0de02","40c6f573-42d6-4b9d-a349-a5de3d11ffbe","Quality score 4","-13.0","17:54:38","SKYWAVE_PHASE_4_5","7977c802-bb2b-4de9-a187-d5096b26c3cc"
"3f057201-4947-40a5-a3f5-b187fb18803e","2f4e8a78-19e3-4166-a275-ef5151735d99","1ffdfd0c-70cf-4803-a2e6-ddee39a8c748","8b8f0ad6-2180-4df9-ad17-393b2d1daf41","Intent: Lost Baggage Claims","-6.0","08:17:29","SKYWAVE_PHASE_4_5","7edc8feb-da3a-4ec8-a61a-dc65a744589e"
"3f057201-4947-40a5-a3f5-b187fb18803e","2f4e8a78-19e3-4166-a275-ef5151735d99","6f4cb788-6a4e-49fa-af8b-8ad6a3b0de02","af9276e0-232c-453b-ab8e-a994f431cbff","Quality score 3","-6.0","08:17:29","SKYWAVE_PHASE_4_5","5b62adfc-7765-41b8-a474-9a109c838f2a"
"90278cd9-9e3f-4e41-a83f-ca74595a5478","2f4e8a78-19e3-4166-a275-ef5151735d99","1ffdfd0c-70cf-4803-a2e6-ddee39a8c748","bed60ad3-4558-43b9-a5ea-06d58fe3bdcc","Intent: Seat Change Requests","-6.0","08:22:00","SKYWAVE_PHASE_4_5","4541edce-4a23-4db8-a418-b65732525256"
"90278cd9-9e3f-4e41-a83f-ca74595a5478","2f4e8a78-19e3-4166-a275-ef5151735d99","6f4cb788-6a4e-49fa-af8b-8ad6a3b0de02","bfa3f155-5222-4840-a6d3-fddc7e72ef30","Quality score 2","-6.0","08:22:00","SKYWAVE_PHASE_4_5","c870b608-370f-4474-a1ac-ba5c662ab49d"
"f7437117-e46e-4831-acda-27434f787c13","2f4e8a78-19e3-4166-a275-ef5151735d99","1ffdfd0c-70cf-4803-a2e6-ddee39a8c748","6bfb174a-8001-4add-abf0-6d381e435574","Intent: Reservation Modifications and Cancellations","-6.0","08:25:19","SKYWAVE_PHASE_4_5","0450dc3b-6c26-4306-ab0b-4c15fb1ce78b"
"f7437117-e46e-4831-acda-27434f787c13","2f4e8a78-19e3-4166-a275-ef5151735d99","6f4cb788-6a4e-49fa-af8b-8ad6a3b0de02","977bd81d-f2eb-40c7-a021-c4702b7cdf22","Quality score 5","-6.0","08:25:19","SKYWAVE_PHASE_4_5","716c1842-6242-4d4d-a87b-fb0827a613ae"
"a5e2f82d-31c0-44f3-a4e4-42a05c6ba1cc","7ba42436-6c5b-4337-ac3b-08f6b8545eb8","1ffdfd0c-70cf-4803-a2e6-ddee39a8c748","560e4777-8dfc-4ecd-aa43-643d9c351ac5","Intent: Seat Upgrade Requests","-1.0","14:24:36","SKYWAVE_PHASE_4_5","f840e15d-2825-4541-a0a4-1cd68f5b4713"
"a5e2f82d-31c0-44f3-a4e4-42a05c6ba1cc","7ba42436-6c5b-4337-ac3b-08f6b8545eb8","6f4cb788-6a4e-49fa-af8b-8ad6a3b0de02","a07613f1-f4c8-413f-a7ac-d8af0a446e4e","Quality score 1","-1.0","14:24:36","SKYWAVE_PHASE_4_5","46d1c571-6d2e-4a97-acb6-2694a571039f"
"55beb394-c8bf-42eb-a790-d2594edb4dd9","7ba42436-6c5b-4337-ac3b-08f6b8545eb8","1ffdfd0c-70cf-4803-a2e6-ddee39a8c748","bf97a1fb-438c-420f-a37b-d4e6cf4aea0e","Intent: Refund Requests for Service Issues","-1.0","14:26:32","SKYWAVE_PHASE_4_5","8649b1b4-7f1a-441d-a91f-caaacad514be"
"55beb394-c8bf-42eb-a790-d2594edb4dd9","7ba42436-6c5b-4337-ac3b-08f6b8545eb8","6f4cb788-6a4e-49fa-af8b-8ad6a3b0de02","40c6f573-42d6-4b9d-a349-a5de3d11ffbe","Quality score 4","-1.0","14:26:32","SKYWAVE_PHASE_4_5","ac86ae94-fd60-4994-a9a8-1541e6b64ebb"
"28a76968-3ccc-4cf0-ab97-e7a2364e2b35","7ba42436-6c5b-4337-ac3b-08f6b8545eb8","1ffdfd0c-70cf-4803-a2e6-ddee39a8c748","2176793d-4536-4299-a815-665cd12e3689","Intent: Seat Assignment Corrections","-1.0","14:28:12","SKYWAVE_PHASE_4_5","42eeb943-b2fd-4b34-ae80-f0f448ed8cca"
"28a76968-3ccc-4cf0-ab97-e7a2364e2b35","7ba42436-6c5b-4337-ac3b-08f6b8545eb8","6f4cb788-6a4e-49fa-af8b-8ad6a3b0de02","a07613f1-f4c8-413f-a7ac-d8af0a446e4e","Quality score 1","-1.0","14:28:12","SKYWAVE_PHASE_4_5","87710a15-8118-4afe-aa80-79daf0b7e0c3"
"d180906f-694e-40f2-a264-da3171c503cd","8d9bf8e3-ec8f-4869-a477-ef2bf3c98344","1ffdfd0c-70cf-4803-a2e6-ddee39a8c748","560e4777-8dfc-4ecd-aa43-643d9c351ac5","Intent: Seat Upgrade Requests","-4.0","13:33:46","SKYWAVE_PHASE_4_5","7acb98df-2748-4c70-a52a-e8b692634703"
"d180906f-694e-40f2-a264-da3171c503cd","8d9bf8e3-ec8f-4869-a477-ef2bf3c98344","6f4cb788-6a4e-49fa-af8b-8ad6a3b0de02","bfa3f155-5222-4840-a6d3-fddc7e72ef30","Quality score 2","-4.0","13:33:46","SKYWAVE_PHASE_4_5","5d145cb8-d928-49bf-abd8-7f31a7447b4d"
"9381e373-6fab-4dd3-a507-cdbb342c5c71","5eca7121-c765-4ce7-ae72-8258d2b126ae","1ffdfd0c-70cf-4803-a2e6-ddee39a8c748","560e4777-8dfc-4ecd-aa43-643d9c351ac5","Intent: Seat Upgrade Requests","-7.0","14:49:13","SKYWAVE_PHASE_4_5","3c158f18-06d7-4926-a14c-87257688787a"
"9381e373-6fab-4dd3-a507-cdbb342c5c71","5eca7121-c765-4ce7-ae72-8258d2b126ae","6f4cb788-6a4e-49fa-af8b-8ad6a3b0de02","bfa3f155-5222-4840-a6d3-fddc7e72ef30","Quality score 2","-7.0","14:49:13","SKYWAVE_PHASE_4_5","5fced068-9557-4113-aab0-62c26b20fb6f"
"8623be81-be69-4d7d-a8f8-8bbd1779d400","86610453-cdbb-4e9b-a7e6-4632419890ba","1ffdfd0c-70cf-4803-a2e6-ddee39a8c748","560e4777-8dfc-4ecd-aa43-643d9c351ac5","Intent: Seat Upgrade Requests","-6.0","14:30:12","SKYWAVE_PHASE_4_5","e685acee-ca0b-4f8e-a4bc-74a429c1cf29"
"8623be81-be69-4d7d-a8f8-8bbd1779d400","86610453-cdbb-4e9b-a7e6-4632419890ba","6f4cb788-6a4e-49fa-af8b-8ad6a3b0de02","bfa3f155-5222-4840-a6d3-fddc7e72ef30","Quality score 2","-6.0","14:30:12","SKYWAVE_PHASE_4_5","f8fcd33d-7452-4393-ae4c-adce9e63cd96"
"974535b9-f826-42a7-a591-1002f266de0e","0c5938a2-b91b-4fa6-a135-26a3780d53fd","1ffdfd0c-70cf-4803-a2e6-ddee39a8c748","560e4777-8dfc-4ecd-aa43-643d9c351ac5","Intent: Seat Upgrade Requests","-1.0","09:40:19","SKYWAVE_PHASE_4_5","c2aea8af-f4f4-44b5-a920-6eaeb06644bb"
"974535b9-f826-42a7-a591-1002f266de0e","0c5938a2-b91b-4fa6-a135-26a3780d53fd","6f4cb788-6a4e-49fa-af8b-8ad6a3b0de02","a07613f1-f4c8-413f-a7ac-d8af0a446e4e","Quality score 1","-1.0","09:40:19","SKYWAVE_PHASE_4_5","a3bb1ae3-21a8-4705-a6db-0413d4a6164e"
"99f95f28-12f8-487b-a4d9-0367bc3aa091","c07d5c82-4c2e-4ae2-a9c9-f055506a7bd4","1ffdfd0c-70cf-4803-a2e6-ddee39a8c748","bed60ad3-4558-43b9-a5ea-06d58fe3bdcc","Intent: Seat Change Requests","-8.0","10:08:41","SKYWAVE_PHASE_4_5","791f47f2-656e-4096-aea0-88bd024e8c10"
"99f95f28-12f8-487b-a4d9-0367bc3aa091","c07d5c82-4c2e-4ae2-a9c9-f055506a7bd4","6f4cb788-6a4e-49fa-af8b-8ad6a3b0de02","a07613f1-f4c8-413f-a7ac-d8af0a446e4e","Quality score 1","-8.0","10:08:41","SKYWAVE_PHASE_4_5","2715a875-6d14-4b50-ad8f-a08edb312177"
"8861fe59-bda4-448f-abdb-da82a3286c3a","c07d5c82-4c2e-4ae2-a9c9-f055506a7bd4","1ffdfd0c-70cf-4803-a2e6-ddee39a8c748","8b8f0ad6-2180-4df9-ad17-393b2d1daf41","Intent: Lost Baggage Claims","-8.0","10:10:26","SKYWAVE_PHASE_4_5","845c7621-a285-42a5-a46e-3da4318626ec"
"8861fe59-bda4-448f-abdb-da82a3286c3a","c07d5c82-4c2e-4ae2-a9c9-f055506a7bd4","6f4cb788-6a4e-49fa-af8b-8ad6a3b0de02","40c6f573-42d6-4b9d-a349-a5de3d11ffbe","Quality score 4","-8.0","10:10:26","SKYWAVE_PHASE_4_5","ddfb4b0f-9d3a-4c3b-a2e0-d5a3bb821335"
"dc5d080d-d2f7-414f-a822-8476b5b6792e","2bb451e3-4e2e-4bf3-a943-b645a8edaa7a","1ffdfd0c-70cf-4803-a2e6-ddee39a8c748","560e4777-8dfc-4ecd-aa43-643d9c351ac5","Intent: Seat Upgrade Requests","-9.0","19:42:57","SKYWAVE_PHASE_4_5","907352d3-63b5-4941-adb7-58ac66d50e10"
"dc5d080d-d2f7-414f-a822-8476b5b6792e","2bb451e3-4e2e-4bf3-a943-b645a8edaa7a","6f4cb788-6a4e-49fa-af8b-8ad6a3b0de02","bfa3f155-5222-4840-a6d3-fddc7e72ef30","Quality score 2","-9.0","19:42:57","SKYWAVE_PHASE_4_5","fd1b64c9-c5f1-4907-abdf-ab4db9825488"
"4cae9ccd-922f-4d06-a323-bc286cfff3b8","2bdb0338-2a64-4ff4-ac89-012fc6b2d179","1ffdfd0c-70cf-4803-a2e6-ddee39a8c748","2d33fe06-0fb9-4956-a183-1d3bb672ddb7","Intent: Flight Search and Booking","-4.0","10:19:58","SKYWAVE_PHASE_4_5","ada0810b-bcca-49de-a449-65d026d09148"
"4cae9ccd-922f-4d06-a323-bc286cfff3b8","2bdb0338-2a64-4ff4-ac89-012fc6b2d179","6f4cb788-6a4e-49fa-af8b-8ad6a3b0de02","40c6f573-42d6-4b9d-a349-a5de3d11ffbe","Quality score 4","-4.0","10:19:58","SKYWAVE_PHASE_4_5","3b604b3f-91e1-419f-aba9-a1a7f544aea8"
"26f04184-2de3-4be2-a47b-3f5123bcc16d","2bdb0338-2a64-4ff4-ac89-012fc6b2d179","1ffdfd0c-70cf-4803-a2e6-ddee39a8c748","b7100962-8e79-41cb-a1d9-3b96207d2954","Intent: In-Flight Service Complaints","-4.0","10:20:54","SKYWAVE_PHASE_4_5","640b2c14-7ae8-4f80-a2f4-75e22116f389"
"26f04184-2de3-4be2-a47b-3f5123bcc16d","2bdb0338-2a64-4ff4-ac89-012fc6b2d179","6f4cb788-6a4e-49fa-af8b-8ad6a3b0de02","af9276e0-232c-453b-ab8e-a994f431cbff","Quality score 3","-4.0","10:20:54","SKYWAVE_PHASE_4_5","78a8afc3-2563-4b04-a01f-c728739b1f73"
"e71f44ca-39f7-4117-af2e-8f0ac545b462","b59ae471-4a83-4818-ad18-6f8bf14d0f9e","1ffdfd0c-70cf-4803-a2e6-ddee39a8c748","0cc5b3be-ec6a-4ca7-a940-5bbf1f92a89a","Intent: Name Spelling Updates","-13.0","15:09:37","SKYWAVE_PHASE_4_5","2d19cd76-8ef1-4de9-a448-6e5fd70ed771"
"e71f44ca-39f7-4117-af2e-8f0ac545b462","b59ae471-4a83-4818-ad18-6f8bf14d0f9e","6f4cb788-6a4e-49fa-af8b-8ad6a3b0de02","977bd81d-f2eb-40c7-a021-c4702b7cdf22","Quality score 5","-13.0","15:09:37","SKYWAVE_PHASE_4_5","81e9c8f4-e8c3-4fab-abc0-53aed0019d61"
"fdeccf7c-7699-4167-a5a3-7198801f002f","06b5e753-e315-455f-a9ba-5cb2fb99f4ac","1ffdfd0c-70cf-4803-a2e6-ddee39a8c748","33d24820-e5ef-443f-a050-6eb5489180c6","Intent: Tier Status and Benefits","-14.0","19:26:48","SKYWAVE_PHASE_4_5","2dfaf7e1-f034-4445-a714-8221697dd83a"
"fdeccf7c-7699-4167-a5a3-7198801f002f","06b5e753-e315-455f-a9ba-5cb2fb99f4ac","6f4cb788-6a4e-49fa-af8b-8ad6a3b0de02","40c6f573-42d6-4b9d-a349-a5de3d11ffbe","Quality score 4","-14.0","19:26:48","SKYWAVE_PHASE_4_5","626c92fa-5435-4825-a530-092395a865a9"
"662402fb-9109-437d-a68b-461b9fed5344","c811202a-d535-4056-a437-b5f47dca624b","1ffdfd0c-70cf-4803-a2e6-ddee39a8c748","84c29cfb-8468-49f6-aeed-f126d271a498","Intent: Off-Topic General Queries","-10.0","13:25:08","SKYWAVE_PHASE_4_5","68deff83-2d78-4e5d-abd2-723027ded80e"
"662402fb-9109-437d-a68b-461b9fed5344","c811202a-d535-4056-a437-b5f47dca624b","6f4cb788-6a4e-49fa-af8b-8ad6a3b0de02","bfa3f155-5222-4840-a6d3-fddc7e72ef30","Quality score 2","-10.0","13:25:08","SKYWAVE_PHASE_4_5","43545d33-4b00-4b75-ae64-eb9d6ee50a94"
"e4b9c1db-8fc2-496e-a236-53abff621eef","c811202a-d535-4056-a437-b5f47dca624b","1ffdfd0c-70cf-4803-a2e6-ddee39a8c748","2d33fe06-0fb9-4956-a183-1d3bb672ddb7","Intent: Flight Search and Booking","-10.0","13:30:28","SKYWAVE_PHASE_4_5","47804282-694b-456f-a717-69fc4666244b"
"e4b9c1db-8fc2-496e-a236-53abff621eef","c811202a-d535-4056-a437-b5f47dca624b","6f4cb788-6a4e-49fa-af8b-8ad6a3b0de02","40c6f573-42d6-4b9d-a349-a5de3d11ffbe","Quality score 4","-10.0","13:30:28","SKYWAVE_PHASE_4_5","feb8c406-e6a4-45fb-a07e-8e0762a86737"
"7c010607-de1a-48d9-ac0a-7ac836475ea7","6f554432-4d35-4eaa-a1b7-67242a484107","1ffdfd0c-70cf-4803-a2e6-ddee39a8c748","981cada7-964f-4af6-a2c5-41f9a73aa021","Intent: Mileage Balance Inquiries","-7.0","08:24:44","SKYWAVE_PHASE_4_5","74d1c5ee-e96c-4616-a979-8fe625d457fe"
"7c010607-de1a-48d9-ac0a-7ac836475ea7","6f554432-4d35-4eaa-a1b7-67242a484107","6f4cb788-6a4e-49fa-af8b-8ad6a3b0de02","40c6f573-42d6-4b9d-a349-a5de3d11ffbe","Quality score 4","-7.0","08:24:44","SKYWAVE_PHASE_4_5","73279836-c944-4bb4-a386-b486da9477e3"
"ed7d8b3a-f64e-4885-ac4d-59ed0fab6acf","702b09d3-b603-47af-ab5d-b6de7804045e","1ffdfd0c-70cf-4803-a2e6-ddee39a8c748","2176793d-4536-4299-a815-665cd12e3689","Intent: Seat Assignment Corrections","-3.0","10:08:29","SKYWAVE_PHASE_4_5","2cd662ec-0973-4cd6-aa36-b790f9256113"
"ed7d8b3a-f64e-4885-ac4d-59ed0fab6acf","702b09d3-b603-47af-ab5d-b6de7804045e","6f4cb788-6a4e-49fa-af8b-8ad6a3b0de02","a07613f1-f4c8-413f-a7ac-d8af0a446e4e","Quality score 1","-3.0","10:08:29","SKYWAVE_PHASE_4_5","84c59964-39b9-49bd-a81d-86eb3f17984d"
"53dab246-05cc-4191-a9e9-81efec8dbd71","8bd72a84-87ce-4c85-a25d-16be5dad0d9a","1ffdfd0c-70cf-4803-a2e6-ddee39a8c748","33d24820-e5ef-443f-a050-6eb5489180c6","Intent: Tier Status and Benefits","-7.0","10:46:10","SKYWAVE_PHASE_4_5","7bb219f0-b580-4519-a2fa-c5cdd81cbe1d"
"53dab246-05cc-4191-a9e9-81efec8dbd71","8bd72a84-87ce-4c85-a25d-16be5dad0d9a","6f4cb788-6a4e-49fa-af8b-8ad6a3b0de02","977bd81d-f2eb-40c7-a021-c4702b7cdf22","Quality score 5","-7.0","10:46:10","SKYWAVE_PHASE_4_5","26d5f493-51fe-47e4-a46b-9b5cea6a040b"
"73d64f4d-d422-4b8a-a3b8-81764db0a2d2","dc0551c7-cdf6-4366-a366-3f7257f45e15","1ffdfd0c-70cf-4803-a2e6-ddee39a8c748","f8b5e0e4-571a-46fe-aa92-fcd50b885cc5","Intent: Unsupported Requests","-1.0","18:47:57","SKYWAVE_PHASE_4_5","c588d2e1-754a-4ba7-aa31-ccb16d5858be"
"73d64f4d-d422-4b8a-a3b8-81764db0a2d2","dc0551c7-cdf6-4366-a366-3f7257f45e15","6f4cb788-6a4e-49fa-af8b-8ad6a3b0de02","bfa3f155-5222-4840-a6d3-fddc7e72ef30","Quality score 2","-1.0","18:47:57","SKYWAVE_PHASE_4_5","59af7cb2-0ffa-4036-a3a9-fd2fbc074815"
"2cac9653-63ab-4332-ab1b-2ee25f7a696d","318c727f-7115-47a4-a73b-b67237c3a650","1ffdfd0c-70cf-4803-a2e6-ddee39a8c748","2176793d-4536-4299-a815-665cd12e3689","Intent: Seat Assignment Corrections","-6.0","11:44:09","SKYWAVE_PHASE_4_5","e5a5110e-aa8f-4fe5-a84c-22f5a5e3a1e7"
"2cac9653-63ab-4332-ab1b-2ee25f7a696d","318c727f-7115-47a4-a73b-b67237c3a650","6f4cb788-6a4e-49fa-af8b-8ad6a3b0de02","a07613f1-f4c8-413f-a7ac-d8af0a446e4e","Quality score 1","-6.0","11:44:09","SKYWAVE_PHASE_4_5","56350d7f-b964-4bd4-a37f-7c7c2f71cc81"
"ddd50656-8e61-411a-a70b-f76d7fef2a19","318c727f-7115-47a4-a73b-b67237c3a650","1ffdfd0c-70cf-4803-a2e6-ddee39a8c748","6bfb174a-8001-4add-abf0-6d381e435574","Intent: Reservation Modifications and Cancellations","-6.0","11:45:37","SKYWAVE_PHASE_4_5","0a5b7990-6550-4b76-aa26-f772773288cb"
"ddd50656-8e61-411a-a70b-f76d7fef2a19","318c727f-7115-47a4-a73b-b67237c3a650","6f4cb788-6a4e-49fa-af8b-8ad6a3b0de02","977bd81d-f2eb-40c7-a021-c4702b7cdf22","Quality score 5","-6.0","11:45:37","SKYWAVE_PHASE_4_5","8d60af52-d18d-4a72-a566-5e3c16617636"
"712f5c8f-b0ca-4dca-afb0-c942a03b0d9f","4ba37bdc-d1c3-47e4-ae6d-47c257170ed3","1ffdfd0c-70cf-4803-a2e6-ddee39a8c748","2d33fe06-0fb9-4956-a183-1d3bb672ddb7","Intent: Flight Search and Booking","-3.0","14:55:48","SKYWAVE_PHASE_4_5","5eeeec15-f8e9-4359-ab71-c8c5de1a0acc"
"712f5c8f-b0ca-4dca-afb0-c942a03b0d9f","4ba37bdc-d1c3-47e4-ae6d-47c257170ed3","6f4cb788-6a4e-49fa-af8b-8ad6a3b0de02","40c6f573-42d6-4b9d-a349-a5de3d11ffbe","Quality score 4","-3.0","14:55:48","SKYWAVE_PHASE_4_5","fce0a667-7fd7-47f1-af39-5390e2eb89a7"
"a3fe4fb0-f398-437c-aed5-e0b82e6781d4","5d620081-8710-40e8-ae28-1e40c1e12368","1ffdfd0c-70cf-4803-a2e6-ddee39a8c748","bed60ad3-4558-43b9-a5ea-06d58fe3bdcc","Intent: Seat Change Requests","-3.0","13:05:12","SKYWAVE_PHASE_4_5","ba20dca8-dea9-4aea-abe5-11ebaa607e2a"
"a3fe4fb0-f398-437c-aed5-e0b82e6781d4","5d620081-8710-40e8-ae28-1e40c1e12368","6f4cb788-6a4e-49fa-af8b-8ad6a3b0de02","bfa3f155-5222-4840-a6d3-fddc7e72ef30","Quality score 2","-3.0","13:05:12","SKYWAVE_PHASE_4_5","0b2f1508-5f1c-4bbd-af90-de11e6417f03"
"f70f80e3-62b9-44ac-ac87-37b35ba16930","667a0b26-cbeb-4ac0-ab15-1de9174b7326","1ffdfd0c-70cf-4803-a2e6-ddee39a8c748","981cada7-964f-4af6-a2c5-41f9a73aa021","Intent: Mileage Balance Inquiries","-14.0","12:06:28","SKYWAVE_PHASE_4_5","f5dd856c-f3e8-4244-ad49-f4cb5e460967"
"f70f80e3-62b9-44ac-ac87-37b35ba16930","667a0b26-cbeb-4ac0-ab15-1de9174b7326","6f4cb788-6a4e-49fa-af8b-8ad6a3b0de02","977bd81d-f2eb-40c7-a021-c4702b7cdf22","Quality score 5","-14.0","12:06:28","SKYWAVE_PHASE_4_5","2d173766-bd15-42e1-a212-60b15b6982f6"
"54e9873d-3d5e-4fa1-a101-238df3a799a7","3085502b-a2f9-40cb-a75e-e559481ea150","1ffdfd0c-70cf-4803-a2e6-ddee39a8c748","560e4777-8dfc-4ecd-aa43-643d9c351ac5","Intent: Seat Upgrade Requests","-2.0","12:39:24","SKYWAVE_PHASE_4_5","997036b4-a216-4a28-a82e-88b54f9ae6ad"
"54e9873d-3d5e-4fa1-a101-238df3a799a7","3085502b-a2f9-40cb-a75e-e559481ea150","6f4cb788-6a4e-49fa-af8b-8ad6a3b0de02","bfa3f155-5222-4840-a6d3-fddc7e72ef30","Quality score 2","-2.0","12:39:24","SKYWAVE_PHASE_4_5","cc3a51e0-415d-468a-abd2-64ecadfc1a1e"
"f329fc49-323b-4e1d-a6f7-c18c931d704a","3085502b-a2f9-40cb-a75e-e559481ea150","1ffdfd0c-70cf-4803-a2e6-ddee39a8c748","981cada7-964f-4af6-a2c5-41f9a73aa021","Intent: Mileage Balance Inquiries","-2.0","12:41:16","SKYWAVE_PHASE_4_5","e8087b3d-380e-43fb-abe1-8c5880f3c4a6"
"f329fc49-323b-4e1d-a6f7-c18c931d704a","3085502b-a2f9-40cb-a75e-e559481ea150","6f4cb788-6a4e-49fa-af8b-8ad6a3b0de02","40c6f573-42d6-4b9d-a349-a5de3d11ffbe","Quality score 4","-2.0","12:41:16","SKYWAVE_PHASE_4_5","d99681f4-4993-432b-afe8-60cbc712033b"
"63e56dbd-8702-484b-a23f-15f12f60c645","bb3f99b4-5c9d-4d64-ad24-4875d6daf10f","1ffdfd0c-70cf-4803-a2e6-ddee39a8c748","981cada7-964f-4af6-a2c5-41f9a73aa021","Intent: Mileage Balance Inquiries","-11.0","16:50:14","SKYWAVE_PHASE_4_5","177c7bfc-3fe6-499d-ac1b-b697fc5f7e9e"
"63e56dbd-8702-484b-a23f-15f12f60c645","bb3f99b4-5c9d-4d64-ad24-4875d6daf10f","6f4cb788-6a4e-49fa-af8b-8ad6a3b0de02","977bd81d-f2eb-40c7-a021-c4702b7cdf22","Quality score 5","-11.0","16:50:14","SKYWAVE_PHASE_4_5","94643f91-0dc4-4d25-a1c4-0f5bd04fd615"
"fe3e4d1d-37ee-4d50-a21f-879712356975","bb3f99b4-5c9d-4d64-ad24-4875d6daf10f","1ffdfd0c-70cf-4803-a2e6-ddee39a8c748","f8b5e0e4-571a-46fe-aa92-fcd50b885cc5","Intent: Unsupported Requests","-11.0","16:54:11","SKYWAVE_PHASE_4_5","d321861a-c006-4837-ab61-24e9c5e4837f"
"fe3e4d1d-37ee-4d50-a21f-879712356975","bb3f99b4-5c9d-4d64-ad24-4875d6daf10f","6f4cb788-6a4e-49fa-af8b-8ad6a3b0de02","af9276e0-232c-453b-ab8e-a994f431cbff","Quality score 3","-11.0","16:54:11","SKYWAVE_PHASE_4_5","f9547e58-7981-46d5-a73a-2938cfc2c5e8"
"a161bbd5-d5bf-4c23-aa14-b1b76582ec58","7dd62e91-ef0f-47cd-a1b0-faca8bf64b40","1ffdfd0c-70cf-4803-a2e6-ddee39a8c748","bed60ad3-4558-43b9-a5ea-06d58fe3bdcc","Intent: Seat Change Requests","-14.0","17:34:52","SKYWAVE_PHASE_4_5","7659e9f3-61db-42e1-a619-555155acaae9"
"a161bbd5-d5bf-4c23-aa14-b1b76582ec58","7dd62e91-ef0f-47cd-a1b0-faca8bf64b40","6f4cb788-6a4e-49fa-af8b-8ad6a3b0de02","bfa3f155-5222-4840-a6d3-fddc7e72ef30","Quality score 2","-14.0","17:34:52","SKYWAVE_PHASE_4_5","7a560a37-e959-41a2-a285-a8c13e7e4996"
"4bdcfde2-caf9-446d-a33b-43058291f7bd","ef14238a-6538-4916-a813-1e4bdb8faade","1ffdfd0c-70cf-4803-a2e6-ddee39a8c748","33d24820-e5ef-443f-a050-6eb5489180c6","Intent: Tier Status and Benefits","-11.0","08:20:15","SKYWAVE_PHASE_4_5","2806034a-4a0a-4c67-a0c7-2ba2148e1d31"
"4bdcfde2-caf9-446d-a33b-43058291f7bd","ef14238a-6538-4916-a813-1e4bdb8faade","6f4cb788-6a4e-49fa-af8b-8ad6a3b0de02","977bd81d-f2eb-40c7-a021-c4702b7cdf22","Quality score 5","-11.0","08:20:15","SKYWAVE_PHASE_4_5","807f7747-a63e-42da-ac92-a7c741595bbc"
"3987d49f-2d91-4979-afbe-4a9405ba11cd","4b4f1d2a-39d0-4b6c-ae55-d3cdbfc938fb","1ffdfd0c-70cf-4803-a2e6-ddee39a8c748","33d24820-e5ef-443f-a050-6eb5489180c6","Intent: Tier Status and Benefits","-10.0","17:06:16","SKYWAVE_PHASE_4_5","b3df7b34-331b-4646-a206-79d7dedd86e6"
"3987d49f-2d91-4979-afbe-4a9405ba11cd","4b4f1d2a-39d0-4b6c-ae55-d3cdbfc938fb","6f4cb788-6a4e-49fa-af8b-8ad6a3b0de02","40c6f573-42d6-4b9d-a349-a5de3d11ffbe","Quality score 4","-10.0","17:06:16","SKYWAVE_PHASE_4_5","6b547e9f-1155-4caf-a404-732b745b7d7c"
"1c9706c8-ddd1-45d2-ade6-9b7b974c908d","4b4f1d2a-39d0-4b6c-ae55-d3cdbfc938fb","1ffdfd0c-70cf-4803-a2e6-ddee39a8c748","6bfb174a-8001-4add-abf0-6d381e435574","Intent: Reservation Modifications and Cancellations","-10.0","17:11:25","SKYWAVE_PHASE_4_5","d030be7d-175d-4fda-a710-4acc21c0d58f"
"1c9706c8-ddd1-45d2-ade6-9b7b974c908d","4b4f1d2a-39d0-4b6c-ae55-d3cdbfc938fb","6f4cb788-6a4e-49fa-af8b-8ad6a3b0de02","40c6f573-42d6-4b9d-a349-a5de3d11ffbe","Quality score 4","-10.0","17:11:25","SKYWAVE_PHASE_4_5","c31ce5ac-b7a0-495f-a80d-bccd7f1f7479"
"4307bae0-7188-467b-aae6-cccebc949b73","1fe04cb8-da8f-4f4a-a5cf-8480edb95043","1ffdfd0c-70cf-4803-a2e6-ddee39a8c748","ac0c4c75-904b-4cbd-a97e-fce7a397945a","Intent: Booking Confirmation Queries","-14.0","11:06:23","SKYWAVE_PHASE_4_5","92034c40-50c2-4d63-ab02-66c45fac243a"
"4307bae0-7188-467b-aae6-cccebc949b73","1fe04cb8-da8f-4f4a-a5cf-8480edb95043","6f4cb788-6a4e-49fa-af8b-8ad6a3b0de02","977bd81d-f2eb-40c7-a021-c4702b7cdf22","Quality score 5","-14.0","11:06:23","SKYWAVE_PHASE_4_5","7bd53a8a-7bd3-47af-a42a-11372052b378"
"52059f4c-e47d-49b5-a89c-c8f6af9c41fe","1fe04cb8-da8f-4f4a-a5cf-8480edb95043","1ffdfd0c-70cf-4803-a2e6-ddee39a8c748","ac0c4c75-904b-4cbd-a97e-fce7a397945a","Intent: Booking Confirmation Queries","-14.0","11:07:25","SKYWAVE_PHASE_4_5","dfb48e7d-94f5-41e6-a190-0af82c4d343e"
"52059f4c-e47d-49b5-a89c-c8f6af9c41fe","1fe04cb8-da8f-4f4a-a5cf-8480edb95043","6f4cb788-6a4e-49fa-af8b-8ad6a3b0de02","977bd81d-f2eb-40c7-a021-c4702b7cdf22","Quality score 5","-14.0","11:07:25","SKYWAVE_PHASE_4_5","38d477c4-fc0b-4c9b-a13a-0322242c207d"
"84f35811-159f-4f57-afcc-0708fe1122ce","1fe04cb8-da8f-4f4a-a5cf-8480edb95043","1ffdfd0c-70cf-4803-a2e6-ddee39a8c748","acf92f95-57da-46f9-aff0-c1b33d6cc9d4","Intent: Passenger Name Corrections","-14.0","11:15:27","SKYWAVE_PHASE_4_5","6166f781-8fef-4d87-aec4-4ec79cf4ff08"
"84f35811-159f-4f57-afcc-0708fe1122ce","1fe04cb8-da8f-4f4a-a5cf-8480edb95043","6f4cb788-6a4e-49fa-af8b-8ad6a3b0de02","40c6f573-42d6-4b9d-a349-a5de3d11ffbe","Quality score 4","-14.0","11:15:27","SKYWAVE_PHASE_4_5","d7f6b92f-25c4-439e-abf4-e63105390c11"
"95ef761f-52c8-4b3f-a0a3-f36d30bf7aac","cd514d5c-d8e5-4ec5-a118-7dc2447c5ee8","1ffdfd0c-70cf-4803-a2e6-ddee39a8c748","bed60ad3-4558-43b9-a5ea-06d58fe3bdcc","Intent: Seat Change Requests","-10.0","17:35:14","SKYWAVE_PHASE_4_5","b8e3a54a-404b-4eb7-a87a-873263136a9c"
"95ef761f-52c8-4b3f-a0a3-f36d30bf7aac","cd514d5c-d8e5-4ec5-a118-7dc2447c5ee8","6f4cb788-6a4e-49fa-af8b-8ad6a3b0de02","bfa3f155-5222-4840-a6d3-fddc7e72ef30","Quality score 2","-10.0","17:35:14","SKYWAVE_PHASE_4_5","a0d823e0-7467-4d61-a748-b208154f09a3"
"1c091f28-ea35-4a6d-a94e-7b48b17b83f8","cd514d5c-d8e5-4ec5-a118-7dc2447c5ee8","1ffdfd0c-70cf-4803-a2e6-ddee39a8c748","acf92f95-57da-46f9-aff0-c1b33d6cc9d4","Intent: Passenger Name Corrections","-10.0","17:36:59","SKYWAVE_PHASE_4_5","13b49eb5-2a22-4331-ad63-3d4d7ea19ea2"
"1c091f28-ea35-4a6d-a94e-7b48b17b83f8","cd514d5c-d8e5-4ec5-a118-7dc2447c5ee8","6f4cb788-6a4e-49fa-af8b-8ad6a3b0de02","40c6f573-42d6-4b9d-a349-a5de3d11ffbe","Quality score 4","-10.0","17:36:59","SKYWAVE_PHASE_4_5","580f9d2b-69be-406f-a0f9-8bfb665750fd"
"2f87e0ff-ebd1-443b-a148-5afca984addc","f345e83a-048a-4411-a007-77356ba72236","1ffdfd0c-70cf-4803-a2e6-ddee39a8c748","560e4777-8dfc-4ecd-aa43-643d9c351ac5","Intent: Seat Upgrade Requests","-3.0","13:19:21","SKYWAVE_PHASE_4_5","16153fa9-7283-43d6-aac2-e31abcef5b6c"
"2f87e0ff-ebd1-443b-a148-5afca984addc","f345e83a-048a-4411-a007-77356ba72236","6f4cb788-6a4e-49fa-af8b-8ad6a3b0de02","bfa3f155-5222-4840-a6d3-fddc7e72ef30","Quality score 2","-3.0","13:19:21","SKYWAVE_PHASE_4_5","34e637f7-9ebc-46f2-a5cf-28881879bfc6"
"6cdda4ad-dec2-4368-a859-7176cbde6420","559897fd-01b6-441d-a705-16a7c560b39a","1ffdfd0c-70cf-4803-a2e6-ddee39a8c748","ac0c4c75-904b-4cbd-a97e-fce7a397945a","Intent: Booking Confirmation Queries","-9.0","17:12:35","SKYWAVE_PHASE_4_5","4ed44d59-0367-4295-ac7d-8fe4caeb7787"
"6cdda4ad-dec2-4368-a859-7176cbde6420","559897fd-01b6-441d-a705-16a7c560b39a","6f4cb788-6a4e-49fa-af8b-8ad6a3b0de02","40c6f573-42d6-4b9d-a349-a5de3d11ffbe","Quality score 4","-9.0","17:12:35","SKYWAVE_PHASE_4_5","eea6c624-41fe-4e90-ad49-b4b72925e511"
"49b575c1-4de2-431c-abf9-55c666d2ed27","7db9fa46-b920-4ab2-a920-bf518dc784e1","1ffdfd0c-70cf-4803-a2e6-ddee39a8c748","6bfb174a-8001-4add-abf0-6d381e435574","Intent: Reservation Modifications and Cancellations","-2.0","17:42:10","SKYWAVE_PHASE_4_5","511256f9-d594-44fd-a4e6-f7043e47eab9"
"49b575c1-4de2-431c-abf9-55c666d2ed27","7db9fa46-b920-4ab2-a920-bf518dc784e1","6f4cb788-6a4e-49fa-af8b-8ad6a3b0de02","977bd81d-f2eb-40c7-a021-c4702b7cdf22","Quality score 5","-2.0","17:42:10","SKYWAVE_PHASE_4_5","60c5e2a6-1b49-48ef-a7f6-a2049b5642f0"
"a8f521ac-c84e-4a3d-a4e8-3d4f0002c10e","7db9fa46-b920-4ab2-a920-bf518dc784e1","1ffdfd0c-70cf-4803-a2e6-ddee39a8c748","6bfb174a-8001-4add-abf0-6d381e435574","Intent: Reservation Modifications and Cancellations","-2.0","17:44:49","SKYWAVE_PHASE_4_5","93d85dcb-85ab-4c2f-a786-bd8d96d796f3"
"a8f521ac-c84e-4a3d-a4e8-3d4f0002c10e","7db9fa46-b920-4ab2-a920-bf518dc784e1","6f4cb788-6a4e-49fa-af8b-8ad6a3b0de02","977bd81d-f2eb-40c7-a021-c4702b7cdf22","Quality score 5","-2.0","17:44:49","SKYWAVE_PHASE_4_5","c74fa875-82ea-455c-a6b8-b7952c3d8403"
"1b8591af-9c1d-483e-aadf-a4cc5ae28f6e","a708ae64-57d0-4f12-a47f-d49502d1bad9","1ffdfd0c-70cf-4803-a2e6-ddee39a8c748","981cada7-964f-4af6-a2c5-41f9a73aa021","Intent: Mileage Balance Inquiries","-13.0","17:18:41","SKYWAVE_PHASE_4_5","66487b7e-0096-43aa-ab24-790f77b84dd4"
"1b8591af-9c1d-483e-aadf-a4cc5ae28f6e","a708ae64-57d0-4f12-a47f-d49502d1bad9","6f4cb788-6a4e-49fa-af8b-8ad6a3b0de02","977bd81d-f2eb-40c7-a021-c4702b7cdf22","Quality score 5","-13.0","17:18:41","SKYWAVE_PHASE_4_5","000938d0-1c2b-4f4b-a43c-d018d219dd35"
"0abc278d-9c07-4d86-a449-a5140164e3a6","a708ae64-57d0-4f12-a47f-d49502d1bad9","1ffdfd0c-70cf-4803-a2e6-ddee39a8c748","2176793d-4536-4299-a815-665cd12e3689","Intent: Seat Assignment Corrections","-13.0","17:22:53","SKYWAVE_PHASE_4_5","24164c99-4363-43bc-a912-6d13c8a5b56a"
"0abc278d-9c07-4d86-a449-a5140164e3a6","a708ae64-57d0-4f12-a47f-d49502d1bad9","6f4cb788-6a4e-49fa-af8b-8ad6a3b0de02","bfa3f155-5222-4840-a6d3-fddc7e72ef30","Quality score 2","-13.0","17:22:53","SKYWAVE_PHASE_4_5","83a63788-7b7e-4b67-a28e-4b78b5524416"
"ebe733d3-b279-49f8-a70d-7b0857fc50a5","be83fe76-bb53-4b29-acf9-358c75aecf3d","1ffdfd0c-70cf-4803-a2e6-ddee39a8c748","2883b794-f6d9-4a0e-aba0-5b86d2c4611e","Intent: Miles Redemption Requests","-2.0","08:50:38","SKYWAVE_PHASE_4_5","ebff30f9-0bc7-4a9e-a15a-956c7057cc74"
"ebe733d3-b279-49f8-a70d-7b0857fc50a5","be83fe76-bb53-4b29-acf9-358c75aecf3d","6f4cb788-6a4e-49fa-af8b-8ad6a3b0de02","40c6f573-42d6-4b9d-a349-a5de3d11ffbe","Quality score 4","-2.0","08:50:38","SKYWAVE_PHASE_4_5","0f6a5e65-08a1-447c-abd5-69d865da6dd9"
"8686276b-b330-467d-a19f-d8d2c81d0383","be83fe76-bb53-4b29-acf9-358c75aecf3d","1ffdfd0c-70cf-4803-a2e6-ddee39a8c748","0cc5b3be-ec6a-4ca7-a940-5bbf1f92a89a","Intent: Name Spelling Updates","-2.0","08:53:08","SKYWAVE_PHASE_4_5","9e112737-30e8-401b-a59e-6e3eceb3b0bc"
"8686276b-b330-467d-a19f-d8d2c81d0383","be83fe76-bb53-4b29-acf9-358c75aecf3d","6f4cb788-6a4e-49fa-af8b-8ad6a3b0de02","977bd81d-f2eb-40c7-a021-c4702b7cdf22","Quality score 5","-2.0","08:53:08","SKYWAVE_PHASE_4_5","31d40547-03cf-448c-aa37-0f958a39bee4"
"bdbce5e1-3c13-44cf-a69e-5c7d2116d2fb","4cb64231-83f0-4c9d-a558-df043f70845f","1ffdfd0c-70cf-4803-a2e6-ddee39a8c748","33d24820-e5ef-443f-a050-6eb5489180c6","Intent: Tier Status and Benefits","-3.0","13:12:38","SKYWAVE_PHASE_4_5","3f5f08f9-1e35-4d3e-afbf-82ddeabacd2a"
"bdbce5e1-3c13-44cf-a69e-5c7d2116d2fb","4cb64231-83f0-4c9d-a558-df043f70845f","6f4cb788-6a4e-49fa-af8b-8ad6a3b0de02","977bd81d-f2eb-40c7-a021-c4702b7cdf22","Quality score 5","-3.0","13:12:38","SKYWAVE_PHASE_4_5","c94c6a42-c976-41c6-affc-e04a2d835af7"
"f907beed-49c1-40d1-afb3-0e65835e1de5","4cb64231-83f0-4c9d-a558-df043f70845f","1ffdfd0c-70cf-4803-a2e6-ddee39a8c748","560e4777-8dfc-4ecd-aa43-643d9c351ac5","Intent: Seat Upgrade Requests","-3.0","13:20:08","SKYWAVE_PHASE_4_5","280360dd-4a49-48f9-a631-fe13990287cb"
"f907beed-49c1-40d1-afb3-0e65835e1de5","4cb64231-83f0-4c9d-a558-df043f70845f","6f4cb788-6a4e-49fa-af8b-8ad6a3b0de02","bfa3f155-5222-4840-a6d3-fddc7e72ef30","Quality score 2","-3.0","13:20:08","SKYWAVE_PHASE_4_5","ac80ee4c-47c1-4a65-ac31-80e9c84a3178"
"48c4d148-670f-40aa-a8d7-7472516f889c","a441d0c5-8529-4582-ac42-e055f32a4c9e","1ffdfd0c-70cf-4803-a2e6-ddee39a8c748","560e4777-8dfc-4ecd-aa43-643d9c351ac5","Intent: Seat Upgrade Requests","-7.0","15:38:47","SKYWAVE_PHASE_4_5","be4af5ca-31ca-4b78-afa8-aa1b8327bb8f"
"48c4d148-670f-40aa-a8d7-7472516f889c","a441d0c5-8529-4582-ac42-e055f32a4c9e","6f4cb788-6a4e-49fa-af8b-8ad6a3b0de02","a07613f1-f4c8-413f-a7ac-d8af0a446e4e","Quality score 1","-7.0","15:38:47","SKYWAVE_PHASE_4_5","43cf8093-a49c-4335-acda-51cf5142618d"
"86f778e6-5a3e-44c2-a18a-61e50d8bd87e","a441d0c5-8529-4582-ac42-e055f32a4c9e","1ffdfd0c-70cf-4803-a2e6-ddee39a8c748","560e4777-8dfc-4ecd-aa43-643d9c351ac5","Intent: Seat Upgrade Requests","-7.0","15:40:26","SKYWAVE_PHASE_4_5","014ef60b-418a-4492-a0de-85164442063d"
"86f778e6-5a3e-44c2-a18a-61e50d8bd87e","a441d0c5-8529-4582-ac42-e055f32a4c9e","6f4cb788-6a4e-49fa-af8b-8ad6a3b0de02","bfa3f155-5222-4840-a6d3-fddc7e72ef30","Quality score 2","-7.0","15:40:26","SKYWAVE_PHASE_4_5","c3489ebb-8107-40ef-a04e-70ec61ea6c78"
"71d4675a-feb9-4061-ad3b-7d23cb28090f","505a5c30-650b-4574-aa8e-a525b858ac20","1ffdfd0c-70cf-4803-a2e6-ddee39a8c748","8b8f0ad6-2180-4df9-ad17-393b2d1daf41","Intent: Lost Baggage Claims","-9.0","19:32:30","SKYWAVE_PHASE_4_5","e7f375f3-3b90-42aa-aae9-faf86453254f"
"71d4675a-feb9-4061-ad3b-7d23cb28090f","505a5c30-650b-4574-aa8e-a525b858ac20","6f4cb788-6a4e-49fa-af8b-8ad6a3b0de02","40c6f573-42d6-4b9d-a349-a5de3d11ffbe","Quality score 4","-9.0","19:32:30","SKYWAVE_PHASE_4_5","d5346b6b-12ce-4723-a4de-e83c1b09e0da"
"e9e7c7d9-b48c-46cb-a570-499eef58e4f8","fc862e68-e5e6-46ac-a242-e0cc7cd519d0","1ffdfd0c-70cf-4803-a2e6-ddee39a8c748","560e4777-8dfc-4ecd-aa43-643d9c351ac5","Intent: Seat Upgrade Requests","-12.0","08:45:26","SKYWAVE_PHASE_4_5","be8e784f-8a88-40fa-ab1f-2369a6889687"
"e9e7c7d9-b48c-46cb-a570-499eef58e4f8","fc862e68-e5e6-46ac-a242-e0cc7cd519d0","6f4cb788-6a4e-49fa-af8b-8ad6a3b0de02","a07613f1-f4c8-413f-a7ac-d8af0a446e4e","Quality score 1","-12.0","08:45:26","SKYWAVE_PHASE_4_5","86395265-bc12-469e-a074-4adce3911746"
"9e80db76-be46-4439-a9ba-caba38e41860","37f82e71-1e9d-4f52-ae60-ca323c492a11","1ffdfd0c-70cf-4803-a2e6-ddee39a8c748","6bfb174a-8001-4add-abf0-6d381e435574","Intent: Reservation Modifications and Cancellations","-12.0","13:30:52","SKYWAVE_PHASE_4_5","d76f70e3-69d0-4db1-a0e9-3f6848c1056a"
"9e80db76-be46-4439-a9ba-caba38e41860","37f82e71-1e9d-4f52-ae60-ca323c492a11","6f4cb788-6a4e-49fa-af8b-8ad6a3b0de02","977bd81d-f2eb-40c7-a021-c4702b7cdf22","Quality score 5","-12.0","13:30:52","SKYWAVE_PHASE_4_5","3967a70b-969d-4e99-ab59-6bf484169818"
"4689ae4f-feb2-4ca7-a1d6-9e0d8cc6ce98","1ba91e36-b6e0-4b8e-a148-8cbc3caf3cb6","1ffdfd0c-70cf-4803-a2e6-ddee39a8c748","ac0c4c75-904b-4cbd-a97e-fce7a397945a","Intent: Booking Confirmation Queries","-9.0","11:56:46","SKYWAVE_PHASE_4_5","0590fd47-cdef-460e-ac99-eb68f803acc6"
"4689ae4f-feb2-4ca7-a1d6-9e0d8cc6ce98","1ba91e36-b6e0-4b8e-a148-8cbc3caf3cb6","6f4cb788-6a4e-49fa-af8b-8ad6a3b0de02","977bd81d-f2eb-40c7-a021-c4702b7cdf22","Quality score 5","-9.0","11:56:46","SKYWAVE_PHASE_4_5","66d11b3b-6171-4ca5-a42e-617f333d5efe"
"dd62faa2-c2e7-4308-ae7e-73bfa7b0f2de","0ad3ab4d-6a9c-443c-a911-4a564155e427","1ffdfd0c-70cf-4803-a2e6-ddee39a8c748","33d24820-e5ef-443f-a050-6eb5489180c6","Intent: Tier Status and Benefits","-8.0","14:05:14","SKYWAVE_PHASE_4_5","58e97fc0-0c1f-48fb-aec6-dafd63bf39a7"
"dd62faa2-c2e7-4308-ae7e-73bfa7b0f2de","0ad3ab4d-6a9c-443c-a911-4a564155e427","6f4cb788-6a4e-49fa-af8b-8ad6a3b0de02","40c6f573-42d6-4b9d-a349-a5de3d11ffbe","Quality score 4","-8.0","14:05:14","SKYWAVE_PHASE_4_5","b2f49fba-b0a5-4737-ae26-bc4adb4f6778"
"16e08942-88e4-4c48-adc1-a8ec29490eee","2ee8d6f8-e697-4ba4-a9eb-6867b7aca355","1ffdfd0c-70cf-4803-a2e6-ddee39a8c748","560e4777-8dfc-4ecd-aa43-643d9c351ac5","Intent: Seat Upgrade Requests","-9.0","08:37:28","SKYWAVE_PHASE_4_5","167b5398-9ff7-4425-a3f9-46a0cb10448d"
"16e08942-88e4-4c48-adc1-a8ec29490eee","2ee8d6f8-e697-4ba4-a9eb-6867b7aca355","6f4cb788-6a4e-49fa-af8b-8ad6a3b0de02","a07613f1-f4c8-413f-a7ac-d8af0a446e4e","Quality score 1","-9.0","08:37:28","SKYWAVE_PHASE_4_5","6af7e4b1-d4b9-433b-a6a4-a3c18a137140"
"6c62d6fa-263c-4f86-acca-f42b0c11741e","52ef76cf-9b64-4e83-ac3c-34973609e041","1ffdfd0c-70cf-4803-a2e6-ddee39a8c748","8b8f0ad6-2180-4df9-ad17-393b2d1daf41","Intent: Lost Baggage Claims","-7.0","11:53:56","SKYWAVE_PHASE_4_5","5364d907-fafa-430a-a87f-ec36038c1ea6"
"6c62d6fa-263c-4f86-acca-f42b0c11741e","52ef76cf-9b64-4e83-ac3c-34973609e041","6f4cb788-6a4e-49fa-af8b-8ad6a3b0de02","40c6f573-42d6-4b9d-a349-a5de3d11ffbe","Quality score 4","-7.0","11:53:56","SKYWAVE_PHASE_4_5","c4a11988-0271-4275-a235-9642d47e1f1e"
"e0e70688-c7af-41db-a955-9579691b4f83","52ef76cf-9b64-4e83-ac3c-34973609e041","1ffdfd0c-70cf-4803-a2e6-ddee39a8c748","560e4777-8dfc-4ecd-aa43-643d9c351ac5","Intent: Seat Upgrade Requests","-7.0","11:58:32","SKYWAVE_PHASE_4_5","8838b7aa-9ef2-4226-a0ac-5b3cf6e1eb36"
"e0e70688-c7af-41db-a955-9579691b4f83","52ef76cf-9b64-4e83-ac3c-34973609e041","6f4cb788-6a4e-49fa-af8b-8ad6a3b0de02","bfa3f155-5222-4840-a6d3-fddc7e72ef30","Quality score 2","-7.0","11:58:32","SKYWAVE_PHASE_4_5","74561529-c6c0-4572-a5df-782fb0d6c29c"
"388acb84-5760-4a1c-a155-d4b60473c4ce","80d46ac0-aaa6-48eb-aec6-6c387069ea41","1ffdfd0c-70cf-4803-a2e6-ddee39a8c748","981cada7-964f-4af6-a2c5-41f9a73aa021","Intent: Mileage Balance Inquiries","-11.0","18:11:24","SKYWAVE_PHASE_4_5","6f2a8708-ee78-422f-ac17-6dc9f20c61b2"
"388acb84-5760-4a1c-a155-d4b60473c4ce","80d46ac0-aaa6-48eb-aec6-6c387069ea41","6f4cb788-6a4e-49fa-af8b-8ad6a3b0de02","977bd81d-f2eb-40c7-a021-c4702b7cdf22","Quality score 5","-11.0","18:11:24","SKYWAVE_PHASE_4_5","79547201-b3da-4c2a-aa7a-315534296098"
"e48f3c54-8f5b-4f22-a1a9-1256f1a14407","80d46ac0-aaa6-48eb-aec6-6c387069ea41","1ffdfd0c-70cf-4803-a2e6-ddee39a8c748","ac0c4c75-904b-4cbd-a97e-fce7a397945a","Intent: Booking Confirmation Queries","-11.0","18:13:06","SKYWAVE_PHASE_4_5","70db33e9-d44d-4f21-a088-0819755008a7"
"e48f3c54-8f5b-4f22-a1a9-1256f1a14407","80d46ac0-aaa6-48eb-aec6-6c387069ea41","6f4cb788-6a4e-49fa-af8b-8ad6a3b0de02","40c6f573-42d6-4b9d-a349-a5de3d11ffbe","Quality score 4","-11.0","18:13:06","SKYWAVE_PHASE_4_5","9d15177d-29a3-4c25-a8ea-f39abaa27922"
"1e93f33e-9d3d-4953-aec8-a390aeb5ddd5","80d46ac0-aaa6-48eb-aec6-6c387069ea41","1ffdfd0c-70cf-4803-a2e6-ddee39a8c748","6bfb174a-8001-4add-abf0-6d381e435574","Intent: Reservation Modifications and Cancellations","-11.0","18:14:15","SKYWAVE_PHASE_4_5","774f6396-e089-4310-a543-21b64364a8c6"
"1e93f33e-9d3d-4953-aec8-a390aeb5ddd5","80d46ac0-aaa6-48eb-aec6-6c387069ea41","6f4cb788-6a4e-49fa-af8b-8ad6a3b0de02","977bd81d-f2eb-40c7-a021-c4702b7cdf22","Quality score 5","-11.0","18:14:15","SKYWAVE_PHASE_4_5","1b751343-cd68-4c0c-a731-29b025429428"
"763e8b6c-c391-4dd1-aeaa-9604a5260cd6","5c0c02d3-d69a-419b-affe-d36f75d70d66","1ffdfd0c-70cf-4803-a2e6-ddee39a8c748","2176793d-4536-4299-a815-665cd12e3689","Intent: Seat Assignment Corrections","-9.0","18:05:19","SKYWAVE_PHASE_4_5","91e23f74-0fda-4d76-aae0-c5243eff3eac"
"763e8b6c-c391-4dd1-aeaa-9604a5260cd6","5c0c02d3-d69a-419b-affe-d36f75d70d66","6f4cb788-6a4e-49fa-af8b-8ad6a3b0de02","bfa3f155-5222-4840-a6d3-fddc7e72ef30","Quality score 2","-9.0","18:05:19","SKYWAVE_PHASE_4_5","08412b01-434d-4269-a520-469568e7cd42"
"190104e5-1fc6-429c-a27d-7ca5a4bc53ea","2514ee2d-0b96-4485-a7ac-f724f4422ca4","1ffdfd0c-70cf-4803-a2e6-ddee39a8c748","560e4777-8dfc-4ecd-aa43-643d9c351ac5","Intent: Seat Upgrade Requests","-9.0","16:15:30","SKYWAVE_PHASE_4_5","5813ccaf-29c4-4b6e-ad95-46b0fa067fd7"
"190104e5-1fc6-429c-a27d-7ca5a4bc53ea","2514ee2d-0b96-4485-a7ac-f724f4422ca4","6f4cb788-6a4e-49fa-af8b-8ad6a3b0de02","a07613f1-f4c8-413f-a7ac-d8af0a446e4e","Quality score 1","-9.0","16:15:30","SKYWAVE_PHASE_4_5","3f0540f6-de88-4d88-a46a-a1cf585c1dab"
"96f1fb4b-2427-446e-a03b-eba1448b2d35","01503140-8e83-48df-a426-259e5e830964","1ffdfd0c-70cf-4803-a2e6-ddee39a8c748","33d24820-e5ef-443f-a050-6eb5489180c6","Intent: Tier Status and Benefits","-13.0","14:28:07","SKYWAVE_PHASE_4_5","85d4005c-b5a9-45b0-a7e2-5fced1137190"
"96f1fb4b-2427-446e-a03b-eba1448b2d35","01503140-8e83-48df-a426-259e5e830964","6f4cb788-6a4e-49fa-af8b-8ad6a3b0de02","977bd81d-f2eb-40c7-a021-c4702b7cdf22","Quality score 5","-13.0","14:28:07","SKYWAVE_PHASE_4_5","a3210764-4e13-462f-a986-a4672a906a3e"
"0da54897-b09c-48bf-a37b-562504ac76b8","d719f19b-ffa7-46b0-a389-b18a9f84d158","1ffdfd0c-70cf-4803-a2e6-ddee39a8c748","560e4777-8dfc-4ecd-aa43-643d9c351ac5","Intent: Seat Upgrade Requests","-10.0","19:45:32","SKYWAVE_PHASE_4_5","5273a5c1-3707-4647-a336-7678455d5fd6"
"0da54897-b09c-48bf-a37b-562504ac76b8","d719f19b-ffa7-46b0-a389-b18a9f84d158","6f4cb788-6a4e-49fa-af8b-8ad6a3b0de02","bfa3f155-5222-4840-a6d3-fddc7e72ef30","Quality score 2","-10.0","19:45:32","SKYWAVE_PHASE_4_5","ea1134ef-79d1-486d-abe3-a57dc4305a80"
"bb24a877-6f97-4fae-ad50-d5f5d4588445","9f476107-5f7f-44be-aa97-30fc96a32b69","1ffdfd0c-70cf-4803-a2e6-ddee39a8c748","b7100962-8e79-41cb-a1d9-3b96207d2954","Intent: In-Flight Service Complaints","-14.0","17:06:03","SKYWAVE_PHASE_4_5","1e921ee8-930f-4e31-acaa-7041bb4579ce"
"bb24a877-6f97-4fae-ad50-d5f5d4588445","9f476107-5f7f-44be-aa97-30fc96a32b69","6f4cb788-6a4e-49fa-af8b-8ad6a3b0de02","af9276e0-232c-453b-ab8e-a994f431cbff","Quality score 3","-14.0","17:06:03","SKYWAVE_PHASE_4_5","f22e563d-8690-47d3-abc8-d6f7235d107e"
"1afa741c-bfd2-4436-a3bf-14d411b5a21d","b6000969-6700-4b57-a58c-afe56cc954c4","1ffdfd0c-70cf-4803-a2e6-ddee39a8c748","ac0c4c75-904b-4cbd-a97e-fce7a397945a","Intent: Booking Confirmation Queries","-7.0","18:04:14","SKYWAVE_PHASE_4_5","6cd8101a-ce2b-4baf-a458-6affd0303813"
"1afa741c-bfd2-4436-a3bf-14d411b5a21d","b6000969-6700-4b57-a58c-afe56cc954c4","6f4cb788-6a4e-49fa-af8b-8ad6a3b0de02","40c6f573-42d6-4b9d-a349-a5de3d11ffbe","Quality score 4","-7.0","18:04:14","SKYWAVE_PHASE_4_5","1db3b2e9-c902-43cf-a805-968de8f6024e"
"3169ed48-3412-4c67-aec0-8a6b9ed80079","a0725cc8-9d74-4aab-a2f2-3fe1fa877d2d","1ffdfd0c-70cf-4803-a2e6-ddee39a8c748","560e4777-8dfc-4ecd-aa43-643d9c351ac5","Intent: Seat Upgrade Requests","-3.0","13:07:34","SKYWAVE_PHASE_4_5","c22cfe54-082d-40ee-a89a-9517586aed15"
"3169ed48-3412-4c67-aec0-8a6b9ed80079","a0725cc8-9d74-4aab-a2f2-3fe1fa877d2d","6f4cb788-6a4e-49fa-af8b-8ad6a3b0de02","a07613f1-f4c8-413f-a7ac-d8af0a446e4e","Quality score 1","-3.0","13:07:34","SKYWAVE_PHASE_4_5","c6a748bc-b722-4d8d-af2b-8f7c39552553"
"e8242a6f-137d-458b-a4a9-cbe500b9b7a7","57dd2938-ac52-4915-aa25-f652dd68696d","1ffdfd0c-70cf-4803-a2e6-ddee39a8c748","bed60ad3-4558-43b9-a5ea-06d58fe3bdcc","Intent: Seat Change Requests","-1.0","17:48:23","SKYWAVE_PHASE_4_5","26da82e7-b44b-4493-abf4-df6877d1ed02"
"e8242a6f-137d-458b-a4a9-cbe500b9b7a7","57dd2938-ac52-4915-aa25-f652dd68696d","6f4cb788-6a4e-49fa-af8b-8ad6a3b0de02","a07613f1-f4c8-413f-a7ac-d8af0a446e4e","Quality score 1","-1.0","17:48:23","SKYWAVE_PHASE_4_5","9911937a-5062-4ea7-aac0-004e979ca9a2"
"3be140a9-e448-4a43-ab19-d7e7e2aa4e8c","57dd2938-ac52-4915-aa25-f652dd68696d","1ffdfd0c-70cf-4803-a2e6-ddee39a8c748","bf97a1fb-438c-420f-a37b-d4e6cf4aea0e","Intent: Refund Requests for Service Issues","-1.0","17:50:36","SKYWAVE_PHASE_4_5","7536ba6f-8660-48ed-a62c-e39e485fb95f"
"3be140a9-e448-4a43-ab19-d7e7e2aa4e8c","57dd2938-ac52-4915-aa25-f652dd68696d","6f4cb788-6a4e-49fa-af8b-8ad6a3b0de02","40c6f573-42d6-4b9d-a349-a5de3d11ffbe","Quality score 4","-1.0","17:50:36","SKYWAVE_PHASE_4_5","c69fde67-082a-4d25-a262-f2b65e51e224"
"592ab7c5-c907-4b62-a373-89ebec4b716a","c6b8065c-b509-4f73-a264-d935fc77d6b1","1ffdfd0c-70cf-4803-a2e6-ddee39a8c748","8b8f0ad6-2180-4df9-ad17-393b2d1daf41","Intent: Lost Baggage Claims","-11.0","17:14:56","SKYWAVE_PHASE_4_5","4fe434af-fa74-4edf-a179-5e7ef21ca1c2"
"592ab7c5-c907-4b62-a373-89ebec4b716a","c6b8065c-b509-4f73-a264-d935fc77d6b1","6f4cb788-6a4e-49fa-af8b-8ad6a3b0de02","40c6f573-42d6-4b9d-a349-a5de3d11ffbe","Quality score 4","-11.0","17:14:56","SKYWAVE_PHASE_4_5","5a09a8e2-c927-4e06-aec9-9c91e4bd373b"
"9b243cf9-66b9-4a5f-ad12-c9ef1329945d","c6b8065c-b509-4f73-a264-d935fc77d6b1","1ffdfd0c-70cf-4803-a2e6-ddee39a8c748","2176793d-4536-4299-a815-665cd12e3689","Intent: Seat Assignment Corrections","-11.0","17:21:52","SKYWAVE_PHASE_4_5","259bb0c1-4f5d-45ce-a2f6-7ce30519fac1"
"9b243cf9-66b9-4a5f-ad12-c9ef1329945d","c6b8065c-b509-4f73-a264-d935fc77d6b1","6f4cb788-6a4e-49fa-af8b-8ad6a3b0de02","bfa3f155-5222-4840-a6d3-fddc7e72ef30","Quality score 2","-11.0","17:21:52","SKYWAVE_PHASE_4_5","c5166a4b-027f-47de-ac03-065a6d22225a"
"0baabc89-866d-418c-aa48-52173f7684bb","82beadfa-8d25-49a4-ae19-2856b2fa2e3e","1ffdfd0c-70cf-4803-a2e6-ddee39a8c748","8b8f0ad6-2180-4df9-ad17-393b2d1daf41","Intent: Lost Baggage Claims","-2.0","11:11:43","SKYWAVE_PHASE_4_5","bc896876-60a0-4d89-a9e1-9b6d0f846f45"
"0baabc89-866d-418c-aa48-52173f7684bb","82beadfa-8d25-49a4-ae19-2856b2fa2e3e","6f4cb788-6a4e-49fa-af8b-8ad6a3b0de02","af9276e0-232c-453b-ab8e-a994f431cbff","Quality score 3","-2.0","11:11:43","SKYWAVE_PHASE_4_5","4beb6093-061c-409d-aa37-5deb4901a90c"
"908c0d20-66e7-4707-a33f-56984bea0a95","9229b75f-9032-4119-a974-e0c97b7a44bf","1ffdfd0c-70cf-4803-a2e6-ddee39a8c748","2d33fe06-0fb9-4956-a183-1d3bb672ddb7","Intent: Flight Search and Booking","-10.0","15:41:49","SKYWAVE_PHASE_4_5","42878b26-09df-4ab1-aa00-26275c077640"
"908c0d20-66e7-4707-a33f-56984bea0a95","9229b75f-9032-4119-a974-e0c97b7a44bf","6f4cb788-6a4e-49fa-af8b-8ad6a3b0de02","40c6f573-42d6-4b9d-a349-a5de3d11ffbe","Quality score 4","-10.0","15:41:49","SKYWAVE_PHASE_4_5","5cbc56d9-5159-4c25-a85c-5dcfbe005c07"
"f4fb973a-c8bb-432b-a054-95cb7774531d","48935efc-659c-4d01-a4de-da0d2f7832c0","1ffdfd0c-70cf-4803-a2e6-ddee39a8c748","8b8f0ad6-2180-4df9-ad17-393b2d1daf41","Intent: Lost Baggage Claims","-11.0","16:19:39","SKYWAVE_PHASE_4_5","5f9fb9cd-f771-4543-a4fd-838e843dc638"
"f4fb973a-c8bb-432b-a054-95cb7774531d","48935efc-659c-4d01-a4de-da0d2f7832c0","6f4cb788-6a4e-49fa-af8b-8ad6a3b0de02","af9276e0-232c-453b-ab8e-a994f431cbff","Quality score 3","-11.0","16:19:39","SKYWAVE_PHASE_4_5","7351dddc-2539-4b24-ae0c-02818fd543ce"
"992206ca-573d-4d49-a4f1-0dacb863750b","48935efc-659c-4d01-a4de-da0d2f7832c0","1ffdfd0c-70cf-4803-a2e6-ddee39a8c748","981cada7-964f-4af6-a2c5-41f9a73aa021","Intent: Mileage Balance Inquiries","-11.0","16:21:47","SKYWAVE_PHASE_4_5","49f8335c-3897-4e9d-aa33-df78e59592de"
"992206ca-573d-4d49-a4f1-0dacb863750b","48935efc-659c-4d01-a4de-da0d2f7832c0","6f4cb788-6a4e-49fa-af8b-8ad6a3b0de02","40c6f573-42d6-4b9d-a349-a5de3d11ffbe","Quality score 4","-11.0","16:21:47","SKYWAVE_PHASE_4_5","db03a688-894b-4e1f-adc9-dcd1a1e858df"
"8615de3b-7638-4adf-a470-d3d440af6214","9e973c68-244d-418a-a220-222009a7b764","1ffdfd0c-70cf-4803-a2e6-ddee39a8c748","acf92f95-57da-46f9-aff0-c1b33d6cc9d4","Intent: Passenger Name Corrections","-5.0","11:53:59","SKYWAVE_PHASE_4_5","4c9af730-af97-47f6-a809-a797f830a5f9"
"8615de3b-7638-4adf-a470-d3d440af6214","9e973c68-244d-418a-a220-222009a7b764","6f4cb788-6a4e-49fa-af8b-8ad6a3b0de02","40c6f573-42d6-4b9d-a349-a5de3d11ffbe","Quality score 4","-5.0","11:53:59","SKYWAVE_PHASE_4_5","5031ac66-8334-4209-a955-be0d100df24b"
"1cb6739b-4354-4bcf-a565-b354a8f3ae8f","9e973c68-244d-418a-a220-222009a7b764","1ffdfd0c-70cf-4803-a2e6-ddee39a8c748","2176793d-4536-4299-a815-665cd12e3689","Intent: Seat Assignment Corrections","-5.0","11:54:57","SKYWAVE_PHASE_4_5","aae0c7d5-3d70-4439-ab1c-71f2e47d2d6c"
"1cb6739b-4354-4bcf-a565-b354a8f3ae8f","9e973c68-244d-418a-a220-222009a7b764","6f4cb788-6a4e-49fa-af8b-8ad6a3b0de02","a07613f1-f4c8-413f-a7ac-d8af0a446e4e","Quality score 1","-5.0","11:54:57","SKYWAVE_PHASE_4_5","e33d3159-7315-4fbd-af23-96d49c3cdfbe"
"275d7367-49a8-4eeb-a114-a24f3d1c961b","4139d101-f681-4663-ab9b-b8c974f233f5","1ffdfd0c-70cf-4803-a2e6-ddee39a8c748","981cada7-964f-4af6-a2c5-41f9a73aa021","Intent: Mileage Balance Inquiries","-3.0","14:10:47","SKYWAVE_PHASE_4_5","01360c7a-abdb-4e76-a309-4020c0cfdad7"
"275d7367-49a8-4eeb-a114-a24f3d1c961b","4139d101-f681-4663-ab9b-b8c974f233f5","6f4cb788-6a4e-49fa-af8b-8ad6a3b0de02","977bd81d-f2eb-40c7-a021-c4702b7cdf22","Quality score 5","-3.0","14:10:47","SKYWAVE_PHASE_4_5","57bc2ed8-80b8-4ef8-a787-43cbd6e3de3a"
"dceefd1d-33cd-404d-a0dd-527b7726f151","3d756d81-3981-43a2-a023-c18563be47f5","1ffdfd0c-70cf-4803-a2e6-ddee39a8c748","ac0c4c75-904b-4cbd-a97e-fce7a397945a","Intent: Booking Confirmation Queries","-7.0","10:52:20","SKYWAVE_PHASE_4_5","6ffe43bc-c98f-4a47-a1c9-012de6fed4a6"
"dceefd1d-33cd-404d-a0dd-527b7726f151","3d756d81-3981-43a2-a023-c18563be47f5","6f4cb788-6a4e-49fa-af8b-8ad6a3b0de02","40c6f573-42d6-4b9d-a349-a5de3d11ffbe","Quality score 4","-7.0","10:52:20","SKYWAVE_PHASE_4_5","d70c45aa-641f-4036-aac1-1d766ec48d71"
"10e7ae50-bd18-4c7e-ac81-0035504cf3a7","3d756d81-3981-43a2-a023-c18563be47f5","1ffdfd0c-70cf-4803-a2e6-ddee39a8c748","ac0c4c75-904b-4cbd-a97e-fce7a397945a","Intent: Booking Confirmation Queries","-7.0","10:57:41","SKYWAVE_PHASE_4_5","cf61e76b-ace5-4cac-a31d-4f4a1b3985f3"
"10e7ae50-bd18-4c7e-ac81-0035504cf3a7","3d756d81-3981-43a2-a023-c18563be47f5","6f4cb788-6a4e-49fa-af8b-8ad6a3b0de02","977bd81d-f2eb-40c7-a021-c4702b7cdf22","Quality score 5","-7.0","10:57:41","SKYWAVE_PHASE_4_5","437e17ee-17bd-491e-ae99-2c5617030f53"
"ff96d2c5-cc53-44a1-a7de-cbc1cb757f1c","0f4ba379-485d-41ec-a244-2a85c40e138b","1ffdfd0c-70cf-4803-a2e6-ddee39a8c748","2176793d-4536-4299-a815-665cd12e3689","Intent: Seat Assignment Corrections","-14.0","15:52:05","SKYWAVE_PHASE_4_5","2aa1cb10-d0a9-4dba-ad3d-bab0ecb179f1"
"ff96d2c5-cc53-44a1-a7de-cbc1cb757f1c","0f4ba379-485d-41ec-a244-2a85c40e138b","6f4cb788-6a4e-49fa-af8b-8ad6a3b0de02","bfa3f155-5222-4840-a6d3-fddc7e72ef30","Quality score 2","-14.0","15:52:05","SKYWAVE_PHASE_4_5","ddbefe62-e133-4bf0-ac96-c84c91fa5e1e"
"d6b01d21-c7a8-4a63-af9c-65be5976d39c","0f4ba379-485d-41ec-a244-2a85c40e138b","1ffdfd0c-70cf-4803-a2e6-ddee39a8c748","0cc5b3be-ec6a-4ca7-a940-5bbf1f92a89a","Intent: Name Spelling Updates","-14.0","15:55:53","SKYWAVE_PHASE_4_5","50f687a8-8410-4609-af76-fd89de2b54c0"
"d6b01d21-c7a8-4a63-af9c-65be5976d39c","0f4ba379-485d-41ec-a244-2a85c40e138b","6f4cb788-6a4e-49fa-af8b-8ad6a3b0de02","977bd81d-f2eb-40c7-a021-c4702b7cdf22","Quality score 5","-14.0","15:55:53","SKYWAVE_PHASE_4_5","05f0d803-a805-42f3-a04c-3bb8181aa9e9"
"960c5b3c-d46c-4ffc-a091-7bc66e74fffd","0f4ba379-485d-41ec-a244-2a85c40e138b","1ffdfd0c-70cf-4803-a2e6-ddee39a8c748","560e4777-8dfc-4ecd-aa43-643d9c351ac5","Intent: Seat Upgrade Requests","-14.0","15:58:46","SKYWAVE_PHASE_4_5","4611e01d-9c50-47d2-a794-515ff3c5ec07"
"960c5b3c-d46c-4ffc-a091-7bc66e74fffd","0f4ba379-485d-41ec-a244-2a85c40e138b","6f4cb788-6a4e-49fa-af8b-8ad6a3b0de02","bfa3f155-5222-4840-a6d3-fddc7e72ef30","Quality score 2","-14.0","15:58:46","SKYWAVE_PHASE_4_5","855b627a-e72b-4610-a533-a0cb116eb45f"
"f527d298-72d3-4a41-acbf-1f75fdedf6ca","61925ae4-e235-467d-a1f1-245823235934","1ffdfd0c-70cf-4803-a2e6-ddee39a8c748","bf97a1fb-438c-420f-a37b-d4e6cf4aea0e","Intent: Refund Requests for Service Issues","-11.0","13:21:49","SKYWAVE_PHASE_4_5","6b43c46b-d523-4055-ad4f-d84e595647c9"
"f527d298-72d3-4a41-acbf-1f75fdedf6ca","61925ae4-e235-467d-a1f1-245823235934","6f4cb788-6a4e-49fa-af8b-8ad6a3b0de02","af9276e0-232c-453b-ab8e-a994f431cbff","Quality score 3","-11.0","13:21:49","SKYWAVE_PHASE_4_5","45058cf4-6581-4e05-a184-b3563d4adb46"
"f32f2060-e4ac-4406-a0b8-895af0ae1b9c","716ce78e-e6f2-48b2-a094-e0ac66f181e2","1ffdfd0c-70cf-4803-a2e6-ddee39a8c748","981cada7-964f-4af6-a2c5-41f9a73aa021","Intent: Mileage Balance Inquiries","-14.0","17:34:31","SKYWAVE_PHASE_4_5","5fa738d5-97f6-45c0-a56c-597bd74d26eb"
"f32f2060-e4ac-4406-a0b8-895af0ae1b9c","716ce78e-e6f2-48b2-a094-e0ac66f181e2","6f4cb788-6a4e-49fa-af8b-8ad6a3b0de02","40c6f573-42d6-4b9d-a349-a5de3d11ffbe","Quality score 4","-14.0","17:34:31","SKYWAVE_PHASE_4_5","166b9a98-8540-4d18-a395-6ff4edcdad23"
"f58d2fcd-5f71-42fd-a0fd-ae03d01e56b5","5982fefe-3012-44c7-ab27-abf5f579bfdd","1ffdfd0c-70cf-4803-a2e6-ddee39a8c748","2176793d-4536-4299-a815-665cd12e3689","Intent: Seat Assignment Corrections","-12.0","08:00:38","SKYWAVE_PHASE_4_5","d327a64d-27c1-4dce-a7ea-27a61aaac94d"
"f58d2fcd-5f71-42fd-a0fd-ae03d01e56b5","5982fefe-3012-44c7-ab27-abf5f579bfdd","6f4cb788-6a4e-49fa-af8b-8ad6a3b0de02","a07613f1-f4c8-413f-a7ac-d8af0a446e4e","Quality score 1","-12.0","08:00:38","SKYWAVE_PHASE_4_5","2d4c0aa5-1c90-48a0-a14f-bf1c5fbb7ca3"
"df43fdde-fdea-454e-abbf-81d20a992f53","5982fefe-3012-44c7-ab27-abf5f579bfdd","1ffdfd0c-70cf-4803-a2e6-ddee39a8c748","0cc5b3be-ec6a-4ca7-a940-5bbf1f92a89a","Intent: Name Spelling Updates","-12.0","08:04:59","SKYWAVE_PHASE_4_5","5ead8152-3d68-43a0-afbc-fc8ec61f706b"
"df43fdde-fdea-454e-abbf-81d20a992f53","5982fefe-3012-44c7-ab27-abf5f579bfdd","6f4cb788-6a4e-49fa-af8b-8ad6a3b0de02","977bd81d-f2eb-40c7-a021-c4702b7cdf22","Quality score 5","-12.0","08:04:59","SKYWAVE_PHASE_4_5","f60b8292-80da-470a-a0ff-215e6c24ad1c"
"a5eeb3f0-ff94-40eb-aedd-96df4d12e491","a1217da6-f271-47b9-a3c0-7f5f4e7a48a1","1ffdfd0c-70cf-4803-a2e6-ddee39a8c748","6bfb174a-8001-4add-abf0-6d381e435574","Intent: Reservation Modifications and Cancellations","-10.0","19:45:23","SKYWAVE_PHASE_4_5","a4496ab2-1ac8-482e-a665-cb8dd0c29318"
"a5eeb3f0-ff94-40eb-aedd-96df4d12e491","a1217da6-f271-47b9-a3c0-7f5f4e7a48a1","6f4cb788-6a4e-49fa-af8b-8ad6a3b0de02","977bd81d-f2eb-40c7-a021-c4702b7cdf22","Quality score 5","-10.0","19:45:23","SKYWAVE_PHASE_4_5","0825e575-0b7e-48ec-ac6f-f108fea5041b"
"5cf1e62e-c27d-47f3-aaf5-3fea5cda39f4","a1217da6-f271-47b9-a3c0-7f5f4e7a48a1","1ffdfd0c-70cf-4803-a2e6-ddee39a8c748","2176793d-4536-4299-a815-665cd12e3689","Intent: Seat Assignment Corrections","-10.0","19:48:32","SKYWAVE_PHASE_4_5","99c8e899-e639-4fcc-a822-febd986f2155"
"5cf1e62e-c27d-47f3-aaf5-3fea5cda39f4","a1217da6-f271-47b9-a3c0-7f5f4e7a48a1","6f4cb788-6a4e-49fa-af8b-8ad6a3b0de02","a07613f1-f4c8-413f-a7ac-d8af0a446e4e","Quality score 1","-10.0","19:48:32","SKYWAVE_PHASE_4_5","4b0b1d2a-c765-467d-aabf-31756a04ecd4"
"7be259ab-c624-437f-adad-a7411066e46f","a1217da6-f271-47b9-a3c0-7f5f4e7a48a1","1ffdfd0c-70cf-4803-a2e6-ddee39a8c748","0cc5b3be-ec6a-4ca7-a940-5bbf1f92a89a","Intent: Name Spelling Updates","-10.0","19:50:13","SKYWAVE_PHASE_4_5","fe9ddd72-0333-4ffa-a818-6c76b4c98ada"
"7be259ab-c624-437f-adad-a7411066e46f","a1217da6-f271-47b9-a3c0-7f5f4e7a48a1","6f4cb788-6a4e-49fa-af8b-8ad6a3b0de02","40c6f573-42d6-4b9d-a349-a5de3d11ffbe","Quality score 4","-10.0","19:50:13","SKYWAVE_PHASE_4_5","eadbdaca-b56e-485a-a0ab-a49c1d976957"
"7d1314ec-2d7e-498f-a104-9bb250566c69","25db2cb1-03c4-49f2-a8b0-235af0a7cb1b","1ffdfd0c-70cf-4803-a2e6-ddee39a8c748","560e4777-8dfc-4ecd-aa43-643d9c351ac5","Intent: Seat Upgrade Requests","-9.0","16:43:48","SKYWAVE_PHASE_4_5","f3d50581-ba4f-44da-ab2b-d1cad00488c5"
"7d1314ec-2d7e-498f-a104-9bb250566c69","25db2cb1-03c4-49f2-a8b0-235af0a7cb1b","6f4cb788-6a4e-49fa-af8b-8ad6a3b0de02","a07613f1-f4c8-413f-a7ac-d8af0a446e4e","Quality score 1","-9.0","16:43:48","SKYWAVE_PHASE_4_5","65e133bd-a4e1-490b-a832-e8df14eb7ee2"
"2c4cebbc-510f-49c7-ac39-3772cde1839e","d5564a04-06c1-4412-aaa2-690f1cb6e28f","1ffdfd0c-70cf-4803-a2e6-ddee39a8c748","2176793d-4536-4299-a815-665cd12e3689","Intent: Seat Assignment Corrections","-4.0","13:53:50","SKYWAVE_PHASE_4_5","c7369d17-edae-4529-a846-3db816e7b2b8"
"2c4cebbc-510f-49c7-ac39-3772cde1839e","d5564a04-06c1-4412-aaa2-690f1cb6e28f","6f4cb788-6a4e-49fa-af8b-8ad6a3b0de02","a07613f1-f4c8-413f-a7ac-d8af0a446e4e","Quality score 1","-4.0","13:53:50","SKYWAVE_PHASE_4_5","06d8aa71-6c42-4401-aaca-c296afce5e88"
"cf0d7719-d725-4460-acdb-73784e8b1bc2","d5564a04-06c1-4412-aaa2-690f1cb6e28f","1ffdfd0c-70cf-4803-a2e6-ddee39a8c748","2883b794-f6d9-4a0e-aba0-5b86d2c4611e","Intent: Miles Redemption Requests","-4.0","13:57:34","SKYWAVE_PHASE_4_5","2b925290-3c09-4b61-a4a3-3e500c9531bb"
"cf0d7719-d725-4460-acdb-73784e8b1bc2","d5564a04-06c1-4412-aaa2-690f1cb6e28f","6f4cb788-6a4e-49fa-af8b-8ad6a3b0de02","40c6f573-42d6-4b9d-a349-a5de3d11ffbe","Quality score 4","-4.0","13:57:34","SKYWAVE_PHASE_4_5","4a9daa2e-71c6-45fe-ac8f-df0c7acfe80d"
"c85207d3-286a-47de-a657-02616540895c","d5564a04-06c1-4412-aaa2-690f1cb6e28f","1ffdfd0c-70cf-4803-a2e6-ddee39a8c748","bed60ad3-4558-43b9-a5ea-06d58fe3bdcc","Intent: Seat Change Requests","-4.0","14:03:39","SKYWAVE_PHASE_4_5","4156e4e2-5675-4835-a655-357ce3494a1a"
"c85207d3-286a-47de-a657-02616540895c","d5564a04-06c1-4412-aaa2-690f1cb6e28f","6f4cb788-6a4e-49fa-af8b-8ad6a3b0de02","a07613f1-f4c8-413f-a7ac-d8af0a446e4e","Quality score 1","-4.0","14:03:39","SKYWAVE_PHASE_4_5","408046de-0f40-4817-ae7e-4f04c7f3f197"
"dc09bd36-ea1d-4c4a-adfc-4f118ef519ff","1e5653c8-3249-4fe9-a8aa-2e5eaf75d977","1ffdfd0c-70cf-4803-a2e6-ddee39a8c748","2176793d-4536-4299-a815-665cd12e3689","Intent: Seat Assignment Corrections","-3.0","10:07:07","SKYWAVE_PHASE_4_5","abf1f262-63db-4d9a-aa32-b3cbd07f1fa3"
"dc09bd36-ea1d-4c4a-adfc-4f118ef519ff","1e5653c8-3249-4fe9-a8aa-2e5eaf75d977","6f4cb788-6a4e-49fa-af8b-8ad6a3b0de02","a07613f1-f4c8-413f-a7ac-d8af0a446e4e","Quality score 1","-3.0","10:07:07","SKYWAVE_PHASE_4_5","204f017d-5fc6-44b3-a393-6e4ae74a49b1"
"d89b7a5d-5dc6-4474-abfc-6e290217a03b","bd071d00-80fa-4132-a942-a8d6f6d14d7b","1ffdfd0c-70cf-4803-a2e6-ddee39a8c748","bed60ad3-4558-43b9-a5ea-06d58fe3bdcc","Intent: Seat Change Requests","-9.0","19:38:27","SKYWAVE_PHASE_4_5","f7385232-bec0-46a7-ab73-272dd9107a21"
"d89b7a5d-5dc6-4474-abfc-6e290217a03b","bd071d00-80fa-4132-a942-a8d6f6d14d7b","6f4cb788-6a4e-49fa-af8b-8ad6a3b0de02","a07613f1-f4c8-413f-a7ac-d8af0a446e4e","Quality score 1","-9.0","19:38:27","SKYWAVE_PHASE_4_5","c2f29e68-f05e-4644-a524-8deedf350c37"
"fe4deebe-9fae-4f03-ae9a-4a767725f9f4","bd071d00-80fa-4132-a942-a8d6f6d14d7b","1ffdfd0c-70cf-4803-a2e6-ddee39a8c748","b7100962-8e79-41cb-a1d9-3b96207d2954","Intent: In-Flight Service Complaints","-9.0","19:40:41","SKYWAVE_PHASE_4_5","2d7b4141-05fe-4429-a12f-45bb57855826"
"fe4deebe-9fae-4f03-ae9a-4a767725f9f4","bd071d00-80fa-4132-a942-a8d6f6d14d7b","6f4cb788-6a4e-49fa-af8b-8ad6a3b0de02","af9276e0-232c-453b-ab8e-a994f431cbff","Quality score 3","-9.0","19:40:41","SKYWAVE_PHASE_4_5","b95c113d-369a-4e58-a0cf-994372df9edb"
"60958435-7e0a-4621-a9ec-1f04a9ff75ff","6db6fcdb-2d85-48c2-af99-5300a726640b","1ffdfd0c-70cf-4803-a2e6-ddee39a8c748","560e4777-8dfc-4ecd-aa43-643d9c351ac5","Intent: Seat Upgrade Requests","-14.0","17:08:41","SKYWAVE_PHASE_4_5","4c3bafaa-cf1f-418b-a886-a1feba788ac1"
"60958435-7e0a-4621-a9ec-1f04a9ff75ff","6db6fcdb-2d85-48c2-af99-5300a726640b","6f4cb788-6a4e-49fa-af8b-8ad6a3b0de02","a07613f1-f4c8-413f-a7ac-d8af0a446e4e","Quality score 1","-14.0","17:08:41","SKYWAVE_PHASE_4_5","112d0337-d48d-4f27-aee5-bd4b1a2ebfb6"
"8e3c84a5-e515-475c-a36f-47cf5930986c","775d4815-43fc-4c41-a26c-0d32fdcbe7f1","1ffdfd0c-70cf-4803-a2e6-ddee39a8c748","ac0c4c75-904b-4cbd-a97e-fce7a397945a","Intent: Booking Confirmation Queries","-7.0","18:05:58","SKYWAVE_PHASE_4_5","b04c2e98-1e5b-45d8-a9ab-c5daa68af90a"
"8e3c84a5-e515-475c-a36f-47cf5930986c","775d4815-43fc-4c41-a26c-0d32fdcbe7f1","6f4cb788-6a4e-49fa-af8b-8ad6a3b0de02","40c6f573-42d6-4b9d-a349-a5de3d11ffbe","Quality score 4","-7.0","18:05:58","SKYWAVE_PHASE_4_5","a45c5029-bf1c-442d-a8f6-2c60b291a851"
"9d4b4aed-75bb-4d1d-a430-48e20a64fe51","5158afc0-6650-454a-acad-b3f4341b8063","1ffdfd0c-70cf-4803-a2e6-ddee39a8c748","ac0c4c75-904b-4cbd-a97e-fce7a397945a","Intent: Booking Confirmation Queries","-1.0","09:54:35","SKYWAVE_PHASE_4_5","a52015bf-d06d-49b0-a58d-fab4b06daad7"
"9d4b4aed-75bb-4d1d-a430-48e20a64fe51","5158afc0-6650-454a-acad-b3f4341b8063","6f4cb788-6a4e-49fa-af8b-8ad6a3b0de02","977bd81d-f2eb-40c7-a021-c4702b7cdf22","Quality score 5","-1.0","09:54:35","SKYWAVE_PHASE_4_5","9f6c3fdd-242e-481c-a902-846365f39f4a"
"6a7f36bf-4d8c-4d00-aa23-9ced6a2199f8","5158afc0-6650-454a-acad-b3f4341b8063","1ffdfd0c-70cf-4803-a2e6-ddee39a8c748","6bfb174a-8001-4add-abf0-6d381e435574","Intent: Reservation Modifications and Cancellations","-1.0","09:56:53","SKYWAVE_PHASE_4_5","7c1ad9a8-16d1-48a1-a53f-11ac4b0a16c8"
"6a7f36bf-4d8c-4d00-aa23-9ced6a2199f8","5158afc0-6650-454a-acad-b3f4341b8063","6f4cb788-6a4e-49fa-af8b-8ad6a3b0de02","977bd81d-f2eb-40c7-a021-c4702b7cdf22","Quality score 5","-1.0","09:56:53","SKYWAVE_PHASE_4_5","ab98bca0-9395-4fea-a310-71af34e8dc00"
"c312d34a-4e79-4617-a259-9680c377038e","c96feb31-2570-4628-aa4a-1dd29d498db9","1ffdfd0c-70cf-4803-a2e6-ddee39a8c748","2d33fe06-0fb9-4956-a183-1d3bb672ddb7","Intent: Flight Search and Booking","-13.0","15:32:06","SKYWAVE_PHASE_4_5","817a183d-df3e-4dc6-a831-84156a862d97"
"c312d34a-4e79-4617-a259-9680c377038e","c96feb31-2570-4628-aa4a-1dd29d498db9","6f4cb788-6a4e-49fa-af8b-8ad6a3b0de02","40c6f573-42d6-4b9d-a349-a5de3d11ffbe","Quality score 4","-13.0","15:32:06","SKYWAVE_PHASE_4_5","7fef1e77-7986-486a-ac2e-dbb162b178a4"
"0e99ac67-abff-417f-a9e3-43d6b64065a0","c96feb31-2570-4628-aa4a-1dd29d498db9","1ffdfd0c-70cf-4803-a2e6-ddee39a8c748","981cada7-964f-4af6-a2c5-41f9a73aa021","Intent: Mileage Balance Inquiries","-13.0","15:37:58","SKYWAVE_PHASE_4_5","ccbb42a6-883e-49cf-ad97-911437a316aa"
"0e99ac67-abff-417f-a9e3-43d6b64065a0","c96feb31-2570-4628-aa4a-1dd29d498db9","6f4cb788-6a4e-49fa-af8b-8ad6a3b0de02","40c6f573-42d6-4b9d-a349-a5de3d11ffbe","Quality score 4","-13.0","15:37:58","SKYWAVE_PHASE_4_5","57e4def2-e4ec-444c-a7bd-df4c07b94e0c"
"07e375ad-a951-435f-adaf-e1f9300b24f8","c96feb31-2570-4628-aa4a-1dd29d498db9","1ffdfd0c-70cf-4803-a2e6-ddee39a8c748","2883b794-f6d9-4a0e-aba0-5b86d2c4611e","Intent: Miles Redemption Requests","-13.0","15:39:00","SKYWAVE_PHASE_4_5","277e25c3-5ff5-43ed-a5cf-7bc6dde24c1f"
"07e375ad-a951-435f-adaf-e1f9300b24f8","c96feb31-2570-4628-aa4a-1dd29d498db9","6f4cb788-6a4e-49fa-af8b-8ad6a3b0de02","977bd81d-f2eb-40c7-a021-c4702b7cdf22","Quality score 5","-13.0","15:39:00","SKYWAVE_PHASE_4_5","cd4971bd-1b5a-4005-a5eb-a5e9dcdc0e17"
"66e6d0a6-1373-473d-a27e-9795a7aac438","7c62034e-1410-46ae-aaf3-fba85f8e1233","1ffdfd0c-70cf-4803-a2e6-ddee39a8c748","560e4777-8dfc-4ecd-aa43-643d9c351ac5","Intent: Seat Upgrade Requests","-4.0","20:03:48","SKYWAVE_PHASE_4_5","1d81a8ae-d700-4ed7-a494-dad51c64e8b0"
"66e6d0a6-1373-473d-a27e-9795a7aac438","7c62034e-1410-46ae-aaf3-fba85f8e1233","6f4cb788-6a4e-49fa-af8b-8ad6a3b0de02","a07613f1-f4c8-413f-a7ac-d8af0a446e4e","Quality score 1","-4.0","20:03:48","SKYWAVE_PHASE_4_5","6d6c350c-ae29-402d-a2d8-926db590bdf8"
"daec4e62-6b98-4b5b-a782-a197fa6923e4","1e3dfbe9-502b-419c-acbd-63a55cd45590","1ffdfd0c-70cf-4803-a2e6-ddee39a8c748","bed60ad3-4558-43b9-a5ea-06d58fe3bdcc","Intent: Seat Change Requests","-14.0","17:22:11","SKYWAVE_PHASE_4_5","26ed3e46-5458-4ce7-a3e5-f28ff3e79c78"
"daec4e62-6b98-4b5b-a782-a197fa6923e4","1e3dfbe9-502b-419c-acbd-63a55cd45590","6f4cb788-6a4e-49fa-af8b-8ad6a3b0de02","bfa3f155-5222-4840-a6d3-fddc7e72ef30","Quality score 2","-14.0","17:22:11","SKYWAVE_PHASE_4_5","b738d265-6c70-444e-a784-684f0fc9ea49"
"97c7e48d-19af-4973-a211-20d5804d3f96","9d6937b6-dfc0-4312-aaec-ec96123cf4e4","1ffdfd0c-70cf-4803-a2e6-ddee39a8c748","2176793d-4536-4299-a815-665cd12e3689","Intent: Seat Assignment Corrections","-11.0","18:59:48","SKYWAVE_PHASE_4_5","128d23b2-d78d-4d01-a2ec-8fab121f58b6"
"97c7e48d-19af-4973-a211-20d5804d3f96","9d6937b6-dfc0-4312-aaec-ec96123cf4e4","6f4cb788-6a4e-49fa-af8b-8ad6a3b0de02","bfa3f155-5222-4840-a6d3-fddc7e72ef30","Quality score 2","-11.0","18:59:48","SKYWAVE_PHASE_4_5","a51d3c1e-56df-4115-afdd-490e598d20e8"
"f7bfd31a-4b8b-4e27-a340-d985ae60b60e","1d637b5b-4467-40b5-ae0d-b82e564b4f0b","1ffdfd0c-70cf-4803-a2e6-ddee39a8c748","ac0c4c75-904b-4cbd-a97e-fce7a397945a","Intent: Booking Confirmation Queries","-7.0","14:35:58","SKYWAVE_PHASE_4_5","636fa7ff-8d71-49bd-a040-8088d62db97f"
"f7bfd31a-4b8b-4e27-a340-d985ae60b60e","1d637b5b-4467-40b5-ae0d-b82e564b4f0b","6f4cb788-6a4e-49fa-af8b-8ad6a3b0de02","977bd81d-f2eb-40c7-a021-c4702b7cdf22","Quality score 5","-7.0","14:35:58","SKYWAVE_PHASE_4_5","2d5f4847-0416-405c-ac94-a3ecf072606d"
"9e7cf661-4ac9-45d8-aaf6-eeef731b11cf","21b5c4e6-5ae7-4694-a1e0-b3df3c096a74","1ffdfd0c-70cf-4803-a2e6-ddee39a8c748","2176793d-4536-4299-a815-665cd12e3689","Intent: Seat Assignment Corrections","-6.0","14:55:57","SKYWAVE_PHASE_4_5","d1c8d98c-c5a8-49cb-a17d-d2c3626eed45"
"9e7cf661-4ac9-45d8-aaf6-eeef731b11cf","21b5c4e6-5ae7-4694-a1e0-b3df3c096a74","6f4cb788-6a4e-49fa-af8b-8ad6a3b0de02","a07613f1-f4c8-413f-a7ac-d8af0a446e4e","Quality score 1","-6.0","14:55:57","SKYWAVE_PHASE_4_5","7bcb72bf-829c-4e68-a0ba-777d2dca9742"
"313765f8-a24b-49c8-a451-e2fc4a5b6669","105fb06a-30bf-4cdb-a65d-2a55ca24febe","1ffdfd0c-70cf-4803-a2e6-ddee39a8c748","8b8f0ad6-2180-4df9-ad17-393b2d1daf41","Intent: Lost Baggage Claims","-13.0","08:01:16","SKYWAVE_PHASE_4_5","a7a10bf1-bf6c-4c83-a859-af985678e069"
"313765f8-a24b-49c8-a451-e2fc4a5b6669","105fb06a-30bf-4cdb-a65d-2a55ca24febe","6f4cb788-6a4e-49fa-af8b-8ad6a3b0de02","af9276e0-232c-453b-ab8e-a994f431cbff","Quality score 3","-13.0","08:01:16","SKYWAVE_PHASE_4_5","21a1623e-79fb-464e-a052-159a50116d39"
"e60bbea6-0588-44a4-a5d7-21e7e8ec72fe","105fb06a-30bf-4cdb-a65d-2a55ca24febe","1ffdfd0c-70cf-4803-a2e6-ddee39a8c748","acf92f95-57da-46f9-aff0-c1b33d6cc9d4","Intent: Passenger Name Corrections","-13.0","08:06:50","SKYWAVE_PHASE_4_5","0972800d-222e-4b0e-a4fa-813f6137edfb"
"e60bbea6-0588-44a4-a5d7-21e7e8ec72fe","105fb06a-30bf-4cdb-a65d-2a55ca24febe","6f4cb788-6a4e-49fa-af8b-8ad6a3b0de02","977bd81d-f2eb-40c7-a021-c4702b7cdf22","Quality score 5","-13.0","08:06:50","SKYWAVE_PHASE_4_5","20290b8e-189c-424c-a706-f5b8ae12b1a3"
"bab4c9ff-ecac-465f-ab88-43e2d7ed8474","4c09238e-bee2-48cf-ab17-35d83babc5f8","1ffdfd0c-70cf-4803-a2e6-ddee39a8c748","acf92f95-57da-46f9-aff0-c1b33d6cc9d4","Intent: Passenger Name Corrections","-14.0","13:45:25","SKYWAVE_PHASE_4_5","6c4d2b2b-7d14-47f8-a149-b78457203eac"
"bab4c9ff-ecac-465f-ab88-43e2d7ed8474","4c09238e-bee2-48cf-ab17-35d83babc5f8","6f4cb788-6a4e-49fa-af8b-8ad6a3b0de02","977bd81d-f2eb-40c7-a021-c4702b7cdf22","Quality score 5","-14.0","13:45:25","SKYWAVE_PHASE_4_5","25de7ebf-3547-4ddb-a45f-b4725ca10cf9"
"90eea9f9-f907-4356-ade4-2f6c3f3b7070","4c09238e-bee2-48cf-ab17-35d83babc5f8","1ffdfd0c-70cf-4803-a2e6-ddee39a8c748","84c29cfb-8468-49f6-aeed-f126d271a498","Intent: Off-Topic General Queries","-14.0","13:48:38","SKYWAVE_PHASE_4_5","d0d9e19b-a0ae-4ce3-a857-00330341f6cc"
"90eea9f9-f907-4356-ade4-2f6c3f3b7070","4c09238e-bee2-48cf-ab17-35d83babc5f8","6f4cb788-6a4e-49fa-af8b-8ad6a3b0de02","bfa3f155-5222-4840-a6d3-fddc7e72ef30","Quality score 2","-14.0","13:48:38","SKYWAVE_PHASE_4_5","b45bfbbf-8371-4d7d-aff4-6937db2d23cf"
"1fd42057-805f-475b-ac3b-2934a7a7b7a0","457015f6-5fa5-476c-ab3e-ff6d746a12c2","1ffdfd0c-70cf-4803-a2e6-ddee39a8c748","84c29cfb-8468-49f6-aeed-f126d271a498","Intent: Off-Topic General Queries","-1.0","17:56:13","SKYWAVE_PHASE_4_5","f8f4e7cf-7b9b-4cbb-ae8d-83397303a374"
"1fd42057-805f-475b-ac3b-2934a7a7b7a0","457015f6-5fa5-476c-ab3e-ff6d746a12c2","6f4cb788-6a4e-49fa-af8b-8ad6a3b0de02","af9276e0-232c-453b-ab8e-a994f431cbff","Quality score 3","-1.0","17:56:13","SKYWAVE_PHASE_4_5","f54ff249-06bd-4c6c-a0f7-c09247ce73d5"
"8d0c290d-1481-49ca-aec8-7f73982cfbda","503893d1-1e83-47f2-a700-6186cbea5474","1ffdfd0c-70cf-4803-a2e6-ddee39a8c748","560e4777-8dfc-4ecd-aa43-643d9c351ac5","Intent: Seat Upgrade Requests","-8.0","08:52:34","SKYWAVE_PHASE_4_5","d96d7a8d-4ff3-4614-a654-53160cd099e8"
"8d0c290d-1481-49ca-aec8-7f73982cfbda","503893d1-1e83-47f2-a700-6186cbea5474","6f4cb788-6a4e-49fa-af8b-8ad6a3b0de02","a07613f1-f4c8-413f-a7ac-d8af0a446e4e","Quality score 1","-8.0","08:52:34","SKYWAVE_PHASE_4_5","a97158d4-efa9-400f-a6b7-a022e6945ce7"
"04bb84d0-1d33-4109-aacd-76a8cf11b1f2","503893d1-1e83-47f2-a700-6186cbea5474","1ffdfd0c-70cf-4803-a2e6-ddee39a8c748","84c29cfb-8468-49f6-aeed-f126d271a498","Intent: Off-Topic General Queries","-8.0","08:56:44","SKYWAVE_PHASE_4_5","e97096f7-87c5-4806-a7ca-75d6f075d37d"
"04bb84d0-1d33-4109-aacd-76a8cf11b1f2","503893d1-1e83-47f2-a700-6186cbea5474","6f4cb788-6a4e-49fa-af8b-8ad6a3b0de02","af9276e0-232c-453b-ab8e-a994f431cbff","Quality score 3","-8.0","08:56:44","SKYWAVE_PHASE_4_5","fe17bd7c-4549-4ffc-abab-bd91e3e61cf7"
"b8f664dc-5d8d-4f37-a61a-ab2ca3e9fa86","0171ae1c-6144-42b5-a507-7420b8e0b6d6","1ffdfd0c-70cf-4803-a2e6-ddee39a8c748","acf92f95-57da-46f9-aff0-c1b33d6cc9d4","Intent: Passenger Name Corrections","-4.0","12:04:21","SKYWAVE_PHASE_4_5","3d85a1a4-1b03-4b82-a689-69516d006956"
"b8f664dc-5d8d-4f37-a61a-ab2ca3e9fa86","0171ae1c-6144-42b5-a507-7420b8e0b6d6","6f4cb788-6a4e-49fa-af8b-8ad6a3b0de02","40c6f573-42d6-4b9d-a349-a5de3d11ffbe","Quality score 4","-4.0","12:04:21","SKYWAVE_PHASE_4_5","7dcb2d85-af0a-4fe6-a444-7477b3c97db9"
"315f6cec-307a-4846-a24c-adfeed2de6d9","0171ae1c-6144-42b5-a507-7420b8e0b6d6","1ffdfd0c-70cf-4803-a2e6-ddee39a8c748","6bfb174a-8001-4add-abf0-6d381e435574","Intent: Reservation Modifications and Cancellations","-4.0","12:06:00","SKYWAVE_PHASE_4_5","84419403-f4cd-4fd4-a51d-77b12ff4d881"
"315f6cec-307a-4846-a24c-adfeed2de6d9","0171ae1c-6144-42b5-a507-7420b8e0b6d6","6f4cb788-6a4e-49fa-af8b-8ad6a3b0de02","977bd81d-f2eb-40c7-a021-c4702b7cdf22","Quality score 5","-4.0","12:06:00","SKYWAVE_PHASE_4_5","32653703-a3b5-475a-a13c-9bbea0b97f8a"
"f0661c13-8359-498d-a65d-129d6917b2a5","0171ae1c-6144-42b5-a507-7420b8e0b6d6","1ffdfd0c-70cf-4803-a2e6-ddee39a8c748","981cada7-964f-4af6-a2c5-41f9a73aa021","Intent: Mileage Balance Inquiries","-4.0","12:09:42","SKYWAVE_PHASE_4_5","a131cf5b-a306-48ae-a9d2-43ce656ec3c8"
"f0661c13-8359-498d-a65d-129d6917b2a5","0171ae1c-6144-42b5-a507-7420b8e0b6d6","6f4cb788-6a4e-49fa-af8b-8ad6a3b0de02","977bd81d-f2eb-40c7-a021-c4702b7cdf22","Quality score 5","-4.0","12:09:42","SKYWAVE_PHASE_4_5","736e9a5a-f0e0-41a4-ab5d-02be6d1e8cb5"
"86e17551-3dcd-4188-af1f-8b01250f93ac","a5e48c8f-6fc6-4046-ac39-6cdb3f3c65c0","1ffdfd0c-70cf-4803-a2e6-ddee39a8c748","2883b794-f6d9-4a0e-aba0-5b86d2c4611e","Intent: Miles Redemption Requests","-5.0","15:30:44","SKYWAVE_PHASE_4_5","69f4c0b7-3d2e-466b-a51a-36bbf03772dc"
"86e17551-3dcd-4188-af1f-8b01250f93ac","a5e48c8f-6fc6-4046-ac39-6cdb3f3c65c0","6f4cb788-6a4e-49fa-af8b-8ad6a3b0de02","977bd81d-f2eb-40c7-a021-c4702b7cdf22","Quality score 5","-5.0","15:30:44","SKYWAVE_PHASE_4_5","c31a87ed-85a6-4806-ae21-a6401e0a2127"
"10d953e2-8e4a-4ddf-a41d-64324fd3af09","5827f042-fa4a-423f-a862-8133a4c4eb38","1ffdfd0c-70cf-4803-a2e6-ddee39a8c748","33d24820-e5ef-443f-a050-6eb5489180c6","Intent: Tier Status and Benefits","-13.0","18:26:09","SKYWAVE_PHASE_4_5","588538f8-a20b-47bb-a050-0f383b767b68"
"10d953e2-8e4a-4ddf-a41d-64324fd3af09","5827f042-fa4a-423f-a862-8133a4c4eb38","6f4cb788-6a4e-49fa-af8b-8ad6a3b0de02","977bd81d-f2eb-40c7-a021-c4702b7cdf22","Quality score 5","-13.0","18:26:09","SKYWAVE_PHASE_4_5","5cd2f20e-61b6-4ebb-a54a-9f12b52f23ea"
"8e383de6-7013-453d-a7aa-72bfcf3dbeed","5827f042-fa4a-423f-a862-8133a4c4eb38","1ffdfd0c-70cf-4803-a2e6-ddee39a8c748","2883b794-f6d9-4a0e-aba0-5b86d2c4611e","Intent: Miles Redemption Requests","-13.0","18:30:10","SKYWAVE_PHASE_4_5","a5137aed-94d4-428a-acbd-738260a77be8"
"8e383de6-7013-453d-a7aa-72bfcf3dbeed","5827f042-fa4a-423f-a862-8133a4c4eb38","6f4cb788-6a4e-49fa-af8b-8ad6a3b0de02","40c6f573-42d6-4b9d-a349-a5de3d11ffbe","Quality score 4","-13.0","18:30:10","SKYWAVE_PHASE_4_5","12f9ea28-abc3-435f-a669-2aa1041f7ece"
"a1466e85-3440-4738-a27b-fa8a51a6c911","17a039b4-c01c-442c-ac9d-18efd3f1718e","1ffdfd0c-70cf-4803-a2e6-ddee39a8c748","2d33fe06-0fb9-4956-a183-1d3bb672ddb7","Intent: Flight Search and Booking","-5.0","10:46:21","SKYWAVE_PHASE_4_5","030eb5d1-9944-4c9f-adfb-c030dfc9fcca"
"a1466e85-3440-4738-a27b-fa8a51a6c911","17a039b4-c01c-442c-ac9d-18efd3f1718e","6f4cb788-6a4e-49fa-af8b-8ad6a3b0de02","977bd81d-f2eb-40c7-a021-c4702b7cdf22","Quality score 5","-5.0","10:46:21","SKYWAVE_PHASE_4_5","171d7c68-2edf-4a17-a764-2b861e956c2e"
"01e2f8a9-8983-47a7-ac57-624687e64f57","ff0fade3-ea2c-4981-a486-9d4697b69363","1ffdfd0c-70cf-4803-a2e6-ddee39a8c748","2d33fe06-0fb9-4956-a183-1d3bb672ddb7","Intent: Flight Search and Booking","-7.0","17:09:19","SKYWAVE_PHASE_4_5","5aae62e6-febc-40b9-a343-5f4e2c3eb49b"
"01e2f8a9-8983-47a7-ac57-624687e64f57","ff0fade3-ea2c-4981-a486-9d4697b69363","6f4cb788-6a4e-49fa-af8b-8ad6a3b0de02","40c6f573-42d6-4b9d-a349-a5de3d11ffbe","Quality score 4","-7.0","17:09:19","SKYWAVE_PHASE_4_5","253c69fa-d8fe-4822-a450-1c13aba0b7c9"
"c2f049f9-cdd9-4850-ae2c-e49c42f59496","972059f0-6cb5-4850-ab8f-0ea8ced27a2e","1ffdfd0c-70cf-4803-a2e6-ddee39a8c748","acf92f95-57da-46f9-aff0-c1b33d6cc9d4","Intent: Passenger Name Corrections","-6.0","08:35:41","SKYWAVE_PHASE_4_5","50ac33e4-9b01-4076-a906-6eda244b4cd3"
"c2f049f9-cdd9-4850-ae2c-e49c42f59496","972059f0-6cb5-4850-ab8f-0ea8ced27a2e","6f4cb788-6a4e-49fa-af8b-8ad6a3b0de02","40c6f573-42d6-4b9d-a349-a5de3d11ffbe","Quality score 4","-6.0","08:35:41","SKYWAVE_PHASE_4_5","3a6fa30a-629b-4bf9-a995-018e4fb2a8a1"
"b491cd2f-c2c1-4de1-a943-75c7aebe876d","e603a673-6c3d-47bc-ae02-f3e9ea89f522","1ffdfd0c-70cf-4803-a2e6-ddee39a8c748","acf92f95-57da-46f9-aff0-c1b33d6cc9d4","Intent: Passenger Name Corrections","-14.0","12:05:02","SKYWAVE_PHASE_4_5","3bffe20c-7766-4075-a912-e1e08a243872"
"b491cd2f-c2c1-4de1-a943-75c7aebe876d","e603a673-6c3d-47bc-ae02-f3e9ea89f522","6f4cb788-6a4e-49fa-af8b-8ad6a3b0de02","977bd81d-f2eb-40c7-a021-c4702b7cdf22","Quality score 5","-14.0","12:05:02","SKYWAVE_PHASE_4_5","73653638-9e20-40a3-a41d-48a0b2a16401"
"28d9edcc-4e05-4b27-aade-76d0f0b0c61a","a60c2ba6-cae4-4be0-a1c6-a1807b9d3dd4","1ffdfd0c-70cf-4803-a2e6-ddee39a8c748","b7100962-8e79-41cb-a1d9-3b96207d2954","Intent: In-Flight Service Complaints","-3.0","15:41:50","SKYWAVE_PHASE_4_5","5b2fe647-8e04-41cf-abda-8079fe019a99"
"28d9edcc-4e05-4b27-aade-76d0f0b0c61a","a60c2ba6-cae4-4be0-a1c6-a1807b9d3dd4","6f4cb788-6a4e-49fa-af8b-8ad6a3b0de02","40c6f573-42d6-4b9d-a349-a5de3d11ffbe","Quality score 4","-3.0","15:41:50","SKYWAVE_PHASE_4_5","02cb8961-99a2-4b84-a273-26578e4107d2"
"cedc797b-587d-40bc-a1bb-14cd98f66546","cec292a8-82c9-49cb-a8e5-f789ee7f1fda","1ffdfd0c-70cf-4803-a2e6-ddee39a8c748","33d24820-e5ef-443f-a050-6eb5489180c6","Intent: Tier Status and Benefits","-6.0","16:26:46","SKYWAVE_PHASE_4_5","b33831ea-c443-4bef-a802-8d61262ab90a"
"cedc797b-587d-40bc-a1bb-14cd98f66546","cec292a8-82c9-49cb-a8e5-f789ee7f1fda","6f4cb788-6a4e-49fa-af8b-8ad6a3b0de02","977bd81d-f2eb-40c7-a021-c4702b7cdf22","Quality score 5","-6.0","16:26:46","SKYWAVE_PHASE_4_5","32ed742d-c835-40fb-abcc-c6eff19b4f3d"
"7625edaa-8845-4983-a902-d625652563fe","cec292a8-82c9-49cb-a8e5-f789ee7f1fda","1ffdfd0c-70cf-4803-a2e6-ddee39a8c748","560e4777-8dfc-4ecd-aa43-643d9c351ac5","Intent: Seat Upgrade Requests","-6.0","16:30:33","SKYWAVE_PHASE_4_5","697c086d-f4d2-4cd2-a567-a287ae2edeaf"
"7625edaa-8845-4983-a902-d625652563fe","cec292a8-82c9-49cb-a8e5-f789ee7f1fda","6f4cb788-6a4e-49fa-af8b-8ad6a3b0de02","a07613f1-f4c8-413f-a7ac-d8af0a446e4e","Quality score 1","-6.0","16:30:33","SKYWAVE_PHASE_4_5","edf60dca-c45f-4667-ae02-15ea67908cd8"
"ba2a4980-056e-4700-a84d-b785767b02dc","21bfe05e-20db-464b-a514-534e8df15a7c","1ffdfd0c-70cf-4803-a2e6-ddee39a8c748","2176793d-4536-4299-a815-665cd12e3689","Intent: Seat Assignment Corrections","-14.0","18:01:01","SKYWAVE_PHASE_4_5","268ac900-34c4-4e71-aa11-096744aeafd8"
"ba2a4980-056e-4700-a84d-b785767b02dc","21bfe05e-20db-464b-a514-534e8df15a7c","6f4cb788-6a4e-49fa-af8b-8ad6a3b0de02","bfa3f155-5222-4840-a6d3-fddc7e72ef30","Quality score 2","-14.0","18:01:01","SKYWAVE_PHASE_4_5","9e7f2497-e0c8-4116-a741-6749180dd73d"
"3f2f66c7-2d1b-4a9c-a08d-a4e71f68910c","459df7af-8bce-4ef4-aefb-decb4eaf7411","1ffdfd0c-70cf-4803-a2e6-ddee39a8c748","ac0c4c75-904b-4cbd-a97e-fce7a397945a","Intent: Booking Confirmation Queries","-2.0","17:56:32","SKYWAVE_PHASE_4_5","828bc764-1cae-43d8-ace0-1649f8f9a7b4"
"3f2f66c7-2d1b-4a9c-a08d-a4e71f68910c","459df7af-8bce-4ef4-aefb-decb4eaf7411","6f4cb788-6a4e-49fa-af8b-8ad6a3b0de02","977bd81d-f2eb-40c7-a021-c4702b7cdf22","Quality score 5","-2.0","17:56:32","SKYWAVE_PHASE_4_5","aa988c64-c761-470f-a467-efc0424bf02d"
"6896c024-b6c6-45ba-a576-6e8bc1c61b5e","7e773e2a-cb45-404f-ab4f-78c85ce176c1","1ffdfd0c-70cf-4803-a2e6-ddee39a8c748","bed60ad3-4558-43b9-a5ea-06d58fe3bdcc","Intent: Seat Change Requests","-2.0","11:00:13","SKYWAVE_PHASE_4_5","3de67911-cb5c-46bc-aaf8-a1345fcbd52f"
"6896c024-b6c6-45ba-a576-6e8bc1c61b5e","7e773e2a-cb45-404f-ab4f-78c85ce176c1","6f4cb788-6a4e-49fa-af8b-8ad6a3b0de02","a07613f1-f4c8-413f-a7ac-d8af0a446e4e","Quality score 1","-2.0","11:00:13","SKYWAVE_PHASE_4_5","7803f465-025f-4a3d-aa69-987c68ee4b5b"
"f9802691-a225-46fe-a83f-37b74c74c5a3","796f2c32-5eda-4e61-aab1-5c17671f23b8","1ffdfd0c-70cf-4803-a2e6-ddee39a8c748","560e4777-8dfc-4ecd-aa43-643d9c351ac5","Intent: Seat Upgrade Requests","-3.0","08:07:55","SKYWAVE_PHASE_4_5","e4b3a12d-0311-4a40-a381-2d161c095f5a"
"f9802691-a225-46fe-a83f-37b74c74c5a3","796f2c32-5eda-4e61-aab1-5c17671f23b8","6f4cb788-6a4e-49fa-af8b-8ad6a3b0de02","bfa3f155-5222-4840-a6d3-fddc7e72ef30","Quality score 2","-3.0","08:07:55","SKYWAVE_PHASE_4_5","4fc7e00a-1808-4090-a400-30d0bf54ef0a"
"dc1aef52-bfcd-47f0-ad6e-51e3fe15dbe6","796f2c32-5eda-4e61-aab1-5c17671f23b8","1ffdfd0c-70cf-4803-a2e6-ddee39a8c748","f8b5e0e4-571a-46fe-aa92-fcd50b885cc5","Intent: Unsupported Requests","-3.0","08:13:32","SKYWAVE_PHASE_4_5","9aac2faf-07ad-4f09-ad33-7bce86a4c672"
"dc1aef52-bfcd-47f0-ad6e-51e3fe15dbe6","796f2c32-5eda-4e61-aab1-5c17671f23b8","6f4cb788-6a4e-49fa-af8b-8ad6a3b0de02","bfa3f155-5222-4840-a6d3-fddc7e72ef30","Quality score 2","-3.0","08:13:32","SKYWAVE_PHASE_4_5","ad17a084-9380-4bce-a06b-6d67c9958551"
"59ba22c7-582a-46f9-a686-64e8fcac5949","0e68250c-e3b9-4a60-a3bd-dbb801bf3b30","1ffdfd0c-70cf-4803-a2e6-ddee39a8c748","560e4777-8dfc-4ecd-aa43-643d9c351ac5","Intent: Seat Upgrade Requests","-1.0","19:53:16","SKYWAVE_PHASE_4_5","27b6eda8-fb27-49e9-a2b8-c3ba26a14ff0"
"59ba22c7-582a-46f9-a686-64e8fcac5949","0e68250c-e3b9-4a60-a3bd-dbb801bf3b30","6f4cb788-6a4e-49fa-af8b-8ad6a3b0de02","a07613f1-f4c8-413f-a7ac-d8af0a446e4e","Quality score 1","-1.0","19:53:16","SKYWAVE_PHASE_4_5","5192e683-79e6-4d80-a482-ebf8ae63eba2"
"db5322dd-7bd3-40b9-a1a0-6bad228e4d12","82ae9220-8bb1-4042-a9ae-32052aaa7d44","1ffdfd0c-70cf-4803-a2e6-ddee39a8c748","560e4777-8dfc-4ecd-aa43-643d9c351ac5","Intent: Seat Upgrade Requests","-9.0","18:50:01","SKYWAVE_PHASE_4_5","42e2a353-d2be-4a67-a438-23a7d04f3b1e"
"db5322dd-7bd3-40b9-a1a0-6bad228e4d12","82ae9220-8bb1-4042-a9ae-32052aaa7d44","6f4cb788-6a4e-49fa-af8b-8ad6a3b0de02","bfa3f155-5222-4840-a6d3-fddc7e72ef30","Quality score 2","-9.0","18:50:01","SKYWAVE_PHASE_4_5","d1e55da7-1b6d-4755-a1ac-be29cdafa316"
"700e4245-0174-4c3b-af3d-81ad56ff2257","82ae9220-8bb1-4042-a9ae-32052aaa7d44","1ffdfd0c-70cf-4803-a2e6-ddee39a8c748","b7100962-8e79-41cb-a1d9-3b96207d2954","Intent: In-Flight Service Complaints","-9.0","18:53:28","SKYWAVE_PHASE_4_5","8bb11eca-5847-46d6-a784-d37e88664a22"
"700e4245-0174-4c3b-af3d-81ad56ff2257","82ae9220-8bb1-4042-a9ae-32052aaa7d44","6f4cb788-6a4e-49fa-af8b-8ad6a3b0de02","af9276e0-232c-453b-ab8e-a994f431cbff","Quality score 3","-9.0","18:53:28","SKYWAVE_PHASE_4_5","1f542ce6-ba97-44ec-afcb-98f94c0c4234"
"60fbfd6a-eb14-4616-aaf7-346e04ba0f1e","eba11486-1105-418c-af42-199e6664852f","1ffdfd0c-70cf-4803-a2e6-ddee39a8c748","560e4777-8dfc-4ecd-aa43-643d9c351ac5","Intent: Seat Upgrade Requests","-12.0","14:59:46","SKYWAVE_PHASE_4_5","e19f0586-3ec5-4475-ac22-44ffe53f0ca4"
"60fbfd6a-eb14-4616-aaf7-346e04ba0f1e","eba11486-1105-418c-af42-199e6664852f","6f4cb788-6a4e-49fa-af8b-8ad6a3b0de02","a07613f1-f4c8-413f-a7ac-d8af0a446e4e","Quality score 1","-12.0","14:59:46","SKYWAVE_PHASE_4_5","7aad334f-c30e-4705-af58-f0004503eade"
"013a9ee2-e0a6-4a58-ae30-72dbfd6c093a","eba11486-1105-418c-af42-199e6664852f","1ffdfd0c-70cf-4803-a2e6-ddee39a8c748","560e4777-8dfc-4ecd-aa43-643d9c351ac5","Intent: Seat Upgrade Requests","-12.0","15:05:01","SKYWAVE_PHASE_4_5","a6c4b105-5609-4a6a-a243-ad67b8674602"
"013a9ee2-e0a6-4a58-ae30-72dbfd6c093a","eba11486-1105-418c-af42-199e6664852f","6f4cb788-6a4e-49fa-af8b-8ad6a3b0de02","bfa3f155-5222-4840-a6d3-fddc7e72ef30","Quality score 2","-12.0","15:05:01","SKYWAVE_PHASE_4_5","80458950-d577-4a62-af90-2bc72ed85c3d"
"8a98cec3-e056-4471-a8d0-3f76af233e8b","84f4fcf7-9e4d-46cc-aaa8-677cdc3d8817","1ffdfd0c-70cf-4803-a2e6-ddee39a8c748","84c29cfb-8468-49f6-aeed-f126d271a498","Intent: Off-Topic General Queries","-8.0","12:28:13","SKYWAVE_PHASE_4_5","496103ce-f5ef-49c9-ac78-c39d389c3c99"
"8a98cec3-e056-4471-a8d0-3f76af233e8b","84f4fcf7-9e4d-46cc-aaa8-677cdc3d8817","6f4cb788-6a4e-49fa-af8b-8ad6a3b0de02","af9276e0-232c-453b-ab8e-a994f431cbff","Quality score 3","-8.0","12:28:13","SKYWAVE_PHASE_4_5","4fa4f7a4-2bca-407f-a811-4177c8976841"
"87a1f3d3-5f76-4201-a642-63ad8ba952e8","2633a09c-03f8-49d5-a70a-004a308af979","1ffdfd0c-70cf-4803-a2e6-ddee39a8c748","8b8f0ad6-2180-4df9-ad17-393b2d1daf41","Intent: Lost Baggage Claims","-12.0","08:44:38","SKYWAVE_PHASE_4_5","a8a5495f-2bd6-4fbc-aff7-4163baf06728"
"87a1f3d3-5f76-4201-a642-63ad8ba952e8","2633a09c-03f8-49d5-a70a-004a308af979","6f4cb788-6a4e-49fa-af8b-8ad6a3b0de02","af9276e0-232c-453b-ab8e-a994f431cbff","Quality score 3","-12.0","08:44:38","SKYWAVE_PHASE_4_5","8014df40-145d-4b32-a3a7-36a69778b778"
"266b0c00-dc5b-4385-a42f-b6fba431e3ed","2633a09c-03f8-49d5-a70a-004a308af979","1ffdfd0c-70cf-4803-a2e6-ddee39a8c748","bed60ad3-4558-43b9-a5ea-06d58fe3bdcc","Intent: Seat Change Requests","-12.0","08:45:43","SKYWAVE_PHASE_4_5","7eb77aae-e358-4632-a61e-79bf137e1f3e"
"266b0c00-dc5b-4385-a42f-b6fba431e3ed","2633a09c-03f8-49d5-a70a-004a308af979","6f4cb788-6a4e-49fa-af8b-8ad6a3b0de02","bfa3f155-5222-4840-a6d3-fddc7e72ef30","Quality score 2","-12.0","08:45:43","SKYWAVE_PHASE_4_5","e7cf0290-1ed5-46ce-a58b-debe4b2f9555"
"6be52f3a-6b46-4dd9-af0d-9471b2d12f26","e9aeb135-a0a5-4477-a7d3-18417f74f5e9","1ffdfd0c-70cf-4803-a2e6-ddee39a8c748","0cc5b3be-ec6a-4ca7-a940-5bbf1f92a89a","Intent: Name Spelling Updates","-2.0","18:43:15","SKYWAVE_PHASE_4_5","39ab2950-f96b-4ac4-a973-a38ab750a464"
"6be52f3a-6b46-4dd9-af0d-9471b2d12f26","e9aeb135-a0a5-4477-a7d3-18417f74f5e9","6f4cb788-6a4e-49fa-af8b-8ad6a3b0de02","40c6f573-42d6-4b9d-a349-a5de3d11ffbe","Quality score 4","-2.0","18:43:15","SKYWAVE_PHASE_4_5","36f0e2d3-a61a-44fa-a98a-0e71f1bb9a46"
"97c508c0-491c-4bfd-a50f-ea3d4401394f","e9aeb135-a0a5-4477-a7d3-18417f74f5e9","1ffdfd0c-70cf-4803-a2e6-ddee39a8c748","ac0c4c75-904b-4cbd-a97e-fce7a397945a","Intent: Booking Confirmation Queries","-2.0","18:45:38","SKYWAVE_PHASE_4_5","26eccb60-1ff7-4082-a32d-793bc3d9c590"
"97c508c0-491c-4bfd-a50f-ea3d4401394f","e9aeb135-a0a5-4477-a7d3-18417f74f5e9","6f4cb788-6a4e-49fa-af8b-8ad6a3b0de02","40c6f573-42d6-4b9d-a349-a5de3d11ffbe","Quality score 4","-2.0","18:45:38","SKYWAVE_PHASE_4_5","0a84ee78-8d2c-4434-a002-043aec381673"
"a5f204bf-b23a-4e24-ad52-0cbd0dfdae5a","72453943-b670-4482-a678-e9bed243d91d","1ffdfd0c-70cf-4803-a2e6-ddee39a8c748","981cada7-964f-4af6-a2c5-41f9a73aa021","Intent: Mileage Balance Inquiries","-8.0","18:09:53","SKYWAVE_PHASE_4_5","2e9c4a84-3e5c-4c0f-abc1-53c69830322a"
"a5f204bf-b23a-4e24-ad52-0cbd0dfdae5a","72453943-b670-4482-a678-e9bed243d91d","6f4cb788-6a4e-49fa-af8b-8ad6a3b0de02","977bd81d-f2eb-40c7-a021-c4702b7cdf22","Quality score 5","-8.0","18:09:53","SKYWAVE_PHASE_4_5","f9e95b05-398b-49e0-a4bb-9a3c76c4e54d"
"9b086d4b-11da-4faa-a8f6-3faf863889f3","7e161f8e-8403-4dff-ae96-00c7a6844469","1ffdfd0c-70cf-4803-a2e6-ddee39a8c748","560e4777-8dfc-4ecd-aa43-643d9c351ac5","Intent: Seat Upgrade Requests","-11.0","15:17:39","SKYWAVE_PHASE_4_5","8615ac91-39b7-4070-ac82-de83bb5eb04d"
"9b086d4b-11da-4faa-a8f6-3faf863889f3","7e161f8e-8403-4dff-ae96-00c7a6844469","6f4cb788-6a4e-49fa-af8b-8ad6a3b0de02","bfa3f155-5222-4840-a6d3-fddc7e72ef30","Quality score 2","-11.0","15:17:39","SKYWAVE_PHASE_4_5","e1fc703e-6f58-4b60-a7ba-8783aae13bde"
"aab4d39d-320e-4dd8-a7db-50c6792dc857","0abbe353-ef6b-4df8-aa7c-21aeafff2ec4","1ffdfd0c-70cf-4803-a2e6-ddee39a8c748","981cada7-964f-4af6-a2c5-41f9a73aa021","Intent: Mileage Balance Inquiries","-10.0","18:49:59","SKYWAVE_PHASE_4_5","c4e1985c-6999-4b7f-a860-9b23635e31e4"
"aab4d39d-320e-4dd8-a7db-50c6792dc857","0abbe353-ef6b-4df8-aa7c-21aeafff2ec4","6f4cb788-6a4e-49fa-af8b-8ad6a3b0de02","977bd81d-f2eb-40c7-a021-c4702b7cdf22","Quality score 5","-10.0","18:49:59","SKYWAVE_PHASE_4_5","a3087843-246a-44a6-a038-7a9e799ddcd2"
"ad9569b2-6092-4802-a51a-9088b0d909b2","f1108bc0-47c8-4d9d-a59c-4835e287b070","1ffdfd0c-70cf-4803-a2e6-ddee39a8c748","ac0c4c75-904b-4cbd-a97e-fce7a397945a","Intent: Booking Confirmation Queries","-4.0","11:57:21","SKYWAVE_PHASE_4_5","9aa6fe5d-1f9f-49ae-a7a9-7ed808e21b34"
"ad9569b2-6092-4802-a51a-9088b0d909b2","f1108bc0-47c8-4d9d-a59c-4835e287b070","6f4cb788-6a4e-49fa-af8b-8ad6a3b0de02","977bd81d-f2eb-40c7-a021-c4702b7cdf22","Quality score 5","-4.0","11:57:21","SKYWAVE_PHASE_4_5","f24c99f3-0a0c-4f42-aa21-a8ca79904b14"
"c48311f9-cad3-4f86-acda-dd138b10aa20","41b7845c-2be4-45aa-ae0f-612d60eb3bff","1ffdfd0c-70cf-4803-a2e6-ddee39a8c748","6bfb174a-8001-4add-abf0-6d381e435574","Intent: Reservation Modifications and Cancellations","-9.0","09:20:38","SKYWAVE_PHASE_4_5","0396d9f3-4c8a-4a78-ad09-a82fe59f381a"
"c48311f9-cad3-4f86-acda-dd138b10aa20","41b7845c-2be4-45aa-ae0f-612d60eb3bff","6f4cb788-6a4e-49fa-af8b-8ad6a3b0de02","977bd81d-f2eb-40c7-a021-c4702b7cdf22","Quality score 5","-9.0","09:20:38","SKYWAVE_PHASE_4_5","a0e3feb9-c4b6-446b-a187-6b8e772d1bd8"
"39d8eec9-d006-4a89-a06b-5640175bb85d","48f793d5-fd4f-45f8-a61c-761305b93c9d","1ffdfd0c-70cf-4803-a2e6-ddee39a8c748","2883b794-f6d9-4a0e-aba0-5b86d2c4611e","Intent: Miles Redemption Requests","-9.0","10:44:17","SKYWAVE_PHASE_4_5","88fb994b-65be-4a82-aa2a-9969cc7c998e"
"39d8eec9-d006-4a89-a06b-5640175bb85d","48f793d5-fd4f-45f8-a61c-761305b93c9d","6f4cb788-6a4e-49fa-af8b-8ad6a3b0de02","977bd81d-f2eb-40c7-a021-c4702b7cdf22","Quality score 5","-9.0","10:44:17","SKYWAVE_PHASE_4_5","9e09943d-6dcd-42a5-a526-9a92d1a71f9e"
"2ebfc18d-eb1b-4699-aaca-55ab27d311eb","48f793d5-fd4f-45f8-a61c-761305b93c9d","1ffdfd0c-70cf-4803-a2e6-ddee39a8c748","981cada7-964f-4af6-a2c5-41f9a73aa021","Intent: Mileage Balance Inquiries","-9.0","10:47:22","SKYWAVE_PHASE_4_5","64766ef9-0097-44ae-aeed-fd8fbadbb0ac"
"2ebfc18d-eb1b-4699-aaca-55ab27d311eb","48f793d5-fd4f-45f8-a61c-761305b93c9d","6f4cb788-6a4e-49fa-af8b-8ad6a3b0de02","40c6f573-42d6-4b9d-a349-a5de3d11ffbe","Quality score 4","-9.0","10:47:22","SKYWAVE_PHASE_4_5","386f99e3-a46d-41a5-a8f1-1f4d90818bd1"
"8ec5b58f-d00e-4346-a026-7866c6c9c8f7","fdd90d86-ef56-4e98-adde-7bbd464fedf9","1ffdfd0c-70cf-4803-a2e6-ddee39a8c748","ac0c4c75-904b-4cbd-a97e-fce7a397945a","Intent: Booking Confirmation Queries","-8.0","11:22:04","SKYWAVE_PHASE_4_5","64fb38db-dbd1-4dff-a92b-134e5b98cd8b"
"8ec5b58f-d00e-4346-a026-7866c6c9c8f7","fdd90d86-ef56-4e98-adde-7bbd464fedf9","6f4cb788-6a4e-49fa-af8b-8ad6a3b0de02","977bd81d-f2eb-40c7-a021-c4702b7cdf22","Quality score 5","-8.0","11:22:04","SKYWAVE_PHASE_4_5","7b0510ee-3c58-48c7-a87f-9b6f1580a455"
"5111c0c7-2d29-45df-a473-cdf65c29ffdb","95205238-9f1b-442b-a27e-d0f74827a250","1ffdfd0c-70cf-4803-a2e6-ddee39a8c748","2176793d-4536-4299-a815-665cd12e3689","Intent: Seat Assignment Corrections","-10.0","09:21:00","SKYWAVE_PHASE_4_5","6651811a-814f-452f-ac64-1caa9b7f4c99"
"5111c0c7-2d29-45df-a473-cdf65c29ffdb","95205238-9f1b-442b-a27e-d0f74827a250","6f4cb788-6a4e-49fa-af8b-8ad6a3b0de02","a07613f1-f4c8-413f-a7ac-d8af0a446e4e","Quality score 1","-10.0","09:21:00","SKYWAVE_PHASE_4_5","c140ced2-e234-4bcf-ac83-c35a71c6d692"
"01e529cc-a269-4e6f-adc1-4ffb9fc6ab09","95205238-9f1b-442b-a27e-d0f74827a250","1ffdfd0c-70cf-4803-a2e6-ddee39a8c748","f8b5e0e4-571a-46fe-aa92-fcd50b885cc5","Intent: Unsupported Requests","-10.0","09:25:18","SKYWAVE_PHASE_4_5","d0004514-9f08-4635-a611-dc1635f6f55c"
"01e529cc-a269-4e6f-adc1-4ffb9fc6ab09","95205238-9f1b-442b-a27e-d0f74827a250","6f4cb788-6a4e-49fa-af8b-8ad6a3b0de02","af9276e0-232c-453b-ab8e-a994f431cbff","Quality score 3","-10.0","09:25:18","SKYWAVE_PHASE_4_5","391acfbf-eba1-4c77-a4c8-1851225761fc"
"429dc372-c500-440d-aab7-4078620d50a6","a306547c-2949-435b-a8cf-b5552b219209","1ffdfd0c-70cf-4803-a2e6-ddee39a8c748","981cada7-964f-4af6-a2c5-41f9a73aa021","Intent: Mileage Balance Inquiries","-11.0","09:57:10","SKYWAVE_PHASE_4_5","6cc8bc1a-c2f9-4a9c-a18c-24d9550b6b2f"
"429dc372-c500-440d-aab7-4078620d50a6","a306547c-2949-435b-a8cf-b5552b219209","6f4cb788-6a4e-49fa-af8b-8ad6a3b0de02","40c6f573-42d6-4b9d-a349-a5de3d11ffbe","Quality score 4","-11.0","09:57:10","SKYWAVE_PHASE_4_5","63a9246a-6200-4f23-adfd-8797588a7d4c"
"37329a83-16de-47a8-a153-4882feceeab1","1d6560ba-c0f2-485a-a202-fcfa3e87f0ce","1ffdfd0c-70cf-4803-a2e6-ddee39a8c748","8b8f0ad6-2180-4df9-ad17-393b2d1daf41","Intent: Lost Baggage Claims","-1.0","09:21:06","SKYWAVE_PHASE_4_5","ac3387ad-29df-47ac-a11e-2bc93ea95929"
"37329a83-16de-47a8-a153-4882feceeab1","1d6560ba-c0f2-485a-a202-fcfa3e87f0ce","6f4cb788-6a4e-49fa-af8b-8ad6a3b0de02","40c6f573-42d6-4b9d-a349-a5de3d11ffbe","Quality score 4","-1.0","09:21:06","SKYWAVE_PHASE_4_5","39c53029-eecd-40bf-a495-f763cf3a83d3"
"abcf1ff3-31ef-4c2e-a5b5-cb473f99461a","1d6560ba-c0f2-485a-a202-fcfa3e87f0ce","1ffdfd0c-70cf-4803-a2e6-ddee39a8c748","0cc5b3be-ec6a-4ca7-a940-5bbf1f92a89a","Intent: Name Spelling Updates","-1.0","09:22:35","SKYWAVE_PHASE_4_5","bdb3f35e-6464-45ef-a84c-cfdd0b2b9437"
"abcf1ff3-31ef-4c2e-a5b5-cb473f99461a","1d6560ba-c0f2-485a-a202-fcfa3e87f0ce","6f4cb788-6a4e-49fa-af8b-8ad6a3b0de02","40c6f573-42d6-4b9d-a349-a5de3d11ffbe","Quality score 4","-1.0","09:22:35","SKYWAVE_PHASE_4_5","95a5db4a-1d10-46db-a31f-7be008c24841"
"d2da083b-513f-4815-a406-fbf130056e00","5220d083-ee96-4229-a35b-7452a073c163","1ffdfd0c-70cf-4803-a2e6-ddee39a8c748","2d33fe06-0fb9-4956-a183-1d3bb672ddb7","Intent: Flight Search and Booking","-1.0","19:04:48","SKYWAVE_PHASE_4_5","a7c6ed92-ab77-46b5-a4b5-00187e583a9b"
"d2da083b-513f-4815-a406-fbf130056e00","5220d083-ee96-4229-a35b-7452a073c163","6f4cb788-6a4e-49fa-af8b-8ad6a3b0de02","977bd81d-f2eb-40c7-a021-c4702b7cdf22","Quality score 5","-1.0","19:04:48","SKYWAVE_PHASE_4_5","062437c9-9f26-4071-a87a-98b7075d3b0d"
"884414ae-4ea3-4393-affc-24f812b6ff14","183462a1-030e-4089-a9ac-ae54ca149d2c","1ffdfd0c-70cf-4803-a2e6-ddee39a8c748","bed60ad3-4558-43b9-a5ea-06d58fe3bdcc","Intent: Seat Change Requests","-12.0","18:27:59","SKYWAVE_PHASE_4_5","cf529419-182f-47fc-aca0-d6ba8a4d89bb"
"884414ae-4ea3-4393-affc-24f812b6ff14","183462a1-030e-4089-a9ac-ae54ca149d2c","6f4cb788-6a4e-49fa-af8b-8ad6a3b0de02","bfa3f155-5222-4840-a6d3-fddc7e72ef30","Quality score 2","-12.0","18:27:59","SKYWAVE_PHASE_4_5","ae198bd3-153a-4607-a060-375953f79f9f"
"4d4b79ab-2797-47d7-af97-4be0b9045abb","20d342d0-b525-4d0e-a10d-b29c77eb5a55","1ffdfd0c-70cf-4803-a2e6-ddee39a8c748","33d24820-e5ef-443f-a050-6eb5489180c6","Intent: Tier Status and Benefits","-6.0","08:55:47","SKYWAVE_PHASE_4_5","2ddbf4db-1bbb-4bc3-a3a0-c45b71677507"
"4d4b79ab-2797-47d7-af97-4be0b9045abb","20d342d0-b525-4d0e-a10d-b29c77eb5a55","6f4cb788-6a4e-49fa-af8b-8ad6a3b0de02","40c6f573-42d6-4b9d-a349-a5de3d11ffbe","Quality score 4","-6.0","08:55:47","SKYWAVE_PHASE_4_5","986d5ab5-9613-494b-a617-88e2fb9a1c8e"
"c09f2882-8cf0-495d-afb3-f062cd9f6623","20d342d0-b525-4d0e-a10d-b29c77eb5a55","1ffdfd0c-70cf-4803-a2e6-ddee39a8c748","560e4777-8dfc-4ecd-aa43-643d9c351ac5","Intent: Seat Upgrade Requests","-6.0","08:57:24","SKYWAVE_PHASE_4_5","d8bfdc4d-21bf-4a8a-a56f-515e314c4088"
"c09f2882-8cf0-495d-afb3-f062cd9f6623","20d342d0-b525-4d0e-a10d-b29c77eb5a55","6f4cb788-6a4e-49fa-af8b-8ad6a3b0de02","bfa3f155-5222-4840-a6d3-fddc7e72ef30","Quality score 2","-6.0","08:57:24","SKYWAVE_PHASE_4_5","0002e6e5-65c4-4b52-a36e-20357261043d"
"90d3d77b-7a8c-49ba-a35c-fcc2e8ff3b33","2e24334d-9069-4096-a2bf-e47ff28d00ca","1ffdfd0c-70cf-4803-a2e6-ddee39a8c748","8b8f0ad6-2180-4df9-ad17-393b2d1daf41","Intent: Lost Baggage Claims","-7.0","10:40:28","SKYWAVE_PHASE_4_5","741de147-6ed5-46b8-a27f-d778a9649eaa"
"90d3d77b-7a8c-49ba-a35c-fcc2e8ff3b33","2e24334d-9069-4096-a2bf-e47ff28d00ca","6f4cb788-6a4e-49fa-af8b-8ad6a3b0de02","af9276e0-232c-453b-ab8e-a994f431cbff","Quality score 3","-7.0","10:40:28","SKYWAVE_PHASE_4_5","d5a29234-3c6f-406d-a66f-20c683ed753b"
"ea06fdc6-1102-4193-a605-886a0c2fddbd","2e24334d-9069-4096-a2bf-e47ff28d00ca","1ffdfd0c-70cf-4803-a2e6-ddee39a8c748","560e4777-8dfc-4ecd-aa43-643d9c351ac5","Intent: Seat Upgrade Requests","-7.0","10:42:17","SKYWAVE_PHASE_4_5","56eb7659-bce0-4ba6-a375-625e454429b1"
"ea06fdc6-1102-4193-a605-886a0c2fddbd","2e24334d-9069-4096-a2bf-e47ff28d00ca","6f4cb788-6a4e-49fa-af8b-8ad6a3b0de02","bfa3f155-5222-4840-a6d3-fddc7e72ef30","Quality score 2","-7.0","10:42:17","SKYWAVE_PHASE_4_5","968ca808-3563-4765-acf9-550072e31bd2"
"1792154a-4d57-4aed-a046-aa2e0eac8aa8","b5c5b2aa-e0b5-4077-aa71-b7edeb7619d8","1ffdfd0c-70cf-4803-a2e6-ddee39a8c748","2d33fe06-0fb9-4956-a183-1d3bb672ddb7","Intent: Flight Search and Booking","-8.0","16:09:41","SKYWAVE_PHASE_4_5","ce23a3a1-8f5d-4494-a820-42942ae98c93"
"1792154a-4d57-4aed-a046-aa2e0eac8aa8","b5c5b2aa-e0b5-4077-aa71-b7edeb7619d8","6f4cb788-6a4e-49fa-af8b-8ad6a3b0de02","977bd81d-f2eb-40c7-a021-c4702b7cdf22","Quality score 5","-8.0","16:09:41","SKYWAVE_PHASE_4_5","82fc3ff5-2106-49ae-a0d4-db707a4a87cc"
"9966b775-6b6b-4f31-adec-7e581426af94","b5c5b2aa-e0b5-4077-aa71-b7edeb7619d8","1ffdfd0c-70cf-4803-a2e6-ddee39a8c748","2d33fe06-0fb9-4956-a183-1d3bb672ddb7","Intent: Flight Search and Booking","-8.0","16:16:02","SKYWAVE_PHASE_4_5","30158ea3-324b-41cd-a7a5-71dfeb57fe03"
"9966b775-6b6b-4f31-adec-7e581426af94","b5c5b2aa-e0b5-4077-aa71-b7edeb7619d8","6f4cb788-6a4e-49fa-af8b-8ad6a3b0de02","40c6f573-42d6-4b9d-a349-a5de3d11ffbe","Quality score 4","-8.0","16:16:02","SKYWAVE_PHASE_4_5","c380617e-b6c7-4bb5-a094-47eb8eb3817b"
"1f2cad00-a9b4-4bce-acf9-498e0c13996d","6cfdaf02-b1b7-4ada-a365-de99ebcdcd8b","1ffdfd0c-70cf-4803-a2e6-ddee39a8c748","560e4777-8dfc-4ecd-aa43-643d9c351ac5","Intent: Seat Upgrade Requests","-6.0","19:35:10","SKYWAVE_PHASE_4_5","d78e613d-b17f-4152-a6b7-3feaf83fca34"
"1f2cad00-a9b4-4bce-acf9-498e0c13996d","6cfdaf02-b1b7-4ada-a365-de99ebcdcd8b","6f4cb788-6a4e-49fa-af8b-8ad6a3b0de02","bfa3f155-5222-4840-a6d3-fddc7e72ef30","Quality score 2","-6.0","19:35:10","SKYWAVE_PHASE_4_5","af21d3d6-e2ae-4c8a-a547-789dca709512"
"cffc8ea0-20d9-4408-a372-b01826bedf95","51c6acfd-5450-4e6f-a48f-60ac26a76878","1ffdfd0c-70cf-4803-a2e6-ddee39a8c748","ac0c4c75-904b-4cbd-a97e-fce7a397945a","Intent: Booking Confirmation Queries","-9.0","15:53:40","SKYWAVE_PHASE_4_5","e0164db3-c74d-4aad-a583-e44ca415665a"
"cffc8ea0-20d9-4408-a372-b01826bedf95","51c6acfd-5450-4e6f-a48f-60ac26a76878","6f4cb788-6a4e-49fa-af8b-8ad6a3b0de02","40c6f573-42d6-4b9d-a349-a5de3d11ffbe","Quality score 4","-9.0","15:53:40","SKYWAVE_PHASE_4_5","54a64064-073d-4f9f-afa1-b2ea58e8b2a0"
"7675c562-9736-4c1b-a0cb-f1330328b9ce","c0a9863a-c3ca-4367-ae4a-6cc75f46844b","1ffdfd0c-70cf-4803-a2e6-ddee39a8c748","8b8f0ad6-2180-4df9-ad17-393b2d1daf41","Intent: Lost Baggage Claims","-8.0","11:19:37","SKYWAVE_PHASE_4_5","4ec7f3ae-6f6c-43a4-abde-aedec3f6717f"
"7675c562-9736-4c1b-a0cb-f1330328b9ce","c0a9863a-c3ca-4367-ae4a-6cc75f46844b","6f4cb788-6a4e-49fa-af8b-8ad6a3b0de02","40c6f573-42d6-4b9d-a349-a5de3d11ffbe","Quality score 4","-8.0","11:19:37","SKYWAVE_PHASE_4_5","0fcac7ff-97da-4091-a9ba-375b4df87c26"
"48ccbbf2-26e6-44e2-ad40-58462fa77643","c0a9863a-c3ca-4367-ae4a-6cc75f46844b","1ffdfd0c-70cf-4803-a2e6-ddee39a8c748","981cada7-964f-4af6-a2c5-41f9a73aa021","Intent: Mileage Balance Inquiries","-8.0","11:22:33","SKYWAVE_PHASE_4_5","0170df59-4f97-43ba-a2de-86ee9a6b1a18"
"48ccbbf2-26e6-44e2-ad40-58462fa77643","c0a9863a-c3ca-4367-ae4a-6cc75f46844b","6f4cb788-6a4e-49fa-af8b-8ad6a3b0de02","40c6f573-42d6-4b9d-a349-a5de3d11ffbe","Quality score 4","-8.0","11:22:33","SKYWAVE_PHASE_4_5","5e9e1cc6-3c0e-4104-ad3d-6816d71225ed"
"aca5f855-ed12-482e-ae76-b328d3e9c0e7","c0a9863a-c3ca-4367-ae4a-6cc75f46844b","1ffdfd0c-70cf-4803-a2e6-ddee39a8c748","acf92f95-57da-46f9-aff0-c1b33d6cc9d4","Intent: Passenger Name Corrections","-8.0","11:25:17","SKYWAVE_PHASE_4_5","83c7e810-ff3b-4fa9-ae91-aa1a88e26eed"
"aca5f855-ed12-482e-ae76-b328d3e9c0e7","c0a9863a-c3ca-4367-ae4a-6cc75f46844b","6f4cb788-6a4e-49fa-af8b-8ad6a3b0de02","977bd81d-f2eb-40c7-a021-c4702b7cdf22","Quality score 5","-8.0","11:25:17","SKYWAVE_PHASE_4_5","a07e1ab4-5189-4b15-a71e-ae9a9b99dbdc"
"00278cc9-2113-4c04-af75-466acc1c3014","d406c0c5-b9c3-42d7-a982-27f97e8f8981","1ffdfd0c-70cf-4803-a2e6-ddee39a8c748","6bfb174a-8001-4add-abf0-6d381e435574","Intent: Reservation Modifications and Cancellations","-7.0","15:42:51","SKYWAVE_PHASE_4_5","3e572d8b-a020-4bb3-ac7a-fc6e4f382959"
"00278cc9-2113-4c04-af75-466acc1c3014","d406c0c5-b9c3-42d7-a982-27f97e8f8981","6f4cb788-6a4e-49fa-af8b-8ad6a3b0de02","977bd81d-f2eb-40c7-a021-c4702b7cdf22","Quality score 5","-7.0","15:42:51","SKYWAVE_PHASE_4_5","64563b86-7ec2-4318-a728-2c350c728325"
"15b9c4db-79ad-465e-a8f2-db44f0cf55ea","22c9eaf1-7169-4021-a628-0b9fcc03bfc5","1ffdfd0c-70cf-4803-a2e6-ddee39a8c748","981cada7-964f-4af6-a2c5-41f9a73aa021","Intent: Mileage Balance Inquiries","-7.0","19:35:10","SKYWAVE_PHASE_4_5","b5f5f3c3-5df3-473e-ac6c-b3d8cf5a43aa"
"15b9c4db-79ad-465e-a8f2-db44f0cf55ea","22c9eaf1-7169-4021-a628-0b9fcc03bfc5","6f4cb788-6a4e-49fa-af8b-8ad6a3b0de02","977bd81d-f2eb-40c7-a021-c4702b7cdf22","Quality score 5","-7.0","19:35:10","SKYWAVE_PHASE_4_5","a0afb9bc-22c3-43c4-a690-f50df26d453c"
"885f6c40-845d-4c2f-ae2f-7c7a4cba34c3","22c9eaf1-7169-4021-a628-0b9fcc03bfc5","1ffdfd0c-70cf-4803-a2e6-ddee39a8c748","6bfb174a-8001-4add-abf0-6d381e435574","Intent: Reservation Modifications and Cancellations","-7.0","19:37:15","SKYWAVE_PHASE_4_5","f38c8d73-d242-4f24-ac19-f69a40f4ce88"
"885f6c40-845d-4c2f-ae2f-7c7a4cba34c3","22c9eaf1-7169-4021-a628-0b9fcc03bfc5","6f4cb788-6a4e-49fa-af8b-8ad6a3b0de02","977bd81d-f2eb-40c7-a021-c4702b7cdf22","Quality score 5","-7.0","19:37:15","SKYWAVE_PHASE_4_5","49ad23c4-2685-4ea8-a590-61778318f120"
"f53e26bf-175a-4a11-a76e-ef13ff5cec17","03b36bf4-723a-40bd-a27b-2edf20077787","1ffdfd0c-70cf-4803-a2e6-ddee39a8c748","acf92f95-57da-46f9-aff0-c1b33d6cc9d4","Intent: Passenger Name Corrections","-14.0","14:40:59","SKYWAVE_PHASE_4_5","6dcdff00-c8fe-489a-a38f-011245a6bf3f"
"f53e26bf-175a-4a11-a76e-ef13ff5cec17","03b36bf4-723a-40bd-a27b-2edf20077787","6f4cb788-6a4e-49fa-af8b-8ad6a3b0de02","40c6f573-42d6-4b9d-a349-a5de3d11ffbe","Quality score 4","-14.0","14:40:59","SKYWAVE_PHASE_4_5","3bbb6a77-d3d8-4ffc-aa56-96e452936f48"
"7cb2ef87-3097-4412-a6d6-2bf0d3da5b78","03b36bf4-723a-40bd-a27b-2edf20077787","1ffdfd0c-70cf-4803-a2e6-ddee39a8c748","2176793d-4536-4299-a815-665cd12e3689","Intent: Seat Assignment Corrections","-14.0","14:42:16","SKYWAVE_PHASE_4_5","60c219f6-a529-4d37-aa66-7a595a1867f9"
"7cb2ef87-3097-4412-a6d6-2bf0d3da5b78","03b36bf4-723a-40bd-a27b-2edf20077787","6f4cb788-6a4e-49fa-af8b-8ad6a3b0de02","bfa3f155-5222-4840-a6d3-fddc7e72ef30","Quality score 2","-14.0","14:42:16","SKYWAVE_PHASE_4_5","7638625c-5c8f-4277-ac79-c2c8757c0f56"
"2b2c29aa-bcdd-4512-affb-7efe675b69f5","8dfc1584-23be-4122-acc1-3819c2b16c86","1ffdfd0c-70cf-4803-a2e6-ddee39a8c748","bed60ad3-4558-43b9-a5ea-06d58fe3bdcc","Intent: Seat Change Requests","-3.0","11:35:49","SKYWAVE_PHASE_4_5","f2a3c398-d869-4ca4-a954-a540396b5908"
"2b2c29aa-bcdd-4512-affb-7efe675b69f5","8dfc1584-23be-4122-acc1-3819c2b16c86","6f4cb788-6a4e-49fa-af8b-8ad6a3b0de02","bfa3f155-5222-4840-a6d3-fddc7e72ef30","Quality score 2","-3.0","11:35:49","SKYWAVE_PHASE_4_5","41a23d54-083b-4e7c-a79e-de0a8ae2ec18"
"84c6f625-c295-41e4-a5cd-c17f623903bd","8dfc1584-23be-4122-acc1-3819c2b16c86","1ffdfd0c-70cf-4803-a2e6-ddee39a8c748","6bfb174a-8001-4add-abf0-6d381e435574","Intent: Reservation Modifications and Cancellations","-3.0","11:37:06","SKYWAVE_PHASE_4_5","2aa4e662-27a0-4510-ab32-ad56cb525a50"
"84c6f625-c295-41e4-a5cd-c17f623903bd","8dfc1584-23be-4122-acc1-3819c2b16c86","6f4cb788-6a4e-49fa-af8b-8ad6a3b0de02","40c6f573-42d6-4b9d-a349-a5de3d11ffbe","Quality score 4","-3.0","11:37:06","SKYWAVE_PHASE_4_5","904c8144-a113-498c-a9e0-ad3c4b8c69f1"
"f21070e2-18e2-4b93-a80d-6993aa61ce34","0babac34-9cfa-4d90-acc6-56fc5a85cf2f","1ffdfd0c-70cf-4803-a2e6-ddee39a8c748","560e4777-8dfc-4ecd-aa43-643d9c351ac5","Intent: Seat Upgrade Requests","-7.0","16:20:01","SKYWAVE_PHASE_4_5","9f75b2ac-293a-481d-a9c3-c29c1bbcd580"
"f21070e2-18e2-4b93-a80d-6993aa61ce34","0babac34-9cfa-4d90-acc6-56fc5a85cf2f","6f4cb788-6a4e-49fa-af8b-8ad6a3b0de02","a07613f1-f4c8-413f-a7ac-d8af0a446e4e","Quality score 1","-7.0","16:20:01","SKYWAVE_PHASE_4_5","d08e051e-8998-40be-a0f0-b561fe6f92c5"
"a8567303-3d75-49c7-ae50-b941bfe695cc","0babac34-9cfa-4d90-acc6-56fc5a85cf2f","1ffdfd0c-70cf-4803-a2e6-ddee39a8c748","bed60ad3-4558-43b9-a5ea-06d58fe3bdcc","Intent: Seat Change Requests","-7.0","16:23:50","SKYWAVE_PHASE_4_5","9d96bff4-6d0e-4c82-a1d9-2f36fcd9380d"
"a8567303-3d75-49c7-ae50-b941bfe695cc","0babac34-9cfa-4d90-acc6-56fc5a85cf2f","6f4cb788-6a4e-49fa-af8b-8ad6a3b0de02","a07613f1-f4c8-413f-a7ac-d8af0a446e4e","Quality score 1","-7.0","16:23:50","SKYWAVE_PHASE_4_5","54d7b38d-e984-4c30-a239-246247fb912b"
"b1508458-21e4-4e9f-aba4-75b37a901ac4","0babac34-9cfa-4d90-acc6-56fc5a85cf2f","1ffdfd0c-70cf-4803-a2e6-ddee39a8c748","bf97a1fb-438c-420f-a37b-d4e6cf4aea0e","Intent: Refund Requests for Service Issues","-7.0","16:28:54","SKYWAVE_PHASE_4_5","245932b3-6247-492c-a7d4-cc9c17b242bf"
"b1508458-21e4-4e9f-aba4-75b37a901ac4","0babac34-9cfa-4d90-acc6-56fc5a85cf2f","6f4cb788-6a4e-49fa-af8b-8ad6a3b0de02","40c6f573-42d6-4b9d-a349-a5de3d11ffbe","Quality score 4","-7.0","16:28:54","SKYWAVE_PHASE_4_5","87c2e60d-f241-4f94-a791-9189c22886a6"
"eb7bcc1a-7077-483a-ae9a-d6cf45768f3d","f3c8055d-ba6b-4909-a4c8-a874aaa406b0","1ffdfd0c-70cf-4803-a2e6-ddee39a8c748","84c29cfb-8468-49f6-aeed-f126d271a498","Intent: Off-Topic General Queries","-10.0","12:11:01","SKYWAVE_PHASE_4_5","508bad0e-5430-4138-a519-8f4e377e3e4e"
"eb7bcc1a-7077-483a-ae9a-d6cf45768f3d","f3c8055d-ba6b-4909-a4c8-a874aaa406b0","6f4cb788-6a4e-49fa-af8b-8ad6a3b0de02","bfa3f155-5222-4840-a6d3-fddc7e72ef30","Quality score 2","-10.0","12:11:01","SKYWAVE_PHASE_4_5","1d455e17-c23a-41ed-a48c-b511c589c3a9"
"b099543d-1189-4164-a219-bb1395c62f57","f3c8055d-ba6b-4909-a4c8-a874aaa406b0","1ffdfd0c-70cf-4803-a2e6-ddee39a8c748","981cada7-964f-4af6-a2c5-41f9a73aa021","Intent: Mileage Balance Inquiries","-10.0","12:12:34","SKYWAVE_PHASE_4_5","35e27c44-0b6d-4246-a01d-6168ebc50aa2"
"b099543d-1189-4164-a219-bb1395c62f57","f3c8055d-ba6b-4909-a4c8-a874aaa406b0","6f4cb788-6a4e-49fa-af8b-8ad6a3b0de02","40c6f573-42d6-4b9d-a349-a5de3d11ffbe","Quality score 4","-10.0","12:12:34","SKYWAVE_PHASE_4_5","d3f17651-d2c8-497e-ad9c-d516f73f57db"
"96f477a4-b8a0-45d2-a72d-a0def6bf37cb","1553f4a9-45fd-4033-a3c4-06d6994fb6ed","1ffdfd0c-70cf-4803-a2e6-ddee39a8c748","2d33fe06-0fb9-4956-a183-1d3bb672ddb7","Intent: Flight Search and Booking","-1.0","16:42:53","SKYWAVE_PHASE_4_5","dd5f89c9-c750-4e95-a1db-a849c82e2877"
"96f477a4-b8a0-45d2-a72d-a0def6bf37cb","1553f4a9-45fd-4033-a3c4-06d6994fb6ed","6f4cb788-6a4e-49fa-af8b-8ad6a3b0de02","40c6f573-42d6-4b9d-a349-a5de3d11ffbe","Quality score 4","-1.0","16:42:53","SKYWAVE_PHASE_4_5","e3c75bdb-7eda-4921-af95-3964b093563c"
"24f1f329-58d2-4a42-ad14-818966fb3685","9b1ae7e9-04eb-4ed3-ad83-f9b6da5b90c6","1ffdfd0c-70cf-4803-a2e6-ddee39a8c748","2883b794-f6d9-4a0e-aba0-5b86d2c4611e","Intent: Miles Redemption Requests","-10.0","12:52:37","SKYWAVE_PHASE_4_5","02c40a32-c048-4349-a1aa-2bca702eba29"
"24f1f329-58d2-4a42-ad14-818966fb3685","9b1ae7e9-04eb-4ed3-ad83-f9b6da5b90c6","6f4cb788-6a4e-49fa-af8b-8ad6a3b0de02","40c6f573-42d6-4b9d-a349-a5de3d11ffbe","Quality score 4","-10.0","12:52:37","SKYWAVE_PHASE_4_5","7c84737b-1088-4f29-aa6e-83102478f351"
"d73e8a28-8e98-4d87-a636-39fe106f989c","e68773ce-4fb5-4661-a263-564d8aaa3d9e","1ffdfd0c-70cf-4803-a2e6-ddee39a8c748","bed60ad3-4558-43b9-a5ea-06d58fe3bdcc","Intent: Seat Change Requests","-6.0","17:50:45","SKYWAVE_PHASE_4_5","cb26a263-89c6-47ff-a98b-a394b138559a"
"d73e8a28-8e98-4d87-a636-39fe106f989c","e68773ce-4fb5-4661-a263-564d8aaa3d9e","6f4cb788-6a4e-49fa-af8b-8ad6a3b0de02","a07613f1-f4c8-413f-a7ac-d8af0a446e4e","Quality score 1","-6.0","17:50:45","SKYWAVE_PHASE_4_5","15802580-7099-4b56-ac3a-8e63de3bd453"
"b502a599-df24-47a0-aac8-3551db7d61e7","bdfdbeed-6de0-4ddc-aafe-4a4f2d8aa63e","1ffdfd0c-70cf-4803-a2e6-ddee39a8c748","560e4777-8dfc-4ecd-aa43-643d9c351ac5","Intent: Seat Upgrade Requests","-3.0","12:13:44","SKYWAVE_PHASE_4_5","1eaade43-9bc0-4945-a6d5-60ab5e018f61"
"b502a599-df24-47a0-aac8-3551db7d61e7","bdfdbeed-6de0-4ddc-aafe-4a4f2d8aa63e","6f4cb788-6a4e-49fa-af8b-8ad6a3b0de02","bfa3f155-5222-4840-a6d3-fddc7e72ef30","Quality score 2","-3.0","12:13:44","SKYWAVE_PHASE_4_5","43db1080-4ac5-42f2-a1db-82852c775c51"
"fa96b669-0ac5-48f0-a65b-67fd65d413b4","5453c639-d287-422b-a7c7-a5c65faac08b","1ffdfd0c-70cf-4803-a2e6-ddee39a8c748","2d33fe06-0fb9-4956-a183-1d3bb672ddb7","Intent: Flight Search and Booking","-3.0","14:53:35","SKYWAVE_PHASE_4_5","81bd6012-b853-4b7e-a206-d0e828915e03"
"fa96b669-0ac5-48f0-a65b-67fd65d413b4","5453c639-d287-422b-a7c7-a5c65faac08b","6f4cb788-6a4e-49fa-af8b-8ad6a3b0de02","977bd81d-f2eb-40c7-a021-c4702b7cdf22","Quality score 5","-3.0","14:53:35","SKYWAVE_PHASE_4_5","8fa8fedb-a9df-41cb-a2e2-27d44a21b1a5"
"f0d5fe36-d5cf-459e-a926-80169c3c0afd","1f700f7f-c8a2-4e23-a319-5a57f5f32d92","1ffdfd0c-70cf-4803-a2e6-ddee39a8c748","b7100962-8e79-41cb-a1d9-3b96207d2954","Intent: In-Flight Service Complaints","-14.0","17:49:01","SKYWAVE_PHASE_4_5","c46f890d-3b0f-4265-aee5-ae3d3427a4c3"
"f0d5fe36-d5cf-459e-a926-80169c3c0afd","1f700f7f-c8a2-4e23-a319-5a57f5f32d92","6f4cb788-6a4e-49fa-af8b-8ad6a3b0de02","af9276e0-232c-453b-ab8e-a994f431cbff","Quality score 3","-14.0","17:49:01","SKYWAVE_PHASE_4_5","af616b92-7d1e-484c-a6c2-69d8c014123d"
"7df804c3-ce7a-48f6-a2af-d6ed7864e942","98bf763a-1e0c-4e61-a9ac-5cf30fe2daad","1ffdfd0c-70cf-4803-a2e6-ddee39a8c748","2d33fe06-0fb9-4956-a183-1d3bb672ddb7","Intent: Flight Search and Booking","-14.0","10:22:39","SKYWAVE_PHASE_4_5","9cdc6c39-fbfa-4d40-a7c0-def70c8b87ef"
"7df804c3-ce7a-48f6-a2af-d6ed7864e942","98bf763a-1e0c-4e61-a9ac-5cf30fe2daad","6f4cb788-6a4e-49fa-af8b-8ad6a3b0de02","40c6f573-42d6-4b9d-a349-a5de3d11ffbe","Quality score 4","-14.0","10:22:39","SKYWAVE_PHASE_4_5","9a0f8140-8ad6-4b9b-a780-53dd9805de43"
"6fcf8aa5-2ffb-4fc0-af5d-6bae79de6466","a58e0850-4f18-479a-a2f8-a82137419625","1ffdfd0c-70cf-4803-a2e6-ddee39a8c748","981cada7-964f-4af6-a2c5-41f9a73aa021","Intent: Mileage Balance Inquiries","-9.0","09:21:35","SKYWAVE_PHASE_4_5","f7940d54-0d80-4187-a971-89fbfe30cd64"
"6fcf8aa5-2ffb-4fc0-af5d-6bae79de6466","a58e0850-4f18-479a-a2f8-a82137419625","6f4cb788-6a4e-49fa-af8b-8ad6a3b0de02","40c6f573-42d6-4b9d-a349-a5de3d11ffbe","Quality score 4","-9.0","09:21:35","SKYWAVE_PHASE_4_5","6eb51e95-6a4a-483f-a06c-06e2b1e9fb24"
"41905496-d500-4487-a349-c97961bd1f02","a58e0850-4f18-479a-a2f8-a82137419625","1ffdfd0c-70cf-4803-a2e6-ddee39a8c748","8b8f0ad6-2180-4df9-ad17-393b2d1daf41","Intent: Lost Baggage Claims","-9.0","09:24:53","SKYWAVE_PHASE_4_5","df67c706-1409-4bcc-ad47-949fac6afa90"
"41905496-d500-4487-a349-c97961bd1f02","a58e0850-4f18-479a-a2f8-a82137419625","6f4cb788-6a4e-49fa-af8b-8ad6a3b0de02","af9276e0-232c-453b-ab8e-a994f431cbff","Quality score 3","-9.0","09:24:53","SKYWAVE_PHASE_4_5","ae15e856-9d88-4a09-a031-a5e479e878fc"
"7a053293-5c38-4233-a165-21691485ec85","a58e0850-4f18-479a-a2f8-a82137419625","1ffdfd0c-70cf-4803-a2e6-ddee39a8c748","ac0c4c75-904b-4cbd-a97e-fce7a397945a","Intent: Booking Confirmation Queries","-9.0","09:26:57","SKYWAVE_PHASE_4_5","31876ec1-199c-4ecf-a0da-fd164381826a"
"7a053293-5c38-4233-a165-21691485ec85","a58e0850-4f18-479a-a2f8-a82137419625","6f4cb788-6a4e-49fa-af8b-8ad6a3b0de02","977bd81d-f2eb-40c7-a021-c4702b7cdf22","Quality score 5","-9.0","09:26:57","SKYWAVE_PHASE_4_5","b128707a-d8a6-4d07-ae85-03258c03a3b7"
"7a83f8e2-57d1-4200-a817-3ab16ce563ab","bc7f3478-bdad-4d59-ae53-70c9c3e4e53d","1ffdfd0c-70cf-4803-a2e6-ddee39a8c748","f8b5e0e4-571a-46fe-aa92-fcd50b885cc5","Intent: Unsupported Requests","-5.0","13:26:41","SKYWAVE_PHASE_4_5","8830acc7-54d5-49aa-ac82-0a304221e9bf"
"7a83f8e2-57d1-4200-a817-3ab16ce563ab","bc7f3478-bdad-4d59-ae53-70c9c3e4e53d","6f4cb788-6a4e-49fa-af8b-8ad6a3b0de02","bfa3f155-5222-4840-a6d3-fddc7e72ef30","Quality score 2","-5.0","13:26:41","SKYWAVE_PHASE_4_5","1da2f85a-7b7e-4f74-a198-991541053ec9"
"3023e5e8-f182-4a8f-a1b1-b099d029c113","c7c6ac4a-5b4e-4474-aed5-583f03b4653e","1ffdfd0c-70cf-4803-a2e6-ddee39a8c748","bf97a1fb-438c-420f-a37b-d4e6cf4aea0e","Intent: Refund Requests for Service Issues","-14.0","12:57:00","SKYWAVE_PHASE_4_5","61070fcb-4246-45a5-a5b6-9bf7f7948fce"
"3023e5e8-f182-4a8f-a1b1-b099d029c113","c7c6ac4a-5b4e-4474-aed5-583f03b4653e","6f4cb788-6a4e-49fa-af8b-8ad6a3b0de02","af9276e0-232c-453b-ab8e-a994f431cbff","Quality score 3","-14.0","12:57:00","SKYWAVE_PHASE_4_5","c50ad721-5b6f-422e-afee-515c1ed44f1f"
"deb26ad1-7af6-4a2d-af7f-80f1f7dcbde4","c7c6ac4a-5b4e-4474-aed5-583f03b4653e","1ffdfd0c-70cf-4803-a2e6-ddee39a8c748","560e4777-8dfc-4ecd-aa43-643d9c351ac5","Intent: Seat Upgrade Requests","-14.0","12:58:34","SKYWAVE_PHASE_4_5","9a4ef4a5-a03a-4ad4-a734-254a8a7ccdbf"
"deb26ad1-7af6-4a2d-af7f-80f1f7dcbde4","c7c6ac4a-5b4e-4474-aed5-583f03b4653e","6f4cb788-6a4e-49fa-af8b-8ad6a3b0de02","bfa3f155-5222-4840-a6d3-fddc7e72ef30","Quality score 2","-14.0","12:58:34","SKYWAVE_PHASE_4_5","de304019-5c55-44e8-a350-c0ee00a4e705"
"f5bb25e6-2087-4fa5-ac2d-14487ac7e82e","43fe0c2b-657e-42be-a0e5-d96d6fce0408","1ffdfd0c-70cf-4803-a2e6-ddee39a8c748","8b8f0ad6-2180-4df9-ad17-393b2d1daf41","Intent: Lost Baggage Claims","-14.0","18:45:02","SKYWAVE_PHASE_4_5","bf152ff0-7088-4999-a920-7bb4fabca92f"
"f5bb25e6-2087-4fa5-ac2d-14487ac7e82e","43fe0c2b-657e-42be-a0e5-d96d6fce0408","6f4cb788-6a4e-49fa-af8b-8ad6a3b0de02","af9276e0-232c-453b-ab8e-a994f431cbff","Quality score 3","-14.0","18:45:02","SKYWAVE_PHASE_4_5","f4a4cb5a-24a4-4557-a31f-3027b97fe3e8"
